code,n_rows,last_price,prev_close,gap_pct,rvol,avg_vol_20d,avg_dollar_vol_20d,adr_pct,sma50,sma200,perf_4w,perf_13w,perf_26w,perf_ytd,perf_52w,consecutive_up_days
HK.00001,492,67.3499984741211,67.4000015258789,-0.07418850241214509,0.695329622051908,5482394.25,369239244.37203026,1.613879852263951,69.4533920288086,64.14349081039428,-1.6790752617321423,5.235307220266808,17.68452207129955,29.01710981881744,38.095620242241864,0
HK.00002,492,75.9000015258789,75.6500015258789,0.33046925969258334,0.7329914175065823,3129719.6,237545722.41557312,1.3484339803320395,77.38694427490235,73.73414489746094,-1.620220317922748,2.2301025983455935,5.855618361722021,12.36802634746041,22.246798481432943,1
HK.00003,492,7.070000171661377,7.054999828338623,0.21262003809695806,0.41468191922908826,21687344.1,153329526.50987935,1.4826171508618726,7.039558687210083,6.912096214294434,-1.532028681158045,10.73992074184995,4.5803831738245195,4.4332887643000145,9.19421930393446,2
HK.00004,492,18.520000457763672,18.610000610351562,-0.4836117659116531,0.5543103026771131,1218254.1,22562066.48967247,2.718318304017279,19.460847358703614,21.699093465805053,-2.7821459345037476,-1.905444938047202,-14.885937081708086,-14.580867736012701,-16.010794419895944,0
HK.00005,492,152.8000030517578,149.89999389648438,1.9346292684148347,0.7900382168915461,9849546.95,1505010804.0184317,1.4038683792036801,161.35126403808593,141.62649013519288,-8.830550425288656,1.0170603906213196,23.720311742685894,27.59783425573183,48.60687468668927,2
HK.00006,492,59.349998474121094,59.099998474121094,0.42301185525321267,0.3955955382721559,2906159.3,172480550.0205528,1.5474140482139984,59.29874725341797,58.256864395141605,-0.7048326458048424,6.318693821900484,1.7792308757114554,12.575394582892255,22.94125060993558,1
HK.00008,492,5.139999866485596,5.159999847412109,-0.3875965410453306,0.6316211026833183,7711848.1,39638898.20435719,1.5100318018949894,5.38475830078125,5.4943422198295595,-3.3834642738285696,-3.6256257664921487,-5.392474674969218,-0.9524109685811244,3.337797829183231,0
HK.00010,492,12.130000114440918,11.930000305175781,1.676444292950836,0.6570069439858067,707617.9,8583405.207980443,1.7353600265143,12.621580410003663,14.1584050989151,-3.8064992490476306,-5.618314780862386,-15.418231723974296,-16.08161374307788,-12.477755991457805,1
HK.00012,492,25.559999465942383,25.5,0.235292023303462,0.4836121864667446,7747022.4,198013888.4066437,1.9659866293922776,26.894302673339844,28.449615697860718,-3.7650603166701484,1.6888136470372195,-11.300512910530799,-7.6863786718131415,-2.5727968536674894,1
HK.00013,492,22.959999084472656,22.100000381469727,3.891396778997416,0.2810784742081766,4980948.9,114362582.1838051,3.7461862636563135,20.445199966430664,20.770649971961976,2.5915993988186883,24.64711720615881,6.691443290325222,9.646602191483407,-8.452953930153472,1
HK.00014,492,15.3100004196167,15.319999694824219,-0.06526942171479112,0.3915460410148267,1152544.8,17645461.371627044,1.7421318763150544,16.50975524902344,18.057582025527953,-6.1887211647916525,-10.058252015967733,-15.664386294822325,-14.071690838984116,2.2904532430071436,0
HK.00016,492,104.4000015258789,105.0,-0.5714271182105655,1.020685384580905,5774495.65,602857354.6711812,2.4451777033600823,115.78999938964844,121.765795211792,-12.416103860128104,-9.296261590001635,-20.061258310256267,8.839137340409989,17.015203175335056,0
HK.00017,492,5.5,5.699999809265137,-3.5087687010102084,1.474113742186048,8419326.25,46306294.375,4.790401909841317,6.471499996185303,7.943074977397918,-16.030536796321236,-16.4133728910101,-33.73494128181409,-25.57510014387061,-29.936304881300046,0
HK.00018,492,0.21299999952316284,0.2199999988079071,-3.1818178739429483,0.22448979591836735,94900.0,20213.699954748154,1.0528636261143014,0.21567945092916488,0.25926474943757055,-0.9302344278363113,-14.157156757155388,-21.687233861175105,-26.822494717046773,-37.12918406066765,0
HK.00019,492,100.0999984741211,100.5999984741211,-0.49701790018279457,0.5103581735129027,1114065.8,111517984.88007051,2.4011351941975363,101.66841171264649,84.33187320709229,-4.860499533051465,22.01183319698768,21.72340913685371,64.04951503684308,56.553617195866956,0
HK.00020,492,1.2200000286102295,1.2000000476837158,1.6666650109821552,0.2328416802181866,299616778.0,365532477.7321048,3.6813509105681668,1.3766000032424928,1.827250000834465,-12.857139329520963,-8.955224013376348,-34.05405335743294,-45.04504446452745,-55.31135457558437,2
HK.00021,492,0.07999999821186066,0.0820000022649765,-2.439029265698055,0.0584643367545797,3781000.0,302479.99323904514,13.299009173906514,0.08266000032424926,0.08283999996259808,3.8961021368168507,8.108104298461395,17.647049800335406,-22.330098913329206,-21.56862773743102,0
HK.00022,492,2.694999933242798,2.549999952316284,5.686273868154523,0.5812319538140219,400682.0,1079837.9632515907,11.808040451161347,2.1104000115394594,5.771649994254112,56.68604002410246,29.5673092353274,-78.86274562162512,-66.72839745281843,-59.47368579558056,1
HK.00023,492,18.790000915527344,18.75,0.21333821614583334,0.7876844055166177,2732769.0,51348732.01192474,2.777623416274859,17.660204067230225,14.467666912078858,3.185073367462411,52.14287330371774,43.20660344890871,45.05884630078202,65.01207728558263,2
HK.00025,492,4.639999866485596,4.639999866485596,0.0,0.0,2079.95,9650.967722296715,0.12698313564629587,4.673198728561402,4.226113394498825,0.07333662839093205,-6.66236881389527,16.392236988968808,16.953162774972505,27.485755303955628,0
HK.00026,492,57.900001525878906,57.900001525878906,0.0,0.0,1653.4,95731.86252288819,0.20377461664078667,58.31731315612793,57.40054410934448,-0.5154625998760813,1.0389852630740881,3.514411205588882,2.3360909708200506,4.0719190898582704,0
HK.00027,492,30.520000457763672,30.639999389648438,-0.3916414304019426,1.1412852269446045,14657269.2,447339862.69356537,2.61768386809434,32.98463432312012,33.863177614212034,-9.436202472353916,3.0455861318346886,-8.036426638951045,-16.937661991147294,-23.069781708599923,0
HK.00028,492,3.244999885559082,3.2049999237060547,1.248048761473104,0.06559258803755176,274271.25,890010.1748621464,1.8410746645315834,3.403999981880188,3.9530307948589325,-1.963747986227329,-6.752877362827448,-21.232376629461516,-26.19816078257132,-32.90742087763034,1
HK.00029,492,9.125,8.930000305175781,2.183647123855057,0.2869701902540619,62593.65,571167.05625,2.0178528468280015,9.289399967193603,10.854318408966064,-1.987115051325807,-11.148981565021272,-18.52678432680512,-29.617256257169664,-27.34686947646346,2
HK.00030,492,0.2240000069141388,0.22100000083446503,1.3574688092064093,0.0,1157900.0,259369.6080058813,1.2435649885476565,0.23888000190258027,0.2495049998909235,-8.571427528781744,-13.846148026765237,-19.999997871262696,-8.196719509400037,-13.846148026765237,2
HK.00031,492,0.4449999928474426,0.4399999976158142,1.136362558800321,4.0255662203301315,2711909.5,1206799.7081029117,2.749015897325266,0.4842999976873398,0.5663750007748604,-11.000001430511475,-30.468749563442532,-11.000001430511475,-37.323942775173876,-44.37500172294674,1
HK.00032,492,6.849999904632568,6.860000133514404,-0.14577592838489906,0.3161605341651458,26110.45,178856.58000991345,1.0223602583135327,7.345908708572388,7.731006271839142,-8.544724780279287,-8.184879995060752,-17.56594470330091,-11.786439475438016,-15.607665722609266,0
HK.00033,492,0.4000000059604645,0.4000000059604645,0.0,,0.0,0.0,0.0,0.4000000059604645,0.4000000059604645,0.0,0.0,0.0,0.0,-2.439022085483674,0
HK.00034,492,4.75,4.699999809265137,1.0638338885950083,0.8947266661455998,199572.8,947970.7999999999,2.154375914137801,4.643400011062622,4.652586266994477,6.026785262879366,0.6355976936840391,8.52895164867179,14.107541691781508,40.64974817390607,4
HK.00035,492,0.6349999904632568,0.625,1.5999984741210938,0.5595644436045921,1887223.85,1198387.1267520308,3.286812057462269,0.6689000046253204,0.7448750028014183,-3.0534323358943007,-9.285714103251085,-23.49397551426781,-14.189191583824265,-18.589741826292496,2
HK.00036,492,0.2750000059604645,0.2750000059604645,0.0,,0.0,0.0,0.0,0.2750000059604645,0.26034000545740127,0.0,0.0,0.0,74.05062867336005,0.0,0
HK.00037,492,0.45500001311302185,0.4699999988079071,-3.191486326155476,2.1374705797588742,364504.0,165849.32477974892,1.5732751108359109,0.4865000015497208,0.5064749942719936,-8.080806317177142,-17.27272668160684,-14.15093628780453,1.111116703645831,0.0,0
HK.00038,492,8.675000190734863,8.600000381469727,0.8720907667252843,0.1789591805464577,2376947.2,20620017.4133667,3.706742008885542,8.832237758636474,8.419146859645844,-9.17423049088507,18.318973562664763,5.214202649718389,7.093038314464935,29.35311617766279,2
HK.00039,492,0.04500000178813934,0.04500000178813934,0.0,,0.0,0.0,0.0,0.04500000178813934,0.057145001273602246,0.0,0.0,-2.1739093463565164,-44.44444240038942,-48.86363405457212,0
HK.00040,492,0.6700000166893005,0.6700000166893005,0.0,0.0,36134.15,24209.88110305369,0.9569202454097163,0.6790385377407074,0.6951322305202484,-1.1799346493945646,-5.983696263556302,-3.297511303945212,-8.524674343906831,3.516856534926136,0
HK.00041,492,13.550000190734863,13.649999618530273,-0.7325965610992252,0.8568895909855215,286586.9,3883252.5496621137,1.7488453343814374,14.749946842193603,15.37211911201477,-7.215721640732546,-7.401044603858741,-13.095209405839883,-4.542496888505189,3.8237544124276295,0
HK.00042,492,0.2199999988079071,0.20900000631809235,5.263154142241062,0.6914893617021277,107600.0,23671.999871730804,3.7992980494842414,0.23349999904632568,0.3191649992018938,0.4566219366461133,-24.137929262644278,-49.42528790756046,-22.80701699349358,-21.428572188834753,1
HK.00045,492,5.099999904632568,5.375,-5.1162808440452405,8.916945989756695,276625.8,1410791.553618908,2.4291443851914893,5.559699993133545,5.916075000762939,-10.917030749542215,-5.204464755619189,-17.874398175456722,-13.265309432438906,-15.562914952934435,0
HK.00046,492,1.190000057220459,1.190000057220459,0.0,0.0,11500.0,13685.000658035278,0.683259727302727,1.2249526739120484,1.2475452739000321,-5.555550299414001,1.3918773097062103,-1.331159591974751,-19.716667612995252,-26.139334441563992,0
HK.00048,492,0.36500000953674316,0.36500000953674316,0.0,0.0,54200.0,19783.00051689148,0.8101036622173412,0.3705000042915344,0.3096450014412403,-3.9473647060816504,5.797104579113893,46.000003814697266,157.0422518214308,114.70588570441338,0
HK.00050,492,4.695000171661377,4.704999923706055,-0.21253458462972913,0.6728625462782006,133520.7,626879.7094203472,1.1231713747430336,4.794479742050171,4.785223240852356,-4.163909687494343,-0.1707497842941832,-2.2604675771763416,2.6163598099735834,-1.2830627475974532,0
HK.00051,492,5.0,4.949999809265137,1.010104902252232,1.8871103622577927,48212.5,241062.5,1.5283145180081887,4.5134000396728515,4.552850029468536,13.636361173361838,12.359555377726839,7.526879515147885,16.009282282622824,17.647058823529413,5
HK.00052,492,4.304999828338623,4.34499979019165,-0.9205975554549569,0.2989338027701199,87196.0,375378.7650318146,2.7868070432542265,4.39670699596405,4.179470423460007,-4.309731913237467,0.9000745777994643,7.087350979583723,-2.980696270239536,-13.943057510404627,0
HK.00053,492,71.0,71.5,-0.6993006993006993,0.40807443277653843,7501.6,532613.6,0.6104466497213997,71.18999984741211,70.31819164276124,-1.3888888888888888,5.970149253731343,4.335043080010538,3.8264946941573363,-3.044295388158315,0
HK.00055,492,0.10400000214576721,0.11999999731779099,-13.333329608042952,14.081408140814082,34625.0,3601.0000742971897,4.323052983427848,0.13792000070214272,0.14974999960511923,-23.529414342761314,-24.637677716597832,-20.61068372330204,-31.57894375664364,-42.5414334621145,0
HK.00057,492,1.5299999713897705,1.4950000047683716,2.3411348835963155,2.3802163833075736,71200.0,108935.99796295166,1.28592542712468,1.5092366695404054,1.5604311788082124,1.9999980926513672,0.8909515825120683,-2.2229613623391824,-1.0007550729074612,-15.683012162549941,2
HK.00058,492,0.20900000631809235,0.20900000631809235,0.0,0.0,68079.0,14228.511430129409,1.6585998742311863,0.24283999800682068,0.24770999945700167,-11.81434461204513,-12.552295907392836,-40.28571146361677,0.0,26.666665462532475,0
HK.00059,492,0.009999999776482582,0.009999999776482582,0.0,,0.0,0.0,0.0,0.009999999776482582,0.009999999776482582,0.0,0.0,0.0,0.0,0.0,0
HK.00060,492,0.5400000214576721,0.5400000214576721,0.0,0.0,3900.0,2106.0000836849213,0.37037055433531607,0.5379999935626983,0.4943499960005283,-9.243698236624217,11.340207325840764,0.0,20.00000794728618,17.39130688299524,0
HK.00061,492,0.18799999356269836,0.20000000298023224,-6.000004619359902,1.5313056294623204,42182.25,7930.262728460133,0.8157638058239439,0.18569999754428865,0.2595049998909235,3.2967018571514073,-7.843138687155083,-34.72222164733172,-40.50633388917177,-37.33333796924996,0
HK.00062,492,8.529999732971191,8.595000267028809,-0.7562598259242069,0.8998340445708867,83455.5,711875.3927149773,1.6749192572134486,9.033599967956542,9.735470361709595,-4.479289569259607,-13.04791673694465,-14.872972150360528,-15.673797185196092,-15.275272978757041,0
HK.00063,492,0.03799999877810478,0.03799999877810478,0.0,0.005752085130859937,173900.0,6608.199787512422,2.0935757176583665,0.034660000242292884,0.04741499994881451,-2.564107707501292,-2.564107707501292,-25.49019708100856,-30.909092756342304,-37.70492073589995,0
HK.00064,492,3.859999895095825,3.8499999046325684,0.2597400184666031,0.5713668265762929,214231.85,826934.9185261846,0.44933268763221546,3.8069999837875366,3.329855754375458,1.4454619546300416,13.529405494874913,24.516129478827736,28.66666316986084,33.49540492529211,2
HK.00065,492,0.35499998927116394,0.3499999940395355,1.4285700905079517,0.2810460748358104,1140170.8,404760.6217672944,5.692041357194731,0.28277999758720396,0.2854049988090992,26.78570991420018,82.05128322691611,7.575750049918888,0.0,-12.345681919446163,1
HK.00066,492,31.1200008392334,30.600000381469727,1.699347880003837,0.9718758353979216,4956072.9,154232992.8073019,1.6991443851494221,32.51665897369385,31.97914288520813,-6.038641778837621,-1.0794904514052566,0.9505255374309107,7.159781987249859,22.191238917699934,1
HK.00068,118,7.150000095367432,7.184999942779541,-0.48712383703331763,0.08126813963558527,9295965.0,66466150.63653231,8.269964355231359,8.721100072860718,,-42.662390198400196,-29.556646659236463,,-61.55914006060651,,0
HK.00069,492,3.805000066757202,3.865000009536743,-1.5523917886544216,0.06624236879921674,3380275.9,12861950.02515776,3.258309101985325,3.9887615633010864,4.285322881937027,-5.622258805323744,-5.274436160290485,-16.013965214211836,-17.763684911153724,-12.085885575946566,0
HK.00070,492,0.057999998331069946,0.052000001072883606,11.538456027677187,3.1201248049921997,18525.0,1074.4499690830708,0.3267455062750978,0.05704000011086464,0.05294000012800097,-14.705889442593609,11.538456027677187,15.999994933605269,15.999994933605269,-14.705889442593609,1
HK.00071,492,9.765000343322754,9.8100004196167,-0.4587163544250243,2.0026527446355864,70913.9,692474.2578463554,0.758879599525029,9.84276092529297,10.03392689704895,-1.735704149504103,-1.4449821362415853,-4.256375563429767,-0.2631895515111727,4.39456860670827,0
HK.00072,492,0.25,0.25,0.0,0.0,98200.0,24550.0,4.292498929525436,0.2414599984884262,0.24520499855279923,16.27906783327278,-9.090911061310528,0.0,4.166668994973155,-19.35483932991305,0
HK.00073,492,1.850000023841858,1.850000023841858,0.0,0.0,387.0,715.950009226799,0.13513500451867638,1.904400005340576,1.8883999967575074,-7.4999988079071045,-6.091370711960225,2.7777818250068513,11.445786809692923,-2.6315764707211,0
HK.00075,492,0.1469999998807907,0.1469999998807907,0.0,0.0,12204.65,1794.0835485450923,0.27175160826184547,0.14198000162839888,0.1470900008827448,8.088229332364467,4.255317125238445,3.5211232872716067,4.255317125238445,3.5211232872716067,0
HK.00076,492,0.15299999713897705,0.15000000596046448,1.9999940395357594,0.14512015845462786,225357.4,34479.681555247305,3.33555268362013,0.15100000083446502,0.15582000017166137,-6.134972521984926,15.037590699613993,-9.467457186494999,9.28571177684532,-41.1538450957755,1
HK.00077,492,0.5149999856948853,0.5149999856948853,0.0,0.0,10700.0,5510.499846935272,0.3970130875863181,0.48430941939353944,0.4155589485168457,7.2916660845900445,18.519322238492215,33.50452495329803,26.248838736393232,38.27255209506074,0
HK.00078,492,0.4449999928474426,0.4449999928474426,0.0,2.841207311960163,86954.25,38694.64062805474,2.8487681172699526,0.4348999965190887,0.495499999076128,1.136362558800321,18.66666475931803,-14.423075159625828,-17.592597191716237,-27.049183211189415,0
HK.00079,492,0.12300000339746475,0.11299999803304672,8.849562423437865,3.3628115309521074,243075.0,29898.225825838745,7.433502319958827,0.12106000050902367,0.0990200000628829,25.510210830909298,51.85185559928607,44.7058848278745,13.888889080519043,23.000001564621904,1
HK.00081,492,3.0999999046325684,3.075000047683716,0.8130034654043017,0.26894867234627506,6494481.4,20132891.720637992,4.3596340642021465,2.711133999824524,2.528038501739502,11.496092079869644,36.08366088701355,33.54441190085436,61.62297417232867,22.632228433630942,1
HK.00082,492,0.0820000022649765,0.07900000363588333,3.7974664443312918,0.17446011926587798,2599150.0,213130.30588701367,5.809735863180352,0.07605999991297722,0.08252500031143427,10.810812443516545,0.0,3.7974664443312918,0.0,-10.86956292869689,1
HK.00083,492,10.029999732971191,10.010000228881836,0.199795241079525,0.8136348758971855,9352878.35,93809367.35301204,1.8962713009976047,10.354600067138671,11.175085797309876,-5.108798272884034,-2.4319066779561425,-12.248473620518064,-2.3051949861500476,8.124142912555723,1
HK.00084,492,0.06800000369548798,0.06800000369548798,0.0,0.5285412262156448,97100.0,6602.8003588318825,0.07462701504839318,0.06788000300526618,0.06702500097453594,0.0,1.492540300967864,-2.85713799145759,-2.85713799145759,-4.225350043480957,0
HK.00085,492,0.7850000262260437,0.7850000262260437,0.0,0.24154417771968087,574405.0,450907.94006437063,2.724795843056031,0.8585000026226044,1.093612751364708,-3.0864168005624912,-21.10701880224368,-30.547207289093958,-39.80757880407981,-49.21264476101577,0
HK.00086,492,3.9600000381469727,3.9600000381469727,0.0,0.15387154803170314,210814.6,834825.8240419388,1.2072800657051839,3.974802303314209,3.9734843015670775,-1.123597378479155,1.7049591614283186,0.41218738859299925,2.6003353370410296,9.49339513863376,0
HK.00087,492,14.90999984741211,14.970000267028809,-0.4008043991077889,0.47728004536451013,915465.15,13649585.246811105,2.4160169656550288,14.945432929992675,13.11481628894806,-1.2771988210550138,20.565514597091823,19.562311858345332,35.44248276351987,34.17773860060184,0
HK.00088,492,2.9749999046325684,2.9700000286102295,0.16834599239645429,2.092729902566658,94839.9,282148.6934553623,1.3867645644306144,3.2113174533843996,3.5487995100021363,-9.021409113597631,-10.349778045173803,-24.245559645192944,-12.925928743041885,-3.7002096622120813,1
HK.00089,492,1.8799999952316284,1.8650000095367432,0.8042887730928847,21.171233224335317,14196.15,26688.76193230748,0.45273975698275815,1.9234031248092651,2.1063769245147705,-0.5291000285156192,-5.45340431000233,-12.50314854962547,-11.310007921629964,-3.4069385676139907,1
HK.00090,492,0.9100000262260437,0.9100000262260437,0.0,0.0,22500.0,20475.000590085983,0.930114996609692,0.931000006198883,1.0079089018702507,-1.086955465418649,-15.740741660565469,13.675630953123752,-17.847869204601345,-27.044000963745894,0
HK.00092,492,0.11699999868869781,0.11699999868869781,0.0,0.0,1354000.4,158418.0450244963,5.075607265301043,0.17096000045537948,0.18688000030815602,-37.765956013355876,-36.75675828061544,-43.75000179100492,-35.71428512946776,-17.605637423908323,0
HK.00093,492,0.38999998569488525,0.44999998807907104,-13.333334216365131,9.23076923076923,20900.0,8150.999701023102,9.263310002431338,0.36320000112056733,0.42357499957084654,14.705876939024536,-11.36363913451346,0.0,-22.00000286102295,-18.750001164153243,0
HK.00094,492,0.05700000002980232,0.052000001072883606,9.615382411070875,1.9494364910143163,1080900.0,61611.30003221333,3.925604405927585,0.050280000194907186,0.06565173964947463,16.326533715360597,0.0,-28.74999837018546,-27.328164315787685,-4.550423555042692,1
HK.00095,492,0.18199999630451202,0.18199999630451202,0.0,0.0,227100.0,41332.19916075468,2.6819612341341714,0.19062000006437302,0.22996999949216843,-12.918664687735482,11.656437735773162,-26.31578915616532,-33.81818459644784,-26.612903516541913,0
HK.00096,492,0.5049999952316284,0.5049999952316284,0.0,0.0,144300.0,72871.49931192398,0.33980551061738146,0.5109999930858612,0.5318997819721699,-2.884612739438744,0.9999990463256836,-3.538425946377232,-6.983473841725228,-13.18457939807386,0
HK.00097,492,0.12999999523162842,0.12999999523162842,0.0,1.7944792884539118,189448.55,24628.310596638916,4.178552847522862,0.14169999957084656,0.16458500020205974,-5.7971025447188715,-16.129035979478314,-30.48128836550842,-28.57142974106448,-49.01960875977925,0
HK.00098,492,5.125,5.25,-2.380952380952381,2.062780269058296,9550.0,48943.75,0.7864131713547516,5.900099992752075,6.675432353019715,-7.574392615241521,-22.348483726450656,-25.253072906444913,-24.220656640784796,-27.905066733351276,0
HK.00099,492,1.3250000476837158,1.3300000429153442,-0.3759394789693757,9.301075268817204,48050.0,63666.252291202545,1.8029011079335269,1.2008520340919495,1.2504029417037963,8.16326709351701,17.568773554280583,3.24559906687111,9.853318141853212,-7.218479997963214,0
HK.00100,182,249.1999969482422,244.1999969482422,2.0475020730896007,0.1928549949945811,10445379.8,2602988614.283231,8.450988687518683,290.5839990234375,,-28.96237011977541,-25.611941209479944,-74.72616663810932,-27.76811682659647,,2
HK.00101,492,6.53000020980835,6.474999904632568,0.8494255750711446,0.37616614179214086,8666714.9,56593650.11534915,1.9827597214524566,7.009873533248902,7.971476182937622,-7.637905922796222,-7.170032868460541,-20.731587596427183,-20.458884249998256,-20.00016941191865,1
HK.00103,492,1.7699999809265137,1.840000033378601,-3.804350607730891,0.7768753468193512,168830.0,298829.0967798233,3.1603915139706693,1.912399981021881,2.2539172941446304,-15.513128555865114,-0.5282685262619191,-17.770032450403672,-40.69954225356051,-54.87379902741751,0
HK.00104,492,0.22100000083446503,0.2280000001192093,-3.0701751232826004,0.12269727881975033,195753.5,43261.52366334945,0.8487509025031456,0.22163148254156112,0.20662092514336108,-1.7777748049040583,6.77137769589277,14.051239878386843,12.516912367950006,7.687871239770655,0
HK.00105,492,5.010000228881836,5.010000228881836,0.0,0.0,8600.0,43086.00196838379,0.0,5.042486553192139,5.054733138084412,9.517708219616548e-06,-0.3831275224252714,-3.7037030248000224,0.9708808773648686,0.8278032729998481,0
HK.00106,492,0.01899999938905239,0.01899999938905239,0.0,,0.0,0.0,0.0,0.01899999938905239,0.01899999938905239,0.0,0.0,0.0,0.0,0.0,0
HK.00107,492,4.894999980926514,4.880000114440918,0.3073743060211829,0.25859773407677555,1248479.25,6111305.904937148,1.9604511177885025,4.73749997138977,5.024835796356201,1.8730521499104629,6.1822090923637685,-7.289041673767496,-0.1574246394945605,15.373641890725477,1
HK.00108,492,2.490000009536743,2.259999990463257,10.1769920373469,1.7407678627471492,973700.0,2424513.009285927,7.535670236313841,1.850899999141693,2.3468249928951264,38.33333752773437,25.125628020293135,-10.431653411422566,5.508479670319623,27.040814340536656,3
HK.00110,492,0.39500001072883606,0.4050000011920929,-2.4691334404499927,0.9573958831977023,109050.0,43074.75116997957,4.388104785067955,0.6599000024795533,0.4176500002294779,-43.16546549727212,-10.227269802458014,88.99521473107363,79.54546039508396,132.35294504355392,0
HK.00111,492,0.7149999737739563,0.6949999928474426,2.8776951269557505,3.3108910891089107,260400.0,186185.99317073822,4.1704458908236255,0.6284000015258789,0.6823711276054383,3.6231849629747175,11.71874839928929,14.800987335409804,42.43826357892537,87.60161870531725,2
HK.00113,492,5.894999980926514,5.894999980926514,0.0,0.0,49556.15,292133.50330479146,1.1462602419338883,6.086409111022949,5.8087118935585025,-3.042762254950401,-0.986616982886054,6.405002761533869,9.83743714829298,22.198294224945403,0
HK.00114,492,0.6899999976158142,0.7049999833106995,-2.127657595741337,0.0,46500.0,32084.99988913536,0.7373952923626038,0.6560328459739685,0.6133581978082657,6.799335380209756,9.22659414759218,24.29233935929788,14.427863106216568,32.40133473249593,0
HK.00115,492,7.5,7.5,0.0,0.0,21040.35,157802.625,2.9445357153247946,5.247499976158142,6.9953750026226045,62.33766635888994,15.384615384615385,-12.790701542756654,0.0,114.28571428571428,0
HK.00116,492,13.0,12.930000305175781,0.5413742704723558,1.1055464615655295,831483.1,10809280.299999999,2.3061334375942426,13.06180471420288,11.997583699226379,-7.4733108646309905,26.881093094866355,14.312606742315518,15.534704133343178,-2.097428783115539,1
HK.00117,492,3.575000047683716,3.805000066757202,-6.044678450413354,0.33887887921599,4740660.0,16947859.726052284,10.787313501247645,3.08800000667572,2.0674250108003616,36.97318740897731,-25.52083529945869,816.666712516395,921.4286024473157,660.6383099470704,0
HK.00118,492,0.19499999284744263,0.1899999976158142,2.6315764707211,0.02582829318405871,1532389.25,298815.892789498,5.642197201252016,0.19611999809741973,0.21025999903678894,-2.0100543151066925,-1.01523049978798,2.6315764707211,-22.00000286102295,-12.946434451590052,1
HK.00119,492,1.2649999856948853,1.25,1.1999988555908203,0.21789580443155315,14295696.35,18084055.678248424,3.756722575779288,1.382699999809265,1.791712082028389,-2.3166001840886064,-16.776315686280046,-27.808646317513297,-35.42683166525025,-23.053525770779814,1
HK.00120,492,0.04500000178813934,0.04600000008940697,-2.1739093463565164,0.8475006343567623,338460.0,15230.700605213642,12.353174362742283,0.05226000040769577,0.07116000007838011,-16.66666551688574,-11.764700726241704,-46.42856857758392,-50.549447580374775,-61.864405495447194,0
HK.00122,492,1.4299999475479126,1.4199999570846558,0.7042247017941755,0.0,1467.1,2097.9529230475423,0.530332064411142,1.4271000051498413,1.445425010919571,2.1428551357619274,0.7042247017941755,0.7042247017941755,-2.72109389685753,-26.288664671652157,2
HK.00123,492,3.309999942779541,3.2899999618530273,0.6079021628696032,0.26204204007262494,7187714.4,23791334.252715684,3.7137677410730574,3.4387999963760376,3.9348499858379364,1.5337408730844513,-8.563534601649962,-13.350785323975591,-17.661692575016747,-33.44528419039386,1
HK.00124,492,0.19499999284744263,0.19499999284744263,0.0,0.2234089763102645,599010.5,116807.04321554303,2.4238064824448533,0.19863999962806703,0.21751999944448472,-2.0100543151066925,-1.5151545939038447,-10.55045984437719,-14.847165493335797,-31.578949019519264,0
HK.00125,492,0.2849999964237213,0.2849999964237213,0.0,0.0,20400.0,5813.999927043915,0.6065755560239984,0.29749999701976776,0.3227499984204769,-3.389827426361236,-3.389827426361236,-20.83333747254461,-18.57142820650217,-25.974025069249763,0
HK.00126,492,0.0820000022649765,0.0820000022649765,0.0,0.0,227700.0,18671.40051573515,2.704476623502683,0.09082000121474267,0.11342500053346156,-8.888889992678562,-32.786884144633355,-30.50847307802172,-43.4482726727597,-48.74999743886286,0
HK.00127,492,1.0099999904632568,1.0299999713897705,-1.9417457749564655,3.7455163436071213,197640.7,199617.1051151514,2.2865458152862077,1.0598000168800354,1.1707000094652176,-5.164325239638642,-8.181821038900267,-15.833337472544612,-19.200000762939453,-23.48485224776783,0
HK.00128,492,0.30000001192092896,0.30000001192092896,0.0,,0.0,0.0,0.0,0.30000001192092896,0.30000001192092896,0.0,0.0,0.0,0.0,0.0,0
HK.00129,492,0.1720000058412552,0.1720000058412552,0.0,0.0,60262.7,10365.184752009809,1.1615962870385417,0.17768000036478043,0.2021349997073412,-3.370784917815075,-0.5780272636135249,-15.686270069819248,-31.199997663497925,-44.51612757470433,0
HK.00130,492,0.17100000381469727,0.17100000381469727,0.0,3.0864197530864197,37400.0,6395.400142669678,0.0,0.1741600015759468,0.17909500136971473,-6.557374112464847,-10.471202023624503,-0.5813965073238772,10.322582257773934,30.53435678908862,0
HK.00131,492,1.2799999713897705,1.2999999523162842,-1.5384601277006635,0.0,13850.0,17727.99960374832,0.6094605045546393,1.3113999843597413,1.2690638190507888,-3.7594037527979447,-2.2900742519207253,-3.0303090509739805,11.98601027223316,-4.798105718310539,0
HK.00132,492,0.1469999998807907,0.15199999511241913,-3.2894706528973394,0.0,137367.3,20192.99308362454,2.7993396623938267,0.15589999943971633,0.1858166752755642,-8.124998020939485,-20.108695872240684,-23.407107057421513,-34.06350928668235,-35.46641251845241,0
HK.00135,492,7.465000152587891,7.389999866485596,1.014888869517155,0.7220656151439083,10396505.9,77609918.1298809,2.172272111811894,7.141654462814331,7.15112144947052,5.176668564811617,15.615257228372192,5.8279301415226605,6.399974173509837,7.7099610268609595,4
HK.00136,492,1.475000023841858,1.4700000286102295,0.340135723422776,0.15377073799805657,70500467.05,103988190.57961212,4.880443783159881,1.4473000049591065,1.6809250020980835,-2.9605235295612378,1.7241362300696461,-4.838705211722626,-34.734511943979655,-51.63934272452405,1
HK.00137,492,0.6100000143051147,0.6150000095367432,-0.8130073421291051,7.159090909090909,19400.0,11834.000277519226,0.6671810036769621,0.6577000093460083,0.6526750019192695,-7.575759080925313,3.3898375288438505,1.6666650109821552,-11.594200519873441,-12.857139329520963,0
HK.00138,492,0.3149999976158142,0.3149999976158142,0.0,0.0,192570.5,60659.70704087615,7.629736368948352,0.30580000698566434,0.49044999957084656,4.999995032946466,-3.076920255401327,-46.610167522397454,-55.63380181186373,-61.585365809336224,0
HK.00139,492,0.08900000154972076,0.08799999952316284,1.1363659454278836,2.3701857534899307,4445732.3,395670.18158964365,5.369212386057462,0.10628000020980835,0.13554735278710722,-16.037733395590198,-46.70658452884668,-35.97122124772677,-38.76460670384589,-67.85141769550536,1
HK.00142,492,4.755000114440918,4.78000020980835,-0.5230145244791526,1.3083503970599093,3543934.8,16851410.37957115,1.995945744714913,4.995759191513062,5.294540798664093,-4.899997711181641,-3.7745582411474534,-11.067718935351612,-15.983576792699134,-23.888002234826196,0
HK.00144,492,17.079999923706055,17.09000015258789,-0.058515089482440004,0.5591989253673556,4564306.2,77958349.54777108,2.3252257793672872,15.840820693969727,14.99758005142212,6.304839088024601,31.3508989777548,13.445079907374957,17.7739004267227,20.60496430001937,0
HK.00145,492,0.20999999344348907,0.20999999344348907,0.0,0.006171283352315172,826432.8,173550.88258148433,3.722818543414129,0.2177999997138977,0.2175749998539686,-15.662652549142864,24.99999778256527,8.247416108001156,-9.482758842169465,9.374995634425469,0
HK.00146,492,1.5499999523162842,1.5499999523162842,0.0,0.0,5250.0,8137.499749660492,0.5880986323312168,1.5140000104904174,1.6555999958515166,-0.9584731217720183,-0.6410250532086098,-11.42857415335519,-17.989419891640647,0.5448860559927955,0
HK.00147,492,0.1850000023841858,0.1899999976158142,-2.6315764707211,1.3034687222057515,87908750.0,16263118.959590793,10.007108840918393,0.13609999991953373,0.11207499995827674,-18.14159044052251,208.3333441987636,131.2500081490727,8.82352966957026,-43.93939544456168,0
HK.00148,492,61.099998474121094,61.54999923706055,-0.7311141649348685,0.26252304064292564,19464787.75,1189298501.824091,5.987954772734203,50.69100028991699,49.77034769058228,16.714422645734192,-31.502241519611225,83.92824948560485,110.043825688388,139.25827386419337,0
HK.00149,492,0.06199999898672104,0.06800000369548798,-8.82353585690328,0.04824581132773463,2076149.25,128721.25139628164,4.935579272033509,0.06484000094234943,0.06674500055611134,-10.144926753772236,0.0,-8.82353585690328,-15.068493290496917,-24.39024722661231,0
HK.00150,492,0.15000000596046448,0.14900000393390656,0.6711422819837666,0.11827654181920585,71440.0,10716.000425815582,2.2919557813106706,0.15323884069919586,0.1622040355950594,-8.536584257795896,-6.319503675298745,-0.8088846154263043,-15.687555661684835,-28.16937599672784,1
HK.00151,492,2.744999885559082,2.7049999237060547,1.4787416998601748,1.037461515567761,13597638.2,37325515.3028738,2.483964368493045,3.033517026901245,3.952943196296692,-8.803990224046137,-16.07478897263569,-36.39748585492323,-39.38734562766676,-47.950965781271854,1
HK.00152,492,5.059999942779541,5.0,1.1999988555908203,0.24613010272061336,7344100.7,37161149.121767186,3.101679884419901,5.327099981307984,6.7296434998512265,-5.2434494720502,-11.228068208797128,-33.06329901212187,-37.26142365799459,-32.308378789222246,1
HK.00154,492,0.4000000059604645,0.4000000059604645,0.0,0.0,99350.0,39740.000592172146,3.371564893380631,0.42179999709129334,0.49492499843239784,-10.11235676635287,1.265821543245696,-35.48387050256521,-24.52829668809585,-29.824559477227524,0
HK.00156,492,1.2699999809265137,1.2949999570846558,-1.930500153407172,0.07926011404089318,277767.1,352764.211702013,4.42378231736236,1.0441000008583068,0.9772749960422515,25.742573556263366,28.28282512045557,28.28282512045557,54.87804780539693,51.190478640213655,0
HK.00157,492,0.4399999976158142,0.4399999976158142,0.0,0.0,13500.0,5939.999967813492,0.1630436437510783,0.45300000071525576,0.4712500025331974,-3.29670660767248,-4.347828340440215,-10.204083866896262,-10.204083866896262,-20.00000216744158,0
HK.00158,492,58.0,58.0,0.0,2.857142857142857,200.0,11600.0,0.0,58.25400009155273,58.719949855804444,-1.694915254237288,2.6548672566371683,1.0146072483677357,-2.6621578001696014,-3.2007875672554005,0
HK.00159,492,0.05299999937415123,0.054999999701976776,-3.636364252114102,0.7041617766543288,458080.0,24278.239713311195,4.025049461443002,0.05609999991953373,0.07480500049889088,15.217389719867077,-26.388886589326876,-34.56790219981611,-40.449439942377715,-58.91472700320421,0
HK.00160,492,0.6499999761581421,0.6499999761581421,0.0,0.0,64250.0,41762.49846816063,0.8517344807449454,0.6823437929153442,0.8579527258872985,-2.985080601935728,-9.63978014303927,-31.996950672925372,-30.56530256127752,-35.33042699913859,0
HK.00162,492,0.03500000014901161,0.03500000014901161,0.0,0.0,206700.0,7234.5000308007,4.636136338024441,0.037279999926686284,0.041350000146776436,-12.49999767169351,-2.7777731786537547,0.0,-14.634148335967387,-32.692308794464566,0
HK.00163,492,0.10000000149011612,0.10199999809265137,-1.9607810195433113,0.3743077062002668,108863.95,10886.395162219926,1.377518283983265,0.12837999984622,0.17081499990075827,-21.875002546585044,-31.972788046795326,-47.64397817939485,-49.748743210611664,-51.219511042741836,0
HK.00164,492,0.42500001192092896,0.4350000023841858,-2.2988483697581654,0.07580151256022641,588130.7,249955.55451106429,2.5419349982540713,0.4495999985933304,0.4477999968826771,-7.608694736696163,-11.458328870745897,4.938274239498084,19.718316835298847,2.4096434859410953,0
HK.00165,492,6.260000228881836,6.215000152587891,0.7240559161564548,0.2709163890207983,5170387.15,32366624.742407706,3.754891054207011,6.084214878082276,7.101465694904327,-3.4418470550075644,13.113458860515733,-14.250176014100202,-33.20540361612089,-37.54441838145303,2
HK.00166,492,0.032999999821186066,0.03400000184774399,-2.941182271212952,0.0,906762.5,29923.16233785823,6.063464513855645,0.03299999993294477,0.037860000189393755,0.0,10.000001862645192,-17.499998603016106,-21.428570795018647,-29.78723201885536,0
HK.00167,492,6.25,6.244999885559082,0.08006588522892079,0.0,71222.75,445142.1875,1.6690598820362612,6.097100009918213,5.720725001096725,29.937631483386884,-15.311654429784824,11.607144757801205,81.68604348948872,120.07042918619592,3
HK.00168,492,39.439998626708984,39.380001068115234,0.15235540113361795,0.2843727074341239,2056037.25,81090106.31646252,1.7235173618373394,42.0152001953125,45.81395128250122,-3.6638985107864905,-13.166005687611387,-13.996892762542391,-15.763368676901171,-19.243412676467784,2
HK.00169,492,0.0860000029206276,0.08500000089406967,1.1764729600463935,1.7446808510638299,425750.0,36614.5012434572,1.8057493000148446,0.09066000044345855,0.09930999998003244,-2.272723424286861,-15.686270069819248,-16.504851630006193,-23.214285476703434,-46.583853547327564,1
HK.00171,492,0.03799999877810478,0.03799999877810478,0.0,0.0,461300.0,17529.399436339736,5.8010795577340035,0.04327999986708164,0.06243999984115362,-28.30188825127069,8.571424618059293,-54.216867199499895,-54.216867199499895,-61.22449002865204,0
HK.00173,492,1.8799999952316284,1.8550000190734863,1.3477075957459443,0.28100408102399266,582712.75,1095499.967221409,1.6261803349487693,2.0199556136131287,2.1753229659795763,-8.061882034871532,-4.115045288918292,-15.201442629847495,-10.001530545161696,-10.84264325225873,1
HK.00174,492,0.19599999487400055,0.1899999976158142,3.1578933334086234,0.0,24800.0,4860.799872875214,1.9026385664777725,0.18560000240802765,0.20691000007092952,13.953481521910987,-10.091743307396198,2.0833297761985303,-13.65638919785276,-26.03773379079713,1
HK.00175,492,14.970000267028809,14.880000114440918,0.6048397304818984,0.6253079768529087,39262560.45,587760540.4207348,2.8541190162805354,17.38439998626709,18.222139058113097,-10.839788857994664,-19.688837139435375,-25.47894777519961,-15.570101977348072,-15.570101977348072,3
HK.00176,492,0.013000000268220901,0.013000000268220901,0.0,,0.0,0.0,0.0,0.013000000268220901,0.013000000268220901,0.0,0.0,0.0,0.0,0.0,0
HK.00177,492,10.470000267028809,10.430000305175781,0.38350873137729224,0.14162876140069214,3936151.35,41211505.68556581,2.2864568088860433,9.947399997711182,9.748126068115234,5.650862040759137,10.210529126619038,13.741097425433038,14.09360534467238,17.11835026700117,1
HK.00178,492,1.1399999856948853,1.1699999570846558,-2.5641002128344392,0.6240061880569336,7506028.8,8556872.724625396,4.251566598197754,0.992045156955719,0.7741991257667542,11.76470656983444,29.665449899381617,85.52134278237016,100.9814514317203,94.96989367600524,0
HK.00179,492,17.770000457763672,17.5,1.5428597586495534,0.5347287275428554,2339911.65,41580231.09162655,3.662163738372511,18.89819995880127,23.367380180358886,-7.012036157979165,-21.816352391262388,-22.679162691322762,-41.23616637650365,-58.35774674982426,3
HK.00180,492,0.20800000429153442,0.20800000429153442,0.0,0.0,19000.0,3952.000081539154,1.221379893434574,0.19975999891757965,0.1987849997729063,6.122453944576954,10.638303943433922,11.827956644671966,8.333334626836898,-5.022827694740658,0
HK.00181,492,0.09700000286102295,0.0989999994635582,-2.0201985993660987,1.4954292134831462,208136.65,20189.255645483732,7.015701817292211,0.09450000151991844,0.11146000005304814,14.117649224390187,-5.825240049749624,-25.384610446952323,4.30107587182406,-14.912278236573057,0
HK.00182,492,0.33500000834465027,0.32499998807907104,3.0769294253470134,0.2962593100828182,9123280.9,3056299.1776305884,4.581730989438827,0.32569999873638156,0.33730343900620935,-2.898547970379774,-6.944445824181537,27.358499117046364,5.468760628871724,-15.624996246908953,2
HK.00183,492,0.1459999978542328,0.14000000059604645,4.2857123090296465,0.0,15600.0,2277.5999665260315,1.2634549130492292,0.14239999800920486,0.15589999906718732,0.6896565898845777,-3.3112552719027835,5.035970760276549,-15.116283200024258,-16.571428376801155,1
HK.00184,492,2.2899999618530273,2.299999952316284,-0.43478220306857157,2.3649232100098487,32236.35,73821.24027028083,0.24433256420124433,2.364999990463257,2.253437770605087,-5.761321031196628,0.881056435883782,2.1459250289078016,12.264152156317298,-0.005215785152127588,0
HK.00185,492,0.05999999865889549,0.05999999865889549,0.0,0.0,5363.7,321.82199280671773,1.500000106436865,0.07044000037014485,0.08863999960944056,-24.050638104474302,-14.285716566504256,-39.39394042019017,-42.307694787545266,-54.54545531514263,0
HK.00186,492,0.38499999046325684,0.3400000035762787,13.235290121660967,0.7407407407407407,84000.0,32339.999198913574,3.947568786737464,0.3430999977886677,0.20115000177174808,4.054050135560291,151.63398540036792,145.2229156693013,143.67086882536697,102.6315764707211,1
HK.00187,492,2.5,2.5,0.0,0.0,1620139.55,4050348.875,3.7479254057481386,2.8319999837875365,3.7239500164985655,-11.660775003622614,-18.56677347353278,-43.69369441934069,-39.02438882558843,-51.0763222176156,0
HK.00188,492,0.23600000143051147,0.23600000143051147,0.0,0.0,60625.0,14307.500086724758,0.4932639994769711,0.2283399999141693,0.24099538154900074,0.0,-0.42194177720299675,-5.59999942779541,-1.8239965960692388,-10.29239989999317,0
HK.00189,492,11.210000038146973,11.09000015258789,1.0820548594048454,0.17396995972715967,13062912.7,146435251.86531058,3.137655105596736,12.49719997406006,12.978678817749023,-14.49275109296099,-34.55924934414706,3.003771374672114,5.185251006234317,-2.1155287110501475,2
HK.00191,492,0.4000000059604645,0.4000000059604645,0.0,0.4477386638966568,159841.2,63936.4809527278,3.875943357324333,0.4925999969244003,0.6429749993979931,-19.999998807907104,-38.46153528732649,-37.499997671693514,-44.444445824181535,-34.426230068842386,0
HK.00193,492,0.19300000369548798,0.19300000369548798,0.0,0.0,9788.75,1889.228786174208,0.594029467126266,0.19437999784946441,0.20451499938964843,-2.0304534355346258,-3.0150739846393737,-7.655503415752437,6.6298396667935595,-3.9801000557347894,0
HK.00194,492,4.09499979019165,4.119999885559082,-0.6067984481033338,1.238938053097345,24000.0,98279.99496459961,0.2841061500685684,4.204550743103027,4.294878702163697,-3.3057931265417686,-1.8165988889562157,-7.590883691321437,-1.7632841427396966,-3.073108055671493,0
HK.00196,492,0.10000000149011612,0.10000000149011612,0.0,0.0,577605.0,57760.50086069852,5.625507346711419,0.11175999954342843,0.16314499910920857,-1.9607810195433113,-33.77483041787003,-47.08994506674971,-41.52046826941578,-54.54545362182884,0
HK.00197,492,0.5450000166893005,0.5450000166893005,0.0,0.0,937459.35,510915.3613955408,4.530341593778092,0.4275000029802322,0.3260900002717972,10.101012411974777,70.31250902218764,101.8518500122024,87.93104564534104,4.807699361496682,0
HK.00199,492,2.549999952316284,2.630000114440918,-3.0418311271305827,3.4377285456226914,2848593.2,7263912.524168492,7.428482279205295,2.5333999967575074,1.6871500006318092,5.590061805204811,1.593623984263234,165.6250009701277,142.85714934472352,1086.0464697209104,0
HK.00200,492,2.674999952316284,2.7300000190734863,-2.0146544458951396,0.5939940231088927,3442743.4,9209338.430837201,3.63013963697152,3.1897000074386597,3.7908750009536742,-16.40625273576002,-19.669669261157274,-27.7027049231825,-37.79070154275666,-50.18621956566793,0
HK.00201,492,0.057999998331069946,0.057999998331069946,0.0,0.0,962500.0,55824.99839365482,2.3767424059540123,0.06237999983131885,0.06755500016734003,-4.918036591266588,-13.432840468172232,-15.942029298491105,-17.142859879805105,-19.444443294663436,0
HK.00202,492,0.06700000166893005,0.06700000166893005,0.0,0.0,1153900.0,77311.30192577839,11.437157370180465,0.05511999994516373,0.08118000039830804,26.415098981315843,17.543862515612723,-25.55555665934523,-46.82539635609848,-67.94258390262542,0
HK.00205,492,0.48500001430511475,0.5,-2.999997138977051,0.9338158048324968,99837.5,48421.18892818689,2.100163109525682,0.5614999997615814,0.6983749994635582,-14.912277124374922,-26.51515226773538,-34.45945837098897,-30.714282490769158,67.24138905545647,0
HK.00206,492,0.1979999989271164,0.19499999284744263,1.5384647126735067,0.45342706502636204,565550.0,111978.89939323068,4.182696483125146,0.22140000015497208,0.35213499784469604,-13.913045506396193,-40.00000270930193,-58.74999930150805,-23.84615146549487,-30.52631529414422,1
HK.00209,492,0.41499999165534973,0.42500001192092896,-2.352945878843816,0.27268580847673796,1521582.0,631456.5173029304,4.238462332632363,2.308700009584427,3.328974987566471,5.063286172982784,-92.01923063697194,-87.79411823485547,-73.39743545657312,-79.15882065511258,0
HK.00210,492,0.29499998688697815,0.30000001192092896,-1.666674945089223,0.0,64900.0,19145.499148964882,2.6097990980405243,0.31140000104904175,0.35707500532269476,-7.812502037268178,-13.235298887049812,-24.966537019251543,-23.113859496581796,-30.802471396981595,0
HK.00211,492,0.25999999046325684,0.24799999594688416,4.838707545359315,2.223300934898043,13493.45,3508.296871316433,1.1870808136593904,0.2582799917459488,0.2571499944478273,6.995880534141014,1.960782480441495,-1.8867907552966041,-7.1428609441737585,-1.8867907552966041,1
HK.00212,492,28.600000381469727,28.600000381469727,0.0,0.0,950.0,27170.00036239624,0.07685272886705431,28.597600288391114,28.498951025009156,0.0,2.1428585052490234,-0.015143121502112302,-0.3484267529913641,-0.3484267529913641,0
HK.00213,492,0.36000001430511475,0.36000001430511475,0.0,0.3339382940108893,140050.0,50418.00200343132,1.0800385427373074,0.3449059772491455,0.35851067543029785,0.0,3.715170757113442,-4.262915507295125,6.678462920355241,-8.933019654389252,0
HK.00214,492,0.20900000631809235,0.20900000631809235,0.0,0.0,6283.3,1313.2097396984698,1.221917470085043,0.2117199981212616,0.24117999866604806,-4.566205758094545,16.111110007321436,-16.39999747276306,-26.66666352958006,-35.69230338948702,0
HK.00215,492,1.100000023841858,1.100000023841858,0.0,0.5877689684056672,1522802.2,1675082.4563064335,0.8911773599216303,1.127482671737671,1.1076284688711167,-3.083697525593237,1.07726655920108,0.24617566752335654,1.1103714770820288,5.664881970985602,0
HK.00216,492,0.4300000071525574,0.4300000071525574,0.0,0.0,18400.0,7912.000131607056,0.5651350795491057,0.4621999967098236,0.560200001001358,-5.49450664614695,-18.867918799126038,-34.84848635365259,-24.561401307307644,-30.645160670086945,0
HK.00217,492,0.1080000028014183,0.10999999940395355,-1.8181787394294886,0.2908928171850526,446600.0,48232.801251113415,4.470117986725383,0.11493999987840653,0.13009783606976272,-5.263155486885312,-17.78457522140658,-34.42340428111514,-12.56454431550393,-23.49396935391831,0
HK.00218,492,0.8550000190734863,0.8399999737739563,1.7857197342682936,0.9343065693430657,240375.0,205520.62958478928,2.6618462377371745,0.9431999957561493,1.0906999975442886,-12.307692495793745,-7.065217003986839,-16.990287104586827,-38.489206627865045,-51.694913656104504,1
HK.00219,492,0.675000011920929,0.675000011920929,0.0,0.0,4171.45,2815.728799727559,0.03597118908694688,0.7021000051498413,0.6924250066280365,-2.8776951269557505,-0.7352934086817846,3.8461594891973454,10.65573706418013,18.42105620895841,0
HK.00220,492,7.010000228881836,6.960000038146973,0.7183935411037055,0.6479261644221419,7279044.75,51026105.363541126,2.5594895280916443,7.414799995422364,7.362266199588776,-6.5333302815755205,-8.961033733443067,-2.3707687600772664,-6.61025730808998,-10.069131165695369,2
HK.00222,492,2.6500000953674316,2.75,-3.6363601684570312,2.6737967914438503,20300.0,53795.00193595886,2.542544350832132,2.8325000047683715,2.892363644838333,-6.028363187933787,-21.828908160392544,-8.59151616829501,-24.58800037370473,-15.161504017974464,0
HK.00223,492,0.0949999988079071,0.09399999678134918,1.0638319795733608,0.0,820315.0,77929.92402210832,5.127150050198398,0.08298000022768974,0.11252500016242266,26.66666004392862,7.954544684857372,-19.491526921978277,-32.14285828325213,-12.844035693886942,1
HK.00224,492,0.5899999737739563,0.5899999737739563,0.0,0.0,12800.0,7551.999664306641,1.4107606330458795,0.558910014629364,0.5395891804993153,6.146920604254904,22.068956076886536,1.7241258825340524,13.026811698541637,1.7241258825340524,0
HK.00225,492,5.119999885559082,5.119999885559082,0.0,0.0,6100.0,31231.9993019104,0.0,5.217899913787842,5.400572896003723,0.392156496088299,-3.3962320509053336,-7.864047053836554,-9.161743667922408,-7.622113529267431,0
HK.00227,492,0.12999999523162842,0.12800000607967377,1.5624914507502095,0.2403846153846154,502800.0,65363.99760246277,3.7755187125639877,0.150660001039505,0.2038649994879961,-14.473684597502467,-26.553675455573533,-35.32338706795715,-48.00000190734863,-60.60606361639608,1
HK.00228,492,0.7699999809265137,0.7599999904632568,1.31578823536055,0.4888191114694276,133993.75,103175.18494427204,4.310590928717728,0.9105999958515167,1.3846999999880791,-3.1446585204987865,-37.39837650518687,-55.23255999311358,-50.322580347448174,-43.38235493916952,1
HK.00229,492,0.8100000023841858,0.8100000023841858,0.0,0.0,60250.0,48802.500143647194,1.2613273482740934,0.7921245443820953,0.8453218320012093,7.165782578502943,-0.02217389676219173,-7.816543760320958,-7.816543760320958,-9.777888163591244,0
HK.00232,492,0.48500001430511475,0.48500001430511475,0.0,0.0,22650243.6,10985368.470014334,0.9430273905777414,0.11565455935895443,0.04465284647420049,946.956772639739,1127.9122373875127,3438.986013332577,2951.5805888542272,3760.7117044778315,0
HK.00234,492,0.03700000047683716,0.03400000184774399,8.823524900167703,1.0375408429271122,4385154.75,162250.72784100473,9.507463573772743,0.03016000032424927,0.03159000029787421,32.14285476703432,32.14285476703432,23.333337679505444,5.7142866266017025,5.7142866266017025,1
HK.00235,492,0.019999999552965164,0.019999999552965164,0.0,0.7911644745861834,7278660.05,145573.19774618538,7.10818848032316,0.02013999957591295,0.024299999885261058,5.263158926673246,-4.761905606641802,-20.000002980232196,-33.33333333333333,-25.925929503022143,0
HK.00236,492,1.024999976158142,1.024999976158142,0.0,0.0,22132.5,22685.81197232008,0.6415816736389581,1.065700008869171,1.153291558623314,-5.092598571453328,-14.583338714307995,-11.817507454155903,-12.534438652507232,-13.93388833446609,0
HK.00237,492,1.8600000143051147,1.8600000143051147,0.0,0.0,22660.0,42147.6003241539,0.46472764006759953,2.077352361679077,2.0904008305072783,-11.00478034974524,-7.201512723473217,-10.265610798209224,-5.354777694465896,-5.809538579468935,0
HK.00239,492,2.4000000953674316,2.440000057220459,-1.6393426604503258,2.2413793103448274,14375.0,34500.00137090683,0.41364280415827226,2.3704047775268555,2.264351496696472,-0.35442016508591156,4.669722015648578,9.04920573051798,9.507402549112994,9.924565565953722,0
HK.00240,492,1.3550000190734863,1.3550000190734863,0.0,0.49170251997541486,321400.0,435497.0061302185,1.1259138467194265,1.395710093975067,1.4408789110183715,-3.872203564992139,-1.1451667638119858,-13.043846799520548,5.9395432672031605,10.613342249952145,0
HK.00241,492,2.8299999237060547,2.809999942779541,0.711743107963571,0.7198122581372083,65968915.55,186692025.97347116,2.714737592640749,3.1155044412612916,4.129686286449433,-10.584519500304785,-9.934602147827267,-35.804452436188875,-42.08847370409575,-54.28498803194306,1
HK.00242,492,0.5,0.5,0.0,0.23143483432773257,1814714.2,907357.1,3.1635312198572576,0.49959999799728394,0.5775250020623207,-0.9900980750178164,-1.960782480441495,-15.254233521108176,-24.242427252759718,-39.0243897120347,0
HK.00243,492,0.45500001311302185,0.4399999976158142,3.409094449656088,0.0,65337.45,29728.540606771407,1.3735083763069793,0.458199999332428,0.4488749985396862,2.2471956014182424,13.750001583248354,19.7368470585578,26.388887509151797,30.000005960464577,3
HK.00244,492,0.32499998807907104,0.3449999988079071,-5.797104579113893,1.245799948307056,205500.0,66787.4975502491,2.6295340506660567,0.298999999165535,0.31498000130057335,4.838705025652108,16.071423819782805,3.174600171093715,1.5624985448084445,-2.985080601935728,0
HK.00245,492,0.9350000023841858,0.9300000071525574,0.5376338917391232,9.184336068806752,1029002.5,962117.3399533331,0.932289857038748,0.9958999955654144,1.0326749926805496,-6.499999761581421,-7.425741464083657,-11.792447843683775,-14.220185894304235,-20.762708140186493,1
HK.00247,492,19.350000381469727,19.350000381469727,0.0,,0.0,0.0,0.0,19.350000381469727,19.51859330177307,0.0,0.0,0.0,-2.985074484136464,-0.46183086158486575,0
HK.00248,492,0.23199999332427979,0.23199999332427979,0.0,0.0,22550.0,5231.599849462509,0.779856972777677,0.2264399981498718,0.26841770865023135,9.433960407473664,-7.200002670288086,-20.0,-35.9247001466024,-24.711503616486734,0
HK.00251,492,1.0750000476837158,1.059999942779541,1.4151043126324516,2.139396995675362,21731.7,23361.57853624821,0.6522626760399343,1.1776079630851746,1.2618002849817276,-10.297586772143985,-12.450443783894462,-19.954691237524646,-13.129121795079898,-11.761077941517076,1
HK.00252,492,1.7000000476837158,1.7000000476837158,0.0,,0.0,0.0,0.0,1.613992748260498,1.5816800439357757,4.938274239498084,8.21759207439272,8.21759207439272,8.21759207439272,8.21759207439272,0
HK.00253,492,0.6000000238418579,0.6000000238418579,0.0,0.0,6700.0,4020.000159740448,0.08333325054910776,0.6258000016212464,0.6402999991178513,-3.225803350434739,-4.761900256640573,-7.692300638503319,5.263163398397555,0.0,0
HK.00254,492,0.2150000035762787,0.2160000056028366,-0.46296388917537595,2.373397036343959,4063887.55,873735.8377835944,7.31184838580717,0.18760000050067902,0.5137150017172099,-3.153152790329657,110.78432117320642,-66.92307515962584,-64.16666749450893,-24.561401307307644,0
HK.00255,492,1.3550000190734863,1.3700000047683716,-1.0948894629691135,3.043362056688471,29529.55,40012.54081323147,1.0725598264336924,1.3867789912223816,1.3484539234638213,-4.2402787559773145,-1.1926874742258362,3.528878988888367,-5.88283416560156,-8.110462138756665,0
HK.00256,492,0.10300000011920929,0.10300000011920929,0.0,0.7900207900207901,2674700.0,275494.1003188491,7.484976415680755,0.09308000028133392,0.11391500003635883,9.574471963860562,35.52632030419545,0.0,-48.24120621829198,-52.96803578401644,0
HK.00257,492,4.485000133514404,4.5,-0.33333036634657115,0.15748670661831948,8644948.45,38772594.95247514,2.2212901283439677,4.796498279571534,4.8417414021492,-7.35197136909609,-2.990918258967515,-16.452414689452624,-1.9524291818721604,6.401408077872797,0
HK.00258,492,2.1500000953674316,2.119999885559082,1.4151043126324516,0.11087122092107088,469251.55,1008890.877251315,2.8103966807836867,2.152599992752075,2.2673426711559297,-1.6018237221363962,2.380961571691675,-12.79820385315196,-5.1997136360339224,-19.835545486968343,1
HK.00259,492,2.8350000381469727,2.8299999237060547,0.17668249384155527,0.1794616151545364,187500.0,531562.5071525574,3.3887232393596562,2.9576263856887817,3.536525032520294,-4.865771140887298,-27.3912532941034,-8.779522170894882,-25.898015555191616,-44.989173497729126,2
HK.00261,492,0.22499999403953552,0.22599999606609344,-0.4424787805153204,0.015007982516229564,1209122.25,272052.4990430698,1.9112485181836874,0.23789999783039092,0.2392349987477064,-15.09433728853283,38.88888480077883,-19.642859613712943,-6.250000388051082,-10.000002384185791,0
HK.00262,492,0.07999999821186066,0.07999999821186066,0.0,0.0,40100.0,3207.9999282956123,2.1432924202201766,0.07994000002741813,0.08399000000208616,2.564098155475083,3.8961021368168507,1.2658158607009335,-20.000002980232196,14.285711244660995,0
HK.00264,492,1.6200000047683716,1.4950000047683716,8.36120398670948,0.322824081838001,4624800.0,7492176.022052765,7.310135383799282,1.8594000101089478,1.972500007748604,-16.062173637538155,-21.359220885097752,-19.80197920470643,-30.472100523006475,-22.1153815293452,1
HK.00265,492,1.215000033378601,1.215000033378601,0.0,0.0,0.0,0.0,0.0,1.311100010871887,1.5686749881505966,-0.40983566511258146,-21.103891982137803,-27.678567183767726,-36.05262901974513,11.467889557080632,0
HK.00266,492,1.8049999475479126,1.8049999475479126,0.0,0.0,15700.0,28338.499176502228,1.2840220762375925,1.8441166067123413,1.8768228584527968,-1.9021721877199134,0.18501370465759862,-6.294615682242894,-7.672633350992163,-6.7129956364431695,0
HK.00267,492,12.779999732971191,12.770000457763672,0.07830285707969849,0.4953674512181826,11873147.35,151738819.9625276,2.2211552828274157,12.64373550415039,11.912014179229736,-4.3385240145208295,20.798152223256256,14.196211963110692,9.307365522047691,19.12193712693284,1
HK.00268,492,7.315000057220459,7.309999942779541,0.06840101887903347,0.2529700159537228,28828110.65,210877631.0543077,4.379650252427941,8.00729998588562,9.325324981212615,-12.656715734681088,13.940809506082868,-16.399999346051896,-48.30388512773507,-57.32205182201877,2
HK.00269,492,0.009999999776482582,0.009999999776482582,0.0,0.23529411764705882,322500.0,3224.9999279156327,0.0,0.009999999776482582,0.009999999776482582,0.0,0.0,0.0,0.0,0.0,0
HK.00270,492,8.744999885559082,8.78499984741211,-0.4553211445394681,0.19962568129391836,11022143.4,96388642.77161579,1.8186506555769117,8.37391839981079,7.54815798997879,2.6592813041890953,19.407532802802297,24.146484180382203,35.58102672299096,35.301185335446654,0
HK.00271,492,0.13300000131130219,0.11999999731779099,10.833336903403284,5.080960357342267,112300.0,14935.900147259235,4.375373099320576,0.14902000039815902,0.167345000654459,-10.738256510182143,-13.071892942264524,-19.393941802207774,-27.717390732174223,-33.83084676698929,1
HK.00272,492,0.41999998688697815,0.42500001192092896,-1.1764764455773846,0.2885220443741556,4953565.05,2080497.2560437932,3.508834421391902,0.43500588536262513,0.5114078417420387,-6.990885571261966,0.16366220098972029,-24.042559223457534,-33.95005087953735,-37.56922473085793,0
HK.00274,492,0.49000000953674316,0.49000000953674316,0.0,,0.0,0.0,0.0,0.49000000953674316,0.49000000953674316,0.0,0.0,0.0,0.0,0.0,0
HK.00276,492,0.5400000214576721,0.5699999928474426,-5.2631529414422,0.6824754522110783,89975.7,48586.87993066907,2.2837435200018614,0.5400000047683716,0.5923499989509583,0.0,5.882359128509954,-6.8965453455194,-20.588232973867658,-21.739127054556995,0
HK.00277,492,1.1360000371932983,1.1360000371932983,0.0,,0.0,0.0,0.0,1.1360000371932983,1.4096624171733856,0.0,-25.806449101385674,-25.806449101385674,-21.768710387004166,-21.063728712193033,0
HK.00279,492,0.4050000011920929,0.41499999165534973,-2.4096363046584477,1.3605586261316667,2642283.8,1070124.9421498477,5.160203140128653,0.3880999952554703,0.4938999991118908,8.000000317891438,1.2499987892806712,-25.00000275947419,-30.172411578305347,-52.35294237268834,0
HK.00280,492,0.5299999713897705,0.5199999809265137,1.9230751596258298,1.56479217603912,547200.0,290015.9843444824,1.656859471842316,0.5281315612792968,0.4595459458231926,1.6329533151919478,9.518268226966358,27.041188013850064,27.041188013850064,28.02600626068647,1
HK.00285,492,23.899999618530273,22.760000228881836,5.008784614166253,0.7109623588704335,7138870.55,170619003.421737,3.576286770128364,23.95520004272461,27.77321078300476,-11.086308166950628,11.996248583118838,-22.362056695447567,-31.78071388268303,-42.25584935376049,2
HK.00286,492,1.309999942779541,1.309999942779541,0.0,,0.0,0.0,0.0,1.309999942779541,1.309999942779541,0.0,0.0,0.0,0.0,0.0,0
HK.00287,492,4.369999885559082,4.360000133514404,0.229352104093111,0.0,2800.0,12235.99967956543,0.011467605204655548,4.2720450496673585,4.136903364658355,3.1877154141350292,3.069378908448344,9.605490132902975,10.142774336458144,0.3523068466270567,1
HK.00288,492,6.550000190734863,6.585000038146973,-0.5315086895877738,0.897597735381964,61991704.3,406045674.9889792,2.8044494758160754,7.301696243286133,8.37744931936264,-9.125415015019465,-20.618372847081872,-28.852201941950327,-19.038718627851654,-13.83512362240662,0
HK.00289,492,12.850000381469727,12.760000228881836,0.7053303367830532,0.9230769230769231,16750.0,215237.50638961792,0.6964300334370318,12.974119148254395,13.229140863418579,0.09137639624596854,0.014971587756551741,-1.9455946658737435,0.043910554927248366,7.386843228796776,1
HK.00290,492,1.6799999475479126,1.6749999523162842,0.29850718650553654,0.44406540340057793,21663280.0,36394309.263715744,3.7256950859651097,1.6930000019073486,3.495900011062622,-1.1764764455773846,-22.93578458247713,-60.56338363181547,-36.603777845714575,-15.57789248759834,5
HK.00291,492,18.6299991607666,18.549999237060547,0.43126645281054776,0.411616835331045,10426897.1,194253084.2223997,2.2592324653818032,20.003421936035156,23.224333820343016,-1.4285738794351786,-15.899717696422785,-20.696374184756664,-26.241665975082896,-26.35241083406522,2
HK.00293,492,14.319999694824219,14.369999885559082,-0.34794844212288567,0.4036038095367016,9982562.4,142950290.52156374,2.0188629256348296,14.343876476287841,12.563153920173646,-1.309445424262815,11.849578947893763,25.175140148381765,22.003642004539017,46.05744518471555,0
HK.00294,492,1.0499999523162842,1.0499999523162842,0.0,2.1324279573848908,24466.4,25689.718833351137,1.8482698425142978,0.9116047585010528,0.7882654714584351,15.475248803971715,43.274842433732616,41.52759808392255,39.822444675681744,16.075612234274576,0
HK.00295,492,0.01600000075995922,0.01600000075995922,0.0,0.5133592798643777,6052150.0,96834.4045993872,5.82168036851313,0.016280000507831575,0.01917500026524067,-5.882353585690328,0.0,-40.740739463206374,6.66667411724743,-15.7894669766239,0
HK.00296,492,0.17000000178813934,0.164000004529953,3.6585348124734343,0.2040846559448402,499102.25,84847.38339246437,2.156977978461198,0.18750000059604643,0.21770499974489213,-6.077344109150927,-14.572863832440861,-28.27004248591353,-24.444441648177083,-34.6153815293452,1
HK.00297,492,1.2000000476837158,1.1950000524520874,0.41840962444885654,0.09329373033094304,19872512.85,23847016.367595255,2.838194904177644,1.2808000016212464,1.434156305193901,-11.111109148818315,-9.090909090909092,-18.381059577927317,-18.907636441323593,-8.25316229571025,1
HK.00298,492,0.09600000083446503,0.09600000083446503,0.0,0.0,9000.0,864.0000075101852,0.5740244228229474,0.09614000022411347,0.1071900001913309,3.225804901023846,-4.000000596046439,-7.692308794464562,-9.433960407473664,-23.19999933242798,0
HK.00299,492,0.10599999874830246,0.10599999874830246,0.0,,0.0,0.0,0.0,0.10599999874830246,0.10599999874830246,0.0,0.0,0.0,0.0,0.0,0
HK.00300,492,90.80000305175781,90.6500015258789,0.16547327452176996,0.711020403396698,5266357.85,478185308.8516487,1.8503656620496918,97.35800048828125,87.3360721206665,-8.881082126047701,2.773066915620104,17.293990846972402,6.917484253903172,15.247517542525186,1
HK.00301,492,7.289999961853027,7.349999904632568,-0.8163257626945568,0.43219356745412396,1108823.7,8083324.730701732,3.7483886087877525,6.9899999713897705,3.3892499947547914,3.846153584901841,67.20182886730508,367.3077070031181,444.0298343480208,487.9032182085651,0
HK.00302,492,0.1770000010728836,0.18199999630451202,-2.747250183050944,0.8432304038004751,504600.0,89314.20054137707,5.532571447202468,0.19387999981641768,0.26354500025510785,-10.606059579809829,-1.117320668068153,-29.199999570846558,-56.82926765444163,-61.5217395952158,0
HK.00303,492,51.900001525878906,51.900001525878906,0.0,0.20926536357262757,1163365.2,60378655.655154414,2.1674116020629,51.224000244140626,54.79319938659668,3.386455651599297,7.530398559461532,-7.128699759720401,-10.900888157162298,-12.291828638252499,0
HK.00305,492,0.3100000023841858,0.3100000023841858,0.0,0.17676302706683852,1344750.0,416872.50320613384,4.389400424322584,0.3720000022649765,0.4307610021531582,-18.421050980480732,-17.333332697550453,-32.31810563357417,-32.31810563357417,-43.799858509216186,0
HK.00306,492,2.494999885559082,2.494999885559082,0.0,0.0,49900.0,124500.4942893982,0.903654526939517,2.6403231620788574,2.5502067124843597,-7.249076859235015,-5.868331189354568,12.061510968865008,-8.85137691646802,13.719957871145342,0
HK.00308,492,1.149999976158142,1.1449999809265137,0.4366808135300151,0.29701721828997646,3689635.35,4243080.564532238,1.8735436010061792,1.159475326538086,1.1877227711677552,-5.687512190019118,9.438081130009083,3.5142195389292974,-13.99186163876507,-12.262920050101698,1
HK.00309,492,0.8799999952316284,0.8600000143051147,2.3255791388182447,0.0,4900.0,4311.999976634979,0.599999725818634,0.9357000029087067,1.2378750029206276,-5.376345326492771,0.0,-35.29411867828104,-47.61904626746833,-55.102041933448135,1
HK.00311,492,0.3050000071525574,0.3400000035762787,-10.294116486933829,0.0,30550.0,9317.750218510628,0.8055881597208445,0.29042802095413206,0.24132312044501306,2.3508763893962987,31.0091243988621,42.4012162284007,48.874000667409724,36.46783973522783,0
HK.00312,492,0.04100000113248825,0.03700000047683716,10.810812443516545,0.02109704641350211,93800.0,3845.800106227398,4.3613171187987705,0.04857999987900257,0.06130500014871359,-14.583331716453879,-31.666663251817152,-32.786884144633355,-49.38271480023798,-58.999999478459365,1
HK.00313,492,0.06300000101327896,0.06499999761581421,-3.0769179629149055,1.1961722488038278,44300.0,2790.900044888258,0.32526706848984505,0.06272000029683113,0.07140999991446734,-1.5625030922818393,3.2786890251666563,-18.181816422531135,-24.99999778256527,-18.181816422531135,0
HK.00314,492,1.5149999856948853,1.5099999904632568,0.3311255141196694,0.9794439337623063,750980.0,1137734.689257145,3.79440689134095,1.5107000017166137,1.83947500705719,-2.884612739438744,12.222219180668386,-32.66666730244954,-39.40000057220459,-53.384615824772766,1
HK.00315,492,4.855000019073486,4.849999904632568,0.10309514513891053,0.2988637949027774,360204.65,1748793.5826203586,0.9652679396393671,4.839799976348877,4.856533863544464,0.6217660309694135,3.9614548127878124,-1.919187754590112,5.569591746104754,10.380202736632313,1
HK.00316,492,142.6999969482422,142.8000030517578,-0.07003228387843789,0.3825004717065717,925354.05,132048020.11104356,2.6616363221193606,149.17908782958983,134.718885307312,-2.120406510676604,14.70265087123604,5.044171517422002,18.278087701705083,17.079627903599466,0
HK.00317,492,14.5600004196167,14.539999961853027,0.137554730509937,0.08174339559732959,4339892.75,63188840.26109147,5.141191250352099,13.156830863952637,13.890949335098266,8.488464553024968,14.855161049441998,8.29803677330412,12.656272148354509,-0.955730963699389,1
HK.00318,492,0.8899999856948853,0.8899999856948853,0.0,,0.0,0.0,0.0,0.8899999856948853,0.7558499929308892,0.0,1.136362558800321,25.352114449652248,39.062500873114935,134.21052549024037,0
HK.00320,492,0.4399999976158142,0.4399999976158142,0.0,0.01625651479830542,118027.6,51932.14371860027,0.44444502577371164,0.44116863548755647,0.4612446765601635,-0.6246118346095548,-4.808833646361427,-1.7047793849377446,-9.568393421696983,-27.770286031418763,0
HK.00321,492,0.8799999952316284,0.8899999856948853,-1.1235944521335182,1.3371226597593164,1277967.7,1124611.5699061751,2.3862623488961665,0.9779113006591796,1.0682003766298294,-5.376345326492771,-16.737743984501574,-22.288562220891354,-9.462395277212869,22.497134616045187,0
HK.00322,492,11.510000228881836,11.470000267028809,0.34873549190761216,0.8125831586091571,12702197.45,146202295.55680227,2.9635826935063414,12.219800033569335,11.537574772834779,-8.795559958343627,2.2202486227198417,-1.9639283505729521,6.659225598687827,20.325574968361114,1
HK.00323,492,1.6050000190734863,1.534999966621399,4.560264102556336,1.7860966136186076,4001372.3,6422202.6178201195,3.251265419765042,1.7047000050544738,2.1944749957323073,-8.022921794402437,-3.313249918905366,-36.561263350851604,-38.50574392400275,-33.12500186264508,1
HK.00325,427,64.0999984741211,63.70000076293945,0.627939884444018,0.1976848908147875,616041.15,39488236.774995804,4.9940053203496335,66.39034912109375,61.94785634994507,-13.43687260982567,31.343176485053263,8.209122704253419,-4.756757602373521,-30.244391195616988,1
HK.00326,492,6.585000038146973,6.494999885559082,1.3856836670312507,1.2134946132277957,2742164.9,18057155.97110529,7.037556648898036,6.840799999237061,5.858649997711182,8.484346819130957,-9.046957923729762,0.07598958205005196,123.22033666804143,197.9637974879097,3
HK.00327,492,3.7699999809265137,3.6500000953674316,3.2876680116086985,1.3364518412810096,1857616.1,7003212.661568785,3.0861254944621064,3.8542981147766113,4.099492532014847,-5.395230108635713,8.34529783208353,-6.8702738766261815,-25.024210324276098,-32.757727671222256,1
HK.00328,492,0.45500001311302185,0.47999998927116394,-5.2083284826948155,3.1321005930548043,3332776.9,1516413.5332027762,8.07934263950842,0.46549999952316284,1.0240402437746525,-26.016259177661382,-21.551719619742908,-27.777775149707,-83.57400663371727,-92.76491382649836,0
HK.00329,492,0.15800000727176666,0.12300000339746475,28.45528691670209,25.53175775480059,268050.0,42351.901949197054,5.843978852030932,0.15103999987244607,0.2520249995961785,-2.469131600800468,-13.18680742860563,-47.33333300219643,-48.19672014212874,-67.42267987390854,1
HK.00330,492,0.4300000071525574,0.4300000071525574,0.0,0.7389327107421338,58188.3,25020.969416195156,2.8002549364894813,0.4937999951839447,0.726399996727705,-17.307687899064575,-8.510636544000942,-52.22222016181469,-63.55931980792756,-69.28571325175614,0
HK.00331,492,5.400000095367432,5.150000095367432,4.8543688421458855,5.483550237551423,106502.55,575113.7801568747,1.2442566119483913,5.148899993896484,5.389150874614716,5.88235679107286,4.247109542846628,-2.3508157234848155,-1.559625874073293,-2.8394647472192927,2
HK.00332,492,0.1850000023841858,0.16699999570846558,10.778447388192212,4.781153110192067,54600.0,10101.000130176544,1.773488137945161,0.1689000016450882,0.2960450018197298,17.088603715047938,-35.0877176471474,-51.31578823536055,-45.58823516521487,-55.95237900948572,1
HK.00333,492,0.2280000001192093,0.1899999976158142,20.0000015685433,15.171458261170766,20308.0,4630.224002420902,1.564186325410086,0.19453999668359756,0.2178049995750189,8.571432017955757,20.0000015685433,10.14492638862444,-12.307689045307784,-25.24590335331815,1
HK.00334,492,0.2849999964237213,0.2849999964237213,0.0,0.0,149310.0,42553.34946602583,3.1049723983015682,0.31480000078678133,0.36862500056624414,-1.72413633637985,-21.917811239116848,-29.62963071979231,-10.937499126885067,-9.523809974335942,0
HK.00335,492,0.6449999809265137,0.6499999761581421,-0.7692300638503318,0.0,340900.0,219880.4934978485,1.0674255807226383,0.6421403062343597,0.6404194101691246,-2.2727340459820917,2.2840238185303083,-0.7692391632572048,-6.359695008223258,-7.660262457301218,0
HK.00336,492,3.315000057220459,3.315000057220459,0.0,0.02743457629090345,10056350.0,33336800.825428963,7.433772257623618,3.2064779710769655,3.7116646111011504,5.178499349145477,4.042313374374724,-25.089308582987723,-14.627960910695306,-12.890106200619325,0
HK.00337,492,0.12300000339746475,0.11699999868869781,5.128209210267741,0.13831476964491557,1571605.35,193307.4633894738,8.239766365519255,0.12311999961733817,0.17559999909251928,-6.1068656703515005,-18.543040377806623,-39.99999781934225,-45.81497602160262,-48.535561840506695,1
HK.00338,492,1.100000023841858,1.090000033378601,0.9174302896359119,0.618180639635582,7672953.35,8440248.867937462,2.1064856967329297,1.135499997138977,1.2767250007390976,-5.1724090091395505,-2.6548647359614446,-12.698410145429659,-20.28985306936711,-19.11764615650409,2
HK.00340,492,2.3949999809265137,2.4100000858306885,-0.6224109697076841,0.10940853273879653,20262172.5,48527902.75102973,5.428122686731991,2.800999994277954,2.7620188587903978,-26.98170726167028,22.82050883903237,-16.494920004651846,-13.533738543951443,-4.0020313191648125,0
HK.00341,492,5.494999885559082,5.585000038146973,-1.6114619869859743,0.3332148409868617,678757.85,3729774.3080723286,2.594632455484297,5.351349411010742,4.612277942895889,1.9480523501747091,12.218520075145708,35.55367114208983,16.03394752043685,-9.951483034143163,0
HK.00343,492,0.15600000321865082,0.1550000011920929,0.6451625928174096,0.27459222782678233,3252810.85,507438.5030696623,8.10018117696532,0.11814000025391579,0.1361599998176098,45.79439447565217,41.818185512684614,7.586212212067165,-0.6369439446808172,-36.84210240548788,1
HK.00345,492,6.75,6.75,0.0,0.7949781121197786,679007.65,4583301.6375,1.8587614665981307,6.443390474319458,6.380877184867859,4.006166996166788,5.5376454995824576,8.188516045988031,6.846641244271319,-16.26434149640758,0
HK.00346,492,0.23999999463558197,0.23600000143051147,1.694912364756178,0.0,63125.0,15149.999661371112,3.204307879819028,0.24466000020503997,0.34494000047445295,2.5641014211250326,-7.692306369719372,-47.826089069162705,-34.246578530178894,-42.168674828577394,1
HK.00347,492,1.0950000286102295,1.0850000381469727,0.921658074808496,0.5103015777509552,4590021.6,5026073.783321571,3.1789915577828056,1.1565999865531922,1.4802999991178512,-4.782604233754287,-2.232140718902261,-27.48344135589752,-44.13265268885062,-47.35576592429843,1
HK.00348,491,0.0729999989271164,0.0729999989271164,0.0,0.0,189710.0,13848.829796463251,2.175440282810052,0.07443999998271465,0.09499999990686775,4.2857123090296465,10.606059579809829,-20.6521752334441,-47.101448727640566,-49.65517170505771,0
HK.00351,492,0.3499999940395355,0.3499999940395355,0.0,0.0,190007.0,66502.44886747003,2.606875932527588,0.32330000221729277,0.3160249999910593,2.9411736347271384,-1.408449403588351,39.99999761581421,18.64407104995203,12.903223015391266,0
HK.00352,492,0.36000001430511475,0.36000001430511475,0.0,,0.0,0.0,0.0,0.36000001430511475,0.36000001430511475,0.0,0.0,0.0,0.0,0.0,0
HK.00353,492,0.4000000059604645,0.3700000047683716,8.108108325802206,0.527911635713899,593388.0,237355.2035368681,5.018260509319485,0.390799999833107,0.35922499805688857,3.8961080178621965,12.676061422336446,15.942031113797448,25.00000465661298,33.33333002196431,1
HK.00354,492,3.869999885559082,3.8499999046325684,0.5194800369332062,0.16788094257008776,13693821.2,52995086.47686653,3.5179521794343542,3.735000019073486,3.9135022103786468,-2.0253205356679924,25.649350046166507,13.04697381930292,-24.343800006077867,-37.31689799981201,1
HK.00355,492,0.0729999989271164,0.07199999690055847,1.3888917633414033,1.2345095954564775,478187.05,34907.654136960955,4.534354360267571,0.07494000032544136,0.07651500031352043,-3.947366744155975,19.67212804396673,4.2857123090296465,-30.47618932734808,-47.101448727640566,2
HK.00357,492,4.175000190734863,4.010000228881836,4.114712030802965,0.2508623392913139,297750.0,1243106.3067913055,5.024002074859381,5.1236999988555905,6.720424993038177,-20.928029832665384,-5.9684653844687485,-38.69309506879654,-60.79811887062749,-59.778418644461304,1
HK.00358,492,33.5,33.31999969482422,0.5402170072760887,0.17882126401874118,10215792.2,342229038.7,3.2433515750197857,35.83679977416992,37.40001341819763,-8.469941539240834,7.097184349814562,-6.023528832638377,-21.643251222463835,39.94613033704714,2
HK.00360,492,0.03200000151991844,0.029999999329447746,6.66667411724743,0.12742537133603862,10611600.0,339571.21612876654,11.379410709227193,0.034140000343322756,0.04132500022649765,-23.809519163470085,-11.111103062644071,-19.999994412064428,-27.27272342428686,-35.99999791383746,1
HK.00361,492,0.04500000178813934,0.04399999976158142,2.272731890855767,0.08290564547966837,15251000.0,686295.0272709131,10.05247241570689,0.042379999980330464,0.058360000234097244,15.384617588929125,-8.163259255046837,-31.818178739429488,-45.783128312198365,-33.823530378535494,1
HK.00362,492,0.014999999664723873,0.014999999664723873,0.0,,0.0,0.0,0.0,0.014999999664723873,0.014999999664723873,0.0,0.0,0.0,0.0,0.0,0
HK.00363,492,13.0,12.979999542236328,0.15408673704949907,0.2659686919209392,736599.3,9575790.9,1.6693132529215031,13.16539556503296,13.392840223312378,-3.4439066793372968,4.772017380571977,-0.7080571022955933,-2.4294840085208484,1.8802896014150174,2
HK.00365,492,0.3400000035762787,0.32499998807907104,4.615389553047677,0.2219683368695936,619500.0,210630.00221550465,7.994279195682923,0.3706999957561493,0.42563999705016614,-10.526313725600916,-37.037038876686495,25.925922246627014,17.241383917124878,17.241383917124878,2
HK.00366,492,0.7950000166893005,0.800000011920929,-0.6249993946403356,0.0,101600.0,80772.00169563293,2.2060631927748515,0.8075229942798614,0.8403324592113495,-2.945856164802214,1.9068462069939802,-9.348234929662048,-8.352058059305062,-16.600374094698708,0
HK.00367,492,0.22100000083446503,0.22100000083446503,0.0,0.0,155847.5,34442.29763004929,0.935887879267488,0.23958000034093857,0.28165500082075595,-9.05349786668109,-11.59999966621399,-28.709677698460872,-33.03030543857141,-36.857141543407806,0
HK.00368,492,3.0250000953674316,2.9749999046325684,1.680678734039779,0.18420446695832374,1520680.0,4600057.145023346,13.751980817432619,3.7844999980926515,1.6971249940991402,-31.249999322674505,45.43270222710471,536.8421333318275,603.4883825697724,908.3333250549108,1
HK.00369,492,1.7000000476837158,1.7000000476837158,0.0,0.8438818565400844,24300.0,41310.001158714294,0.7254709667381923,1.8707796144485473,1.9742339009046554,-12.364219741927174,-12.806824097361465,-16.968091312872915,-1.6605322162944562,13.566219740546966,0
HK.00370,492,0.2549999952316284,0.24699999392032623,3.238867007374386,0.11554064600845688,18389890.0,4689421.862310171,8.282373072419128,0.2660747194290161,0.5349436794221402,-12.068964631322139,-27.142857264499277,-60.15624985448085,-72.28260971676197,-81.52173941212025,2
HK.00371,492,1.5099999904632568,1.524999976158142,-0.9836056347144335,0.37605641694515246,33131297.1,50028258.30503533,2.6655966628620926,1.8485508012771605,2.326722012758255,-9.309307804263641,-33.341630460145325,-41.05330630748523,-34.07594622068604,-33.805763667496144,0
HK.00372,492,0.164000004529953,0.164000004529953,0.0,0.0,248360.0,40731.04112505913,3.35390335798385,0.16701999813318252,0.22775499939918517,27.131793153851724,-19.21181810394243,-40.36363600896411,-40.36363600896411,-0.6060618101947961,0
HK.00373,492,1.9500000476837158,1.934999942779541,0.7751992427776419,0.779091447429391,159259.75,310556.52009409666,2.171631407511114,2.1246000123023987,2.4718271046876907,-9.722223601959316,-8.878506911520308,-23.54068919729574,-22.665191496217883,-11.132806961177057,1
HK.00374,492,2.549999952316284,2.549999952316284,0.0,0.0,300.0,764.9999856948853,0.0,2.4804595518112182,2.5340248596668244,1.9999980926513672,4.305576116673503,-3.747437653698031,-3.3922579762882106,3.8101838169100684,0
HK.00375,492,1.0499999523162842,0.9700000286102295,8.247414571799014,0.3054015351517167,115977.6,121776.47446975709,3.3727344352519157,0.9249406802654266,0.956574142575264,18.883129668568817,-0.24154624936221347,18.270322790114857,30.36615444000815,-11.06804315402569,1
HK.00376,492,1.8799999952316284,1.909999966621399,-1.570679157803206,0.11036755805784523,11866041.6,22308158.151418302,6.732145149974393,1.887099995613098,2.466624997854233,-15.124150425230045,11.242599501662864,-34.72222498169641,-43.202416080620345,-67.36111249084821,0
HK.00377,492,0.8849999904632568,0.9350000023841858,-5.347594844217364,0.18546429265329759,1069530.0,946534.0398001671,17.97916555709835,3.3800999867916106,1.7094249933958054,-79.41860578587529,-36.33093528264823,-6.842105098048074,-3.804350607730891,-11.500000953674316,0
HK.00379,492,0.14499999582767487,0.14499999582767487,0.0,0.05763123862746617,8189151.0,1187426.8608321995,17.383155280024145,0.09396000012755394,0.08611000008881092,104.22533954970581,137.70490852183352,83.54429006863117,110.14492675377224,43.56434730592548,0
HK.00380,492,0.11699999868869781,0.11900000274181366,-1.68067563616374,0.8025682182985554,126800.0,14835.599833726883,3.2825445084052816,0.1288599993288517,0.13575000017881395,-12.6865703176883,-12.6865703176883,-7.87401972068889,-24.025974465795787,-24.51613045880002,0
HK.00381,492,0.05700000002980232,0.05400000140070915,5.555552872733394,0.40355714972987095,6306018.0,359443.026187934,8.096605412715856,0.07678000040352345,0.15110500039532782,-28.74999837018546,-43.5643583711438,-83.71428542842669,-73.36448616026811,-84.9999998039321,1
HK.00382,492,0.44999998807907104,0.46000000834465027,-2.1739174096029172,2.1914553200415043,268637.35,120886.80429759322,1.5179017207589158,0.4734000009298325,0.8913698349893093,-6.250000388051082,-4.255321442460307,-68.08510647292086,-66.86336733543753,-69.23026793224302,0
HK.00383,492,0.9049999713897705,1.034999966621399,-12.560386417788377,2.025111381125962,27190.0,24606.94922208786,2.04142506397852,0.8351000034809113,0.9421749922633171,15.286616707598984,6.470581882965372,-12.980768789906458,-12.135922667195663,0.5555550404536735,0
HK.00384,492,5.400000095367432,5.369999885559082,0.5586631368284699,0.3865552102805949,11522018.55,62218901.26882532,2.4471758782329167,5.561362409591675,6.623256235122681,-4.255315191482674,0.3797183813691844,-23.9299218316004,-26.62532451157719,-26.530772050864336,2
HK.00385,492,0.2409999966621399,0.2409999966621399,0.0,0.0,15900.0,3831.8999469280243,0.39999991655349737,0.2511199966073036,0.3302641747146845,0.41666752037904586,-15.438596601301285,-37.67241766678503,-46.95524672944658,-37.67241766678503,0
HK.00386,492,4.389999866485596,4.380000114440918,0.22830483523752476,0.19814990530406199,109411622.2,480317006.8499724,2.196279031161428,4.416477298736572,4.419138321876526,-4.50023780293942,10.057658205619068,3.8425184523134113,-1.0181804498344298,14.303321247251827,2
HK.00387,492,0.6800000071525574,0.6800000071525574,0.0,0.0,168800.0,114784.00120735168,3.771758630108212,0.7186652195453643,0.6974727109074592,-6.459332320841055,-11.136366433409997,1.2289345719957914,5.567327919855307,-2.7669367048388347,0
HK.00388,492,380.0,378.0,0.5291005291005291,0.5873714478353901,3138634.25,1192681015.0,1.2218019608055253,399.6225286865234,397.0376152038574,-5.9405940594059405,2.751933823339496,-0.9835532141118221,-5.505656339265462,-10.33604253692061,2
HK.00389,492,0.28999999165534973,0.28999999165534973,0.0,0.5515289495808913,216843.35,62884.56969051808,7.777947287467361,0.34112000197172165,0.3170450021326542,-20.547949567613223,56.756750225933814,0.0,-32.558142597318096,-32.558142597318096,0
HK.00390,492,3.240000009536743,3.2049999237060547,1.0920463857676677,0.3606071882335862,17744534.0,57492290.32922506,1.7733518104091506,3.3184488582611085,3.667332582473755,-1.061689483182545,1.757300338603325,-17.26044483345717,-11.915514102966887,-7.2050044603179195,2
HK.00391,492,0.27000001072883606,0.27000001072883606,0.0,0.791567720701579,2020300.0,545481.0216754675,5.388019164467269,0.2427399994432926,0.13556500032544136,-14.285710230976514,175.51022223485947,181.25000873114908,167.32673398794674,213.9534901853765,0
HK.00392,492,28.979999542236328,28.959999084472656,0.06906235633962925,0.34325668833838957,1336369.55,38727988.94725857,2.0622755802992616,29.966956939697265,30.476249675750733,-4.2940683593550695,3.200577395817711,-0.849592190267095,-4.448287760977995,-10.128533773786662,1
HK.00393,492,1.309999942779541,1.3200000524520874,-0.7575840359983141,0.6708074534161491,163400.0,214053.990650177,0.6907921609928205,1.2991447758674621,1.2936715292930603,0.38314141245931693,1.5268839278298425,2.1090402532071115,-0.06349548174445788,8.392675668848414,0
HK.00396,492,0.25,0.24699999392032623,1.2145773900874939,0.026455026455026454,615200.0,153800.0,4.683421972801962,0.3158799988031387,0.2606316410005093,-15.254233521108176,4.166668994973155,-8.949581391633215,147.13684667637114,123.70144794721529,1
HK.00397,492,0.03700000047683716,0.035999998450279236,2.7777835266828066,0.0,4193541.0,155161.01899963617,9.203200727589515,0.03903999984264374,0.042914380002766844,-7.499996740370916,-2.6315745616387045,-17.777779985357125,-17.777779985357125,-27.450978100551872,1
HK.00398,492,3.180000066757202,3.194999933242798,-0.4694793990299535,0.8468523950590533,661433.95,2103360.0051554795,1.1592209824161865,3.1730352687835692,3.1729359996318816,-0.5166049844004866,1.2921811312134446,0.379644178315134,-3.4476670411859494,4.434740027486192,0
HK.00399,492,0.0729999989271164,0.0729999989271164,0.0,,0.0,0.0,0.0,0.0729999989271164,0.09603499939665198,0.0,0.0,-49.3055541183293,-16.09195284176285,-81.03896084795272,0
HK.00400,492,4.400000095367432,4.255000114440918,3.4077550417543483,0.2645537020626353,5573465.0,24523246.531527042,5.725570058175292,4.223099985122681,3.643574993610382,-4.034895119745925,-15.057910401926792,74.60317970914069,46.179405624856685,70.54264439849393,2
HK.00401,492,0.0949999988079071,0.0949999988079071,0.0,0.0,539032.0,51208.03935742378,0.4388149866271615,0.11291999951004981,0.12689093992114067,-5.000002607703171,-12.844035693886942,-20.83333255723117,1.0638319795733608,35.714283433495744,0
HK.00403,492,0.1979999989271164,0.1940000057220459,2.0618521067476143,1.80857310628303,175600.0,34768.79981160164,6.87289461466695,0.18789999961853027,0.16387999966740607,8.196721711936613,40.42552854206408,33.783781334725184,27.74193380923476,2.590671054865534,2
HK.00406,492,0.5049999952316284,0.5550000071525574,-9.00901104082059,0.47619047619047616,8600.0,4342.999958992004,0.8707206865166222,0.524200000166893,0.6494000016152859,0.0,0.9999990463256836,-36.87500153668222,-32.66666730244954,-31.756758280615443,0
HK.00408,492,2.640000104904175,2.640000104904175,0.0,0.2842809364548495,120100.0,317064.0125989914,1.4809057325237585,2.554560170173645,2.135308644771576,4.197244263980409,26.490598962917556,34.54889485873382,52.44103335899495,54.913056802413415,0
HK.00410,492,0.27000001072883606,0.2750000059604645,-1.8181800448205245,0.18351476598561792,874863.6,236213.18138626814,3.5941456859653242,0.31730000138282777,0.42357499718666075,-14.285710230976514,-23.943656651043256,-39.32583931042917,-49.0565989992717,-50.90909002241026,0
HK.00411,492,11.050000190734863,11.0,0.4545471884987571,2.3076923076923075,1450.0,16022.500276565552,0.4166666666666667,11.223000164031982,11.856432285308838,4.245281066704478,-2.2123893431876303,-12.992123175675447,-0.613085680171278,0.12206377473625507,1
HK.00412,492,0.5249999761581421,0.5149999856948853,1.9417457749564655,0.44478529697266245,2686019.35,1410160.0947103084,5.914240966159244,0.5468000036478042,1.0617999973893166,-20.454552227800274,11.702122870156417,-64.28571660270723,-63.02816957572321,-89.52095903845267,1
HK.00413,492,0.020999999716877937,0.023000000044703484,-8.695653582340375,0.0,601385.45,12629.09427973451,1.7136036994273844,0.02257999997586012,0.0270600001886487,-8.695653582340375,-8.695653582340375,-25.000003326151948,-36.36363687676175,-38.23529830698713,0
HK.00417,492,0.699999988079071,0.7049999833106995,-0.7092191985804456,0.0,43900.0,30729.99947667122,1.3109829206969716,0.7268000078201294,0.8044000035524368,-4.109593179530491,-2.777783296726149,-4.109593179530491,-23.913046154272756,-49.275363007405055,0
HK.00418,492,0.6800000071525574,0.6800000071525574,0.0,0.0,233147.5,158540.30166760087,5.489748760299783,0.6510999917984008,0.7141249984502792,13.33333002196431,-2.8571401810159034,-6.849316522537741,-16.049382080121152,-9.333332379659016,0
HK.00419,492,0.4300000071525574,0.41999998688697815,2.3809572804273027,0.24648952592939177,1494464.05,642619.5521892399,5.8943619392862185,0.5336000019311905,0.4067849998176098,-20.370372210019827,-10.416663174206933,68.62745693856515,17.808218059586352,-27.118639615855116,1
HK.00420,492,0.6150000095367432,0.6150000095367432,0.0,0.8957694471815177,776627.6,477625.98140649794,1.8497184354601608,0.6642000019550324,0.6351672643423081,-6.8181840759334245,-6.8181840759334245,-1.6642660889141723,6.1401609303970535,1.3156020022374297,0
HK.00422,492,0.27000001072883606,0.26499998569488525,1.8868020014566025,0.2660753880266075,22850.0,6169.500245153904,2.0169523339118194,0.2619999945163727,0.27352499827742577,1.8868020014566025,0.0,-8.47456856590309,-1.8181800448205245,-34.14633827220817,1
HK.00423,492,0.6050000190734863,0.6100000143051147,-0.8196713302251629,1.4745308310991958,77800.0,47069.001483917236,1.1489148595579093,0.6458191442489624,0.6943980506062508,-6.923070574652987,-8.372714173545788,-16.702466063337276,-14.481200924628116,-22.622892433472728,0
HK.00425,492,22.959999084472656,22.8799991607666,0.3496500290228781,0.1965560090602576,3247512.7,74562888.61881332,3.667177115537486,25.925200080871583,31.7726145362854,-9.177221278314375,-22.484812849630938,-33.765970659204456,-29.78877931831904,-32.67088849589755,2
HK.00426,492,0.15800000727176666,0.15800000727176666,0.0,0.0,111300.0,17585.40080934763,2.866305910448012,0.1326800000667572,0.11759500049054622,18.796996777427854,8.965525391836321,51.92308078062597,77.52809496694036,143.07694318026554,0
HK.00430,492,0.35499998927116394,0.35499998927116394,0.0,0.0,3500.0,1242.4999624490738,0.2807117859958429,0.3439749997854233,0.3712287637591362,4.642591309528547,4.642591309528547,-6.738070935394563,-11.23261662591891,-10.150097277240475,0
HK.00432,492,0.20900000631809235,0.20499999821186066,1.9512234834742852,2.1935288397093506,141763.55,29628.5828456752,3.8974237711464257,0.219480000436306,0.2384599980711937,-0.47618436029419436,-4.128435162038511,-22.592593328452377,10.00000470562991,3.9801000557347894,1
HK.00433,492,0.03799999877810478,0.039000000804662704,-2.564107707501292,0.22927954117197893,18799957.35,714398.3563284221,8.305719815123533,0.0489800002425909,0.06664000030606985,-24.000003576278633,-44.117651892677465,-54.216867199499895,-51.89873793772277,-40.62500472937223,0
HK.00434,492,3.2149999141693115,3.2799999713897705,-1.9817090788850762,0.1313484956658903,2278796.95,7326331.998659289,5.557094327753444,2.765500016212463,2.780690081715584,5.756577451060664,62.37373147469596,20.660447177907198,-8.66205877450154,-51.91326184926096,0
HK.00436,492,0.057999998331069946,0.05400000140070915,7.407401530749339,1.2578616352201257,169000.0,9801.999717950821,2.2704405952703715,0.0554799997061491,0.059755942318588495,15.999994933605269,15.999994933605269,-7.191273440688217,-12.650613360011794,-2.6269039398211764,1
HK.00438,492,1.1950000524520874,1.149999976158142,3.9130501936425373,0.35382574082264484,11410.0,13634.950598478317,3.5442404921158333,1.1861000037193299,1.611424999833107,0.42016764631987913,-8.778617965696114,-34.69945221704194,-39.64646257875941,-50.61983410008221,1
HK.00439,492,0.5249999761581421,0.5199999809265137,0.9615375798129149,0.5409796433191191,171335.0,89950.87091505527,4.059676179575169,0.6058999991416931,0.7957749980688095,-6.2500046566128535,-9.482760126752364,-30.92105490183899,-54.74138006337618,-67.98780605259005,1
HK.00440,492,44.900001525878906,44.41999816894531,1.080601928680788,0.5326431091651604,218098.65,9792629.71779213,2.228971628560413,45.994321975708004,39.82448905944824,-1.1646604049974116,17.354387384558844,21.864553870887786,34.187944152627416,39.68102180113954,1
HK.00442,492,0.6050000190734863,0.6050000190734863,0.0,0.0,79300.0,47976.501512527466,1.5420224231863673,0.6085000014305115,0.7221750009059906,0.8333325054910776,-9.701491939806427,-25.308639840406727,-22.435892145544155,-34.9462350085507,0
HK.00444,492,0.009999999776482582,0.009999999776482582,0.0,,0.0,0.0,0.0,0.009999999776482582,0.009999999776482582,0.0,0.0,0.0,0.0,0.0,0
HK.00450,492,0.6499999761581421,0.6499999761581421,0.0,3.6308623298033282,74100.0,48164.99823331833,1.2182043787065102,0.7027205860614777,0.7680776509642601,-4.391086160585634,-10.851151075113934,-17.389793237944005,-22.77741808866216,-23.60776616327829,0
HK.00451,492,0.4449999928474426,0.4350000023841858,2.2988483697581654,0.1848410644757475,2023205.15,900326.277278909,4.856603524639759,0.5668999993801117,0.9234250009059906,-18.348627665981706,-39.04109846295138,-58.41121766044316,-54.59183834831397,-46.38554195237101,1
HK.00455,492,0.11999999731779099,0.11900000274181366,0.8403315570899159,0.0,159700.0,19163.99957165122,3.367623952288522,0.11140000030398368,0.10376500073820352,17.647058393853477,33.33332505491078,23.711333792145705,-13.669065789377765,-25.0,2
HK.00456,492,0.47999998927116394,0.49000000953674316,-2.0408204226431472,0.8588114050154586,57020.0,27369.599388241768,3.153323649641985,0.5118000018596649,0.49637499943375585,9.090907243657693,5.494500096186174,-4.000002145767212,10.344824515020303,-4.000002145767212,0
HK.00458,492,1.7649999856948853,1.9450000524520874,-9.254501897327646,2.2222222222222223,2500.0,4412.499964237213,0.029156721027110127,1.6965000057220458,1.7153414595127106,10.312497462146023,-11.750000715255737,3.168111722827939,7.753363969200917,-7.639974700930326,0
HK.00460,492,0.7400000095367432,0.7099999785423279,4.225356605785697,0.4137779804800479,18628432.05,13785039.894654572,3.511253522855255,0.8060000026226044,1.1186694851517678,-6.918239748170006,-18.68131997691532,-41.47067933318342,-41.47067933318342,-52.55474257292329,1
HK.00464,492,0.7099999785423279,0.699999988079071,1.4285700905079517,0.08547008547008547,187800.0,133337.99597024918,6.446720989599938,0.7416999995708465,0.8863249979913235,-2.0689716974136187,-12.345681919446163,-10.126587435748647,-53.89610414743062,-21.111111405455045,2
HK.00465,492,3.200000047683716,3.1700000762939453,0.9463713144399526,0.29034059184812955,86750.0,277600.00413656235,1.616190909281666,3.5174000024795533,2.3371999955177305,-17.525774399498584,-16.883113585710245,350.7042456893458,344.4444334065477,753.333346048991,1
HK.00467,492,0.38999998569488525,0.39500001072883606,-1.265829088137235,0.1488123183289241,34914561.05,13616678.310043197,4.02236774584033,0.3900999987125397,0.4766499997675419,-8.235300057486924,13.04347450506333,-35.000004967053535,-17.021279428921556,-27.77778329672615,0
HK.00468,492,2.2739999294281006,2.2739999294281006,0.0,,0.0,0.0,0.0,2.2739999294281006,2.2739999294281006,0.0,0.0,0.0,0.0,0.0,0
HK.00470,159,27.360000610351562,27.639999389648438,-1.0130202079589712,0.3008851535367308,1240535.35,33941047.93316269,4.645755119725297,29.15120002746582,,-3.7297658800028053,-13.3628857617149,-35.58186855207715,-39.88578041805862,,0
HK.00471,492,0.11900000274181366,0.1080000028014183,10.185184865801594,3.6285850436866336,532252.5,63338.048959337175,5.105536543574487,0.12198000028729439,0.3622996948286891,-3.2520329635483085,-23.717948534255907,-81.11111053293554,-83.23943572700837,-83.23943572700837,1
HK.00472,492,0.18000000715255737,0.18199999630451202,-1.0988951607495545,0.0,101000.0,18180.000722408295,1.7048248778838266,0.21036000043153763,0.2740999990701675,-21.739128744669838,-24.686187146868967,-38.98304571060206,-48.571425652017346,3.448282949422888,0
HK.00474,492,0.1420000046491623,0.1420000046491623,0.0,0.0,1145015.65,162592.22762336358,3.020873335438192,0.13812000006437303,0.12203499969094991,-5.960257515761186,24.561407521857813,18.3333398525915,18.3333398525915,255.0000195577745,0
HK.00475,492,0.2800000011920929,0.2800000011920929,0.0,0.0,6700.0,1876.0000079870224,0.0,0.3301999968290329,0.4007999999821186,7.6923121009354265,-42.85714372601521,-22.22222498169641,-43.99999976158142,-42.26804269412987,0
HK.00476,492,0.8199999928474426,0.8700000047683716,-5.747127775503971,0.15149241204906194,572351.6,469328.3079062223,4.234966938686101,0.6274999946355819,0.634799997806549,22.388055585333166,76.34408312707242,32.25806234530432,0.0,-30.508472093457662,0
HK.00480,492,1.0,0.9900000095367432,1.0101000370632516,1.257070632591489,168520.85,168520.85,1.6034322867282644,1.0275,1.1030250018835068,0.0,-3.8461503192516595,-11.504424405327622,-9.090911061310528,3.092780464424631,1
HK.00482,492,0.49000000953674316,0.49000000953674316,0.0,0.0,25700.0,12593.0002450943,0.2061856715354033,0.5315000039339065,0.6897275267541408,1.0309268214748768,-18.333334989017843,-39.506171840190376,-17.34937651372494,-39.63717998017334,0
HK.00483,492,0.1770000010728836,0.1770000010728836,0.0,0.0,15858.5,2806.9545170143247,1.5600178226233548,0.1888599994778633,0.23448499843478202,0.0,0.5681829727139418,-22.026430590259288,-41.9672141239163,-39.999996969255214,0
HK.00484,492,0.6449999809265137,0.6200000047683716,4.0322541880434235,8.806722689075631,29695.0,19153.274433612823,1.141267736972284,0.6993000030517578,0.770024998486042,-10.416672875483584,2.3809501283202863,-20.37037295950674,-23.214285587575155,-25.000003465386268,1
HK.00485,492,0.3400000035762787,0.3400000035762787,0.0,0.0,12031.8,4090.8120430290696,1.4705881321718957,0.3698000001907349,0.4049500013887882,-8.108108325802206,-13.924052065485734,-21.839080066028245,-19.047615668670826,9.677419664956526,0
HK.00486,492,2.7950000762939453,2.7699999809265137,0.9025305248944288,1.050168542997974,261846.15,731860.0092272758,2.786960479016989,2.981699981689453,4.046974993944168,-7.142854313970338,-8.660126517678426,-29.596975915579886,-42.132502682332465,-32.6506021189264,1
HK.00487,492,0.04100000113248825,0.04100000113248825,0.0,0.0,178450.0,7316.450202092528,1.789701047324869,0.04152000054717064,0.04699500024318695,2.500005122274275,2.500005122274275,-14.583331716453879,-14.583331716453879,-69.172931783269,0
HK.00488,492,0.6449999809265137,0.6449999809265137,0.0,0.0,8605.7,5550.676335859299,4.207156840815709,0.6976000022888184,0.7083500054478645,-7.857144012743132,-9.154929518344925,4.0322541880434235,5.73769931157614,-2.2727340459820917,0
HK.00491,492,0.026000000536441803,0.026000000536441803,0.0,0.0,5003300.75,130085.82218397968,6.925276418684104,0.02632000047713518,0.02869000022299588,4.000000596046439,8.333334626836898,-7.1428580931862715,-25.714284497864398,-31.57894375664364,0
HK.00493,492,0.009999999776482582,0.009999999776482582,0.0,6.093612338441578,4541745.2,45417.45098484084,0.0,0.009999999776482582,0.012480000057257712,0.0,0.0,-33.33333333333333,-33.33333333333333,-50.0,0
HK.00496,492,0.20000000298023224,0.20000000298023224,0.0,0.0,2150.0,430.0000064074993,0.7808823688542241,0.1791200003027916,0.2871800002455711,12.359550279614425,-2.439022085483674,-34.426230068842386,-51.807227228493836,-51.807227228493836,0
HK.00497,492,0.14000000059604645,0.14000000059604645,0.0,0.0,873550.0,122297.00052067637,2.6647831077007393,0.16678000152111053,0.1923250002413988,-16.167662159437075,-24.324324977406615,-33.33333096806958,-20.454544684857375,-26.31578823536055,0
HK.00498,492,0.07100000232458115,0.07100000232458115,0.0,,0.0,0.0,0.0,0.07100000232458115,0.10325500149279833,0.0,0.0,-41.32231181049417,-54.19354723966086,-48.17517871061226,0
HK.00499,492,0.17000000178813934,0.17000000178813934,0.0,0.0,94545.0,16072.650169059634,3.0633421924841038,0.18875999987125397,0.15820500001311302,-4.494382680899675,-6.077344109150927,61.90476866265835,45.29914845594038,49.12280850811862,0
HK.00500,492,0.06499999761581421,0.06700000166893005,-2.985080601935728,1.4063290690764165,160111.1,10407.22111826539,5.932361104461736,0.06638000093400478,0.06926500052213669,-8.45071058073706,6.557371943300105,-14.473684597502467,-18.750001164153243,-34.343436395935896,0
HK.00505,492,0.949999988079071,0.9900000095367432,-4.040406168924137,0.8603569047226425,21821.55,20730.472239866853,1.1868076112910555,0.9253429782390594,0.9266269147396088,-1.95186976289589,8.942371397994501,6.574050899911489,6.574050899911489,0.04911324048143781,0
HK.00506,492,3.690000057220459,3.6649999618530273,0.6821308493217983,0.1518701807127908,3395061.95,12527778.789767005,2.5157402138945377,3.604500012397766,3.651822862625122,-7.865169743308028,14.95327144452542,0.4894883276035148,-9.559465202880496,-21.908778327337266,1
HK.00508,492,0.27000001072883606,0.26499998569488525,1.8868020014566025,0.05655578947368421,1607658.3,434067.7582483023,7.199386866929985,0.3143000018596649,0.4507000006735325,-12.903223015391266,-28.94736470608165,-45.45454381254424,-31.64556876070856,-35.71428115270561,1
HK.00509,492,0.17000000178813934,0.17000000178813934,0.0,,0.0,0.0,0.0,0.17000000178813934,0.17000000178813934,0.0,0.0,0.0,0.0,0.0,0
HK.00510,492,0.4000000059604645,0.4000000059604645,0.0,0.0,12517.15,5006.860074608027,0.6805758903665148,0.48989999532699585,0.5466749988496303,-13.043478542555025,-36.507935081269515,-32.20338580663828,-19.19191876621517,-21.56862481563465,0
HK.00511,492,2.0,2.009999990463257,-0.4975119657066306,0.08591968636859627,715287.9,1430575.8,3.088579576688048,2.326399984359741,2.6684499764442444,-11.89427238745225,-12.663754003662275,-30.31358607143652,-36.10223875799311,-42.02898630848503,0
HK.00512,492,4.875,4.724999904632568,3.174605257036426,0.329469425734173,4112794.15,20049871.48125,2.98642006719242,5.061000022888184,6.084440217018128,-0.3067457442770032,-9.554728742904171,-23.346621467665926,-35.335998209276234,-40.66126863589968,1
HK.00513,492,0.14499999582767487,0.1459999978542328,-0.6849329049691699,0.4424778761061947,23100.0,3349.4999036192894,0.6451611507695634,0.13283999904990196,0.13983999900519847,11.538462420187086,34.25925191343667,20.83333255723117,10.687022032447905,-17.142858115994215,0
HK.00515,492,0.17299999296665192,0.17299999296665192,0.0,,0.0,0.0,0.0,0.17299999296665192,0.17299999296665192,0.0,0.0,0.0,0.0,-8.465610050794039,0
HK.00517,492,6.630000114440918,6.635000228881836,-0.07535967247073651,0.19570960309155186,2572515.2,17055776.070401,2.0639184252462446,6.07140739440918,5.86062301158905,2.556061266990313,27.165778355148763,15.780727618740231,16.702539970952195,25.92645591492936,0
HK.00518,492,0.15000000596046448,0.15199999511241913,-1.3157823791214334,0.2885686418228304,67807.6,10171.140404164791,1.747582133271016,0.1687999999523163,0.19096999987959862,-3.225803350434739,-21.874997574680815,-19.35483741751987,-22.680411579277248,-34.49781460482967,0
HK.00519,492,0.1289999932050705,0.1289999932050705,0.0,0.4669603524229075,574750.0,74142.74609461427,3.798900456946878,0.14289999961853028,0.1703599999845028,-9.15493733694641,-18.35443843797736,-31.016048789109373,-39.15094588284777,-37.073173497419596,0
HK.00520,492,0.21899999678134918,0.21299999952316284,2.81690012752036,2.3451623702711752,650000.0,142349.99790787697,5.519695326049412,0.24888000041246414,0.45699499763548374,-14.11764671508278,-20.363639260126476,-57.88461445880356,-70.40540622175827,-78.3168317971072,1
HK.00521,492,0.19099999964237213,0.19300000369548798,-1.036271510269718,0.1447365957974062,1857499.0,354782.3083357066,3.9221812588887683,0.19230000019073487,0.25118999905884265,-2.0512786419432705,-22.04081798980055,-37.37705076615418,-23.600000143051147,-32.982455424874985,0
HK.00522,492,182.0,178.60000610351562,1.903691926255454,0.5680376165360979,2251966.5,409857903.0,4.511450147916837,162.61512939453124,142.27174007415772,8.527133757892239,-6.458804174252274,71.88517039867098,126.9222720171195,119.61965043664118,3
HK.00524,492,1.7999999523162842,1.715000033378601,4.956263398446165,1.8088066867447894,149808.05,269654.4828565955,5.090341684398434,1.9350999903678894,1.2297250002622604,-13.043477760095387,-36.1702129458417,300.0,579.2453016917374,414.285709420029,1
HK.00525,492,2.259999990463257,2.265000104904175,-0.22075559423117588,0.17326152525309743,5825389.4,13165379.988444759,2.6133255036064282,2.305299987792969,2.1785967528820036,-5.2410901677077275,4.147461336638232,11.888597324837201,9.816570900423574,-6.978893745687687,0
HK.00526,492,0.0949999988079071,0.09300000220537186,2.150533930223632,0.0,908200.0,86278.99891734123,4.878648278575951,0.10552000030875205,0.10710999991744757,-17.39130688299524,-26.92307515962583,-5.940598514708368,10.46511114143324,9.195404070689056,1
HK.00527,492,0.7799999713897705,0.75,3.9999961853027344,0.508706562238613,2014880.0,1571606.3423538208,3.9726966364013316,0.7562999975681305,0.6800749990344047,-3.703707519273088,25.80644603078253,16.417903277677127,29.999990065892934,0.0,1
HK.00528,492,1.2000000476837158,1.1799999475479126,1.6949238156632322,0.0,26900.0,32280.001282691956,0.9188095626839181,1.1848999905586242,1.099093434214592,0.0,15.384624201870853,-1.0416630825838544,20.634931667812538,6.442578511781473,1
HK.00529,492,1.7649999856948853,1.7699999809265137,-0.28248560935074984,2.3076923076923075,2900.0,5118.499958515167,0.0,1.780200023651123,1.9329850262403487,3.8235256581159014,-1.1204471316808544,-10.514003638212865,-17.524425892102943,-8.21949176439725,0
HK.00532,492,0.3149999976158142,0.3149999976158142,0.0,0.0,440300.0,138694.498950243,3.818512563903957,0.30690000295639036,0.3538249982893467,-1.5624985448084445,-22.222223039844234,25.999999046325684,-3.076920255401327,3.2786853209006517,0
HK.00533,490,0.8149999976158142,0.8299999833106995,-1.8072272284938358,2.8207017643598866,145399.9,118500.91815333962,1.334160472844483,0.8743999934196472,0.9392841917276382,-6.8571431296212335,-10.439563282675282,-12.877012636544713,-14.673365862060143,-13.784542553235092,0
HK.00535,492,0.09799999743700027,0.09600000083446503,2.0833297761985303,0.644393726149082,1348944.95,132196.60164265445,6.655070977493796,0.09680000007152557,0.12918000020086765,-2.9703029457602916,-1.010103062602563,-34.2281913761082,-38.75000023283065,-49.74358921455442,1
HK.00536,492,1.149999976158142,1.125,2.222220102945964,0.8714933406854903,296334.4,340784.55293483735,1.0165273292407146,1.1210556840896606,1.0526042973995209,2.8475761002204525,6.061569567146186,16.34472336421761,20.81953246597101,24.408229367484505,1
HK.00537,63,24.0,23.520000457763672,2.040814340536656,0.0061363963295565215,1524709.9,36593037.599999994,6.6510581318529285,23.978399963378905,,6.571933890552407,,,-16.666664459087173,,1
HK.00538,492,0.800000011920929,0.7900000214576721,1.265821543245696,0.33372422393134304,445134.9,356107.92530642153,1.5934699359738478,0.8041000068187714,0.8161404851078987,0.6289302046118699,-1.2345667202249964,3.4828082017564923,2.3200873768252137,-11.587496987982362,1
HK.00540,492,0.19200000166893005,0.19200000166893005,0.0,0.0,1800.0,345.6000030040741,0.0,0.20151999920606614,0.19858499929308893,-12.727271495771793,-3.517587563416047,12.941176264343794,1.0526337253750466,7.262567693101353,0
HK.00542,492,0.8299999833106995,0.8299999833106995,0.0,0.0,91104.0,75616.31847953796,1.4967062524202146,0.8045000004768371,0.9799750021100044,3.10558707279667,27.692309808449007,-42.75862372304247,-2.352945878843816,10.666664441426594,0
HK.00543,492,0.22499999403953552,0.2240000069141388,0.44642281005823026,4.027293887784041,59587.75,13407.243394829333,0.7292233554603449,0.25233999580144884,0.2756917592138052,-7.02479534763578,-19.642859613712943,-15.010494022842341,-19.057608148288,-29.175409028064553,1
HK.00544,492,0.9950000047683716,0.9049999713897705,9.944755383847339,3.692868447556472,24701.0,24577.495117783546,3.298295295331384,0.9075999987125397,1.5112500041723251,10.555559014096763,-37.81250062864273,-41.470589596507416,-47.631578039264404,-9.545456072515659,1
HK.00546,492,4.300000190734863,4.335000038146973,-0.8073782492299657,0.40206774480962565,6534519.1,28098433.376360606,2.4320337002617856,4.782413396835327,6.323782756328582,-8.92145639957847,-13.185096387581261,-46.284435070537405,-45.022887027059255,-50.80035354003787,0
HK.00547,492,0.19099999964237213,0.19499999284744263,-2.0512786419432705,0.1234168846052129,341510.0,65228.40987786651,4.422843934583133,0.22185999929904937,0.27137499883770944,-16.5938874005803,-26.538458981457453,-34.13792926264428,-51.025639320971635,-46.94444665202379,0
HK.00548,492,6.244999885559082,6.304999828338623,-0.9516248122619076,0.28295064667731695,1023145.35,6389542.593660307,2.273781047151103,6.63519998550415,6.81687314748764,-7.481483176902488,-2.7258596363737913,-12.95283112859315,-8.307056597142243,-9.451625910135776,0
HK.00550,492,0.38499999046325684,0.4350000023841858,-11.494255551007942,0.5436202641892872,2790900.0,1074496.4733839035,13.498375909303467,0.8783999949693679,0.7608149987086654,-59.68586416843936,-63.67924422206038,-39.84375014551916,220.8333325572312,187.31341856204241,0
HK.00551,492,12.329999923706055,12.170000076293945,1.314707037050678,0.717658689461807,3631222.3,44772970.68195972,3.001810436856093,13.059163913726806,14.076540632247925,-7.119702902405567,-1.2786341159328019,-11.12338238880852,-15.130346626706615,5.805489536511119,1
HK.00552,492,4.03000020980835,4.03000020980835,0.0,0.1476123503745283,8792788.95,35434941.313300535,2.012062318361432,4.065600018501282,4.109559420347214,1.256286193347882,1.5113395658872142,2.8465533964307967,-7.769866937537949,-7.371464351071004,0
HK.00553,492,2.940000057220459,2.9000000953674316,1.379308984055717,0.17334394622800037,1111100.0,3266634.063577652,2.1992984846147,3.2384000062942504,4.289019997119904,-10.229008500513892,-12.759639256405677,-40.65667753345916,-38.93658250774877,-43.60682598077101,1
HK.00554,492,0.1899999976158142,0.19599999487400055,-3.0612231709717466,1.345291479820628,47600.0,9043.999886512756,1.8762757954550624,0.1976800000667572,0.20873999975621702,-5.000002607703171,-4.040404724571225,-2.5641002128344392,-26.92307515962583,-30.909093273572637,0
HK.00556,492,0.32499998807907104,0.33000001311302185,-1.515159040990203,0.3672264255397675,1079500.0,350837.4871313572,5.874461216952325,0.42332592844963074,0.4860804618895054,-24.418608680681704,-42.39102505315465,-40.645301960200335,-28.067395553435396,15.44737274200042,0
HK.00557,492,0.5,0.5,0.0,0.0,0.0,0.0,0.0,0.5347000014781952,0.5845749992132186,-1.960782480441495,-16.66666997803569,1.0101000370632516,-28.571427355007227,-43.181817873942954,0
HK.00558,492,1.159999966621399,1.190000057220459,-2.5210158955061504,0.49362494119424616,1162727.0,1348763.2811897993,4.172143951946824,1.3433067536354064,2.372444342970848,-13.381998100966724,-20.357944562633833,-54.70738068638337,-66.2878799427058,-75.56862758685519,0
HK.00559,492,0.12600000202655792,0.12600000202655792,0.0,,0.0,0.0,0.0,0.12600000202655792,0.11878000143915415,0.0,0.0,4.132233644051281,35.4838699340159,-30.00000165568451,0
HK.00560,492,0.5950000286102295,0.6050000190734863,-1.652890933552547,0.13968775677896467,238400.0,141848.0068206787,1.3016385216487538,0.5952316951751709,0.6659236094355583,0.8474567709761361,-8.32049552854989,-15.296599329242037,-19.696775898970778,-21.72977194283752,0
HK.00563,492,0.2290000021457672,0.23000000417232513,-0.4347834819205834,0.14646479323472145,1032040.0,236337.1622145176,3.4031977283060075,0.23055999994277954,0.27057499922811984,1.7777814276425423,-6.910570804712958,-19.649121045846115,-27.301586070148424,-31.641792107010797,0
HK.00564,492,10.960000038146973,10.930000305175781,0.27447147423212204,0.21572966118511883,982991.25,10773584.13749814,3.360019423935955,12.813199977874756,16.096957473754884,-10.676449639313702,-19.648095584453067,-38.35389170395775,-42.601276913097145,-52.69584923976367,1
HK.00565,492,3.450000047683716,3.690000057220459,-6.504065198240845,0.8679878426142551,9230765.35,31846140.89765719,7.2979146899118845,3.596899995803833,2.6673749965429305,-16.262132438978153,17.74743921770716,8.49056525969968,148.20144483375663,119.74521862565362,0
HK.00567,492,0.27000001072883606,0.27000001072883606,0.0,0.0,270000.0,72900.00289678574,2.8839111201252146,0.27589999794960024,0.24340499904006718,-6.8965453455194,-18.181818181818183,-22.857138478026023,190.32258529692848,193.47827196093047,0
HK.00568,492,3.5399999618530273,3.509999990463257,0.8547000419168391,0.023019252580973162,25387331.25,89871151.65655017,4.794935339191387,4.593499989509582,5.733475023508072,-25.630256478273257,-15.311002219346243,-65.63106896796607,9.597521391608641,-17.67442314350114,1
HK.00570,492,1.2000000476837158,1.1799999475479126,1.6949238156632322,0.8479628328887812,12092709.2,14511251.616625309,2.620334045749233,1.344399993419647,1.6919500011205673,-10.112358547243309,-16.08390967136665,-32.960889762172805,-43.39622111030189,-51.99999809265137,1
HK.00571,492,0.03999999910593033,0.041999999433755875,-4.761905606641802,0.3091241633569672,335064.5,13402.579700428993,4.3959408295615345,0.04276000030338764,0.046265000067651274,-11.111116630059483,-4.761905606641802,-14.89361600942768,-9.090910630285256,-28.571432372745086,0
HK.00572,492,0.3700000047683716,0.3700000047683716,0.0,0.0,17352.5,6420.425082743168,0.0,0.3842000007629395,0.42122499957680704,0.0,-1.3333320617675781,-16.853930176305184,-21.27659453046219,-18.68131997691532,0
HK.00573,492,0.25999999046325684,0.25999999046325684,0.0,0.0,78075.95,20299.74625540972,1.2145749390497884,0.26339999616146087,0.28769999772310256,-3.7037110623015317,-1.8867907552966041,-8.77193202602569,-20.0,-26.760563853240598,0
HK.00574,492,0.017999999225139618,0.017999999225139618,0.0,,0.0,0.0,0.0,0.017999999225139618,0.034402364743873474,0.0,0.0,-56.097564078171494,-61.702127996857435,-67.27272850422821,0
HK.00575,492,0.8199999928474426,0.8199999928474426,0.0,0.0,75247.35,61702.826461789016,2.3400401790383683,0.8708999991416931,0.8617749980092049,-0.6060600368335035,-20.38834799761952,2.4999975785613424,-20.38834799761952,13.888883369940519,0
HK.00576,492,5.789999961853027,5.735000133514404,0.9590205241184394,0.18736187456463513,12374463.75,71648144.64045167,1.8250097461579733,6.206900024414063,6.581416168212891,-4.769736274540253,-6.612900968148661,-13.237927166649207,-14.203288542670306,-13.963970826069197,1
HK.00579,492,1.6150000095367432,1.5950000286102295,1.253917276975866,0.3197445208761807,3611846.35,5833131.889695251,1.7910020116047358,1.6823000025749206,1.9269745826721192,-0.9202445238506708,-12.22826194349104,-22.54574040512032,-21.53546425519168,-25.426271178696965,1
HK.00580,492,1.1950000524520874,1.190000057220459,0.42016764631987913,0.868660397718514,2530100.0,3023469.6327090263,3.669925316134484,1.3194746732711793,1.8149013328552246,-4.729624673542393,-46.19775469098394,-27.96351950159349,-38.56788039240764,-34.244147486047595,2
HK.00581,492,0.9649999737739563,0.9599999785423279,0.5208328482694815,0.7064366911497102,3194727.7,3082912.146714932,4.416583870724554,1.0933999955654143,1.1958774611353875,-12.272731558350399,-4.455447239030208,-16.939364245477588,-22.560010920990802,-23.137921506742398,1
HK.00582,492,0.057999998331069946,0.054999999701976776,5.45454299154359,2.2400318582308727,262539.2,15227.27316184044,5.211808871302235,0.06794000074267387,0.08986500047147274,-17.142859879805105,44.999999068677404,-52.06611682202564,-50.84745933940374,-52.06611682202564,2
HK.00583,492,0.1720000058412552,0.17100000381469727,0.5847964937132787,0.0825593395252838,94300.0,16219.600550830364,1.817090893689553,0.1897199994325638,0.2159399990737438,-4.972369459237667,-13.999998360872294,-26.495723175648905,-29.508195119466702,-19.248823367931077,2
HK.00585,492,4.300000190734863,4.340000152587891,-0.921658074808496,1.1371087081141054,188864.3,812116.5260230064,8.676136682690933,4.6655999946594235,2.9819999969005586,-5.077262879049997,-34.84848101714858,405.88236119095404,437.5000158324835,357.4468299618347,0
HK.00586,492,7.385000228881836,7.320000171661377,0.8879789029527619,0.2532816379307308,3443263.8,25428503.95110054,2.400908634586659,8.130399990081788,9.94525001525879,-5.1380812635884805,-27.739725675869998,-35.090558654450795,-20.891622090057112,-29.094178142712757,1
HK.00587,492,0.23399999737739563,0.22699999809265137,3.0837001513485354,0.5199922179111419,770715.2,180347.35477871893,4.608994087308163,0.2631199985742569,0.41792999863624575,-16.428572721019076,-25.714285984601563,-54.99999885375679,-58.21428636050954,-64.54545635165583,2
HK.00588,492,0.6700000166893005,0.6700000166893005,0.0,0.055041598746745135,4661500.0,3123205.0777971745,2.450864388018529,0.693699996471405,0.7517749974131585,-4.964534390063119,-1.4705868173635692,-9.459458370988969,-11.842101960961466,-24.719098038391017,0
HK.00590,492,21.639999389648438,21.520000457763672,0.5576158426217606,0.4497190595984614,1430052.35,30946331.981165316,2.6105187048388205,22.61074119567871,23.696512870788574,0.27803274399677924,-1.1070205906317976,-2.1371628124061695,-5.182514344940634,-8.384211963242869,2
HK.00591,492,0.23800000548362732,0.23499999940395355,1.2765983350139942,0.17016806722689076,446900.0,106362.20245063305,3.0748927246929125,0.25063999742269516,0.2653649989515543,-6.666662770938177,-2.057611200374994,3.0303026393503663,-26.76922639587206,-39.74683569135086,1
HK.00595,492,1.125,1.125,0.0,0.515877565057893,666840.0,750195.0,3.019330437532683,1.2156746983528137,0.887664492726326,-11.067192670202362,-13.425262652467232,145.76054400120418,178.72843889495795,193.02221275894814,0
HK.00596,492,1.8700000047683716,1.8650000095367432,0.26809625769762824,0.42611803450068564,1516579.55,2836003.765731615,4.2729290802419575,2.1129999995231628,3.218313053250313,-13.625864308660992,-22.083336230781228,-36.38451455544095,-72.82709948013134,-79.72171533790296,2
HK.00598,492,4.465000152587891,4.440000057220459,0.5630652037216924,0.24910242089152934,3815248.6,17035085.581160735,2.7989800205553186,4.521791038513183,4.560298070907593,-4.455190705777543,13.783049215463333,-0.8427081705205899,-0.2229797191388972,-8.251005720138927,1
HK.00599,492,0.11400000005960464,0.12800000607967377,-10.93750418367543,1.922365988909427,118600.0,13520.40000706911,1.5206699483420283,0.12444000124931336,0.1468750002235174,-4.999997826913944,-11.62790227563846,-22.97297392538465,-38.37837914030772,-33.333334785688194,0
HK.00600,160,21.6200008392334,21.540000915527344,0.37140167272874103,0.0702477662980756,1840525.1,39792154.20663013,9.243663905740538,16.982800045013427,,27.10170810300221,54.4285774230957,9.302326029898316,-23.33333243151367,,2
HK.00601,492,0.06400000303983688,0.06400000303983688,0.0,,0.0,0.0,0.0,0.06400000303983688,0.06400000303983688,0.0,0.0,0.0,0.0,0.0,0
HK.00602,492,0.04500000178813934,0.04500000178813934,0.0,0.0,71875.0,3234.3751285225153,2.2517656481286044,0.04548000104725361,0.04604500016197562,-2.1739093463565164,12.500006984919466,9.756098890644923,-6.249997089616979,-23.72881099089438,0
HK.00603,492,0.11999999731779099,0.11999999731779099,0.0,1.7357775028625242,1295034.0,155404.07652644813,3.6504318715726196,0.12187999978661537,0.1579749998450279,-6.976741365383075,-8.396946695132815,-45.701358884756644,-25.0,-18.367348697207696,0
HK.00604,492,0.6299999952316284,0.6200000047683716,1.6129016752173695,0.16415197743933752,4831534.65,3043866.806461448,2.849914975081831,0.6599000012874603,0.7537249973416329,-3.076920255401327,-4.545459060957758,-9.999999148505061,-22.222223039844234,-28.409091063028523,1
HK.00605,492,0.7300000190734863,0.75,-2.6666641235351562,0.0,37665.0,27495.450718402863,1.9841292149301823,0.8027000069618225,0.8224749991297722,-14.619882714792826,-2.6666641235351562,-8.749998975545182,-10.975606653535715,-36.521736155836194,0
HK.00606,492,0.23999999463558197,0.24799999594688416,-3.2258070330838233,0.030418250950570342,64050.0,15371.999656409025,4.024359434041071,0.24801999658346177,0.27502499990165236,2.5641014211250326,-2.0408204226431472,-22.580647487173948,-11.111116630059483,-14.285716566504256,0
HK.00607,491,0.25999999046325684,0.25999999046325684,0.0,0.0,263737.5,68571.7474848032,7.586097974388771,0.3319400009512901,0.8590349976718425,-22.388064481548582,-44.08602398631887,-80.0,73.33332008785725,-23.529415373983642,0
HK.00608,492,1.0299999713897705,1.090000033378601,-5.504592674447205,5.211267605633803,17900.0,18436.999487876892,1.3580678520394782,1.078961389064789,1.2137319108843803,2.8247248243970806,-14.312725913890114,-7.903118769128967,-34.13678393108968,-31.6513761105024,0
HK.00609,492,1.024999976158142,1.0199999809265137,0.49019562011037376,0.28328611898017,71600.0,73389.99829292297,0.2650722108467344,1.0534208559989928,1.2494421896338463,-2.3809502184254883,0.2338468755271318,-19.659898873197193,-28.40439985814645,-31.21207325967003,1
HK.00610,492,0.8999999761581421,0.9100000262260437,-1.0989065691980104,1.2919254658385093,147200.0,132479.99649047852,0.19051647173004796,0.9174000024795532,0.8946000015735627,-0.5524856784194297,7.142857649699376,-3.2258097595362787,-2.1739174096029172,15.384616560249448,0
HK.00611,492,0.4300000071525574,0.4300000071525574,0.0,0.015117157974300832,345000.0,148350.0024676323,2.3258145348589965,0.45600000143051145,0.4887249983847141,-4.444440323629388,-9.473681568769173,-17.307687899064575,-18.867918799126038,-12.244898207432918,0
HK.00613,492,5.059999942779541,5.349999904632568,-5.420560131261239,0.4497774702376272,583670.0,2953370.1666021347,6.297300090165472,5.185400009155273,2.8378500056266787,3.7948706211187897,37.874654975191476,246.5753294912017,181.11111537909815,128.9592694768557,0
HK.00616,492,0.09200000017881393,0.08699999749660492,5.747129685152157,0.21237661623990223,16038407.1,1475533.4560678906,13.238754148564952,0.10566000074148178,0.22186499990522862,-18.58406922103783,-52.57732089419254,-61.825725538166886,-75.13513540725276,-55.769231595848424,1
HK.00617,492,0.18400000035762787,0.18199999630451202,1.0989033482009263,0.9635833477427469,337330.05,62068.729320638624,2.2074071086739533,0.18602000027894974,0.20348999999463557,-8.910894083656444,12.883434068533456,6.358386033632009,-26.399999856948853,-43.38461319793603,2
HK.00618,492,0.3050000071525574,0.2800000011920929,8.928573519295567,0.5455558579222226,389170.0,118696.85278356075,4.828503633271581,0.3151999992132187,0.2878200005739927,-3.174600171093715,-20.77921695905455,19.60784817878589,48.05825572794125,84.84848183814937,1
HK.00619,492,0.33500000834465027,0.33500000834465027,0.0,0.0,11028.5,3694.5475920289755,1.6027451207261116,0.29259999811649323,0.3325,15.517247580745028,4.687504947651288,15.517247580745028,-14.102558812210821,15.517247580745028,0
HK.00620,492,0.23999999463558197,0.24899999797344208,-3.6144592012486814,2.5316455696202533,76880.0,18451.199587583542,3.0848748811371545,0.2761600005626679,0.35410999834537504,-2.0408204226431472,-36.84210588231973,-15.789474509759632,-61.90476246791993,-74.7368423529279,0
HK.00621,492,0.4399999976158142,0.4399999976158142,0.0,0.4140039022069931,2265760.0,996934.3945980072,5.152696967508189,0.5074000012874603,0.5198250015079975,-18.518522197817433,-18.518522197817433,6.024097942928766,-13.725489050275936,-18.518522197817433,0
HK.00622,492,3.055000066757202,3.0250000953674316,0.9917345601315282,0.5592814216821329,30602711.5,93491285.6754514,5.296138707561284,2.8402000093460082,1.9519999966025352,10.288811833686772,38.23529475224534,60.78947921538954,307.3333422342936,511.00001335144043,1
HK.00623,492,1.8300000429153442,1.8300000429153442,0.0,0.145366444579043,78900.0,144387.00338602066,1.625226149446677,1.878736867904663,1.7481259113550187,-8.752921470400125,1.5639609060386255,19.951396375520783,9.494093968405586,-10.288462583631464,0
HK.00625,25,33.220001220703125,31.739999771118164,4.662890549015345,0.6993607987655903,2367655.85,78653530.2272049,6.566952567785196,,,-15.556682532148328,,,-31.5051521222616,,3
HK.00626,492,2.1500000953674316,2.1500000953674316,0.0,0.34926209094402677,3833744.0,8242549.965614319,1.2255985019537432,1.7521999812126159,1.5003508096933365,38.70968783931387,60.34592848390727,45.57722062774746,62.34584442800378,76.08280061691192,0
HK.00627,492,1.090000033378601,0.9300000071525574,17.20430376295656,11.169658563968358,197117.7,214858.29957951308,6.592165323346213,0.5970000094175338,0.5539500023424625,96.39639987950196,81.66666501098216,142.22223605638706,101.8518500122024,43.42105882319725,5
HK.00628,492,0.25999999046325684,0.2750000059604645,-5.454550971669479,1.1557102179771845,10287404.5,2674725.0718916655,10.186372643021159,0.3108799996972084,0.3018549992144108,-24.637683663291117,18.72145857739088,8.78661025257282,34.71501838594794,8.78661025257282,0
HK.00629,492,0.27000001072883606,0.2750000059604645,-1.8181800448205245,0.0,60250.0,16267.500646412373,2.910124861445592,0.2743800011277199,0.28403753533959386,0.0,-10.0,-8.290149303771404,-11.248528106552351,-8.290149303771404,0
HK.00630,492,0.18700000643730164,0.16099999845027924,16.149073439309284,1.0853520882174177,116563.2,21797.319150352476,6.7081369647448845,0.15529999926686286,0.2221849998831749,-4.102557283886541,-13.42592519134367,-28.076917962914905,-25.199997425079346,-45.79709939610129,1
HK.00631,492,8.460000038146973,8.375,1.0149258286205691,0.15583744895392887,9266654.15,78395894.4624948,4.687709731254558,8.452300004959106,9.640288126468658,-13.141681345483706,16.368639069360785,-22.129840466714302,2.148386200095597,22.691396861609086,2
HK.00632,492,0.11999999731779099,0.12700000405311584,-5.511816151121705,0.9462826823087309,4134678.75,496161.4389099274,8.71970178976055,0.18024000003933907,0.24679499942809344,-34.42623037586266,-50.2074693029892,-68.8311687557708,-37.500001940255345,-71.0843374142887,0
HK.00635,492,0.5099999904632568,0.5099999904632568,0.0,0.0,96540.0,49235.399079322815,0.1960782480441495,0.4796355813741684,0.4710909514129162,1.9999980926513672,12.935160858802341,11.3314828354021,11.3314828354021,7.0495088871480425,0
HK.00636,492,5.860000133514404,5.789999961853027,1.208983974483035,0.24019804214194582,1296692.85,7598620.274127174,2.522181821616931,5.796097669601441,6.2062742400169375,3.716823525003317,4.077571186190054,-7.372960432695787,-14.942198980245827,-18.33546111619688,1
HK.00637,492,0.17399999499320984,0.17399999499320984,0.0,0.0,110000.0,19139.999449253082,2.9011476105143847,0.1734999993443489,0.18174500048160552,2.3529371547039415,-5.945949864439708,-4.395605205352333,14.473684597502467,-11.224490028652044,0
HK.00639,492,2.759999990463257,2.75,0.3636360168457031,0.22326607108072358,21895790.5,60432381.57118547,3.1678857750789366,2.681619100570679,2.692261221408844,-3.4147115973224764,30.592848589386428,-3.9758482184739012,-1.3980173779250675,7.97685940792872,2
HK.00640,492,2.3299999237060547,2.3299999237060547,0.0,0.0,782900.0,1824156.9402694702,0.5602993073536705,2.3542999982833863,2.4431187927722933,-0.4273500354724066,-3.719014452500321,-3.856056912344742,-1.354348715673174,2.2842156922567134,0
HK.00641,492,0.38999998569488525,0.3700000047683716,5.405400180747055,1.1275964391691395,35600.0,13883.999490737915,1.4753179554568623,0.37000000417232515,0.3472000013291836,5.405400180747055,3.9999961853027344,34.48275755758657,32.20339085787959,34.48275755758657,1
HK.00643,492,0.14000000059604645,0.14000000059604645,0.0,1.2096774193548387,406600.0,56924.000242352486,3.6700721466431623,0.18525999903678894,0.22120499923825265,-17.64705933914052,-22.651930927105823,-42.622951220133324,-33.01435580677914,-78.12499941792338,0
HK.00645,492,0.1809999942779541,0.1809999942779541,0.0,0.0,15450.0,2796.449911594391,0.30386720545754636,0.18216000109910965,0.16780000079423188,11.042939569393015,13.124998952262079,1.6853882731881735,38.167937455161436,57.39129651697025,0
HK.00646,492,0.24500000476837158,0.24500000476837158,0.0,0.00520074890784273,1132500.0,277462.5054001808,9.504358315776901,0.18965999841690062,0.150394999794662,-22.222220119765602,88.46154904224503,72.53520897671106,49.39024268357549,37.640449720385575,0
HK.00648,492,0.4399999976158142,0.41499999165534973,6.024097942928766,18.281479749693233,550675.8,242297.3506870866,8.548665995378421,0.561999996304512,4.161799998730421,-14.563104885891246,-48.83721043059088,-91.53846127394387,-87.42857149669102,-94.21052627451202,2
HK.00650,492,0.20000000298023224,0.18299999833106995,9.289620111584455,1.7856128673171507,1382340.0,276468.00411969423,6.173221759674108,0.20141999870538713,0.3028149998933077,3.0927820006267703,-33.33333498901784,-19.3548361899701,7.526880772847906,-33.33333498901784,1
HK.00653,492,1.6799999475479126,1.5850000381469727,5.993684991453033,0.047236584734877164,356031.2,598132.3973254204,13.97371881641365,1.5222999930381775,2.088774995058775,-24.324327662300494,30.232557924627194,-19.999998864673383,-50.87719561198283,-30.000004967053535,2
HK.00655,492,0.36500000953674316,0.38499999046325684,-5.194800369332063,2.029156281449028,257670.65,94049.7897073388,2.2870027325771742,0.4322999978065491,0.361629998087883,-15.11627826386366,-5.194800369332063,40.38462420187085,21.666665010982157,14.062505529727911,0
HK.00656,492,4.815000057220459,4.800000190734863,0.3124972060323872,0.4528782341207952,4474490.9,21544673.939532425,2.329860630956506,5.029299993515014,4.324925009012222,-7.492792933758752,17.1532822580037,24.418609808947238,9.68109803326933,-10.16791161787908,2
HK.00657,492,0.04100000113248825,0.04100000113248825,0.0,0.0,179600.0,7363.60020339489,4.537995218331769,0.03170000035315752,0.03166500017046928,57.692308794464566,36.666673496365696,51.851852107358724,64.00000208616254,32.25807033083823,0
HK.00658,492,1.034999966621399,1.024999976158142,0.9756088483765962,4.304300631685201,133398.7,138067.65004733801,4.5550215657133855,1.10329998254776,1.613125004172325,0.4854364437391164,-21.590914735288106,-22.18045614850573,-37.272728389288126,-34.076437449483166,1
HK.00659,492,8.609999656677246,8.720000267028809,-1.2614748507231792,1.056914712314684,2457285.8,21157229.89435787,1.5368054505184436,8.02689995765686,8.104232947826386,7.35659807029602,9.541978504108474,9.402792654114437,18.994752928988586,30.83771017460894,0
HK.00660,492,0.4300000071525574,0.4300000071525574,0.0,0.0,88155.0,37906.650630533695,3.3129576972615356,0.43270000219345095,0.43162999898195265,19.444441684970258,-7.526880893449264,68.62745693856515,128.72341589158168,157.48504083989013,0
HK.00661,492,0.13600000739097595,0.13099999725818634,3.8168017079688568,0.49361404369520756,21853285.0,2972046.921517104,6.426669326151514,0.13386000007390975,0.12810000009834765,-11.111104618230296,46.236563619264444,32.03884197434309,23.636371025369225,142.85714855911763,2
HK.00662,492,4.550000190734863,4.550000190734863,0.0,0.0,11700.0,53235.0022315979,0.4074234806291904,4.610178594589233,4.547983951568604,-1.2754469123519785,-0.20930645041191978,1.8820658884286314,-0.45273878431650344,12.429853894854865,0
HK.00664,128,11.109999656677246,11.399999618530273,-2.5438593996235164,1.689961880559085,7800.0,86657.99732208252,3.933982682265181,13.113799896240234,,-17.08955244063057,-26.907896078359407,,-63.573771617451655,,0
HK.00666,492,8.5,8.359999656677246,1.674645323830052,0.286797828044907,2086389.65,17734312.025,3.8725291663307098,9.957499961853028,13.118874988555909,-15.841587337018481,-37.31563615806828,-46.80850911457245,-35.31202604329173,-35.7034808751152,2
HK.00667,492,3.5399999618530273,3.5999999046325684,-1.6666651213610204,0.2768176358595792,2526871.3,8945124.305607509,3.1353676510396737,4.07990002155304,4.846487318277359,-14.181819106593277,-13.868616864836394,-29.64400649208003,-43.7780237348117,-45.638606973917376,0
HK.00669,492,130.3000030517578,130.3000030517578,0.0,0.9861099439098335,5213802.7,679358507.7212632,2.4506246859320457,133.64656661987306,116.80505798339844,-2.3970014593574436,2.456131383853023,24.574846412087904,43.89034709400792,34.244479319959936,0
HK.00670,492,2.4049999713897705,2.4200000762939453,-0.6198390260857503,0.4215794783793832,9226480.5,22189685.338528275,3.2789242676988892,2.823500008583069,3.954175020456314,-11.74311722722595,-27.341389336393927,-34.823850024507365,-54.79323507918769,-20.364238854997136,0
HK.00672,492,0.07000000029802322,0.07199999690055847,-2.7777731786537547,0.02059433510754014,688960.0,48227.20020532608,8.82113949765554,0.07873999983072281,0.0972199997678399,-10.25641172595275,-15.662647033398619,-30.00000074505805,-35.77981469517008,-51.72413633637986,0
HK.00673,492,0.30000001192092896,0.30000001192092896,0.0,0.0,32523.0,9756.900387704372,2.81684055339033,0.33860000014305114,0.5213499973714352,0.0,-27.710839047420095,-48.275858525288555,-62.49999906867744,-27.710839047420095,0
HK.00674,492,0.04399999976158142,0.04600000008940697,-4.3478267911701876,1.4442793462109955,35880.0,1578.7199914455414,2.169193364148069,0.04826000027358532,0.06731000024825334,-6.382976025140478,-30.158731660484854,-50.0,-46.341465187526566,-40.54054162901103,0
HK.00675,492,0.3700000047683716,0.3700000047683716,0.0,0.0,19300.0,7141.0000920295715,1.18508541479866,0.36290000557899477,0.3734153853356838,2.7777750183035925,1.3698616715036243,5.405406782173502,-4.878049901722473,-7.142851800465963,0
HK.00676,492,1.0,1.0,0.0,0.0,400.0,400.0,0.0,1.001072518825531,0.9944004583358764,-0.009798043490439756,-0.009798043490439756,0.9901019898411658,0.9901019898411658,-0.9900980750178164,0
HK.00677,492,0.35499998927116394,0.36500000953674316,-2.7397315080268676,0.06464646464646465,417400.0,148176.99552178383,2.6398362012615433,0.3581666725873947,0.3421026740968227,-14.457832190515981,4.926103601268539,3.4482689743592636,6.446774079539405,6.805001761878332,0
HK.00679,492,4.25,4.355000019073486,-2.411022241414933,0.4571869233523369,773475.0,3287268.75,8.321209051415396,4.831344947814942,5.493302586972714,-21.698748474346488,-45.91358828782802,271.87956060287917,350.169993178302,350.169993178302,0
HK.00681,492,0.02800000086426735,0.028999999165534973,-3.448270103593903,0.35271253392650365,2791865.9,78172.24761291854,4.046510468642503,0.02887999974191189,0.03136000011116266,-6.666661699612825,-3.448270103593903,-12.500001455191454,-19.999997871262696,-15.151512072762822,0
HK.00682,492,0.21400000154972076,0.21400000154972076,0.0,0.0,17755.0,3799.570027515292,0.18757509310001497,0.217920001745224,0.24972999952733516,-0.9259277783507519,-9.322033791287264,-1.83485931252876,-26.206893893966416,-37.97101382922786,0
HK.00683,492,17.510000228881836,17.420000076293945,0.5166484052452306,0.746081648939394,1016458.25,17798184.19014883,1.9660486546378368,18.324272956848144,20.084857835769654,-3.9714931742363664,-3.2974347538516295,-14.650401902400631,-8.643383123808384,-10.56668772213946,1
HK.00684,492,0.44999998807907104,0.41999998688697815,7.142857649699376,0.25385312783318226,103900.0,46754.99876141548,4.620596847804172,0.4187999987602234,0.4909999966621399,8.433734247587214,1.1235944521335182,-16.666672185615038,-15.09433728853283,-22.413792926264428,1
HK.00685,492,0.18000000715255737,0.18000000715255737,0.0,0.0,1400.0,252.00001001358032,0.5210212460723695,0.18476000159978867,0.20207999981939792,-5.2631529414422,-4.255312065993758,-14.285708203607486,-23.404252081232507,-13.461536808303157,0
HK.00686,492,0.5649999976158142,0.5550000071525574,1.8018000602490185,1.9513126491646777,280625.0,158553.12433093786,4.360107902948618,0.6926000022888184,0.9109242224693298,-17.518248810321747,-29.375001350417712,-45.402300571888695,-46.35182588681298,-51.420945220226365,1
HK.00687,492,0.3400000035762787,0.3400000035762787,0.0,0.0,29900.0,10166.000106930733,1.758685620525699,0.32595833122730256,0.29679166808724405,-1.449273985189887,15.909096681751722,15.909096681751722,22.933874902238077,21.09905458195403,0
HK.00688,492,13.0,12.859999656677246,1.0886496660990352,0.3422426046041818,27518475.75,357740184.75,3.3022813676749663,12.949893569946289,13.05824450969696,2.6450233554060048,5.673619820997731,13.796897799418256,8.239166406420779,-2.4598053759603045,2
HK.00689,492,0.13600000739097595,0.13500000536441803,0.7407422124603064,0.5554859282225375,290397.25,39494.02814631909,4.052391919860842,0.1479200005531311,0.1978380348533392,-3.5460958429988323,-24.86187199424634,-36.44859513733335,-35.849052359939805,-22.727268109144234,1
HK.00690,492,0.07199999690055847,0.07100000232458115,1.408443018643556,0.055935468741325635,5251323.25,378095.25772383064,7.276520396266776,0.06793999992311,0.09114128531888127,22.033892312086888,-19.1011284866833,-34.566477886702636,-35.13546530285484,-50.270526291738605,2
HK.00691,492,0.25999999046325684,0.25999999046325684,0.0,0.0,16900.0,4393.9998388290405,3.68280355490113,0.2616399949789047,0.4004349971562624,0.0,-7.1428609441737585,-44.68085295261437,-55.93220304737348,-71.11111140545503,0
HK.00693,492,1.559999942779541,1.5499999523162842,0.6451606948963502,1.4075495841330774,25095.0,39148.19856405258,0.12810764971899752,1.561952531337738,1.6149863243103026,1.6286629773138117,-1.5275085328546698,6.026444248894807,-16.57818153931419,4.01328002142862,1
HK.00694,492,1.4299999475479126,1.399999976158142,2.1428551357619274,0.7382764098399466,6699472.4,9580245.18059869,3.141366128901721,1.5858999967575074,1.9530750000476838,-6.2295101701941284,-6.535949392928629,-20.555556365001372,-48.18840751851264,-48.92857243211904,1
HK.00695,492,7.519999980926514,7.5,0.2666664123535156,0.16518424396442186,462100.0,3474991.991186142,4.183956217385415,8.033800020217896,8.003199996948242,-7.103153392647672,-8.73786177416297,5.7665237653019625,-9.397592673299567,52.22671849841471,1
HK.00696,492,8.914999961853027,8.869999885559082,0.5073289388335649,0.4001434587270881,3029215.75,27005458.29569459,1.9886366924037022,8.647199993133546,9.29788928747177,1.5375880750300577,8.060605598218514,-12.178987339869453,-11.25454369221267,-12.839290041593166,1
HK.00697,492,1.2999999523162842,1.2649999856948853,2.7667958116357503,0.38475975422061265,14460280.05,18798363.375480115,3.0734712643230235,1.4749864268302917,1.6995277947187424,-6.926351136135913,-17.91019946307205,-22.53748981657439,-38.17212896893432,-45.18039232560982,1
HK.00698,492,2.609999895095825,2.609999895095825,0.0,0.0,72692.3,189726.89537427426,4.602526713614523,2.2939999866485596,2.853499997854233,12.017166547559698,48.29544938854439,-16.34615414006236,-34.25693006834806,-47.27272736030068,0
HK.00700,492,428.20001220703125,423.0,1.229317306626773,0.5181048361637892,19338527.4,8280757668.746008,2.098741035195098,446.98399963378904,493.93732299804685,-2.32663819148263,-5.2654840249930865,-12.593031330190493,-30.46726565505857,-33.20139530393163,2
HK.00701,492,0.09300000220537186,0.09099999815225601,2.1978066964018526,2.6795027608448088,59248.5,5510.110630664974,0.16245942078069425,0.09440000027418137,0.13982999965548515,1.0869587224068356,-5.102036084075091,-47.15908936971475,-52.791876310375606,-55.07246319431221,1
HK.00702,492,0.03400000184774399,0.03400000184774399,0.0,,0.0,0.0,0.0,0.03400000184774399,0.03400000184774399,0.0,0.0,0.0,0.0,0.0,0
HK.00703,492,0.09700000286102295,0.09799999743700027,-1.0204026552349417,0.34614312903004346,60869.35,5904.327124148607,1.8824187651321482,0.10074000000953674,0.1151199996098876,-3.9603965508681735,-19.834707944935897,-11.009169545962974,-26.515148949524576,-41.916164458855846,0
HK.00704,492,0.13300000131130219,0.13300000131130219,0.0,,0.0,0.0,0.0,0.13300000131130219,0.1335950005427003,0.0,0.0,-2.9197031862599543,32.99999932944775,104.61539413802052,0
HK.00707,492,0.05999999865889549,0.05999999865889549,0.0,,0.0,0.0,0.0,0.05999999865889549,0.05999999865889549,0.0,0.0,0.0,0.0,0.0,0
HK.00708,492,0.17000000178813934,0.17000000178813934,0.0,,0.0,0.0,0.0,0.17000000178813934,0.17000000178813934,0.0,0.0,0.0,0.0,0.0,0
HK.00709,492,1.3049999475479126,1.2899999618530273,1.1627896231359918,0.32032844721423037,700025.85,913533.6975321829,0.8848167418271954,1.3245400238037108,1.3407572460174562,-2.0828890876565294,-2.0828890876565294,-1.3037092386882234,0.7814309592522803,-8.847375873816391,1
HK.00710,492,3.7850000858306885,3.890000104904175,-2.6992292093028842,0.6120790243532108,1390910.9,5264597.87588284,3.568365957337723,3.9884000492095946,4.300054972171783,-11.976746094426618,-7.23038831842438,-4.4599906707396375,-27.2834359337459,-31.471299466634896,0
HK.00711,492,0.4399999976158142,0.4300000071525574,2.3255791388182447,0.2030964515818829,323268.75,142238.24922926724,1.6669966426112464,0.4324061340093613,0.42170394226908686,2.3255791388182447,6.642890797786727,5.40285709533044,5.40285709533044,7.4774226762696845,1
HK.00712,492,0.054999999701976776,0.054999999701976776,0.0,1.0385114668974469,182325.0,10027.874945662916,3.1211073201109745,0.06095999993383885,0.08644499998539686,-8.333331781129008,-15.384612739438744,-40.21739174448137,-46.60194209871715,-59.558825946338736,0
HK.00713,492,0.3050000071525574,0.3100000023841858,-1.6129016752173695,0.06269592476489028,64000.0,19520.000457763672,0.8499049442300325,0.33380000352859496,0.3784249994158745,-7.575759080925313,-15.277779157514871,-19.736839215841286,-23.74999934807421,-37.11340244194692,0
HK.00716,492,0.3799999952316284,0.38499999046325684,-1.2987000923330156,0.4668165064292214,1675160.75,636561.0770122111,3.0565165194568813,0.4174848759174347,0.5235652968287468,-10.514783989363972,-13.464852462434223,-38.59239946646159,-41.22415361328988,-38.59239946646159,0
HK.00717,492,0.05900000035762787,0.05900000035762787,0.0,1.7011918043228924,3362850.0,198408.15120264888,4.183283951421777,0.06484000004827976,0.08027000019326806,-15.71428556223305,-6.349207287803033,-32.1839056835257,-36.55914090481611,-48.69565279362106,0
HK.00718,492,0.03200000151991844,0.03200000151991844,0.0,0.0,58000.0,1856.0000881552696,1.2701620614529188,0.03036000020802021,0.03189000038430095,0.0,-3.030297899049148,-5.882353585690328,0.0,-47.54098170436671,0
HK.00719,492,5.684999942779541,5.679999828338623,0.08803018647943307,0.03500058334305572,2396310.0,13623022.212882042,3.72748374657892,5.832599992752075,6.166114692687988,1.6085818760112547,-3.2181289290740893,-11.283280650620037,-12.867503497962613,-19.570008202675087,1
HK.00720,492,0.2549999952316284,0.2549999952316284,0.0,0.16340822877152028,4318750.0,1101281.2294065952,2.515450099412837,0.27329999923706055,0.3036200019717217,-15.000004967053535,-23.88060033440874,-37.03703839974039,69.99999006589293,33.507851156591464,0
HK.00722,492,0.4050000011920929,0.4050000011920929,0.0,2.896952730895262,29528.65,11959.103285200894,2.6556750207608775,0.42789999783039095,0.4518856145441532,-3.5714252769540553,-9.999997350904605,-11.956523077136378,-13.117036740384759,-9.536177986572696,0
HK.00723,492,0.2199999988079071,0.2199999988079071,0.0,0.0,1202571.2,264565.6625664234,3.2775696197181112,0.23841999769210814,0.24542999885976313,-13.725489050275936,9.452732998924596,-26.66666997803569,-25.423725902674498,-9.090909090909092,0
HK.00725,492,0.9399999976158142,0.9399999976158142,0.0,0.09205983889528194,21250.0,19974.999949336052,1.1586204173913082,0.9673960793018341,0.887594498693943,-6.000000238418579,-3.151518545859991,27.743595276593947,24.54999782815579,27.743595276593947,0
HK.00726,492,0.03400000184774399,0.03400000184774399,0.0,0.0,158900.0,5402.60029360652,2.7419444445859513,0.03745999984443188,0.03859000014141202,-2.85713799145759,0.0,-12.820509881427833,3.0303091878076893,-29.166663432907757,0
HK.00727,492,0.4099999964237213,0.4350000023841858,-5.747127775503971,1.1771630370806356,5500.0,2254.999980330467,0.11627930347953891,0.4958999979496002,0.6410710901021958,-8.88888726999726,-29.310343410115426,-32.78688740839206,-45.33333381017049,-68.70228898225838,0
HK.00728,492,4.505000114440918,4.460000038146973,1.0089703118621902,0.2145977525886934,46127508.9,207804432.87337446,1.7849273767770755,4.531600465774536,4.717733497619629,-1.6375504479145975,6.159631098127601,-2.123866118010749,-12.680882952065971,-10.888893583964872,2
HK.00730,492,5.985000133514404,5.980000019073486,0.08361395359481393,0.0,24114.0,144322.29321956635,3.0156613433879884,5.975999956130981,6.105083336830139,1.440678589373466,-7.209297511649243,-3.2677156009006545,-1.719998202193418,-4.023436977279896,1
HK.00731,492,0.2750000059604645,0.2750000059604645,0.0,0.0,97150.0,26716.250579059124,2.163653669153476,0.2928000009059906,0.2976750002801418,-8.333334989017844,-31.24999953433872,30.331759177455886,27.90697738890907,56.25000423328446,0
HK.00732,492,0.824999988079071,0.8100000023841858,1.8518500803374947,0.8021390374331551,1189500.0,981337.485820055,2.0136416037580513,0.8233999991416932,0.926247709095478,-0.6024090761646119,-8.333332229543586,-5.023549916628355,-19.973543841666846,-24.844715201973674,1
HK.00733,492,0.1899999976158142,0.1899999976158142,0.0,2.3529411764705883,5700.0,1082.999986410141,0.27382759365537623,0.20247999966144561,0.23843500070273876,0.0,-0.5235612714294887,-21.810700799769233,-25.490195620110374,-46.478872293518805,0
HK.00736,492,0.25,0.24799999594688416,0.8064532604041651,0.0,561297.85,140324.4625,14.501834975738316,0.18669999957084657,0.38716999903321264,34.40859896321568,6.3829789932306245,-45.65217489894259,-63.76811581683545,-55.35714304720869,2
HK.00737,492,1.8849999904632568,1.8799999952316284,0.26595719384628963,0.33315125879713436,163896.25,308944.42968696356,1.5648124585318102,1.8346461606025697,1.7676852524280549,1.6616027217040623,11.314975280196492,5.099411750005185,11.314975280196492,12.524919113840943,1
HK.00738,492,0.30000001192092896,0.30000001192092896,0.0,0.0,108350.0,32505.001291632652,2.0132337553479704,0.32849999964237214,0.2972150006890297,-13.04347450506333,-3.225803350434739,-17.808218059586352,26.050422272602336,21.45749769439214,0
HK.00743,492,2.069999933242798,2.069999933242798,0.0,,0.0,0.0,0.0,2.069999933242798,2.0504499793052675,0.0,0.0,1.6699371153436524,1.6699371153436524,1.6699371153436524,0
HK.00745,492,5.099999904632568,5.40500020980835,-5.6429286463727255,0.8678353168639789,192724.5,982894.9316203594,5.245855204485846,5.1724999809265135,2.874175000488758,8.974360933749079,13.333331214057075,537.4999785795811,608.3332919412205,827.2726898351,0
HK.00746,492,4.369999885559082,4.340000152587891,0.6912380625909177,0.37168625307461056,139250.0,608522.4840641022,2.402412309953409,4.50131667137146,4.729939706325531,1.7462120589728205,5.555556195433674,-6.12886936374503,-10.257055299130778,-8.507673050709283,1
HK.00747,492,0.07000000029802322,0.07000000029802322,0.0,0.0,335600.0,23492.000100016594,5.919135859256483,0.06860000021755695,0.08541500063613057,16.66666977107532,4.47760978263432,-10.25641172595275,-15.662647033398619,11.111109797075754,0
HK.00750,492,0.1899999976158142,0.19300000369548798,-1.554407265404577,0.3732712937831201,144528.0,27460.319655418396,4.35756820562327,0.19520000010728836,0.22142999984323977,1.6042733022677336,-11.214955028086948,-8.212562542584386,-20.50209058933658,-33.33333333333333,0
HK.00751,492,2.9800000190734863,3.0299999713897705,-1.6501634583630274,1.8871549157201608,1169134.55,3484020.981299472,3.029124469381955,4.073699970245361,5.36682498216629,-27.669900440565144,-31.651377802334164,-56.17647153695972,-42.47104019636118,-32.88288331827108,0
HK.00752,492,2.115000009536743,2.115000009536743,0.0,0.7583305090252989,495488.65,1047958.499475348,1.4299186018482613,2.187999997138977,2.3486516559123993,-3.2036583558785297,-4.52506862532483,-12.077848039665579,-14.702391403386269,-14.382924519524579,0
HK.00753,492,3.6649999618530273,3.694999933242798,-0.811907224134697,0.31932265163248685,17686546.0,64821190.41531181,3.037937385494201,3.9291999912261963,5.154150000810623,-4.557290526766615,-16.51480470802304,-23.165618941131605,-48.45288476750768,-33.7251388281585,0
HK.00754,492,2.640000104904175,2.640000104904175,0.0,,0.0,0.0,0.0,2.640000104904175,2.8017500698566438,0.0,0.0,-1.8587342473125619,-10.2040798121586,-23.9193059614607,0
HK.00755,492,0.26499998569488525,0.25999999046325684,1.9230751596258298,0.0,11407.5,3022.9873368144035,0.9081524047489153,0.2816999953985214,0.32798999920487404,-11.666674945089223,13.247858403815616,-27.397266090150964,-27.397266090150964,-35.36585658380918,1
HK.00756,492,0.6000000238418579,0.6000000238418579,0.0,0.0,38900.0,23340.000927448273,1.4258776217028355,0.7304000067710876,0.6303750064969063,-37.172771274630065,3.448282949422888,-30.23255652772732,55.844165897224876,5.263163398397555,0
HK.00757,492,0.05000000074505806,0.05000000074505806,0.0,0.9320300068197318,393750.0,19687.50029336661,3.5436841365931273,0.05841999985277653,0.07131499992683529,-16.666663562258016,-25.373135075241965,-37.499997671693514,-37.499997671693514,-52.380950184636035,0
HK.00759,492,0.20800000429153442,0.2240000069141388,-7.1428580931862715,3.8095238095238093,41400.0,8611.200177669525,3.3688924538626903,0.21730000019073487,0.22054999947547912,-0.952375816379655,-7.555551199265354,-2.3474156069585765,-7.964598268972953,-25.714284497864398,0
HK.00760,492,0.11800000071525574,0.11599999666213989,1.724141474711444,0.0,3650.0,430.70000261068344,0.0,0.11998000040650368,0.15531000077724458,3.5087725031225445,-14.492750962825598,-34.44444665202379,-26.249997904524157,-29.761903389207074,1
HK.00762,492,5.440000057220459,5.425000190734863,0.27649522503636703,0.09057747967831466,46098333.85,250774938.78176782,2.482337916317503,5.942100009918213,6.958752236366272,-3.9717547422360555,-12.820508705793602,-21.528936053808618,-31.167446690024125,-39.100940722674444,1
HK.00763,492,21.799999237060547,21.6200008392334,0.8325549992602629,0.13125136561099238,5690393.4,124050571.77857438,2.3804475106609275,23.643600006103515,25.053429641723632,-8.403361613918324,-5.381951515597045,-0.7201203643277616,-19.496976103526407,-34.22488107280838,1
HK.00764,492,0.1899999976158142,0.20000000298023224,-5.000002607703171,0.0,12028.2,2285.3579713225367,0.5000000323938281,0.2526199999451637,0.5382049966603517,-26.92307515962583,-33.33333333333333,-64.15094191088453,-80.80808123378482,-78.40909106302853,0
HK.00765,492,0.1899999976158142,0.1899999976158142,0.0,0.0,36900.0,7010.999912023544,1.7270813174516868,0.14386000066995622,0.200714999884367,40.74073338214291,35.714283433495744,-21.487603865558274,-37.70492027536954,-50.0,0
HK.00767,492,0.47999998927116394,0.47999998927116394,0.0,0.22775135804511487,923465.7,443263.52609228785,4.44741451586265,0.4491999959945679,0.46362499803304674,0.0,-2.0408204226431472,-3.0303061318608857,-4.000002145767212,-20.000004967053535,0
HK.00769,492,0.699999988079071,0.699999988079071,0.0,,0.0,0.0,0.0,0.699999988079071,0.699999988079071,0.0,0.0,0.0,0.0,0.0,0
HK.00771,492,0.7200000286102295,0.7200000286102295,0.0,0.0,27124.4,19529.56877603531,1.298492898152778,0.7146000063419342,0.7427962335944176,-2.7027000903735274,-7.692300638503319,-2.6744160189088664,3.333338751101268,-12.812495195685115,0
HK.00772,492,19.6299991607666,19.540000915527344,0.46058465211094873,0.25649502474925656,4712701.95,92510335.32344313,4.140910226003104,20.29019992828369,26.18424997329712,-8.612664901747568,-0.9086335690479962,-23.97366617823176,-41.612136274788014,-52.004893818045474,1
HK.00775,492,0.5249999761581421,0.5249999761581421,0.0,0.6652501054503887,1734397.1,910558.4361487508,2.1133660488289863,0.5644000029563904,0.6969500008225441,-7.894739869118656,-12.5000074505803,-21.641796555118503,-36.746989552454565,-42.307696590358965,0
HK.00776,492,0.23000000417232513,0.2280000001192093,0.877194759679889,0.45034902049088044,2012700.0,462921.0083976388,5.890386869765239,0.24021999925374984,0.7004186331480742,-7.2580613180389735,-53.99999916553497,-73.25581391319318,-81.88976317900955,-75.26881694586956,1
HK.00777,492,8.039999961853027,7.965000152587891,0.9416171729861009,0.8528352886031413,1687667.8,13568849.047620583,4.291760586772268,7.473178558349609,7.9260927891731265,3.0497807921162168,14.791387777340775,7.320648428950036,-15.426128648815556,-27.362774157450325,2
HK.00780,492,9.779999732971191,9.9399995803833,-1.6096564805482574,0.3894093851519116,9083093.6,88832652.98255233,3.035267690368242,12.069000015258789,16.573537578582762,-14.360773488321833,-21.129031985160825,-45.905774067829405,-56.7808671967895,-56.85564223632169,0
HK.00784,492,0.5699999928474426,0.5699999928474426,0.0,0.41379310344827586,350000.0,199499.99749660492,2.8434671537639677,0.6038999998569489,0.4957500002533197,-13.636368151866849,-18.57142820650217,50.0,562.7906668485995,659.9999602635718,0
HK.00788,492,8.78499984741211,8.720000267028809,0.7454080090922781,0.7039323825678314,19876895.3,174618522.17752647,1.313562813921847,9.150233936309814,9.938779377937317,-3.989068703117525,-0.0891110543260727,-13.756385245709021,-20.25418958673156,-19.56554388219844,1
HK.00789,492,1.6100000143051147,1.5700000524520874,2.5477681857751433,9.456105325635352,108432.0,174575.5215511322,7.927485219964877,1.0812999951839446,1.599999997317791,101.24999878928067,3.8709718603002443,-2.424240147334014,-17.435898721257264,-23.333329170469064,2
HK.00794,492,0.36500000953674316,0.36500000953674316,0.0,0.0,17100.0,6241.500163078308,1.000000340597976,0.3203999996185303,0.25965999960899355,4.285718786473254,40.38462420187085,48.97959282973167,82.50000204890964,68.98148151341984,0
HK.00797,492,1.0199999809265137,1.0199999809265137,0.0,0.8336302101888137,542200.0,553043.9896583557,4.036100135237197,1.01,0.8259499990940093,-6.849319244210947,-15.000004967053535,39.72602113368358,103.99999618530273,126.66666843273026,0
HK.00798,492,0.12999999523162842,0.12999999523162842,0.0,0.0,424970.35,55246.143473583455,3.4232867190196905,0.14200000017881392,0.18060999192297458,1.5624914507502095,-13.333339956071377,-34.644510612852855,-37.97280250049715,-43.94194120971749,0
HK.00799,492,3.0,3.005000114440918,-0.16639315309471273,0.8022789511938989,931533.1,2794599.3,2.0754291566398995,3.1443320989608763,3.0245080792903902,-5.36277830291704,-8.215422674107618,3.760736606603544,-3.9945870971576536,-19.021517207452646,0
HK.00800,225,13.239999771118164,13.100000381469727,1.0686975997838144,0.2725385727303748,1351216.65,17890108.13673105,4.373995359982631,15.381600074768066,18.443249979019164,-17.76397852538734,-10.054351012653742,-29.7239932914783,-43.32192026891003,,1
HK.00804,492,16.25,16.209999084472656,0.24676692033659703,0.1961667856168205,427304.75,6943702.1875,7.139697931266206,13.24589994430542,6.001974977254868,16.071428571428573,376.5395774481759,318.81442063672506,323.17709279207844,470.17545767584875,3
HK.00805,426,12.079999923706055,11.399999618530273,5.964915157281814,0.7859134220781516,3807717.6,45997228.317494206,9.174997899203078,9.390999946594238,4.023849979639054,49.690215372048804,103.0252153100155,950.4347977521066,1185.1063781218488,932.478663828874,1
HK.00806,492,1.899999976158142,1.875,1.3333320617675781,0.56185402722761,1081150.0,2054184.9742233753,2.4636301339340685,2.0246000051498414,2.143782975077629,-7.766988886684739,-5.0000011920928955,-6.781437929506158,-21.12275871980407,-24.485734574737844,2
HK.00807,492,0.9599999785423279,0.9599999785423279,0.0,0.2950211792727322,365465.0,350846.39215797186,0.7951834413271328,0.9578999972343445,1.0255975630879401,1.5873000855468575,-1.0309329662834354,-11.020336659354326,-11.020336659354326,-14.922949514516334,0
HK.00809,492,0.36000001430511475,0.36500000953674316,-1.3698616715036243,1.9438707325962823,261930.0,94294.8037469387,2.750745478244948,0.38000000357627867,0.531275000423193,-6.493500461665078,5.882356034843122,-40.0,-43.74999650754027,-63.26530537770124,0
HK.00811,492,7.820000171661377,7.860000133514404,-0.5089053584423078,0.10284774214748169,5207283.65,40720959.036889486,3.461160297551528,8.648399982452393,9.46831208229065,-1.6352156065746668,-12.134825765838013,-16.1589050172056,-18.56860608997722,-22.421572116868347,0
HK.00813,492,0.05299999937415123,0.04699999839067459,12.765959976430802,2.088939120228143,85303219.45,4521070.577463085,10.646085362105055,0.054260000362992285,0.13136000020429492,0.0,-41.758241263395796,-69.36416096596739,-72.2513091762365,-86.5822790039023,3
HK.00814,492,0.23199999332427979,0.23999999463558197,-3.3333339542150635,3.8821954484605086,44600.0,10347.199702262878,1.6641537766540988,0.2826799947023392,0.2945050015300512,-10.769230063850333,-14.074079960952337,-21.355930970544495,-26.349207911031268,-26.349207911031268,0
HK.00815,492,0.2199999988079071,0.22599999606609344,-2.654866089657651,0.45006545006545007,15539100.0,3418601.9814759493,3.9019658136189537,0.2619999977946281,0.43681999810039995,-15.384612739438744,-27.868854541414578,-50.561797226066766,-70.27027081450552,-56.00000023841858,0
HK.00816,492,2.1600000858306885,2.1500000953674316,0.46511581486920134,1.922421460820977,229259.05,495199.56767746207,2.8151756393395075,2.208733820915222,2.2937144160270693,-2.2624412422276623,1.5127473909735119,-5.652381966505476,-9.644009426858569,-19.5460451340469,1
HK.00817,492,1.2899999618530273,1.284999966621399,0.3891046973934726,0.11371925967296441,57827596.75,74597597.60155225,4.785311336253909,1.3311875319480897,1.4189956647157669,0.23309258986013423,-3.425043794856317,-0.5205403087793926,7.567217184744512,-10.60291809124376,1
HK.00818,492,0.33000001311302185,0.33500000834465027,-1.4925358528601556,1.4010104972554942,426049.2,140596.2415867925,2.9044734522675077,0.3389000016450882,0.41934999987483024,-5.714280362031807,-21.428565853306864,-24.13792843578641,-33.99999737739563,-36.53845668897103,0
HK.00819,492,3.7300000190734863,3.7300000190734863,0.0,0.25938213554175604,6831795.7,25482598.09130616,3.1255961028160932,4.356100010871887,5.776195675134659,-4.725413654716303,-23.408622038493586,-45.70456111763531,-44.18368035729856,-50.30816726143226,0
HK.00821,492,0.5550000071525574,0.47999998927116394,15.625004074536356,0.5541248091427973,5941020.0,3297266.1424934864,10.428602414312664,0.37210000097751617,0.320730000436306,27.58620784153221,98.2142874248782,73.43750611180452,68.18181366631497,8.823532849172198,3
HK.00822,492,0.28999999165534973,0.28999999165534973,0.0,0.04763105744996179,209447.05,60739.64275223762,3.222431380696907,0.33330000460147857,0.34755000174045564,-13.432840468172232,-22.66666889190674,-3.3333399560713786,-24.675324976916745,-10.769230063850333,0
HK.00825,492,0.2549999952316284,0.2549999952316284,0.0,0.7425399557728236,360206.05,91852.54103240371,3.6714666638340834,0.2675,0.30475000098347665,-5.5555610745039266,-8.928573519295567,-22.72727724277594,-7.272731016490004,-21.538460127700667,0
HK.00826,492,3.0799999237060547,3.0,2.6666641235351562,0.3807940892423409,10413617.3,32073940.489504054,3.5189616950026426,3.0096999979019166,3.3473727560043334,-2.5316506313829312,-18.30238887828548,-3.2871549167851954,-2.3747682068257867,24.179290186318113,2
HK.00827,492,0.039000000804662704,0.039000000804662704,0.0,0.9575353871773522,967200.0,37720.80077826977,3.486405005593872,0.044140000641345975,0.04200500024482608,-13.333334989017844,-20.408159541567283,-23.529408756974327,39.28571286022059,34.482765265083955,0
HK.00828,492,0.16099999845027924,0.18000000715255737,-10.555559970714253,4.900221729490022,112300.0,18080.29982596636,2.9045980537300196,0.17131999969482423,0.21084999918937683,0.6250012805685687,-13.440863100872285,-27.802692860279166,-36.86274452513797,-44.48275755758657,0
HK.00829,492,0.23199999332427979,0.22499999403953552,3.111110875635965,0.41154595360368335,2710400.0,628812.7819061279,7.402394921235763,0.18715999841690065,0.20425999850034715,21.465965318678496,49.67741389676514,-5.306127016765692,-15.63636789243074,-18.596492548948746,1
HK.00830,492,0.6700000166893005,0.6800000071525574,-1.4705868173635692,0.7910576096302665,210500.0,141035.00351309776,4.207218199659481,0.7146432054042816,0.85904192507267,-11.990329904286346,4.011423112639967,-22.650653462904742,-42.46743199086828,-44.75047327660764,0
HK.00831,492,0.3799999952316284,0.3799999952316284,0.0,1.8263742865725443,363300.0,138053.9982676506,1.9258975560193587,0.38085948705673217,0.3360053066909313,0.0,13.005840183040144,17.57987671650495,32.277370454493116,24.496344104667394,0
HK.00832,492,0.03999999910593033,0.035999998450279236,11.111113410673122,0.3777148253068933,263350.0,10533.999764546752,8.878127236762527,0.03570000004023313,0.049250000352039934,8.108104298461395,-2.439029265698055,-20.000002980232196,-42.857144377669506,-60.39604186813048,1
HK.00833,492,0.5299999713897705,0.5299999713897705,0.0,0.05636316667058078,369410.0,195787.28943109512,5.268986385044242,0.6494711971282959,0.6724532853066921,-12.224570400652063,-35.45924312903986,-6.473386496985024,-14.975803467356913,-4.888181688657808,0
HK.00834,492,0.22100000083446503,0.2240000069141388,-1.339288387086388,0.0,22800.0,5038.800019025803,1.5198443046255161,0.2522599998116493,0.3024500010162592,-11.59999966621399,-19.636365074756686,-30.937498195562473,-44.75000061467289,-0.45045135750919174,0
HK.00836,492,19.700000762939453,19.549999237060547,0.7672712620599561,0.45439108466289024,9436906.05,185907056.38478795,1.871386818358784,18.643063049316407,18.07293719291687,7.199950180466072,15.746234217579936,7.968849782059909,17.951219222516958,16.890383174170676,2
HK.00837,492,5.420000076293945,5.454999923706055,-0.6416104106621314,0.45586808923375366,48775.0,264360.5037212372,0.903757352026431,5.907199993133545,6.6963172841072085,-8.677335660502223,-12.439417993677248,-23.54929440293724,-27.328224908942616,-26.957923399718258,0
HK.00838,492,0.7049999833106995,0.7149999737739563,-1.3986001160915125,1.3457117595048629,1186900.0,836764.4801914692,2.488475353748796,0.7315051972866058,0.7949569725990295,-2.1522159935983316,-12.172771661801294,-7.960057813966583,-12.291348809479228,-34.02446440330923,0
HK.00839,492,2.0,1.940000057220459,3.092780464424631,0.817021625890963,3834728.85,7669457.7,3.8843034387816444,1.8658000016212464,2.352049998641014,6.951871385034083,12.994351500110856,-26.470589008710782,-36.10223875799311,-39.39393851820539,2
HK.00840,492,0.1720000058412552,0.1720000058412552,0.0,0.0,58500.0,10062.000341713428,1.4745342112984228,0.17250000059604645,0.19712500013411044,10.25641172595275,-2.824856045944068,-21.818178739429488,-19.99999861384549,-18.095232756499904,0
HK.00841,492,0.16699999570846558,0.17000000178813934,-1.7647094400695902,1.1702127659574468,79600.0,13293.19965839386,2.099681515292869,0.16892000108957292,0.18740000016987324,3.7267064074160765,32.539677001962104,1.2121145893831669,-39.27273014951337,43.96551768433893,0
HK.00842,492,0.8299999833106995,0.8100000023841858,2.4691334404499927,3.0060422960725077,223350.0,185380.49627244473,2.0255722571563273,0.892000002861023,0.9738000011444092,-9.78261214629908,-21.698110555150944,43.103449516149006,-60.476189476021794,-52.02312288093432,2
HK.00844,492,0.33000001311302185,0.33000001311302185,0.0,0.0,40600.0,13398.000532388687,1.9361497665286318,0.39310000121593475,0.4287250001728535,-20.4819229521621,-22.352940268995052,-16.455695151977128,-35.29411386591058,-17.499997951090364,0
HK.00845,492,0.009999999776482582,0.009999999776482582,0.0,,0.0,0.0,0.0,0.009999999776482582,0.009999999776482582,0.0,0.0,0.0,0.0,0.0,0
HK.00846,492,0.09000000357627869,0.09099999815225601,-1.0988951607495545,0.5657093124456049,472600.0,42534.00169014931,10.644451141850029,0.08198000013828277,0.09657000005245209,11.111115199221167,0.0,-15.09433524618792,-17.431187392906445,-46.42856857758392,0
HK.00848,492,0.1770000010728836,0.17299999296665192,2.3121435080073933,0.8179121208314409,5331800.0,943728.6057204008,1.4572718511111364,0.1096799997985363,0.11800500016659499,71.84466103692118,76.9999984353781,46.28099341485664,40.47618906829545,37.20931038461978,4
HK.00851,492,0.24899999797344208,0.24899999797344208,0.0,0.0,14000.0,3485.999971628189,0.87128203072727,0.17961999982595445,0.21817499950528144,46.470585502555245,41.477272342428684,16.35513839731885,-2.352940145248341,12.162159803809434,0
HK.00852,492,0.2160000056028366,0.22100000083446503,-2.262441272737166,0.021613835967411524,2315833.0,500219.9409752339,15.48900248911132,0.18453999549150468,0.1706349941343069,30.12049025540322,30.12049025540322,30.12049025540322,30.12049025540322,30.12049025540322,0
HK.00853,492,6.074999809265137,6.074999809265137,0.0,,0.0,0.0,0.0,6.361599884033203,8.521599974632263,0.0,-11.054174566245738,-35.2345444014184,-43.48837386730106,-54.08163250595055,0
HK.00854,492,5.190000057220459,5.190000057220459,0.0,0.0,1350.0,7006.50007724762,0.1333214018332854,5.288500003814697,5.485524981021881,-5.291970088388032,-4.945054561174452,4.216868219732307,-10.671254589762873,-25.538017023702775,0
HK.00855,492,4.255000114440918,4.164999961853027,2.1608680291043547,0.6582777714237217,891561.1,3793592.582531071,1.8257586616541803,4.440099992752075,4.818495345115662,-4.058620758984994,-5.65410424611309,-10.021753979372944,-17.179116925680837,-24.86352573779293,1
HK.00856,492,8.795000076293945,8.755000114440918,0.4568813401504071,0.1915616502927228,2141616.15,18835514.202642344,3.5297225211763497,9.601300010681152,8.935103349685669,-13.689887748129642,-0.5090506280225757,-1.5451124143211519,13.423925121873618,-11.93862247574552,2
HK.00857,492,9.670000076293945,9.5649995803833,1.097757454438245,0.4381197108542656,70552628.05,682243918.6262383,2.3613076159120028,9.627612190246582,9.36122611284256,-0.03173633230335675,11.749038039988706,-5.700535800759084,20.419970485633183,45.117139770919195,2
HK.00858,492,0.07999999821186066,0.07400000095367432,8.108104298461395,0.0,2398000.0,191839.99571204185,6.7817573122883665,0.07814000070095062,0.07876000043004751,1.2658158607009335,15.942029298491105,2.564098155475083,-2.439029265698055,-25.925929503022143,2
HK.00859,492,0.10899999737739563,0.10700000077486038,1.8691556897681316,0.109375,257400.0,28056.599324941635,8.473893348539972,0.11959999948740005,0.1189400002732873,-6.034482315661069,22.47190503305965,-19.259264410277737,-6.83760803501187,-0.9090927563423067,1
HK.00860,492,0.6000000238418579,0.5550000071525574,8.10811101069608,0.08665090650870554,242682.5,145609.50578600168,5.3021598026862735,0.5431999987363816,0.5779249975085259,20.000004768371582,23.711341473156402,17.647065698344395,-10.447759866236506,-11.764703304297399,1
HK.00861,492,2.255000114440918,2.5199999809265137,-10.51586779727533,0.44262103605155245,1474911.45,3325925.48854022,6.776257993129117,2.0309999990463257,2.2322185724973678,29.226367236614593,24.58564562040863,9.4660280134894,-13.579459991093113,-27.71111704888904,0
HK.00862,492,0.9850000143051147,0.9850000143051147,0.0,0.0,12000.0,11820.000171661377,1.0036310124056202,1.064099998474121,0.757474998831749,-7.943928409366017,-23.046872162376467,159.21053333295689,114.13043400797366,118.88889786637884,0
HK.00863,492,10.039999961853027,10.130000114440918,-0.8884516443350288,0.24878046716537217,2443015.4,24527874.522806358,6.270025861776621,11.23279998779297,13.290550003051758,-7.465441392979727,-14.987302242798043,-28.183116662341707,-40.87161229374967,-33.50993570719496,0
HK.00864,492,0.1469999998807907,0.14800000190734863,-0.6756770362637876,,0.0,0.0,0.0,0.1680200007557869,0.1887150000780821,-5.7692327898516975,-23.834198411350947,-32.568805771698344,8.088229332364467,-18.333336644702356,0
HK.00865,492,0.050999999046325684,0.050999999046325684,0.0,2.7144408251900107,41840.0,2133.8399600982666,1.9172112807922062,0.04944000042974949,0.04437500014901161,0.0,-8.928575942634788,34.21052812167818,37.837833483955876,27.500000465661294,0
HK.00866,492,1.899999976158142,1.8949999809265137,0.26385199377066976,0.5303314571607255,2349100.0,4463289.943993092,3.4164363279226375,1.9873000001907348,2.5856750023365023,-10.377354777211321,30.13698126813859,-47.80219996152553,-28.030306793222376,-42.424242314775675,1
HK.00867,492,10.779999732971191,10.5600004196167,2.0833267482244815,0.15446203291758434,5514486.9,59446167.309473135,4.045561511857809,11.247180213928223,12.237507891654968,-1.7320011798785329,-9.868688379652783,-13.842129244782692,-15.419388148319971,-24.976195928119864,1
HK.00868,492,7.864999771118164,7.860000133514404,0.06360861983248213,0.7100647664988631,9798677.0,77066592.36226082,2.615462725332245,8.771185941696167,9.163138608932496,-13.996726326665712,-7.7838171476109705,-19.368321553312402,-3.7928171571818923,-8.32784307849399,1
HK.00869,492,0.47999998927116394,0.4749999940395355,1.0526305882884401,0.18153158882232856,431294.65,207021.42737271043,0.5835092568986896,0.457299998998642,0.44862499937415123,2.127657550770317,2.127657550770317,14.285715299398753,19.99999552965171,-17.241378778793283,3
HK.00871,492,0.05000000074505806,0.05000000074505806,0.0,0.0,119950.0,5997.500089369714,1.1855619573842933,0.048579999953508375,0.06945500012487173,0.0,-24.242422703048078,-37.499997671693514,-21.875002546585044,-13.79309968311909,0
HK.00873,492,0.3499999940395355,0.3499999940395355,0.0,0.7100171587480031,724050.0,253417.4956843257,5.33659002669142,0.39460000038146975,0.5274500021338463,0.0,-21.348314681990463,-40.677964475023984,-40.677964475023984,-51.38889164836308,0
HK.00874,492,13.069999694824219,13.0,0.5384591909555289,0.169139123685604,1064061.85,13907288.054774094,1.6405261465111498,14.014232063293457,15.750491213798522,-3.755524534219984,-12.131825010301595,-17.661507626811627,-23.5590270805724,-23.60111977535814,1
HK.00875,492,0.25999999046325684,0.2549999952316284,1.960782480441495,0.11167802042248345,2276438.75,591874.0532901883,9.007976174457328,0.30661999851465227,0.7508549989014864,-8.77193202602569,-51.85185553115077,-52.72727548583474,-82.0689667646156,-62.85714358699567,1
HK.00876,492,1.7699999809265137,1.7999999523162842,-1.6666651213610204,0.0,22570.0,39948.89956951141,2.706500422866334,1.9233000016212463,4.59172500371933,-9.693880281762098,-23.376622304296014,-69.74358957638846,-53.42105254902404,-33.20755029327284,0
HK.00878,492,6.039999961853027,6.050000190734863,-0.16529303415809082,0.0,31412.5,189731.49880170822,0.6257906501928842,6.166100053787232,6.476335649490356,-1.7886200294088341,-3.668261878359677,-9.355976357325915,-2.7375213405742964,2.1256041607474745,0
HK.00880,492,1.2999999523162842,1.2899999618530273,0.7751930820906612,0.204672000890658,6691427.8,8698855.820927858,2.7794313410301674,1.4431999921798706,1.917800001502037,-9.090909090909092,-15.032681266298752,-40.09217020229322,-46.28099539950677,-58.064516377126516,1
HK.00881,492,2.555000066757202,2.559999942779541,-0.1953076614880784,0.39412479106774384,14308232.0,36557533.715177536,4.703871782991803,3.7907999753952026,7.341599985361099,-27.926656931745974,-49.40594118303578,-67.78057853637446,-78.06866823675027,-82.20752000109447,0
HK.00882,492,2.005000114440918,2.0,0.25000572204589844,0.3923766816143498,169400.0,339647.0193862915,1.2601437851877266,2.041202199459076,2.1988787120580673,-2.5553669008428743,-0.19020590329051704,-15.816725159112835,-12.380685654855805,-18.377445037906398,1
HK.00883,492,23.440000534057617,23.420000076293945,0.08539905080494266,0.08333830587408009,56227201.4,1317965630.8445652,2.3142831138728006,23.641391944885253,23.535373220443727,-2.2283169192603274,15.615942008533668,-14.919421613478518,13.72617735633908,30.364674517697914,1
HK.00884,492,0.029999999329447746,0.029999999329447746,0.0,0.40001480523800553,83771717.05,2513151.455326686,7.642158687052447,0.03623999983072281,0.07162499981001019,-25.0,-30.232562068315755,-58.333332470997576,-81.25,-87.12446355019213,0
HK.00887,492,0.28999999165534973,0.2800000011920929,3.571425150243618,0.6477824173343867,4312500.0,1250624.9640136957,3.3436158874028448,0.282527003288269,0.27164621219038965,-3.3333399560713786,20.06789643455495,-1.1345746564246422,34.81649533098728,2.106915889576449,1
HK.00888,492,0.032999999821186066,0.03500000014901161,-5.7142866266017025,0.10486708533879496,171445.85,5657.713019343093,1.022623591575463,0.039699999690055846,0.06034500002861023,-17.499998603016106,-28.260870093377637,-44.0677972522764,-62.5,-67.00000067055224,0
HK.00889,492,0.3700000047683716,0.3499999940395355,5.714288876981205,3.076923076923077,244100.0,90317.0011639595,5.61673619419006,0.38879999637603757,0.4094500006735325,-5.1282004256688785,-33.92857085837394,21.31147412836026,0.0,2.7777750183035925,2
HK.00893,492,0.06199999898672104,0.06199999898672104,0.0,0.0,175500.0,10880.999822169542,5.175278844652781,0.06946000054478646,0.07748500030487776,-10.144926753772236,-4.615382675588413,-28.735631297988807,-24.39024722661231,-25.30120319699937,0
HK.00894,492,2.0399999618530273,2.0,1.9999980926513672,0.31972431318655425,5286370.0,10784194.598340988,11.166127938174048,1.8605000066757202,1.8355750033259393,16.571426391601562,-58.36734852757067,154.99999143183246,161.5384662409978,209.0908910288962,2
HK.00895,492,1.6050000190734863,1.5850000381469727,1.26182841925327,0.013913925732043456,14934766.25,23970300.11610806,5.670899837157948,1.64489999294281,1.98542498588562,-2.1341443247982146,-9.83145815331949,-26.376148168611802,-25.694446514050085,-32.84519043408839,1
HK.00896,492,0.2750000059604645,0.27000001072883606,1.851850012202395,1.8987191557028822,34600.25,9515.068956233561,3.217484130262637,0.26619999766349794,0.25390999890863897,10.000002384185791,11.336037542239815,10.441770360895953,13.168726399596158,7.843141608951449,1
HK.00897,492,0.3499999940395355,0.3499999940395355,0.0,0.0,960478.9,336167.60927509965,2.345354151020991,0.31820000052452085,0.33617500081658364,14.754093715305943,29.629622271031803,-4.109593179530491,-10.256408492959162,-15.662650342845206,0
HK.00898,492,0.9100000262260437,0.9100000262260437,0.0,0.0,27000.0,24570.00070810318,0.0,0.9304417753219605,0.9562947145104408,1.185239050337434,-0.9449737444214803,-8.297597831904094,-3.7578719760646417,-13.97827221673558,0
HK.00899,492,0.36500000953674316,0.3449999988079071,5.797104579113893,0.7614810333455171,593005.2,216446.90365533828,8.418112971641431,0.21743999928236007,0.2046949988603592,92.1052705878367,43.13726131845477,92.1052705878367,108.57143757294652,55.319153388305295,6
HK.00900,492,9.0600004196167,9.0600004196167,0.0,0.12941947277742277,90421.75,819221.0929424763,0.9980142703906227,9.011000080108643,8.051098971366882,-1.3071882523949898,8.894239806917623,25.090989579239114,29.20921317373487,36.565822243465576,0
HK.00901,92,60.400001525878906,58.29999923706055,3.602062292109629,0.8596904721971295,187760.6,11340740.52649994,6.845957273543965,67.7920002746582,,-11.824815290687727,-0.9836040559362192,,-1.3071882795547252,,1
HK.00902,492,6.090000152587891,6.059999942779541,0.49505297180893054,0.32767846687361607,17512094.4,106648657.56813353,2.3096248859294852,5.753399972915649,5.741367385387421,7.5971787414868555,11.131389258964603,5.4447080266208,13.093552369294928,14.879241323244461,4
HK.00907,492,0.061000000685453415,0.061000000685453415,0.0,,0.0,0.0,0.0,0.061000000685453415,0.059665000438690184,0.0,0.0,7.017545006245089,15.094342275037622,41.86046189266399,0
HK.00909,492,0.8600000143051147,0.875,-1.7142840794154575,0.46816105010575243,8042369.5,6916437.8850470185,6.317621424489148,1.1599000000953674,1.959986441731453,-22.522522232263725,-30.081300734212913,-57.465291616924354,-72.9555430729526,-75.17837588845599,0
HK.00910,492,1.8200000524520874,2.4000000953674316,-24.16666749450892,0.49070121203199374,73245.95,133307.63284190296,21.986238158955366,3.2964000153541564,2.9240999680757525,-67.49999850988385,-34.99999701976771,-34.99999701976771,-34.99999701976771,-34.99999701976771,0
HK.00911,492,0.39500001072883606,0.39500001072883606,0.0,0.0,38687.5,15281.562915071845,1.0201140851185468,0.4910000020265579,0.4759999994933605,-15.957444312616726,-39.23076535117683,46.29629445664684,41.07143180254769,43.63636442452421,0
HK.00912,492,1.0750000476837158,1.0700000524520874,0.467289251077145,2.5,24300.0,26122.501158714294,0.28017430315418607,1.065357162952423,1.0312901958823204,1.8957441829536132,3.258999253533179,10.276610094045841,5.171210525898388,-10.251645605549701,1
HK.00914,492,15.850000381469727,15.800000190734863,0.3164568995649978,0.3218893400609275,6395371.25,101366636.75214052,2.4068839680168153,16.920115909576417,19.417767128944398,-4.170205042029211,-6.577142984341094,-22.010802722444474,-26.953774993824887,-27.717322568764953,1
HK.00915,492,0.04699999839067459,0.04699999839067459,0.0,0.0,218100.0,10250.699649006128,5.946738403450244,0.046859999969601634,0.05269499983638525,4.444436717916725,14.634139249893737,-21.66666759798926,-6.000004619359902,-42.68293037505313,0
HK.00916,492,5.300000190734863,5.119999885559082,3.515631039044955,0.5904665949346793,13528902.2,71703184.2404333,2.3813097632970632,5.431099987030029,6.322108874320984,-1.2115486142836065,1.532574784649095,-32.61189354662633,-20.74919771698718,-29.172056071991115,1
HK.00917,329,6.894999980926514,6.889999866485596,0.07257060287097498,0.0905626005901725,4581993.3,31592843.716105413,6.206142562386792,8.12189992904663,15.254074947834015,-24.644805810013477,-25.53995884988116,-58.958331583038124,-70.5341876353433,-89.48131249439871,1
HK.00918,492,1.2949999570846558,1.4299999475479126,-9.44055911993197,1.004984596153221,1095924.3,1419221.9214680314,13.301846958334398,2.1398999917507173,1.188324998021126,-33.92857490406085,18.807331874167925,74.99999194531838,127.19297777802873,108.87095921369554,0
HK.00919,492,0.08100000023841858,0.08100000023841858,0.0,0.40302267002518893,45600.0,3693.600010871887,2.6615057961706445,0.07997999995946885,0.08583000030368566,0.0,-4.705883074796728,-6.896548771073796,3.846152009225729,-2.409634552598453,0
HK.00921,492,21.0,21.100000381469727,-0.47393544863415304,0.32149658992294566,637063.75,13378338.75,2.878927080417966,22.23679992675781,22.131247053146364,-4.977377205803346,-12.863071918676352,2.667755443675232,-5.771879421737982,-17.33146222435963,0
HK.00922,492,0.10300000011920929,0.10300000011920929,0.0,0.0,437501.0,45062.60305215418,1.0186204360765017,0.10426000028848648,0.11743500042706728,-2.830187419357129,-8.03571701791053,-22.55639165136123,-10.434784129797144,-33.116882677061355,0
HK.00923,492,0.013000000268220901,0.013000000268220901,0.0,0.5026142044804031,5370800.0,69820.40144056082,6.526222616844381,0.016020000632852315,0.018704999783076347,-23.529414342761314,-38.09523598339549,-31.57894375664364,-38.09523598339549,-27.777773178653753,0
HK.00924,492,0.12399999797344208,0.12399999797344208,0.0,,0.0,0.0,0.0,0.12399999797344208,0.14291999995708465,0.0,-1.5873047785303125,-38.30846025638003,-10.144926753772236,-58.666668984624984,0
HK.00926,492,2.3350000381469727,2.3350000381469727,0.0,0.0,455.0,1062.4250173568726,0.01070688299621185,2.3866000318527223,2.456350032091141,-0.6382922167795148,-3.909466090550589,-5.846773379489119,-2.3012579223048752,-13.8376381816,0
HK.00927,492,0.4300000071525574,0.4300000071525574,0.0,0.0,40700.0,17501.000291109085,4.0940130624829685,0.44727609276771546,0.5227375057339668,-4.444440323629388,-8.425923492989398,-15.47008570042265,-31.31944261974205,-36.296296361706055,0
HK.00928,492,1.375,1.3700000047683716,0.3649631543230379,0.2573877777666725,1027411.4,1412690.675,12.63581953158538,0.7299103337526321,0.556649502068758,74.41602802430381,256.76015908676516,201.874036428885,140.2670064829999,118.02003915135705,1
HK.00929,492,0.5249999761581421,0.5099999904632568,2.941173720662243,1.9776440240756663,372900.0,195772.49110937119,3.3437293355890256,0.5330999958515167,0.6324913512170315,-0.9433953776483021,-19.23076993614967,-4.419068921171791,-31.898586236831694,-33.55959783212722,1
HK.00931,492,0.3100000023841858,0.3100000023841858,0.0,2.1242788751566093,1356625.1,420553.7842344463,3.7831713125069935,0.3044999980926514,0.36784999996423723,-1.5873000855468575,3.3333300219643105,-15.068494716579107,-36.082475620472046,-28.735632026411295,0
HK.00932,492,0.03099999949336052,0.03099999949336052,0.0,0.0,1927600.0,59755.59902340174,3.4784943363769734,0.029319999516010286,0.03080000001937151,6.896553053016792,10.714280487475508,0.0,-18.421051341658444,0.0,0
HK.00933,492,0.3400000035762787,0.33000001311302185,3.030300019967555,0.008533080299058865,2417021.1,821787.182643941,5.503041475594174,0.3344000029563904,0.49254605755209924,-2.8571401810159034,-10.526313725600916,-42.35209279687858,-45.95508255932241,-45.95508255932241,1
HK.00934,492,3.674999952316284,3.6700000762939453,0.13623640104628723,0.31742430927688187,1251003.8,4597438.905347491,1.8096289374256966,3.653603239059448,3.759476410150528,-1.7379694399655963,4.644145937691043,-8.99960693007429,-6.621926886389111,-7.71792460466277,1
HK.00936,492,0.2800000011920929,0.29499998688697815,-5.084741139541855,0.5620608899297423,312750.0,87570.00037282705,9.485429818047557,0.28299999952316285,0.2936349993944168,-5.084741139541855,-1.754384313814067,-1.754384313814067,-24.324324977406615,-43.99999976158142,0
HK.00938,492,0.38999998569488525,0.38499999046325684,1.2987000923330156,0.10968921389396709,22000.0,8579.999685287476,1.442405094174098,0.39319999754428864,0.40299999952316284,-2.5000050291418283,-2.5000050291418283,-29.090913228752107,34.48275755758657,-36.06557761491922,1
HK.00939,492,9.649999618530273,9.510000228881836,1.4721281417350534,0.5384201986709303,176021509.0,1698607494.703123,1.9333859936974167,9.352700004577637,8.352360348701477,1.206080471510192,22.929932939686537,24.076080725566303,27.416591071987124,36.468115577596336,1
HK.00941,492,78.8499984741211,78.9000015258789,-0.06337522280200678,0.3808057681157724,9355212.15,737658463.7525791,0.7305259211781567,79.38556884765624,77.23842849731446,-0.3160556318870117,5.934423739252963,8.687785869951698,0.9383383121962398,-1.7117423585715552,0
HK.00943,492,0.16200000047683716,0.1599999964237213,1.2500025611371375,0.0,85341.05,13825.250140693784,5.149396679036654,0.16027999937534332,0.18317999988794326,14.084503642861574,1.2500025611371375,-16.062177525945582,-16.92307363130155,-33.606557927683326,2
HK.00945,492,337.0,334.79998779296875,0.6571123916502882,0.7582624074278767,8630.1,2908343.7,0.6838000763691507,341.64518005371093,306.26152374267576,-2.601156069364162,3.8414842686886517,25.850439139078844,19.31278665852723,40.15162976102118,2
HK.00947,492,0.16500000655651093,0.1679999977350235,-1.7857090589038478,0.9071340713407134,67855.0,11196.075444892049,5.561833783027885,0.1714400005340576,0.18431499950587749,-6.249995766715547,-7.303368717172449,-25.33936383099818,25.000005644379268,-9.836061168697269,0
HK.00948,492,0.29499998688697815,0.29499998688697815,0.0,0.0,29612.5,8735.68711169064,1.0728823046673228,0.2559799954295158,0.2671499996632338,11.320755777939622,18.951609559768016,13.461537579812916,40.476188617768955,39.81042332716807,0
HK.00950,492,1.184999942779541,1.1549999713897705,2.5974001846660313,0.47383743120233096,394922.05,467982.60665237904,3.140095358415524,1.1347931218147278,1.2135691982507706,0.38741128431051963,11.899723079001284,-2.5969253924098012,-19.563912683817357,-45.79306644214273,1
HK.00951,492,1.125,1.1349999904632568,-0.881056435883782,0.1698879724239813,343050.0,385931.25,3.0993402465326327,1.216899995803833,1.4098502177000045,-3.0172385886647377,-12.1093730354914,-16.12927020734605,-17.318925011032544,-19.04145302188163,0
HK.00952,492,0.09200000017881393,0.09200000017881393,0.0,0.0,53500.0,4922.0000095665455,1.1074643068049035,0.0955799999833107,0.11778999969363213,-7.070706386539887,1.0989033482009263,-34.28571443776695,-35.21126960092908,-34.165961925757,0
HK.00953,492,0.12999999523162842,0.13500000536441803,-3.7037110623015317,0.08540471637985979,1536400.0,199731.9926738739,4.666217363541229,0.1692200008034706,0.22107500031590463,-25.714287173991323,-23.076925789924662,-47.15447494275925,-56.666669978035685,-54.38596601301284,0
HK.00954,492,0.21799999475479126,0.22300000488758087,-2.242156961077299,0.0,22400.0,4883.199882507324,0.13333327593626648,0.23445999920368193,0.29176500022411345,-3.964759212987616,-23.508772810410274,-35.882355158304236,-23.508772810410274,-30.79365193498439,0
HK.00956,492,3.265000104904175,3.244999885559082,0.6163396009379806,0.11311747683728297,6891662.8,22501279.764964197,2.3115151701001557,3.2604000043869017,3.473503302335739,0.9273635481048745,8.471764626207587,-14.423919454118911,-11.413710572773656,-16.053938936830576,1
HK.00959,492,0.7200000286102295,0.7200000286102295,0.0,,0.0,0.0,0.0,0.7200000286102295,0.7200000286102295,0.0,0.0,0.0,0.0,0.0,0
HK.00960,492,5.289999961853027,5.295000076293945,-0.09443086626766639,0.7364483634344362,26882121.0,142206419.06452847,5.624552970147405,6.1819999885559085,7.865694882869721,-12.053199014552373,-17.857144179339933,-34.28571631660897,-38.94502719312429,-52.60920068751669,0
HK.00966,492,19.18000030517578,19.1299991607666,0.26137557032269093,0.40913440954818925,5474811.8,105006891.99477996,2.898413784840371,20.845200004577638,20.380510244369507,-12.259836369385537,-0.3123811940791218,-2.4050501705608847,5.934242637424317,36.828771226324434,2
HK.00968,492,1.8849999904632568,1.8849999904632568,0.0,0.5303320461513421,32263096.4,60815936.40631513,3.3018860458896357,2.182862160205841,2.725058071017265,-13.532113177077301,-10.152161219798959,-39.34644555220401,-38.15716193836822,-44.6669334547177,0
HK.00969,492,0.11400000005960464,0.12399999797344208,-8.064514578443138,0.17534731255528382,3877300.0,442012.2002311051,17.80894243856502,0.09482000067830086,0.10304000031203031,70.14924958198908,42.50000325962908,3.636364252114102,-3.389831043563671,-11.62790227563846,0
HK.00970,492,0.30000001192092896,0.30000001192092896,0.0,0.0,614200.0,184260.00732183456,8.317070245942395,0.3437999993562698,0.4128250005841255,-6.249994179233778,-13.04347450506333,-34.065933346158154,-42.307687899064575,-43.39622111030189,0
HK.00974,492,0.7350000143051147,0.7350000143051147,0.0,0.0,13650.0,10032.750195264816,4.1033742847904,0.7757999920845031,0.8924000015854836,5.7553988301194705,-6.962026032742867,-22.6315764707211,-33.181818329598286,-36.08695395276762,0
HK.00975,492,8.4350004196167,8.414999961853027,0.23767626683705495,0.1570380239927559,2598713.8,21920151.993463706,4.264162504421722,9.108900032043458,9.72667501449585,-16.732474587121633,27.99696850241009,-17.222759892406067,-21.388622744911217,-28.151613423640498,1
HK.00976,492,0.4300000071525574,0.4300000071525574,0.0,,0.0,0.0,0.0,0.4300000071525574,0.4300000071525574,0.0,0.0,0.0,0.0,0.0,0
HK.00978,492,0.23999999463558197,0.23600000143051147,1.694912364756178,0.7884583123636973,618300.0,148391.99668318033,2.671711225413429,0.23937999933958054,0.2578899993002415,-1.639347566099932,-5.88235328491722,-1.639347566099932,-9.433959399563019,-15.789474509759632,1
HK.00979,492,0.39500001072883606,0.38499999046325684,2.597407925529181,0.08250380290966537,753002.5,297435.9955788404,10.253127873505237,0.326399998664856,0.31972499936819077,-11.235951218486386,-1.2499987892806712,49.0566158685117,43.63636442452421,31.666665010982154,1
HK.00980,492,0.25999999046325684,0.3149999976158142,-17.46031986312503,11.608961303462321,1031340.0,268148.3901643753,6.41134628614665,0.3180000019073486,0.3208250014483929,-22.388064481548582,-5.454550971669479,-11.864406094746942,-18.750001164153243,-27.77778329672615,0
HK.00981,492,61.54999923706055,61.29999923706055,0.407830347653342,0.13097355506997743,40564369.9,2496736936.3968415,3.3307173321306394,66.18400016784668,69.32074995040894,-9.882874836157923,-18.745875594639543,15.804322615290339,-18.04260920421959,-19.804561254644238,2
HK.00983,492,0.8399999737739563,0.7149999737739563,17.482518123772426,4.781357704012994,243300.0,204371.99361920357,6.101339810745691,0.4312999963760376,0.3655750001966953,58.490569644994714,162.4999976716935,133.33331677648823,147.0588132171896,102.40963630465845,5
HK.00984,492,0.25,0.23999999463558197,4.166668994973155,0.0,31230.0,7807.5,2.58055918435863,0.24305999785661697,0.3054099976271391,-3.8461503192516595,13.636364252114102,-35.897433546167775,-35.06493345644402,-39.0243897120347,1
HK.00986,492,0.10499999672174454,0.10100000351667404,3.9603891740559583,0.1486451785872161,2982069.1,313117.2457240157,15.902205266229439,0.26100000098347664,0.49993500057607887,-61.818183837843286,-54.347828340440216,-85.61643918105506,-88.06818212605705,-90.6250003326152,1
HK.00987,492,0.210999995470047,0.210999995470047,0.0,0.0,568061.7,119861.01612670718,3.063917385422828,0.20585999995470047,0.1645318414643407,4.455439665016007,9.32642043000118,71.90638269355534,86.01808399128393,62.917804226920595,0
HK.00989,492,0.5199999809265137,0.48500001430511475,7.216487750324138,4.147245333549403,84935.4,44166.406379985805,6.264766385772303,0.5631000077724457,0.6673500017821788,-11.864406094746942,-36.58536762655102,-24.637683663291117,-27.77778329672615,-25.714287173991323,1
HK.00990,492,0.5400000214576721,0.5450000166893005,-0.9174302896359119,0.14237474611716647,10310794.15,5567829.06224564,3.889995077151085,0.5649000000953674,0.7084499987959861,-12.195119823748584,-8.47456856590309,-36.47058749281413,-25.0,-23.943656651043256,0
HK.00991,492,2.7200000286102295,2.6649999618530273,2.063792403169849,0.19461607425173394,19494653.15,53025457.125746496,2.7193188953143848,2.5108862686157227,2.4329672288894653,5.695000833812004,15.740400786082631,5.236083450866951,33.587354261244876,36.83365075458462,2
HK.00992,492,35.400001525878906,35.91999816894531,-1.4476521981450714,0.4343828624272329,71994582.85,2548608342.745015,5.075527540467524,31.13398712158203,18.009763522148134,9.394316619867075,75.36949890260574,282.930598430545,275.7130427706227,200.61902121355368,0
HK.00993,492,0.0949999988079071,0.09300000220537186,2.150533930223632,0.0,125153.9,11889.620350804924,3.3578181117716897,0.09682000011205673,0.1113399999961257,5.555550036607185,-4.040404724571225,-18.803418912273806,-36.241613221669965,-50.52083438430498,1
HK.00994,492,0.30000001192092896,0.3100000023841858,-3.225803350434739,1.3166485310119695,728400.0,218520.00868320465,8.514428841580013,0.2782800015807152,0.32487000040709973,17.647065698344395,-4.761900256640573,-19.99999682108561,1.6949238156632322,-21.052627451201833,0
HK.00995,492,15.100000381469727,15.149999618530273,-0.330027975706295,0.20084027515697045,1033148.85,15600548.029115008,2.79980797732541,15.429600009918213,14.381830215454102,-6.55940269771805,1.4103427354260922,8.385797218078125,23.833107346780217,38.109072119051454,0
HK.00997,492,0.01899999938905239,0.01899999938905239,0.0,0.0,517282.0,9828.357683967799,3.9547232162037274,0.019479999784380198,0.023339999807067215,-20.833336567092246,5.555556705336561,-17.39130716468075,-42.42424396361859,-42.42424396361859,0
HK.00998,492,8.274999618530273,8.239999771118164,0.4247554415570076,0.43137117875657044,21165907.55,175147876.90209705,2.003717458910358,8.076299982070923,7.473555262088776,-0.06038785751414185,23.139879120357463,8.051405374236706,20.619075626385502,28.630949658730838,1
HK.00999,432,9.024999618530273,8.880000114440918,1.6328772772598619,0.16004315839576277,7242643.05,65364850.763400935,5.54097764844179,8.010149145126343,7.463062851428986,22.041915372656142,33.32206278862721,32.22686425854735,8.79614875761702,-3.702921302352275,1
HK.01000,492,0.4699999988079071,0.4699999988079071,0.0,1.596958174904943,78100.0,36706.999906897545,13.543878965987666,0.4729999953508377,0.5841999979317188,17.499997951090364,-12.962966642261877,-32.85714188400578,-7.843135765358715,-31.884057908417724,0
HK.01001,492,0.35499998927116394,0.35499998927116394,0.0,0.0,83498.7,29642.037604156136,1.0416664597061027,0.36819649279117583,0.37950560212135315,-7.792208294861243,-11.349303446867994,-4.441452713659997,-8.024900358184713,1.7179591993229406,0
HK.01002,492,0.04399999976158142,0.04600000008940697,-4.3478267911701876,0.7354001441961067,814600.0,35842.399805784225,6.616842554285121,0.050480000153183935,0.05409500017762184,-13.725489050275936,-16.981131544992476,-16.981131544992476,-15.384617588929125,-15.384617588929125,0
HK.01003,492,0.25999999046325684,0.2549999952316284,1.960782480441495,0.5387486619516015,2058145.35,535117.7713719964,5.040418403608106,0.214059998691082,0.24303999900817871,28.078816721511018,23.222746940848037,20.930226110909274,-20.0,-25.714287173991323,2
HK.01004,492,0.1860000044107437,0.20600000023841858,-9.708735827440503,0.9617065920615492,119075.0,22147.950525209308,6.690222808982623,0.16408000111579896,0.2798250000923872,13.414633703118358,27.397265167392092,-48.33333416117559,-64.23076707054165,-38.0000009934107,0
HK.01005,492,0.38999998569488525,0.38999998569488525,0.0,6.923076923076923,10500.0,4094.999849796295,1.4102566453832228,0.40399999380111695,0.41007499873638154,1.2987000923330156,-1.265829088137235,-12.359552367771112,-12.359552367771112,-25.0,0
HK.01007,492,0.6700000166893005,0.6700000166893005,0.0,,0.0,0.0,0.0,0.6700000166893005,0.6700000166893005,0.0,0.0,0.0,0.0,0.0,0
HK.01008,492,0.16899999976158142,0.17499999701976776,-3.428569920208964,2.57451403887689,522600.0,88319.39987540245,2.085870384908925,0.1615200012922287,0.17089430131018163,11.184213944605128,1.8072326469014424,1.7030743901257952,-1.8924889791874222,-20.060546319520338,0
HK.01009,492,1.1549999713897705,1.1549999713897705,0.0,0.0,218900.0,252829.49373722076,2.008615876524914,1.4371000194549561,1.264925008714199,-21.428574904060852,-23.509935186461487,6.94443754575898,-2.94118354182603,-6.097564757780296,0
HK.01010,492,0.04800000041723251,0.05000000074505806,-4.000000596046439,0.014885212114272628,3486000.0,167328.00145447254,20.349425853717783,0.041080000177025795,0.06987499998882413,49.999994179234186,-9.433960407473664,-39.99999813735481,-48.93616802042664,-48.93616802042664,0
HK.01011,492,0.4099999964237213,0.4099999964237213,0.0,0.0,53425.0,21904.24980893731,1.8891668779800779,0.3795999991893768,0.5889249999821186,2.4999975785613424,-2.3809501846360366,-41.42857094200289,-51.76470765605512,-61.68224520324681,0
HK.01013,492,0.4449999928474426,0.4449999928474426,0.0,0.661315333394144,283137.5,125996.18547484279,4.476430369516884,0.3653999984264374,0.46164999857544897,17.105262745120182,7.228916095257991,27.142857264499277,134.21052549024037,143.16939721626764,0
HK.01020,492,0.23800000548362732,0.2290000021457672,3.930132425121666,1.0530422434106834,12432200.0,2958863.6681735516,4.278910628437978,0.2330599993467331,0.27667000107467177,-8.461532994840072,3.478261376599048,-29.999999123461112,5.309738772749573,70.00000319310595,3
HK.01021,129,7.855000019073486,8.114999771118164,-3.2039403496970453,0.12375531554911941,12051986.35,94668353.0091234,15.017065021232378,9.673799905776978,,-21.528473132203647,-49.15857530067438,,-57.30978161997964,,0
HK.01022,492,0.29499998688697815,0.30000001192092896,-1.666674945089223,0.06406149903907751,117450.0,34647.748459875584,4.993430827074465,0.361100001335144,0.4980499981343746,-14.492757128607561,-34.44444562182017,-42.15686423464128,-50.83333747254461,-63.125002188608015,0
HK.01023,492,0.42500001192092896,0.39500001072883606,7.594936804365715,0.48346055979643765,237950.0,101128.75283658504,1.7610199627929584,0.4493000042438507,0.4795176434516907,-9.5744653193861,-9.5744653193861,-14.141412560227785,-16.538305634373735,-3.762905556196658,1
HK.01024,492,30.18000030517578,29.5,2.305085780256886,0.6581541258280104,31758531.25,958472482.8169346,2.888578250083788,35.473599967956545,50.13201035499573,-11.183046757658834,-34.39130368440048,-32.67950430913814,-53.66318009913138,-60.05446302110924,1
HK.01025,492,0.20100000500679016,0.20100000500679016,0.0,0.0,3072860.5,617644.9758851677,4.928726413940958,0.19798000007867814,0.2390158897638321,2.5510256446710065,3.0769294253470134,-8.63636086548654,-11.885772024307693,-28.214284231772236,0
HK.01026,492,0.13500000536441803,0.12999999523162842,3.846161781683767,1.37123745819398,319500.0,43132.50171393156,6.5730322321750165,0.07357999972999096,0.08696000009775162,164.7058978212749,125.00001396983893,22.72727826902692,28.57143769458877,7.142859677068189,3
HK.01027,492,2.5199999809265137,2.5799999237060547,-2.3255792462719835,0.0,19664.35,49554.16162493228,1.6786993599540345,3.1981000232696535,3.112974994182587,-10.160430625592486,-20.504734376137566,-17.377048513960425,-28.20512855346421,67.99999872843424,0
HK.01028,492,0.8199999928474426,0.8700000047683716,-5.747127775503971,0.7184422560429723,897600.0,736031.9935798645,7.290819654155175,0.9474999988079071,0.8673749992251396,-22.641505932799248,-8.88888726999726,20.588232973867658,13.888883369940519,294.2307576581221,0
HK.01029,492,0.39500001072883606,0.39500001072883606,0.0,0.4177216972906862,84539.35,33393.04415700883,0.43156711332646147,0.42959999799728393,0.4877499984204769,-2.4691334404499927,-1.2499987892806712,-26.851852771676583,-20.202018803278424,-38.28124694409774,0
HK.01030,492,1.4500000476837158,1.4299999475479126,1.3986084524057727,0.05059435297475602,21941379.3,31815001.031246495,3.8019338092313624,1.4245000028610229,1.8655249983072282,0.3460204186943589,3.571433741219278,-29.611646215521603,-29.95168625864685,-41.5322565914565,1
HK.01033,492,0.6399999856948853,0.6349999904632568,0.787400835704065,0.11141938240304876,25821540.0,16525785.230619907,3.5044306971508927,0.6562999951839447,0.7679749968647956,-2.2900742519207253,8.474578668385705,-31.914894966153124,-7.246378564303781,-17.948716773083888,1
HK.01036,492,1.7899999618530273,1.7899999618530273,0.0,0.0,52500.0,93974.99799728394,1.3518272453236668,1.7728999853134155,1.6475929993391036,-0.5555550404536735,14.743591507040838,20.75342906954143,12.032346379393987,21.480852714940603,0
HK.01037,492,0.625,0.6150000095367432,1.6260146842582102,1.3552758954501452,401600.0,251000.0,1.173403806137584,0.6246000075340271,0.5872500002384186,0.0,42.045455315142625,26.262625046329063,-17.763156862800457,-44.19642880901086,1
HK.01038,492,65.3499984741211,64.8499984741211,0.7710100412716725,1.3348304809530347,1220754.0,79776272.03727722,1.8377845756339415,63.98730751037598,61.106157836914065,0.38314225637306687,11.565063290347858,11.424759761213934,19.230352173756295,31.05009843802688,1
HK.01039,492,0.05999999865889549,0.05999999865889549,0.0,0.0,176300.0,10577.999763563275,4.361652412257007,0.050220000222325326,0.05317500004544854,22.448980057304087,19.99999552965171,7.142851440882373,17.647058393853477,46.34145610145291,0
HK.01044,492,19.200000762939453,19.270000457763672,-0.3632573594258356,0.4170191814082072,5012226.85,96234759.34402561,2.110566141515131,21.56548568725586,24.120460510253906,-11.028726455889029,-14.019290445802964,-25.506983250869027,-27.194011328749635,-17.765897003242774,0
HK.01045,492,1.9500000476837158,1.9299999475479126,1.0362746465984924,0.23892106364021778,1090593.25,2126656.8895035386,2.9959121352109697,2.078756537437439,2.903749759197235,-6.448492867676587,-11.692406559702123,-39.93808379198551,-46.36181934642147,-3.0885062697070658,1
HK.01046,492,1.309999942779541,1.309999942779541,0.0,0.39884167779673435,28630022.0,37505327.181777,11.523407026842207,0.8097999948263168,0.46755000039935113,54.117636004121564,285.29409676480896,274.28570431105925,219.51218395272858,336.66663024160744,0
HK.01047,492,0.3400000035762787,0.3449999988079071,-1.449273985189887,304.7826086956522,74700.0,25398.000267148018,0.6532393668618506,0.354200000166893,0.34625000014901164,0.0,-1.449273985189887,4.615389553047677,-8.108108325802206,9.677419664956526,0
HK.01049,492,0.7300000190734863,0.7300000190734863,0.0,0.0,0.0,0.0,0.0,0.8341999888420105,1.0836499923467635,-6.410250532086098,-28.431369340772616,-44.69697044955356,-34.82142714593484,-17.045451928515064,0
HK.01050,492,1.9199999570846558,1.899999976158142,1.0526305882884401,0.9566809251327646,2456426.05,4716337.91058163,3.6097571263699315,1.9060624289512633,2.28376813352108,-2.0408204226431472,-3.207725724612706,-14.940122141768233,-22.945759524156262,5.6609718699069544,2
HK.01051,492,6.150000095367432,6.130000114440918,0.32626395682111264,0.6980430913021993,27277.95,167759.39510142803,5.019450023584463,7.553799991607666,9.120888328552246,-21.15384685922655,-23.124998807907104,-43.26816815110185,-45.85576454268208,-35.80040745322422,1
HK.01052,492,3.255000114440918,3.240000009536743,0.46296619938342304,0.14610542973654006,1684257.2,5482257.37874794,1.7669841582031869,3.475900011062622,3.9403989911079407,-6.195962893274707,-11.065572729292713,-17.491287834079678,-27.7606110065372,-23.747693573909856,1
HK.01053,492,0.8450000286102295,0.8399999737739563,0.5952446419502754,0.04789011715450439,5445540.0,4601481.455798149,3.2625397701233454,0.8857999992370605,1.0456000021100045,-5.58658697003811,-3.9772689558011236,-25.877189542668194,-30.165289093355252,-35.98484886114042,1
HK.01055,492,2.8550000190734863,2.8550000190734863,0.0,0.5218612171330547,10107393.5,28856608.63528323,2.897468406789992,3.1611999893188476,4.2596000015735624,-6.546646262303042,-18.660967896564646,-29.331682028927965,-51.279864265783495,-26.606685293551795,0
HK.01057,492,3.7850000858306885,3.7100000381469727,2.021564606807281,0.0604349261065679,3140025.0,11884994.894510508,2.8706740448158916,3.8812620306015013,4.720337510108948,-4.177214173700668,4.132581002074591,-27.848212126090278,-22.163521392155126,-26.189542778422748,1
HK.01058,492,0.35499998927116394,0.35499998927116394,0.0,0.0,10010.0,3553.549892604351,0.4941507897004572,0.39249999821186066,0.3735750000178814,-5.333336194356283,-8.974358386541944,4.411760452090707,-1.3888957875743526,-23.655916872927577,0
HK.01059,492,0.4300000071525574,0.4050000011920929,6.172840959723081,0.4094165813715456,29910.0,12861.300213932991,2.4648547550101982,0.39390000104904177,0.4133250005543232,7.500000186264512,3.614461638270319,-6.521739271277513,0.0,14.666668574015299,2
HK.01060,492,0.4300000071525574,0.42500001192092896,1.1764694332664312,0.4315553224317405,61496125.0,26443334.189854562,3.2935189517520094,0.49749999582767485,0.6489499986171723,-16.504850660847712,-12.244898207432918,-33.84615031925166,-51.685391678200276,-59.43395939956302,1
HK.01061,492,2.1050000190734863,2.0850000381469727,0.9592316815633489,1.154521145848854,233202.2,490890.635447979,3.1442501627284485,2.238963832855225,3.0674076926708223,-2.9953942366430666,-26.84486978791002,-38.654031083589956,-42.19631873001482,-58.05104491692701,1
HK.01063,492,0.30000001192092896,0.28999999165534973,3.448282949422888,0.0,22997.5,6899.250274151564,2.6572952249872253,0.30599999845027925,0.420674996227026,3.448282949422888,39.53488694454536,-41.74756888271727,-35.48386890028983,-53.12499708961689,1
HK.01064,492,0.05900000035762787,0.05900000035762787,0.0,0.0,1867065.6,110156.8710677147,16.368794461057785,0.0629399998486042,0.06759000029414892,3.5087725031225445,-3.2786890251666563,-20.270270814505515,-10.606059579809829,-34.44444665202379,0
HK.01065,492,3.6700000762939453,3.575000047683716,2.6573434221848786,0.0,468900.0,1720863.035774231,1.1826642518931598,3.710200004577637,3.926156784296036,-1.4765054965564677,2.801124507593832,-8.010011326417086,-7.79201991723078,0.8076876630182365,1
HK.01066,492,3.2950000762939453,3.2100000381469727,2.6479762347928313,0.29448394223610436,7255428.05,23906635.97829523,3.012140765801195,3.3157000207901,3.9436883091926576,2.0123856605766837,1.0736222678857998,-24.295897936369308,-33.44035354041288,-39.89782976533062,1
HK.01068,492,0.07500000298023224,0.07199999690055847,4.1666752900242106,0.5879011644419199,340900.0,25567.50101596117,4.75279471581707,0.07684000074863434,0.09825500056147575,-2.5973981991849837,-3.846152009225729,-37.49999611948919,-31.818178739429488,-49.32432296373621,1
HK.01069,492,0.24799999594688416,0.24799999594688416,0.0,0.0,995321.0,246839.60396584868,4.747692158808911,0.2666399970650673,0.33215306483209134,2.479337723428905,-17.333337969249964,-20.000001922730462,-40.952380073854414,-40.24096363046584,0
HK.01070,492,17.700000762939453,17.559999465942383,0.7972739251422121,0.5279904926676012,4558218.25,80680466.50264454,3.478223645588855,16.5957999420166,13.615833649635315,4.7337346891535175,18.07872603869386,66.46112318724894,75.68247618084817,71.26588287056586,2
HK.01071,492,4.224999904632568,4.179999828338623,1.0765568933487488,0.15396009452565818,7359819.9,31095238.37561288,1.967935643281857,4.052499995231629,4.1146232342720035,6.022585090456371,8.056261173584026,-7.893045969238938,8.294063017589464,6.168457695657196,1
HK.01072,492,18.0,18.059999465942383,-0.33222296631586307,0.2985793247365235,3264692.85,58764471.300000004,3.0740556078291488,20.745999908447267,28.053114700317384,-9.819635142154814,-25.124794864821038,-49.944099942238196,-28.535817797982865,15.86606723280774,0
HK.01073,492,0.10000000149011612,0.10000000149011612,0.0,0.10807305738679347,232575.0,23257.500346563756,0.5546372967102515,0.10138000085949898,0.1056416280195117,0.0,0.0,-19.037338762624465,-3.9041273166552886,-19.037338762624465,0
HK.01075,492,1.6799999475479126,1.6799999475479126,0.0,0.0,34800.0,58463.99817466736,0.515500626198891,1.7490000057220458,2.384785386919975,-10.160430841495822,-5.617978957818797,-41.56660995341951,-44.55362334806095,-44.90566472930873,0
HK.01079,492,0.1770000010728836,0.1770000010728836,0.0,0.8966244725738397,388700.0,68799.90041702986,4.223509100029435,0.20660077899694443,0.26361019514501094,-18.433176495745307,-35.63636464126837,-33.20754315938822,-39.999996969255214,-47.164180100322625,0
HK.01080,492,0.0430000014603138,0.0430000014603138,0.0,0.08737864077669903,583425.0,25087.275851983577,5.91877511961142,0.05189999997615814,0.07170000027865171,-30.645157801497064,-31.746030525856057,-45.56962090976111,-50.57470954296082,-48.80952138090482,0
HK.01081,85,31.959999084472656,32.220001220703125,-0.8069588031654171,0.09268980359753828,2852240.0,91157587.78869629,8.440923974978881,32.50436134338379,,14.864131749900361,-36.932020061016516,,-51.70170883991131,,0
HK.01082,492,0.9700000286102295,0.9950000047683716,-2.512560405862701,3.0465474231728678,421220.0,408583.41205120087,2.5121869175884575,1.0250999903678895,1.3374749958515166,0.0,-25.954193054993883,-33.56164361191727,-34.45945837098897,-37.82050870579361,0
HK.01083,492,2.994999885559082,2.9749999046325684,0.6722682879878544,0.1784087282001748,5967784.85,17873514.942791224,2.6813166417984258,3.08579740524292,3.2915330576896666,-1.1551183551541415,-0.8541172099037755,-6.321334124209168,-15.76374225352311,-15.088050772748392,2
HK.01084,492,0.6449999809265137,0.6499999761581421,-0.7692300638503318,0.34071550255536626,58900.0,37990.498876571655,2.485314368545646,0.6716000008583068,0.6550923439860344,-4.444448957717879,-11.643840537820044,-4.8424853660190195,2.5916923636420175,4.220127219912544,0
HK.01085,492,1.3200000524520874,1.3899999856948853,-5.035966472172563,0.5734767025089605,20500.0,27060.00107526779,3.255989858983933,1.6990000081062318,1.590350000858307,-25.42372504653203,-28.260868015947356,0.0,-16.98113051939936,-22.352940268995052,0
HK.01086,492,1.375,1.3650000095367432,0.732600028819828,0.8892913910121516,9844551.55,13536258.381250001,4.423823567935146,0.8921958887577057,0.8022637969255447,53.63128819026176,107.68674246693837,74.74483475057508,54.99107725402887,27.314093063074164,1
HK.01087,492,1.6100000143051147,1.6200000047683716,-0.6172833601124982,0.14651032316514534,308571.05,496799.39491414424,6.749372281049262,1.5347000098228454,1.1351000025868416,16.66666810639239,-17.010310988761145,151.5625078580344,42.47787797336189,12.587417717452132,0
HK.01088,492,43.18000030517578,43.5,-0.7356314823545259,0.7386932552878879,8880494.35,383459748.7431118,2.488119255084001,44.448400039672855,43.06222511291504,-3.3139264381840094,5.265723606307995,-6.524795660398143,12.189104134653354,22.69013110681142,0
HK.01090,492,0.5400000214576721,0.5600000023841858,-3.571425150243618,1.5402298850574712,93700.0,50598.00201058388,2.164521965263618,0.6650000166893005,0.7577500021457673,-19.402983879612854,-23.943656651043256,-32.49999832361939,-36.47058749281413,-39.99999602635691,0
HK.01091,492,0.5299999713897705,0.5450000166893005,-2.7523018055394695,0.5745721470189191,7719981.65,4091590.0536295534,5.533907906292811,0.4120999974012375,0.49052499756217005,43.243233664702935,29.268286832381634,-15.87301977757817,-5.357148369051949,35.897433546167775,0
HK.01093,492,10.0,9.854999542236328,1.4713390613792754,0.4418726597087298,82389327.15,823893271.5,3.7234793868060154,9.120900020599365,8.606784989833832,3.305781867105094,21.506689625923254,25.296751643810676,20.568577909022107,9.851792020634086,1
HK.01094,492,0.375,0.36000001430511475,4.166662527455388,0.17676406800250571,4955361.55,1858260.5812499998,6.603630837334965,0.38629999965429307,0.35649999909102914,-6.2500013969838415,27.118649718337736,-11.764708357286219,7.142858967489158,-2.5974001846660313,3
HK.01097,492,0.061000000685453415,0.061000000685453415,0.0,0.15721361757194405,3479575.6,212254.113985087,4.44475137770825,0.06580000080168247,0.06729500021785498,-4.687503456079702,-22.78481281265912,7.017545006245089,-46.49122749687746,-25.609757316424513,0
HK.01098,492,0.4950000047683716,0.47999998927116394,3.1250032984341924,0.7174887892376681,66050.0,32694.750314950943,2.125337906515909,0.5117999893426896,0.5970749993622303,-6.603767643538114,-2.941173720662243,-22.656247526174354,-25.000002257751607,-30.28168736221148,1
HK.01099,492,14.920000076293945,14.710000038146973,1.427600527548513,0.691565399612974,4652740.9,69418894.58297597,1.73826599846214,15.984599933624267,17.81471097946167,-5.748577711926255,-13.45707497462308,-22.378918884322676,-20.529860060255007,-15.016488527127034,1
HK.01100,492,1.2899999618530273,1.2999999523162842,-0.7692300638503318,0.7287536169756725,31400.0,40505.99880218506,1.796536397615009,1.3417388224601745,1.3510625743865967,0.3453894948811936,-12.61311583673801,-5.356988552899068,8.056984103557642,-6.644650572142393,0
HK.01101,492,0.019999999552965164,0.019999999552965164,0.0,,0.0,0.0,0.0,0.019999999552965164,0.019999999552965164,0.0,0.0,0.0,0.0,0.0,0
HK.01102,492,0.07900000363588333,0.08399999886751175,-5.952375355998059,3.922050821851714,1974676.25,155999.43092969246,6.052812920234063,0.11386000037193299,0.072490000333637,-22.54901459495721,3.9473765475518126,54.90197081008558,83.7209324487935,51.92308078062597,0
HK.01104,492,1.9749999046325684,1.9205172061920166,2.836876351062719,0.7164506342605181,3073048.95,6069271.383181214,4.603210238887318,1.731734435558319,2.0290347069501875,1.6355049887435649,39.42308339650536,-4.185022408588724,-17.613639471617372,53.24701921019719,1
HK.01105,492,0.1809999942779541,0.18299999833106995,-1.0928983996478439,0.08955959071267044,63726.0,11534.405635356903,5.398232650303005,0.18006000071763992,0.18997499994933606,0.5555483809226732,3.428569920208964,-4.736843921471193,-9.500004209577975,-32.962967746051554,0
HK.01107,492,0.013000000268220901,0.013000000268220901,0.0,,0.0,0.0,0.0,0.013000000268220901,0.014965000180527568,0.0,0.0,-13.333329608042952,0.0,-38.09523598339549,0
HK.01108,492,2.115000009536743,2.119999885559082,-0.2358432213320762,0.0,7420880.0,15695161.270771027,4.595290540325185,2.2978000020980835,3.17760000705719,-5.369122648389971,-11.134457653857112,-45.489692083643135,-43.59999974568685,-50.81395544833004,0
HK.01109,492,29.540000915527344,29.399999618530273,0.4761948939238424,0.20655003450163376,28527484.85,842701928.5866925,3.4733618707955674,31.428284225463866,30.793385610580444,-0.3722723576500969,-7.3778349243845724,9.736478152883441,10.68658197842195,1.9346127022998996,1
HK.01110,492,0.38499999046325684,0.3799999952316284,1.31578823536055,0.41432077378374477,2534000.0,975589.9758338928,5.941289873118135,0.41750000059604647,0.4626749981939793,-4.938274239498084,9.999999148505061,-23.000001907348633,-27.358488444120756,-24.509804379889626,1
HK.01111,492,0.2409999966621399,0.24500000476837158,-1.6326563381145176,5.537918871252205,138400.0,33354.39953804016,1.460416643212439,0.24330000042915345,0.2528349979966879,0.41666752037904586,13.679245050934208,-20.9836095047714,-16.896550483850994,-26.969700883133086,0
HK.01112,492,18.860000610351562,18.889999389648438,-0.15880773036612209,0.20177279809150914,2059182.55,38836184.14982529,4.596689886687677,16.454761543273925,13.61841049194336,3.7824916181134394,46.80673185918949,67.59891471679117,52.29306591062828,49.449656553949985,0
HK.01113,492,45.220001220703125,45.36000061035156,-0.3086406255834317,0.5922544004351595,5107139.7,230944863.4683014,1.9465174216296295,46.45464546203613,45.07407030105591,-2.7907727370237922,3.1446624061233766,5.827669518727749,16.436693884647234,27.92799345669762,0
HK.01114,492,1.7699999809265137,1.8250000476837158,-3.0137022093236685,0.8915195691564672,17896597.9,31676977.94164948,3.0075301790504128,1.7933605933189392,2.3437728655338286,-7.086613779042168,10.319996909103878,-19.442589515311177,-44.97552999808035,-41.67979291698604,0
HK.01115,492,0.5550000071525574,0.5699999928474426,-2.6315764707211,0.9796480759910364,10050852.9,5578223.431389302,5.054007333880984,0.4429000002145767,0.4974499988555908,37.03703839974039,15.625004074536356,16.842108235134678,-0.8928562875609045,6.730774521122511,0
HK.01116,492,0.23499999940395355,0.2199999988079071,6.818182126057051,7.288629737609329,46800.0,10997.999972105026,1.6176390120241202,0.21873999923467635,0.2539449991285801,10.849057631577079,18.090451395856906,-7.843135765358715,-28.787881798214265,-12.962966642261877,1
HK.01117,492,1.4199999570846558,1.4299999475479126,-0.6993000580457562,0.2172844841357583,11396318.9,16182772.348923052,3.8118036997423665,1.5398000001907348,1.3926999959349633,-13.149849213007242,35.23809729249579,4.411760452090707,-12.345681919446163,14.516124690608635,0
HK.01118,492,1.1699999570846558,1.1699999570846558,0.0,,0.0,0.0,0.0,1.1315850305557251,1.113227054476738,-1.0188827502335278e-05,4.347819153160622,11.003853427476201,7.176138941623355,27.35661924641672,0
HK.01119,492,0.35499998927116394,0.36000001430511475,-1.3888957875743526,0.10357183334350453,1827580.0,648790.8803921938,6.728531722585017,0.3698999989032745,0.4363249985873699,-25.26315921561541,14.516124690608635,-15.47619039171677,-37.71929934634618,-68.58407161334583,0
HK.01120,492,0.550000011920929,0.550000011920929,0.0,22.941176470588236,58400.0,32120.00069618225,0.862573333320785,0.6138000118732453,0.8083000031113624,-8.333334989017844,-27.631576470721097,-45.54455276096979,-42.10526117657688,-43.29896951560474,0
HK.01121,492,0.36500000953674316,0.3799999952316284,-3.9473647060816504,0.08516851198442633,139780.0,51019.70133304596,3.8145964575272626,0.3748000019788742,0.9367499980330467,10.60605910089287,-37.06896206215634,-71.2598413371265,-71.70542478059946,-73.74100623790487,0
HK.01122,492,0.4650000035762787,0.4650000035762787,0.0,0.19975228591522196,918965.7,427319.0537864774,2.913832502632645,0.532199998497963,0.8430999986827373,-8.823527005579463,-32.60869490101266,-48.33333156726974,-51.56249854480844,-47.15909021637164,0
HK.01123,492,0.13500000536441803,0.13500000536441803,0.0,0.0723589001447178,138700.0,18724.50074404478,1.3812223999285704,0.12820727199316026,0.11582890696823597,-4.929576799690308,27.398210909307718,20.751338355433056,18.68722041739997,11.98713415153837,0
HK.01124,492,0.10999999940395355,0.10999999940395355,0.0,,0.0,0.0,0.0,0.1124999998509884,0.16599999967962503,0.0,-12.000000476837158,-50.0,-53.97489422357403,-62.71186295133725,0
HK.01125,492,0.75,0.75,0.0,0.0,500.0,375.0,0.03333330154418945,0.6977000117301941,0.8539750018715858,9.48905071380695,2.7397233430072485,-16.666664459087173,-21.05263058828844,-29.245279199417357,0
HK.01126,492,5.715000152587891,5.639999866485596,1.3297923382581427,0.9852994775847406,419275.0,2396156.688976288,4.06271174990073,6.161210918426514,6.90120982170105,-8.732273469702614,-7.52951805532463,-17.18308056736787,-26.869266842254437,-52.050020355856205,2
HK.01127,492,1.1950000524520874,1.1950000524520874,0.0,0.0,205200.0,245214.01076316833,0.8625720105264048,1.1781975769996642,1.214497095346451,1.2605870503376198,1.2605870503376198,-1.347202320967437,-4.227572260774508,0.9294026889438444,0
HK.01128,492,5.065000057220459,5.070000171661377,-0.09862158326672192,1.8331867122710852,4347284.5,22018996.241253614,2.181804413944396,5.427144527435303,5.323595852851867,-8.765258756716833,3.107751693204284,-0.44816752631282,-8.578238985915881,-21.63848477844585,0
HK.01129,492,0.16300000250339508,0.16300000250339508,0.0,,0.0,0.0,0.0,0.16300000250339508,0.2693700003623962,0.0,0.0,-62.954544684857375,-42.80701594779804,-83.36734700704406,0
HK.01130,492,0.4099999964237213,0.4099999964237213,0.0,0.0,114777.7,47058.856589522955,2.2362416696971104,0.5396000063419342,0.5913499981164932,-25.454547720507108,-33.870968827347845,-34.92063499572266,-25.454547720507108,-21.153843949532288,0
HK.01132,492,0.07800000160932541,0.07800000160932541,0.0,0.0,196000.0,15288.00031542778,4.089927089019903,0.08826000019907951,0.07184000004082919,-12.359550279614425,11.428573253203405,23.80952437268182,20.000006877459263,2.631584365034542,0
HK.01133,492,13.789999961853027,13.729999542236328,0.4370023424409118,0.35481356010275944,4805937.55,66273878.63116803,3.8534444595153614,15.723799953460693,18.775778031349184,-12.50000151280822,-16.373558803767366,-39.77773609287743,-20.22771286824141,15.117746428549536,2
HK.01134,492,0.2280000001192093,0.2280000001192093,0.0,0.0,1056200.0,240813.60012590885,3.221753291219842,0.24310000091791154,0.28515000104904176,-0.43668210357543275,-28.74999837018546,-27.619047033363277,-7.317075682329301,31.034486597604065,0
HK.01137,492,0.9900000095367432,0.9850000143051147,0.5076137217272785,0.5932036426680445,300393.15,297389.22136477235,2.998173438746011,1.0271999776363372,1.190899995267391,-3.883491549912931,-8.333336092807519,-26.666667255354504,-28.776976998181414,-30.769227562956054,1
HK.01138,492,20.280000686645508,19.770000457763672,2.5796672588419645,0.4130237522538452,22013174.15,446427186.8772471,5.26216181435649,16.561802597045897,15.23802405834198,19.14041231926646,49.47198349484509,10.372208349146424,121.6575427810154,130.47615352300804,4
HK.01141,492,0.7549999952316284,0.7699999809265137,-1.9480501384995235,2.790293705220469,2430961.6,1835375.9964082718,6.66939265463879,0.7208000004291535,1.7258999940752984,8.633093957075221,-86.24772264648281,-53.68098175212936,3.4246541787590608,-25.980391240220747,0
HK.01142,492,0.017999999225139618,0.019999999552965164,-10.000001862645192,8.300742880898177,109888388.0,1977990.8988518417,20.883668051197176,0.07962000027298927,0.12070000004023314,-80.21978066964019,-79.31034512289263,-82.85714305987975,-92.17391352234354,-99.4461538699957,0
HK.01145,492,0.11999999731779099,0.11900000274181366,0.8403315570899159,0.0789421748569173,253350.0,30401.999320462346,2.4887231223365025,0.1403600001335144,0.14759500056505204,-14.89362050653379,5.263155486885312,-23.566883242857028,-25.925927799643034,-28.14371233441419,1
HK.01146,492,0.05000000074505806,0.05000000074505806,0.0,1.5497433390369102,440800.0,22040.000328421593,2.7718101788297123,0.0555799999833107,0.04449274291284382,-13.79309968311909,0.0,32.4786300321164,75.33934851616796,10.398856543957248,0
HK.01147,492,0.11699999868869781,0.11400000005960464,2.631577743442656,0.14986369733831756,4533683.75,530440.9928049706,6.8101818182991565,0.11232000082731247,0.12909000065177678,13.59223160513138,-13.97059387479037,-6.400001049041748,-10.687022032447905,-32.75861950842952,1
HK.01148,492,0.20800000429153442,0.20800000429153442,0.0,0.14084507042253522,334050.0,69482.40143358707,4.325785442607987,0.22619999915361405,0.2647849985957146,-6.726457518962062,-11.489359651447256,-19.999995415027158,-36.96969817383116,-48.641974400173076,0
HK.01150,492,0.07800000160932541,0.07599999755620956,2.631584365034542,0.0,33000.0,2574.0000531077385,0.7900143553544224,0.07720000103116036,0.11647499985992908,-4.878049445322461,-12.359550279614425,-42.2222233260119,-54.38596498872044,-73.55932031305169,1
HK.01152,492,0.20800000429153442,0.20000000298023224,4.000000596046439,0.0,1606000.0,334048.0068922043,4.526013603096117,0.21324000060558318,0.2719049996137619,-8.370041392406526,-32.90322493812173,-18.431369340772616,-27.01754143803841,-45.2631560785288,1
HK.01153,492,0.33500000834465027,0.33500000834465027,0.0,1.320754716981132,5500.0,1842.5000458955765,1.9159785140812131,0.36750000417232515,0.37337500154972075,-8.219178194041364,-9.459458370988969,-6.944445824181537,-32.999998331069946,-34.313722625689834,0
HK.01156,492,0.2849999964237213,0.2800000011920929,1.785712575121809,0.2668021255463206,1704656.65,485827.13915367273,9.117636838003426,0.27899999767541883,0.23206999957561492,-1.72413633637985,29.545453621828848,46.153849680748344,58.33332505491078,99.30068749577974,1
HK.01157,492,5.619999885559082,5.644999980926514,-0.44287148719048136,0.40382786305984625,4723334.8,26545141.035457227,2.6940449582243247,6.458899993896484,7.654629862308502,-5.387208225232183,-20.845070971167537,-31.50109618062332,-24.54417417154602,-16.548227303881863,0
HK.01159,492,2.200000047683716,2.299999952316284,-4.347822030685715,0.0,11525.0,25355.000549554825,2.4883888025630214,2.510099997520447,2.477625004053116,-12.698410145429659,-18.215613349951138,-29.03225434310219,10.000002384185791,-24.137931884965177,0
HK.01161,492,1.315000057220459,1.2400000095367432,6.048390895717445,1.1085972850678734,93300.0,122689.50533866882,1.2829633327035632,1.3050999903678895,1.069988483786583,4.3650846963086565,7.78688740839206,46.138869298420104,50.08858217229528,50.08858217229528,1
HK.01162,492,0.23499999940395355,0.23499999940395355,0.0,0.0,594800.0,139777.99964547157,1.0764446430844126,0.23055999845266342,0.19802499949932098,-7.843135765358715,19.28934167576495,32.7683604403975,26.34408270496767,-2.083331393077926,0
HK.01163,492,0.16699999570846558,0.16699999570846558,0.0,2.4806201550387597,36250.0,6053.749844431877,1.2491168721043702,0.16472000122070313,0.1689900007098913,7.051277091576134,-6.7039156837380975,0.6024108823004809,4.3749996507540265,23.703695609246093,0
HK.01164,492,2.1050000190734863,2.0899999141693115,0.717708398095161,0.134020052178806,53945253.0,113554758.59392405,5.300320312651628,2.4690000009536743,3.3559219336509702,-14.430894860509627,-20.86466349056082,-44.90582926118046,-34.703210935827876,-29.479466558975677,2
HK.01165,492,0.024000000208616257,0.024000000208616257,0.0,,0.0,0.0,0.0,0.024000000208616257,0.024000000208616257,0.0,0.0,0.0,0.0,0.0,0
HK.01166,492,0.25999999046325684,0.25999999046325684,0.0,0.0,721221.15,187517.49212189912,9.948374592324747,0.2210000002384186,0.4135849978774786,50.289017938500926,57.57574553441568,-48.00000190734863,-68.67469931430958,-47.474749907341874,0
HK.01167,492,6.409999847412109,6.025000095367432,6.390037277189433,1.6847862518331236,1315674.8,8433475.267243957,5.4213328236257485,5.6228999996185305,6.0510250139236454,4.738561556795436,23.50673943624251,-2.1374097594804327,-0.15576680316192051,-32.241016685368834,2
HK.01168,492,5.0,5.014999866485596,-0.29910003758598874,0.7601083858253862,305741.25,1528706.25,2.5868492954105715,5.315600004196167,4.349600015878678,-4.3977058935887285,44.09221783212927,19.617229792741238,-1.57480167140813,-34.640523690609854,0
HK.01170,492,0.4000000059604645,0.4000000059604645,0.0,0.0,21800.0,8720.000129938126,0.5047470963909297,0.3990463352203369,0.44179267436265945,0.0,-2.206318721132543,-8.584168079383685,-19.132144660591774,-12.533328415340645,0
HK.01171,492,11.369999885559082,11.34000015258789,0.2645479062391829,0.2050896424068572,21603924.25,245636616.25012708,3.1556168911967495,12.328198375701904,12.464098443984986,-10.780446562150338,1.5175898805883679,-25.006849976827077,22.45035481643553,15.799309709474812,2
HK.01172,492,0.020999999716877937,0.023000000044703484,-8.695653582340375,0.10630892868442701,3971750.0,83406.74887550995,10.574297013822154,0.019200000017881393,0.020459999926388264,23.529403386025734,5.000000931322596,10.526317853346493,-19.230771986161407,-8.695653582340375,0
HK.01173,492,0.027000000700354576,0.027000000700354576,0.0,0.0,622000.0,16794.000435620546,2.149470521131707,0.026360000595450402,0.030195000162348152,8.000001192092878,-15.625001818989318,-15.625001818989318,-15.625001818989318,-9.999995653827888,0
HK.01176,492,0.01899999938905239,0.01899999938905239,0.0,0.1454759626003092,12423400.0,236044.59240995347,11.554090847641977,0.019639999866485597,0.028845000104047357,-17.39130716468075,26.666665424903208,-34.48275884216947,-60.41666828354613,-67.24137942108473,0
HK.01177,492,5.789999961853027,5.550000190734863,4.324320051714921,0.5069914023332226,73196017.85,423804940.55929345,4.083302857241533,5.3219086456298825,5.563982892036438,5.8500947702991635,16.145230727320588,1.932018346321103,-6.722582626593118,-25.844454925588323,1
HK.01179,492,32.779998779296875,32.91999816894531,-0.4252715596457847,0.9445777553254189,1227099.8,40224329.94607544,1.7898693969256534,34.46869529724121,36.826959924697874,-7.817779771184684,-2.2099124972929594,-14.190114709363035,-11.56610513604419,8.376581719917692,0
HK.01180,492,0.9399999976158142,0.949999988079071,-1.0526305882884401,1.8555005947706114,458262.0,430766.27890741825,2.1327496024582766,0.9401999962329864,0.7073493102192878,4.444446946367871,28.767119596634966,111.6984650079535,54.573475799657835,8.20144154394799,0
HK.01181,492,0.09700000286102295,0.09700000286102295,0.0,0.3359173126614987,380700.0,36927.90108919144,5.570175826212635,0.09988000005483627,0.1475699995085597,1.041668768609959,-11.009169545962974,-44.571425992615325,-53.80952100499678,-47.28260724321149,0
HK.01182,492,0.6700000166893005,0.6700000166893005,0.0,0.0,3375.0,2261.2500563263893,0.0,0.6601000058650971,0.7559250009059906,0.7518789579387514,-11.842101960961466,-17.28394880034615,4.687504947651288,44.08602398631887,0
HK.01183,492,0.1120000034570694,0.1120000034570694,0.0,0.0,364775.0,40854.80126105249,2.66149764097797,0.12714000046253204,0.14751000091433525,-12.500001455191454,-18.248169386835684,-32.12121272327922,-17.03703777289682,-29.11392512506365,0
HK.01184,492,7.985000133514404,8.020000457763672,-0.43641299565495545,2.038057606322138,49885.0,398331.73166036606,1.6715713110189632,7.94655065536499,5.8020510625839234,-4.991307481625204,27.645262414415996,89.98224605902558,92.07918327664319,93.80434044179368,0
HK.01186,492,4.315000057220459,4.300000190734863,0.3488340888429647,0.18398218067110061,4233446.15,18267320.379489735,1.4439628271758953,4.485799989700317,4.779701542854309,-2.265003522006764,-1.748454547586558,-11.329396995166492,-13.961541734429842,-13.801629110270476,1
HK.01187,106,28.239999771118164,28.1200008392334,0.4267387208514643,0.00783162016642193,47015.0,1327703.5892391205,3.123075524416331,31.261778869628905,,-8.518844135954362,-11.762065757581718,,-25.780332257476235,,1
HK.01188,492,0.012000000104308128,0.012000000104308128,0.0,,0.0,0.0,0.0,0.012000000104308128,0.012000000104308128,0.0,0.0,0.0,0.0,0.0,0
HK.01191,70,129.89999389648438,132.0,-1.5909137147845642,0.11016890638059854,1956484.05,254147266.15356904,13.628601028268527,115.8379997253418,,13.947363067091556,-30.385857637955887,,-21.272730971827652,,0
HK.01193,492,16.329999923706055,16.280000686645508,0.3071206078115296,0.3952016098133936,3524343.7,57552532.35211392,2.4509543964062614,16.13278211593628,17.88305835723877,-0.23460233546607479,9.636635615458115,-10.026572859826535,-19.184280319996013,-12.671511594994211,2
HK.01195,492,0.01899999938905239,0.01899999938905239,0.0,0.0,8620200.0,163783.79473350942,9.694277712809637,0.015779999885708093,0.017229999816045165,5.555556705336561,35.71427716132356,5.555556705336561,0.0,-34.48275884216947,0
HK.01196,492,4.0,3.940000057220459,1.5228411651818354,0.6220559529930832,21566347.55,86265390.2,12.104141650782847,2.5611500096321107,2.961212505698204,61.94331796225284,57.63547390474494,24.031011419695815,19.04762276446209,29.764802100589517,5
HK.01198,492,0.125,0.09000000357627869,38.888883369940515,56.15798922800718,53025.0,6628.125,6.2229190751955725,0.08488000020384788,0.10078000035136939,45.348832273141745,115.51724758074502,27.551023744012642,0.0,-26.470589008710782,1
HK.01199,492,6.284999847412109,6.210000038146973,1.2077263897653086,0.480834062329253,9418323.8,59194163.645877846,2.57919960755146,5.421924085617065,5.304084990024567,14.15805511244576,35.771645372365114,26.81972732498183,18.003370015670097,17.79340281516992,4
HK.01200,492,1.659999966621399,1.659999966621399,0.0,0.8603054504693849,708400.0,1175943.976354599,3.197106775740973,1.9817999911308288,2.454233070015907,-15.306125800344395,-27.19298300650642,-42.9099301156414,-24.38069679877976,-14.222877169916343,0
HK.01201,492,2.059999942779541,2.0899999141693115,-1.4354053886023366,0.4118794710600477,141240.0,290954.3919181824,5.345881668365669,2.145899977684021,2.2558249825239183,-3.738325149671712,-9.649124182932722,-24.817520598190473,57.251910897695126,136.78160132056487,0
HK.01202,492,1.465000033378601,1.465000033378601,0.0,0.0,63600.0,93174.00212287903,1.7274889850999477,1.5160000109672547,1.3528065177798272,-2.6578047827083955,-4.870125346248809,14.431666404703714,71.64748362413546,62.21630519706031,0
HK.01203,492,0.6549999713897705,0.6549999713897705,0.0,0.0,40358.55,26434.849095332625,1.25295732548388,0.6576999986171722,0.7228559213876724,-0.7575840359983141,-2.23881267550565,-15.553216359708689,-22.4267955153694,-23.826824057331407,0
HK.01204,492,1.690000057220459,1.3250000476837158,27.547169539715405,13.559322033898304,9900.0,16731.000566482544,4.067824038701935,1.7893000221252442,1.7846250003576278,-8.152172469405487,-15.075374416009268,0.5952446419502754,-15.49999713897705,-3.428568158830915,1
HK.01205,492,0.6200000047683716,0.625,-0.7999992370605469,1.492801488282412,8093688.5,5018086.908593714,3.626417529048816,0.519499996304512,0.5044249965250492,21.568630659227384,26.53061075540249,24.000000953674316,56.9620222602971,63.15789803903853,0
HK.01206,492,0.16200000047683716,0.17000000178813934,-4.705883074796728,0.0,230000.0,37260.00010967255,1.2771083485629882,0.19545999944210052,0.26787999920547007,-13.82978402985432,-33.33333333333333,-44.13792926264428,-57.922076755921914,-57.922076755921914,0
HK.01208,492,8.604999542236328,8.5600004196167,0.5256906590390551,0.23714090378535727,36482643.85,313933133.628821,3.675484472764133,8.910599994659425,8.840899994373322,-5.698635153574486,18.85358859489784,15.348518743087938,-5.646933659924963,49.912889988845,2
HK.01209,492,36.84000015258789,36.97999954223633,-0.3785813720428488,0.3779860648089765,4117409.95,151685383.1862669,2.7739382411859275,38.540179595947265,41.26192098617554,-5.025529579331106,-2.6340782263715323,-13.706524704353647,-9.979036960442226,-5.224877571066487,0
HK.01211,492,75.0,74.0999984741211,1.2145769830119841,0.5760982879424159,17242779.0,1293208425.0,2.511127253102317,85.90199996948242,92.69042842864991,-11.242603550295858,-10.50119657671447,-26.62317232514838,-23.688098078927982,-28.705769368704757,2
HK.01213,492,0.5,0.5099999904632568,-1.960782480441495,0.0,2400.0,1200.0,0.09803912402207475,0.4919655019044876,0.4811167494952679,3.092780464424631,6.9175674065256025,22.564044495647085,-8.63408490184213,46.60781224235059,0
HK.01215,492,0.020999999716877937,0.020999999716877937,0.0,0.0,3413100.0,71675.09903367609,5.352016398379307,0.018360000289976596,0.021029999973252417,16.666670116009684,10.526317853346493,-8.695653582340375,-8.695653582340375,-22.222225288304692,0
HK.01216,492,0.28999999165534973,0.28999999165534973,0.0,0.09129545096804659,308800.0,89551.997423172,2.0430967326722147,0.28809999525547025,0.309474999755621,0.0,0.0,-9.375000582076622,-10.769230063850333,-17.142858115994215,0
HK.01218,492,1.2000000476837158,1.215000033378601,-1.2345666899427294,1.5006002400960385,1432.8,1719.360068321228,0.4166662527455388,1.1989000010490418,1.3568250060081481,-6.976737738815951,0.0,-16.955017015578633,-24.764888642082898,-26.82926474689796,0
HK.01220,492,0.0560000017285347,0.0560000017285347,0.0,,0.0,0.0,0.0,0.0560000017285347,0.0560000017285347,0.0,0.0,0.0,0.0,0.0,0
HK.01221,492,1.4550000429153442,1.4550000429153442,0.0,0.0,4625.85,6730.611948519946,0.9089338064878075,1.5485999917984008,1.5947883141040802,-3.6423806553163636,-7.324841127051663,-13.392851884368973,-4.734317125722517,2.1484831541215037,0
HK.01222,492,0.020999999716877937,0.019999999552965164,5.000000931322596,2.3539062163139253,1428968.15,30008.33074542759,1.6244591556838766,0.021539999805390835,0.021924999868497254,-4.545455315142628,-4.545455315142628,0.0,-12.500001940255348,-25.000003326151948,1
HK.01223,492,1.2799999713897705,1.309999942779541,-2.2900742519207253,1.3792551941175473,5093448.0,6519613.294275284,5.834755848771563,1.3205976605415344,1.3760796445608139,-0.3891046973934726,-4.105931804529825,-7.5553610938847795,-18.154109727916648,-16.014346384432045,0
HK.01224,492,1.1799999475479126,1.1799999475479126,0.0,0.0,37925.0,44751.498010754585,0.38135609058976977,1.1948000025749206,1.2032000321149825,-0.4219405462501886,-1.666674945089223,-1.666674945089223,-1.666674945089223,-1.666674945089223,0
HK.01225,492,0.26499998569488525,0.26499998569488525,0.0,0.0,5748.0,1523.2199177742004,0.0,0.24485999524593352,0.2261299981176853,9.504126913560027,10.416663174206933,55.88234288675985,33.83837733879559,29.268286832381634,0
HK.01228,492,2.0,1.975000023841858,1.265821562346669,0.04271747849708926,808036.75,1616073.5,5.905452400133875,1.9896000051498413,2.2566999989748,7.526880893449264,1.5228411651818354,-22.779920220906327,-15.254233521108176,-16.31799530485006,1
HK.01229,492,0.15299999713897705,0.15800000727176666,-3.164563229537948,3.227383863080685,46600.0,7129.799866676331,2.5251634383508312,0.16297999948263167,0.18772000007331371,-12.068964631322139,13.333326710595289,-29.816513385207603,-30.454546378171155,-31.39013731586793,0
HK.01231,492,0.3199999928474426,0.3199999928474426,0.0,0.0,14700.0,4703.999894857407,0.46875002910383107,0.3087000036239624,0.3118000042438507,-1.5384601277006635,4.918027981350978,10.344828294942289,4.918027981350978,30.612239436475804,0
HK.01232,492,0.4050000011920929,0.4699999988079071,-13.829786761846407,1.357156455635121,113304.2,45888.20113506913,7.663347207340673,0.4167999964952469,0.3980499993264675,12.499995860788722,15.714288025486264,8.000000317891438,15.714288025486264,-40.44117692174795,0
HK.01233,492,0.0560000017285347,0.0560000017285347,0.0,0.2860638096428484,10484640.7,587139.8973230652,12.415845729077123,0.040319999866187575,0.05963500021956861,0.0,69.69697585447435,-16.417909949838688,-49.090907243657696,-57.89473595758838,0
HK.01234,492,2.799999952316284,2.7699999809265137,1.0830314655719266,0.462478184991274,818000.0,2290399.9609947205,1.972047762277172,3.0062501573562623,3.2020205593109132,-4.436863873003133,-16.00792943495195,-18.205369239794503,-8.40959854504163,-13.339395515392226,2
HK.01235,492,0.25999999046325684,0.20200000703334808,28.71286208437288,28.872180451127818,81250.0,21124.999225139618,1.228021863797533,0.1917865353822708,0.17810020186007022,35.41666052252474,45.61521649162072,52.9366381960663,52.08699768604815,50.41571358202298,2
HK.01236,103,24.700000762939453,24.260000228881836,1.813687262598584,0.036508779411559424,1135197.7,28039384.05608711,8.602502534397411,32.727599983215335,,-22.81249761581421,-28.32268885906896,,-58.83333206176757,,2
HK.01237,492,0.7200000286102295,0.7200000286102295,0.0,0.0,12360.0,8899.200353622437,0.6257912773966354,0.7488000118732452,0.7759000048041343,-9.999997764825855,7.462688160516194,9.090909090909092,-19.99999470180921,-34.54545336321368,0
HK.01238,492,0.1720000058412552,0.17299999296665192,-0.5780272636135249,0.6451612903225806,595250.0,102383.00347700715,6.890033473293249,0.17675999969244002,0.22277999870479107,4.878049445322461,-18.095232756499904,-27.118642034458052,-32.5490160558554,-45.39682312917576,0
HK.01239,492,0.24799999594688416,0.24799999594688416,0.0,0.0,7000.0,1735.999971628189,0.0,0.27068000137805937,0.3925699996948242,-2.745097810055187,-30.14084410085677,-27.05882548873398,-59.34426391294517,-8.148153299166626,0
HK.01240,492,0.17599999904632568,0.1720000058412552,2.3255773658299925,3.628691983122363,70000.0,12319.999933242798,6.131703520474524,0.18104000210762025,0.17967500112950802,-5.376346842624273,8.641974400173074,-12.871290634524618,-7.368420392192293,-9.743586922067994,1
HK.01241,492,0.1679999977350235,0.16599999368190765,1.2048217646009618,1.2251655629139073,64100.0,10768.799854815006,2.4787387604999207,0.15473999977111816,0.15981500055640935,7.0063644091186745,42.37287857346892,-7.69230706250374,5.660379657233919,-32.8000009059906,2
HK.01243,492,0.02800000086426735,0.02800000086426735,0.0,1.3767735155018392,813400.0,22775.200702995062,2.911661258770947,0.03130000039935112,0.033460000408813355,-12.500001455191454,-15.151512072762822,-15.151512072762822,-15.151512072762822,-28.20512747035696,0
HK.01244,492,2.5999999046325684,2.680000066757202,-2.985080601935728,0.7888631090487239,42475.0,110434.99594926834,5.0746509397174435,2.4548000144958495,3.463200007677078,6.557370641801303,8.333325054910777,-37.79904278929215,-47.89579110441607,-66.4516141337733,0
HK.01245,492,0.2750000059604645,0.2750000059604645,0.0,0.01660537208695071,827400.65,227535.1836816922,8.200081959769868,0.2311199998855591,0.19281656213104725,30.95238787922481,47.84946206408797,77.77777135572887,44.499189807429026,57.23402482457123,0
HK.01247,492,0.949999988079071,0.949999988079071,0.0,0.6024096385542169,134340.0,127622.9983985424,3.799738515160324,0.9912999892234802,1.7037749993801117,-1.5544027049267966,-19.49152285530103,-53.431372262568985,-67.90540622175827,-64.41947711860351,0
HK.01250,492,0.9850000143051147,0.9850000143051147,0.0,0.2849354621178303,36464.55,35917.58227162957,2.4002554952468844,1.12200000166893,1.4515999993681907,-5.288456688971031,-12.831856773308346,-40.66264854752454,-44.350281077996826,-47.60638208492355,0
HK.01251,492,0.27000001072883606,0.28999999165534973,-6.8965453455194,2.6918473201223567,853100.0,230337.00915277004,5.991423374999723,0.18952000081539155,0.23001999974250795,57.894739593935526,5.882359128509954,-1.8181800448205245,42.85715186767138,-5.2631529414422,0
HK.01252,492,0.23999999463558197,0.23999999463558197,0.0,,0.0,0.0,0.0,0.23999999463558197,0.24615999490022658,0.0,0.0,0.0,-9.433959399563019,-30.434783923227837,0
HK.01253,492,0.1469999998807907,0.1469999998807907,0.0,0.0,50400.0,7408.799993991852,2.0858246337493385,0.1111599999666214,0.1421050001308322,42.71844632102628,44.11764963687915,-5.7692327898516975,-29.999997871262618,-26.500001154839975,0
HK.01255,492,1.9500000476837158,1.9700000286102295,-1.015227443454557,0.2,9200.0,17940.000438690186,0.6599964349923277,2.1115999889373778,2.017749988436699,-5.797096107684116,-36.065571207540096,35.41666459706103,23.417721184719994,549.9999900658929,0
HK.01257,492,0.7350000143051147,0.7350000143051147,0.0,0.7048369949530096,185639.95,136445.3659056008,1.1899902729375325,0.7466128611564636,0.7994103866815567,-2.0813809171016175,3.2115101020233676,-9.391980616999172,-17.886481114312968,-22.71668901575517,0
HK.01258,492,15.710000038146973,15.600000381469727,0.7051259870987431,0.19576473080207812,8768678.5,137755939.56949854,3.698376286889429,15.63999900817871,14.009045939445496,-4.4403921666447195,25.65950317247141,41.71099132914114,6.842628843820428,34.21552483334405,1
HK.01259,492,0.029999999329447746,0.032999999821186066,-9.090910630285256,4.357967310957518,695620.0,20868.59953355044,2.9026916070612327,0.033440000377595425,0.032745000403374434,-11.764712649748445,-9.090910630285256,-6.250006548361542,-9.090910630285256,-3.2258070330838233,0
HK.01260,492,0.36000001430511475,0.3700000047683716,-2.7027000903735274,0.2721774193548387,200900.0,72324.00287389755,3.565370722580087,0.3936000007390976,0.44879999846220014,-8.860758347611412,-13.25300685690411,-19.99999470180921,-14.285708203607486,-17.241376475403356,0
HK.01262,492,3.200000047683716,3.200000047683716,0.0,0.0,13100.0,41920.00062465668,2.089169699740546,3.187599987983704,3.2286500096321107,3.059582223080853,16.363638097589668,-18.781725857607956,65.80311578502129,61.61616246756966,0
HK.01265,492,0.1550000011920929,0.15199999511241913,1.9736882737759063,0.06309148264984227,159000.0,24645.00018954277,1.719141781574679,0.148680000603199,0.1688600005209446,2.6490121121775254,-4.320987200086537,-20.512816985918324,-13.888891648363074,-28.240742050213463,1
HK.01268,492,0.375,0.38499999046325684,-2.5974001846660313,0.13219327533504127,4250401.6,1593900.5999999999,12.319516539595147,0.34199649810791016,0.8473135629296302,10.294116486933829,-22.35982373218191,-72.56713740273617,-67.08056717992005,-79.00546298925723,0
HK.01269,492,0.04600000008940697,0.04600000008940697,0.0,0.0,535420.0,24629.32004787028,8.329708269418271,0.0483399997651577,0.04605999993160367,4.545455315142628,15.000002793967788,0.0,-16.363635747885898,-16.363635747885898,0
HK.01270,492,0.44999998807907104,0.4449999928474426,1.1235944521335182,0.23056109783230497,744360.7,334962.30612652894,1.215163665956937,0.4672000020742416,0.49595736593008044,-3.2258097595362787,-4.255321442460307,-16.35687761171938,-3.683680483439927,-2.700863239805109,1
HK.01271,492,0.3050000071525574,0.3050000071525574,0.0,0.0,41450.0,12642.250296473503,4.5534560194929945,0.2939399999380112,0.5172449993342161,5.1724192858027385,-12.857139329520963,-43.51851943834325,-75.98425104463008,-71.75925971917162,0
HK.01272,492,1.065000057220459,1.0750000476837158,-0.9302316297384027,1.8009478672985781,45550.0,48510.75260639191,0.48128894972325525,1.0759000182151794,1.060657421052456,-2.7397233430072485,7.57576231931665,-5.599259660712344,4.515097881695444,1.7886190347985726,0
HK.01273,492,0.7149999737739563,0.7200000286102295,-0.6944520329984546,0.0,6400.0,4575.99983215332,0.38513846558835113,0.6953136432170868,0.6171205475926399,0.0,5.35435482988451,26.78235467262334,24.66930291062493,42.1908808343711,0
HK.01274,492,1.9900000095367432,1.9149999618530273,3.91645165418922,0.2734999365723709,180370.0,358936.30172014236,9.620306161005427,2.5671999931335447,4.0037499928474425,-10.96196407421208,-44.72222049295162,-37.42138466160345,-67.69480423976364,-75.55282646678091,3
HK.01276,340,48.400001525878906,48.380001068115234,0.04134034171581105,0.38681011290293466,3951552.15,191255130.08959007,4.139932517947608,49.9723998260498,61.20512865066528,3.1103599102774075,-20.32921559526106,-20.704069133705623,-34.45511416423383,-44.46110758150266,1
HK.01277,492,1.840000033378601,1.8200000524520874,1.0989000192372347,0.14287259274177233,9102550.85,16748693.867830412,3.750414282810394,1.9177237129211426,1.7836935979127884,-5.3984584186057685,14.22790641017121,-11.307722523678795,45.19255814531015,55.5634582914106,1
HK.01278,492,0.07000000029802322,0.0689999982714653,1.4492783356655092,0.8794646855779117,282062.15,19744.350584061074,3.2554260107529065,0.06816417679190635,0.07235260518267751,-2.7777731786537547,4.365370958556069,-16.885254168015752,-0.2623050016189046,-25.196726765978767,1
HK.01280,492,2.6649999618530273,2.505000114440918,6.387219165769147,0.5146932673218794,2438560.0,6498762.306976318,8.856991040451643,1.9067999887466431,2.148499994277954,-10.269362418151987,89.00709396744335,24.53270239313194,-20.447760068061033,-42.316016712833175,2
HK.01281,492,0.10199999809265137,0.10199999809265137,0.0,0.0,273900.0,27937.79947757721,2.056439936863022,0.09787999987602233,0.1012899999693036,10.86956292869689,4.081633428840149,-2.857141640721497,-8.10811101069608,-2.857141640721497,0
HK.01282,492,0.08900000154972076,0.10000000149011612,-10.999999776482586,5.63809411556708,870080.0,77437.12134838104,8.240881180175517,0.09167999997735024,0.09722000017762183,-6.315786666817247,25.352110754660888,-12.745094888258821,-19.819819456996324,-41.059598923879534,0
HK.01283,492,1.7400000095367432,1.75,-0.5714280264718192,0.9545115585384042,351250.0,611175.003349781,2.9664613037965393,1.6165208864212035,1.636291165947914,-6.239066523521753,9.583087832972065,16.888631702155127,-3.1309698312663747,34.223270459626335,0
HK.01284,492,0.6150000095367432,0.6000000238418579,2.499997516473233,0.027777777777777776,1062500.0,653437.5101327896,8.033731856168842,0.5081515997648239,0.4016719618439674,26.543211466363786,45.45196699767436,91.28625043659589,73.89660302922235,109.21934914213985,1
HK.01285,492,1.5499999523162842,1.5499999523162842,0.0,0.0,72200.0,111909.99655723572,1.8911373177994473,1.3281202340126037,1.0365780413150787,2.3665319844484434,64.81012350167049,58.20900244194197,65.46628080093143,71.76978064854663,0
HK.01286,492,7.050000190734863,6.954999923706055,1.3659276501930797,0.9303631508892728,2979230.15,21003573.125743054,4.522085236325261,7.957791996002197,7.875943241119384,-16.912192386632736,-19.07589161487168,-12.163941387820612,41.99583912060269,77.84627565259613,3
HK.01288,492,6.550000190734863,6.485000133514404,1.0023138917845114,0.3002358165115928,98192701.25,643162211.9162714,2.0766135813978424,6.2840000343322755,5.7354581475257875,2.6645779505419727,23.584904811610645,25.51904371810646,15.18471268360036,31.606214538786258,2
HK.01289,492,2.1549999713897705,2.1549999713897705,0.0,0.0,13025.0,28068.87462735176,1.4781897052034068,2.0129999995231627,2.1769789403676985,9.669207877034255,0.23255236281672798,3.14413756256563,-18.62677171535735,-3.6194097370283442,0
HK.01290,492,0.5899999737739563,0.5899999737739563,0.0,0.0,12500.0,7374.999672174454,3.6169749223492214,0.5628999948501587,0.5358651870489121,2.6086932184114295,11.320755777939622,15.443737115650435,15.443737115650435,2.1960908529734158,0
HK.01292,492,1.8600000143051147,1.8600000143051147,0.0,0.0,45000.0,83700.00064373016,0.040322541880434236,1.9421000027656554,2.6342490607500078,-4.123713430708066,-9.268289874665095,-34.328469212293214,-49.908705800952255,-56.51462701455684,0
HK.01293,492,0.0860000029206276,0.0860000029206276,0.0,,0.0,0.0,0.0,0.0860000029206276,0.0860000029206276,0.0,0.0,0.0,0.0,0.0,0
HK.01298,492,1.399999976158142,1.399999976158142,0.0,0.0,1550.0,2169.9999630451202,0.4248189496561714,1.1373000097274781,1.0447250047326089,25.560534904372766,39.99999761581421,28.440360851976738,42.85713764390872,42.85713764390872,0
HK.01299,492,68.80000305175781,68.94999694824219,-0.2175401060524615,0.9775521508080117,28348707.85,1950391186.5933907,2.247252565050548,74.77841552734375,79.02435405731201,-10.765234223901063,-6.374183736696009,-18.983665572553956,-15.385110525936513,0.1196072246627366,0
HK.01300,492,3.490000009536743,2.819999933242798,23.758868516124156,1.7091736853783153,15828055.0,55239912.100948095,14.58019880312667,2.225699999332428,1.6996000082790852,75.8186390118733,41.86991688689694,325.6097609730153,783.5442822133483,1007.9365193498439,2
HK.01301,492,0.3050000071525574,0.30000001192092896,1.6666650109821552,0.41095608934185385,97234.0,29656.370695471764,7.379277303965304,0.31450000405311584,0.3408000023663044,-6.153840510802654,-10.294116486933829,-7.575759080925313,-16.438356388082727,-45.535713240352216,1
HK.01302,492,1.3200000524520874,1.2999999523162842,1.53846929764635,0.14076158578342512,17113800.0,22590216.897654533,4.021162989214978,1.379100000858307,1.6209749972820282,-4.347821955569661,-13.725485154547446,-21.428565853306864,-16.455695151977128,-26.25697873839008,1
HK.01303,492,0.1589999943971634,0.16099999845027924,-1.242238554265263,0.7915567282321899,40100.0,6375.899775326252,1.193872937287674,0.1816800007224083,0.22355000019073487,-11.173190031339889,-24.285714589819626,-37.64705985475166,-25.700937735637662,-37.64705985475166,0
HK.01304,308,126.0999984741211,121.19999694824219,4.042905651203461,0.8282749753311605,166405.0,20983670.24608612,5.083345852082926,116.23000045776367,124.5444095993042,7.593858154970193,-6.9372704988036205,28.22513601275038,-8.258300929718338,-36.24182248894138,3
HK.01305,492,0.8899999856948853,0.8899999856948853,0.0,0.0,4850.0,4316.4999306201935,0.6178578035297638,0.8216999959945679,0.7662250003218651,7.878787703641079,0.0,28.985505618860774,30.88234946080149,-6.3157898039038525,0
HK.01308,492,47.7599983215332,48.2599983215332,-1.036054739721995,0.435289107047279,5290885.05,252692661.10742512,2.951337719361866,44.058368911743166,34.02793419837952,3.6908313016854812,46.928800070225414,51.03252833700239,85.37811963169564,77.31273143955171,0
HK.01310,492,5.565000057220459,5.5,1.1818192221901633,0.22781639988289715,531429.7,2957406.310908651,1.5352165052149458,5.781999979019165,6.507505061626435,0.8152187762578977,-7.0951540924411365,-28.49083578766014,-8.925924307384001,-24.618969175722434,1
HK.01312,492,0.032999999821186066,0.032999999821186066,0.0,0.0,762600.0,25165.799863636494,5.686722179684192,0.03172000024467707,0.02996999983675778,-2.941182271212952,13.793106106033584,13.793106106033584,17.85713858066178,10.000001862645192,0
HK.01313,492,0.9100000262260437,0.9100000262260437,0.0,0.2948887797345712,10112605.45,9202471.224713631,3.1331007563390036,1.0111903536319733,1.3177803203463554,-9.103305231085637,-12.962123023467493,-39.29279550455644,-41.18989856812022,-47.13698839215463,0
HK.01314,492,0.1850000023841858,0.18400000035762787,0.5434793612034178,0.776500638569604,382400.0,70744.00091171265,2.2533342408096404,0.1843999993801117,0.1652300003170967,2.7777750183035925,1.6483550223013894,20.129872328978937,6.9364219106338565,3.9325837993573747,1
HK.01315,492,0.13300000131130219,0.125,6.400001049041748,1.1596614292827117,209833.75,27907.889025155455,3.5373007475475857,0.09934000030159951,0.11083499997854233,37.11339936954264,35.71429060169294,17.69911825344146,-1.4814844249206127,-5.67375968971767,2
HK.01316,492,4.579999923706055,4.550000190734863,0.6593347629364867,0.2988204649867158,5986915.45,27420072.3042346,3.4231594819044227,4.7505999946594235,5.305064390897751,-7.005081292744698,12.80788148411927,-7.922338823570915,-28.79880325102966,-41.23916253707517,2
HK.01317,492,0.1599999964237213,0.16200000047683716,-1.234570399524046,0.7531760435571688,225600.0,36095.99919319153,5.254697110122273,0.17364000022411347,0.24968499816954137,-5.882356034843122,-4.761905606641802,-37.25490218994481,-58.97435838654195,-61.90476156686708,0
HK.01318,447,43.70000076293945,43.779998779296875,-0.18272731518497012,0.19808710900242,995722.95,43513093.67467632,3.297253233674939,49.50352249145508,65.67029165267944,-11.385984021357046,-20.65125757204766,-35.25600898663444,-45.50550610834191,-56.93009118312481,0
HK.01319,492,0.27000001072883606,0.27000001072883606,0.0,0.0,18400.0,4968.0001974105835,0.1785712575121809,0.2800850850343704,0.2740691962838173,-6.8965453455194,-6.349208810415309,2.1645052399965086,4.056441826024216,19.747490885635667,0
HK.01321,492,0.7699999809265137,0.7699999809265137,0.0,0.0,13700.0,10548.999738693237,2.136181051547105,0.730699998140335,0.6830499982833862,28.33332505491078,18.461539872299337,60.41666627861558,28.33332505491078,-19.79166686069221,0
HK.01323,492,0.19699999690055847,0.19099999964237213,3.141359826921842,0.058256386356354314,342310.0,67435.06893903017,3.316708697841486,0.19505999952554703,0.15308499973267317,2.072535299730675,2.6041641605035104,36.80555929234382,66.94914890376704,28.758170316574688,1
HK.01326,492,0.027000000700354576,0.027000000700354576,0.0,,0.0,0.0,0.0,0.027000000700354576,0.027000000700354576,0.0,0.0,0.0,0.0,-9.999995653827888,0
HK.01327,492,1.5049999952316284,1.5049999952316284,0.0,0.0,7130.0,10730.64996600151,0.0,1.6049999737739562,1.002949992120266,-8.787877758891334,5.244758771657432,168.7499980043088,106.16437752176631,150.83332257138403,0
HK.01328,492,3.240000009536743,3.244999885559082,-0.15407938978948338,0.0,20941.0,67848.84019970894,2.774049105933478,3.5551999950408937,3.67865000128746,-4.845813898367866,-27.516774907995494,13.28671777549789,6.2295101701941284,-52.90697738890907,0
HK.01330,492,5.914999961853027,5.909999847412109,0.08460430744524361,0.0480993708775519,1044640.3,6179047.334650136,2.919889579797841,5.785700025558472,5.517104022502899,-3.349672018618466,8.931862778028783,16.059987986684305,18.28762421381354,23.41296253294835,1
HK.01332,492,0.15000000596046448,0.1550000011920929,-3.225803350434739,3.898221951805779,950234.35,142535.1581638381,3.423505110273611,0.15034000128507613,0.1551500002294779,-4.458598121580564,-9.090909090909092,-16.666666666666664,-41.176467150827804,50.00000372529024,0
HK.01333,352,18.700000762939453,19.899999618530273,-6.030145118562806,1.0476242193863698,1921750.0,35936726.466178894,8.308294759064609,12.329000015258789,17.884400024414063,55.57404368367719,16.510913718674026,2.8037394937232083,-33.21428298950195,-51.57948917626539,0
HK.01334,492,0.8399999737739563,0.8500000238418579,-1.1764764455773846,0.05034799348437732,819875.0,688694.9784979224,5.3970050762749295,1.052199990749359,1.2482434272766114,-22.580650300385425,-34.8837210376864,-34.14305355872616,-25.136967818087356,-4.793758873105846,0
HK.01335,492,0.09799999743700027,0.09799999743700027,0.0,0.0,149900.0,14690.199615806341,3.2677173566683537,0.10406000047922134,0.11654000014066696,-10.909092756342305,-3.9215693435775414,-17.6470628747595,-27.407412190495993,-27.94118227121295,0
HK.01336,492,44.560001373291016,44.18000030517578,0.8601201120198191,0.7678850815378179,4844546.05,215872978.64097157,2.23767146137565,47.01759994506836,49.337490768432616,-9.246430227941765,-4.80282492938736,0.2032779066415954,-16.59236874466168,11.128513419316993,2
HK.01338,492,0.03099999949336052,0.032999999821186066,-6.0606070868568365,0.360019961502816,2688700.0,83349.69863779843,8.28369643011798,0.03101999972015619,0.032739999601617456,0.0,3.3333339542150635,-16.216218665274816,-13.888886589326876,-35.41666828354612,0
HK.01339,492,5.322080135345459,5.312314987182617,0.18382095539144105,0.21873241624182005,33684652.8,179272421.53288877,2.7657986015290006,5.426373376846313,5.545699512958526,-9.991736428270915,7.072688423407733,-3.4032049346951885,-19.272683849352266,-10.112871809252505,1
HK.01340,492,0.48500001430511475,0.5450000166893005,-11.009174412262675,1.4423245230176789,76562.5,37132.81359523535,3.930363665346427,0.5163999962806701,0.46508999973535536,-3.9603923000712657,-18.07432296373621,23.72449668095632,40.988371463410935,26.30208596076245,0
HK.01341,492,0.023000000044703484,0.019999999552965164,15.000002793967788,7.302889501960215,15042800.0,345984.40067246556,3.7104749513646054,0.016340000703930855,0.038370000347495076,43.74999345163846,43.74999345163846,-34.28571443776695,-71.60493829999459,-89.95633195231889,1
HK.01343,492,0.125,0.13300000131130219,-6.015038520621695,0.6053482221569204,1753000.0,219125.0,8.29493736251429,0.13837999984622001,0.1287049997970462,-3.100770089740804,4.166668994973155,-3.8461503192516595,2.45901524211669,66.66666004392862,0
HK.01345,492,2.119999885559082,2.119999885559082,0.0,0.0,11950.0,25333.99863243103,0.4011277838198501,2.195599994659424,2.2225989818573,-3.6363709268489552,-8.620691958562439,-5.157433925620905,-3.4713484837859356,13.119521362432726,0
HK.01346,492,1.3600000143051147,1.340000033378601,1.4925358528601556,0.0682897722834862,117547.85,159865.07768153548,0.21018285105582993,1.3400365757942199,1.3557734870910645,-0.366300014409914,5.294699919288111,-1.6467488918939936,-0.2994466725370391,-8.45105719564539,2
HK.01347,492,108.19999694824219,110.0,-1.6363664106889206,0.40116311188089215,15634665.15,1691670721.5167885,4.58130433752187,119.98,117.26800025939941,-5.994788546787246,-39.213484860538095,30.126271753064167,33.087322123910745,71.0671888509758,0
HK.01348,492,0.16200000047683716,0.1720000058412552,-5.8139564097732555,0.5586592178770949,868480.0,140693.76041412354,7.957085379753534,0.1910000005364418,0.21173999980092048,-7.428569579610987,-46.00000198682142,-13.82978402985432,24.615389553047677,7.284773440169072,0
HK.01349,492,2.5250000953674316,2.4749999046325684,2.020209804504464,0.13087089414094452,1146200.0,2894155.10931015,3.129438578579487,2.5355000114440918,2.7252250003814695,1.0000038146972656,1.8145191914456953,-9.17265750527544,-10.460987406341445,-29.861106603969645,1
HK.01351,492,0.3149999976158142,0.30000001192092896,4.999995032946466,0.7388186450273636,2076700.0,654160.4950487614,13.1387298419322,0.22404000103473665,0.2997650009393692,84.21052081212895,25.999999046325684,-9.999999148505061,-12.50000413921128,-52.27272953047888,2
HK.01354,492,2.9200000762939453,2.869999885559082,1.7421669940284035,0.0,66780.0,194997.60509490967,3.140361791096254,2.4782999992370605,2.6541749954223635,-2.0134208857554183,47.474749907341874,-2.6666641235351562,-7.301587686036498,-45.522387993311824,2
HK.01355,492,0.20000000298023224,0.1979999989271164,1.010103062602563,0.0,1362000.0,272400.0040590763,5.8076694261657185,0.16769999951124193,0.1467111948505044,39.86013541507756,37.931040507009456,34.228186375718664,60.00000238418579,44.92754202208546,2
HK.01357,492,3.734999895095825,3.7100000381469727,0.6738505846846076,0.16603524808129935,55708021.45,208069454.27174598,4.895756200521013,4.302029395103455,5.108410321474075,-21.418058252583027,-7.843071160916493,-19.08169803110838,-48.4867274871111,-57.42562942743451,2
HK.01358,492,0.8999999761581421,0.9100000262260437,-1.0989065691980104,0.26666666666666666,293600.0,264239.9930000305,1.4903621287840032,0.9393999946117401,1.1123963126540184,-7.2165000399412556,-17.431197376345793,-9.225504688539564,-29.475198491933046,-40.231671388258974,0
HK.01359,492,0.8999999761581421,0.8899999856948853,1.1235944521335182,0.14217394006999387,25692160.2,23122943.567451168,2.3256341366594735,0.9193999981880188,1.0680145114660262,-1.0989065691980104,-5.263159215615413,-17.618411407144325,-28.938013140036993,-27.836277488847706,1
HK.01361,492,4.40500020980835,4.375,0.6857190813337054,0.08251442043250397,1990326.85,8767390.191837192,2.1922498280271063,4.4742409324646,4.918328922986984,-2.3281599499944807,8.241877601485163,-19.696030871367505,-12.083579820275807,-15.838009882659138,2
HK.01362,492,0.8299999833106995,0.8299999833106995,0.0,0.0,3200.0,2655.9999465942383,0.8801471102587021,0.8269999861717224,0.7392520697414875,4.40251143228309,1.219511042741837,21.73913005467691,52.7272693372326,124.00000321721467,0
HK.01364,407,22.299999237060547,22.239999771118164,0.2697817741001092,0.2497375874801164,4272113.2,95268121.10063629,3.399301483348737,23.429600067138672,24.625774478912355,-11.226120652705006,6.908738846663205,-11.259857783480108,-8.077657863761683,6.1521865905624455,1
HK.01368,492,3.430000066757202,3.424999952316284,0.14598874483301685,0.16553257908060756,12187505.15,41803143.47810375,2.5868638006301965,3.468044385910034,4.145618107318878,-1.8597945902788522,-5.750964930739081,-22.796417388224498,-31.021840239333947,-37.97762075566056,1
HK.01370,492,0.1379999965429306,0.14000000059604645,-1.428574317572056,4.101292136158553,2540700.0,350616.5912166238,23.004462466266677,0.13784000054001808,0.20752500057220458,-12.658234055923302,15.966380977603805,-41.02564184205355,-56.87500011641532,-48.888892200257914,0
HK.01371,492,1.2699999809265137,1.2999999523162842,-2.307690191550995,2.42944117707936,36221.7,46001.558309125896,4.031534163840734,1.1693000030517577,1.6113749969005584,0.0,10.43478323967111,-32.08556269047588,-44.29824575162661,-69.76190384283083,0
HK.01372,492,1.0850000381469727,1.1150000095367432,-2.690580370688499,0.8009522999744919,1171900.0,1271511.5447044373,6.888814708909442,1.2916000008583068,1.1877999967336654,-20.80291719922909,20.555562987739854,-3.9822971039421664,-30.448712952273183,-4.8245568629886835,0
HK.01373,492,0.6399999856948853,0.6499999761581421,-1.5384601277006635,1.4676856730804764,308808.85,197637.65958245395,2.0546412371282874,0.6376525032520294,0.677519955933094,-1.00132564732028,2.044798555139158,-3.870845118477235,-7.876228633771086,-14.170397701643553,0
HK.01375,492,1.5449999570846558,1.5149999856948853,1.9801961500356329,0.04063123526210775,5066400.0,7827587.7825737,2.293409368404728,1.6824905729293824,1.8610602253675461,-11.007430788091458,-10.135140522887827,-14.506946195719106,-26.776786243951218,-39.16840417821344,1
HK.01376,492,0.09600000083446503,0.09600000083446503,0.0,,0.0,0.0,0.0,0.09600000083446503,0.11140500083565712,0.0,0.0,-19.99999751647308,-33.79310096770199,-68.52459062846941,0
HK.01377,63,268.6000061035156,263.79998779296875,1.8195672982039515,0.22371502822858186,139381.1,37437764.31071472,7.212133811005442,318.1186346435547,,-22.33228390773185,,,-27.743219414288482,,3
HK.01378,492,21.200000762939453,21.15999984741211,0.18904024487616386,0.33391295350366296,23153995.5,490864722.26509666,2.925888514715801,22.777200012207032,28.721144695281982,-8.462863114792576,-1.3953452886537063,-33.69829108957148,-34.166029052010046,-12.169741805304392,1
HK.01379,492,1.8300000429153442,1.840000033378601,-0.5434777327093245,0.0,4525.0,8280.750194191933,0.0,1.7402000093460084,2.5560629004240036,5.780348135222196,-8.040199289177174,-46.80924852206651,-39.82796637800109,-46.36475752122748,0
HK.01380,492,0.38999998569488525,0.38999998569488525,0.0,0.0,304153.0,118619.66564905643,3.912036336036012,0.4288999968767166,0.612074998319149,-2.5000050291418283,-31.578949019519264,-44.28571538049349,-44.28571538049349,126.74417002917421,0
HK.01382,492,0.8650000095367432,0.8700000047683716,-0.5747120924395414,1.5344539294711022,345398.05,298769.31654397247,3.0779257102445934,0.9378865945339203,1.0888350504636763,-8.465606763619773,-1.8654918893244623,-23.199083318638856,-29.903924132378062,-37.45526128495649,0
HK.01384,231,23.200000762939453,22.979999542236328,0.9573595521565241,0.2010516961012893,2338453.3,54252118.34409828,6.002158367606084,32.33239986419678,54.46669995307922,-32.440300932290235,-38.624335367199436,-21.249146354633226,-64.7951438152413,,2
HK.01385,492,26.020000457763672,25.68000030517578,1.3239881173964156,0.7104987523496626,2203103.05,57324742.36950054,4.209573436988688,25.949199981689453,36.748372135162356,-1.6628822446452232,-17.39682394360739,-33.76930838072787,-44.78906444199332,-36.04304374182194,2
HK.01388,492,0.23499999940395355,0.24400000274181366,-3.6885259166916393,0.17921146953405018,28150.0,6615.2499832212925,1.3656444457282557,0.2617600020766258,0.32549000330269334,-12.962966642261877,-14.545456614376054,-34.72222498169641,-36.48648746610993,-44.047617442618645,0
HK.01389,492,0.5199999809265137,0.5199999809265137,0.0,0.0,135960.0,70699.1974067688,2.162793072947611,0.49400000035762787,0.4139399990439415,7.216487750324138,16.853930176305184,96.2264184894068,44.4444334065477,-21.212127232792163,0
HK.01392,75,23.65999984741211,23.940000534057617,-1.169593485376795,0.04463395177816961,5068731.6,119926188.88257293,14.767955360749019,24.315000171661378,,-0.25294885193610767,46.50155050322708,,-11.385770893860695,,0
HK.01393,492,0.027000000700354576,0.027000000700354576,0.0,0.21108770671805674,2786650.0,75239.55195164308,10.49143458194521,0.032040000073611734,0.05030499997548759,-12.903222123802454,-37.20930282927125,-54.237287225941756,-57.14285672048863,-54.99999782691395,0
HK.01395,492,0.13500000536441803,0.13500000536441803,0.0,0.0,11250.0,1518.7500603497028,1.2080009472403013,0.1269600011408329,0.14863500095903873,0.746270150483932,9.756098890644923,-17.68292583201631,-15.6249947613104,-25.0,0
HK.01396,492,10.800000190734863,10.350000381469727,4.347824083859943,0.8344482555466562,3586198.85,38730948.26401315,5.312512336390193,10.719800071716309,9.405100042819976,-9.698995348764518,-15.360501590827388,95.29836855303037,108.897486099782,105.32318860812508,4
HK.01397,492,0.7599999904632568,0.7400000095367432,2.7027000903735274,5.3115423901940755,49560.0,37665.59952735901,0.6710138577397153,0.7981000030040741,0.9912468710541725,2.7027000903735274,-15.555554378179826,-22.793647087560203,-29.507247261379078,-29.507247261379078,3
HK.01398,492,7.579999923706055,7.454999923706055,1.6767270459992114,0.5479775668017418,131337064.05,995534935.4787772,1.8523539386323236,7.469800004959106,6.76455124616623,0.9993312208060345,17.88491642408904,18.83509045877484,22.958701380611902,37.565408077344784,1
HK.01399,492,0.36000001430511475,0.33000001311302185,9.090909090909092,0.9417040358744395,91800.0,33048.001313209534,6.243984465184108,0.3534999996423721,0.29192999973893163,-2.7027000903735274,-3.9999961853027344,80.90452893461041,91.48937586801247,89.4736941171156,2
HK.01400,492,0.03200000151991844,0.03200000151991844,0.0,0.40264620600036216,85414767.15,2733272.67862348,15.69641716298931,0.023999999836087228,0.01952999971807003,28.00000417232507,77.77779387471186,88.23529282861935,77.77779387471186,45.45455315142628,0
HK.01401,492,0.26499998569488525,0.23999999463558197,10.416663174206933,8.533788992492426,2006427.0,531703.1262978315,4.829707811849893,0.24877999871969222,0.547760001346469,8.163257362146624,-5.357148369051949,-70.22472022985694,-59.84848861140419,-63.69863304507548,1
HK.01402,492,0.4950000047683716,0.5,-0.9999990463256836,0.06830846665468272,5571000.0,2757645.026564598,11.660268060539849,0.42099999845027924,0.2992299994826317,30.263160784158714,94.11765255867552,83.33332781438496,106.25000659686839,106.25000659686839,0
HK.01405,492,28.81999969482422,28.700000762939453,0.4181147341282347,0.10210135778570657,259495.55,7478661.671808243,3.4760057241242843,33.38999992370606,48.39404978752136,-4.379561119956664,-15.829444269715573,-43.21182326143011,-60.08310122854391,-65.60859350205037,2
HK.01406,492,0.35499998927116394,0.35499998927116394,0.0,,0.0,0.0,0.0,0.35499998927116394,0.35499998927116394,0.0,0.0,0.0,0.0,0.0,0
HK.01407,492,0.6949999928474426,0.7049999833106995,-1.4184383971608912,0.3097173828881146,252400.0,175417.99819469452,3.6728843857197893,0.6451000010967255,0.5861215388774872,0.7246369925949435,18.072634299898425,33.667148748109085,16.13702062159917,10.693106565669655,0
HK.01408,492,0.45500001311302185,0.45500001311302185,0.0,0.827090200779143,347500.0,158112.5045567751,3.8611622172344533,0.3644000023603439,0.3564318288862705,24.657534582124093,37.878786373620144,17.226162837169053,93.7211931681959,86.60490613083014,0
HK.01410,492,1.0700000524520874,1.090000033378601,-1.8348605792718238,0.7078878936723491,2083100.0,2228917.1092629433,6.335146107736335,0.8446999979019165,0.7358249974250793,28.91567156231461,40.78948235247615,98.14814998779761,118.36735339325585,245.1613045880002,0
HK.01412,492,1.0449999570846558,1.0449999570846558,0.0,0.0,129200.0,135013.99445533752,1.4143571967706547,1.0511904454231262,1.125874974131584,0.48076878990645744,0.48076878990645744,-6.118599860732318,-30.32701835059627,-35.216352202838166,0
HK.01413,492,0.20900000631809235,0.21400000154972076,-2.336446353000011,0.3522012578616352,499750.0,104447.75315746665,6.121587804208758,0.20945999920368194,0.2764057295024395,1.4563136292240995,8.854169011141877,-33.65079114286325,-45.71428272852421,-65.16666699780357,0
HK.01415,492,23.1200008392334,22.540000915527344,2.573202751320674,1.0344865720363012,1686093.65,38982486.6030261,3.3755933788071553,23.145200004577635,26.16144444465637,-6.9991944022464665,-0.687284547649918,-2.3120259017562663,-16.99986442293471,-41.60170520641417,2
HK.01416,492,0.17599999904632568,0.17499999701976776,0.5714297391930604,0.6739679865206403,608000.0,107007.99942016602,1.7058567554828072,0.18644000023603438,0.18927499979734422,-7.85340346813215,-3.8251362560563447,-4.3478267911701876,-4.864866606417649,5.389223694096106,1
HK.01417,492,5.824999809265137,5.625,3.5555521647135415,0.5665053206555992,835043.0,4864125.315728188,8.836964698410885,6.1985999584198,2.3546449867635966,12.45173749616482,49.35896581603403,2660.663475981941,2741.463346377786,2229.9999237060547,3
HK.01418,492,0.11299999803304672,0.11299999803304672,0.0,0.0,161600.0,18260.79968214035,3.9821123517422814,0.12791999980807303,0.16698367025703192,-5.833332867672036,-30.246914999729572,-35.77112578415315,-49.82980655240473,-45.62951605525307,0
HK.01419,492,0.7900000214576721,0.7950000166893005,-0.6289302046118699,0.2222222222222222,45200.0,35708.00096988678,1.8247613593242906,0.7575999999046326,0.7876018065214158,3.2679785921928044,6.7567582806154425,-4.819272609316895,-1.2499987892806712,-14.622392533666307,0
HK.01420,492,0.23499999940395355,0.2290000021457672,2.6200861143953675,2.1435793731041457,282300.0,66340.49983173609,4.91508830874508,0.23231999903917314,0.22718999855220318,-18.965515115173133,20.51282462753973,-14.545456614376054,36.62790199021462,31.284912108541718,1
HK.01421,492,0.6449999809265137,0.6100000143051147,5.73769931157614,0.0733468742947416,889450.0,573695.2330350876,5.601711442088534,0.6334999978542328,0.4723749987781048,10.256411040166299,63.29112997652558,74.324316922725,63.29112997652558,71.99999491373697,1
HK.01425,492,0.5649999976158142,0.5699999928474426,-0.8771921569070334,1.164861783984041,1388100.0,784276.4966905117,1.5715106246792874,0.5855999934673309,0.5991415369510651,-5.833337472544612,-8.870968827347841,-3.1666897875784112,-3.1666897875784112,-6.146179500675453,0
HK.01427,492,0.19300000369548798,0.17499999701976776,10.28571827557629,2.5157232704402515,17900.0,3454.7000661492348,7.514179874426813,0.20483999967575073,0.21392999947071076,-3.4999995902180734,-12.272725117600643,-4.926103818228143,-22.79999852180481,-7.655503415752437,1
HK.01428,492,6.679999828338623,6.764999866485596,-1.2564676988106138,0.7109159737004863,3720589.9,24853539.893318415,2.8574218809721117,7.096399974822998,8.770250017642974,-8.867668514773886,-6.44257768555661,-49.54682821890658,-21.226412866326793,-33.39980053658682,0
HK.01429,492,0.19499999284744263,0.1899999976158142,2.6315764707211,0.24976213130352046,2672160.0,521071.1808872223,7.43166689373755,0.17966000005602836,0.20099499948322774,-0.5102051289342013,-4.411766424586099,-37.09677698460874,103.1249907837871,267.9245191511202,1
HK.01431,492,0.2849999964237213,0.2849999964237213,0.0,0.0,585900.0,166981.49790465832,3.6589029089628453,0.3041000020503998,0.2935850013047457,-5.000004967053534,17.768594201662587,-18.57142820650217,9.615387260561256,3.636360089641049,0
HK.01432,492,0.30000001192092896,0.3149999976158142,-4.761900256640573,1.1589625674108452,945702.9,283710.8812736571,4.2867074719112015,0.35960000157356264,0.34460000187158585,-19.99999682108561,-7.692300638503319,-11.764703304297399,-11.764703304297399,0.0,0
HK.01433,492,0.08100000023841858,0.08100000023841858,0.0,,0.0,0.0,0.0,0.08100000023841858,0.08544500015676021,0.0,0.0,5.194806074448718,-14.736840784384587,-17.346936370595536,0
HK.01440,492,19.959999084472656,19.649999618530273,1.5776054552695675,0.26160092430756426,2883041.0,57545495.72049713,15.292841442022501,15.20939998626709,12.912500002384185,71.18352783600335,46.22710360648197,32.624576953563796,166.1333211263021,115.31821034330217,2
HK.01442,492,0.2800000011920929,0.2800000011920929,0.0,0.0,51250.0,14350.00006109476,0.0,0.28119999945163726,0.29934999972581866,-1.754384313814067,-6.666669978035689,5.66038351204981,-13.84615031925166,-30.864197440017303,0
HK.01443,492,0.13699999451637268,0.13899999856948853,-1.43885185158186,0.2639834500441915,10432000.0,1429183.9427947998,19.907910517738312,0.06453999951481819,0.05590499993413687,173.99998494982742,197.82607445672917,191.4893600157128,90.27777835266828,140.35086744691674,0
HK.01446,492,0.28999999165534973,0.28999999165534973,0.0,0.0,9000.0,2609.9999248981476,1.6875309147237247,0.30629999816417697,0.3606500017642975,-4.918037752603991,-17.142858115994215,-21.62162488703309,-39.58333372138442,-34.09091063028525,0
HK.01447,492,0.5299999713897705,0.5299999713897705,0.0,0.0,121500.0,64394.99652385712,0.7529720660907679,0.5579000043869019,0.5419231604039669,-1.8518610500991368,-11.666674945089223,-8.269239716540037,20.963638974322418,10.076914611300262,0
HK.01448,492,2.640000104904175,2.640000104904175,0.0,,0.0,0.0,0.0,2.640000104904175,2.6714500689506533,0.0,0.0,0.0,-7.692300638503319,-3.8128144031953046,0
HK.01449,492,1.9450000524520874,1.934999942779541,0.5168015487474215,1.0868315123634273,1512350.0,2941520.8293259144,8.991093420402441,1.1830999958515167,0.5001099968701601,51.953132494236506,582.4561673188147,678.000020980835,633.9623235646188,633.9623235646188,1
HK.01450,492,0.6499999761581421,0.625,3.9999961853027344,0.17509542047074533,732497.0,476123.0325359106,7.408466707118944,0.7786999988555908,0.8121370264887809,-16.666666666666664,-7.142858967489158,-16.395310736464364,-39.12992077594407,-31.295160989234162,2
HK.01451,492,1.4149999618530273,1.3350000381469727,5.992503477160751,0.06402561024409764,243700.0,344835.49070358276,5.972352679112421,1.2436000096797943,1.2134680882096291,17.916658802165237,32.242980606432106,16.942141920920697,15.040645521200451,59.944677716301086,1
HK.01452,492,0.18799999356269836,0.17399999499320984,8.045976420881425,1.0611510791366907,58550.0,11007.39962309599,3.2462156817686827,0.18326000064611436,0.15142500016838312,-8.292685267047347,22.875815083793224,79.04761850698733,63.47825230632718,80.76922084981894,1
HK.01455,492,0.3050000071525574,0.30000001192092896,1.6666650109821552,0.10416666666666667,1189750.0,362873.75850975513,6.98181020802778,0.2550576454401016,0.22595264665782452,15.094348534692829,35.02604575535065,52.85967520107254,39.682123289059476,30.67036908457215,1
HK.01456,492,3.5999999046325684,3.5350000858306885,1.8387501336256857,0.09169325652085449,1654676.35,5956834.702197767,3.0712553999454406,3.8186000108718874,4.388631551265717,-7.928393206985311,-10.669982203207635,-15.043144899840952,-30.254465180245592,-37.832928177086735,2
HK.01458,492,1.0399999618530273,1.0449999570846558,-0.47846846286744554,0.3991466488984657,1323958.55,1376916.8414949893,4.3751916901098875,1.2112999939918518,1.4233750027418137,-17.46031986312503,-18.110237994310243,-18.110237994310243,-36.58536762655102,-49.51456355626088,0
HK.01459,492,0.19499999284744263,0.19499999284744263,0.0,0.0,38400.0,7487.999725341797,1.5665574736190173,0.20834000051021576,0.22583999946713448,2.094237284062865,-11.36363913451346,-11.764709451968331,-19.08713877668019,-23.52941313966888,0
HK.01460,492,0.25,0.25,0.0,0.0,56800.0,14200.0,0.2207470375872816,0.24445999532938004,0.2456449992209673,-5.660372265889812,-7.407411086706321,19.04762276446209,-12.280700653653822,-16.66666997803569,0
HK.01461,492,0.6449999809265137,0.6449999809265137,0.0,0.12238008281635034,115097.7,74238.0143046856,2.8964027011631486,0.6729000043869019,0.6331366667151451,-5.147062626161338,15.178567532221898,16.835499892031958,-0.8668524685347441,-17.17990062173409,0
HK.01463,492,0.36500000953674316,0.3700000047683716,-1.3513500451867637,0.0,35000.0,12775.00033378601,1.4190575024099528,0.35440000414848327,0.29882499888539316,-1.3513500451867637,23.7288222919765,23.7288222919765,43.13726131845477,40.38462420187085,0
HK.01466,492,1.8550000190734863,1.8700000047683716,-0.8021382704083594,0.2426064120559633,2979005.0,5526054.331820011,9.543509089473714,1.169700005054474,0.7685500022768974,52.674894494875915,83.66336995930597,189.84375945874513,225.43860392117003,250.00002249232,0
HK.01468,492,0.18000000715255737,0.18199999630451202,-1.0988951607495545,0.17353077279037482,348760.0,62776.80249452591,3.4560879802211772,0.18214000076055525,0.3532200000435114,-6.735749375135645,-6.735749375135645,-47.826084703038,-73.52941099128923,-82.08955144212993,0
HK.01470,492,0.12300000339746475,0.12300000339746475,0.0,0.0,76600.0,9421.8002602458,3.879447730239545,0.12691999986767769,0.14058500096201898,21.782177341368847,-18.543040377806623,-15.172409009139551,19.417478888454394,-2.38095125463636,0
HK.01471,492,9.899999618530273,9.899999618530273,0.0,0.0,2815.0,27868.49892616272,1.1155550797515605,8.63009997367859,16.68722380399704,20.73170547326496,-17.224083721122348,-70.80734906967338,-43.986496198966854,-24.883385800647844,0
HK.01472,492,0.09399999678134918,0.0949999988079071,-1.0526337253750466,0.12599748005039899,338650.0,31833.0989100039,1.4978638285653734,0.10401999965310096,0.09319500010460616,-7.843138687155083,-6.000004619359902,20.51281389987929,59.32202747723595,36.23188280603558,0
HK.01473,492,1.5499999523162842,1.5499999523162842,0.0,0.7669365203336358,1491511.1,2311842.133879209,6.600552940200241,1.2486220479011536,0.8805591922998428,24.497987661024702,21.644566582697138,252.6325413751616,273.6225723935755,217.01309448829983,0
HK.01475,492,6.644999980926514,6.599999904632568,0.6818193476390745,0.3247943355867874,39354.2,261508.65824937818,1.3878807027848894,6.621799964904785,6.822955436706543,1.917177919718906,3.504671370073462,-6.8314063685243145,-1.580578238799382,-1.2953048960325113,1
HK.01476,492,1.0950000286102295,1.0049999952316284,8.955227244340257,1.1764705882352942,50.0,54.750001430511475,0.0,1.207100007534027,1.4373424935340882,-8.750001241763384,-12.39999771118164,-26.059639125694233,-39.393148024006464,-43.70023640256224,1
HK.01477,492,5.315000057220459,5.090000152587891,4.420430213900336,0.9564294645887669,408165.5,2169399.6558554173,4.655488315098001,5.257600011825562,6.39724999666214,0.9496712631113241,7.809335543355961,-23.63505706767895,-29.60265002717656,-38.9781856034158,1
HK.01478,492,4.994999885559082,4.90500020980835,1.8348556962497855,0.40438083006462927,3933751.7,19649089.291317847,3.166616123106289,5.863519105911255,7.439457261562348,-13.04735362911346,-22.475953372818374,-30.207190276939954,-38.03366408392608,-66.61495812175153,1
HK.01480,492,0.9900000095367432,0.9850000143051147,0.5076137217272785,0.047505938242280284,77000.0,76230.00073432922,2.677250980034581,1.0804999852180481,1.158729536831379,-12.38937931731477,-25.56391145923011,2.307691596968117,-15.596157031974933,-14.165581943761433,1
HK.01481,492,1.375,1.375,0.0,0.0,13500.0,18562.5,0.12662325647412456,1.4577000069618224,2.001975000500679,-5.821920268910022,-5.172416911538982,-48.69403112874736,-25.675676633529704,83.33333333333334,0
HK.01483,492,1.2000000476837158,1.284999966621399,-6.614779855689033,0.9427083333333334,386100.0,463320.0184106827,5.029268780914488,1.1520999956130982,1.1577249974012376,13.207557779396225,9.090911061310528,0.0,10.091744122626764,9.090911061310528,0
HK.01486,492,0.3799999952316284,0.3799999952316284,0.0,,0.0,0.0,0.0,0.40459999442100525,0.5779750004410744,-2.5641002128344392,-24.000000953674316,-44.927536732658226,-40.62499941792338,33.33333333333333,0
HK.01488,492,1.0099999904632568,1.0099999904632568,0.0,0.0,83500.0,84334.99920368195,0.3763440446724632,0.9148000180721283,0.7883000046014785,8.60214867692751,16.091952290524272,26.24999692663555,68.33332505491077,68.33332505491077,0
HK.01489,492,3.515000104904175,3.9200000762939453,-10.331631722126557,0.21726821431863372,5068510.0,17815813.18170786,20.76142335819781,2.090500007867813,0.8555000001192092,42.30769490646221,563.2076027640362,837.3333613077799,801.2821112393885,949.2537365216776,0
HK.01490,492,0.2549999952316284,0.2549999952316284,0.0,0.0,145600.0,37127.9993057251,1.5711510687858123,0.2554399955272675,0.23958999805152417,1.9999980926513672,-7.272731016490004,2.4096374726984093,34.92063554636607,25.0,0
HK.01496,492,0.20499999821186066,0.20499999821186066,0.0,3.1914893617021276,82400.0,16891.999852657318,1.222877809068258,0.18128698587417602,0.1674739472568035,7.894737254879816,30.570764363781873,31.381764913902856,38.25140373645028,30.85953911908077,0
HK.01497,492,6.300000190734863,6.300000190734863,0.0,0.0,23240.0,146412.00443267822,4.250035381906328,5.9566114807128905,5.824263353347778,-2.6275054863912364,10.102153215990443,25.52605609067099,16.78824541900737,-11.809904854972919,0
HK.01498,492,0.24500000476837158,0.24500000476837158,0.0,0.0,74487.5,18249.43785518408,3.8024745089774727,0.2693799996376038,0.3061950008571148,-5.769225478877488,-18.333334989017843,-22.222220119765602,-29.99999744551518,-45.55555305363213,0
HK.01499,492,0.11900000274181366,0.11599999666213989,2.5862122120671662,2.0125786163522013,669000.0,79611.00183427334,4.119691093153728,0.11664000064134598,0.1458150002360344,-2.45901524211669,8.181821260570512,-28.313248631898308,-34.97267550433102,-67.39726037463723,3
HK.01500,492,0.3400000035762787,0.36000001430511475,-5.555558315029741,0.4306798935398016,1047500.0,356150.0037461519,7.180735475829126,0.3298556089401245,0.2207302438095212,1.9005920297056322,56.770137275644906,64.7754178943091,214.81480996018422,514.6384445511178,0
HK.01501,492,33.65999984741211,33.599998474121094,0.17857552385673178,0.6166495375128469,198030.0,6665689.76978302,3.292404535789111,33.62840015411377,32.81663544654846,1.814877341795361,7.265776761065433,9.228890393205297,15.790082154865187,11.161507170131738,2
HK.01502,492,1.8949999809265137,1.899999976158142,-0.26315764707211003,0.555205047318612,73950.0,140135.2485895157,0.8172996689282412,1.9670000100135803,2.0028891628980636,-3.316329385478557,-3.316329385478557,-3.1377710675219355,1.1566082742510098,-13.719371604986518,0
HK.01508,492,1.2050000429153442,1.2000000476837158,0.4166662527455388,0.3277091632176672,10406566.8,12539913.440601397,2.4888652570977574,1.256500015258789,1.3410485416650773,-6.949800552265819,7.58928908795421,-19.045160736425675,-27.23159998329856,-11.282369584963137,2
HK.01511,96,51.0,51.349998474121094,-0.6815939328556803,0.9845371309857169,373269.55,19036747.05,4.891572596595285,57.634000091552736,,-9.893990503695067,-20.745918866633556,,-11.304347826086957,,0
HK.01513,492,21.899999618530273,21.639999389648438,1.2014798346353368,0.11244163297280928,1737189.95,38044459.24231462,3.2820164756106904,22.808399848937988,25.515437536239624,4.985613507904799,-17.792792341279092,-11.92664216874845,-18.507540313791807,-32.34945038344067,1
HK.01515,492,2.3450000286102295,2.325000047683716,0.8602142157561965,0.3573819692947016,1061550.0,2489334.780371189,2.2622254611482324,2.4679015254974366,2.6535373437404632,-4.777568746391272,-2.849988557099088,-11.828379670235494,-22.507551572836288,-28.50267121563973,1
HK.01516,492,0.7450000047683716,0.7400000095367432,0.6756750225933819,0.2538318180521567,3497165.9,2605388.6121757864,3.239972000826626,0.8078999972343445,1.0291869628429413,-9.696967814141589,-5.6962044894971715,-14.349161539721889,-46.162332956698734,-53.75905643958275,1
HK.01518,492,0.1899999976158142,0.1899999976158142,0.0,0.036003600360036005,27825.0,5286.74993366003,2.3420200293299094,0.24637999922037124,0.47869499795138837,-13.24200894600411,-50.0,-64.81481665446427,-71.21212271728895,-72.85714273550073,0
HK.01519,492,8.975000381469727,8.545000076293945,5.032186089368378,1.320865238251008,31640439.1,283972952.99236965,2.8399723490671236,9.641800060272217,9.849850029945374,-7.521891272283108,-7.759498420213427,-1.1563826334645162,-13.784817358082083,-11.314224476654722,2
HK.01520,492,0.6949999928474426,0.6800000071525574,2.2058802260453536,0.5790767549849768,494550.0,343712.24646270275,4.578356320812527,0.6044999980926513,0.6948500014841557,-4.794524015282304,41.836730473640394,-4.794524015282304,-36.23853471882959,-56.28930954355814,3
HK.01521,492,1.149999976158142,1.149999976158142,0.0,0.0,72800.0,83719.99826431274,2.4584587133716815,1.19849999666214,1.0647750008106232,-4.166672461562456,13.861384853149497,0.8771921569070334,13.861384853149497,-11.538460127700665,0
HK.01522,492,0.210999995470047,0.21299999952316284,-0.9389690411235672,0.6692718366448346,416825.0,87950.07311180234,2.7131110817371917,0.2205600008368492,0.2689512956142426,-4.524889288081182,-14.919355274812867,-22.752535915237097,-32.97647014720216,-33.94782818972724,0
HK.01523,492,7.800000190734863,7.485000133514404,4.208417523067674,2.3787691637581663,462719.35,3609211.018256712,2.842330091420692,7.5283104419708256,7.553569672107696,7.29023674276275,3.613824867161893,4.704492379476883,32.79356321906264,16.3362464477438,2
HK.01525,492,2.1449999809265137,2.14009165763855,0.2293510780458758,0.008674907829104316,102875.0,220666.8730378151,1.143926469889239,2.3305400896072386,2.2443300235271453,-7.021277937052179,-4.5851564970736405,-7.343491981624379,-16.678294202115367,-23.57339277032819,1
HK.01526,492,0.9100000262260437,0.8949999809265137,1.6759827507484213,1.9674451521585279,77600.0,70616.00203514099,4.730769900794004,0.9154000008106231,0.8962233394384385,13.043480514353279,-16.513761618394014,10.795463699245396,-13.02039720617309,-10.511358241146072,2
HK.01527,492,2.3499999046325684,2.259999990463257,3.9822971039421664,0.0,10320.0,24251.999015808105,1.6151570150429222,2.127300000190735,1.9914750009775162,0.4273500354724066,20.512812675260577,23.68420705900954,20.512812675260577,4.910709581584975,1
HK.01528,492,1.0099999904632568,1.0099999904632568,0.0,0.0004346530159540476,2190532.65,2212437.9556094524,3.178204479432915,1.056399986743927,1.2110499906539918,-7.339453253719029,-1.9417457749564655,-21.093748981365913,-19.200000762939453,-27.857142309753254,0
HK.01529,492,1.0800000429153442,1.0700000524520874,0.93457850215429,0.562560620756547,198000.0,213840.00849723816,5.870076993254822,0.7065000027418137,0.5318750016391277,17.39130688299524,160.24097942928768,129.78724375630247,83.05086286819382,118.18182474982306,1
HK.01530,492,16.010000228881836,15.539999961853027,3.0244547502094368,0.3552043578910962,18109343.35,289930591.1783998,4.186946433679091,16.686800003051758,20.190715579986573,-0.18703668910932533,-16.47087459651502,-25.200666985925462,-33.9039266993032,-46.0252005185891,1
HK.01532,492,0.1459999978542328,0.13699999451637268,6.569345765035435,2.2666666666666666,24900.0,3635.3999465703964,1.9592188047938224,0.14461999952793123,0.11869500059634447,-0.680273488006035,41.747570568210215,30.3571369175858,40.38461042490947,22.689071000274858,3
HK.01536,492,0.3499999940395355,0.32499998807907104,7.692309808449005,0.36223963842261514,43803250.8,15331137.518912278,31.41004291874153,0.31772785902023315,0.24196696393191813,73.66968181793983,134.89931865692338,59.090907243657696,139.72602683801233,103.48836171701224,2
HK.01538,492,0.8650000095367432,0.875,-1.1428560529436385,0.8179713624281917,1123500.0,971827.510714531,6.900937409991179,0.7361000049114227,0.6541180667281151,23.571432038229396,4.216870714434931,43.8489362807234,128.68293131834193,105.02606075752723,0
HK.01539,492,0.2849999964237213,0.29499998688697815,-3.389827426361236,0.0,1236700.0,352459.49557721615,5.146435744185096,0.32399999976158145,0.33644499942660333,-10.937499126885067,-22.972974932219852,-30.487805143982655,-1.72413633637985,-20.83333747254461,0
HK.01540,492,0.5,0.5,0.0,0.07062304585772468,1302837.75,651418.875,4.957829397953277,0.39745173215866086,0.2860228031128645,32.23894671777812,72.31134040926729,99.32863340280498,113.2352881365583,123.636994257254,0
HK.01541,492,3.3499999046325684,3.4000000953674316,-1.4705938038939925,0.8998251805917472,298470.0,999874.4715356827,5.8304301779990615,3.375000009536743,4.2572000169754025,-4.829547648156489,-9.703507542124257,-22.811064819087548,-44.901316666619614,-69.37842748513894,0
HK.01542,492,0.6200000047683716,0.6200000047683716,0.0,0.0,29600.0,18352.0001411438,5.757925422866237,0.6524000012874603,0.9728500053286553,-3.875965410453306,-37.99999952316284,-43.63636442452421,-45.61403398698716,-55.71428461950651,0
HK.01543,492,0.1889999955892563,0.1889999955892563,0.0,0.0,18100.0,3420.899920165539,1.170212799685744,0.18607999593019486,0.21513499885797502,0.5319159897866804,-0.5263168626875233,-19.57446975802987,-39.03225995623481,-40.00000094610548,0
HK.01545,492,0.17900000512599945,0.18199999630451202,-1.6483468348500179,0.44502617801047123,388500.0,69541.50199145079,2.676997607388586,0.15818000018596648,0.12760500010102988,12.578623543142003,30.656943277911886,62.72727826902692,90.42554388843912,145.2054900777657,0
HK.01546,492,0.1469999998807907,0.1550000011920929,-5.161291128886967,0.0693721817551162,694320.0,102065.0399172306,8.847386979481655,0.1318199998140335,0.18461999945342542,21.487603865558274,4.255317125238445,-49.31034341011542,68.96552196628193,133.33332939122727,0
HK.01547,492,0.23999999463558197,0.23800000548362732,0.8403315570899159,0.0,12400.0,2975.9999334812164,0.19396559475931285,0.21476250141859055,0.20834471307694913,9.10197709702968,19.746072819253556,25.244616219182102,25.244616219182102,4.4593396231983,3
HK.01548,492,49.13999938964844,45.63999938964844,7.668711758996719,0.5124286467059637,32151158.9,1579907928.7224898,7.423373789204082,32.019400100708005,17.703850026130677,58.516127063382065,251.25089487918467,357.1162733920785,284.2064076326157,205.9775904342781,2
HK.01549,492,0.07599999755620956,0.07500000298023224,1.3333260483214835,0.0,459600.0,34929.598876833916,4.614806770793165,0.07210000067949295,0.09002500023692846,5.555556705336561,-20.833336567092246,-19.14893600157128,-27.619047686626587,-37.19008432394755,1
HK.01551,492,1.4900000095367432,1.4900000095367432,0.0,0.0,6000.0,8940.000057220459,0.9090585373260844,1.4775999999046325,1.4815871679782868,4.9295813075798725,-0.6666660308837891,7.049080346766699,1.4149214232754184,-7.13814151556122,0
HK.01552,492,0.27000001072883606,0.27000001072883606,0.0,0.0,149750.0,40432.5016066432,1.5035645237147173,0.27129999697208407,0.25303999811410904,-1.8181800448205245,1.8868020014566025,11.111115199221167,20.535715354834554,64.6341483359674,0
HK.01553,492,1.590000033378601,1.590000033378601,0.0,0.0,8400.0,13356.000280380249,0.0,1.5103000020980835,1.4786750054359437,4.605266666478442,22.307699361496685,9.655171109720062,5.298016120569697,9.655171109720062,0
HK.01555,492,0.029999999329447746,0.029999999329447746,0.0,0.06733577159706275,14154200.0,424625.9905088693,12.138957469741406,0.026200000159442426,0.03010500017553568,19.99999552965171,15.384610424909468,-28.571429204981353,15.384610424909468,-16.66666494199516,0
HK.01556,492,0.25,0.25,0.0,0.0,41750.0,10437.5,0.1438004902701386,0.2539000004529953,0.2935063193738461,0.40160724285009064,-1.960782480441495,-28.301889050172306,-23.180591190016546,-24.262556941165805,0
HK.01557,492,0.49000000953674316,0.5,-1.9999980926513672,0.46875,26200.0,12838.00024986267,2.7385476781344216,0.5518000048398971,0.4364000004529953,-9.259261098908716,3.1578980390385336,30.666669209798176,46.2686559197419,155.2083360820284,0
HK.01559,492,0.04899999871850014,0.04899999871850014,0.0,0.0,82000.0,4017.9998949170113,2.904163541395172,0.05042000010609627,0.06181091019883752,2.0833297761985303,2.0833297761985303,-16.949155217818355,-43.023259239044506,-25.757577296951922,0
HK.01560,492,0.26499998569488525,0.27000001072883606,-1.8518610500991368,0.028252339269544218,1611240.0,426978.5769510269,11.648660465055583,0.25253999933600424,0.16332000032067298,-17.187502619344798,120.83332634841386,79.05404208087867,124.57625770219549,79.05404208087867,0
HK.01561,492,0.12300000339746475,0.05999999865889549,105.00001024454855,897.1889400921659,3980600.0,489613.8135239482,4.420731770337878,0.05414000011980533,0.05485500006005168,146.0000031292438,151.0204216618186,173.33333002196431,80.88234810732254,46.428577447322844,1
HK.01563,492,0.11599999666213989,0.12300000339746475,-5.691062229246363,2.0551623138882107,219950.0,25514.19926583767,5.733896478469607,0.1263799999654293,0.15008000053465367,-2.52101345424561,-8.66142286607752,-30.952382008302255,-34.09091063028525,-47.272728504228205,0
HK.01565,492,0.15399999916553497,0.1599999964237213,-3.749998370185458,0.44835868694955966,499750.0,76961.4995829761,4.28952594492489,0.1741200003027916,0.18269741021096705,-11.999998978206072,-23.000001564621904,-18.603112590088948,-20.638035556657936,-26.85533347507278,0
HK.01566,492,4.355000019073486,4.855000019073486,-10.298661133587771,0.3156424962136545,5001090.0,21779747.04538822,11.380214931790212,2.8857000279426575,0.7757400059700013,24.428571973528182,8439.21588335254,8439.21588335254,8439.21588335254,8439.21588335254,0
HK.01568,492,0.675000011920929,0.675000011920929,0.0,1.3166855845629966,271500.0,183262.5032365322,2.296181466432562,0.6576999962329865,0.6806464177370072,0.7462679264300778,7.142859846015656,-3.0769166250432636,-1.7671488637049693,2.383541491538994,0
HK.01569,492,0.10100000351667404,0.10100000351667404,0.0,0.0,105400.0,10645.400370657444,2.7333307069024446,0.11022000014781952,0.1426799999549985,-13.675209702006066,-10.619464358630603,-39.880949477168805,-42.28571129331778,-53.456218017866696,0
HK.01570,492,10.399999618530273,10.5600004196167,-1.515159040990203,0.09644892590968873,318600.0,3313439.878463745,6.654771053975149,11.546999969482421,9.893849997520446,-11.035072781505864,-17.525773975550692,49.64028638771898,102.72903287573698,607.4829534773997,0
HK.01571,492,3.555000066757202,3.515000104904175,1.1379789661234678,0.2979023316306883,363319.9,1291602.26875422,1.602210226677881,3.6142973279953003,3.646168395280838,-1.2056150813462208,-4.0209958784533155,0.31976238802563967,4.795977217897605,-1.4141627720279983,2
HK.01572,492,0.07500000298023224,0.07500000298023224,0.0,0.1457725947521866,414600.0,31095.001235604286,4.42724729491632,0.07470000073313714,0.08821500036865473,7.1428609441737585,-7.407404000649029,-19.35483741751987,-24.99999813735488,-24.242420821588322,0
HK.01575,492,0.05299999937415123,0.052000001072883606,1.9230736166063123,0.3824424163407214,1172500.0,62142.49926619232,7.347437232773121,0.038040000274777414,0.0465200000628829,55.88234262895475,51.428568995728796,-13.114756100666625,26.19047640166045,15.217389719867077,2
HK.01576,492,1.684999942779541,1.7000000476837158,-0.8823590872607768,0.7142857142857143,14500.0,24432.499170303345,0.9544641942771085,1.6844000029563904,1.6546106898784638,-0.8823590872607768,4.658380609195005,6.1710456915139655,0.9208305624641845,-0.17613312783055965,0
HK.01577,492,1.0299999713897705,1.0299999713897705,0.0,0.0,11400.0,11741.999673843384,1.795233982255863,1.0336999702453613,0.9900496390461921,0.9803912402207475,-6.363640994079741,5.7945011205117165,10.026274968207652,29.442672069932847,0
HK.01578,492,2.0399999618530273,2.0399999618530273,0.0,1.3190862196020634,68050.0,138821.9974040985,1.3530711541644065,2.12239999294281,2.192312158346176,-7.061502328192796,-3.7735815105932082,-6.661199236872468,-15.04710476492495,-13.354824892065423,0
HK.01579,492,13.84000015258789,13.829999923706055,0.07230823526393886,0.2435253254235525,1958211.85,27101652.30279942,2.83227490413567,14.505863361358642,14.10485884666443,-6.177121772171965,-0.8158131624035251,-7.3277841383633735,14.818940693159519,20.11399674841267,1
HK.01580,492,0.5149999856948853,0.4749999940395355,8.421050980480734,5.281180846551698,7142251.5,3678259.4203292727,15.099668910061572,0.30315999925136566,0.30520999945700167,127.87610383155675,123.91303319674152,32.05128322691612,187.70948097592114,260.1398333237466,1
HK.01581,492,0.3100000023841858,0.3100000023841858,0.0,0.0,152500.0,47275.00036358833,4.315960455969306,0.31370000302791595,0.2771649996936321,3.3333300219643105,6.896555622182589,40.90909275634231,55.778894923900744,69.39890995154924,0
HK.01582,492,0.550000011920929,0.6000000238418579,-8.333334989017844,1.2564015022191874,1152625.0,633943.7637403607,8.609710715925297,0.46380000054836273,0.39794999971985817,29.411763880904594,35.80247167951539,54.929585505090195,54.929585505090195,52.77777501830359,0
HK.01583,492,1.0,1.0,0.0,0.0,40405.0,40405.0,3.6863570170727042,0.9775000011920929,1.0556926620006561,2.040814340536656,14.94252810564519,-12.265746492949816,-21.57089919066249,-21.57089919066249,0
HK.01585,492,8.039999961853027,8.0649995803833,-0.30997668730300537,0.586325266900853,12078976.3,97114968.99122363,4.053729378387895,9.356100006103516,10.525958924293517,-9.561308758645422,-14.194236285486328,-29.93061922406931,-26.53037125707382,-38.87242290325993,0
HK.01586,492,1.3300000429153442,1.3300000429153442,0.0,0.0,7232.8,9619.624310398101,1.9260445535186226,1.5266000151634216,1.7265500056743621,-4.659493827949631,-24.858753827830533,-20.359276820752413,-39.26940601986212,-53.169011158073786,0
HK.01587,492,0.4699999988079071,0.48500001430511475,-3.0927866092331895,0.05826656955571741,272800.0,128215.99967479706,3.8515897207229823,0.494300000667572,0.5630601823329926,-6.000000238418579,-21.66666997803569,-19.623197080406552,-22.215992826577178,-19.623197080406552,0
HK.01588,492,4.175000190734863,4.244999885559082,-1.6489916775345104,0.14313685774086826,68865.0,287511.38813495636,1.5104679519821862,4.23311987400055,5.552433515787125,-3.8377223330034056,0.8695257469527545,-39.59873311736642,-44.803207356403455,-56.6836588799981,0
HK.01591,492,0.12800000607967377,0.12800000607967377,0.0,0.0,125400.0,16051.20076239109,2.101193100898522,0.12399999946355819,0.13643999956548214,10.34483600243968,-1.5384532502413988,-8.571424618059293,-3.7593948739333762,-27.27272342428686,0
HK.01592,492,0.16099999845027924,0.16099999845027924,0.0,0.38303693570451436,710500.0,114390.4988989234,4.5289558499996865,0.18625999987125397,0.18546220019459725,-9.55056424334165,-30.30303284422262,-3.5928128217803232,12.587406247733565,-49.687499359715716,0
HK.01593,492,1.090000033378601,1.1200000047683716,-2.6785688626827135,0.9863429438543247,686200.0,747958.022904396,7.162169481091748,1.0758999848365784,1.1832749962806701,-1.3574647453365973,4.807699361496682,-13.492060188203087,-12.799997329711916,-24.3055562454241,0
HK.01596,492,0.32499998807907104,0.3199999928474426,1.5624985448084445,2.4934942039271353,236800.0,76959.99717712402,7.128140227185553,0.29105999797582627,0.5218252018839121,35.41666472641126,-14.473686274399084,-72.06670411191443,-51.825181954509105,-54.46490071224758,1
HK.01597,492,5.204999923706055,5.204999923706055,0.0,0.0,65150.0,339105.74502944946,4.654022555298681,5.644699993133545,4.748925006389618,-13.250001271565756,-27.50696311770752,100.965254679379,108.19999694824219,126.30434920071207,0
HK.01598,492,0.11100000143051147,0.11100000143051147,0.0,,0.0,0.0,0.0,0.11100000143051147,0.11100000143051147,0.0,0.0,0.0,0.0,0.0,0
HK.01599,492,0.9449999928474426,0.9599999785423279,-1.5624985448084445,3.579842931937173,174950.0,165327.7487486601,1.6121885259362005,1.0144999814033508,1.141891642808914,-8.695649920429236,-9.134612739438744,-20.787658348800782,-25.447211801619645,-25.447211801619645,0
HK.01600,492,2.700000047683716,2.7100000381469727,-0.3690033329333297,0.6019409846371458,628000.0,1695600.0299453735,3.0774092750379225,2.695300030708313,2.778444159030914,1.8867905855434135,-1.8181800842285156,-2.705705279231943,-13.651318071916183,-16.815429406880405,0
HK.01601,492,0.6800000071525574,0.6499999761581421,4.615389553047677,0.0,162400.0,110432.00116157532,1.8787397030324664,0.7387999856472015,0.7615049642324447,-4.895100406320293,-7.235247803338359,-11.652609771865084,-13.707206769386934,-16.61595239602271,2
HK.01606,492,1.4950000047683716,1.4700000286102295,1.7006786171138801,0.28965063243522826,2072500.0,3098387.50988245,1.8295078072242545,1.4788999938964844,1.4488653588294982,-0.9933765423590082,9.926469782592937,14.781287153451823,-8.564056974918813,-3.0888543174829657,2
HK.01608,492,0.03700000047683716,0.039000000804662704,-5.128205862976375,0.6134312747792668,2056500.0,76090.50098061562,8.67603833896,0.052199999988079074,0.0986999998986721,-28.846154397232283,-54.320987200086535,-69.67213109748333,-74.48275755758657,-85.19999980926514,0
HK.01609,107,73.8499984741211,75.19999694824219,-1.7952108097161967,0.03264168180085743,456011.2,33676426.42418213,12.519315401269171,123.44099945068359,,-38.458334604899086,-58.487913992232855,,-65.6511635004088,,0
HK.01610,492,1.090000033378601,1.0950000286102295,-0.4566205571678748,0.02914084711162823,17061661.8,18597211.931494404,4.097771424924439,1.1250000047683715,1.319599997997284,-8.016870378753584,1.86915700430858,-18.04511291673841,-30.57324860109422,-39.106142088951714,0
HK.01611,492,1.899999976158142,1.9600000381469727,-3.061227592911475,0.6402328119316115,162262.5,308298.74613136053,4.066197212637521,1.9671000051498413,2.2872749960422514,-6.633911743420848,0.0,-17.030567344608347,-29.889300759666686,-66.37168240552779,0
HK.01612,492,0.6800000071525574,0.6800000071525574,0.0,2.0532299874239666,102055.65,69397.8427299589,2.8086261065028,0.6738823390007019,0.7902564990520478,3.0303093246414106,-5.32349907734348,-22.34529785190284,-12.989307571950517,-26.30727557354298,0
HK.01613,492,0.6150000095367432,0.6800000071525574,-9.558823078252045,1.3729004054168241,1722729.4,1059478.5974292278,9.700422577390775,0.876700005531311,0.39248239204287527,-24.074073120181726,38.20225155544685,249.43182549385497,251.42858286293205,155.186729483203,0
HK.01615,492,0.46000000834465027,0.47999998927116394,-4.166662786155852,0.3945926196565583,685500.0,315330.00572025776,5.187390876398325,0.4133999979496002,0.3565049982815981,16.455695151977128,16.455695151977128,67.27272668160684,33.33333621278478,94.09282769397743,0
HK.01616,492,0.05999999865889549,0.05999999865889549,0.0,,0.0,0.0,0.0,0.05999999865889549,0.05999999865889549,0.0,0.0,0.0,0.0,0.0,0
HK.01617,492,0.27000001072883606,0.2750000059604645,-1.8181800448205245,0.17234445912563912,3396400.0,917028.0364394188,5.765369368450999,0.2748799988627434,0.388314997702837,1.8868020014566025,-25.0,-37.93103235655252,172.72728504228206,90.1408464006194,0
HK.01618,492,1.2999999523162842,1.2999999523162842,0.0,0.09584300362107497,9440592.7,12272770.059837459,2.817828998766969,1.3978999972343444,1.6028750026226044,-3.3457305083066267,-7.142858967489158,-23.976612671598634,-31.578949019519264,-40.90909435729343,0
HK.01620,492,0.19599999487400055,0.20000000298023224,-2.0000040233134624,1.0645375914836992,719000.0,140923.9963144064,5.63892876348583,0.15544000029563904,0.11757500033825635,11.999998978206072,100.0,110.75267766249495,95.99999195337307,79.8165133852076,0
HK.01621,492,0.23800000548362732,0.23899999260902405,-0.4184046679167016,0.549939344925192,995200.0,236857.6054573059,5.239031683578769,0.2034199994802475,0.17353499971330166,25.263162352702018,36.781616282756225,42.51497700581234,90.40000438690186,153.19150386486993,0
HK.01622,492,0.14100000262260437,0.12700000405311584,11.023620569045994,0.0,264700.0,37322.70069420338,4.493418230999442,0.13740000009536743,0.15884500000625848,8.46154445727218,-22.950817536338068,-7.84313381749447,-27.69230369515188,71.95121796091426,1
HK.01623,492,0.24500000476837158,0.24799999594688416,-1.20967388207341,3.6200660481207736,338650.0,82969.25161480904,5.46621272370674,0.23317838430404664,0.22494427174329756,-4.669258579676973,7.298667249831743,1.167311440139439,37.69995450668564,22.702927316506134,0
HK.01626,492,22.6200008392334,22.100000381469727,2.3529432071850946,0.9137301128251686,680815.0,15400035.871362686,9.444544924505765,22.822800102233888,12.06480001926422,9.699320652764605,20.19129227432579,437.29217658604983,685.4166645970611,773.3591347043844,1
HK.01627,492,0.3700000047683716,0.36500000953674316,1.3698616715036243,0.02357100766057749,336400.0,124468.0016040802,2.5390053766526632,0.4417739975452423,0.5088390012085438,-21.27659453046219,-21.27659453046219,-28.433270642776698,-42.115146059813334,-44.560982410288936,1
HK.01628,492,0.10400000214576721,0.1080000028014183,-3.703704214717449,0.6914624602464126,248284.5,25821.58853276074,2.7965720648452304,0.1113200007379055,0.12708499990403652,-6.306305580659314,-14.754097559733351,-38.46153710503767,-7.964598268972953,-60.75471405288664,0
HK.01629,492,0.20499999821186066,0.20499999821186066,0.0,0.0,69600.0,14267.999875545502,0.6914004794083585,0.18205999851226806,0.17152000039815904,7.3298421967026615,24.242418221753294,14.525135386202706,41.379313179769156,14.525135386202706,0
HK.01630,492,0.21199999749660492,0.21699999272823334,-2.304145345244466,0.0905373831775701,2013300.0,426819.5949599147,8.322590709039067,0.2801200008392334,0.21303500028327108,-31.61290455931306,-36.716420234086115,123.15789490195192,404.76190560664185,341.6666576121417,0
HK.01631,492,1.2999999523162842,1.3300000429153442,-2.255645836920442,0.7111111111111111,56250.0,73124.99731779099,1.3784027863240742,1.3341000056266785,0.9219249975681305,-1.515159040990203,-16.129032754253043,170.8333294528225,136.3636225708263,209.52380783433543,0
HK.01632,492,0.050999999046325684,0.050999999046325684,0.0,,0.0,0.0,0.0,0.050999999046325684,0.06973499957472086,0.0,0.0,-41.37930975421476,-53.6363642521141,-56.41025673682142,0
HK.01633,492,0.4099999964237213,0.4449999928474426,-7.8651678620858325,1.5247058823529411,1400850.0,574348.49499017,9.791631920164654,0.43979999899864197,0.3292450001835823,2.4999975785613424,2.4999975785613424,43.85964967317309,247.45762198178878,469.4444639907215,0
HK.01635,492,2.0899999141693115,2.059999942779541,1.4563093312173492,0.04026178376135444,3453605.0,7218034.153574705,2.4450490402031617,2.285699987411499,2.850237944126129,-9.523810998259648,-12.552308684810354,-34.66063627000502,-38.05979899117563,-34.85923996730959,1
HK.01636,492,0.3100000023841858,0.3100000023841858,0.0,,0.0,0.0,0.0,0.3100000023841858,0.40402500092983246,0.0,0.0,-15.068494716579107,-34.73684078438459,-69.60784233519315,0
HK.01637,492,0.6499999761581421,0.6600000262260437,-1.515159040990203,0.7176581680830972,308700.0,200654.99264001846,3.8964654857870142,0.5967000013589859,0.42675635002553464,-4.411769217479552,64.55695151977127,56.626503428452054,187.16802618147307,266.13920987997943,0
HK.01638,492,0.02199999988079071,0.02199999988079071,0.0,2.5738413228683026,40946810.7,900829.8305187599,9.203210465635811,0.0364800001308322,0.06661500020883977,-38.88888658932687,-60.0,-76.59574400628512,-77.55101994269592,-88.48167543351651,0
HK.01640,492,0.44999998807907104,0.47999998927116394,-6.250000388051082,0.0,83900.0,37754.99899983406,4.087233851988849,0.44429999887943267,1.6204750014841556,0.0,-22.413792926264428,-79.4520558757332,-88.52040869079495,-90.42553177998043,0
HK.01641,180,3.4549999237060547,3.4549999237060547,0.0,1.1764705882352942,5725.0,19779.874563217163,1.1594210926446569,3.9346999740600586,,-10.723513543284618,-22.35954894846151,-45.05409422701944,-69.53405861878448,,0
HK.01643,492,0.6100000143051147,0.6499999761581421,-6.153840510802654,2.027594481103779,266700.0,162687.0038151741,9.238295144102818,0.8073999977111816,1.35219999730587,-26.06060325825725,-44.54545444693447,-72.27272722346724,19.60784817878589,-18.66666475931803,0
HK.01645,492,2.9000000953674316,2.875,0.8695685345193614,1.609961894393032,3018800.0,8754520.287895203,4.035417729505493,2.663100004196167,2.9826250022649763,7.407409042651405,6.617649443524906,-30.622004438692485,-13.432830509721855,190.00000953674316,5
HK.01647,492,0.061000000685453415,0.054999999701976776,10.909092756342305,1.6873449131513647,757000.0,46177.000518888235,5.989580204781899,0.05962000004947186,0.06600500013679265,0.0,15.094342275037622,-12.857142248932199,-19.736838622477794,-36.458333171645386,1
HK.01650,492,0.17399999499320984,0.17499999701976776,-0.5714297391930604,0.612480023785632,2739100.0,476603.38628590107,4.4618000865366625,0.14834786474704742,0.12967978652566672,22.544012482613187,28.760016249182357,50.83901307624564,48.42559346858047,106.14665031655682,0
HK.01651,492,51.29999923706055,48.65999984741211,5.425399502521455,0.7300324967491171,2546062.1,130612983.78750879,5.743695506513228,51.2279174041748,47.30135437011719,0.39139093720470625,-26.08673977901409,50.66278581899722,51.36150639510861,68.41197857654296,4
HK.01652,492,0.9300000071525574,0.925000011920929,0.5405400180747055,1.1332904056664521,73750.0,68587.5005275011,5.282629603972197,0.9111000001430511,0.9877750009298325,20.7792246999177,-7.920790501592566,-15.454546636786318,16.249999161809694,5.68181956725673,1
HK.01653,492,1.399999976158142,1.399999976158142,0.0,0.0,290400.0,406559.99307632446,5.238388543394425,1.5490000009536744,2.4504499983787538,-12.772588191848373,-38.59649150325321,-56.92307765667255,-35.77981957401163,55.55555702727521,0
HK.01655,492,0.1589999943971634,0.16300000250339508,-2.4539926655205875,3.5983174105233138,1597950.0,254074.04104694724,3.9075102082986244,0.16576000034809113,0.1985300000011921,-5.357144916189394,-4.790420069990845,-30.26316038858307,-16.315791372447155,-14.516134071672502,0
HK.01656,492,3.9800000190734863,3.9800000190734863,0.0,,0.0,0.0,0.0,3.9556000423431397,3.2496666514873507,0.0,-4.487636334008938,72.51206413481738,77.1123919461236,77.90307016071493,0
HK.01657,492,5.0,5.0,0.0,0.32634032634032634,109000.0,545000.0,8.016903281859866,4.990760002136231,3.266860011219978,2.0824875752663834,4.166662527455388,222.5806550850608,244.82757486713095,218.4713269398179,0
HK.01658,492,5.369999885559082,5.349999904632568,0.3738314258509739,0.29055111006222506,28082425.2,150802620.11022148,1.9829874564138155,5.168900012969971,4.977005686759949,-0.09302538494731105,17.248907751373356,12.030958835754864,4.775611337273887,3.1928019354790824,1
HK.01660,492,0.19699999690055847,0.19900000095367432,-1.0050271575533463,0.0,4688400.0,923614.7854685783,4.295552821815498,0.20379999965429307,0.31049499988555906,1.0256431417823377,-18.93004266637821,-42.89855142572151,-59.381445136076785,-12.831858261207207,0
HK.01661,492,1.8550000190734863,1.850000023841858,0.27027000903735277,0.0,166620.0,309080.1031780243,3.922134679360373,1.9282999968528747,1.7190750005841255,-8.16831502034702,9.76331102168142,54.58332878020092,115.69767304856822,126.21951649438623,1
HK.01662,492,0.6100000143051147,0.6200000047683716,-1.6129016752173695,0.5469678953626635,118350.0,72193.50169301033,7.512017022375506,0.5594000017642975,0.9864000007510185,10.909091106131052,-10.294116486933829,-29.069766958318194,-72.01834882452536,-80.72879237354361,0
HK.01663,492,0.05299999937415123,0.05299999937415123,0.0,0.0,1380612.4,73172.45633594542,6.24121957791753,0.05319999977946281,0.06993500012904405,-18.4615364335697,-7.017545006245089,-38.372095843919006,-14.516128644610784,-7.017545006245089,0
HK.01666,492,3.069999933242798,3.0350000858306885,1.1532074603724372,0.5013407004143983,1195950.0,3671566.420161724,2.3878101617521152,3.2278999948501585,3.6367240858078005,-2.0733670627812018,-8.902076038691446,-18.309133684986787,-26.588612497956127,-32.794522689974215,1
HK.01667,492,0.36000001430511475,0.36000001430511475,0.0,0.0,2000.0,720.0000286102295,0.2777779157514871,0.34960000395774843,0.3679500031471252,12.500006984919466,5.882356034843122,-2.7027000903735274,-12.195117696277553,20.0,0
HK.01668,492,0.10700000077486038,0.10700000077486038,0.0,,0.0,0.0,0.0,0.10700000077486038,0.10700000077486038,0.0,0.0,0.0,0.0,0.0,0
HK.01669,492,1.4450000524520874,1.4299999475479126,1.0489584233828948,0.5316455696202531,78900.0,114010.5041384697,1.4419851791898914,1.408557071685791,1.0800878491997719,1.1291488034111237,14.638770108652785,68.47686576079225,77.94185724665387,74.03104509172009,1
HK.01671,492,0.7649999856948853,0.7900000214576721,-3.1645614030057794,3.1270358306188926,35500.0,27157.499492168427,2.2481078265348278,0.7130000078678131,0.678205998390913,6.2499937911830825,12.499996712979183,4.851978521412578,22.596160734634942,-3.990960560169987,0
HK.01672,492,9.114999771118164,8.149999618530273,11.840493223997397,0.6222128082371564,2210081.95,20144896.468402386,7.302683385242393,9.544200019836426,12.757749986648559,-11.418855151514197,-22.688720944783068,-43.976647113315266,-20.876741242008425,-20.462480446972005,2
HK.01673,492,0.2199999988079071,0.2199999988079071,0.0,0.0,78900.0,17357.99990594387,2.564509620507216,0.27193999886512754,0.2730749993771315,-16.981128043829436,-26.66666997803569,-26.66666997803569,-6.779662087127342,-5.982905438630968,0
HK.01675,492,3.934999942779541,3.875,1.5483856201171875,0.1269996335255571,3604588.85,14184056.918493772,4.6581829714149485,4.221899991035461,5.746513191461563,-6.3095209171440905,-9.747710498171232,-31.78906741227639,-47.880770442902985,-66.29917656440063,1
HK.01676,492,0.42500001192092896,0.4300000071525574,-1.1627895694091224,0.37484845235836994,4314740.0,1833764.551435709,8.708312522692943,0.32160000026226043,0.3109318098425865,6.2500013969838415,108.33334307265457,94.95413859939471,-33.593746653059426,-32.53968013687497,0
HK.01679,492,1.2000000476837158,1.2000000476837158,0.0,0.0,32050.0,38460.00152826309,2.5840465970970117,1.2573999929428101,0.95799999833107,-9.774435416307956,-32.58426590047685,122.22222222222223,166.66668432730262,30.43478542555027,0
HK.01680,492,0.1550000011920929,0.1599999964237213,-3.124997089616889,0.07749004049058537,122821.4,19037.317146414516,8.393314871327352,0.12359999909996987,0.19391499888151884,49.03845960968701,43.518515899573075,-34.04255251692344,-50.0,-72.32142847639565,0
HK.01681,492,14.930000305175781,14.489999771118164,3.0365806832836357,0.6408686855876652,1562330.15,23325589.616285324,2.9722780076375725,13.55256227493286,14.583037786483764,12.67924758623231,12.10351374501915,-4.260685808324331,1.5883357224017176,-4.722635747166051,1
HK.01682,492,0.12800000607967377,0.12999999523162842,-1.5384532502413988,1.675241566609491,747799.95,95718.39814637974,6.536714877856703,0.15537999987602233,0.1752173500135541,-20.98765080067066,-38.46153680830315,-5.882353585690328,-32.631574902177796,-48.79999756813049,0
HK.01683,492,0.13300000131130219,0.13500000536441803,-1.4814844249206127,0.2176278563656148,1468000.0,195244.0019249916,10.113629179545402,0.14062000155448914,0.21262500025331973,-3.6231850412206086,-18.404908424138235,-49.81131755062234,-64.53333298365274,-80.14925403009678,0
HK.01685,492,0.6150000095367432,0.6150000095367432,0.0,0.07858546168958742,114650.0,70509.7510933876,3.8576953143636508,0.6457000041007995,0.6006702747941017,-0.8064508376086847,-31.66666379681332,30.665729877479524,116.27431529909896,90.05923470583657,0
HK.01686,492,5.599999904632568,5.510000228881836,1.6333878768095147,0.5226790410705506,3356279.75,18795166.27992022,2.7465246163595163,5.216199979782105,5.617799987792969,1.9108284123795432,14.754093715305943,-1.408449403588351,17.6470511630218,-17.6754765113957,1
HK.01688,71,5.429999828338623,5.454999923706055,-0.4582968967384862,0.02971530666092439,8043984.0,43678831.73915863,3.398973248864322,6.194501190185547,,-17.80133558794584,-43.584149054901786,,-43.87464964581624,,0
HK.01689,492,0.3050000071525574,0.3050000071525574,0.0,0.7178750897343862,274300.0,83661.50196194649,1.9286762422818693,0.28829999804496764,0.3332999983429909,3.3898375288438505,1.6666650109821552,-16.438356388082727,-27.380948410688223,-41.346150319251656,0
HK.01690,492,0.13099999725818634,0.13300000131130219,-1.503762431125545,1.9104477611940298,168000.0,22007.999539375305,0.5956991928280637,0.13060216918587686,0.10682589650154113,-6.099626075907616,9.30590078300414,15.898430058606664,115.92036947788107,146.28418112345648,0
HK.01691,492,1.7000000476837158,1.7949999570846558,-5.292474187867602,1.4811745859765013,3760039.7,6392067.669292665,5.61656230640785,1.517500011920929,1.6316250044107437,9.324765596581184,25.925927234121126,-1.1627895694091224,-13.265305377701244,-9.090906772789708,0
HK.01692,492,1.2400000095367432,1.2400000095367432,0.0,0.0,14800.0,18352.0001411438,0.11851169897044118,1.2453218078613282,1.4610034781694412,-2.9733949677076215,-8.86429446949738,-16.334438833516465,-24.370111072293145,-24.370111072293145,0
HK.01693,492,6.199999809265137,6.199999809265137,0.0,0.0,5300.0,32859.998989105225,0.0,6.318800010681152,5.719950013160705,-3.1250044237821637,-8.82353477412014,40.27148647616483,163.82978982437578,113.79308984055716,0
HK.01695,492,0.07999999821186066,0.07999999821186066,0.0,0.0,158000.0,12639.999717473984,1.4271714405174865,0.07783999994397163,0.08860000025480985,5.263158926673246,-5.882356034843122,-21.56862773743102,-15.789474509759632,-23.809523133734164,0
HK.01696,492,1.9800000190734863,1.9600000381469727,1.020407170268328,0.4126177306024817,125600.0,248688.00239562988,4.614726720074712,2.064079246520996,2.921586797237396,-4.347822080763087,-15.382913032323483,-38.30003590679212,-51.67555563624446,-64.50139135266836,2
HK.01697,492,0.2290000021457672,0.22599999606609344,1.3274363415459611,0.3075030750307503,146340.0,33511.860314011574,2.145650416799463,0.2370999985933304,0.3100499999523163,-2.553190329108315,-15.185187760694424,-36.38889082052082,-36.38889082052082,-43.45678976006923,1
HK.01698,492,30.940000534057617,30.520000457763672,1.3761470183304199,0.31745098241980146,1708482.75,52860457.19742823,2.3407212134630324,33.73480014801025,44.16125592231751,-4.032261404246311,-11.346707216860393,-17.926533605024826,-55.43405002362716,-65.60644543764438,1
HK.01701,492,0.06599999964237213,0.06499999761581421,1.5384647126735067,23.840245775729645,280800.0,18532.799899578094,1.2689853551262331,0.07195999935269355,0.09107499994337559,-5.7142866266017025,-13.157892414985195,-32.653059828087734,-46.341465187526566,-53.52112853415918,1
HK.01702,492,1.725000023841858,1.725000023841858,0.0,0.0,1400.0,2415.000033378601,0.09203142286505854,1.6188000178337096,1.691213110089302,-4.166662803402551,8.49056525969968,4.784798793418022,-6.3625228239890195,35.41419789704109,0
HK.01703,492,0.28999999165534973,0.28999999165534973,0.0,1.5935348016618291,448775.0,130144.74625512958,3.0562260967577233,0.47930000007152557,0.686875000745058,-7.936509888789085,-57.97101555689872,-64.6341470506204,-60.27397478380661,-39.58333372138442,0
HK.01705,492,0.9200000166893005,0.9350000023841858,-1.6042765408167188,0.8997289972899729,352000.0,323840.0058746338,3.466349893443948,0.8346739196777344,0.5564398819208145,11.706015406199969,47.02481955570898,78.53013681723962,159.68021812073763,147.21984884470461,0
HK.01707,492,0.041999999433755875,0.041999999433755875,0.0,,0.0,0.0,0.0,0.041999999433755875,0.04261999975889921,0.0,0.0,-2.3255860292955086,19.999997871262696,-71.03448231566108,0
HK.01708,492,0.23800000548362732,0.24300000071525574,-2.057611200374994,0.0,8700.0,2070.6000477075577,0.8436212666919067,0.24611999750137328,0.30340499714016916,16.66667153632728,-19.322028453238186,-31.01449092579749,-4.799997806549072,-14.999998403447021,0
HK.01709,492,0.9150000214576721,0.8849999904632568,3.389834047197181,0.9017311818941225,4303861.95,3938033.7766008587,4.700962568308886,0.9437843811511993,1.2514961916208267,-0.17128280736546636,-17.966818975078,-27.986159181886638,-58.62365218921312,-69.46987171149584,1
HK.01710,492,1.7200000286102295,1.649999976158142,4.242427482640056,1.807897276084162,7521675.0,12937281.215196848,17.4841814488382,1.2085851365327835,0.563945482969284,37.048033471150056,475.6016859053763,400.52324854314475,622.5126488109211,706.9182851148024,1
HK.01711,492,0.15299999713897705,0.15399999916553497,-0.6493519688159334,0.0,20500.0,3136.4999413490295,0.340908857597386,0.14814000070095062,0.14399000082165003,7.746473330752564,3.3783751129669097,10.86956592160499,29.661013738617974,79.9999947407667,0
HK.01712,492,8.729999542236328,8.5,2.7058769674862133,0.4388175397391504,641480.85,5600127.5268533705,5.006887584859399,7.797000007629395,7.739950003623963,-5.108698660574761,79.9999941009835,-2.458103594606359,29.142000690144172,18.29267488971687,1
HK.01713,492,1.6200000047683716,1.6200000047683716,0.0,0.030349013657056147,65600.0,106272.00031280518,0.5412486241790134,1.7476999974250793,2.040882404446602,-5.813954777818146,-10.9890132922939,-32.15031101561354,-28.225123759029465,-29.392196615284217,0
HK.01715,492,0.36500000953674316,0.3700000047683716,-1.3513500451867637,0.0,451000.0,164615.00430107117,2.8075389714398047,0.4315999984741211,0.46087499901652335,-12.048188704574885,-18.888884620901866,-15.11627826386366,-25.51020358513416,10.60605910089287,0
HK.01716,492,3.1649999618530273,3.200000047683716,-1.09375266591083,0.5128802890779811,408350.0,1292427.7344226837,7.3429375925584806,4.2101000213623045,3.7598500049114225,-32.08154365904791,-40.619136826322126,-13.049454103344102,455.2631581699199,475.45452604609125,0
HK.01717,492,1.0149999856948853,1.0199999809265137,-0.49019562011037376,5.7542768273716955,40400.0,41005.999422073364,1.8150663741349877,1.1497000026702882,1.5426323366165162,-9.777779049343533,-24.253734297623776,-45.2200337953298,-47.6728681030016,-59.85590262863864,0
HK.01718,492,0.5950000286102295,0.5950000286102295,0.0,0.0,134600.0,80087.00385093689,5.200797708213162,0.7050000083446503,0.4460650034993887,-5.555550299414001,65.27777915751487,43.373503752830594,116.36364207780052,112.5000093132257,0
HK.01719,492,0.23000000417232513,0.23000000417232513,0.0,0.0,20200.0,4646.000084280968,0.0,0.23851999938488005,0.2824200014024973,7.981222857849637,-2.127657550770317,-23.333334989017846,-30.30303180819804,-32.35294066085948,0
HK.01720,492,0.3050000071525574,0.30000001192092896,1.6666650109821552,0.23094543286579436,3130700.0,954863.5223925114,8.342995578147624,0.30021999925374987,0.3937299981340766,0.0,-21.794867092335547,-45.535713240352216,162.93104821450683,69.44444168497026,2
HK.01721,492,0.14000000059604645,0.14000000059604645,0.0,,0.0,0.0,0.0,0.14000000059604645,0.15952499963343145,0.0,0.0,-0.7092212822396128,-25.925923881870844,-73.07692197476614,0
HK.01722,492,0.12800000607967377,0.12800000607967377,0.0,0.0,1494500.0,191296.00908607244,7.406074262638304,0.10995999976992607,0.09069500025361776,20.75472414260158,37.63441187561632,64.10256851119158,64.10256851119158,113.33334823449486,0
HK.01723,492,0.5950000286102295,0.6000000238418579,-0.8333325054910776,0.2676876642207184,1882048.25,1119818.7625958323,14.314984168690176,0.4884730017185211,0.9472182473540306,36.78161502278199,-33.88888395862802,-41.08910552193959,-54.23076535117682,-70.3980083864032,0
HK.01725,492,0.25,0.2460000067949295,1.626013453082938,1.0002628288347126,2555480.0,638870.0,5.231799738708368,0.2847799977660179,0.5575700011104345,-12.280700653653822,-39.0243897120347,-62.121213626379856,-75.0,-73.40425525169235,2
HK.01726,492,0.25999999046325684,0.23499999940395355,10.638294094771258,1.2982744453574364,613000.0,159379.99415397644,10.72072848369471,0.8557999959588051,1.1078999976068735,-70.7865174559237,-72.63157960780771,-79.03225899486958,-82.0689667646156,-81.29496452237169,1
HK.01727,492,0.24400000274181366,0.24500000476837158,-0.4081640845286294,0.8829174664107485,76750.0,18727.0002104342,3.168182017653716,0.23426000118255616,0.3012349999696016,9.909909728498162,4.721033309212212,-28.23529406608595,-34.93333260218303,-48.63157772555574,0
HK.01728,492,0.14300000667572021,0.14300000667572021,0.0,,0.0,0.0,0.0,0.14300000667572021,0.14300000667572021,0.0,0.0,0.0,0.0,0.0,0
HK.01729,492,16.239999771118164,16.610000610351562,-2.2275787214770433,0.32584288114117327,10636238.75,172732514.86555815,5.410189019420791,16.382327919006347,17.27189661026001,-11.94174719125759,12.350186821751405,-1.5594408715230494,-7.739814056614333,-4.1621694572158505,0
HK.01731,492,0.7400000095367432,0.7400000095367432,0.0,0.0,217200.0,160728.00207138062,0.5063769691684897,0.7567999935150147,0.7312299826741219,-2.6315764707211,-3.896100276999047,1.5089214829374542,11.11111111111111,4.078759948463361,0
HK.01732,492,0.1899999976158142,0.1899999976158142,0.0,0.0,142000.0,26979.999661445618,0.44454288704141665,0.21683999866247178,0.22155999943614005,-14.414416591355394,-7.317073525310204,-21.161825623517768,-29.629633308928543,-6.862744525137968,0
HK.01733,492,0.6850000023841858,0.6800000071525574,0.7352934086817846,0.11104498948527014,632370.95,433174.1022576898,3.5570713372248224,0.7030225682258606,0.740850148499012,-6.164385686785928,18.76398531932231,-15.16858191476978,-21.694079615292054,-14.146515033221519,1
HK.01735,492,12.420000076293945,13.630000114440918,-8.877476360876797,1.4359221009765568,13629215.5,169274857.54982662,4.959358626800203,8.865099964141846,8.487925019264221,51.18685143762772,48.21002275275698,54.47761362217013,51.09488653074295,38.0000008477105,0
HK.01736,492,0.4000000059604645,0.4000000059604645,0.0,0.0,39082.5,15633.000232949853,0.5298918108094838,0.4081000030040741,0.4780000028014183,-5.8823541786431095,-12.087913311531134,-9.090907243657693,-33.33333498901784,-42.02898444310127,0
HK.01737,492,0.20200000703334808,0.20000000298023224,1.0000020116567312,2.4763406940063093,703000.0,142006.0049444437,4.894632993390354,0.1619200000166893,0.1292800000309944,39.31035368677861,26.250007217750117,94.23077198616141,104.04041225041026,92.3809650857977,2
HK.01738,492,0.05700000002980232,0.05700000002980232,0.0,,0.0,0.0,0.0,0.05778000004589558,0.08591500012204051,0.0,-8.064514578443138,-49.10714440142769,-44.11764598463369,-53.278689025166656,0
HK.01739,492,0.125,0.125,0.0,0.26849676947930545,529266.5,66158.3125,7.498127911002063,0.13162000000476837,0.19068999998271466,4.166668994973155,-32.432433303208825,-38.11881403580159,-45.65217489894259,-36.86868652660328,0
HK.01740,492,0.17499999701976776,0.17499999701976776,0.0,0.09491525423728814,1466000.0,256549.99563097954,6.5129115709499485,0.16838000118732452,0.13401500076055528,3.5502942406218354,-1.129945785871662,74.99999441206462,86.17021597014568,82.29166197771625,0
HK.01741,492,0.14499999582767487,0.14000000059604645,3.571425150243618,0.05976095617529881,199600.0,28941.999167203903,4.328189517607088,0.15415999978780748,0.1922100005298853,5.072463376886118,-20.76502887975349,-28.21782634703726,-9.375000582076622,-32.870374043281664,3
HK.01742,492,0.13099999725818634,0.13300000131130219,-1.503762431125545,2.789400278940028,204250.0,26756.74943998456,3.8614701693596793,0.1382400006055832,0.16714499976485966,-9.655171705057711,-22.941178893960444,-33.502538416631324,5.645160805763481,55.952379790867525,0
HK.01745,492,2.9749999046325684,2.8499999046325684,4.385965059044991,0.5397484430333374,48000.0,142799.99542236328,4.291054047478524,2.340000023841858,4.386500010490417,20.445338873395972,35.22726546141743,-47.345135320053515,-41.089113024376864,-66.38418331753215,3
HK.01746,492,0.49000000953674316,0.4950000047683716,-1.0101000370632516,0.0880281690140845,416400.0,204036.00397109985,4.410265513122245,0.49060000002384185,0.4284100006520748,-2.9702942250534496,12.643679735887027,-9.259261098908716,71.92983006506422,66.10170553142241,0
HK.01747,492,3.799999952316284,3.799999952316284,0.0,6.238532110091743,57000.0,216599.9972820282,2.253101241889946,3.783799991607666,4.138151050806045,4.1095850145108725,-2.8133025856707756,-21.64281245400219,-12.361325251121166,-5.237984821054321,0
HK.01748,492,1.7599999904632568,1.7599999904632568,0.0,,0.0,0.0,0.0,1.7599999904632568,1.7599999904632568,0.0,0.0,0.0,0.0,0.0,0
HK.01749,492,0.4399999976158142,0.4399999976158142,0.0,0.0,250.0,109.99999940395355,0.2525253102993694,0.4613000017404556,0.6283999989926815,1.1494241848790827,-2.222220161814694,-26.66666997803569,-41.33333365122478,-46.98795102853562,0
HK.01750,492,0.15700000524520874,0.13600000739097595,15.44117405366127,1.968521392152516,4926000.0,773382.0258378983,8.445719994542515,0.100259999781847,0.09636500023305417,89.15664002500523,86.90477066890871,37.71930277466811,93.82716639887502,214.0000058114528,1
HK.01751,492,0.6700000166893005,0.6800000071525574,-1.4705868173635692,0.0,151866.65,101750.65803454816,3.6817595147414046,0.7301054751873016,1.3154166409373282,-13.548382283745497,-34.95145288351076,-52.48226719503156,-67.47572644175538,63.41463964230816,0
HK.01752,492,0.11500000208616257,0.11500000208616257,0.0,0.088261253309797,1137500.0,130812.50237300992,5.512312261522421,0.0986000008881092,0.09195500031113625,17.346943973229,25.000002024614286,35.29411867828104,26.373631232114004,96.23015304196969,0
HK.01753,492,0.4749999940395355,0.46000000834465027,3.260866396255947,0.3485815559888737,10747480.0,5105052.935940027,17.257325813525732,0.3685799989104271,0.21814999971538782,-41.358025599826924,259.8484822828579,214.56954688033812,115.90908936971474,69.64285429186968,3
HK.01755,492,2.799999952316284,2.799999952316284,0.0,,0.0,0.0,0.0,2.799999952316284,2.799999952316284,0.0,0.0,0.0,0.0,0.0,0
HK.01756,492,0.3799999952316284,0.3799999952316284,0.0,0.0,15950.0,6060.999923944473,2.1074286959051625,0.3821999955177307,0.5039499953389168,0.0,-13.636364252114102,-33.33333333333333,-39.68253998289063,-50.0,0
HK.01757,492,5.144999980926514,5.085000038146973,1.179939868818676,0.0,22000.0,113189.9995803833,2.6672133748098728,5.278200016021729,11.044199993610382,0.2923950516759478,-67.58034015105312,-72.18918929228911,76.19862488005586,1413.2352725908834,1
HK.01758,492,0.09300000220537186,0.09300000220537186,0.0,0.0,15100.0,1404.300033301115,0.10874685099206319,0.09967999964952469,0.10636000022292137,1.0869587224068356,-29.545452492952997,-16.96428630824142,-5.102036084075091,-43.63636453946428,0
HK.01759,492,0.800000011920929,0.800000011920929,0.0,0.0,65000.0,52000.00077486038,1.3600896173009451,0.7155000054836274,0.8652249997854233,15.942031113797448,17.64705933914052,-20.792077279724246,-19.19191876621517,-26.605505741020778,0
HK.01760,492,1.184999942779541,1.2050000429153442,-1.6597592882582415,0.5161470321545651,661400.0,783758.9621543884,4.605448611470846,1.3170999908447265,1.7911270368099212,-7.782103224857206,-40.452264467305206,-36.976132527581385,-39.215560620806606,-31.57408649632959,0
HK.01762,492,0.9049999713897705,0.8999999761581421,0.5555550404536735,0.28515944399018806,2855100.0,2583865.418314934,4.660913638199781,1.0825999903678893,1.2485999962687493,-13.39712836787646,0.5555550404536735,-47.076026245562765,31.159416596645606,-12.135922667195663,1
HK.01763,492,13.4399995803833,13.380000114440918,0.4484264979760793,0.3522193003426568,114140.0,1534041.55210495,3.7454069052448093,15.449399986267089,18.495100116729738,-7.8189324368184225,-26.877039205355768,-33.77661414105265,-36.31414945178022,-11.90552914056692,3
HK.01765,492,0.13099999725818634,0.1340000033378601,-2.2388104514517955,0.21662313719465356,1285800.0,168439.796474576,2.934675850662553,0.14150000035762786,0.15800000056624414,-7.74648382452771,-6.42857378538773,-26.404497203855755,-27.62430861902949,-41.51786017203124,0
HK.01766,492,5.235000133514404,5.235000133514404,0.0,0.18050827458332727,13283798.75,69540688.22982848,2.116470487681088,5.146563482284546,5.1613724994659425,-3.5023050790846484,15.561999180225541,4.903541808901032,-7.282218897954196,-6.466873692774959,0
HK.01767,492,0.4050000011920929,0.4099999964237213,-1.219511042741837,0.16648168701442842,899500.0,364297.50107228756,4.109666728910509,0.3380000001192093,0.3289311981201172,22.727268211769513,24.615389553047677,14.885228012543283,35.947504299396236,40.63536819551434,0
HK.01768,169,333.3999938964844,343.0,-2.798835598692602,0.30024153683545385,284566.25,94874386.01314545,4.060259925155897,383.0880010986328,,-14.775055344312694,-15.808082349372633,-12.631030250548832,-16.650001525878906,,0
HK.01769,492,0.7049999833106995,0.7400000095367432,-4.7297332128352965,7.603694982792972,748650.0,527798.2375055552,6.093323681451977,0.8801999974250794,1.428049999177456,-18.965519603830536,-30.88235328491722,-57.01219576462474,-67.209304556323,-71.80000066757202,0
HK.01770,63,74.5,74.4000015258789,0.13440654848146852,0.09633395772009633,24397.5,1817613.75,10.245898274387592,85.74299987792969,,8.521483385424,,,-6.875000000000001,,3
HK.01771,492,0.1599999964237213,0.15399999916553497,3.8961021368168507,0.0,13250.0,2119.9999526143074,0.35192095877292473,0.16799999952316283,0.1987649989873171,-5.882356034843122,-6.976749424421009,-12.568307167816878,-37.25490218994481,-49.20634995722657,1
HK.01772,492,30.15999984741211,30.15999984741211,0.0,0.16447242472549956,6694893.55,201917988.4464403,3.6195282565348985,36.72120010375976,55.689846935272215,-17.18835430055291,-38.97207413017643,-55.53426953097582,-44.10961361842091,-19.583248403212007,0
HK.01773,492,0.7599999904632568,0.7850000262260437,-3.1847178251670543,0.0701953899360778,8927995.35,6785276.380856001,8.39066712552328,0.9971000051498413,1.7408686512708664,-25.85365774232952,-33.91304293742476,-67.79660914212042,-68.43577581938806,-72.57718087895422,0
HK.01775,492,0.32499998807907104,0.33500000834465027,-2.985080601935728,0.0,73200.0,23789.999127388,0.8156031104917512,0.3363000029325485,0.38277500063180925,-5.797104579113893,-8.45070481655075,-30.851066190767963,-9.722229120907686,0.0,0
HK.01776,492,17.09000015258789,16.809999465942383,1.665679331000566,0.259917436042878,4031207.35,68893334.22661343,2.869884197929698,17.24914707183838,16.46052743911743,-5.386909617343181,0.5239877097086773,21.84105313764697,0.0764639734728315,-0.09033044932290075,2
HK.01777,492,0.032999999821186066,0.029999999329447746,10.000001862645192,0.7364901454249505,5576715.85,184031.6220528055,15.660221483341182,0.10012000076472759,0.2961049990169704,-55.40540622175827,-88.81355888540118,-91.6455698924423,-91.20000004768372,-93.19587652621682,2
HK.01778,492,0.14000000059604645,0.14399999380111694,-2.7777731786537547,2.1059349074664966,432550.0,60557.00025781989,2.854284632774041,0.15084000051021576,0.18072499997913838,-5.405406221758272,-2.097906251484906,-35.77981469517008,-17.64705933914052,-31.372547444129413,0
HK.01779,85,101.5,99.75,1.7543859649122806,0.024914729338837826,196830.8,19978326.2,9.707064397284919,110.81199996948243,,-11.585368204007345,-5.493483651820296,,-22.989379628359348,,1
HK.01780,492,6.054999828338623,5.980000019073486,1.2541774084602235,0.756440155193504,7775725.4,47082015.96220827,6.489914786378987,5.385400018692017,2.4790500059723852,17.916252355399024,98.524587639427,817.4241799597812,831.5384692976463,306.37582480426875,1
HK.01782,492,2.180000066757202,2.25,-3.1111081441243487,0.36363636363636365,11500.0,25070.000767707825,2.0775865108549967,2.4096999835968016,3.5277750027179717,-6.034477177329475,-31.874998928979053,-44.102563757711465,-42.4802087414443,-47.97135949913663,0
HK.01783,492,4.400000095367432,4.389999866485596,0.22779565343908764,0.6024530158653961,6071450.0,26714380.579018593,4.178953701093988,4.589538669586181,3.7999887537956236,0.11376824715853334,-5.149970452741707,43.19891703854799,34.05855709068636,13.381138905847138,2
HK.01785,492,1.9550000429153442,1.9550000429153442,0.0,0.0,11250.0,21993.750482797623,0.25000035762786865,1.9924000120162964,1.9393620240688323,-2.249997854232788,3.4391564927213896,4.365091158367925,2.8303131968397217,0.37025608057955234,0
HK.01786,492,0.6800000071525574,0.6800000071525574,0.0,0.0018303285439736432,236525.0,160837.00169175863,1.5864581239361335,0.7073000013828278,0.7738642954826355,-4.225348210765052,-1.449273985189887,-16.100445836301947,-20.761529265082647,-27.229978640702633,0
HK.01787,492,19.059999465942383,18.93000030517578,0.6867361789268308,0.12815578251219248,22755365.35,433717251.4183238,4.9326312086076465,22.85662353515625,29.050980854034425,-26.124030893134503,-2.431725643835092,-35.86206414070216,-45.91380288691255,-48.178626272155576,1
HK.01788,492,2.9000000953674316,2.9000000953674316,0.0,0.7251071850916736,12083374.9,35041788.36236043,0.40544449658166326,2.738600001335144,2.505627553462982,0.8695685345193614,41.46342257670479,25.07914955718615,10.865601543507395,-31.13290070451937,0
HK.01789,492,4.75,4.664999961853027,1.8220801466675471,0.36895755361947624,2764831.75,13132950.8125,2.8581995090480117,5.27609998703003,5.700018861293793,-4.904902726172127,-14.1048857181758,-16.36092818933894,-16.07201608280884,-11.485785660381516,1
HK.01790,492,0.5049999952316284,0.5049999952316284,0.0,0.0,7000.0,3534.999966621399,2.880366574342518,0.5011999952793121,0.520049988925457,7.446807768615783,-0.9803912402207475,-2.884612739438744,-11.40350849674679,12.222224135457784,0
HK.01792,492,1.5049999952316284,1.524999976158142,-1.3114741796192448,0.2843762447014929,852152.35,1282489.282686621,10.213532153976173,1.095396761894226,1.1140072453022003,63.58695303588154,55.15463410737439,49.00990192498219,50.49999952316284,115.00031420208762,0
HK.01793,492,2.5,2.130000114440918,17.370885712661078,0.901168155626491,3754675.0,9386687.5,14.533628910949897,1.1810017150640488,0.5141942791640759,153.80710291295458,548.4363713044878,854.3025939268072,1065.3925450985548,1203.5575622381089,2
HK.01795,492,0.49000000953674316,0.49000000953674316,0.0,0.0,10200.0,4998.00009727478,0.36082500199706274,0.4608000034093857,0.5281499993801116,-1.0101000370632516,-1.0101000370632516,-16.949147234288798,-18.333334989017843,-33.78378334839559,0
HK.01796,492,0.2849999964237213,0.29499998688697815,-3.389827426361236,1.1387038158691702,1929000.0,549764.9931013584,12.221355364364126,0.3363999992609024,1.3459600046277047,-24.000000953674316,-21.917811239116848,-88.22314101493014,-89.59854031270946,-91.09375024447218,0
HK.01797,492,25.139999389648438,26.100000381469727,-3.678164665862852,0.25628231994401757,6413428.2,161233581.03355408,5.580414278603827,23.928200073242188,24.045400018692018,-5.77211730851664,10.263158907410434,1.37096839938528,38.97180308233441,3.3717093137905385,0
HK.01798,492,1.0149999856948853,1.0,1.4999985694885254,0.2713730111016436,10035474.25,10186006.22019139,4.216648767039567,1.1166999924182892,1.554511316716671,-7.727276027695135,-19.4444449700586,-46.436859413408655,-49.78455175134048,-58.85957183873973,1
HK.01799,492,3.75,3.634999990463257,3.1636866530524297,1.117796787023873,1371138.45,5141769.1875,3.830672269122881,3.9426000118255615,5.468900010585785,-4.458597565409151,-7.862411748517265,-35.456109519237344,-50.0,-53.76078719174181,2
HK.01800,492,3.3350000381469727,3.325000047683716,0.30075158856683615,0.0577380145009155,8643131.1,28824842.548209284,1.5874662912900481,3.5905000257492063,4.2825490868091585,-5.120912130445278,-9.437159357599652,-28.721941151489883,-33.054531155956674,-30.657614285518825,2
HK.01801,492,99.3499984741211,97.30000305175781,2.106881149091851,0.6935709161483101,10575952.1,1050720824.9973778,3.412064542396091,97.37600021362304,87.45150001525879,-1.924979781728527,9.779003838807839,25.125940257998447,26.07867338389001,4.523929809893635,2
HK.01802,492,0.04500000178813934,0.04500000178813934,0.0,,0.0,0.0,0.0,0.04500000178813934,0.04500000178813934,0.0,0.0,0.0,0.0,-6.249997089616979,0
HK.01803,492,0.7350000143051147,0.7350000143051147,0.0,0.0,7687.5,5650.31260997057,0.8003500658746274,0.7634999942779541,0.8040249991416931,-3.2894705884013753,-8.124999580904847,-4.5454503231655545,-16.477270649114907,-39.25619907990136,0
HK.01808,492,1.7999999523162842,1.7999999523162842,0.0,0.0,14122.5,25420.499326586723,1.93321354532109,2.063400001525879,2.273049998879433,-17.431197376345793,-22.74678063279772,-30.769230063850333,-37.93103816818243,-42.6751626694224,0
HK.01809,492,6.304999828338623,6.329999923706055,-0.3949462190956034,1.4278869190225203,51725.0,326126.1161208153,2.0486407193748226,6.797599964141845,7.128746700286865,-11.818185395218302,-6.951006389589749,-12.154006000149217,-14.919940712791307,-4.987949371047061,0
HK.01810,492,24.260000228881836,23.8799991607666,1.5912943110130136,0.6962101410039063,112061877.0,2718621161.668928,3.1863116309464106,27.057999992370604,30.82660001754761,-11.781817349520598,4.209619902625267,-25.215779112556035,-39.77159641486633,-57.36379687468365,1
HK.01811,492,2.0199999809265137,2.0199999809265137,0.0,0.2546916011313438,4202775.15,8489605.722838426,2.55502431734326,2.0908901786804197,2.3531832981109617,-2.291765701196764,-5.844794772068117,-21.45604511230519,-14.315687021302717,-19.71063017794544,0
HK.01812,492,0.6150000095367432,0.6150000095367432,0.0,0.2909090909090909,588887.5,362165.81811606884,2.9977794958446395,0.6279000079631806,0.8175249999761581,0.8196713302251629,-0.8064508376086847,-46.982756273003666,-17.999998728434242,-25.903611818926258,0
HK.01813,492,0.09200000017881393,0.08500000089406967,8.235293189547063,6.70224803236434,578222.85,53196.5023033943,5.926758744685493,0.09648000046610833,0.14059499967843295,-6.122446341943493,-13.207545976233071,-39.8692798044656,-41.77215446542983,-64.61538324871002,1
HK.01815,492,1.6549999713897705,1.6200000047683716,2.160491760393744,1.2754864834895598,11676538.3,19324670.55243156,7.341730817968376,1.7963999938964843,1.526899999678135,-15.12820867078222,154.6153895530477,40.25424109797014,-34.84251983285919,18.214285683875183,5
HK.01816,492,3.0399999618530273,3.0399999618530273,0.0,0.18525664269401526,38255073.8,116295422.89268474,2.1795901505365887,2.9530000114440917,3.0453383362293245,0.0,13.432831571956816,-14.594649772452165,5.89109050262683,10.755357926479064,0
HK.01817,492,0.45500001311302185,0.32499998807907104,40.00000916994569,8.826868495742668,152250.0,69273.75199645758,10.072580520937594,0.2670199993252754,0.2676049996167421,82.00000524520874,113.6150301087407,62.50000399138245,49.18032866977484,24.657534582124093,1
HK.01818,492,17.540000915527344,17.540000915527344,0.0,0.2372183828587714,14514242.6,254579828.49218598,4.050231835179187,21.625799980163574,26.59423447608948,-19.83545892004138,-7.974808987435016,-40.31093445005484,-44.726798614132676,-40.990122339457535,0
HK.01820,492,2.799999952316284,2.799999952316284,0.0,0.0,900.0,2519.9999570846558,0.0,2.8299999761581422,2.5921513205766678,0.0,-9.385112294768087,14.508843146869532,14.966882554947745,11.835493978583749,0
HK.01822,492,0.11699999868869781,0.11699999868869781,0.0,1.1681432804557317,862017.5,100856.04636963457,4.185379602016863,0.13111728116869925,0.14052032053470612,-15.217390130658352,-9.999997707513579,-18.749997412992737,-19.310343410115422,-31.97674725855463,0
HK.01823,492,1.090000033378601,1.090000033378601,0.0,0.0,63800.0,69542.00212955475,2.9694709200422893,1.1835000038146972,1.346575001180172,-6.437762311608386,-16.79388694736482,-38.06817958608638,-2.6785688626827135,17.20430376295656,0
HK.01825,492,1.0,1.0,0.0,,0.0,0.0,0.0,1.0,0.9976000002026558,0.0,0.0,20.48193013344475,-17.355374506315925,-43.82022381611444,0
HK.01826,492,0.7599999904632568,0.6800000071525574,11.764703304297399,1.0863464010657602,6361603.2,4834818.371331024,12.621294622251305,0.357140000462532,0.19541812036186457,130.3030182616884,544.0677846241738,352.3809528033209,708.5106558365869,955.5555877494237,4
HK.01827,492,0.800000011920929,0.800000011920929,0.0,0.0,23250.0,18600.0002771616,0.32812468882184354,0.7627599716186524,0.7658349719643592,-1.234559452473166,-1.234559452473166,-5.437345933258013,-6.432742708207923,-11.111107431811954,0
HK.01828,310,33.91999816894531,33.279998779296875,1.9230751596258298,0.12977735738026833,1231157.4,41760856.75368347,3.321125589346586,31.9451997756958,32.848099861145016,2.663429869956235,20.88381616013735,9.419348932081654,-11.20419504846313,-27.92180794920957,1
HK.01830,492,1.2000000476837158,1.215000033378601,-1.2345666899427294,2.1264945727037303,244907.2,293888.6516780853,2.2182529438496355,1.2948849892616272,1.1886202442646026,-7.692300638503319,0.2506283136098564,10.803334161817759,-1.3157823791214334,-6.709158050413215,0
HK.01831,492,0.7549999952316284,0.7549999952316284,0.0,,0.0,0.0,0.0,0.7541999983787536,0.5039099989831448,0.0,-1.9480501384995235,67.77778116273299,264.7342932224553,128.78786825170462,0
HK.01832,492,1.5199999809265137,1.5199999809265137,0.0,0.0,7600.0,11551.999855041504,1.3150042069461434,1.2703999948501588,0.9598999965190887,16.923079744598674,46.153849680748344,130.3030182616884,149.18031889852185,137.5000023283065,0
HK.01833,492,5.980000019073486,6.010000228881836,-0.4991715252219078,0.3134290852028458,8171369.75,48864791.26085651,3.3367701490416715,6.742299995422363,10.394824991226196,-9.325243224917406,-21.31578823536055,-49.14966069144306,-58.984910491320186,-68.90275527079888,0
HK.01835,492,4.0,3.8499999046325684,3.8961064696895664,0.09166302924487124,92060.0,368240.0,6.175285506443745,4.265199975967407,2.3034000012278555,-11.11111111111111,8.69565020211481,222.58064268034778,273.8317573754617,90.47619912629806,2
HK.01836,492,12.050000190734863,12.100000381469727,-0.41322470378955484,0.1377064568836302,1017517.5,12261086.069076061,1.9823420506987055,12.53530662536621,13.066505918502807,2.1186440335509085,-2.837603685473626,-4.8847853487830095,-12.56140086211371,-12.041968388451169,0
HK.01837,492,1.3300000429153442,1.350000023841858,-1.4814800424667633,1.1184361180836486,1405179.15,1868888.329803747,3.1792688141873118,1.503399999141693,1.3744162610173225,-7.638889578757436,-24.858753827830533,-0.9947337572416939,29.256865495387668,48.50788948025595,0
HK.01841,492,0.4699999988079071,0.47999998927116394,-2.083331393077926,0.4359673024523161,169500.0,79664.99979794025,2.4138796286730093,0.43209999859333037,0.29287499986588955,1.0752677834782465,109.82142156275125,100.0,107.04845936433615,113.63636425211409,0
HK.01842,492,0.035999998450279236,0.035999998450279236,0.0,0.33143413007226236,5072400.0,182606.3921391964,13.250160424903882,0.03899999991059303,0.044375000055879354,-16.27907621467201,-7.692313570477667,-23.40425599371488,-33.33333793245704,-40.9836097610666,0
HK.01843,492,0.3499999940395355,0.3499999940395355,0.0,0.3026080031853474,695550.0,243442.49585419893,5.068339321046563,0.3149399995803833,0.2050600002333522,7.692309808449005,44.62809749423427,134.89931865692338,215.3153058819044,163.15788766070708,0
HK.01845,492,0.2750000059604645,0.28999999165534973,-5.1724090091395505,0.28400597907324365,203550.0,55976.251213252544,17.229642678851178,0.2116200026869774,0.20279000014066695,52.77777501830359,26.146794760150083,14.583338377997393,105.22387993311825,70.8074587624243,0
HK.01846,492,2.450000047683716,2.450000047683716,0.0,0.0,8431.55,20657.297902047634,0.8400366564029913,2.4742999792099,2.6663593745231626,4.4776126990375715,2.083331263727694,-11.413046242514948,-17.909423559077435,-25.31845261325404,0
HK.01847,492,0.4000000059604645,0.41499999165534973,-3.6144544569876715,0.0,29500.0,11800.000175833702,4.550511873607592,0.4272999984025955,0.4691999991238117,-9.090907243657693,-16.666663562258016,-18.367347311149377,-21.56862481563465,-39.393940899107136,0
HK.01848,492,3.440000057220459,3.424999952316284,0.43795927337255647,0.831519957021264,132425.4,455543.38357744215,1.9260030851720455,3.5370113849639893,3.768865605592728,-7.774797865150197,1.3855090961561933,-3.2235679261826142,-20.14397368522424,-17.50556141408916,1
HK.01849,492,0.05000000074505806,0.05000000074505806,0.0,,0.0,0.0,0.0,0.05000000074505806,0.05000000074505806,0.0,0.0,0.0,0.0,0.0,0
HK.01850,492,0.38999998569488525,0.38999998569488525,0.0,0.0,1186895.0,462889.03302133083,3.7220538522507214,0.4532000023126602,0.8783749970793724,-8.235300057486924,18.181809150811755,-64.54545661437605,-37.09677698460874,-44.28571538049349,0
HK.01851,492,9.069999694824219,9.199999809265137,-1.413044751479206,0.38176925664312145,1185100.0,10748856.638336182,12.382498854917253,6.5539000034332275,5.228675014972687,22.650435675698887,50.41458340367934,131.9692965658152,193.5275063676666,496.71051372616563,0
HK.01853,492,1.1950000524520874,1.1950000524520874,0.0,15.714285714285714,3125.0,3734.375163912773,0.0,1.2733999919891357,1.5096700084209442,-7.003884553082507,-5.158725278027287,-32.371246205980434,-22.95458823299742,-32.371246205980434,0
HK.01854,492,0.9399999976158142,0.949999988079071,-1.0526305882884401,0.0670465973851827,1496500.0,1406709.996432066,3.6700071225417608,1.1236999905109406,1.1754749903082848,-15.695068199473598,-14.545456614376054,-20.33897971189134,-30.882353843495913,1.0752677834782465,0
HK.01855,492,0.1509999930858612,0.1509999930858612,0.0,0.0,129200.0,19509.199106693268,3.863215248679314,0.17513999968767166,0.5350600013881922,-11.176475589663047,-24.500004582107,-60.779221603572445,-88.29457383324598,-96.24378124869892,0
HK.01856,492,1.5499999523162842,1.5499999523162842,0.0,0.9915748541801686,152350.0,236142.4927353859,2.188706194347741,1.5771000075340271,1.6844749945402144,-8.82353477412014,22.04724217283057,-6.060607593140567,-17.553193816614137,-8.82353477412014,0
HK.01857,492,1.274999976158142,1.2799999713897705,-0.39062463620211113,0.7514256960751425,139350.0,177671.2466776371,1.1954719381437473,1.3212625408172607,1.4114461588859557,-2.6717532939075133,-2.7014677006871635,-11.007067364200486,-16.2079526755387,-13.396136092636352,0
HK.01858,492,7.619999885559082,7.264999866485596,4.886442196800971,0.01126501821900062,555082.5,4229728.586475849,3.031879709183264,8.433699970245362,11.07004446029663,-6.215386023888221,-16.721309254184963,-36.60606298145567,-48.57907454485768,-49.51462917449049,1
HK.01860,492,12.390000343322754,12.75,-2.823526719037224,0.21746183270369793,12691724.05,157250465.33685768,6.08012797223748,11.153400039672851,13.363100013732911,19.825920314148064,12.5340607243663,-10.863304436314657,-21.082799402258797,-37.07465714949128,0
HK.01861,492,2.299999952316284,2.299999952316284,0.0,0.0,8400.0,19319.999599456787,0.0,2.3013999891281127,2.124200790524483,4.545450112051311,-14.81481808530281,23.27151483902625,19.497895479681862,50.13838960689695,0
HK.01862,492,0.01600000075995922,0.01600000075995922,0.0,,0.0,0.0,0.0,0.01600000075995922,0.015860000704415143,0.0,0.0,0.0,0.0,23.076926383393687,0
HK.01865,492,0.41999998688697815,0.4300000071525574,-2.3255860695907784,0.4066103911544406,13011800.0,5464955.829375982,6.294472175968186,0.4201999992132187,0.42192499950528145,-2.3255860695907784,-13.402067113599076,-25.000002660921634,68.67469490171428,58.490569644994714,0
HK.01866,492,10.420000076293945,10.739999771118164,-2.979513050686992,0.22573199212676465,5846469.2,60920209.5100502,5.399117671317559,10.145800018310547,9.97831521511078,-9.312443134366488,19.770118445256518,5.116164338595253,18.772093472229905,50.06239116054151,0
HK.01867,492,0.18299999833106995,0.18400000035762787,-0.5434793612034178,0.0,52000.0,9515.999913215637,1.4384015910738643,0.22064000189304353,0.22306499995291232,-20.087337722126534,-6.632651470877694,-16.43835569834361,-28.23529343016556,6.395344253631617,0
HK.01868,492,0.15299999713897705,0.15000000596046448,1.9999940395357594,2.127659574468085,20800.0,3182.3999404907227,1.1877604422911108,0.17830000162124635,0.29323500230908395,-14.044946924241325,-30.454546378171155,-53.636366345665564,-61.26582456120231,-58.64864995481324,1
HK.01869,492,0.05000000074505806,0.050999999046325684,-1.9607810195433113,0.14871424145409481,4469000.0,223450.00332966447,8.143157271592278,0.052199999988079074,0.09404500000178814,-9.090907243657693,-50.98039050977165,-49.494948468698716,-56.1403502465652,-57.62711826950543,0
HK.01870,492,0.16899999976158142,0.1889999955892563,-10.58200862138632,0.5826593263472076,3429432.45,579574.0832323596,9.228323441403422,0.20095999866724015,0.38391999892890455,-11.052630588288439,-48.787880895113624,-59.76190356237814,-68.1132058708554,-40.70175372552563,0
HK.01871,492,0.5149999856948853,0.4699999988079071,9.5744653193861,0.6357443815317246,1581402.1,814422.0588778616,7.472213698462313,0.3413000041246414,0.3356450006365776,74.5762740973255,49.27535868822788,47.14285556150939,98.07692484037418,130.94169255938263,1
HK.01872,492,3.9649999141693115,3.880000114440918,2.1907164232298344,1.4570246904636512,639765.5,2536670.1525884867,5.5379530554893694,4.146400022506714,5.614250003099442,-5.482723434573227,-12.27876259069005,-29.57371521185036,-43.11334241718409,-2.0987721620360875,1
HK.01873,492,1.8250000476837158,1.4800000190734863,23.310812443516546,4.936621866351106,5809150.2,10601699.392001867,6.608299301796045,1.4315000033378602,1.6829250049591065,37.73584769857703,40.38462420187085,-6.410256253505212,3.6931850893561684,-26.4112889658152,1
HK.01875,492,3.755000114440918,3.7249999046325684,0.8053747805748954,0.6418751408609421,443100.0,1663840.5507087708,3.948162025601174,3.7527999973297117,3.872749987244606,-1.8300635913766152,2.5956291361306865,-28.476188296363468,50.20000457763671,64.69298954210352,2
HK.01876,492,5.670000076293945,5.610000133514404,1.069517671151174,0.8002846586442421,16886783.55,95748064.01685934,2.7246214708856167,6.168900003433228,6.84568494796753,-6.125825958541378,-8.988763098957794,-15.267230784480148,-22.46460639001056,-25.988946192341878,1
HK.01877,492,18.540000915527344,17.899999618530273,3.5754263164035716,0.2272871029550047,1920124.6,35599111.841926575,4.74554413878576,18.41759994506836,20.876349954605104,4.983018548803608,-3.3368059409036177,-12.547168640022688,-16.78635393112845,-37.491567731262165,1
HK.01878,492,1.9550000429153442,1.7300000190734863,13.005781581572368,0.15434200372236598,214402.5,419156.8967011571,4.425953491707474,1.7539999985694885,1.9204999941587448,10.451981015954109,11.7142881665911,-2.736315811386468,0.25641000560833843,-14.628817664547345,1
HK.01879,111,281.6000061035156,283.0,-0.49469748992380747,0.0458756327773679,490731.8,138190077.87518921,9.657086759953451,308.7720016479492,,-16.439167328333642,-13.353844275841345,,-68.21670360005467,,0
HK.01880,492,45.040000915527344,45.599998474121094,-1.2280648625713435,0.2830770494466515,476054.55,21441497.367840957,2.621972111344981,48.763799896240236,62.81030670166015,-10.368157382035136,-6.166664759318033,-29.08292552544526,-43.51270735709038,-26.883489399685523,0
HK.01882,492,17.600000381469727,17.579999923706055,0.11376824715853334,0.7624087605349805,2468866.3,43452047.82179775,2.1481565551413633,18.794599990844727,20.772222929000854,-3.2967052544937445,-10.659900000716465,-11.9999897003164,-17.771781105295336,-16.11365127070859,1
HK.01883,492,2.380000114440918,2.3550000190734863,1.0615751662400106,0.8946731377581972,2727138.35,6490589.585096217,1.148075070770034,2.4654580688476564,2.493653837442398,-0.41840962444885654,-3.187249759579109,-6.638849735543063,2.359810621239608,4.4573534308350835,1
HK.01884,492,0.1120000034570694,0.1120000034570694,0.0,5.853658536585366,53000.0,5936.000183224678,0.3544186433298049,0.11670000150799752,0.11217500038444995,-3.448270103593903,3.703704214717449,6.666673289405183,-7.438013170286715,-11.811023714434626,0
HK.01888,492,55.099998474121094,55.29999923706055,-0.36166503742990663,0.21480832893452412,62504752.55,3444011770.1303163,6.690166390167188,42.55019996643066,36.69473345279694,15.56207659700844,-25.38930316507789,177.35199278169523,313.5516503511069,380.6415060404487,0
HK.01889,492,0.1899999976158142,0.1899999976158142,0.0,0.0,9290.0,1765.099977850914,1.0648038175360188,0.1764799991250038,0.29863000072538853,9.826592682254775,27.516773556660063,-42.4242454345779,-62.00000047683716,-54.76190391716771,0
HK.01890,492,0.8399999737739563,0.8500000238418579,-1.1764764455773846,0.3761242845461979,216000.0,181439.99433517456,2.0842074355950277,0.8541999971866607,1.0021308892965317,0.5988018395350123,12.159086495699505,-28.218182814653268,-29.900569545458932,-36.91051510142497,0
HK.01891,492,0.20900000631809235,0.20900000631809235,0.0,0.2932151380838732,595200.0,124396.80376052856,4.4426658067473666,0.17960000038146973,0.16360500030219555,11.76470541361558,20.114949616089557,35.71429055232509,51.4492837346371,60.769241526282435,0
HK.01894,492,0.5149999856948853,0.5299999713897705,-2.830186132944906,0.3986970416268483,2471850.0,1273002.714639902,5.565450604126485,0.556900002360344,0.48919272974133493,-16.935486817086996,7.2916660845900445,-23.13433240797866,10.739348234409015,-7.1218573164761825,0
HK.01895,492,0.2709999978542328,0.2709999978542328,0.0,,0.0,0.0,0.0,0.27096399188041687,0.35538542211055757,0.0,0.03692011843921189,-37.61138972024904,-39.56102964478579,-44.21018235152898,0
HK.01896,492,3.7100000381469727,3.6050000190734863,2.912621872897304,0.8526584417252285,2970586.95,11020877.6978189,2.8948861566562583,4.271399993896484,5.429228284358978,-15.681819142388884,-26.242547049747955,-34.30093593144846,-43.303430111457196,-52.33597075919785,1
HK.01897,492,0.45500001311302185,0.45500001311302185,0.0,0.0,12262.0,5579.210160791874,0.0,0.46549999713897705,0.4672017194330692,2.2471956014182424,2.5252590032049076,-7.7272693756955695,-1.8375228845671376,2.07160210702268,0
HK.01898,492,10.220000267028809,10.1899995803833,0.2944130312160359,0.15927685081246393,12516405.5,127917667.55224085,3.091299735867919,10.885580234527588,11.401780209541322,-7.511311397098328,1.3984089175404928,-24.22503067534983,5.784855648094249,12.347745590566369,2
HK.01899,492,0.9900000095367432,0.9649999737739563,2.590677351525289,1.7097195541834302,181762.7,179945.0747334242,2.1142705536325193,1.0726999819278717,1.1630352553725243,-5.714280524221172,-13.913040864219683,-19.512195594722538,-9.432923155979504,-8.736259841676013,1
HK.01900,492,0.15299999713897705,0.16200000047683716,-5.555557599610584,0.5398920215956808,83300.0,12744.899761676788,2.5875701061176155,0.17602000057697295,0.2348949985206127,-14.044946924241325,-22.7272737535235,-49.836067688205574,-38.55421751638096,-48.135591884756536,0
HK.01901,492,0.14000000059604645,0.14000000059604645,0.0,0.0,164200.0,22988.000097870827,2.3027638190759534,0.1615600010752678,0.2851099988073111,-11.392408764108122,-26.701570231318293,-61.11111249084821,-67.05882431314065,-62.66666650772095,0
HK.01903,492,2.049999952316284,2.130000114440918,-3.7558759542899,0.06535947712418301,57300.0,117464.99726772308,3.790929482952378,2.347599995136261,2.425449993610382,-13.502107539862179,-23.5074663711937,-12.017166547559698,10.215050352144878,33.9869274934805,0
HK.01905,492,1.2000000476837158,1.2000000476837158,0.0,0.0,4082701.35,4899241.814678371,4.3196195773061925,0.9368207585811615,0.77065604865551,20.922178569991356,72.2726754647325,71.38132891767624,73.60707140197516,59.13980058536422,0
HK.01906,492,1.440000057220459,1.4700000286102295,-2.040814340536656,1.228147758378442,9260650.0,13335336.529898643,8.755385470507985,0.8109000015258789,0.5917749986052513,67.44186433345443,196.90721953557536,144.06781715759175,200.0000186264519,193.87755697839003,0
HK.01907,492,1.6950000524520874,1.659999966621399,2.1084389478587893,0.4808212110873909,10301957.1,17461817.824859153,4.329247620323915,1.837589635848999,2.385738207101822,-10.27061264939867,-8.099743321316042,-50.26892230108343,-26.57729029973992,-26.891055690595035,1
HK.01908,492,13.34000015258789,13.210000038146973,0.9841038157873744,0.11094188914604257,7999802.2,106717362.56867294,4.822653054836317,13.96840003967285,14.218245434761048,8.897960429288904,-10.107816607659675,10.522299890338966,-8.017851686127383,-20.87888443105271,1
HK.01909,492,1.7450000047683716,1.7450000047683716,0.0,0.0,23535.0,41068.575112223625,1.0563480022762999,1.8062999963760376,2.0454749941825865,-6.68449196156463,-29.63709712307609,-25.74467763473339,14.052290026078007,-18.837212680674146,0
HK.01910,492,13.050000190734863,12.949999809265137,0.772203729286396,0.7202713141940809,2717238.2,35459959.02827206,2.4796211884066968,12.971599979400635,15.09760682106018,1.8735344516510588,-5.912038223431936,-8.008727795475352,-30.86856166633441,-22.324219448466824,2
HK.01911,492,3.4000000953674316,3.369999885559082,0.8902139711311171,0.17426816464538744,538220.0,1829948.051328659,7.0750259116948655,3.379599995613098,3.681349992752075,-10.526312157057612,16.438356388082727,-0.2932548449136124,-24.444442325168186,-53.48837042432832,1
HK.01912,492,3.0950000286102295,3.0999999046325684,-0.161286328263016,2.0401965441250907,648220.0,2006240.918545723,10.703989755660123,2.5308000016212464,1.2431749998033046,-5.640242207110587,66.39784972079711,759.7221960072175,335.9155101616268,240.10988345196296,0
HK.01913,492,36.400001525878906,36.880001068115234,-1.3015171592587447,1.0322516564459927,1421293.6,51735089.20872193,3.369139972279709,40.23400016784668,39.23354900360108,-8.908903003396379,-6.9053633084646275,-1.977514303700307,-15.13489774253774,-19.25351036667986,0
HK.01915,492,0.26499998569488525,0.26499998569488525,0.0,,0.0,0.0,0.0,0.26499998569488525,0.26499998569488525,0.0,0.0,0.0,0.0,0.0,0
HK.01916,492,0.5799999833106995,0.5799999833106995,0.0,1.710445937690898,347500.0,201549.99420046806,1.9197775344246537,0.5949999928474426,0.6172044515609741,-1.694913713180618,3.1723412708131815,-6.206959768923388,-7.6068554930177115,-14.023044383060848,0
HK.01917,492,0.07900000363588333,0.07800000160932541,1.282053853750646,0.0,126000.0,9954.0004581213,2.3919863414037223,0.07940000042319298,0.10215499993413686,1.282053853750646,-7.05882022950067,-34.71074044301399,-33.613443852363304,49.05661239387228,2
HK.01918,492,0.625,0.5899999737739563,5.932208098614778,0.22675149580503426,297451308.9,185907068.0625,7.0601220570760805,0.5899000000953675,0.91717499345541,1.6260146842582102,0.8064508376086847,-41.03773266618113,-51.17187390860634,-60.937500582076595,1
HK.01919,492,16.389999389648438,16.56999969482422,-1.086302404893863,0.22051092052562551,14737460.75,241546972.6974678,2.7752811737741663,16.064615535736085,14.276136932373047,3.7615224268547243,22.51089246850164,16.850340828452094,25.677173987919133,41.794852332093555,0
HK.01920,492,0.3449999988079071,0.35499998927116394,-2.816898807176702,0.6481721545242416,394200.0,135998.99953007698,4.103109636621611,0.40349999845027923,0.6331249976158142,-14.814815359896155,-33.65384394953229,-70.25861993662382,-14.814815359896155,-18.82353196919576,0
HK.01921,492,3.119999885559082,2.984999895095825,4.52261290477945,0.22794846382556988,788600.0,2460431.909751892,5.563258235528853,3.5143000221252443,4.799624999761582,-7.418397878032125,0.6451606948963502,-52.65554152781227,-58.00807594020192,-49.432741540043345,1
HK.01925,492,1.2450000047683716,1.2450000047683716,0.0,0.0,13600.0,16932.000064849854,0.3226900285279607,1.2699999928474426,1.2335499948263169,-2.734372453414778,-1.1904750641601431,3.74999627470985,11.160714238197828,27.06123171500995,0
HK.01927,492,0.33500000834465027,0.3400000035762787,-1.4705868173635692,0.255863539445629,673500.0,225622.50562012196,4.96381153117346,0.2833999985456467,0.20048500016331672,19.642859613712943,47.5770974270749,146.3235221609838,146.3235221609838,142.75363531653036,0
HK.01928,492,11.430000305175781,11.529999732971191,-0.8672977459787077,0.8262892989842457,22061075.5,252158099.69750595,2.3864212477574984,13.166512451171876,15.042822642326355,-16.11682394905653,-11.034896086098499,-26.701203606734875,-38.514124762743855,-41.66724503514063,0
HK.01929,492,10.90999984741211,10.90999984741211,0.0,0.6334010904736347,12383702.8,135106195.65839693,2.6524907883757574,12.018496704101562,11.81170343875885,-8.855475321387042,-3.592935733281264,5.96660559364643,-9.15934731420904,-26.664434113043285,0
HK.01930,492,0.3050000071525574,0.3050000071525574,0.0,0.0,92400.0,28182.0006608963,4.2350310510536415,0.3329000037908554,0.3675063493847847,-1.6129016752173695,-16.438356388082727,-22.26438535090968,-19.2357221717593,-13.627100666045392,0
HK.01931,492,0.39500001072883606,0.4000000059604645,-1.2499987892806712,8.143250688705233,369350.0,145893.2539626956,4.486654227909285,0.538099993467331,1.105525000691414,-28.181817787737895,-40.15151590409902,-64.73214204936308,-84.19999957084656,-96.08134907025268,0
HK.01932,492,0.17599999904632568,0.17599999904632568,0.0,0.0,118200.0,20803.199887275696,2.1652238186329256,0.1455000025033951,0.2049399994313717,32.3308250459163,0.0,-28.163267093517007,22.222226821346243,22.222226821346243,0
HK.01933,492,0.21799999475479126,0.21799999475479126,0.0,0.0,191400.0,41725.19899606705,2.5056954970768883,0.2303399983048439,0.20203999906778336,7.920785724924132,30.53892236940961,-5.217395304281382,68.99225289743853,31.32530304340071,0
HK.01935,492,0.7799999713897705,0.7699999809265137,1.2987000923330156,0.0,11600.0,9047.999668121338,0.5374300525011245,0.7675999975204468,0.9366499999165535,-13.333334216365131,-3.703707519273088,-30.357145708130318,-14.285719899966379,-13.333334216365131,1
HK.01936,492,2.549999952316284,2.8499999046325684,-10.526314468595086,1.2693037812323638,2072800.0,5285639.901161194,9.462321630089782,1.0601000010967254,0.8418249991536141,193.10344118850838,207.22891609525797,214.81480800129808,264.2857136775036,292.3076993614967,0
HK.01937,492,0.13899999856948853,0.14399999380111694,-3.4722190603244565,0.7087827426810478,141000.0,19598.999798297882,2.10724018997894,0.14942000120878218,0.17044500026851891,-10.322582257773934,8.593743724486856,-23.626372861611685,-20.114941052203562,-45.49019562011038,0
HK.01938,492,0.18299999833106995,0.1899999976158142,-3.6842101960961466,0.26047425973706845,398750.0,72971.24933451414,4.649254256966291,0.2264199995994568,0.28841000065207484,-17.937222277943803,-26.80000066757202,-49.86301546585356,-34.642858017159966,-56.94117807104509,0
HK.01939,492,0.7200000286102295,0.699999988079071,2.857148695965302,0.05834127611365695,2937170.0,2114762.4840331078,10.643160853719987,0.4822999995946884,0.6541999997198582,44.0000057220459,60.00001059638157,28.57143313300851,-27.27272508339232,-89.36484445142209,1
HK.01940,492,1.2400000095367432,1.2400000095367432,0.0,0.4362050163576881,84500.0,104780.0008058548,1.9108421755119696,1.2114000082015992,1.222950007915497,-3.124997089616889,25.252525009265813,-6.060609070941536,37.777782487280696,87.87878185811692,0
HK.01941,492,0.7049999833106995,0.7099999785423279,-0.7042247017941755,0.4330175913396482,146400.0,103211.9975566864,2.8315949801302653,0.6238999944925309,0.4103149970620871,7.633589939681917,35.57692484037417,134.9999850988394,213.3333342163651,217.56755595721566,0
HK.01942,492,0.06300000101327896,0.061000000685453415,3.2786890251666563,0.6202720898263951,2265610.6,142733.47009569555,4.843016291425584,0.07295999981462956,0.1669103549234569,-18.181816422531135,-20.253166944585885,-69.71153859930807,-80.3124992433004,-84.63414596029153,1
HK.01943,492,1.1699999570846558,1.1699999570846558,0.0,0.919629057187017,1954500.0,2286764.9161219597,5.144273603189797,1.1305999958515167,0.777249998897314,-6.024100192487095,62.49998758236617,74.6268549165157,143.74999650754026,55.9999942779541,0
HK.01945,492,1.25,1.409999966621399,-11.347515631846871,2.5167336010709507,16720.0,20900.0,3.309619526359322,1.4145999979972839,1.5689999985694885,-11.347515631846871,-16.666666666666664,-27.325582604204513,-19.354836228734793,-7.407409042651405,0
HK.01947,492,0.5299999713897705,0.5350000262260437,-0.934589643208842,0.07421150278293136,135250.0,71682.49613046646,1.6517794690056098,0.5456000041961669,0.45277500137686727,-4.504510890198043,7.070700259442761,53.62318064379754,39.47367843168257,49.295771100695504,0
HK.01948,492,3.5999999046325684,3.6649999618530273,-1.7735350040111568,2.380952380952381,2350.0,8459.999775886536,1.3360214528364633,3.8647000122070314,4.242897199392319,-11.001240130237251,-15.09433728853283,-14.846862458524521,-13.22489951853722,-22.45629110082684,0
HK.01949,492,0.5899999737739563,0.6850000023841858,-13.868617267091372,1.4052697616060226,74370.0,43878.29804956913,1.8822783247254147,0.6092000019550323,0.6651500006020069,-1.666674945089223,-1.666674945089223,-25.316461044480075,-21.33333683013916,-38.2198969544897,0
HK.01950,492,0.10000000149011612,0.0989999994635582,1.010103062602563,0.0,328080.0,32808.0004888773,4.427186831337386,0.10524000018835068,0.12493500020354986,-7.407408429434898,-3.846154397232281,-38.65030677650864,-45.9459458370989,-57.805907159731206,2
HK.01951,492,2.2300000190734863,2.1700000762939453,2.764974224425488,0.5866422609455805,9061831.8,20207885.086840726,3.177602676804383,2.1682000064849856,2.269230618476868,1.3636350336153933,4.205603259694305,0.36751604160467444,-5.069067081847283,-18.92018968586367,2
HK.01952,492,29.84000015258789,28.420000076293945,4.996481606199621,0.13803670459514428,5231440.25,156106177.85825443,5.680433627678984,29.176800193786622,33.47050004959107,-4.664533929904875,4.18994688726557,-13.9561710207527,-21.266493532427646,-45.44789810532288,1
HK.01953,492,1.190000057220459,1.1799999475479126,0.8474669590729236,0.6921140939597316,997000.0,1186430.0570487976,4.389773575200144,1.198400011062622,0.8151389651745558,-10.526314374246708,-4.0322541880434235,128.84617324411587,681.1096768842372,662.5118576224068,1
HK.01955,492,0.6000000238418579,0.6299999952316284,-4.761900256640573,0.27149321266968324,131000.0,78600.00312328339,3.9912409861213223,0.5942820680141448,0.5568537598848343,-2.24983098689476,17.875214919660475,27.907144439547526,-1.4485974263125774,-1.4485974263125774,0
HK.01956,71,68.0,67.0999984741211,1.341283973688935,0.14542138606258398,261602.5,17788970.0,9.298642112947771,78.57900039672852,,-24.360401728774946,-13.869534352763502,,-39.12264829200596,,1
HK.01957,492,0.2750000059604645,0.27000001072883606,1.851850012202395,0.0,209950.0,57736.25125139952,1.3592472654603722,0.28079999923706056,0.24316999912261963,-6.779654852722472,7.843141608951449,45.502652051964844,22.222228109100875,13.168726399596158,1
HK.01958,492,0.7099999785423279,0.7049999833106995,0.7092191985804456,0.4089056766705719,6369533.1,4522368.364324647,5.4606714759928865,0.7778999996185303,1.2933749994635582,-5.333336194356283,-17.441864333454436,-51.70068267185154,-63.95939247558237,-66.0287077655444,2
HK.01959,492,4.494999885559082,4.400000095367432,2.1590860939223964,0.2775368603642671,222500.0,1000137.4745368958,4.606788123636996,4.220999975204467,3.4036999946832656,2.978238745877789,127.02019405345537,4.292342116836169,34.984984640974545,1933.9365921206302,1
HK.01960,492,0.4350000023841858,0.4449999928474426,-2.2471889042670363,0.578220366206232,424950.0,184853.25101315975,6.907493403134865,0.3628999984264374,0.38570999935269357,20.833329194122054,22.53521564247555,7.4074076799480775,61.11110559216274,64.15095315704453,0
HK.01961,492,0.0989999994635582,0.0989999994635582,0.0,,0.0,0.0,0.0,0.0989999994635582,0.1835599984228611,0.0,0.0,-81.32075380986163,-63.33333498901784,-59.2592595999351,0
HK.01962,492,0.4699999988079071,0.4699999988079071,0.0,0.0,126800.0,59595.99984884262,0.7835806151580917,0.4583367937803268,0.4281558431684971,-5.050506205987388,14.611786728794568,17.74445649055201,15.212322543419997,9.334142251286327,0
HK.01963,492,8.109999656677246,8.154999732971191,-0.5518096599317729,0.6599530648469291,1103707.75,8951069.473572016,2.182547544050524,8.307299938201904,7.8038187193870545,-4.475855414432721,13.212217484532246,7.882885754423062,6.930578656324787,17.158202853901543,0
HK.01965,492,0.12399999797344208,0.12200000137090683,1.6393414590667243,5.375796178343949,47300.0,5865.19990414381,2.4931461581707746,0.1370599991083145,0.13977000057697297,-4.615382675588413,-5.343511016223952,-15.646259813605734,-11.428573253203405,-13.888886589326876,1
HK.01966,492,0.04800000041723251,0.04899999871850014,-2.0408129131033443,0.13849903973999114,542120.0,26021.76022619009,4.827729790760451,0.046460000202059745,0.06164500035345554,-7.692308794464562,-11.111112644152346,-27.2727262464765,-38.46153919630971,-52.00000029802322,0
HK.01967,492,0.26499998569488525,0.25999999046325684,1.9230751596258298,0.742467718794835,57830.0,15324.949172735214,2.2970299637533245,0.28419999599456786,0.3577749963104725,-10.169492381566323,-17.187502619344798,-30.263160784158714,-35.36585658380918,-44.21052862732697,1
HK.01968,492,0.18199999630451202,0.18700000643730164,-2.6738021180047618,0.625,118800.0,21621.59956097603,3.1164370762612412,0.16745999932289124,0.17260999970138072,11.656437735773162,7.05882022950067,1.6759726774314094,8.982036515876429,15.189865777325167,0
HK.01969,492,1.0299999713897705,1.0199999809265137,0.9803912402207475,1.3246940244780419,66150.0,68134.49810743332,3.3077329831591027,1.0332000052928925,1.7591000038385392,5.641020123383446,11.956516598370758,-27.464788555034776,-71.38888892568188,-76.48401953246879,2
HK.01970,492,8.479999542236328,8.520000457763672,-0.4694942884761673,1.278745644599303,274815.0,2330431.0741996765,2.275140173044684,8.481600036621094,8.18100001335144,-0.23529950310202208,3.794363072796983,9.137703514191674,4.049079008000802,4.433493371317446,0
HK.01971,492,0.3449999988079071,0.33000001311302185,4.545450029951333,1.213307240704501,26800.0,9245.99996805191,3.519012256302497,0.3208999991416931,0.3497750011086464,11.290321340173895,14.999995032946467,6.153849680748341,-10.389608479527276,-8.000000317891438,1
HK.01972,492,23.760000228881836,23.760000228881836,0.0,1.5114619877773625,2333643.25,55447364.15412855,1.9402862314625118,24.058104782104493,22.89356095314026,-2.7027020694107753,13.933393173041694,4.157867056416449,18.03902264302554,15.207821242897012,0
HK.01973,492,2.9000000953674316,2.9000000953674316,0.0,0.0,24620.0,71398.00234794617,4.485778174331278,2.038700008392334,2.467725004553795,53.43915964640632,19.834710906644744,12.840473567960103,-18.309855371258365,-3.3333301544189453,0
HK.01975,492,0.5149999856948853,0.5350000262260437,-3.738325149671712,0.5975395430579965,351600.0,181073.99497032166,3.3604743774374786,0.4525,0.40924242094159125,11.956516598370758,24.09638459043242,37.33332951863606,45.7007420812862,57.90257016899258,0
HK.01977,492,0.9150000214576721,0.9049999713897705,1.1049779429876614,2.304,69700.0,63775.50149559975,0.509111999805621,0.9082813513278961,0.9127817660570144,-2.6585041225941497,1.4400899848089181,7.844436635579359,9.02953881980376,7.844436635579359,1
HK.01978,492,0.20999999344348907,0.20999999344348907,0.0,0.0,60500.0,12704.999603331089,3.9672242134591693,0.23763999730348587,0.30073500029742717,-4.545457008456409,-23.636367675686586,-34.37500058207662,-41.66667080587794,-46.15384585993764,0
HK.01979,492,1.4500000476837158,1.4249999523162842,1.7543927160695634,1.278688524590164,234800.0,340460.0111961365,2.4643651076332103,1.59978746175766,2.1210555589199065,-9.323599344424345,-25.04387929849816,-32.68729048275959,-29.275124041271965,-25.87685100192086,1
HK.01980,492,0.6299999952316284,0.6349999904632568,-0.787400835704065,1.5731292517006803,119500.0,75284.9994301796,3.0085970075526323,0.577255722284317,0.5998931768536567,6.696838891765303,33.371045248872775,3.7023468322924815,5.2273773970394775,10.084035363884187,0
HK.01981,492,0.6800000071525574,0.6700000166893005,1.4925358528601556,0.17672607458439418,280300.0,190604.00200486183,1.7773948086219227,0.669500002861023,0.7529898729920387,0.7407400212333817,1.4925358528601556,-5.703315544937547,-21.584857147197198,-53.14818847028487,2
HK.01982,492,0.7350000143051147,0.7300000190734863,0.6849308357518121,0.14067479942850863,436050.0,320496.7562377453,1.2448849117968075,0.7799000060558319,0.9341249921917916,-6.369428057385982,-4.5454503231655545,-24.226804883893845,-29.999995458693522,-8.845662126784786,1
HK.01983,492,2.0799999237060547,2.0799999237060547,0.0,0.0,2850.0,5927.999782562256,0.19230751596258297,2.155199966430664,2.0945526969432833,3.482583759946414,-11.11111111111111,13.570634197105145,2.5799272311333357,-4.872454000406717,0
HK.01985,492,2.3550000190734863,2.365000009536743,-0.42283257602251073,2.0175953079178885,185700.0,437323.5035419464,2.6317655302191816,2.7485000109672546,2.0128250026702883,-14.051094493548907,-31.936416384124577,93.0327839218331,88.4000015258789,61.30136695492452,0
HK.01986,492,0.9549999833106995,0.9700000286102295,-1.546396377020874,0.18296973961998592,622175.0,594177.1146163344,5.2962241722643935,0.9390437495708466,0.8670334666967392,1.0582000570312384,16.88659843301945,12.096328631099974,21.90475791937227,23.447850770728458,0
HK.01987,492,0.20800000429153442,0.20800000429153442,0.0,0.0,33600.0,6988.800144195557,0.8097799915157744,0.23043999969959258,0.20744189493358134,-15.447155062508855,0.9708757528160663,19.55800012796347,12.31206218379997,1.5424161906342901,0
HK.01988,492,3.434999942779541,3.380000114440918,1.627213801077652,0.29542618677009924,30529255.0,104867989.17810202,2.708690497024204,3.403640856742859,3.487825866937637,0.9054391765209984,10.248534967597916,-5.062305968242726,-8.410244393673675,-10.66060299020936,1
HK.01989,135,130.1999969482422,126.19999694824219,3.1695721844117806,0.28116962801831086,2287633.45,297849868.2086968,8.286257597947586,121.29899932861328,,2.2780784186668805,-14.846303371084781,29.47452787201109,36.217992542385595,,2
HK.01991,492,0.6650000214576721,0.6650000214576721,0.0,0.0,158870.0,105648.55340898037,5.142828159741937,0.7417999994754791,0.7117249962687492,-11.333330472310383,14.655179412555103,16.666671895144344,-20.833328307147852,-55.36912636232615,0
HK.01993,492,0.49000000953674316,0.4449999928474426,10.112363463504076,0.8080808080808081,15575.0,7631.750148534775,4.58767988469992,0.4875999969244003,0.5715249963104725,0.0,-10.909091106131052,-18.333334989017843,-5.769225478877488,-30.98591206400565,1
HK.01995,492,1.7200000286102295,1.7000000476837158,1.1764694332664312,0.5531724109148695,2689898.3,4626625.152958607,2.442011111369785,1.6977045798301698,1.655564619898796,-2.352290677166591,5.879632598913729,14.129314651709723,12.127044106389002,6.520694798373472,1
HK.01996,492,0.026000000536441803,0.024000000208616257,8.333334626836898,2.999307718933887,451350.0,11735.100242123008,6.5748938312164205,0.02514000004157424,0.027195000206120312,-16.129029156886276,18.181821260570512,-3.703704214717449,-23.529414342761314,-47.99999970197678,1
HK.01997,492,29.84000015258789,29.459999084472656,1.2898882550051394,1.6320784221866291,3865471.5,115345670.14982414,2.3100450549694935,30.24931629180908,25.3324582195282,-4.603582168949255,39.8600912229328,36.36846930109647,25.238555381568133,41.24313973675729,1
HK.01999,492,2.7100000381469727,2.744999885559082,-1.2750400317405062,0.14137260510164962,13152351.2,35642872.25372238,3.3365813883077,2.9992999839782715,3.799595321416855,-11.437905594032367,-11.147538343766296,-35.86282118487078,-39.87139274029909,-33.010452585470205,0
HK.02000,492,0.3100000023841858,0.30000001192092896,3.3333300219643105,2.4367140453694534,258787.8,80224.21861699819,6.228603957206145,0.26949999809265135,0.2936249989271164,21.568630659227384,8.77193202602569,8.77193202602569,-12.676053027315803,0.0,2
HK.02001,492,0.49000000953674316,0.4650000035762787,5.376345326492771,1.7129892357911078,813187.05,398461.6622551561,3.530321976074303,0.5258000004291534,0.7112999978661537,-1.0101000370632516,-16.949147234288798,-38.749999720603235,-49.48453658926256,-59.50413271993423,1
HK.02002,492,1.6050000190734863,1.5,7.000001271565755,0.29865223440564637,301150.6,483346.7187439918,3.1954752937189697,1.138600001335144,1.1475499936938285,43.30357252144996,100.62499939464034,44.5945944494652,12.237767688429255,-9.322031843562929,1
HK.02003,492,1.2200000286102295,1.2200000286102295,0.0,0.08815141301529686,38220.0,46628.40109348297,3.6425179770678757,0.9833000040054322,1.4426250013709068,34.065933346158154,34.065933346158154,-21.290318313423843,-53.787879540462654,-64.1837310787064,0
HK.02005,492,2.755000114440918,2.7049999237060547,1.8484359388209977,0.21770761530845809,4559409.65,12561174.107533026,2.909040594034325,2.569312262535095,2.514052400588989,2.642190953977552,18.666497289433686,19.201688729824582,-0.3873883364197621,-4.718372166467533,1
HK.02007,492,0.1860000044107437,0.18000000715255737,3.333331677648822,0.1265342411268267,325600245.9,60561647.173539236,5.394781526170307,0.18228000074625014,0.26025500044226646,-6.999999180436147,1.0869587224068356,-42.769227312866626,-52.911392567421714,-68.47457412226852,1
HK.02008,492,1.2100000381469727,1.2100000381469727,0.0,0.6410256410256411,28980.0,35065.80110549927,1.5048396032835987,1.2988999915122985,1.5939249950647354,-14.48762750760749,-8.333334085917201,-37.94871750981459,-33.51648333653954,-47.39130159857587,0
HK.02009,492,0.6200000047683716,0.6050000190734863,2.4793364003288203,0.28533869563857867,8139859.05,5046712.649813873,2.5875178338112454,0.6008000051975251,0.6658473333716393,1.6393426604503258,8.77193202602569,-7.4676272880400765,-8.718057624508296,-18.616100171164888,1
HK.02011,492,1.1050000190734863,1.2200000286102295,-9.426230068842385,0.15873015873015872,12700.0,14033.500242233276,0.5536201658462835,1.270500018596649,1.3514250099658967,-8.677687253157963,-14.999995415027156,-8.677687253157963,-25.838925369064757,-19.34306458193694,0
HK.02012,492,0.16500000655651093,0.16500000655651093,0.0,0.22353524002851585,979222.0,161571.63642027974,6.567407235155273,0.1773800003528595,0.30283500008285047,-9.340653897353759,-23.96312807108994,-54.166666666666664,-62.06896421789321,-69.44444444444444,0
HK.02013,492,0.7850000262260437,0.7850000262260437,0.0,0.309721015070762,24198499.6,18995822.820630908,3.990184480161362,1.000600003004074,1.4883000001311302,-19.48717876612397,-32.90597820344666,-46.95945837098897,-58.90052146887567,-71.8637979584533,0
HK.02015,492,42.599998474121094,42.400001525878906,0.4716908986904612,0.2385720525078982,8540921.0,363843221.5675888,3.3971452508557007,47.947800140380856,59.7006000328064,-15.47619606271786,-7.911802810655194,-38.260871776636094,-37.398976394284404,-56.860761038864716,1
HK.02016,492,2.3450000286102295,2.3399999141693115,0.2136801121504735,0.20675430491144386,6174628.1,14479503.071157526,2.11652379726767,2.357000021934509,2.3536112666130067,-3.2989659908917215,7.56880535781214,-3.849436986542147,-1.5691956842590262,-4.5862261978326435,1
HK.02017,492,0.8500000238418579,0.824999988079071,3.0303074089730497,0.22997620935765264,732700.0,622795.0174689293,12.29842090055748,0.530400003194809,0.30077999986708165,33.85827348150829,300.9434122071017,314.63416158833877,269.56522105321534,129.7297332128353,1
HK.02018,492,39.36000061035156,38.63999938964844,1.8633572258699664,0.5940223514610599,3347600.95,131761575.43521348,3.809111057769808,40.947200012207034,39.28970891952515,-9.517239976203305,-0.555839339376965,15.149728859905872,-1.6833623147639687,-16.42671380514361,1
HK.02020,492,71.4000015258789,73.25,-2.5255951865134385,1.3886155993550735,6985905.85,498793688.34964633,2.440094354981113,73.47320037841797,75.5308880996704,-3.954795475976129,-2.214384918271499,-2.1432300633585437,-9.790160987010939,-21.444068018554177,0
HK.02022,492,0.0430000014603138,0.0430000014603138,0.0,0.5245901639344263,496200.0,21336.600724607706,6.307460719925231,0.04925999999046326,0.05164000004529953,-8.510632058137357,0.0,-15.686270069819248,-15.686270069819248,-38.5714267467966,0
HK.02023,492,0.7699999809265137,0.7599999904632568,1.31578823536055,0.0,12200.0,9393.999767303467,1.35078712910715,0.7605999994277954,0.7615499979257584,-2.5316506313829312,0.0,2.6666641235351562,-2.5316506313829312,-3.750003818422499,3
HK.02025,492,12.59000015258789,12.520000457763672,0.5591029733614093,0.7219698780779344,404600.0,5093914.061737061,1.3462745715970426,12.141199989318848,12.844760556221008,3.792250897008128,-1.1773910614215677,1.4530418647615233,9.74572283726082,75.04517649844861,2
HK.02026,225,48.060001373291016,47.02000045776367,2.2118266809919285,0.28582400819947945,911150.3,43789884.669274524,4.261909393598497,56.97899993896485,81.14374990463257,-11.164505122341788,-10.917514933001685,-44.567470513313076,-58.60464943588808,,2
HK.02028,492,3.9549999237060547,4.099999904632568,-3.536584982908877,0.2110712477100079,39037661.6,154393948.6496628,16.659415649126057,2.734200019836426,1.0148750051856041,6.891888452325146,113.7837769046503,2896.212079648965,5173.333022064645,3666.6667116066783,0
HK.02030,492,1.2999999523162842,1.3200000524520874,-1.515159040990203,1.8996177467307758,30550.35,39715.45354324579,1.0783836816658918,1.284199197292328,1.3293355333805084,0.7751930820906612,0.31697957414459305,0.255741920015239,-11.182827838994905,-15.70854602287308,0
HK.02031,492,0.47999998927116394,0.49000000953674316,-2.0408204226431472,0.42796005706134094,179000.0,85919.99807953835,1.5701181915836735,0.44352727055549623,0.3556174159049988,9.885533280399116,26.164873456987408,43.9345806135429,67.530406383372,52.5276817660873,0
HK.02033,492,0.21799999475479126,0.22699999809265137,-3.964759212987616,0.08149959250203749,123200.0,26857.599353790283,2.022197797022549,0.2263399988412857,0.2834199982881546,-0.4566219366461133,-14.509804379889626,-27.333337969249964,-33.93939815386361,-38.37791181283795,0
HK.02038,492,14.9399995803833,14.75,1.2881327483613612,0.40604113480376797,624145.2,9324729.026098251,4.89506281699229,16.741799812316895,20.478557586669922,-11.07142703062816,-19.46091539165632,-24.97523315507335,-21.91221335158105,-12.507312128969145,1
HK.02039,492,7.360000133514404,7.380000114440918,-0.27100244737636836,0.11377367019405038,2543106.1,18717261.235541295,4.384759978528714,7.779699974060058,8.911448245048524,-8.514604552932422,-4.415580313932253,-25.124842549123265,-18.95205029528474,-2.9502789158551805,0
HK.02041,20,7.090000152587891,7.014999866485596,1.0691416611511482,,502410.0,3562086.976661682,5.040964073893541,,,,,,-25.836821742815797,,1
HK.02048,492,0.05900000035762787,0.061000000685453415,-3.2786890251666563,0.07108546889181869,11583808.6,683444.7115426927,15.142759489992502,0.047680000104010106,0.052930000107735395,-37.2340400235692,195.00000838190337,-9.230765351176826,-15.71428556223305,-40.40403971987322,0
HK.02050,319,24.18000030517578,24.15999984741211,0.0827833521936641,0.2795609534743237,4088229.6,98853392.97562866,3.2070684879764793,25.32749412536621,30.136655082702635,-5.094230252245156,-15.09594104467091,-15.56245024993341,-38.59086807519406,-37.47169346752902,1
HK.02051,492,0.3499999940395355,0.35499998927116394,-1.408449403588351,0.8519894860871929,2207300.0,772554.9868434668,6.919510965484485,0.35769999980926515,0.5140500012040138,-11.392408978994343,-23.913046154272756,-45.31249970896169,-32.69230636971937,-48.52941318263643,0
HK.02057,492,153.89999389648438,152.5,0.918028784579918,0.3896734152011582,2087784.85,321310075.67217255,2.104809279578647,169.46199951171874,179.10803245544435,-6.272839977582032,-15.901642679516733,-17.929487315105188,-7.492203417563878,6.274321628605543,1
HK.02068,492,1.7100000381469727,1.7000000476837158,0.5882347166332156,0.033324847839670456,2135250.0,3651277.5814533234,2.8840434753412922,1.8027000093460084,2.2699749940633773,-4.469269576030488,-6.557377155969979,-29.629629993017183,-34.23076535117682,-25.65217071309651,1
HK.02076,492,59.04999923706055,58.150001525878906,1.547717433474371,0.058990836553559606,3517043.45,207681413.0392088,2.518593069395154,62.01813209533692,61.25827087402344,-10.190896813307962,14.07482940659228,14.184624159194561,-25.291044212812857,-34.71791554187839,5
HK.02078,492,0.13300000131130219,0.13500000536441803,-1.4814844249206127,5.436893203883495,13100.0,1742.3000171780586,2.4212110413361416,0.1314200009405613,0.12981500010937452,2.3076970690102603,15.65217295531291,6.400001049041748,2.3076970690102603,-2.9197031862599543,0
HK.02080,492,0.46000000834465027,0.4099999964237213,12.195124965136735,3.195876288659794,112100.0,51566.000935435295,4.1855378735734465,0.34179999828338625,0.3130999985337257,35.29411867828104,76.92308662205794,61.40351372522447,27.77777501830359,-31.34328404681722,1
HK.02086,492,0.5,0.5,0.0,0.0,7250.0,3625.0,0.9052603056028486,0.5225,0.48244999840855596,-13.793100967701989,12.359552367771112,11.111114054550438,7.526880893449264,-3.8461503192516595,0
HK.02088,492,0.03799999877810478,0.03799999877810478,0.0,,0.0,0.0,0.0,0.03799999877810478,0.03799999877810478,0.0,0.0,0.0,0.0,0.0,0
HK.02096,492,11.529999732971191,11.40999984741211,1.0517080382459347,0.22755130992105208,4128796.05,47605017.35399251,3.1648792391220453,11.774200077056884,11.633958549499512,-0.4317805791389095,-4.156276068981334,5.322872551030942,-0.2110410914808533,-8.436258544282586,1
HK.02097,394,171.6999969482422,171.0,0.40935494049250726,0.1143739414106537,177256.55,30434949.094055936,2.8450600146273275,206.51682525634766,287.6451094818115,-15.267838734565462,-19.261686843117335,-41.87700821421144,-57.05071006116359,-56.03479869795378,1
HK.02098,492,0.0729999989271164,0.07400000095367432,-1.3513540725275752,0.05237390413298417,437900.0,31966.69953018427,6.6313374495853035,0.07064000010490418,0.08991000017151236,-3.947366744155975,-15.116283200024258,-32.40741015410629,-27.722775856077213,-43.846152611738084,0
HK.02099,492,215.39999389648438,216.1999969482422,-0.37002916884838416,0.15114172015276772,1873810.3,403618727.18316954,4.286127826029166,230.0840005493164,183.03320526123048,-16.705340753061936,47.33242024125378,45.05041151438816,33.48582151185892,62.75815234623159,0
HK.02100,492,0.29499998688697815,0.26499998569488525,11.320755777939622,2.4500907441016335,112400.0,33157.998526096344,1.7024993279238132,0.3015999960899353,0.39302675262093545,1.72413633637985,-16.577920164724475,-24.81713659641614,-28.355155746388625,-44.638075987767145,1
HK.02101,492,0.925000011920929,0.9200000166893005,0.5434777327093245,0.43360433604336046,26425.0,24443.125315010548,2.3316900658037003,0.986276981830597,0.9097116827964783,-3.645829937886371,25.829247450869076,-0.16854158458037485,-7.079939300795168,-6.6069844760668035,2
HK.02102,492,0.3499999940395355,0.35499998927116394,-1.408449403588351,0.0,186000.0,65099.99889135361,2.227364884393733,0.31329999983310697,0.2891619236767292,9.375000582076622,27.272722346723675,16.487456228123982,35.902025526187,72.85784483676639,0
HK.02105,492,8.289999961853027,8.109999656677246,2.2194859777531644,1.3487406039825927,1534200.0,12718517.941474915,7.3536175095860665,6.72620005607605,11.158700003623963,21.911760725364665,11.72506572255481,-42.827586469979124,-38.99926513043935,-35.83591398684432,1
HK.02107,492,0.375,0.38999998569488525,-3.8461503192516595,0.08448324415657561,369625.0,138609.375,1.8645152891441807,0.39349999725818635,0.2611199996620417,1.3513500451867637,52.43902017962441,83.8235328491722,61.63793568555877,41.50944160116528,0
HK.02108,492,0.4099999964237213,0.41499999165534973,-1.2048181523292238,0.43870967741935485,152700.0,62606.999453902245,2.529382822784951,0.4044999986886978,0.3884003784507513,3.7974646297370884,-5.747127775503971,6.986782844621008,50.156887793247776,71.17885787623284,0
HK.02110,492,0.7049999833106995,0.7049999833106995,0.0,0.0,19100.0,13465.49968123436,2.460033075712192,0.6959999990463257,0.9050999954342842,17.499992549419698,-19.88636509877099,-30.88235328491722,-31.55339777733695,-38.15789542479969,0
HK.02111,492,2.549999952316284,2.5,1.9999980926513672,0.18652138043081706,693916.3,1769486.5319114926,3.1501092202105405,2.4162358140945432,2.602608902454376,-0.43792335857167203,16.01146331087544,1.7650286570724125,-14.319407070165486,-18.529152014118246,2
HK.02112,492,0.035999998450279236,0.03799999877810478,-5.263158926673246,0.0,323400.0,11642.399498820305,6.271000514095,0.036259999871253966,0.0564049999974668,2.85713799145759,2.85713799145759,-46.26866036784961,-33.33333793245704,-36.84210801498822,0
HK.02113,492,0.6650000214576721,0.7300000190734863,-8.904109029793176,0.1652991370511136,8098417.75,5385447.977523193,45.965887253278375,3.9819999742507934,2.3846999835968017,-90.36231866280488,-76.07913567260842,-49.62121249750406,-48.04687216237647,-62.64044763222889,0
HK.02116,492,0.7400000095367432,0.7049999833106995,4.964542844622862,0.0846740050804403,118500.0,87690.00113010406,2.638644866027182,0.7074999964237213,0.6801999992132187,3.4965086265430414,8.82352966957026,-2.6315764707211,45.09804379889626,55.789477646846244,2
HK.02119,492,0.4449999928474426,0.4449999928474426,0.0,0.0,28080.0,12495.599799156189,0.5513504135717906,0.4523833978176117,0.4706499436497688,-3.2608728750215663,-1.6089852990596933,-3.9661088982343378,-13.569504678979866,-18.04004475935589,0
HK.02120,492,10.5,10.5,0.0,0.0,19905.0,209002.5,1.1054842116117798,9.143435831069946,8.559215874671937,13.982991451416439,53.38854507419772,30.99062986825565,13.34967098882898,1.6636289288181334,0
HK.02121,492,3.4000000953674316,3.2699999809265137,3.9755386911067827,0.34591037291448584,1897598.7,6451835.7609691145,7.311748908006635,3.6340000104904173,4.538650000095368,-13.486004131981971,-17.675544766233187,-28.870294013988087,-38.95870752992624,-54.666665395100914,2
HK.02122,492,0.08900000154972076,0.08900000154972076,0.0,0.0,85800.0,7636.200132966042,2.354828023146196,0.1069400005042553,0.17435499977320432,-2.197798508950481,-36.87943269906525,-55.49999988824129,-69.31034341011542,-71.29032230153912,0
HK.02125,492,0.24899999797344208,0.27000001072883606,-7.777782192936475,23.636363636363637,19200.0,4780.799961090088,2.033098817548468,0.28947999864816665,0.35812000058591364,-17.000003973642826,-20.952380997433593,-36.96202754172118,-47.5789471372673,-57.79660863699628,0
HK.02126,492,2.930000066757202,2.759999990463257,6.159423075411365,0.33486243587533776,2240738.65,6565364.394085443,7.461522779085708,2.0871000027656557,2.1631750011444093,45.77114829149364,52.604173554573364,57.52688409800003,17.200002670288086,-26.566414542505523,2
HK.02127,492,0.019999999552965164,0.019999999552965164,0.0,,0.0,0.0,0.0,0.019999999552965164,0.019999999552965164,0.0,0.0,0.0,0.0,0.0,0
HK.02128,492,3.140000104904175,3.140000104904175,0.0,0.18481692211824424,8312610.2,26101596.900027514,3.6628273878546516,3.6346999979019166,4.471499954462051,-8.853405928850773,-17.80104293775134,-36.86134392787855,-29.105081393330835,-33.54496998347873,0
HK.02129,492,0.29499998688697815,0.2849999964237213,3.508768627628134,0.7035848047084002,1910000.0,563449.9749541283,6.065035653980274,0.240759998857975,0.1869200000166893,23.43096067352752,43.90243388300204,113.76811179499285,94.07894498206811,135.99998950958252,2
HK.02130,492,3.0999999046325684,3.0999999046325684,0.0,0.0,5250.0,16274.999499320984,0.9015233437391803,3.113827414512634,3.2114767515659333,0.32362429582607755,-0.9543915425410724,-4.585177320723624,-6.022143844352131,-7.964284682862413,0
HK.02131,492,0.45500001311302185,0.45500001311302185,0.0,,0.0,0.0,0.0,0.45500001311302185,0.45500001311302185,0.0,0.0,0.0,0.0,0.0,0
HK.02132,492,0.16099999845027924,0.16099999845027924,0.0,0.0,165200.0,26597.19974398613,3.3817983631632504,0.1639399990439415,0.1498499996960163,-4.166666297094211,17.518251747841017,14.999998403447021,28.79999876022339,-12.972974932219856,0
HK.02135,492,0.10999999940395355,0.10700000077486038,2.8037370162318904,4.644662227495556,29183.1,3210.140982605517,1.4404492410842265,0.11088000014424323,0.13180000018328428,-5.172411578305348,0.0,-24.657533547515413,-23.076927084766137,-5.982905438630968,1
HK.02136,492,0.5799999833106995,0.5799999833106995,0.0,0.06031882809133994,172425.0,100006.49712234735,2.036712890815797,0.5946999990940094,0.6100182405114174,-1.694913713180618,-3.3333399560713786,-13.432840468172232,43.545149347195164,37.21227317648073,0
HK.02137,492,0.8799999952316284,0.8700000047683716,1.1494241848790827,1.621966373063262,447400.0,393711.99786663055,5.26482538491483,0.928199999332428,1.2321999990940093,-2.222220161814694,-22.80701699349358,-36.690647173517696,-38.02816747696805,-54.639176841445504,2
HK.02138,492,0.574999988079071,0.574999988079071,0.0,0.20201680779840883,1004466.8,577568.3980258227,5.6682671756366965,0.45899999618530274,0.4845249973237514,33.72092523595469,47.43589978716556,21.05263058828844,0.8771921569070334,-25.324675023083255,0
HK.02139,492,0.24300000071525574,0.2460000067949295,-1.2195146328490274,1.256687296758628,466300.0,113310.90033352375,2.2634970871566455,0.24447999864816666,0.21040595389902592,-8.301881572537058,-4.311748537783162,54.27290075685936,51.187442455667394,42.629674420337636,0
HK.02142,492,13.649999618530273,13.260000228881836,2.941171816867492,0.2751583969105626,10609215.2,144815783.43290555,6.911216862739233,14.16419994354248,12.745849981307984,-5.7320438532131845,16.8664320366629,14.705882824357067,12.996686297515758,-4.2777040712529795,1
HK.02145,492,21.0,20.860000610351562,0.6711379940179112,0.7534431652112635,1185327.4,24891875.4,4.468647518576247,24.181599960327148,44.9149041557312,-8.774980093809734,-22.45199387310032,-64.31937115256096,-69.17790179971155,-78.46886067172481,2
HK.02146,492,1.899999976158142,1.7999999523162842,5.555557027275219,0.0,2225.0,4227.499946951866,0.6779037700024659,1.976900005340576,1.490774998664856,-5.940594351556933,28.378375112966907,71.1711668172892,34.7517745486808,31.03447680524376,1
HK.02147,492,0.6399999856948853,0.6000000238418579,6.666660043928621,0.08559865359289898,995613.1,637192.3697576403,11.277120894813713,0.5650779384374619,0.6172944842278958,39.3637126698709,20.75472080058264,3.225803350434739,-31.914894966153124,-20.000002980232196,1
HK.02149,492,33.400001525878906,33.97999954223633,-1.7068805890844647,0.3460042475004176,40817.0,1363287.8622817993,3.019973472969961,32.19719985961914,36.728500061035156,-1.7068805890844647,7.051284324174432,-7.119014526613666,-22.469823337374716,-39.71119024197712,0
HK.02150,492,0.6899999976158142,0.6899999976158142,0.0,0.013330705164612091,1516700.3,1046523.2033839048,2.769601022553305,0.7098000073432922,0.8373999983072281,2.985071705720311,2.985071705720311,-23.333331567269738,-37.27272884904843,-42.01680971112886,0
HK.02152,492,4.465000152587891,4.465000152587891,0.0,0.0,75.0,334.8750114440918,0.0,4.620300092697144,4.5001838541030885,-6.784964756855853,4.566748771250941,4.600950567984869,-14.11711800703093,-17.448154631883362,0
HK.02153,492,0.8199999928474426,0.8100000023841858,1.2345667202249964,0.95723813260102,133150.0,109182.99904763699,8.33586751195374,0.843199999332428,0.8945499929785728,0.0,-2.3809501846360366,-12.765957986461249,-18.000000715255737,-28.07017516341346,1
HK.02155,492,7.099999904632568,7.090000152587891,0.14104022326470286,0.007640907892675808,1628918.5,11565321.194654226,3.6402629891191083,7.197100019454956,8.247336378097534,0.7092157807799053,-23.814775159175248,12.217189079726259,-20.73742543671186,-24.840039158466503,3
HK.02156,492,2.5950000286102295,2.509999990463257,3.386455715933476,1.1733370293032792,750679.3,1948012.804977107,2.025497410929701,2.5925999879837036,2.5679288804531097,-1.890357379086625,-2.443611094853036,6.144133499405316,1.5123960798947294,-10.525930722454046,2
HK.02157,492,4.014999866485596,3.9100000858306885,2.6854163260868518,0.0322052877475034,8452276.85,33935890.42424929,5.265455120317807,4.19399998664856,4.681949995756149,-5.861664896275896,-11.758248391696451,-22.038838987649733,-19.377513029958298,-43.04964882466069,1
HK.02158,492,3.3350000381469727,3.2750000953674316,1.8320592681634547,0.45422044324007504,2379640.85,7936102.325526095,3.5430878729521402,3.9023321294784545,5.079961482286453,-12.00527515265709,-35.811889426145235,-30.374471549458253,-37.01166832843299,-42.689185860539574,1
HK.02159,492,1.7100000381469727,1.7100000381469727,0.0,0.0,43120.0,73735.20164489746,1.6380559993924788,1.71910001039505,1.5635750037431717,-0.5813947847045612,6.875000791624177,-20.46511803271635,31.538469297646348,28.57142729098512,0
HK.02160,492,1.2799999713897705,1.2799999713897705,0.0,,0.0,0.0,0.0,1.262499988079071,2.6550249963998795,0.0,0.0,-58.57605155520289,-77.73913093235181,-80.30769274784969,0
HK.02161,492,1.625,1.6200000047683716,0.3086416800562491,1.347148370630966,215454.15,350112.99374999997,1.8223926693137549,1.7506205701828004,2.2468026852607728,-10.71428828748459,-13.737174788894308,-37.14678667015495,-36.198063029245525,-41.94196926164976,1
HK.02162,492,79.55000305175781,77.19999694824219,3.044049477218449,0.18035052347721248,1626849.9,129415914.50975189,4.573993317718223,77.39900054931641,66.77325004577636,1.8566000076391636,-8.405291365132813,37.987859403695005,48.83068646636068,12.358756529435992,1
HK.02163,492,0.6000000238418579,0.6000000238418579,0.0,,0.0,0.0,0.0,0.6000000238418579,0.6000000238418579,0.0,0.0,0.0,0.0,0.0,0
HK.02165,492,2.0299999713897705,2.049999952316284,-0.9756088483765962,2.0011273957158964,187300.0,380218.994641304,2.886558292201493,1.590499997138977,1.7331750029325486,31.391587558376866,38.0952334612522,5.729167539781599,6.842105098048074,-1.9323653692280385,0
HK.02166,492,3.7049999237060547,3.869999885559082,-4.263565031842127,1.1129418347996394,317770.0,1177337.825756073,4.541849449518947,4.194654202461242,3.546945906281471,-15.165330447989012,-23.941326164779824,40.70502198960767,81.85460404756758,99.75738442049082,0
HK.02167,492,4.53000020980835,4.53000020980835,0.0,0.0,20390.0,92366.70427799225,2.926945855178357,4.245199985504151,3.7595853292942047,-9.850743804272252,34.821439025049635,49.01033854325561,4.574526461207383,23.714162578118984,0
HK.02168,492,0.9399999976158142,0.949999988079071,-1.0526305882884401,0.0,7262.5,6826.749982684851,1.80227161897485,0.9918999922275543,1.0692750000953675,-10.476186637705242,6.818182126057051,-21.66666997803569,-25.396825021386714,-54.14634051314425,0
HK.02169,492,0.550000011920929,0.550000011920929,0.0,0.0,182600.0,100430.00217676163,3.015553619779033,0.5136000096797944,0.5818750017881393,1.851850012202395,10.000002384185791,-6.779654852722472,-30.37974721746286,-33.73493699034886,0
HK.02170,492,1.2649999856948853,1.2649999856948853,0.0,0.0,48550.0,61415.74930548668,2.1853624345754232,1.3613999891281128,1.6836999922990799,-7.6642349421917615,-10.915491272830364,-33.42105254902404,-35.78680368917044,-58.112582990586894,0
HK.02171,492,13.0,12.329999923706055,5.433901706728981,0.5369403109078199,2097215.65,27263803.45,4.99148565524534,13.455399990081787,15.900249962806702,-1.9607860059875786,-18.75,-18.75,-15.14360144281216,-33.33333333333333,1
HK.02172,492,8.055000305175781,8.055000305175781,0.0,,0.0,0.0,0.0,8.418400173187257,10.058224840164184,0.0,-20.00992503191542,-21.694770847056304,-28.139357720219703,-37.584533537446674,0
HK.02175,492,2.2049999237060547,2.2100000381469727,-0.22624951830817314,0.0,46550.0,102642.74644851685,1.7673305181084245,2.3809999942779543,2.859999997615814,-9.259264891766309,-24.22680898043288,-38.23529509976348,-34.37500022174348,4.502371248028668,0
HK.02176,492,0.46000000834465027,0.46000000834465027,0.0,0.0,39500.0,18170.000329613686,0.9244865261719286,0.5310000079870224,0.8942407976090908,-2.127657550770317,-37.83783751129669,-57.514142373588996,-67.3389963653378,-72.20340086164016,0
HK.02177,492,2.259999990463257,2.299999952316284,-1.7391288122742863,1.022099447513812,7450.0,16836.999928951263,1.3506362472035132,2.205500016212463,2.305713077783585,-3.211993424344221,4.629625030505987,3.6697211585436476,-12.5286718756272,14.507919108891718,0
HK.02178,492,0.21400000154972076,0.20999999344348907,1.9047658243418424,1.0353521882080756,1467386.0,314020.60627403855,6.819723837466735,0.24791999846696855,0.18721999922767282,-16.078429195524276,22.988510176722638,-36.11940411369897,327.9999967217446,214.70586752912246,3
HK.02179,492,4.40500020980835,4.40500020980835,0.0,0.0,450.0,1982.2500944137573,0.22727250560256557,4.870300064086914,4.83602502822876,-11.899995803833008,-11.899995803833008,7.96569343577541,24.084514619055124,-41.344872495906564,0
HK.02180,492,4.75,4.659999847412109,1.931333809761205,0.0,25800.0,122550.0,0.8611883470980979,4.9388000011444095,5.127107286453247,-4.426555321507707,-7.045012213469633,-6.0740285637965306,-5.712772365581994,-6.610747645808909,1
HK.02181,492,0.5,0.5049999952316284,-0.9900980750178164,0.17391304347826086,34800.0,17400.0,4.686293909395664,0.4314999979734421,0.4619249977171421,12.359552367771112,17.647055523618373,-10.714286094417377,0.0,-32.432433303208825,0
HK.02182,492,0.4300000071525574,0.4749999940395355,-9.473681568769173,0.25806451612903225,31400.0,13502.000224590302,1.651681374520211,0.3695000010728836,0.3537500002980232,28.358207892989206,34.375005238689596,14.666668574015299,13.157898039038532,13.157898039038532,0
HK.02185,492,1.4149999618530273,1.3650000095367432,3.6630001440991404,0.7713746291468129,54070.0,76509.04793739319,6.0494683951852,1.8884999942779541,3.720624994635582,-15.269461184704806,-56.191951904108194,-64.53634189295866,-76.21848727373676,-75.81196606973447,1
HK.02186,492,1.840000033378601,1.8049999475479126,1.9390629832558164,0.0810987859409136,25189687.5,46349025.84079653,4.084173585137539,1.9608000063896178,2.3547500020265577,-2.3872656399110426,-9.359602989604596,-20.346316928276877,-33.57400555782115,-45.562131033153726,1
HK.02187,492,0.48500001430511475,0.4749999940395355,2.1052674507500932,1.137809187279152,272300.0,132065.50389528275,3.2169726900523097,0.47019999980926513,0.6563249972462654,16.867475676457076,-17.796604090879107,-45.505615494314725,-6.730763058690403,14.117647223819082,1
HK.02188,492,0.07699999958276749,0.07999999821186066,-3.749998370185458,0.0,49000.0,3772.999979555607,2.9028888252883847,0.0837799996137619,0.13122499976307153,13.235287350251557,-35.833332246790306,-47.97297392538465,-59.04255201099896,-72.00000075860456,0
HK.02189,492,0.47999998927116394,0.4749999940395355,1.0526305882884401,0.0,42720.5,20505.83954165876,0.6803700147848221,0.4641720014810562,0.43992000073194504,3.1592511745272827,11.008318528090651,13.475180652810396,13.475180652810396,13.475180652810396,1
HK.02190,492,21.8799991607666,21.18000030517578,3.3049992705607316,0.5138897078800293,537650.45,11763791.394785784,3.0009989236631935,20.52300003051758,21.542695903778075,3.402643282355925,10.897109317857481,-6.638719264687463,-2.871506029941674,-6.795890979812963,1
HK.02192,492,6.565000057220459,6.340000152587891,3.5488943094224825,0.10729224145555201,807374.95,5300416.592948365,2.6685742305461493,7.232876586914062,8.232945790290833,-3.93805869770016,-10.295094788974792,-10.6006671799886,-30.335819751373037,-46.74969702046987,1
HK.02193,492,0.4050000011920929,0.41999998688697815,-3.5714252769540553,1.1585365853658536,62800.0,25434.000074863434,1.0586789653109276,0.3996999979019165,0.32318499967455866,0.0,39.655176843389306,42.105265359359024,67.35537330025933,94.71153501729825,0
HK.02195,492,0.25,0.25,0.0,0.0,45100.0,11275.0,2.7807492637602036,0.26719999611377715,0.3509749983251095,-3.8461503192516595,-15.254233521108176,-32.432433303208825,-47.3684203921923,-50.98039124022075,0
HK.02196,492,18.290000915527344,17.860000610351562,2.4076164080675078,0.19423937589446677,3655304.55,66855523.56603126,3.3233931076788834,17.023799934387206,18.064348425865173,5.417870394179146,12.164854202608025,-0.012710565002861702,-5.826508642807527,-28.78084227184677,1
HK.02197,492,1.8799999952316284,1.840000033378601,2.173910930837298,0.31300448286220023,3397209.1,6386753.091800845,6.581884746547059,2.0989999961853028,2.2306999987363816,-13.958808033647902,9.941517736389924,-31.636363809758965,-20.675101856043458,-13.364058565269557,2
HK.02198,492,3.6050000190734863,3.615000009536743,-0.2766249083506453,0.11033255477699923,2187050.0,7884315.291714668,4.2257118478761475,3.5306490659713745,3.844012838602066,-8.425957340166129,26.54151605454374,-18.80151071792396,19.592650878445014,41.78977631570434,0
HK.02199,492,2.450000047683716,2.4800000190734863,-1.209676256413027,0.8060161974546857,255150.0,625117.5121665001,5.349135738718138,2.4342944645881652,2.112648978829384,-4.669256368721671,41.965716451939166,28.760618068308485,5.881661378617294,21.135193049822114,0
HK.02202,492,2.7950000762939453,2.7149999141693115,2.946599066435361,0.1540439804180955,54047580.0,151062990.2235031,6.345893670399784,2.4533000087738035,2.9320750045776367,16.94560475368718,20.995677295594252,-6.521736876951055,-17.06230945968547,-48.62132266737444,2
HK.02203,492,0.1679999977350235,0.15600000321865082,7.692304018451458,2.6373028820010878,393300.0,66074.39910918474,6.071144538170374,0.13583999887108802,0.17929499965161086,32.283458561749356,0.0,-6.666671633720201,-18.048780877841224,-29.999999379118268,4
HK.02205,492,0.33500000834465027,0.4300000071525574,-22.093022611090927,1.0638297872340425,4950.0,1658.2500413060188,1.1363635747885898,0.5814000076055527,0.9808500002324582,-39.09090889386895,-64.73684078438458,-71.61016752239746,-74.23076764366324,-45.96774100513042,0
HK.02208,492,8.819999694824219,8.805000305175781,0.1703508134987856,0.3434978153173367,10873076.5,95900531.41180038,2.9168493329654472,9.606400032043457,12.615123586654663,-3.5538627301384427,-18.933827187028065,-39.01705416930943,-44.468668861795166,-26.110073814505803,1
HK.02209,492,3.315000057220459,3.200000047683716,3.5937502444721723,0.18842530282637954,319650.0,1059639.7682905197,3.8344623329744225,3.479800000190735,3.2238868463039396,-4.3290003077767185,39.87342688999547,13.803808450106612,-16.580699239075322,-48.85602371906835,2
HK.02210,492,2.0,2.0,0.0,0.0,35160.0,70320.0,2.6972991982272743,1.9415999889373778,2.2371828782558443,3.626945821476487,11.111114054550438,-18.086503483658962,-23.467680941385126,-25.107658865291853,0
HK.02211,492,0.46000000834465027,0.4699999988079071,-2.127657550770317,0.6726150083648555,600594.5,276273.47501175106,8.476064387601648,0.6205512189865112,0.8581878046691418,-31.34328404681722,5.747127775503971,-14.814816654464272,-72.45508861283571,-73.86363574788591,0
HK.02212,492,0.1599999964237213,0.1599999964237213,0.0,8.333333333333334,42500.0,6799.999848008156,0.0,0.15606000185012817,0.16445500046014785,6.666660043928621,3.8961021368168507,0.0,-15.789474509759632,-10.11236312488395,0
HK.02215,492,0.24500000476837158,0.23199999332427979,5.603453369897701,0.1572259315097997,410250.0,100511.25195622444,7.07823182976467,0.23415999844670296,0.2383149965107441,10.360361086007353,61.184218846303054,-5.769225478877488,-15.517237304081839,-50.999999046325684,2
HK.02216,492,0.7099999785423279,0.7200000286102295,-1.3888957875743526,0.105865935229296,1040950.0,739074.4776636362,7.275998078524975,0.6517000019550323,1.2049250051379203,14.516124690608635,-5.333336194356283,-29.702971757784663,-69.91525380921684,-75.43252758581232,0
HK.02218,492,21.700000762939453,21.65999984741211,0.18467643494523373,0.0017938782933575232,2019655.25,43826520.46587467,10.269544038151194,21.503200035095215,17.470633273124694,-1.0036464990363627,24.000004359654017,49.06858421892506,63.13995351886831,35.21868498415998,2
HK.02219,492,2.369999885559082,2.380000114440918,-0.4201776639067547,0.543560193832636,186947.55,443065.67210555077,2.5265389291349387,2.516800012588501,2.5171411240100863,-6.138621938776377,-6.324114135969645,2.8406489808269773,-4.749073865485819,-3.682832086150113,0
HK.02221,492,0.6600000262260437,0.6399999856948853,3.1250064028428435,0.06001091107474086,70280.0,46384.80184316635,5.051155545576607,0.6121000015735626,0.8186249998211861,20.00000216744158,11.864416197229556,-32.65305985911895,-34.65346213287375,-24.13792843578641,2
HK.02222,492,0.550000011920929,0.5799999833106995,-5.1724090091395505,0.0,10460.0,5753.000124692917,0.0,0.6076000046730041,0.6494500038027763,-11.290321340173895,-15.384610446952324,-14.062496216501957,-15.384610446952324,-31.24999953433872,0
HK.02223,492,0.4749999940395355,0.4950000047683716,-4.040406168924137,3.2624113475177303,16400.0,7789.999902248383,0.3967491459765672,0.5166999977827073,0.7644249990582466,-12.03704163616068,-44.11764932751237,-48.924732216521754,-39.10256263302153,33.802819266203,0
HK.02225,492,4.605000019073486,4.65500020980835,-1.0741179050757086,0.09903000868264646,9371867.2,43157448.63475418,11.029159993206807,5.082699995040894,3.3035749965906143,-3.8622117798091415,43.01242168190386,114.18603789812852,271.37096642393476,389.89362029292136,0
HK.02226,492,0.6499999761581421,0.6700000166893005,-2.985080601935728,0.18174308137133416,110625.0,71906.24736249447,4.247292505373493,0.5803999996185303,0.5307249990105629,-5.109492861930496,27.450978100551872,62.49999161809695,29.999995231628418,25.0,0
HK.02227,492,0.33000001311302185,0.3400000035762787,-2.9411736347271384,0.15414258188824662,49100.0,16203.000643849373,1.8146536492708512,0.34060000360012055,0.2729900009930134,-11.999996503194172,6.451616314521787,33.0645235912424,126.02740956372868,175.00001707424758,0
HK.02228,492,8.305000305175781,7.840000152587891,5.93112427981777,0.5134116630304019,59087427.05,490721099.6823017,5.215636492015357,7.5329000186920165,8.948375008106233,16.316533059875454,1.4041603258189461,-10.409925619579642,-16.866861907383043,-29.138224266600467,1
HK.02230,492,0.19300000369548798,0.19499999284744263,-1.0256355001609325,1.5779092702169626,106000.0,20458.000391721725,0.9614496831410841,0.1978366932272911,0.2166464215517044,0.3152119385534221,1.8826324398368306,-11.885291237505811,-15.683335468589856,-27.828341483099578,0
HK.02231,492,0.01600000075995922,0.01600000075995922,0.0,0.1083557602275471,15641250.0,250260.01188671216,14.945535910563851,0.014700000043958425,0.03731500021647662,-23.809519163470085,6.66667411724743,-59.99999720603222,-79.74683541319267,-92.15686222590628,0
HK.02232,492,6.534999847412109,6.474999904632568,0.9266400565753489,0.45697476211271526,1769324.05,11562532.396772576,2.972102167886761,6.651938571929931,6.273101963996887,-6.1063245460558235,10.77243897766832,12.886096462431357,5.531399794402671,-0.9235833727810823,2
HK.02233,492,1.7899999618530273,1.784999966621399,0.2801117829202136,0.09283983516631117,9042550.0,16186164.155054092,3.3996244030078335,1.8324999976158143,2.2700634741783143,-7.012986691288805,16.233766635888994,-17.643570540595004,-41.13626440260648,-39.982077291480635,1
HK.02235,492,6.945000171661377,6.900000095367432,0.6521750097388805,0.9378531073446328,36215.0,251513.18121671677,2.0416637057002025,6.986400012969971,7.3436500000953675,3.656721930908714,-5.894308076342016,1.9823822322491063,-10.271312958216496,-10.038855435137698,1
HK.02236,492,0.47999998927116394,0.49000000953674316,-2.0408204226431472,1.7947441616419584,367356.55,176331.1400586918,1.8654078157718201,0.45720000326633453,0.47935000017285345,4.347821861674596,-2.0408204226431472,-31.428571793497834,31.506842939642215,-9.433959399563019,0
HK.02237,492,0.18400000035762787,0.1860000044107437,-1.075270970800214,0.0,202500.0,37260.00007241964,2.867264661886684,0.19672000110149385,0.2751350013911724,-8.000001192092878,-14.814816858869795,-42.49999860301611,-49.589042315050875,-46.66666637872152,0
HK.02238,492,2.375,2.3450000286102295,1.279316461567383,0.08995232976450834,26032900.3,61828138.2125,4.67403277151498,2.2696000003814696,2.9146000075340273,10.208818168491685,5.555555555555555,-25.54859067716107,-40.025253102993695,-26.923076923076923,2
HK.02239,492,1.350000023841858,1.2999999523162842,3.8461594891973454,0.321285140562249,12650.0,17077.500301599503,2.5356038761787008,1.318299984931946,1.0554036372900009,6.2992160721908945,32.35294598884108,69.6671184532613,63.53458218728939,71.81481278348022,1
HK.02245,492,20.399999618530273,19.8700008392334,2.667331438911619,0.4877484419510811,3421847.5,69805687.69466877,6.56895407136941,16.883399982452392,17.533199644088747,16.571426391601562,37.373731276034185,15.250752733406623,-12.610022119018474,6.743067822201791,1
HK.02246,492,1.190000057220459,1.0800000429153442,10.185186105009914,5.075144024460361,82318.25,97958.72221028805,2.7838333439653287,1.1796999955177307,1.7012749987840652,4.385971241490521,-4.799995422363281,-38.97435753224794,-44.65116258438631,-68.01075139601448,1
HK.02249,62,24.959999084472656,25.979999542236328,-3.926098828852679,0.5099511387036995,802682.7,20034959.45712204,4.311644726468826,29.28519989013672,,-9.236366965553977,,,-22.724459213503888,,0
HK.02250,492,0.30000001192092896,0.30000001192092896,0.0,8.025027203482045,49910.0,14973.000594973564,4.481459810310874,0.3205000013113022,0.5612250019609928,-14.285709420028917,20.000004768371582,-53.12499708961689,-68.42105098048073,-77.44360885407698,0
HK.02251,492,8.600000381469727,9.300000190734863,-7.526879515147885,0.761386811692726,94655.0,814033.036108017,9.581797208749185,9.215200052261352,10.908599998950958,5.781061013688921,-22.45265768131765,-23.89380321850729,-30.86816180419241,-43.79084788065832,0
HK.02252,492,21.18000030517578,21.18000030517578,0.0,,0.0,0.0,0.0,22.059200096130372,24.99600001335144,0.0,-18.538460364708534,-15.885623318192712,-13.338789515732467,-23.26086952014772,0
HK.02255,492,0.15800000727176666,0.1589999943971634,-0.6289227425372592,0.18008006626173384,10835850.0,1712064.3787957728,8.367430058472443,0.25520000129938125,0.3968499998003244,-30.701751232826002,-52.12121182017857,-66.73684015696728,-65.6521729553129,-83.01075203692463,0
HK.02256,492,8.899999618530273,8.835000038146973,0.7357054906921495,0.5332767197221931,1090140.65,9702251.369144343,5.2855973467270205,9.487399978637695,11.393699970245361,0.9642659352602785,-23.20966780537079,-25.27288217838114,-31.643630525194727,-49.14285932268415,2
HK.02257,492,3.740000009536743,3.744999885559082,-0.13350804205945785,0.0,40767.5,152470.45038878918,4.611255757866963,3.9055999898910523,5.91570001244545,-3.97946013218979,-19.914347999223992,-33.45195577055274,-53.24999988079071,-75.08327813119992,0
HK.02258,492,0.36500000953674316,0.36500000953674316,0.0,0.0,79900.0,29163.50076198578,4.750698935977061,0.33390000343322757,0.2674749695509672,19.672131467909935,15.87301977757817,96.02677965144069,64.49203546431441,89.16585031139915,0
HK.02259,249,140.10000610351562,141.0,-0.6382935436059397,0.2748356007493223,4871678.15,682522138.5493637,4.243606445376715,144.05185470581054,153.67455520629883,-12.273006399041323,31.325620699045924,-15.06223525156363,-3.0351385907959996,,0
HK.02260,492,1.159999966621399,1.2050000429153442,-3.7344460324726096,35.0,3300.0,3827.9998898506165,0.10775852102374063,1.2341000151634216,1.23670835852623,-6.072878284614058,-12.781960211167148,-3.488236928868535,1.5037617513984327,-18.797002457506846,0
HK.02261,42,16.190000534057617,16.149999618530273,0.2476836933262047,0.9232586761165381,407710.05,6600825.927240658,5.611511651770459,,,11.042528249494808,,,-5.321636415857763,,3
HK.02262,492,0.3799999952316284,0.3799999952316284,0.0,0.0,62100.0,23597.999703884125,0.9210525490240367,0.42650000035762786,0.6546750019490719,-5.000002607703171,-28.30188382176906,-52.50000130385158,-52.50000130385158,-64.81481665446427,0
HK.02263,492,0.3449999988079071,0.3449999988079071,0.0,2.4489795918367347,180500.0,62272.49978482723,2.2313915789471213,0.31639999985694883,0.3144999991357327,7.812502037268178,4.545450029951333,25.454542301903153,18.965520253504728,35.29411970950332,0
HK.02265,492,1.1050000190734863,1.100000023841858,0.45454501120513113,0.6258596973865199,714250.0,789246.2636232376,3.5556803562268633,1.1709999966621398,1.2838499933481216,-2.2123872799678703,-10.887095921369554,-29.617835531428543,1.3761454344538677,11.616162467569655,1
HK.02266,492,0.39500001072883606,0.4099999964237213,-3.6585331282255105,0.0,74000.0,29230.00079393387,3.3479221192052857,0.3805000013113022,0.3707125823199749,12.857147844470362,3.947372548798166,6.535160780145333,20.635406498237664,13.933427948330241,0
HK.02268,492,84.19999694824219,81.1500015258789,3.758466253867699,0.28172766545355965,4297863.35,361880080.9539619,4.009019304648001,70.34800018310547,62.25110017776489,16.057882021277333,32.70290927627949,49.95546689243696,37.245312212615254,11.008567754909041,2
HK.02269,492,57.900001525878906,55.400001525878906,4.512635254770127,0.7540315077590114,24965635.9,1445510356.7045372,3.6863249104984432,48.354400177001956,38.56510006904602,19.430697344449776,53.17461030293238,83.57641041593745,77.93484909906793,44.89490203311149,2
HK.02270,492,5.949999809265137,5.949999809265137,0.0,,100.0,594.9999809265137,0.0,6.833899984359741,4.967175010442734,-12.500005259233216,14.423077452112251,45.476762525310846,49.87404953112915,98.99664850459322,0
HK.02271,492,3.7799999713897705,3.7950000762939453,-0.3952596733232044,0.4141191178481433,1020060.0,3855826.7708158493,5.9118321550434265,3.0418000078201293,2.7290192341804502,33.56890718356041,14.545455333615148,37.67242192266432,98.94025475369261,-4.046492801521072,0
HK.02272,71,57.0,55.650001525878906,2.425873202345384,0.2399536979243506,215660.5,12292648.5,12.560227284160366,94.11100021362304,,-31.200964333385667,-51.93929111859341,,-52.57903373779281,,1
HK.02273,492,26.299999237060547,25.739999771118164,2.175600120131843,0.46346634139963894,397258.9,10447908.766915513,2.2612499101701258,26.347813339233397,26.639447135925295,1.7050722889371257,-10.851108825690922,6.650385889835284,-2.8378178125319073,-9.514987395937904,1
HK.02276,492,38.13999938964844,37.15999984741211,2.6372431277191652,0.6194258875464705,1918134.1,73157633.40326385,5.259021349332009,39.230287895202636,45.948165035247804,-10.452321742013618,4.4235097372359915,-27.966053704208832,-28.6983696968007,-10.20908225166386,2
HK.02279,492,2.119999885559082,1.9950000047683716,6.265658170022085,0.3259706107558327,147120.3,311895.0191634178,3.769029871116112,2.226600012779236,1.986441244482994,0.9523800873701953,5.472631622772936,28.109286280958656,29.616454025305305,-6.234894984188339,1
HK.02280,492,0.20600000023841858,0.20600000023841858,0.0,,0.0,0.0,0.0,0.20600000023841858,0.20646500036120416,0.0,0.0,0.0,7.85340346813215,-34.6031740325078,0
HK.02281,492,0.5849999785423279,0.6100000143051147,-4.0983664223788265,0.8353510895883777,81900.0,47911.49824261665,1.672704028808114,0.6081000041961669,0.6583725136518478,-4.0983664223788265,-6.351534822414518,-19.55835853553767,-15.210172217670861,-18.513667704451827,0
HK.02282,492,9.350000381469727,9.420000076293945,-0.7430965420093533,1.0124844695603383,5718919.1,53471895.7665945,2.940725974940218,10.082790699005127,10.994038705825806,-8.958130820709608,-7.883947250185046,-9.892178717807676,-23.824239655397466,-36.88432727366131,0
HK.02283,492,1.434999942779541,1.4600000381469727,-1.7123352543991492,2.341149059614669,262078.75,376082.99125373363,1.984872004799176,1.5972367811203003,2.0344038861989975,-10.869569563395611,-25.91026894402032,-32.302518747536766,-39.20499981869051,-35.673342375734755,0
HK.02285,492,29.920000076293945,30.860000610351562,-3.0460159282767707,0.24998741627760393,3272007.5,97898464.64963436,6.228047448720205,22.100516471862793,19.848325538635255,47.38916847676877,50.98325811936888,95.25981371602523,59.885202918086165,41.36456432793175,0
HK.02286,492,0.2800000011920929,0.2800000011920929,0.0,0.26337448559670784,54700.0,15316.000065207481,4.776379345840502,0.29936000019311904,0.20926499985158442,-17.64705933914052,81.81818357746886,71.7791391974125,17.647056613767546,16.66666977107532,0
HK.02288,492,0.15299999713897705,0.15299999713897705,0.0,0.0,27250.0,4169.249922037125,3.6820317185541613,0.13615999966859818,0.14808500003069638,-1.923080780625969,13.333326710595289,1.3245060560887627,-5.555557599610584,23.387096483458087,0
HK.02289,492,5.494999885559082,5.494999885559082,0.0,0.0,25.0,137.37499713897705,0.0,5.598099956512451,5.856085929870606,-0.09091117165305397,-24.726030931707122,0.5110745911080558,-20.113636434534513,0.8582603544070968,0
HK.02290,85,4.414999961853027,4.360000133514404,1.2614639140914454,0.5881065642854628,2247891.0,9924438.679249763,5.909493683818933,3.9043999814987185,,9.012339603172602,22.638891078071886,,57.117439564282826,,3
HK.02291,492,13.100000381469727,12.829999923706055,2.104446292823359,0.6589301985827353,239232.0,3133939.2912597656,6.882212135484098,12.023200016021729,12.841424608230591,6.417546181347944,25.9615467497586,-12.569181170793673,-16.13019982258101,-32.50204243006575,7
HK.02293,492,0.4000000059604645,0.36500000953674316,9.589039865544988,14.915254237288135,20600.0,8240.000122785568,1.821813048587593,0.36860000431537626,0.42045000195503235,3.8961080178621965,9.589039865544988,-6.976744347227267,-19.999998807907104,-25.068872261313636,1
HK.02295,492,5.695000171661377,5.800000190734863,-1.8103450969056394,0.1592356687898089,150500.0,857097.5258350372,6.159814138389598,6.054000024795532,4.164650008678437,12.549411779894603,-9.60317461518864,50.26385828449841,44.177217795248666,32.44185858252509,0
HK.02297,492,0.15299999713897705,0.15800000727176666,-3.164563229537948,12.237061769616027,386200.0,59088.59889507294,6.840348653034849,0.18537999987602233,0.24034499891102315,-20.312502182787266,-30.454546378171155,-46.315789803903854,-40.0,-57.50000248352677,0
HK.02298,492,0.24899999797344208,0.24699999392032623,0.8097182600583293,2.505698755041206,635100.0,158139.89871293306,3.625352592928379,0.2849199962615967,0.32902944445610044,-12.631578562112173,-24.545458157857116,-25.548170916067082,-19.821107689975015,-18.568309445070216,1
HK.02299,492,5.800000190734863,5.849999904632568,-0.8546959779966954,531.6666666666666,16550.0,95990.00315666199,0.27616205880062467,5.4999004745483395,4.968149816989898,5.959186205066588,7.305302143365601,27.298095878888766,23.899996913573016,42.64608976039151,0
HK.02302,492,3.1700000762939453,3.194999933242798,-0.7824681524634237,0.719537428866172,252400.5,800109.60425663,4.208226832973164,3.8329000091552734,5.174775000810623,-15.915116914274163,-26.62037152015128,-43.493761125668854,-37.351776439890386,-20.35175725873747,0
HK.02306,492,1.934999942779541,1.9299999475479126,0.2590671174877994,0.4560260586319218,94200.0,182276.99460983276,2.4953481973005776,1.947299997806549,2.0876249998807905,0.2590671174877994,-1.7766540772783588,-2.7638224368655027,-24.117647883801325,-19.709548802253362,2
HK.02307,492,0.16099999845027924,0.1599999964237213,0.6250012805685687,0.24822695035460993,56600.0,9112.599912285805,3.6454180459290337,0.1556200024485588,0.21260999999940394,3.8709659432521484,23.846157196710923,-32.916665812954285,-39.24528032403336,-10.055869363271736,1
HK.02309,492,1.6549999713897705,1.6100000143051147,2.7950283655170027,1.2293139969859153,4118898.6,6816777.065157366,7.995342590869223,1.8585999989509583,2.165400000214577,-8.815431448289706,-17.661692575016747,-24.42922702521336,-21.190473973886125,-11.497327958843089,1
HK.02310,492,0.18000000715255737,0.18000000715255737,0.0,0.0,84700.0,15246.00060582161,0.9104799390584494,0.18972000122070312,0.11565000042319298,-5.759158382414196,25.874124999687385,114.28572568966433,429.41175697171604,350.00002793967786,0
HK.02313,492,33.779998779296875,33.47999954223633,0.8960550811301121,0.7695685192844484,5999029.2,202647199.05296633,2.442427445357168,37.847017440795895,47.12703561782837,-6.114510258280878,-17.407664244299244,-32.649855035427336,-42.75237547388909,-41.71834713332932,1
HK.02314,492,3.3350000381469727,3.309999942779541,0.7552899033115404,0.4868912994902108,2673081.25,8914726.070719957,2.5943701406113866,3.7866157627105714,3.34373908162117,-10.228799052538022,10.09228293299358,1.1792500426583112,21.415087755967203,25.75135921196317,2
HK.02315,492,79.69999694824219,71.5,11.468527200338723,0.4196005502819267,1617283.05,128897454.14944382,7.623843711831488,62.144199981689454,51.21019992828369,37.413787841796875,59.39999389648437,48.14126036890392,129.41851783974826,185.66307540487577,2
HK.02317,492,0.7200000286102295,0.7200000286102295,0.0,0.0,32585.6,23461.632932281493,0.8935917685736591,0.6979739201068879,0.6502730506658554,2.0881183457216506,4.185813678312609,19.809924322823168,25.25581867991713,23.386320064808586,0
HK.02318,492,51.54999923706055,51.75,-0.3864749042308273,0.8224294283827068,27481599.8,1416676448.7232034,1.4827055125259387,54.65647323608398,58.44976385116577,-8.355556911892362,-0.47190972010732085,-6.416635463031362,-18.534840124255332,3.852531577425318,0
HK.02319,492,17.219999313354492,17.3700008392334,-0.8635666012180018,1.1103545081326387,11562649.55,199108817.31155863,2.553350807986654,18.272200050354005,16.58925771713257,-5.540319551527187,-1.600003923688616,9.507479255019526,19.702745168180357,22.829005816128703,0
HK.02320,492,0.20999999344348907,0.20000000298023224,4.999995157122685,0.10854482099355516,3162100.0,664040.9792676568,12.074190981300111,0.22527999848127364,0.11290999947115779,-3.2258062301001678,191.6666701160097,138.636357478859,149.99999556513052,135.95504470431993,1
HK.02321,492,0.5,0.5,0.0,1.7573221757322175,65000.0,32500.0,0.7830181364573325,0.5074602615833282,0.4894919241964817,0.0,-4.073899368372182,1.6816560884236589,27.102066258892748,18.234478990975408,0
HK.02322,492,0.05700000002980232,0.05700000002980232,0.0,0.3177215642777917,2160100.0,123125.700064376,7.6054884501884175,0.06504000052809715,0.09133500020951033,-8.064514578443138,-22.97297392538465,-33.720932448793505,-56.1538445226539,-59.8591562228244,0
HK.02325,492,0.45500001311302185,0.45500001311302185,0.0,0.19745388412574694,290325.0,132097.87880703807,5.668250710163884,0.5517999976873398,0.7454999999701977,-8.99999737739563,-28.90624636202111,-45.180720209400455,-54.04040315858857,-64.99999770751359,0
HK.02326,492,0.01600000075995922,0.014000000432133675,14.285716186372543,2.826399495261178,16552050.0,264832.812578883,7.219302631526486,0.010559999868273735,0.010174999805167317,60.00001117587115,60.00001117587115,60.00001117587115,60.00001117587115,45.45455315142628,1
HK.02327,492,0.2070000022649765,0.21299999952316284,-2.81690012752036,0.024844720496894408,239700.0,49617.90054291487,2.588512228056368,0.2338808971643448,0.25282671257853506,-12.842103215796111,-15.270760822308569,-16.932112691233108,-25.676101530742617,-24.348889636300505,0
HK.02328,492,15.624863624572754,15.517576217651367,0.6913928142936809,0.7637333958772552,20873530.7,326146070.5508326,2.015077235571684,15.999001350402832,14.879827427864075,-7.0226279071430335,7.878789115867532,10.85979408885601,0.46459147180378135,-2.8612370383185644,2
HK.02329,492,0.09200000017881393,0.09000000357627869,2.2222183589583624,0.36992840095465396,170600.0,15695.200030505657,7.236892091896661,0.09530000030994415,0.10567500039935113,-16.363635747885898,2.2222183589583624,-12.38094947505691,-36.111108236658595,-54.00000059604644,2
HK.02330,492,0.21400000154972076,0.2199999988079071,-2.727271495771795,0.2560491614389963,158220.0,33859.08024519682,3.7768327413610887,0.25557999849319457,0.28214500047266483,-6.956522753198096,-14.399999380111694,-22.181819304947002,1.9047658243418424,58.518513367500034,0
HK.02331,492,12.329999923706055,12.279999732971191,0.4071676858478689,0.302413671436119,21218980.8,261630031.64512026,2.824646906673321,13.387548122406006,17.080231075286864,-10.327273282137785,-16.314770499558854,-39.82526209103894,-30.422959697551356,-26.502576827009516,1
HK.02333,492,7.074999809265137,7.09499979019165,-0.28188839348751316,0.5033463370970187,16273743.25,115136730.3897798,2.666620767557533,8.031799993515016,10.716670439243316,-7.334648367112265,-20.2367542215679,-40.31015779116506,-50.969056213112,-55.42105304904752,0
HK.02335,73,22.700000762939453,21.940000534057617,3.463993666281285,0.44814901047729916,491040.0,11146608.374633789,5.829475509801951,26.350200004577637,,-13.75379549338153,-41.00831332385144,,-38.48238530012155,,5
HK.02336,492,0.1979999989271164,0.1979999989271164,0.0,0.0,240354.6,47590.21054212749,4.424735405288678,0.22643999963998795,0.22718499891459942,-19.183675480206634,-17.154809602433264,-18.852460367949973,-22.35294014524834,-13.913045506396193,0
HK.02337,492,1.409999966621399,1.399999976158142,0.7142850452539758,0.8147578785549577,193450.0,272764.4935429096,2.3880246724054683,1.386699993610382,1.4132249975204467,2.919705234584303,8.461539872299337,-9.615383439750554,-18.497112654568966,-18.023259118159,2
HK.02338,492,29.479999542236328,29.260000228881836,0.751877346662958,0.4650504928108383,17140320.6,505296643.44178396,4.192763014689393,31.458618125915528,30.590957593917846,-8.736642202638771,-18.690460633814183,14.052454649863028,60.562771318288476,114.95197517595565,5
HK.02339,492,5.179999828338623,5.210000038146973,-0.5758197617791133,0.5980830476061892,2666525.9,13812603.704260493,9.142995323940585,4.887099976539612,4.989824979305268,22.603549000295356,-0.3846150319251659,16.93002322939754,40.37939696511891,509.4117274168877,0
HK.02340,492,0.1459999978542328,0.1459999978542328,0.0,0.0,10569.0,1543.0739773213863,1.4122905265468106,0.1430399999022484,0.15734999999403954,-0.680273488006035,-12.048190716199207,-17.514126006070413,-13.095238200830225,-13.095238200830225,0
HK.02342,492,1.190000057220459,1.1699999570846558,1.7094103307181667,1.9065824369715627,31170933.3,37093412.41061511,10.575231383837583,0.8236305618286133,1.4768956792354584,57.61590261406238,24.398390369884318,-26.282436186964297,-52.039176417354184,-65.08115384757997,2
HK.02343,492,3.869999885559082,3.875,-0.12903521137852822,0.5344591489787247,14128093.6,54675720.615168,3.5718041923895925,3.9239227676391604,3.1164448618888856,-8.941179163315716,34.955317962308854,41.950550317854834,73.82928358838073,69.51945823807063,0
HK.02347,492,0.7549999952316284,0.7950000166893005,-5.031449134334396,1.0987898559313543,191100.0,144280.4990887642,2.6250083386768357,0.7299197256565094,0.7078198298811913,2.721085787382208,10.184998404218812,15.118644437486909,13.42573016907482,12.563092810714235,0
HK.02348,492,0.9649999737739563,0.9649999737739563,0.0,2.5534715366897007,168750.0,162843.74557435513,0.7890748107849717,0.9817688870429992,1.0482275122404099,-2.0000033897439184,-2.0000033897439184,-7.683345347603572,-15.312825488276877,-16.689850094337476,0
HK.02349,492,0.10199999809265137,0.10199999809265137,0.0,0.0,130200.0,13280.399751663208,4.6807996738811255,0.09148000046610832,0.08831500012427568,17.24138049157048,5.154634107374385,14.606737434344899,35.99999205271435,39.72602683801233,0
HK.02350,492,0.699999988079071,0.6899999976158142,1.449273985189887,0.23335789732252518,382100.0,267469.99544501305,3.9950872613813733,0.6778999996185303,0.7903537937998771,-6.040270657889662,16.666660043928623,-20.454546378171155,-17.64706253592933,7.692309808449005,1
HK.02352,492,4.0,4.199999809265137,-4.7619004368509765,2.926829268292683,940.0,3760.0,1.1141389500377032,3.6030000114440917,4.516149981021881,5.263159215615413,-11.504424405327622,-11.11111111111111,-33.44426210206314,-43.66197107425167,0
HK.02355,492,2.700000047683716,2.799999952316284,-3.571425226269879,0.45528455284552843,46400.0,125280.00221252441,1.299667723358983,3.042699975967407,3.660402377843857,-7.3756403767717,-18.674695723668265,-30.001561960024333,-30.526550910927085,-33.67689558361776,0
HK.02356,492,14.460000038146973,14.319999694824219,0.9776560496251634,0.44677918911937764,1315065.5,19015847.180165768,2.717791415122932,14.387315979003906,12.227461185455322,0.22779692262294926,24.067576956521634,32.39178669169254,42.171424745787064,56.47526122882501,1
HK.02357,492,3.0450000762939453,3.055000066757202,-0.3273319229047202,0.2780049572105614,18041720.15,54937039.233224005,3.112282333749788,2.9651000022888185,3.409836208820343,2.181209959880074,2.181209959880074,-9.642677821129992,-26.478113524488478,-23.7817219683799,0
HK.02358,492,0.010999999940395355,0.010999999940395355,0.0,0.0,10681500.0,117496.49936333299,7.615716639876637,0.012920000012964011,0.012110000061802566,-26.666665424903208,-15.384617588929125,0.0,0.0,0.0,0
HK.02359,492,218.60000610351562,212.39999389648438,2.919026546701738,0.8570348208184518,3515269.65,768437966.9455032,3.3659472368622856,195.0937109375,140.963893699646,14.032347200577302,40.98704324174631,96.0494976000438,119.92483713458807,103.41032690587897,2
HK.02360,492,1.649999976158142,1.659999966621399,-0.6024090761646119,1.000237905747694,356014.85,587424.4940119445,1.4663163981317926,1.5936277842521667,1.6396600252389908,1.583605067876757,9.837270863577618,-1.2959556110012356,-8.589357199299819,-12.469999549740292,0
HK.02361,492,4.099999904632568,4.039999961853027,1.4851471125267248,0.0,1825.0,7482.499825954437,1.2021734129048,4.597500009536743,4.892804372310638,-13.043483097614986,-18.97233298424958,-18.432213720442274,-24.36441401072405,20.22997488591131,1
HK.02362,492,0.8050000071525574,0.8650000095367432,-6.936416384124574,0.9192042694331491,37501686.95,30188858.26298297,3.91768904125476,0.6516199803352356,0.639904978275299,26.572332628792662,26.572332628792662,26.572332628792662,26.572332628792662,26.572332628792662,0
HK.02363,492,0.2800000011920929,0.2800000011920929,0.0,0.0,38258.75,10712.450045607984,1.6813051979337197,0.26281999886035917,0.31582999929785727,21.739128744669838,-27.272725161582777,-12.49999767169351,-25.333333015441895,-34.11764862628127,0
HK.02367,492,23.0,23.1200008392334,-0.5190347529303004,0.4781564937660699,2388426.85,54933817.550000004,3.6212739702384056,26.83760013580322,28.816367740631105,-11.538461538461538,-12.613980749692374,-15.624217633192156,-29.530688621004824,-55.42588074981188,0
HK.02368,492,2.9000000953674316,2.875,0.8695685345193614,0.0,9700.0,28130.000925064087,0.6280559417578725,2.8544250106811524,3.058288072347641,-2.0270250677801456,8.180122772414245,-5.778595988618586,-18.41163685809983,-16.557766621945927,1
HK.02369,492,0.4950000047683716,0.48500001430511475,2.0618536429497536,0.4420642206498678,944382.95,467469.5647531688,6.76330749779703,0.6051999998092651,0.7236999994516373,-13.157892810560856,-25.000002257751607,-20.161290167521738,-47.34042489107726,-60.39999961853027,1
HK.02370,492,1.190000057220459,1.2000000476837158,-0.8333325054910776,0.164638511095204,311075.0,370179.2677998543,2.6427135437827847,1.215900001525879,0.9500499980151653,-2.857140076751318,15.533989347087232,21.428574904060852,88.888899401172,240.00002213886842,0
HK.02371,492,0.164000004529953,0.164000004529953,0.0,0.0,43050.0,7060.200195014477,1.385116316098783,0.1939400017261505,0.237320000231266,-15.025906015675867,-21.531100683150488,-34.3999981880188,-48.74999743886286,-54.44444499633928,0
HK.02372,492,0.9350000023841858,0.9399999976158142,-0.5319143876925793,0.0,43000.0,40205.00010251999,2.299207553562985,0.9891000008583068,0.6517249995470047,-10.09615031925166,-8.333331385469087,142.85714949216842,233.92857085837394,332.87036024591055,0
HK.02373,492,18.209999084472656,19.040000915527344,-4.3592531047507,0.36229720314521746,251525.0,4580270.019721985,4.622574289906115,18.468153190612792,20.322893061637878,3.407146242620803,4.231120475778476,-3.1339157368259145,-28.23236776528691,-49.1726304220681,0
HK.02376,492,2.3499999046325684,2.3499999046325684,0.0,0.0,82375.0,193581.24214410782,0.9123259189125172,2.2240999841690066,2.389964236617088,2.1739110153428576,9.302316297384026,28.77545903775345,-12.92762276829095,-22.325919556226197,0
HK.02377,492,0.7599999904632568,0.7699999809265137,-1.2987000923330156,0.0,96747.4,73528.02307734489,0.9645723632522408,0.8097000074386597,0.8643143507838249,-5.000002607703171,-7.317073525310204,-14.772729779277222,-18.99190419931065,-24.242429283655827,0
HK.02378,492,95.5,94.69999694824219,0.8447762170415383,0.22499930698365406,91481.15,8736449.825,1.5920469981300243,106.32746871948243,112.6132165145874,-11.826986879753852,-11.66400274040138,-14.278433664683767,-19.430151347945152,-9.659555147478855,1
HK.02380,492,2.744999885559082,2.744999885559082,0.0,0.3131299199559079,14406044.7,39544591.052859016,1.9608121519943185,2.760099997520447,3.005369619131088,-2.139043842073237,-0.5434820636233801,-11.321395746164924,-11.591756493323748,-12.127562353075144,0
HK.02381,492,0.3400000035762787,0.33000001311302185,3.030300019967555,0.21842928489105976,8864500.0,3013930.0317019224,12.15304873555037,0.2824291315674782,0.18609287045896053,39.91769653313141,67.72443429700519,201.62373991660635,145.17951810439612,193.18667455367506,2
HK.02382,492,64.0999984741211,61.95000076293945,3.4705370213132274,0.6510458526338138,7261273.25,465447604.2451763,3.3116905965737935,63.46399978637695,62.86989147186279,-7.836095382455882,15.080785630384877,23.092618690172166,-4.261302808343018,-24.487009698292812,1
HK.02383,492,0.36500000953674316,0.36500000953674316,0.0,1.2962962962962963,33900.0,12373.500323295593,1.375573936239454,0.36670000791549684,0.38872500374913216,0.0,-3.9473647060816504,-7.594936804365715,-12.048188704574885,-19.780219996152553,0
HK.02385,492,4.585000038146973,4.804999828338623,-4.578559792950451,1.1537830297062202,246120.0,1128460.209388733,5.364957033419014,5.5996999931335445,5.622225005626678,-14.299063179855045,-22.941173359243354,-19.13580288443587,-26.048384206476033,-29.461537874661957,0
HK.02386,492,5.144999980926514,5.215000152587891,-1.3422851316052231,0.1687491663919236,9156099.3,47108130.72386127,3.3032928780486066,5.22220458984375,5.889840185642242,-8.164168027059187,-0.0763653359903457,-6.27540654378929,-27.923076332147733,-20.6320587622383,0
HK.02388,492,51.150001525878906,50.5,1.2871317344136757,0.6799117514062303,10509574.0,537564726.1363373,2.0794448573967848,51.02568313598633,44.17292749404907,-2.128761583768196,20.28867129514627,29.16816864085962,32.89169785290667,44.74087672042618,1
HK.02389,492,0.07199999690055847,0.07199999690055847,0.0,0.0,440400.0,31708.79863500595,1.434744191734025,0.0797199995815754,0.07115000020712614,-8.860767611592008,-4.000007947285654,12.499989813659825,10.769230063850333,-16.27907621467201,0
HK.02390,492,9.0,8.75,2.857142857142857,0.6402618657937806,78015.0,702135.0,3.7153031646407477,8.204100046157837,8.45857500553131,32.35293746407067,11.66252520403719,21.621620054224117,2.1566353159330176,-31.24522616433506,1
HK.02391,492,13.020000457763672,13.020000457763672,0.0,0.0,3370.0,43877.401542663574,1.264880006844298,13.741000080108643,16.303849234580994,-13.488370147801772,-19.48051702948558,-30.67092661491638,-22.4920564415038,-32.74928525125069,0
HK.02392,492,0.9850000143051147,0.9850000143051147,0.0,0.0,59450.0,58558.25085043907,4.898317581234692,1.0201999807357789,1.2074499917030335,-8.796298595858119,-7.943928409366017,-27.037037265971197,-12.053570525758731,-26.49253807691401,0
HK.02393,492,0.07199999690055847,0.07199999690055847,0.0,11.607039481301378,123870.0,8918.639616072178,3.3940493579111664,0.061140000075101855,0.08307000001892448,28.57141906813729,30.90908598308718,-26.53061348614424,-28.00000417232507,-44.18604597435868,0
HK.02396,193,3.9549999237060547,4.150000095367432,-4.698799209162719,0.9062821833161689,28210.0,111570.5478477478,7.211909713030631,4.328399996757508,,-10.011377909669573,3.2637076368149174,-45.069444048919785,-75.31211104435788,,0
HK.02399,492,0.3400000035762787,0.3400000035762787,0.0,0.2934222491664141,3807500.0,1294550.013616681,4.631494487096399,0.3106999975442886,0.4406249998509884,6.250003492459733,6.250003492459733,-27.659573523692814,-50.72463699259494,-1.449273985189887,0
HK.02400,492,38.119998931884766,38.18000030517578,-0.1571539361221055,0.17780628266879178,2313861.05,88204380.75452976,3.9734443868269436,41.80800010681153,57.94140018463135,-15.364124873401009,-19.544115507549165,-40.807456477207715,-41.7125412194362,-56.05763811886483,0
HK.02402,492,10.949999809265137,10.279999732971191,6.5175106390814825,0.4742684340707029,2190921.3,23990587.817114923,7.92980212887002,11.896099948883057,17.832474918365477,-9.802310546985623,-17.977531862365158,-45.57654397353222,-46.89622035111308,-62.981744971237916,2
HK.02405,492,0.3199999928474426,0.3499999940395355,-8.571429057997108,0.8727272727272727,57400.0,18367.999589443207,1.6651679289543548,0.3583999991416931,0.665199998319149,3.225803350434739,-41.81818437970369,-60.0000014901161,-70.37037221001982,-73.77049300466226,0
HK.02407,492,4.539999961853027,4.574999809265137,-0.7650240190443036,0.5362318840579711,12725.0,57771.49951457977,3.648550111308256,4.684000024795532,5.682699995040894,0.3314887551262628,-8.651908380101595,-28.164559516782894,-43.602486282194945,-50.81256568780896,0
HK.02408,204,4.144999980926514,4.210000038146973,-1.5439443380401654,1.1662636893756222,173475.0,719053.871691227,3.1857963951010495,3.753600015640259,4.210437306165695,-2.9274004814603587,20.845478141500102,-10.368444708546994,-4.651623990199163,,0
HK.02409,492,6.449999809265137,5.840000152587891,10.445199327724945,4.429906542056075,190250.0,1227112.4637126923,3.806957937951007,4.296700024604798,4.251875002384185,49.825785515868596,46.2585041369139,55.79710186658717,54.306221869601,52.48226430689014,3
HK.02410,492,3.9749999046325684,4.164999961853027,-4.5618261455139875,0.19917295526584528,3438744.6,13669009.45705576,15.319433201782878,5.428799996376037,9.083449989557266,-9.863944622011928,-41.28508248402437,-59.88900135381336,-69.25754206640346,-74.68152896226931,0
HK.02411,492,1.5499999523162842,1.5449999570846558,0.32362429582607755,0.25157477758295993,3532700.0,5475684.831547737,4.348199041482299,1.4446000027656556,1.592122222185135,9.929077234685982,-3.1250044237821637,-11.116137841421743,-12.614176736908853,-7.960499514579085,5
HK.02415,492,0.8700000047683716,0.8500000238418579,2.3529388665328623,0.0,116050.0,100963.50055336952,1.678940214647711,0.775200001001358,1.0437000048160554,8.749998975545182,-12.12121248610128,-25.641022506001477,-32.55813717089918,-43.1027061591544,1
HK.02416,492,2.815000057220459,2.869999885559082,-1.9163704018026104,0.07298382191947451,116515.0,327989.7316670418,4.860651874784253,3.309300012588501,3.0856250035762787,-14.307458640183842,-6.166664759318033,3.8745393946666735,23.46491633965153,32.15961999886275,0
HK.02418,492,2.674999952316284,2.640000104904175,1.325751743232593,0.0,23700.0,63397.498869895935,1.4080297978286933,2.814999990463257,3.298538479804993,-12.866449169895608,-7.758625367308474,30.380417888524715,-71.5434128863076,18.943536458978244,1
HK.02419,492,57.099998474121094,56.400001525878906,1.2411293072766971,0.14683279155684656,632854.35,36135982.41934089,4.208413374290322,55.35500015258789,61.44330005645752,-6.393445124391651,13.51888536819375,-14.45693112491222,-17.60462343490079,-26.322582614037298,2
HK.02420,492,5.46999979019165,5.880000114440918,-6.97279449437989,0.24518140589569162,338475.0,1851458.1789851189,8.239302119804039,4.643399991989136,3.921297386884689,2.147521395117775,43.56955045519177,42.8105862196141,52.23080745984531,83.1602241878062,0
HK.02421,492,0.550000011920929,0.550000011920929,0.0,1.383555620694709,174175.0,95796.2520763278,1.7688274245329878,0.5728999960422516,0.5980249983072281,-2.6548647359614446,-11.290321340173895,-6.779654852722472,-15.384610446952324,-19.11764615650409,0
HK.02422,492,2.0950000286102295,2.069999933242798,1.2077341146705867,0.16009852216748768,617800.0,1294291.0176753998,4.663876132947807,2.3342000031471253,1.6144250021874904,4.488773517821342,7.435896275938565,37.82895098019839,155.48781059562705,404.81929415316483,1
HK.02423,492,43.619998931884766,42.81999969482422,1.8682840793136324,0.2663484264169292,11010499.35,480277969.8865179,3.385196745289043,44.55359985351563,43.73150844573975,-4.718217354756522,9.213821811988904,9.255228064268293,4.203869844322819,-12.552117265462842,1
HK.02425,492,1.7799999713897705,1.7799999713897705,0.0,0.19408731199687035,33294.85,59264.832047426695,0.5729824516490711,1.8165999960899353,2.0380500030517577,-1.111110080907347,-1.111110080907347,-17.592597191716237,-16.822435320886324,-3.7837865702682367,0
HK.02427,492,2.5950000286102295,2.7750000953674316,-6.486488669232594,0.49909255898366606,221400.0,574533.0063343048,6.4101741362436,2.5103000020980835,2.9585250106453898,10.425537613626748,-4.243542727600003,-27.916663962381786,389.6226733381887,408.82354453635764,0
HK.02429,492,1.7450000047683716,1.7400000095367432,0.2873560462197707,0.0,110650.0,193084.25052762032,4.9753331517968995,1.8928999972343445,2.237525001168251,-8.39894850521561,-32.10116536592475,-31.568625984353194,-28.483608039083446,-44.24920316400486,1
HK.02431,436,1.899999976158142,1.9199999570846558,-1.041665696538963,0.3126901953889403,1318131.2,2504449.248573303,9.563004354529262,3.1935999989509583,9.141550007462502,-20.16807206732139,-78.26086926870637,-80.31088029775987,-86.40915566257446,-93.34733889465271,0
HK.02432,438,20.920000076293945,21.200000762939453,-1.3207579083439842,0.20173298271193585,1209676.2,25306426.19629097,4.326722338361866,23.31699993133545,30.92175004005432,-9.905251098512096,-22.861359037902997,-39.36231861943784,-45.14944831915274,-65.62037699114978,0
HK.02433,492,0.06199999898672104,0.06700000166893005,-7.462690384570047,0.16833245660178853,129700.0,8041.399868577719,2.2789648811382657,0.06956000097095966,0.07430500023066998,-7.462690384570047,6.896553053016792,-17.333337969249964,-15.068493290496917,-27.05882548873398,0
HK.02436,492,17.1200008392334,17.350000381469727,-1.3256457474316479,1.0121824493134937,671205.0,11491030.163297653,5.735180273224218,19.499799995422364,16.17729992866516,-8.055853557425277,-15.498516062068852,45.08475052971354,272.1739390036114,220.00002139082616,0
HK.02438,492,0.2800000011920929,0.2800000011920929,0.0,2.4803149606299213,497400.0,139272.000592947,2.401690277328454,0.3169000035524368,0.4481749996542931,-11.111110059882801,-28.20512526604305,-46.15384394953229,-52.542370569770924,-57.575759080925316,0
HK.02439,492,0.2150000035762787,0.21899999678134918,-1.8264809424011597,0.7595110039329647,13542500.0,2911637.548431754,7.207092847792643,0.26688000112771987,0.29856500029563904,-34.84848635365259,-36.76470549564461,-15.68627153071743,-10.041836725914267,-23.21428476395656,0
HK.02440,492,0.8299999833106995,0.8299999833106995,0.0,0.18401848527024034,81413.55,67573.2451412648,4.282215830028378,0.8856999993324279,1.3694250017404557,-4.597703590624888,-10.752690652985542,-44.6666677792867,-55.135136615455,-73.3118967425198,0
HK.02442,492,38.68000030517578,51.95000076293945,-25.543792613820983,1.2025136352857482,428455.0,16572639.53075409,20.796533789427304,89.06960006713867,47.74094997406006,-68.80645136679372,-48.010753344243504,71.91111246744791,99.0735959735017,1054.6269076511585,0
HK.02443,492,1.034999966621399,1.0099999904632568,2.4752451875445414,0.4288236387288608,414830.0,429349.0361535549,11.513649193345598,1.3175000083446502,1.9084749987721443,-25.539569980356198,-37.65060316670149,-47.72727491660768,-63.035714848309155,-74.75609778790584,2
HK.02450,492,14.350000381469727,14.899999618530273,-3.6912701418901004,0.6972485679406517,200355.0,2875094.326429367,12.05526587788458,9.225199985504151,5.267999987602234,105.00000544956751,195.87630234307954,298.61113226708125,341.5384732759916,447.7099621478639,0
HK.02451,492,13.930000305175781,14.079999923706055,-1.0653382055615197,0.1829424075591485,1845022.5,25701163.988056183,6.885942289061317,13.655999946594239,13.040099973678588,7.984501682976469,6.743295797541012,5.2114844862972705,14.180332155389195,37.784379606537165,0
HK.02453,492,0.7200000286102295,0.7400000095367432,-2.7027000903735274,1.0694057790150715,91040.0,65548.8026046753,4.262198786913706,0.7674000036716461,1.1864000004529953,-2.7027000903735274,-7.692300638503319,-33.944953526423944,-60.65573706418013,-76.31578823536054,0
HK.02455,492,0.75,0.7599999904632568,-1.31578823536055,0.08136696501220504,242300.0,181725.0,3.006315428908153,0.6898000061511993,0.6816249904036522,9.48905071380695,8.695652549493667,26.20193313066129,-1.5009333718784177,13.75948853708958,0
HK.02457,492,0.5249999761581421,0.625,-16.000003814697266,4.248229904206581,709250.0,372356.2330901623,7.490741338881267,0.4190000015497208,0.3451500009000301,32.91138275906272,54.41175606939629,84.2105202617627,81.03447974649526,90.90907810148157,0
HK.02458,492,6.364999771118164,6.559999942779541,-2.9725636183276145,0.0,147829.0,940931.5511646271,0.44871450650428424,6.439399976730346,5.880049996376037,2.4135094907087726,20.321357599567474,13.660712134169037,-0.235115094885361,1.0317393399272088,0
HK.02459,492,0.625,0.5799999833106995,7.758623790372514,2.116889379221746,240845.1,150528.1875,6.9584805455362035,0.6253999972343445,0.8043499949574471,-10.714284193759035,11.60714238197828,-30.555553715905976,-38.72548905027593,-54.37956220258043,1
HK.02460,481,7.255000114440918,7.289999961853027,-0.4801076487689425,0.5056615563907891,724895.15,5259114.396207667,2.3144905669442237,7.428479967117309,8.341993448734284,-1.0679508181211632,-1.5204013842048822,-14.312822632694047,-24.46332145088763,-31.740725590129358,0
HK.02465,476,9.234999656677246,9.0,2.6111072964138455,0.10121900292322071,2407750.0,22235570.42336464,4.090869371074519,9.527199897766113,12.311249952316285,-1.388148613114127,-22.13322155133546,-20.04329433617374,-34.688830039256445,-21.869713239323527,1
HK.02469,492,0.3199999928474426,0.3199999928474426,0.0,0.3996325525758146,3005126.2,961640.3625056625,7.892548637238892,0.3296999979019165,1.0077499963343144,0.0,-40.740744420039654,-72.41379292626443,-85.32110169503574,-88.65248225451319,0
HK.02473,492,0.42500001192092896,0.4050000011920929,4.938274239498084,0.18018327881037258,31299199.05,13302159.969365528,6.5116720558178525,0.44090000092983245,2.340499984771013,-9.5744653193861,-32.53968013687497,-65.16393426604503,-94.55825845025969,-96.6269841344929,2
HK.02475,63,52.29999923706055,53.349998474121094,-1.9681335840522625,0.7396623870600925,2263890.55,118401474.03778857,3.8897753949981038,58.98917739868164,,-14.628441745458693,,,-15.86173422712561,,0
HK.02476,116,205.1999969482422,206.1999969482422,-0.4849660595538262,0.2320923173920909,2651772.05,544143616.5674338,5.580384140727402,214.6340005493164,,-5.087881662937015,-24.55882465138155,,-34.857143825954864,,0
HK.02477,492,0.19499999284744263,0.1889999955892563,3.174601797994651,0.021840150736891214,171142960.0,33372875.97589016,4.848864001749807,0.2179600003361702,2.042204996049404,-12.946434451590052,-36.06557761491922,-96.04261792176212,-93.67396612963381,-92.7441863126533,1
HK.02479,492,65.0,65.0,0.0,,0.0,0.0,0.0,65.0,65.0,0.0,0.0,0.0,0.0,0.0,0
HK.02480,492,15.989999771118164,15.989999771118164,0.0,0.0,860.0,13751.399803161621,1.2264609736066603,13.630000076293946,18.723300037384032,18.444442749023438,25.510204539938968,-30.478261864703633,-33.0962341994319,-35.62802064052207,0
HK.02481,492,2.5299999713897705,2.5199999809265137,0.3968250213867144,0.0,1650.0,4174.499952793121,0.0,2.544599986076355,2.51684313416481,1.1999988555908203,-5.2434494720502,-2.2512918905868458,6.116303853585029,-0.46755423307383426,1
HK.02482,492,0.27000001072883606,0.27000001072883606,0.0,0.07509386733416772,39100.0,10557.00041949749,2.0972526828701024,0.32930000364780426,0.525625001937151,-10.0,-45.99999785423279,-50.90909002241026,-63.51351253389007,-68.23529374640707,0
HK.02483,492,1.7999999523162842,1.7999999523162842,0.0,0.0,8800.0,15839.9995803833,0.0,1.7421475005149842,1.6664667159318924,4.072306623555853,2.9159519959377507,10.542441886769414,13.128229226151507,11.820388813261543,0
HK.02486,492,4.014999866485596,3.930000066757202,2.1628447400646036,0.8312432819777857,28120.0,112901.79624557495,5.397655411054786,3.9580000019073487,5.309100008010864,9.699447331415431,27.0569543491056,-41.811596942133185,-47.37877056008679,-50.30940712380557,2
HK.02487,492,0.875,1.0299999713897705,-15.04854132963036,1.5046314685648008,663990.0,580991.25,12.990256738449366,1.7908000004291535,3.655799998342991,-48.52941320841696,-68.86120933032886,-81.30341811763226,-80.93681980584105,-90.27777777777779,0
HK.02488,492,6.900000095367432,6.889999866485596,0.14514120574194997,0.7367565901896518,183660.0,1267254.0175151825,2.250224515854802,6.899665145874024,7.361600451469421,-2.2662868089077777,5.149322242854342,-7.468866454449147,-12.544856697899146,-30.748194351773268,2
HK.02489,492,0.7799999713897705,0.800000011920929,-2.5000050291418283,0.08755173511620502,544950.0,425060.98440885544,3.573107016737149,0.815538889169693,0.9308561617136002,-10.045524997504746,6.525037343351256,-19.04097583681875,-25.725669024908427,-45.297959573363286,0
HK.02490,492,4.300000190734863,4.03000020980835,6.699751038954754,7.841764814232932,1809930.0,7782699.345216751,5.7140178485312365,4.483699998855591,4.806857438087463,-1.4891084488338955,0.938966190232495,-5.077262879049997,2.4901419591971727,-42.62134821494586,1
HK.02493,102,20.34000015258789,20.799999237060547,-2.2115341410832823,0.04773967264224474,184360.0,3749882.4281311035,4.527435500196348,21.339200057983398,,-1.5488852719633597,-19.541140822307167,,-21.829362818020325,,0
HK.02495,492,26.260000228881836,25.8799991607666,1.4683194761895744,1.1232785797245728,12041.0,316196.6627559662,4.579103235099434,30.81360004425049,47.4375500202179,-12.173911157485696,-34.64410146980722,-54.33043438455333,-64.60916265643601,-57.30081263596449,1
HK.02496,492,3.190000057220459,3.190000057220459,0.0,0.0,10.0,31.90000057220459,0.0,3.4137999868392943,5.040199990272522,-3.33333020258427,-16.052629019745137,-22.760291311703938,-59.4147582311283,-49.36507998980931,0
HK.02497,492,0.6299999952316284,0.6650000214576721,-5.263161668675448,0.3099280788907837,1336200.0,841805.9936285019,9.76907951393999,0.5727999967336654,0.5688249979913235,16.666661147718294,-7.3529428522066915,23.52941313966888,43.181817873942954,-7.3529428522066915,0
HK.02498,492,16.059999465942383,15.880000114440918,1.133497167533251,0.1549164818583487,2850180.85,45773902.92883921,4.2563632386065535,19.258399925231934,29.10309989929199,-11.074197448187126,-31.191090998507626,-50.73619565138533,-56.94370028301372,-61.59732285237195,1
HK.02499,492,5.559999942779541,5.559999942779541,0.0,0.0,3400.0,18903.99980545044,1.4402941002287946,5.725099983215332,5.845975015163422,-3.304348821225374,-4.137935173497195,-3.304348821225374,-8.099177396815989,-7.333334287007649,0
HK.02500,492,1.1749999523162842,1.1950000524520874,-1.6736484734677541,0.10552310882803398,539390.0,633783.2242798805,7.750261888907195,1.1146000039577484,1.8172500017285347,-9.961685858754068,-27.91411314395048,-36.82796003873917,-52.23577503676105,-65.54252425978899,0
HK.02501,492,1.975000023841858,1.9600000381469727,0.765305377701246,0.2503892868265338,3101700.0,6125857.573950291,9.070557154882463,1.6353000044822692,1.1863249957561492,6.182796164101456,97.50000238418579,71.73913606849206,114.673911740683,79.5454528213533,2
HK.02502,492,0.6000000238418579,0.5699999928474426,5.263163398397555,6.195899772209567,57500.0,34500.00137090683,2.320295331049686,0.6087999999523163,0.5397499991953373,0.8403352926397583,3.448282949422888,11.11111111111111,39.53488694454536,60.000006357828774,1
HK.02503,492,0.26499998569488525,0.26499998569488525,0.0,0.18118037155713207,10855794.0,2876785.254706621,6.996057796944047,0.265719995200634,0.3169802276045084,6.425697932395047,50.568174506145034,21.004561456438157,-47.00000286102295,-53.508773856105805,0
HK.02505,492,0.6600000262260437,0.6600000262260437,0.0,0.0,53000.0,34980.001389980316,4.9667402811475,0.6341000056266785,0.8914500018954277,24.52831355733585,-9.589039865544988,10.0,-53.84615031925166,-75.6848023995467,0
HK.02506,435,63.150001525878906,63.25,-0.1581003543416502,0.040873658833069544,30037.85,1896890.2733341216,3.1609419891783825,67.93500038146972,76.31525007247924,-9.785712105887278,-11.986060591109538,-5.180175716644738,-17.558743102046144,-38.867376901975504,0
HK.02507,492,42.84000015258789,42.220001220703125,1.4684957696797534,0.15126551283535009,329154.15,14100963.836224938,4.1064214386613225,44.54120002746582,45.23667128562927,-5.846153510795845,8.51063994252832,17.026645011138648,-27.393355779473875,-23.88215320752681,2
HK.02508,316,2.734999895095825,2.690000057220459,1.6728563910092975,0.16816979724689768,350075.0,957455.088275671,4.7933881889325445,3.1338999891281127,3.967475003004074,-9.136215821884687,-19.558828871142754,-43.95492149677617,-29.510314061165428,-55.52845767992752,2
HK.02509,492,17.479999542236328,17.3799991607666,0.5753762157564783,1.0861966067013387,122250.0,2136929.944038391,3.5663122312197966,16.817600040435792,17.80204999446869,6.261390465205209,4.859024968417762,-7.562138110601207,-10.725231816406685,-40.70556372569635,4
HK.02510,474,12.829999923706055,12.949999809265137,-0.9266400565753489,0.4644920592803566,2375689.8,30480099.95274925,4.148127176814441,11.784368476867677,8.718737120628356,-8.877840957196415,69.37607518542542,78.53346021869278,76.80221863080831,65.75207656276999,0
HK.02511,492,3.625,3.630000114440918,-0.13774419513174235,0.0,689791.25,2500493.28125,6.084440510463915,3.2723999881744383,3.0706999963521957,14.715186757568526,34.25925688815546,18.852460874533435,19.63696482602014,-8.919598426437386,0
HK.02512,492,2.700000047683716,2.700000047683716,0.0,0.0,3800.0,10260.00018119812,0.8398431642554198,2.705599982738495,3.103550001978874,-2.5270734196678286,-6.574396204970342,-16.923075455885666,-21.965317401276106,-48.66920284796873,0
HK.02513,183,715.5,665.0,7.593984962406015,0.5020350086269485,6943526.9,4968093496.95,8.766173063456943,947.21,,-29.715127701375245,-53.23529411764706,4.605263157894736,444.10646387832696,,2
HK.02515,492,3.994999885559082,4.300000190734863,-7.093030038300002,1.5404428773272316,428085.0,1710199.5260095596,8.001789722922524,3.3605000042915343,1.6527250000834466,18.545994695080314,217.06348538068352,273.36445698332994,339.01096378284336,778.0219275656867,0
HK.02516,492,0.6700000166893005,0.6700000166893005,0.0,0.009965122072745391,386600.0,259022.0064520836,4.2113678456905275,0.7363000047206879,1.0262750014662743,-12.987008664193306,-36.792447843683775,-45.081967133022516,-31.63265268885062,9.836065733954968,0
HK.02517,492,1.350000023841858,1.3700000047683716,-1.4598526172921515,0.21519374457380155,7718742.8,10420302.964029169,3.5887072670375795,1.6793344187736512,2.755870104432106,-18.13867057667291,-25.14284479136728,-65.25617137009027,-59.84283181728597,-55.1408841245307,0
HK.02518,492,40.459999084472656,40.0,1.1499977111816406,4.659890539483972,3872.5,156681.34645462036,1.9040083425706764,42.68759994506836,39.45004800796509,-3.298281699527858,19.210373369410735,20.49496070067931,-5.497444032495488,-25.38725292016788,1
HK.02519,469,3.9000000953674316,3.940000057220459,-1.015227443454557,0.0,5160.0,20124.000492095947,0.40000021457672114,3.9135000133514404,4.686625010967255,-2.3779672819278592,-9.090906059522172,-10.55045926744472,-35.85526078444106,-43.31395304512501,0
HK.02520,492,2.4100000858306885,2.4100000858306885,0.0,0.0,27100.0,65311.00232601166,0.6806874785116224,2.304200015068054,2.1204993015527727,13.14553785661485,3.433483465415184,20.62142940289888,3.683102203257703,13.857610868219684,0
HK.02521,492,0.8149999976158142,0.8149999976158142,0.0,0.6680942184154176,889500.0,724942.4978792667,2.4452086054700084,0.943999993801117,0.9703499954938889,-13.756613356145827,-17.676768710620294,-25.22936030656691,31.45161150769563,154.6875049476513,0
HK.02522,492,5.019999980926514,5.119999885559082,-1.9531231810105558,0.21738912653650033,489055.0,2455056.090672016,5.040826312927713,4.942000007629394,6.42525000333786,2.4489772086439867,-0.7905130890387859,-4.3809527442568825,-39.44511454732969,-67.88227802833846,0
HK.02525,259,15.800000190734863,16.350000381469727,-3.3639154611776405,0.9527040459510855,1546678.85,24437526.12500558,0.8825851721729165,17.017000179290772,20.442000026702882,-1.373285023360853,-5.882353943681095,-19.49044488797522,-30.011075717555936,-45.70446741026171,0
HK.02526,129,248.0,251.0,-1.1952191235059761,0.4565224489795918,105675.2,26207449.599999998,14.370825531376472,412.4020001220703,,-51.181102362204726,-37.84461152882205,,18.32060724154735,,0
HK.02528,492,0.8600000143051147,0.8700000047683716,-1.1494241848790827,0.0,63100.0,54266.00090265274,1.1503704197048623,0.885900000333786,0.5931500014662743,-3.3707833564005543,-9.473681568769173,142.2535324777744,207.14286094417375,258.3333473031723,0
HK.02529,492,2.549999952316284,2.549999952316284,0.0,0.0,650.0,1657.4999690055847,0.3135767349101403,2.732699966430664,2.7602446103096008,-6.4220168235154755,-6.934308633545686,-7.509809405164451,-7.202533557656943,-1.3002138815660704,0
HK.02530,427,0.7250000238418579,0.7200000286102295,0.6944437545758981,0.0,360800.0,261580.00860214233,1.2104133723138975,0.732500011920929,0.6499461908638478,0.0,0.6944437545758981,31.349621927206922,18.84013962454726,20.75691721186971,1
HK.02531,492,2.8299999237060547,2.809999942779541,0.711743107963571,0.0,5475.0,15494.24958229065,3.853023890725061,4.450199995040894,5.299300000667572,-40.421054237767265,-6.291392662928705,-54.64743545657312,-60.694444462840934,-73.07326487083112,1
HK.02533,492,9.4350004196167,9.3149995803833,1.2882538340217569,0.22413257200341952,4641174.85,43789486.65726447,5.605696222295407,10.681399974822998,15.464150071144104,-11.158187181844772,-17.885112205720088,-43.3673439013729,-51.68970769126345,-54.72648584196354,1
HK.02535,492,0.6299999952316284,0.6349999904632568,-0.787400835704065,0.8671484157865481,1840500.0,1159514.991223812,6.34345882945748,0.622299998998642,0.7197999967634678,-9.999999148505061,21.15384968074834,-35.714287452030426,-28.409091063028523,12.499998669539185,0
HK.02536,492,0.6399999856948853,0.6399999856948853,0.0,0.0,1016950.0,650847.9854524136,6.576547199355858,0.7198807501792908,1.4872006949782373,1.5873000855468575,-43.72265515998664,-69.81488080532799,-69.39757784859638,-69.53795382908646,0
HK.02539,206,8.369999885559082,8.600000381469727,-2.674424252424717,0.8082901554404145,3855.0,32266.34955883026,2.654767126674338,10.043400058746338,18.386549286842346,-1.5294131110696232,8.419690583324424,-48.91497490736504,-76.52850154137846,,0
HK.02540,492,0.8149999976158142,0.8100000023841858,0.6172833601124982,2.440113682501015,26385.0,21503.774937093258,1.3075044210695432,0.7851000046730041,0.9841249939799309,1.242234829118668,-10.439563282675282,-27.876106101331903,-37.307690191550996,-43.79310546108425,5
HK.02543,264,33.7599983215332,33.720001220703125,0.11861535997074947,0.259388308168796,22890.0,772766.361579895,2.544222068255031,31.650032196044922,30.01209330558777,-6.6417619406234,35.997125767569045,25.372626662749177,1.3238069668567398,-38.44004085364162,1
HK.02545,492,0.4650000035762787,0.45500001311302185,2.1978000384744694,0.2753303964757709,124000.0,57660.00044345856,3.441545483771184,0.4222999978065491,0.4232999995350838,10.714290022444697,19.230774521122513,-1.0638287753851585,12.048195885857533,-8.823527005579463,1
HK.02546,194,20.200000762939453,21.139999389648438,-4.446540462859573,0.8219743385675244,595742.5,12033998.954515457,6.9229711045138504,19.60500009536743,,4.39276674270104,38.2614732212358,44.41497450897172,105.88989596459912,,0
HK.02549,492,3.765000104904175,3.9000000953674316,-3.4615381323609444,0.9090909090909091,80250.0,302141.25841856,2.944404456671137,3.8837000274658204,4.30872286438942,-6.575684642874426,-9.277107990744993,-16.255782369202983,-15.161089948540784,-14.97584507249278,0
HK.02550,492,2.119999885559082,2.0450000762939453,3.6674721988790946,0.8492678093001065,697850.0,1479441.9201374054,4.1049109340585,1.9984000039100647,2.174349996447563,10.12986691288804,4.950490375089083,20.45453960491603,-32.484082333373706,-30.4918059441583,1
HK.02551,469,1.440000057220459,1.4600000381469727,-1.3698616715036243,0.9381663113006397,23100.0,33264.0013217926,2.0936448517822566,1.5603000140190124,2.117018095254898,-1.3698616715036243,-30.769225478877487,-35.4933254185411,-47.84566913740242,-51.77861813176614,0
HK.02552,492,2.369999885559082,2.305000066757202,2.8199486732911514,0.12974118194662598,1029688.5,2440361.627161503,3.7106162085158023,2.4405000019073486,2.876924990415573,-2.2680440345851474,-9.195403033835433,-23.79421332790567,-22.29508450453531,-43.57142873361809,1
HK.02553,87,12.449999809265137,11.199999809265137,11.16071447578012,0.4552496035438592,913517.5,11373292.700760365,11.976251323269157,21.60120008468628,,-37.99800868242579,-70.97902245585044,,-40.88319028972953,,1
HK.02555,492,4.175000190734863,4.025000095367432,3.7267103556115204,2.754287155346335,519590.0,2169288.3491039276,2.2448536281517035,4.425700016021729,5.340968790054322,-2.2248194523653635,-13.020832815931923,-24.26186631364458,-31.440835488104895,-46.44975936791755,1
HK.02556,492,54.849998474121094,52.79999923706055,3.8825743687163605,0.10843104386268498,4021776.15,220594415.6907566,6.459112482825965,51.9047998046875,40.87774996757507,-14.162758741238285,69.70915529712974,52.361106872558594,48.003228390734094,9.699996948242188,2
HK.02558,492,1.1349999904632568,1.1349999904632568,0.0,0.0,6650.0,7547.749936580658,0.04761900436850977,1.1290000247955323,1.2217043149471283,2.2522500753112733,-2.1551704204748128,-13.464681970729448,-15.305856493362665,-15.305856493362665,0
HK.02559,492,1.184999942779541,1.149999976158142,3.043475421480001,0.4543935850317407,630225.0,746816.5889382362,5.648268265447567,1.2023999989032745,1.637700002491474,10.23254792712243,-50.41841461228502,-12.867652182708921,-47.79735891029054,-59.55631686756077,1
HK.02560,428,1.340000033378601,1.340000033378601,0.0,0.06284367635506677,57450.0,76983.00191760063,1.7216628495656048,1.4102999925613404,1.4924649977684021,-4.964534390063119,-7.586207633636486,-8.058948681926356,-11.844756847034303,-18.107153134710025,0
HK.02561,380,19.0,18.989999771118164,0.05266050027575702,0.3000517330574237,9575.0,181925.0,1.8616116149358857,19.516799926757812,25.651399993896483,-1.1446374672949737,-17.1029671171266,-29.629629629629626,-43.48601843059355,-53.77128782142538,2
HK.02562,476,0.5450000166893005,0.5,9.000003337860107,1.4328528530373752,4391230.7,2393220.804786569,7.438595092532879,1.0348000013828278,2.2664500030875208,-28.758166420846198,-60.791365302292036,-81.89368709581218,-71.6145818296354,-96.60012480758446,1
HK.02563,475,4.829999923706055,4.829999923706055,0.0,0.0,41810.0,201942.29681015015,5.261912025021777,3.8461000061035158,3.7587749981880187,25.454546580489186,31.249995545848634,25.454546580489186,14.184394844612525,-41.80723117214269,0
HK.02565,338,5.079999923706055,4.900000095367432,3.6734658129659805,0.018787489108528316,4580598.5,23269440.03052807,5.780585857567994,5.693800001144409,31.3460000371933,-9.366638600907889,-7.468121393538847,-91.36054423534036,-92.6642600379696,-90.92857156481061,2
HK.02566,455,5.460000038146973,5.355000019073486,1.9607846629224337,0.07014687463369025,108624.1,593087.5901436806,2.089461527315132,5.387499990463257,6.879207339286804,3.9010450854740792,-20.524015588063772,-30.189998894057947,-27.437966335327857,-50.117695829576334,1
HK.02567,486,0.375,0.375,0.0,1.1164779475809645,598700.0,224512.5,4.5842209905092455,0.35200000166893003,0.4601250001788139,11.94029571909666,-3.8461503192516595,-12.790699125045412,-42.307690191550996,-72.42647087826654,0
HK.02569,376,1.4450000524520874,1.4700000286102295,-1.7006786171138801,1.0466906105695228,491750.0,710578.775793314,3.9294746686025137,1.3080000185966492,1.1186500084400177,8.646616979399829,21.42856999748759,38.94231783215148,50.52084216149544,106.42858243718459,0
HK.02570,449,5.670000076293945,5.610000133514404,1.069517671151174,0.14291461695989963,261942.35,1485213.1444846154,14.893419654341395,12.814200067520142,35.649900000095364,-42.55319005028772,-73.79852016536466,-85.51354071356087,-91.35670699972542,-96.42045435936106,1
HK.02571,424,16.299999237060547,16.299999237060547,0.0,0.0,5000.0,81499.99618530273,0.9049047275598866,15.777200050354004,14.298200025558472,1.874995231628418,2.5802321263641845,26.35658696955561,24.427471468758867,28.144645399979773,0
HK.02573,328,4.900000095367432,5.010000228881836,-2.195611347086801,0.3225806451612903,2470.0,12103.000235557556,1.3883318981309092,5.247900009155273,5.688774993419647,-10.909089175137607,7.6923052738606685,40.00000272478376,-38.596490179753864,-53.24427185688769,0
HK.02575,240,8.619999885559082,8.574999809265137,0.5247822425059826,0.04567626931232643,3297337.85,28423051.88964963,9.431998903304782,10.291800022125244,32.11549988269806,-12.04081920622185,-41.75675828061544,-76.13510481599207,-86.77914066100047,,1
HK.02576,491,4.744999885559082,4.960000038146973,-4.334680462385912,0.6149804460100905,275340.0,1306488.2684898376,6.190291012790578,5.230900011062622,4.920474992990494,-8.397682571334334,-36.73333485921224,-1.1458396456305326,18.922302611974125,14.613527502044699,0
HK.02577,435,39.5,39.31999969482422,0.45778307877117075,0.24848351473661132,3517625.65,138946213.17499998,4.272016739127572,42.93480003356934,58.18424993515015,-11.235955056179774,-30.457745544779407,-27.188940092165897,-47.22778783535063,-57.54970585220867,2
HK.02579,218,21.260000228881836,20.65999984741211,2.9041645009735233,0.6348205156899349,476397.5,10128210.959038734,3.3253761130983563,23.841918220520018,30.255190668106078,-12.487513624801295,-14.958454903584828,-30.373473619614426,-32.092648053128066,,1
HK.02580,269,8.569999694824219,8.399999618530273,2.0238105239782116,0.11550793619182284,988900.0,8474872.69821167,3.432276494019678,9.471450138092042,9.803981866836548,-10.261785092542857,-7.085235993245343,3.040098775805615,-26.824339575995786,-40.465727382027836,1
HK.02581,193,2.4600000381469727,2.6500000953674316,-7.169813221992161,1.7204301075268817,11700.0,28782.00044631958,3.039868299434421,2.723500018119812,,-12.299465967894834,-6.1068646717886015,-28.90173378540068,-42.3887576314884,,0
HK.02582,464,3.9100000858306885,3.934999942779541,-0.6353203891330568,0.14552987827856625,584700.8,2286180.1781852725,8.219701522578369,7.547699961662293,21.30927496790886,-36.93548054650462,-70.77727913013499,-84.84496045947883,-84.96153813142044,-94.05323180862253,0
HK.02583,249,39.099998474121094,39.560001373291016,-1.162797985847628,0.15449915110356535,456385.0,17844652.803611755,11.622636718249257,60.70379997253418,99.2224001121521,-53.61803433136912,-19.214881732566084,-64.22690083951258,-76.72619138445172,,0
HK.02585,454,27.799999237060547,27.799999237060547,0.0,0.7747870204997708,587330.0,16327773.551902771,7.558905500564427,28.52400001525879,20.29313334465027,-0.7142884390694755,32.003798395236885,31.434599879054826,99.2777565210246,86.55233314153593,0
HK.02586,449,8.550000190734863,8.6899995803833,-1.6110402348519144,0.21413884090461668,10787542.55,92233490.86006045,9.280160489441972,5.4739999675750735,6.745149981975556,102.12766317215298,38.79870783319617,15.54054162901103,14.611262024318183,-10.658302367982373,0
HK.02587,435,0.6800000071525574,0.699999988079071,-2.8571401810159034,0.26574541589157585,4290600.0,2917608.0306887627,9.627183701101808,1.4589000010490418,3.4401250046491625,-43.0962362087577,-72.24489820743291,-85.21739084238365,-85.15283802445322,-92.20183501916043,0
HK.02588,492,68.1500015258789,68.44999694824219,-0.4382694459287119,0.3217308898923785,864916.2,58944040.34975738,2.3895126082349614,72.47634658813476,75.1558995437622,-4.961585361507012,-12.442564845509775,-8.723457804143097,-2.592925429021856,2.7024395022392613,0
HK.02589,351,66.4000015258789,67.9000015258789,-2.2091310254658847,0.12954032315706712,234261.5,15554963.957454681,5.277354029054422,84.32754470825195,97.90684997558594,-18.97497986752131,-27.950674350443677,-9.499128701562555,-19.601797453213802,-43.08850674618982,0
HK.02590,308,7.340000152587891,7.275000095367432,0.8934715652010735,0.0890435072206226,8226639.2,60383532.983285524,4.232869500308052,9.138500003814697,16.832224988937377,-22.93962785774403,-38.93510920919297,-59.19955394123012,-68.16998992810717,-72.17588936278575,1
HK.02591,281,3.6600000858306885,3.615000009536743,1.2448153852069286,0.02555428806249698,11601049.9,42459843.629726104,7.602810096073476,4.8243999719619755,16.018600004911423,6.550222614242064,-55.58252199642928,-81.9704422493335,-87.96844156261886,-91.3270141714193,1
HK.02592,312,1.190000057220459,1.190000057220459,0.0,0.0,2850.0,3391.500163078308,0.3392909072886873,1.1842000102996826,1.9181000071763992,0.42195060610633267,-5.555550299414001,-29.16666104916525,-73.61419075769103,-75.25987377594859,0
HK.02593,440,1.0399999618530273,1.090000033378601,-4.587162384811293,0.3745048613611811,112560.0,117062.39570617676,3.4910109849742037,0.9678999924659729,1.0409749945998192,9.473681568769173,13.043472063789407,6.122443021609968,-11.864406094746942,-12.605049424770126,0
HK.02595,256,33.20000076293945,31.479999542236328,5.4637904882921635,0.0853202195058858,3938638.55,130762802.86494273,7.081274533310278,29.314399909973144,31.609699907302858,19.081785374151963,-2.8671724209666833,6.20601573849384,48.6123569211056,-18.307083509957074,1
HK.02596,426,2.6500000953674316,2.6500000953674316,0.0,0.0,10200.0,27030.000972747803,0.12310616408634256,2.642100052833557,2.609192124605179,0.3787875024959444,0.0,2.359689372782591,2.7503872007525665,3.1440694024868745,0
HK.02597,308,36.0,36.0,0.0,0.0,13100.0,471600.0,3.4653652687926613,37.69,30.69050004482269,2.7983995700350413,5.88235294117647,19.920051469185772,137.62376835949004,80.0,0
HK.02598,492,3.319999933242798,3.440000057220459,-3.4883756389999006,0.6570899128060127,509525.2,1691623.6299855232,4.5300359021849355,3.702199993133545,5.3256000077724455,-13.541666472641126,-23.50230837519392,-40.18018343881887,-50.887576614890804,-63.23366521130118,0
HK.02600,492,7.690000057220459,7.605000019073486,1.1176862318710181,0.49619706415304277,31360499.75,241162244.8719622,3.010331561086154,8.118746967315674,10.130627629756928,-9.670131932216103,2.3313342243831223,-24.90180296965515,-35.53675405745816,11.925188877368168,1
HK.02601,492,27.68000030517578,27.600000381469727,0.2898547920302406,0.35557208823444436,7486922.15,207238007.39682734,2.037144073467482,29.039743919372558,31.299464254379274,-7.097119966240162,-0.5269047991306972,-7.791997622159008,-18.94866379127869,-3.8013543239963794,1
HK.02602,492,19.450000762939453,18.920000076293945,2.8012721168515156,1.2739981399242843,648286.6,12609174.864603424,2.9706129657557545,18.086859550476074,17.277726111412047,2.368425068102385,22.486570340067907,32.36752249360872,13.1931223653,-13.140652933033461,3
HK.02603,338,12.010000228881836,11.899999618530273,0.9243749065359069,0.8158325302014927,2212050.0,26566721.006298065,3.5123997767490227,12.480399913787842,14.009828419685364,-5.059283865202165,-24.035421188350554,-14.0745563376899,-7.479977648374489,-33.01452453251541,1
HK.02605,328,1.1549999713897705,1.1349999904632568,1.762112871767564,0.19809825673534073,50180.0,57957.898564338684,5.471638065691206,1.16339998960495,1.5766999942064286,0.0,-4.5454599192765945,-35.47486055842694,-57.53676620437713,-75.42553152634362,1
HK.02607,492,10.9399995803833,10.760000228881836,1.6728563910092975,0.20666831872966726,1789408.9,19576132.615134142,1.8886457405276023,11.324397068023682,11.268059878349304,-3.9345928373896193,-4.607073902148462,1.9336741897787675,-1.0617851693859088,-5.566203309630396,1
HK.02608,492,0.009999999776482582,0.009999999776482582,0.0,0.00033711463583191464,26458100.0,264580.9940861538,3.7272733753500957,0.010279999822378158,0.010439999848604203,-9.090910630285256,0.0,0.0,0.0,-16.666669253673795,0
HK.02609,319,3.059999942779541,3.055000066757202,0.1636620593480411,0.12134597250483894,2152710.0,6587292.476820946,3.670236557290733,2.9804999828338623,3.8526750016212463,4.436855735850448,5.154634107374385,-8.108107721096365,-21.33676451777576,-62.998793550163725,5
HK.02610,378,23.420000076293945,23.6200008392334,-0.8467432507760414,0.24146043084636065,556390.5,13030665.552449226,3.7182355265987193,25.66432773590088,40.57547909736633,-9.0838514433098,-11.587654612203483,-56.26122115680477,-51.91024292351039,-39.078135203714325,0
HK.02611,492,14.229999542236328,14.0,1.6428538731166293,0.22736296422494479,11784214.25,167689363.3831148,3.1842685320434065,14.652974376678467,14.59876223564148,-5.761594816256016,-5.570421638074446,10.943539769369568,-10.782900699130272,-2.924400897341429,1
HK.02613,428,31.020000457763672,31.020000457763672,0.0,0.0,285.0,8840.700130462646,0.0129014412190447,31.573599853515624,30.89829996109009,0.06451760568926411,1.2402123880055158,-2.45282640883791,2.3087096635391684,11.66306584245589,0
HK.02616,492,5.849999904632568,5.670000076293945,3.1746001043491248,0.1959511490593725,12410650.6,72602304.82642813,7.012889567584643,5.515399999618531,6.2546500086784365,-3.6243865042361914,7.142854647633936,-15.217393858296024,9.550556881492218,-24.80720119702059,2
HK.02617,319,10.130000114440918,10.220000267028809,-0.8806276931150782,0.06114350397110748,5731365.5,58058733.17090273,5.635644878783478,10.25489995956421,50.43367491722107,2.947154038171008,-10.195032320513713,-84.82396986600611,-91.05123640677076,-93.76615377572867,0
HK.02618,492,9.869999885559082,9.675000190734863,2.0155006819633723,1.0189871906705317,9479979.65,93567398.06060243,1.9273418028931673,11.842000045776366,12.620150017738343,-11.40036282426959,-20.338986181883005,-28.78787784959235,-16.497460741213125,-23.9013131661244,1
HK.02619,213,1.0549999475479126,1.0800000429153442,-2.3148235531497354,0.16778523489932887,55850.0,58921.74707055092,2.980637376319624,1.236499981880188,1.5685648435354234,-14.919359723065288,-23.5507281743987,-37.138052024091586,-52.3021202049515,,0
HK.02621,335,2.9200000762939453,2.8499999046325684,2.4561464562716053,0.5432937181663837,11580.0,33813.60088348389,2.1761988152725453,2.772562499046326,3.0244006395339964,5.880262850423357,-8.08554249364303,-4.649258081875074,-13.842856822273644,-27.4360938980844,2
HK.02623,492,3.5999999046325684,3.559999942779541,1.1235944521335182,0.6051381375313427,990244.3,3564879.3855629447,5.546480612586144,3.793699984550476,4.5690757381916045,-0.9628634366578896,-18.91892211176569,-37.50000413921128,-26.530615621087684,471.4285606159374,1
HK.02625,374,0.6850000023841858,0.800000011920929,-14.37500097788869,0.5327066196631414,1161400.0,795559.0027689934,11.49943567706221,1.6170000040531158,3.276650004684925,-63.1720431658116,-70.60085730412224,-84.94505552375476,-84.36073094779766,-82.91770665122397,0
HK.02627,285,29.31999969482422,29.31999969482422,0.0,,0.0,0.0,0.0,29.31999969482422,35.36009981155396,0.0,0.0,-6.145966998594582,-27.137180735969206,-38.91666730244954,0
HK.02628,492,27.299999237060547,27.559999465942383,-0.9433970751818572,0.73005525499621,36059575.85,984426393.193727,3.0893119481540507,28.73639991760254,28.75377188682556,-10.667540202397404,-7.520329221808231,11.902459443254644,-2.841967065246159,31.536324380238963,0
HK.02629,340,12.40999984741211,12.40999984741211,0.0,,0.0,0.0,0.0,12.40999984741211,18.836549887657167,0.0,0.0,-1.2728707342609593,-71.13953523857649,-80.28594170451822,0
HK.02630,225,82.1500015258789,83.0,-1.0240945471338478,0.9268454154253558,91830.0,7543834.64012146,7.54369716406771,90.87500015258789,85.92475006103516,-12.60638135544797,47.48653572826919,-12.60638135544797,-2.260560924321311,,0
HK.02631,278,69.80000305175781,71.6500015258789,-2.5819936283642675,0.12091313778276509,1281506.7,89449171.57084808,5.379159142205077,67.13399993896485,69.8944499206543,5.120484108051987,-11.868679619555218,49.01793942009924,17.50841962747748,12.2186530475843,0
HK.02632,133,60.599998474121094,59.0,2.7118618205442266,0.005183620325258038,100707.35,6102865.256332779,10.908055231906037,68.95000015258789,,0.9999974568684896,-12.301013296235263,29.48717833767065,117.36011584748844,,2
HK.02633,492,0.9599999785423279,0.9599999785423279,0.0,0.27396270281210905,403215.3,387086.6793479383,2.313548874780711,0.9865726113319397,1.0985294780135155,-5.418719992877978,-5.142797069850771,-17.583097596378554,-22.055327601691445,-28.402110951936795,0
HK.02635,192,9.670000076293945,9.265000343322754,4.371286756217694,0.018470859141228188,4099064.0,39637949.192733765,7.411465532379141,10.454600028991699,,-8.601132835295397,-24.275648162448146,-81.22330082273021,-72.00347475397191,,4
HK.02637,203,167.39999389648438,168.0,-0.357146490187872,0.0,87198.4,14597011.627783202,4.283691958156573,189.17,177.7224998474121,-16.048144924524088,-19.208495964263797,14.50068220982756,26.914330282577982,,0
HK.02638,492,6.190000057220459,6.170000076293945,0.3241487954490724,0.711791529680463,2422009.0,14992235.848588467,0.759753454407066,6.286004791259765,6.267208371162415,-1.7460338124461758,1.8498706298035228,0.7128365823628399,2.4574726032159884,8.434158932986916,1
HK.02643,317,12.5,11.869999885559082,5.307498909139582,0.04892243140722357,3593489.55,44918619.375,7.917319517744051,13.60399995803833,24.649949975013733,-8.088237872173144,-28.652969900689413,-50.631910937363934,-57.85569769282838,-76.14503886259126,2
HK.02648,311,60.599998474121094,60.650001525878906,-0.08244526051079581,0.17122237375286295,369337.5,22381851.9364357,3.066998502459755,64.81371688842773,70.30952396392823,-4.265404100287368,-11.436566242646206,-11.361167596357657,-5.170947385210706,5.053426654928173,0
HK.02649,144,3.9000000953674316,3.9000000953674316,0.0,,0.0,0.0,0.0,3.9000000953674316,,0.0,0.0,4.000002543131511,-37.09677072022871,,0
HK.02650,243,6.510000228881836,6.880000114440918,-5.377905223903459,0.0188472932803989,35540677.5,231369818.65961552,18.528226190517223,10.1418000125885,28.676999957561492,-11.307900632855144,-78.22742370589424,-81.71348171934842,-83.06451492857614,,0
HK.02651,308,27.920000076293945,28.0,-0.2857140132359096,2.881993309493598,47035.0,1313217.2035884857,3.8937174884320997,21.704333000183105,12.6371941947937,13.189192415938312,70.9387892850595,204.11484468311386,225.48057349745528,168.61954039609586,0
HK.02652,245,6.885000228881836,7.159999847412109,-3.8407768769669532,0.1745945081761993,2327552.5,16025199.49523449,9.345100579300587,13.063399991989137,22.84430008649826,-33.413925268089464,-62.5815197194456,-69.15322435923511,-79.7261471893566,,0
HK.02655,197,15.180000305175781,14.510000228881836,4.617505621814705,0.04227934570322822,1056356.7,16035495.02837448,4.852843342264994,15.805599975585938,,-4.887216360318711,-25.51520642651106,-64.07950565998733,-61.076922294421074,,3
HK.02656,258,3.6600000858306885,3.609999895095825,1.3850468750092875,0.048193177619442994,10431062.0,38177687.81530523,13.276874857490057,8.511999979019166,38.378599956035615,-62.59580845268313,-64.39688539979318,-96.1755483776973,-93.75959080884978,-87.1578944356818,1
HK.02657,189,58.04999923706055,58.650001525878906,-1.0230217787012548,0.7324987208797756,79499.0,4614916.889347076,6.3578610280210475,51.79972198486328,,11.756245220925084,43.79017076374873,-6.84888850392515,-28.248463779792942,,0
HK.02658,204,52.20000076293945,51.79999923706055,0.772203729286396,0.3204182069467067,197642.1,10316917.770788956,7.8247099185552935,40.01920013427734,45.803099994659426,37.368423060366986,8.704706924882956,25.179855654419537,10.080140823633554,,2
HK.02659,201,11.859999656677246,12.430000305175781,-4.585684911537694,0.04418302193743684,408541.0,4845296.119738579,6.766424557572985,15.472399959564209,57.00154988765716,-24.65057287713851,-37.11559240264432,-87.1366593826082,-82.98421782502481,,0
HK.02660,492,2.4200000762939453,2.375,1.8947400544819077,0.8579251597201095,301500.0,729630.0230026245,2.4700005560821325,2.338699984550476,2.2945010089874267,5.217396802848253,9.502264005526996,10.522461769569599,2.351555085342238,11.933401594713768,3
HK.02661,192,3.5,3.6600000858306885,-4.371586942036211,0.01928065595694745,17737898.45,62082644.574999996,9.030007956298265,4.949000010490417,,-26.54774190830336,-60.58558609353848,-97.66977358780767,-95.31459150871845,,0
HK.02663,492,0.36500000953674316,0.36000001430511475,1.3888875091517963,0.0,598000.0,218270.0057029724,3.29208859944242,0.44389999985694883,0.3491000005602837,-17.045451928515064,-14.117647223819082,30.357145708130318,23.7288222919765,15.87301977757817,1
HK.02665,197,1.5850000381469727,1.6100000143051147,-1.552793536398335,0.1641870655720586,3470567.45,5500849.540641642,5.596688505642141,2.2267999982833864,,-26.95852615572578,-48.20261216386681,-78.63881372170242,-84.68599053402258,,0
HK.02666,492,4.474999904632568,4.425000190734863,1.129936988531555,0.2568285383862824,5509060.3,24653044.31711507,1.8785066999291211,4.597799997329712,5.122789924144745,-3.969955983631183,-4.3803404107993025,-16.675796905603686,-18.908941220365456,-22.417683509289,2
HK.02667,65,2.184999942779541,2.190000057220459,-0.22831572193035,0.6319836221850631,76186.25,166466.9518905878,3.4250432617090083,2.5232999992370604,,-9.336105188294775,,,-34.77611925427222,,0
HK.02668,492,0.41499999165534973,0.41499999165534973,0.0,0.6307374541003672,25876000.0,10738539.78407383,9.297944215660712,0.4936999976634979,0.3696299995109439,-17.000001668930054,-12.631579607807705,23.88059143819332,123.11826979256703,96.682464722736,0
HK.02669,492,3.234999895095825,3.2300000190734863,0.15479492237814485,0.1364978412423712,6595197.65,21335463.705886234,2.203406755024686,3.346674666404724,3.74622465968132,-4.984676555041681,-0.5884434989543837,-14.250093500611055,-25.10924878277312,-30.707140335811044,1
HK.02670,239,5.894999980926514,6.289999961853027,-6.279808955835782,0.034594387847048436,7446179.55,43895228.305225395,16.832882674067523,11.506800079345703,18.09154999256134,-42.31898408119781,-69.87736293891923,-73.54129354017506,-46.409091082486235,,0
HK.02671,189,7.019999980926514,7.019999980926514,0.0,0.0,10620.0,74552.39979743958,2.1132982768389175,5.158199987411499,,40.96385449879101,93.38842312978036,94.72764761587378,-8.471146198467562,,0
HK.02672,70,64.80000305175781,56.0,15.714291163853236,0.2455060355183938,2089116.25,135374739.37547684,14.381017520557526,57.116400146484374,,75.13514338312922,7.551872285075207,,-11.232872531838613,,1
HK.02675,183,33.58000183105469,33.79999923706055,-0.6508799141173937,0.16496430888479863,421902.4,14167483.364526369,5.126642333817991,36.360799865722655,,-8.401522174514804,-18.888887455562003,-36.34122875629443,-40.67137325735391,,0
HK.02676,203,175.10000610351562,176.8000030517578,-0.9615367188339454,0.06349437623626057,133744.55,23418671.52131195,4.525660899410442,157.84199981689454,153.83999996185304,11.528666307971736,-15.164723216351744,47.888516762597924,46.1602684833541,,0
HK.02677,162,23.860000610351562,23.84000015258789,0.0838945370623279,0.19801980198019803,2707.5,64600.951652526855,6.760193866629454,23.48,,2.315612875617639,-17.72413582637392,-50.3123690485222,-64.86008825602495,,3
HK.02678,492,5.260000228881836,5.284999847412109,-0.4730296925649852,0.2750791298228312,186248.0,979664.5226287842,4.090952588343348,6.114600019454956,6.098249995708466,-11.223627686846521,-13.05785019747363,-18.827157200627394,8.902697970351984,6.048390895717445,0
HK.02680,492,5.989999771118164,5.78000020980835,3.633210271402006,1.0227272727272727,17700.0,106022.9959487915,1.280221244266549,6.366099996566772,9.206624975204468,-12.554746649453193,-7.131783748058459,-56.2773733247266,-39.91976318268181,15.860728872793867,1
HK.02682,492,0.13099999725818634,0.13099999725818634,0.0,0.0,355800.0,46609.7990244627,1.9833199212458927,0.12284890681505203,0.13353587850928306,4.799997806549072,3.149600848357106,-8.829059094251734,-5.79003815224075,-9.41349374290559,0
HK.02683,492,1.1299999952316284,1.130000114440918,-1.0549493582110085e-05,0.8141112618724559,76700.0,86670.9996342659,1.251964364083416,1.054128589630127,1.103195739686489,8.67579872030487,8.181821086852667,-1.6528919617697468,0.847462676087056,55.5858494440248,0
HK.02685,210,4.230000019073486,3.9649999141693115,6.683483244404904,0.04390592822528878,31808486.05,134549896.59819874,8.49800698268686,4.090600004196167,18.011499984264375,5.354923032066854,-61.475408056237946,-79.10079018326095,-84.3100884172147,,3
HK.02687,203,268.79998779296875,270.6000061035156,-0.665195221709749,0.35184107116867996,132397.5,35588446.38381958,9.537100098395076,289.55200042724607,181.30750030517578,-23.287673380388814,88.36719939837384,111.82031880287407,63.40424789846124,,0
HK.02688,492,48.959999084472656,48.70000076293945,0.5338774485832474,0.6432655949285125,3978591.0,194791811.71749115,2.481595195324202,48.26040008544922,55.806124210357666,-1.1308589824603272,17.692309808449007,-20.821272850398273,-27.13752785443685,-19.80541962321843,2
HK.02689,492,5.309999942779541,5.355000019073486,-0.840337556184195,0.22908985239221233,10857913.4,57655519.53270521,3.6899368018692527,6.870900011062622,7.065975000858307,-18.620691721529735,-30.039527852064136,-23.26589762664643,-11.204014618009182,-9.540033282746894,0
HK.02691,193,5.815000057220459,5.894999980926514,-1.3570809832891833,0.03772958034522437,1281282.6,7450658.392315579,3.543002988814887,6.6675,,-15.418180985884234,-4.983657418986378,-23.032968120468304,-16.290775245338928,,0
HK.02692,144,34.5,34.79999923706055,-0.8620667920620533,0.14029322141337913,220178.25,7596149.625,4.142944201822763,41.006799850463864,,-13.141996627085502,-39.31398254002614,-47.53020968728962,-52.41780889232434,,0
HK.02693,206,2.8550000190734863,2.859999895095825,-0.17482084635430886,0.0,15370.0,43881.350293159485,2.2769528495236764,2.9322999858856202,3.7241586208343507,-4.194630845635492,-9.936910083255466,-22.09007209314627,-32.92522973961536,,0
HK.02695,193,1.1649999618530273,1.1799999475479126,-1.2711852848854637,0.44794188861985473,76200.0,88772.99709320068,2.1211450233591287,1.301399998664856,,-2.9166737033258396,-28.527609493184265,-26.55118254158771,-45.593471881124245,,0
HK.02696,489,59.20000076293945,58.04999923706055,1.9810534728564078,0.20657000884272442,1157430.25,68519871.6830492,6.235277585176966,63.39300048828125,65.63424985885621,-9.687264673053399,-14.015973747347028,-10.303029147061435,1.023894717477394,-19.400948641759975,1
HK.02697,69,284.6000061035156,283.3999938964844,0.42343409769781803,0.43381460304515845,172200.65,49008306.04102936,15.16077715631536,518.1019995117188,,-27.02563946063702,-26.497934625233594,,-28.84999847412109,,3
HK.02698,223,25.780000686645508,25.780000686645508,0.0,0.32062177129970404,920343.45,23726454.772949696,4.31968631813583,31.023359565734864,29.279600114822387,-17.106108133664293,-4.15349996943667,-21.309241581995636,-13.877057058450063,,0
HK.02699,492,5.5,5.309999942779541,3.578155541768287,0.6618232509882407,616107.65,3388592.075,4.8533963200040535,5.572199993133545,5.9614102745056154,2.2304810967750743,10.887095921369554,-20.0,4.761904761904762,-94.16445623342176,1
HK.02700,492,0.6000000238418579,0.6000000238418579,0.0,0.3853397492401582,52902.25,31741.351261287928,1.5717285920299835,0.5776000058650971,0.5798000004887581,3.448282949422888,5.263163398397555,0.0,9.090911061310528,25.00000776102163,0
HK.02701,134,7.545000076293945,7.71999979019165,-2.2668357338564213,0.02604669543778657,2149580.0,16218581.263999939,4.322223395297693,8.57299994468689,,-14.745765524577964,-43.56768780197755,-42.272377563391984,-32.93333265516493,,0
HK.02706,157,39.099998474121094,40.20000076293945,-2.7363240496066257,0.04759393379654699,1288724.75,50389135.75856209,8.06235960690616,44.4297998046875,,-29.928317188663783,-12.13483488961552,-39.520498760592204,-57.77537892179516,,0
HK.02714,162,37.040000915527344,37.060001373291016,-0.05396777394100725,0.09289928172287774,1839242.15,68125530.91987647,2.9950027433184054,35.59159996032715,,-7.1213642841612685,12.85801724540731,-7.755831182907351,-7.437117283041459,,0
HK.02715,144,13.90999984741211,13.779999732971191,0.9433970751818572,0.068537996901562,2147540.6,29872289.418311313,4.027431452291618,16.46279993057251,,-14.241674252356345,-40.35162937631008,21.48471684826042,7.829459370146148,,1
HK.02718,228,36.099998474121094,34.959999084472656,3.260867904755649,0.15427526607271394,1572837.3,56779424.13004074,6.940906951942844,45.56340003967285,176.854850025177,-29.76654201859227,-78.53745592799883,-82.9877478825194,-81.95000076293945,,1
HK.02720,160,22.0,23.18000030517578,-5.090596590338711,1.5702982349360926,40700.0,895400.0,4.122591488600761,24.985200080871582,,-18.51851851851852,16.89692006769973,-14.06250128056852,-11.21872723814617,,0
HK.02722,492,1.5950000286102295,1.5800000429153442,0.9493661574342721,1.181842990316078,4712339.35,7516181.398071109,3.1801352350617025,1.8623000144958497,2.330861043930054,-12.362638316340442,-26.834863313429757,-36.00095397099515,-13.432872129993129,-8.60130069242567,2
HK.02723,92,706.5,747.0,-5.421686746987952,0.4360779327578997,194015.35,137071844.775,15.276279815847943,624.7219989013672,,1.0007147962830594,119.68283165162438,,248.02955665024632,,0
HK.02726,129,95.5999984741211,95.0,0.6315773411800987,0.19265312392436001,287757.4,27509607.000917055,9.168094886941946,98.84100006103516,,-9.640835806636822,-4.495504564031924,,-7.184467500853307,,3
HK.02727,492,2.865000009536743,2.865000009536743,0.0,0.1343200388675697,11836922.8,33912783.934885696,3.066071869562763,3.0509999990463257,3.8166461503505706,-6.980516866721534,-18.14285687037877,-28.06655214795613,-30.330803252606447,-21.598423340737,0
HK.02728,492,0.3799999952316284,0.3799999952316284,0.0,0.0,290970.0,110568.59861254692,3.762963652610782,0.3804000025987625,0.46039999678730964,0.0,-17.39130688299524,-26.92307515962583,-24.000000953674316,-45.714285471001446,0
HK.02729,133,22.420000076293945,23.5,-4.595744356195977,0.1175560478800166,980821.25,21990012.499830723,14.125583740658609,32.59600009918213,,-33.78617934980255,-21.71787516029987,-29.274449411038432,-26.97068560545768,,0
HK.02738,492,0.16500000655651093,0.16500000655651093,0.0,0.0086279862538923,5783995.0,954359.2129228264,24.329578205776823,0.10254000060260296,0.15661500100046397,283.72093244879346,292.8571637643846,-21.052630828448212,-43.10344437781741,-46.77419184273911,0
HK.02768,164,40.5,38.79999923706055,4.381445351461929,0.2307995507041323,828854.4,33568603.2,6.3749401198678735,37.33719982147217,,6.1320758960814885,-20.588235294117645,10.03451471596302,50.83167574981237,,2
HK.02772,492,0.03200000151991844,0.03099999949336052,3.2258130416166604,0.09916923872494886,6395370.05,204651.85132044088,8.125242283804836,0.03549999982118607,0.04520500000566244,-17.948715744404208,3.2258130416166604,-38.46153680830315,-47.54098170436671,-58.9743578722021,1
HK.02777,492,0.16099999845027924,0.14800000190734863,8.783781334725182,1.612014720443914,4061078.25,653833.5919564627,9.54857825579819,0.17465999975800514,0.358864997215569,-10.055869363271736,-26.48401789200822,-58.717947601096355,-69.03846070082227,-75.60606181019479,1
HK.02779,492,0.3400000035762787,0.33000001311302185,3.030300019967555,0.031098153547133137,237350.0,80699.00084882975,5.743297683174848,0.3277000021934509,0.4415000006556511,1.4925358528601556,9.677419664956526,-40.350875817067276,-39.285713905582625,-51.428570090507954,1
HK.02788,213,15.09000015258789,14.630000114440918,3.144224433005423,0.3858789765570804,4658682.4,70299518.12685853,4.76807078452721,16.539600009918214,20.740416412353515,-11.651052576154635,-4.190475221664187,-40.35281492430773,-24.101284679398084,,1
HK.02789,492,0.1720000058412552,0.1720000058412552,0.0,0.0,283400.0,48744.80165541172,3.793264073191876,0.18847999960184098,0.17063369341194629,0.5847964937132787,13.157902218381034,-6.049275045000646,26.91589233080108,29.95580181532641,0
HK.02797,63,102.0,102.5999984741211,-0.5847938431231381,0.0686106346483705,24300.0,2478600.0,9.453572617792776,88.2550001525879,,9.383378016085791,,,385.7142857142857,,0
HK.02798,492,0.8899999856948853,0.8899999856948853,0.0,0.0,348653.2,310301.343012476,4.815408036187168,0.8487999987602234,0.9766999942064285,4.0935632562121285,23.611104212425648,-19.090912145031318,-23.275861094454353,8.536584568052042,0
HK.02799,492,0.6150000095367432,0.6050000190734863,1.652890933552547,0.16060453698465918,30322908.65,18648589.10893179,3.077833053415817,0.6176999962329864,0.7124750006198883,-6.1068646717886015,7.894739869118656,-17.999998728434242,-27.647059731004948,-37.87878751389872,1
HK.02858,492,0.9950000047683716,0.9850000143051147,1.015227443454557,0.30159665626900667,22099271.1,21988774.849877536,3.391341708604541,1.2016999983787537,1.788605781197548,-15.31914509384257,-30.902780192317692,-50.55428577724946,-57.89388004576116,-62.44192709310627,1
HK.02863,492,0.7950000166893005,0.7850000262260437,1.2738840928875717,0.13557619884509164,189550.0,150692.25316345692,2.6586721718996635,0.7978999972343445,0.5469250005483627,6.000002225240072,-7.55813913193183,120.83332919412206,144.61539872299335,133.82353186091746,1
HK.02865,351,11.199999809265137,11.260000228881836,-0.5328633960663561,0.048496264211527126,2247802.4,25175386.451265715,5.033574012154568,14.671000061035157,25.921449995040895,-20.9597759423978,-43.88777393292631,-64.46700619730964,-49.09090995788574,-44.05594628784424,0
HK.02866,492,0.8650000095367432,0.8600000143051147,0.5813947847045612,0.2491947439761387,6588171.45,5698768.367079699,2.203271553946048,0.8933305466175079,0.9919140616059303,-5.392795511672105,1.9200932207365573,-23.128069491843963,-15.2253533714944,-21.12270911518766,1
HK.02869,492,4.085000038146973,4.074999809265137,0.2454044012247285,0.03876416047981598,2834660.8,11579589.476133727,2.5823917882562974,4.211800012588501,4.191621564626693,-4.667440289080173,0.3685470725538753,1.7331481278943546,-2.391163362399581,-11.554441328044206,1
HK.02877,492,7.239999771118164,7.289999961853027,-0.6858736762208961,0.277307823446797,2485214.55,17992952.77317953,3.4218880312778603,6.704777822494507,6.746607427597046,12.942955081472657,19.974414316604264,12.713585711514632,13.501801383920345,18.328734762916703,0
HK.02878,492,0.2329999953508377,0.22300000488758087,4.484300557884762,2.0095693779904304,867200.0,202057.59596824646,3.0407979567429075,0.25448000073432925,0.3560450004041195,-5.284557351630021,-24.838711755208724,-35.27778164104164,-47.045455315142625,-55.19230694284097,1
HK.02880,492,0.6399999856948853,0.6399999856948853,0.0,0.07658814018466252,1971360.0,1261670.371799469,1.7559828692203576,0.6828000056743622,0.7717572817206383,-4.477616454795883,-5.882356034843122,-21.800207563315915,-14.871113286621696,-28.455508714701978,0
HK.02881,492,9.545000076293945,9.545000076293945,0.0,0.0,6300.0,60133.500480651855,1.2858960811407039,10.165599975585938,8.203453221321105,-8.834767594493684,-18.209083000064886,35.27167640838927,87.27952644298014,86.22146636228429,0
HK.02882,492,0.3799999952316284,0.3799999952316284,0.0,0.22181388060808954,20663.15,7851.996901470423,0.26315803920793585,0.4051999992132187,0.4728999960422516,-5.000002607703171,-5.000002607703171,-25.490195620110374,-24.000000953674316,-45.714285471001446,0
HK.02883,492,7.340000152587891,7.289999961853027,0.6858736762208961,0.1222041560254605,16064673.9,117914708.8772747,4.119773411724603,7.3268000030517575,7.853942103385926,2.2996509751469154,13.622292712762007,-22.408464940216632,6.7018876127596165,13.677941831345908,1
HK.02885,492,0.925000011920929,0.925000011920929,0.0,0.1941747572815534,248800.0,230140.00296592712,1.5412388383059739,0.8608263194561004,0.7881705388426781,9.195403512001208,20.244940103489096,19.068727516740214,33.952315886964726,51.82316346059872,0
HK.02886,492,1.184999942779541,1.1649999618530273,1.716736616428903,0.5760473126859486,191784.6,227264.74002599716,1.592765569928916,1.1159000039100646,1.0735429254174234,5.803565869145879,12.857142532763824,16.930179608190677,9.874052425414028,10.829480139999358,2
HK.02888,492,236.39999389648438,228.60000610351562,3.412068059804306,0.5999298397077446,712095.8,168339442.77371216,1.9919754723837557,236.22760437011718,204.7531022644043,-1.3355643261748218,6.483468326262712,42.27676098452623,23.66389132763291,57.26375634451812,1
HK.02889,249,53.5,50.5,5.9405940594059405,0.1285570435037421,616947.25,33006677.875,10.987807297477685,125.11300003051758,168.73474990844727,-61.92170818505338,-53.11130524499149,-46.5,-76.22222222222223,,1
HK.02892,492,0.6100000143051147,0.6100000143051147,0.0,0.0,1100.0,671.0000157356262,0.040983566511258146,0.6156000089645386,0.5479000040888786,-0.8130073421291051,-14.084502430904152,54.43037917380571,82.0895519732473,58.441566081890905,0
HK.02898,492,6.389999866485596,6.389999866485596,0.0,,0.0,0.0,0.0,6.389999866485596,6.453649904727936,0.0,0.0,0.0,-3.7650603166701484,-21.305419254379355,0
HK.02899,492,32.58000183105469,32.15999984741211,1.3059763234929722,0.4954435267058819,34742478.65,1131910018.0323784,2.9081262064176485,34.94239994049072,35.165065603256224,-9.298431258769451,5.957508575823931,-1.0547981341796093,-9.251111057747377,13.099325210093438,2
HK.02913,24,0.7099999785423279,0.6949999928474426,2.158271345216813,0.0,11815.0,8388.649746477604,2.8270928384322,,,18.333325054910777,,,10.937499126885067,,1
HK.02920,16,1.6749999523162842,1.6799999475479126,-0.2976187730795046,,,,,,,,,,-20.23809388651593,,0
HK.02921,19,5.940000057220459,5.920000076293945,0.33783751129669093,,,,,,,,,,4.947000306658534,,2
HK.02922,17,3.6500000953674316,4.150000095367432,-12.04819249421562,,,,,,,,,,26.736109386439743,,0
HK.02923,17,0.7350000143051147,0.6600000262260437,11.363634105884756,,,,,,,,,,-92.01086924409594,,1
HK.02925,16,0.38999998569488525,0.38999998569488525,0.0,,,,,,,,,,-22.00000286102295,,0
HK.02936,3,5.0,5.0,0.0,,,,,,,,,,0.0,,0
HK.03200,162,99.0,98.4000015258789,0.6097545374156279,0.1628157831487081,1110694.35,109958740.65,5.99986898297067,103.64600021362304,,-9.007355493451414,-33.46774330000225,-3.6043562437626853,-9.563363877931538,,2
HK.03223,30,90.05000305175781,91.19999694824219,-1.2609582620238675,0.11593912901464982,332627.0,29953062.365097046,4.3441798688916196,,,-11.280785170681957,,,-9.949996948242188,,0
HK.03231,19,35.79999923706055,35.400001525878906,1.129936988531555,,,,,,,,,,-2.3991304819892836,,1
HK.03268,143,17.5,17.969999313354492,-2.6154665070310266,0.02814110016258349,928370.0,16246475.0,5.2206050780836915,18.61180000305176,,-24.24242549347278,-1.341141704363864,-26.43856869561439,-39.89553726146002,,0
HK.03277,118,72.69999694824219,73.3499984741211,-0.8861643345612827,0.10365494900406122,1174298.35,85371486.46132584,8.061879393406912,75.61499961853028,,-13.86256441482319,-18.952063075107095,,4.176445005847872,,0
HK.03288,321,25.299999237060547,25.15999984741211,0.5564363692269158,0.48344102532621025,2389066.4,60443378.097286984,1.994513349166985,29.514400062561034,31.640392169952392,-10.726890963865234,-18.962204376992535,-22.573313334506988,-18.927344901206407,-19.964832638863832,1
HK.03296,114,65.0999984741211,65.5999984741211,-0.7621951396801446,0.20173921751096408,633852.05,41263767.48781853,4.154262745842371,71.34899978637695,,-14.790579615276803,5.169623375379636,,4.952928979976098,,0
HK.03300,492,0.3199999928474426,0.3199999928474426,0.0,0.4122340425531915,1523400.0,487487.9891037941,5.1527011147165975,0.3388000017404556,0.4493499997258186,-1.5384601277006635,-16.8831166820555,-26.436783656653134,-41.81818437970369,18.51851115992069,0
HK.03301,492,0.08399999886751175,0.0820000022649765,2.439020179624407,0.3448449964657175,1985575.0,166788.29775135964,14.098992109629874,0.08179999977350234,0.10088000001385808,2.439020179624407,61.53845602767719,-29.999999379118268,-36.8421067373527,-59.22330156781916,1
HK.03302,492,0.375,0.375,0.0,0.0,286500.0,107437.5,3.755654226618395,0.32810000240802767,0.35670000046491623,24.999995032946465,5.633806009374048,2.7397233430072485,4.166662527455388,97.3684235292789,0
HK.03303,492,0.36000001430511475,0.36500000953674316,-1.3698616715036243,1.4026487648195445,148009.75,53283.51211729646,1.9727930861598544,0.4107999986410141,0.47853993743658063,-13.25300685690411,-27.99999713897705,-21.739128744669838,-29.411760580993363,-32.07546533236226,0
HK.03306,492,21.65999984741211,21.290000915527344,1.7379000280592563,0.5885233617375417,2559541.4,55439666.333444975,3.6385434773145264,19.222040214538573,18.60936557292938,14.417988125235452,26.351900978886718,8.201917721944135,24.807591449837496,36.55612062069838,2
HK.03308,48,1079.0,1111.0,-2.8802880288028803,0.20975762775704132,1500094.6,1618602073.4,6.273167491548752,,,-10.30756442227764,,,12.55264782743393,,0
HK.03309,492,0.800000011920929,0.7950000166893005,0.6289302046118699,0.3712966423277205,519806.75,415845.40619657934,3.9257792737102464,0.8537000000476838,1.1649310818314553,-10.11235676635287,-19.19191876621517,-34.00000098347661,-51.47059036218984,-57.03124964984454,2
HK.03310,92,25.979999542236328,25.479999542236328,1.9623234261491511,0.15683947693833536,1441212.0,37442687.1002655,7.558191279522658,26.971599884033203,,1.0108873865592876,-19.566562984845966,,-34.88722168247073,,2
HK.03311,492,8.614999771118164,8.625,-0.1159446826879529,0.23237832737548844,7603444.8,65503675.211709596,2.8232622824157105,8.13465220451355,8.204045164585114,7.39612241387161,22.654585343579484,9.43681330413155,0.3269419829578798,-5.0128819339367405,0
HK.03313,492,0.6949999928474426,0.699999988079071,-0.7142850452539758,0.316701755292355,384945.0,267536.7722466588,1.4589725300956988,0.7088000059127808,1.0405000028014184,2.9629600849335267,-8.552631372560091,-41.10169290331914,-56.56250109430401,-56.28930954355814,0
HK.03315,492,0.5950000286102295,0.5950000286102295,0.0,0.7808897133250726,141042.6,83920.35103526116,2.2206567135198667,0.6263000023365021,0.7147100532054901,-2.459013990675489,-12.499996712979183,-19.45322939695648,-24.247678281708396,-36.36805091553391,0
HK.03316,492,21.059999465942383,20.700000762939453,1.7391241049974189,0.9695120768887711,233475.5,4916993.905310631,2.0174075958710893,22.044800033569334,22.331826553344726,-3.2169152370244416,-2.770084883178858,-2.7162605139564198,-7.2277307584695665,-8.003419740008443,2
HK.03317,189,91.6500015258789,91.6500015258789,0.0,0.17953003977727355,1209418.95,110843248.61292686,6.746701283350628,116.57400024414062,,-29.11832995920959,-19.037098942870525,-39.5847044366464,87.80738311216297,,0
HK.03318,492,2.9800000190734863,3.1050000190734863,-4.025764870600525,1.0154103336943754,782340.95,2331376.045921969,4.7871177221583485,2.8561999940872194,2.081300004720688,0.0,10.370369127584931,86.24999841675165,65.5555610009183,51.2690343043182,0
HK.03319,492,1.7000000476837158,1.6299999952316284,4.294481758089831,1.4618359081626648,2947979.75,5011565.715570629,3.56862080030059,1.7401999998092652,1.979330353140831,0.2949849602892418,-1.1627895694091224,-8.78794805928443,-23.85777050300012,-36.636470355095476,1
HK.03320,492,4.320000171661377,4.304999828338623,0.34844004461999734,0.14508908694834435,8236881.1,35583327.76595435,2.0099671743907654,4.508150253295899,4.590228276252747,-0.12256892021279234,-3.2915387940926877,-14.548540881684819,0.9880776577473154,-5.507008360301937,2
HK.03321,492,0.9900000095367432,1.0049999952316284,-1.4925358971198917,0.6327321726733911,1270662.5,1257955.887117982,8.951630292965202,1.0561000144481658,0.8508500009775162,0.5076137217272785,-22.04724217283057,115.21738947339233,125.00000338662755,83.33332781438496,0
HK.03322,492,0.20900000631809235,0.21400000154972076,-2.336446353000011,1.9672131147540983,118300.0,24724.700747430325,4.300051115515046,0.19677999943494798,0.20583499990403653,10.00000470562991,16.759776722339012,1.4563136292240995,-4.999996613372438,2.9556710995053326,0
HK.03323,492,3.2100000381469727,3.140000104904175,2.2292971625532503,0.4212010824941808,37380038.7,119989925.65293533,3.7700151785699085,3.5964000034332275,4.7321646893024445,-5.726870334251648,-33.402491206954934,-32.20038853662853,-35.366123779940246,-38.93049732143983,2
HK.03328,492,8.234999656677246,8.1899995803833,0.5494515091518388,0.16888652336065035,32745891.9,269662408.5540902,1.9336411119034578,7.778600006103516,7.033511097431183,4.505070267521375,24.208137474092208,22.36084236748824,29.26229300218323,31.882728998437727,1
HK.03329,492,0.39500001072883606,0.39500001072883606,0.0,0.15846222111351224,1678304.85,662930.4337562576,3.707433029067368,0.4785999989509582,0.45365000024437907,-16.842101960961468,-45.89041090297932,16.17647252177695,11.267612018748096,-25.47169206574415,0
HK.03330,492,19.209999084472656,19.3700008392334,-0.8260286413445221,0.07169891080436713,15820254.2,303907068.6981247,5.680055625226882,22.002000045776366,21.11887182235718,-16.478264850118887,25.065101001625035,-19.769724864261125,2.0726327507351727,9.745515138267573,0
HK.03332,492,0.20999999344348907,0.22499999403953552,-6.6666671081825655,0.0,145300.0,30512.999047338963,3.1555513838604607,0.15978000015020372,0.26826499924063685,39.99999006589293,34.61537763505777,-44.736843137199536,-44.736843137199536,-41.66667080587794,0
HK.03336,492,2.3399999141693115,2.3450000286102295,-0.2132244938129617,0.7622975863122518,1193900.0,2793725.897526741,4.744631999399197,2.670399994850159,2.7928500163555143,-10.0,-31.176475043115193,-16.129034187686525,15.841581003185132,96.63863879426722,0
HK.03337,492,0.8100000023841858,0.800000011920929,1.2499987892806712,0.192715924766772,4239193.0,3433746.3401070237,4.278940735968607,0.8225,0.9251942783594131,-7.954544684857372,-2.4096363046584477,-15.415634042046248,5.730455802217208,-38.706980692277995,2
HK.03339,492,3.115000009536743,3.134999990463257,-0.6379579262313901,0.3576554050029116,5339905.55,16633805.839175306,2.885020252092823,3.230199999809265,2.983327432870865,-12.005648499889142,10.854095123415131,25.71593165267637,12.974461788664001,13.357423806482164,0
HK.03347,492,47.15999984741211,45.31999969482422,4.06001801627997,0.1827541527753523,1408867.35,66442184.01102391,5.273752673745528,41.696000213623044,41.24694145202637,21.546393749323457,26.028867330490623,20.4375503113495,11.64028178113171,-0.8783809516555333,1
HK.03348,492,1.2400000095367432,1.2400000095367432,0.0,0.0,17100.0,21204.000163078308,1.3084579685231867,1.3404000067710877,1.2621310508251191,-8.82352966957026,-8.82352966957026,14.7465814988587,5.492822861693298,21.121381932294867,0
HK.03355,134,39.20000076293945,38.68000030517578,1.3443651852662744,0.03491469000401718,707825.0,27746740.54002762,6.986175101307368,38.826400146484374,,-9.090905069681481,14.419155526640361,-7.3275654103907195,-15.691647077394336,,2
HK.03360,492,6.324999809265137,6.289999961853027,0.5564363692269158,0.2909207715646014,6439949.3,40732678.09417715,2.631275328194348,6.594518356323242,6.715453557968139,-5.941100892697151,10.713519316439179,-2.4919007803229043,-14.207508935150717,0.5105512510771298,2
HK.03363,492,0.33500000834465027,0.33500000834465027,0.0,0.0,500.0,167.50000417232513,0.0,0.34920000672340396,0.3282898159325123,-8.219178194041364,4.687504947651288,5.452019513351989,-3.3356480237345347,-11.90083849399472,0
HK.03366,492,0.20000000298023224,0.20000000298023224,0.0,0.0,24000.0,4800.000071525574,0.46497089627770855,0.2067999994754791,0.2543749994784594,1.5228457496819698,-14.163087136940074,-5.660374838714258,-33.33333498901784,-11.504421919661246,0
HK.03368,492,0.12300000339746475,0.12800000607967377,-3.9062519099387827,0.005298715061597563,188775.0,23219.32564135641,4.905516622858537,0.14530000001192092,0.15706000000238418,-16.891890667362592,-25.454546357646095,-19.60783941339679,-29.71428257591865,-16.891890667362592,0
HK.03369,492,2.299999952316284,2.390000104904175,-3.765696595712037,2.1825636078620523,454350.0,1045004.9783349037,1.9955994433796427,2.362599992752075,2.368987333774567,-4.958682652664732,4.392743746406626,0.09673594273082775,-10.575339281011527,-10.575339281011527,0
HK.03377,492,0.03400000184774399,0.03099999949336052,9.677427107784306,0.41531614570460607,28919579.6,983265.7598359794,7.785317733662947,0.04480000004172325,0.06912000006064772,-26.086952648563972,-33.33332846367272,-57.49999674037092,-65.6565636040641,-77.92207660261263,1
HK.03378,192,27.540000915527344,28.719999313354492,-4.108629617126982,0.8104642215952809,9767.5,268996.95894241333,5.006715578695577,29.06839988708496,,-6.644064693127648,-4.903308749435237,-0.36178898816670946,61.43025660995267,,0
HK.03380,492,1.274999976158142,1.2200000286102295,4.508192316238396,0.3296262091093377,4656843.55,5937475.415222198,4.326454724385117,1.3477999997138976,1.3865499943494797,-7.608697060601252,-6.934308633545686,-2.6717532939075133,-28.370786704976158,14.8648612366299,2
HK.03382,492,0.6100000143051147,0.6100000143051147,0.0,5.346713645986679,1112125.2,678396.3879090786,1.498361849554127,0.6147000098228455,0.6333173391222954,-1.6129016752173695,1.6666650109821552,-4.193491644349639,-2.7635531329557863,-9.516082971351171,0
HK.03383,492,0.1509999930858612,0.14100000262260437,7.092191685997665,3.3992795187987728,3546339.05,535497.1720301196,7.1959106616345885,0.16053999945521355,0.22038000006228686,-8.484856311720721,-1.3071922160228198,-39.60000276565552,-45.09091279526379,-64.47059085872338,2
HK.03388,90,26.420000076293945,27.260000228881836,-3.081438538279668,0.489181807877811,1268204.0,33505949.776756287,7.7558460907730025,23.757000045776365,,2.4825421745623477,25.80952417282831,,15.877197194591227,,0
HK.03389,492,0.38499999046325684,0.38499999046325684,0.0,0.7305450090886044,5570416.4,2144610.2608763697,6.7217664583678065,0.3080999961495399,0.2269449983537197,16.66665914082798,35.0877176471474,102.6315764707211,176.9784132557301,191.6666610222874,0
HK.03390,492,0.24699999392032623,0.24699999392032623,0.0,0.0,16600.0,4100.1998990774155,0.8245082371726876,0.24639999896287917,0.26837499924004077,0.8163220869507675,0.0,-8.51852440539678,-14.827585852528854,-22.812500174622986,0
HK.03393,492,12.890000343322754,12.760000228881836,1.0188096560270197,1.2901268017285792,3103686.0,40006513.605566025,4.122839004460692,15.832400054931641,21.480407700538635,-11.530538000616845,-41.033851859917895,-53.50996673569929,-26.929455784902,7.425053231102065,2
HK.03395,492,0.20499999821186066,0.20000000298023224,2.4999975785613424,0.0,45325.0,9291.624918952584,4.07595926132235,0.21431999951601027,0.2647849986702204,7.894737254879816,-1.4423105854694769,-33.870968827347845,-26.78571523604344,-46.05263137256009,1
HK.03396,492,24.059999465942383,24.739999771118164,-2.7485865459450145,0.2290051652328917,12678121.9,305035606.1431524,6.500059874897623,19.060199947357177,12.703475015163422,26.0345692699261,86.51162928238593,198.1168894088175,170.83389558600254,124.48394361229371,0
HK.03398,492,0.07999999821186066,0.07999999821186066,0.0,0.0,262500.0,20999.999530613422,13.817277491457228,0.08211999960243702,0.08378500005230308,31.147536578533426,-32.20339175682921,31.147536578533426,35.593216486341575,-24.52830268251129,0
HK.03399,492,1.2100000381469727,1.190000057220459,1.6806705852795165,0.2958579881656805,98200.0,118822.00374603271,1.493959103586798,1.2784000086784362,1.3852908384799958,-3.968250213867144,-9.022556458369206,-12.488677655325843,-21.450681402772755,-27.56007247549727,1
HK.03600,492,7.840000152587891,7.800000190734863,0.5128200112166769,0.34348602302741377,333254.5,2612715.330850601,3.6682423444518477,7.7874489021301265,6.271967341899872,2.6947446187086426,17.24693958845375,32.56971054686379,52.56625796553356,51.7186573193855,2
HK.03601,492,0.5649999976158142,0.5649999976158142,0.0,0.0,46750.0,26413.749888539314,1.844742834694631,0.6433000016212463,0.7940249973535538,-9.600000381469727,-24.666666984558105,-33.529413909648056,-37.222220824088545,-48.636364966384605,0
HK.03603,492,0.0860000029206276,0.07900000363588333,8.860758180477763,1.4227642276422765,156000.0,13416.000455617905,4.234080859293292,0.07598000027239322,0.07007000006735326,19.44445364269249,-20.370369731603187,62.26415837010535,72.0000032782554,126.31580443676206,1
HK.03606,492,54.0,54.349998474121094,-0.6439714516050015,0.8264403565624527,2716115.6,146670242.4,2.412300342733641,54.97345703125,57.353180465698244,-2.4857167144578716,1.5549284118253819,-2.0594817483613936,-16.372755613292902,-26.134702878976295,0
HK.03613,492,5.505000114440918,5.46999979019165,0.6398597000319316,0.20031068833924928,1543058.4,8494536.66858902,2.248760971519739,6.157199983596802,7.109184708595276,-7.943142192600907,-16.464340106591553,-24.985502063304114,-30.604896598800075,-34.64582244787861,1
HK.03616,492,0.20000000298023224,0.20000000298023224,0.0,0.0,411400.0,82280.00122606754,8.36158686471651,0.21654000073671342,0.2278700003027916,-16.666663562258016,-16.31798779700852,-11.111107431811954,-19.999998807907104,-55.55555371590598,0
HK.03618,492,6.264999866485596,6.21999979019165,0.7234739198047268,0.3764327043161657,9879047.25,61892229.70225489,2.617525418966183,6.374799976348877,6.253100688457489,-2.185797638357033,3.897174933675749,-4.901682970746606,6.8422631504433475,10.575507563161564,1
HK.03623,492,0.5899999737739563,0.5899999737739563,0.0,0.0,3200.0,1887.9999160766602,0.04385960784535167,0.605,0.7226750023663044,-1.666674945089223,29.670320169287667,-21.33333683013916,-46.846849894564215,-55.97015230765604,0
HK.03625,128,61.0,59.5,2.5210084033613445,0.15484378426031856,602264.25,36738119.25,16.08431161817882,80.42300018310547,,-15.277777777777779,-33.946939894001396,,-23.75,,2
HK.03626,492,2.2799999713897705,2.2699999809265137,0.440528217941891,0.17474879860200962,223200.0,508895.9936141968,6.744609347233781,1.8382000088691712,2.1630999958515167,27.374302792134692,30.285712650844026,2.7027000903735274,-29.19254810150323,-78.34757807019966,3
HK.03628,492,0.20000000298023224,0.2070000022649765,-3.3816421295414796,1.1753731343283582,227000.0,45400.00067651272,1.1834239766473598,0.20776000142097473,0.20244000025093556,0.0,6.382983951290322,0.5025135787766731,0.0,-3.846154397232281,0
HK.03633,492,2.619999885559082,2.6449999809265137,-0.945183196510814,0.09038665401997434,1692150.0,4433432.806348801,3.3116150817400833,2.5886999988555908,2.6879674804210665,-2.9629689152511154,-1.5037668789816911,0.39640271094907065,-3.968656369213625,-23.83720861730732,0
HK.03636,182,16.8799991607666,16.399999618530273,2.9268265451297886,0.5140863965656024,189030.0,3190826.2413597107,5.300463086524545,16.53499988555908,,2.0556120097918247,8.622903489079478,-24.087486743159197,-54.492658904520255,,2
HK.03638,492,2.5,2.5,0.0,0.01763046544428773,48720.0,121800.0,9.670965184923212,4.609400019645691,8.848100012540817,-27.84992606271558,-68.90547248928333,-72.12932078509189,-82.01438799561393,-86.11111111111111,0
HK.03639,492,0.04100000113248825,0.04100000113248825,0.0,0.4775582240370973,2511500.0,102971.50284424424,10.402176592116723,0.03342000015079975,0.0415950002335012,-8.888889992678562,32.25807033083823,-6.818178739429488,-22.641506383706734,-44.59459377824172,0
HK.03650,492,1.4450000524520874,1.4049999713897705,2.8469809165014,0.6098474448820855,573148.45,828199.5403128326,6.706577417936894,1.61989999294281,2.676725003123283,-5.555550361250903,-30.861238670126205,-50.34364227382496,-59.972296552830485,-74.51499059949616,1
HK.03658,492,1.6799999475479126,1.6449999809265137,2.127657570043611,1.2200956937799043,37950.0,63755.99800944328,1.0766689240686567,1.7553999972343446,1.8375099581480026,0.5988018395350123,-6.6666671081825655,-8.877234640881076,-8.40263486874988,-12.937160248172006,1
HK.03660,492,26.139999389648438,25.780000686645508,1.396426273911681,0.9270352548364922,25120.0,656636.7846679688,2.4476926004963264,39.81400543212891,53.944705390930174,-25.675297369030453,-57.0433523723265,-48.85044494318416,-65.1833527457946,-78.54617889373833,1
HK.03661,71,82.0,85.4000015258789,-3.981266352610776,0.07505391719150022,296776.0,24335632.0,5.556720653079457,91.69000061035156,,-7.292252312927153,-30.21276595744681,,-34.55706464258571,,0
HK.03662,492,0.375,0.35499998927116394,5.633806009374048,0.02508081596254598,997120.0,373920.0,5.411044029812995,0.3459152829647064,0.3529560002684593,14.659360540192154,1.0812873394059115,-0.2314601909403855,-11.699111020039242,-19.134972726901154,1
HK.03666,492,0.024000000208616257,0.024000000208616257,0.0,,0.0,0.0,0.0,0.024000000208616257,0.02754500006325543,0.0,0.0,-19.99999751647308,-41.4634157422041,-33.33332988399032,0
HK.03668,492,31.719999313354492,31.360000610351562,1.1479550254986233,0.12366414093854022,979659.7,31074805.011321068,2.756205216979347,32.663180122375486,33.97132374763489,-11.741790413476474,6.873044096979694,-28.831071604426008,22.30852574320616,15.904001822079739,2
HK.03669,492,0.800000011920929,0.7549999952316284,5.960267148809036,0.4936877143099724,3046609.85,2437287.91631842,5.067343230712057,0.8191999959945678,1.1327999976277352,-1.2345667202249964,5.263160784158717,-42.857141032510846,-53.21637461553262,-59.79899456848933,1
HK.03677,365,4.5,4.304999828338623,4.529620892845216,0.07729512789142093,1234020.0,5553090.0,4.92593716001357,5.001799955368042,7.120899984836578,-5.462189419745305,-21.73913043478261,-45.255476230944645,-46.49227013500219,-60.035524791042846,2
HK.03678,492,2.0199999809265137,2.005000114440918,0.7481229740367533,0.042641650231863976,2676700.0,5406933.948945999,2.6716761999680805,2.209300012588501,2.7169140100479128,-11.20879576929131,-12.751052651957961,-32.751643567663365,-38.474910126830004,-50.98849152853771,1
HK.03680,492,2.490000009536743,2.4549999237060547,1.4256654549240284,1.1908064196552408,1040800.0,2591592.0099258423,4.002550745199409,2.3898000049591066,2.0590000039339067,-4.4145876658244685,20.873790228217512,23.88059807716008,56.60377089714436,13.181816162156709,1
HK.03681,492,1.0449999570846558,1.0149999856948853,2.955662247544964,0.12688450781090116,649095.0,678304.2471438646,4.506752261038932,1.1562000131607055,1.3985000038146973,-8.73362668189214,-12.184881778450247,-40.960453765787825,-24.82014619861726,-45.57291768530076,3
HK.03683,492,0.03200000151991844,0.03200000151991844,0.0,0.0,2907500.0,93040.00441916287,8.296951431789276,0.03719999972730875,0.0599800004158169,-11.111103062644071,-41.81817873942949,-57.333333002196426,-57.333333002196426,-64.04494273852195,0
HK.03686,492,0.46000000834465027,0.46000000834465027,0.0,0.0,61500.0,28290.00051319599,0.3142468668543531,0.500500003695488,0.6156289993226528,0.0,-22.033893425071955,-29.80981623269522,-31.60956341800138,-16.649157723911603,0
HK.03688,492,0.16500000655651093,0.16500000655651093,0.0,0.5457025920873124,8450.0,1394.2500554025173,2.4140695699804082,0.21154000163078307,0.287820001244545,-13.157890196322017,-31.2499957314381,-45.90163846324768,-55.40540420808787,-61.62790609025003,0
HK.03689,492,1.7799999713897705,1.7799999713897705,0.0,0.0,520.0,925.5999851226807,0.5952382557381357,1.8418999743461608,1.7400858467817306,-6.3157898039038525,16.339869586593085,-1.734175334187022,15.405213395415673,7.878787703641079,0
HK.03690,492,70.80000305175781,70.6500015258789,0.21231638023951221,0.41784634274037025,23062583.35,1632830971.561419,2.6436861694130185,81.08900009155273,84.58099994659423,-11.555277510756921,-5.537016765124371,-18.339093951729073,-32.31357162086927,-30.724065395409433,2
HK.03692,492,34.599998474121094,34.02000045776367,1.7048736289039677,0.4787959228825637,8977581.75,310624314.8512974,3.8349025519657354,33.627279167175296,34.54753018379211,-3.8601240571697497,2.6472732474433194,12.72406721152601,-3.671036925963384,0.4644309884128179,1
HK.03696,189,59.29999923706055,57.0,4.035086380807977,0.3081726653766335,15931213.8,944720966.1854485,6.984300607422895,49.03800003051758,,24.422995020803548,61.141305615410715,17.892644406580605,57.79669065385005,,1
HK.03698,492,4.574999809265137,4.574999809265137,0.0,0.8139734063622425,3940910.7,18029665.700830936,2.7256794602464236,4.848700008392334,4.252162903547287,-4.28871112019119,4.452047710713573,10.022938096953279,49.388946771545214,50.30825861435703,0
HK.03699,492,0.4950000047683716,0.5149999856948853,-3.883491549912931,0.311614730878187,132900.0,65785.50063371658,2.5257166717374844,0.43419999837875367,0.3928482572734356,20.731709533188774,26.923082801247233,36.118459969261274,32.582914990034,21.070297254659156,0
HK.03700,492,0.6850000023841858,0.6700000166893005,2.2388037792902336,0.6216832298696268,437506.0,299691.6110430956,5.202423599982674,0.8448000037670136,0.9267000022530556,-19.883042444083177,-42.43697735744873,12.295079724630456,-37.1559650084655,-46.06299112820049,1
HK.03708,492,0.25999999046325684,0.23100000619888306,12.554105405263838,3.6029042052227456,2133202.3,554632.5776561975,11.196555820707973,0.20619999825954438,0.2475299996137619,39.78493779446316,40.54053357432941,-1.8867907552966041,-29.729733212835296,18.181814487315386,2
HK.03709,492,4.385000228881836,4.28000020980835,2.453271353418649,0.8976131649930865,331802.5,1454954.0384435654,5.568630966208536,4.913600034713745,5.878575403690338,-5.3937429914714565,-14.187864690601279,-29.650995648251154,-39.2147823956827,-40.38372835760693,1
HK.03718,492,0.3799999952316284,0.375,1.3333320617675781,1.1691542288557213,335200.0,127375.99840164185,1.3782967235369186,0.38391199231147766,0.37939166352152826,0.0,-0.5235612714294887,1.8427842627073805,5.710226422474497,4.388853243940879,1
HK.03728,492,0.05900000035762787,0.05900000035762787,0.0,0.0,153000.0,9027.000054717064,1.4838709408004507,0.05967999994754791,0.06136999985203147,3.5087725031225445,-1.6666638726988803,-3.2786890251666563,-4.838707545359315,-1.6666638726988803,0
HK.03737,492,0.7599999904632568,0.7599999904632568,0.0,0.8603589057526411,427790.0,325120.39592027664,4.071652961497101,0.6960999989509582,0.7327749985456466,8.571429057997108,11.764703304297399,-9.523807834335413,26.66666004392862,13.432831571956816,0
HK.03738,492,3.184999942779541,3.2100000381469727,-0.7788191610696482,0.07535487743363195,29201373.55,93006373.08583401,6.3170270253498115,2.8734999799728396,3.470724993944168,-8.080807455283786,31.61156373421019,-16.40419972143198,-25.930237174356275,-40.24390265722654,0
HK.03750,343,488.6000061035156,483.3999938964844,1.0757162334893997,0.41486274162064596,3064438.65,1497284743.0938492,3.3014124153790068,578.0435852050781,592.6194787597656,-14.655020767944867,-26.676127518989713,-19.48375181005654,-3.599596972015638,-1.980214022488579,2
HK.03752,63,48.13999938964844,48.0,0.2916653951009115,0.7490015450294428,57770.35,2781064.6137397764,6.838981940348261,57.971200180053714,,-5.049312297372426,,,9.958887007583387,,1
HK.03759,492,32.939998626708984,31.6200008392334,4.174565946999476,0.8795728484295312,5184192.05,170767279.00759563,4.76920259135618,28.945999908447266,22.09374593257904,16.808502608265368,61.86673557466147,87.1470521112667,67.98877795152676,24.764692394084307,2
HK.03768,492,0.33000001311302185,0.32499998807907104,1.53846929764635,0.0,17950.0,5923.500235378742,1.7237307585493116,0.41029999911785126,0.5864499995112419,-14.285708756526322,-36.53845668897103,-50.74626792643008,-56.57894509816101,-53.52112350897088,2
HK.03773,492,2.4200000762939453,2.384999990463257,1.4675088457291836,1.0922787193973635,104300.0,252406.0079574585,2.002983840467406,2.5157999897003176,2.167799988389015,-3.1999969482421875,-2.8112422881404373,41.520469140828695,47.56098154894592,50.31056240943148,1
HK.03774,492,29.719999313354492,30.0,-0.9333356221516927,0.6017543453607055,846440.0,25156196.218795776,14.46250078016173,19.492599906921388,10.909299980401993,48.59999656677246,80.66868045569512,352.35918625309716,444.32232794344327,1385.9999656677246,0
HK.03778,492,2.880000114440918,2.880000114440918,0.0,0.0,1800.0,5184.000205993652,0.0,2.914800033569336,2.9543500113487244,1.0526389758675214,-3.9999961853027344,-6.493500461665078,-9.999997764825855,-5.57376526338179,0
HK.03788,492,3.1549999713897705,3.140000104904175,0.4777027383587767,0.4014827545537367,1994773.55,6293510.493179071,3.987318012341635,3.1457999753952026,3.457900003194809,-3.072200907382259,31.45832691755585,-9.339081778805383,-15.641712210033761,-25.413712596606025,2
HK.03789,492,0.2800000011920929,0.2849999964237213,-1.754384313814067,0.0,341400.0,95592.00040698051,3.6996099061250356,0.2268334871530533,0.15603837102651597,22.807018002498037,46.258512879409096,181.04575955230064,287.387370114398,402.9239769212261,0
HK.03798,492,1.3899999856948853,1.399999976158142,-0.7142850452539758,0.17537552283827745,52120.5,72447.49425441027,3.580014186544199,1.253600001335144,1.3141499996185302,14.876028253980014,0.7246369925949435,11.19999885559082,3.7313396321503887,41.836730473640394,0
HK.03800,492,0.7149999737739563,0.7099999785423279,0.7042247017941755,0.2941192916368194,146430400.75,104697732.69595991,3.904529651840702,0.712200002670288,0.8832500040531158,-2.72109389685753,6.716411337870699,-20.555556365001372,-35.58558877843235,-45.0,1
HK.03808,492,35.79999923706055,35.7599983215332,0.11185938871606949,0.3795882757301992,6772907.25,242470074.38268185,3.7135938362558414,38.8591185760498,36.822670545578006,-12.945035483361075,-12.260094980342382,-4.40144779816067,35.43701296513131,66.83049428179552,1
HK.03813,492,0.36000001430511475,0.36000001430511475,0.0,0.47721431576798784,1284719.7,462499.1103780627,2.991050347103299,0.3414698666334152,0.3716448938846588,0.6755404677952094,10.60129655057995,-5.559207092990937,-15.606105711219447,-19.868425923112774,0
HK.03816,492,4.849999904632568,4.675000190734863,3.7433092354633013,2.798006806615315,2137645.0,10367578.046138287,7.548984715705257,3.3211000037193297,2.178524293899536,35.47486055842694,155.2631560785288,71.37809312309813,903.9358303733987,810.9787445186438,2
HK.03818,492,0.2800000011920929,0.2800000011920929,0.0,0.209751001978044,2582904.05,723213.1370790615,3.238275820719451,0.2796999967098236,0.374849997907877,5.66038351204981,-5.084741139541855,-34.11764862628127,-37.078650406162126,-44.58545022886595,0
HK.03822,492,1.149999976158142,1.149999976158142,0.0,0.0,19590.0,22528.499532938004,1.4028377513532064,1.0964000117778778,1.1152500021457672,6.481475042708381,11.650486223456546,-5.737709082829153,-4.166672461562456,25.781246689439303,0
HK.03828,492,0.7200000286102295,0.7200000286102295,0.0,0.10308361756493302,76706.9,55228.97019460201,1.9235005653682893,0.7175380277633667,0.7807074588537216,4.374464555346022,-3.080856135969269,-7.812791433507142,-14.82704199301234,-20.849367114485524,0
HK.03830,492,0.20600000023841858,0.20200000703334808,1.9801945870279791,0.7272727272727273,426000.0,87756.00010156631,3.1047073928857256,0.1987200003862381,0.16668000033125283,5.641029638181453,0.9803941620171147,36.423847464207114,186.11112375870218,178.3783751129669,1
HK.03833,492,1.8600000143051147,1.809999942779541,2.7624349782459507,0.42767560450675046,1479373.1,2751633.987162602,3.8209561826081004,1.9286999988555908,2.134730059504509,-8.823527005579463,26.53061075540249,-1.8467910689626017,-37.03987974523823,5.7451780753290524,1
HK.03836,492,0.5199999809265137,0.5149999856948853,0.9708728874782327,0.20484380659746942,371955.0,193416.5929055214,4.829037970188595,0.5881999951601028,0.8505749949812889,-7.964604757379029,-32.46753327177799,-56.666669978035685,-49.01960875977925,-68.67469931430958,1
HK.03838,492,0.17499999701976776,0.17000000178813934,2.9411736347271384,0.3332078660978383,8038055.65,1406659.7147947275,2.6353705410250443,0.1676600009202957,0.16878545075654983,2.9411736347271384,6.707312308522355,8.231791973943382,2.2521406336958347,-6.527085617283881,1
HK.03839,492,7.909999847412109,7.909999847412109,0.0,0.0,64285.0,508494.34019088745,1.2453425788321182,8.57619990348816,7.818199949264526,-5.833330873458993,-12.500001318686838,13.32377973921653,9.25414499274865,-6.501184258331659,0
HK.03848,492,2.109999895095825,2.109999895095825,0.0,0.0,304700.0,642916.9680356979,2.1414493196660644,2.1535999536514283,2.215301488637924,1.442306369719372,-5.887609359364416,-5.635301301798467,-5.635301301798467,-5.803355940931233,0
HK.03858,272,44.619998931884766,45.18000030517578,-1.2394895296777197,0.131303831734378,2055183.15,91702269.95782757,5.7464270659997245,55.23724266052246,72.99931539535523,-16.953862037877908,-18.060157442320957,-56.43802542094194,-5.3893966472177635,64.40531205217852,0
HK.03860,492,0.6000000238418579,0.6000000238418579,0.0,0.0,41750.0,25050.000995397568,2.6124322896597914,0.5790000057220459,0.6065000039339066,0.8403352926397583,0.0,-3.225803350434739,-11.764703304297399,20.000004768371582,0
HK.03866,492,4.824999809265137,4.820000171661377,0.1037269175456579,0.4794413393788451,1786974.05,8622149.45041175,2.6153075990613073,4.962499980926514,4.3966552352905275,-6.582771637928726,6.984469277097988,19.28241172430687,32.39721895077503,17.617989857109148,1
HK.03868,492,0.7850000262260437,0.7799999713897705,0.6410326948300152,0.16413134530960993,7091531.4,5566852.334982812,1.962019023739484,0.8117044925689697,1.0284946781396866,1.2903290807148435,-11.60253274990172,-34.294876432042386,-27.378541533431992,-34.81223464183224,1
HK.03869,492,3.384999990463257,3.384999990463257,0.0,,0.0,0.0,0.0,3.3973000764846804,4.0400750207901,-0.4411795436303884,-0.4411795436303884,-14.303798744300664,-42.62711973308111,-50.147275265382,0
HK.03877,492,2.384999990463257,2.375,0.4210522300318668,0.09363483122577002,11746434.55,28015246.28972727,2.2978324209821777,2.307900013923645,2.2566659873723984,2.58064264726859,15.776701782097913,2.1555009164815644,19.53769998477012,34.98102848362062,1
HK.03878,492,0.19699999690055847,0.19699999690055847,0.0,0.0,206600.0,40700.19935965538,1.9782649293767045,0.20807999968528748,0.22818499878048898,5.913974316647585,-14.718618348889457,-20.883534737389773,-14.347828988316778,1.0256431417823377,0
HK.03880,314,20.600000381469727,21.100000381469727,-2.3696682036039487,0.765620110566392,94340.0,1943404.035987854,5.7675821098876385,21.27700008392334,23.39980004310608,4.0404099759346535,-6.871611212001878,-7.123534273970934,-29.45205533139855,-32.67973815469507,0
HK.03881,194,20.65999984741211,20.139999389648438,2.5819288655536994,0.04077590369535303,752617.3,15549073.303159716,6.510857300448136,19.997000007629396,,3.299999237060547,2.5819288655536994,-10.94827944826983,-8.17777845594618,,2
HK.03882,492,0.44999998807907104,0.46000000834465027,-2.1739174096029172,0.0,14150.0,6367.499831318855,1.931200675544711,0.42820000112056733,0.49409999772906305,12.499995343387196,12.499995343387196,-6.250000388051082,-30.769230063850333,-45.12195219460306,0
HK.03883,492,0.035999998450279236,0.035999998450279236,0.0,0.5368275818482607,3676993.35,132371.75490168706,8.050640418493762,0.038659999817609786,0.056580000072717664,-7.692313570477667,-20.000006622738045,-40.9836097610666,-48.571431004271204,-69.23077021046426,0
HK.03886,492,0.15600000321865082,0.164000004529953,-4.878049445322461,0.4773774454263917,539775.0,84204.90173734725,4.4490363468308605,0.18012000054121016,0.2211919516324997,-11.363634054572117,-24.637680429124643,-37.078065037669674,-36.570627772464555,-40.639680632004435,0
HK.03887,196,2.325000047683716,2.2750000953674316,2.1978000096834616,0.28608368533742096,3262817.1,7586049.913083243,7.304117499395907,2.4694999980926515,,-16.66666381817703,23.015876469908893,-49.45651965465794,-64.06491308997637,,2
HK.03888,492,25.020000457763672,24.84000015258789,0.724638905274034,0.3835953713226546,6421525.4,160666568.44754106,2.633264414605645,25.41160011291504,25.291301879882813,0.0800018310546875,8.405548268936489,4.981313711169469,-13.726808921090367,-28.40012309491354,2
HK.03889,492,0.06700000166893005,0.07199999690055847,-6.944438120648913,0.6716865985801429,1843731.8,123530.03367705941,18.726249181049255,0.05495999999344349,0.07251000026240945,59.52381564815307,13.559324174254684,-25.55555665934523,-27.173911370970806,-27.173911370970806,0
HK.03893,492,1.3049999475479126,1.3049999475479126,0.0,0.0,248400.0,324161.9869709015,1.191627621938171,1.3121999883651734,1.1461499932408332,-12.709033887253849,4.399995803833008,41.84781781244609,29.20791681882572,51.744177423341156,0
HK.03896,492,4.925000190734863,4.78000020980835,3.0334722711722923,0.1892871864085357,30930677.05,152333590.37080845,3.2704874768096297,5.523699989318848,6.393175008296967,-11.181242146591005,3.0334722711722923,-34.94055377737223,-13.292247542630545,-44.72502497106866,2
HK.03898,492,27.959999084472656,27.799999237060547,0.5755390352630351,0.3098999599558096,2623374.0,73349534.63822937,2.083087328590766,31.27356216430664,36.10800523757935,-8.507854800086955,-24.243201620655082,-19.838095733897614,-23.99308449775605,-27.666567419971127,1
HK.03899,492,6.980000019073486,7.019999980926514,-0.5698000279445594,0.1329868749171716,4127483.8,28809837.002725504,3.628545651197559,7.609799966812134,9.16601772069931,-8.638741609241803,-10.167309701316444,-31.619721908798336,-24.466972298215016,-8.247042201310643,0
HK.03900,492,6.300000190734863,6.175000190734863,2.024291435448915,0.2625725191579251,11301247.0,71197858.2555418,4.92049867887523,6.719700012207031,8.499075016975404,5.971404690040216,-11.888110395736822,-31.670281905912894,-24.821001137239538,-33.89296571605783,1
HK.03903,492,0.1679999977350235,0.1679999977350235,0.0,,0.0,0.0,0.0,0.1679999977350235,0.1679999977350235,0.0,0.0,0.0,0.0,0.0,0
HK.03908,492,20.100000381469727,19.549999237060547,2.813305196281304,0.4971248125146266,15226352.0,306049681.00839233,3.5068926274989685,20.875999946594238,20.303590641021728,-6.337366081189417,-11.453745788918859,17.023986155482312,0.9027367916301062,4.597679358775516,2
HK.03913,492,0.12200000137090683,0.11800000071525574,3.389831043563671,0.13120786997300085,948829.35,115757.18200075663,6.03169201219369,0.1407400004565716,0.1781299999728799,-15.277773178653757,-19.736838622477794,-37.75509971347955,-44.29223599819853,-51.00401511492416,1
HK.03918,492,2.6500000953674316,2.6649999618530273,-0.5628467804992386,1.9595364782427318,2875488.35,7620044.401727939,3.5979961226160553,3.2423565006256103,3.7815112721920014,-15.979706451853094,-25.647794470169327,-29.445747383424376,-42.20711916561245,-54.203665254020805,0
HK.03919,492,0.8399999737739563,1.4800000190734863,-43.243245746725364,5.402864395625059,796180.0,668791.1791193485,16.178809911207452,0.916899996995926,1.1776750001311302,34.39999580383301,10.526313725600916,-35.384615031925165,-30.000004967053535,-21.49533340218505,0
HK.03928,492,27.059999465942383,27.079999923706055,-0.07385693434276308,1.299226441631505,290750.0,7867694.844722748,3.5483685748535168,27.023200073242187,19.191100025177,-1.9565250292166416,21.12801826819917,67.03702587377167,212.4711309784699,441.19998931884766,0
HK.03931,492,16.15999984741211,15.710000038146973,2.864416347373957,0.27984851054379845,5120239.8,82743074.3867134,4.874977713129131,17.990599994659423,25.37284999370575,-8.855046448727606,-33.05716546810793,-46.63144160845674,-37.84615443303035,-46.09739795143883,1
HK.03933,492,7.619999885559082,7.505000114440918,1.5323087190483131,0.2186216982750217,5182927.4,39493906.19486103,3.3367209858393636,8.447399978637696,9.783220541477203,-9.447416279237654,-19.373321402018316,-19.784683617717597,-32.982935961986016,-47.81853545099487,1
HK.03938,492,2.7149999141693115,2.75,-1.2727303938432173,0.2694898941289702,210100.0,570421.4819669724,1.9631456507324168,3.0249000215530395,3.151375012397766,-12.980768789906458,-27.60000228881836,-20.14706358777597,83.44593778241727,282.3943656651043,0
HK.03939,492,13.039999961853027,13.029999732971191,0.07674772898522243,0.1818786938480122,22372574.25,291738367.366554,4.967163500586105,13.620799999237061,12.180307385921479,-14.771243141881865,37.263157493189766,9.47854290598121,67.62598553629368,35.861643491525236,1
HK.03952,69,43.2400016784668,44.060001373291016,-1.8610977513979359,0.1424892703862661,55560.0,2402414.4932556152,5.727906289883181,55.920800094604495,,-25.448272968160694,-54.95833158493042,,-40.76712098840165,,0
HK.03958,492,5.78000020980835,5.579999923706055,3.5842345669686178,0.4456745062482252,5112140.15,29548171.13956969,2.4747652114756677,5.7086999893188475,5.908340563774109,-1.3651863802616762,1.0489584233828948,10.81790048682376,-13.949420325576323,-16.462721225939994,2
HK.03963,492,0.13199999928474426,0.10899999737739563,21.10091968875438,26.666666666666668,5500.0,725.9999960660934,0.7327701668878998,0.11870000079274177,0.1412100012972951,8.196719509400037,-8.333329883990316,-19.01840659051838,1.5384647126735067,-44.999999068677404,2
HK.03968,492,51.0,50.70000076293945,0.5917144626156288,0.39013941622579196,8908741.55,454345819.05,1.835975731340104,50.40260009765625,48.01227451324463,-1.7341069352958272,12.433860920983626,6.78063976003288,-0.03140528793265271,15.522621208142489,2
HK.03969,492,3.005000114440918,2.950000047683716,1.864409012480768,0.33067173454861565,2601094.15,7816288.218421602,2.437674455408654,3.148100004196167,3.257118855714798,-4.905062252522842,-0.8933909264092057,-6.689099788797377,-5.304663112077741,-10.358630653604965,1
HK.03978,492,2.4600000381469727,2.4049999713897705,2.2869050898748835,0.5002861310652512,1037332.5,2551837.9895710945,4.507610749722419,2.711104989051819,3.003564623594284,-1.9789390324061729,-17.082816104853475,-20.532315496778736,-31.141350461302768,-48.4209792786867,2
HK.03983,492,1.8550000190734863,1.8450000286102295,0.5420048947527367,0.8707853738317869,2971216.75,5511607.127921462,1.9340228425546324,2.0065000224113465,2.3320054441690443,-5.597965009495793,-9.512192086759244,-29.832842836950636,-19.480310618940404,-17.795803699299455,1
HK.03986,180,442.79998779296875,452.6000061035156,-2.1652713606692884,0.1651616573556657,1654874.45,732778386.2588959,5.188132375282253,479.3120007324219,,-9.926773332926102,-49.480891295725186,17.73877658595548,99.12014614735611,,0
HK.03988,492,6.014999866485596,5.920000076293945,1.6047261649888764,0.5330170091939055,141741142.1,852572950.8070158,1.8079446305238918,5.705599994659424,4.997143068313599,1.1774548831452225,24.7925239059135,27.732102561402318,36.4731517971108,48.62010259600408,1
HK.03989,492,0.08299999684095383,0.08399999886751175,-1.190478619095182,0.8752493423600438,2414941.6,200440.145171088,4.036436019394664,0.08361999958753585,0.09094999995082617,-2.352945920092787,0.0,-26.548674083445057,12.162156447692093,-8.791210410704666,0
HK.03990,492,2.369999885559082,2.365000009536743,0.21141124744934967,0.23424304615306324,387204.55,917674.7391879559,3.0581536970729184,2.4523773431777953,3.1035505211353303,-1.6597592882582415,-10.27485383389624,-22.622356779551907,-38.28660827780804,-41.69483532552177,2
HK.03991,492,0.5849999785423279,0.5899999737739563,-0.847456856590309,0.0598056316969848,1193300.0,698080.4743945599,2.645036416812283,0.6157000017166138,0.9199249956011772,-2.5000074505803007,-20.945949864439708,-48.230090176025705,-48.230090176025705,-48.230090176025705,0
HK.03993,492,15.420000076293945,15.1899995803833,1.5141573552620253,0.7324688924057535,32546473.45,501866623.08209884,3.5357842275552844,16.56693838119507,18.294818654060364,-5.803303080245543,-2.749717674785411,-5.292578340622976,-21.640881903922445,26.075011044887702,2
HK.03996,492,1.0399999618530273,1.024999976158142,1.4634132725648943,0.1577038772960898,8875991.4,9231030.717407798,1.5727257002548,1.0544999861717224,1.1456539338827134,0.0,-3.7037110623015317,-17.33382934698369,-0.4944282298912769,-8.927097641520168,2
HK.03997,492,1.159999966621399,1.1799999475479126,-1.694913713180618,0.0,152200.0,176551.99491977692,4.236476341501857,1.4964999890327453,1.501174996495247,-1.694913713180618,-65.8823548798742,27.472520130813194,56.756750225933814,93.33332008785725,0
HK.03998,492,4.045000076293945,4.014999866485596,0.7472032579320944,0.6311081588757073,28414977.45,114938585.95314074,2.7325926897706956,4.3325816822052,4.223328839540482,-7.858765391440414,-7.068913990943279,7.950243003148991,-5.424117475496951,-5.619927671071934,2
HK.03999,492,0.5799999833106995,0.5799999833106995,0.0,0.0,3450.0,2000.9999424219131,0.7388556918510314,0.5624999916553497,0.5785749962925911,0.0,3.571425150243618,0.0,-1.694913713180618,-4.918037752603991,0
HK.06030,492,24.020000457763672,23.8799991607666,0.5862701085311761,0.21199953408084732,8261979.1,198452741.76403388,2.6665861671164537,26.06,26.629899978637695,-10.30619924613436,-15.12367100594109,2.8473264051940625,-14.245816713154818,-9.769944632753141,2
HK.06031,231,17.219999313354492,17.1200008392334,0.5841032080555172,0.28238688159343184,4296117.0,73979131.79009056,3.1505955013836497,19.01619998931885,21.196354217529297,-13.030303147067567,-12.765959913792479,-16.015584519964747,-21.259866349400355,,2
HK.06033,492,0.4650000035762787,0.47999998927116394,-3.124997089616889,1.9658119658119657,12850.0,5975.250045955181,0.7125880772530702,0.47769999980926514,0.5344838258624077,-6.06060624305064,-16.260589382746716,-13.322368366231013,-25.14204616329988,-30.413732677033035,0
HK.06036,492,1.090000033378601,1.100000023841858,-0.9090900224102623,0.7432679420007311,376850.0,410766.5125787258,3.7013780535032326,1.273100004196167,0.8737250000238419,-3.539819647948593,-15.503870882843696,131.9149013070728,156.4705888952763,134.4086075259131,0
HK.06038,492,0.41499999165534973,0.41499999165534973,0.0,0.8344923504867872,329500.0,136742.49725043774,2.1637351166273344,0.35118276059627535,0.32164344884455204,10.666664441426594,37.542855314137974,23.43589985880087,39.72522920811571,138.09682091907862,0
HK.06049,492,27.34000015258789,27.239999771118164,0.3671085987884415,0.21419035392058997,508378.1,13899057.33157234,1.9902832256880592,27.750800094604493,29.32912850379944,-2.6353268273816197,1.334324004668692,-6.513064269344001,-10.454234094716258,-16.219658045623298,1
HK.06051,492,1.2100000381469727,1.225000023841858,-1.2244886043219934,0.2307364414199633,3520122.05,4259347.814781999,5.0202254182840615,1.2528999996185304,2.0796250051259992,1.2552288733465697,-22.929936450820666,-50.813007342129104,-57.986111456045386,-63.772453016726786,0
HK.06055,492,22.559999465942383,22.920000076293945,-1.5706832860088404,0.06793719059040372,1546390.0,34886557.57413864,3.912573325423406,23.457515258789062,28.892313232421873,-7.5521712029107,13.145105352830846,-33.08466622546514,-35.51864048931952,-49.90077946466571,0
HK.06058,492,0.5350000262260437,0.5450000166893005,-1.8348605792718238,0.44227934106788025,299020.0,159975.7078421116,5.618568552712643,0.5785000026226044,0.5328749999403953,-13.709673852999948,-9.3220254224934,20.224726927008152,12.63158588198092,13.82979310276608,0
HK.06060,492,9.484999656677246,9.475000381469727,0.10553324332392777,0.2651324362416593,7761432.15,73617181.27807374,2.8578068637200897,10.653699970245361,12.619075016975403,-15.838515781574571,-2.5179845538078167,-28.361028544971,-42.584749431894146,-45.01449474390002,1
HK.06063,492,0.9200000166893005,0.9649999737739563,-4.66320811478039,0.9132640734476927,6924800.0,6370816.115570068,9.513945021526741,1.1226999962329864,0.6464199989289046,-27.559052716038213,3.3707900535517603,84.00000333786011,371.7948976588212,389.36172776116547,0
HK.06066,492,11.229999542236328,11.119999885559082,0.9892055558390469,0.08752818092663361,3913576.05,43949457.250007056,2.5748217977667123,11.632999992370605,11.739543356895446,-6.804984527129106,-10.160003662109375,9.603260758782985,-13.018580793351553,-10.18270604666652,2
HK.06067,74,6.809999942779541,6.875,-0.9454553777521307,0.035451351682739725,1823460.0,12417762.495660782,5.95649303642858,7.5242000007629395,,-7.4099262390294225,-39.19642804684686,,-38.09090961109508,,0
HK.06068,492,0.05700000002980232,0.054999999701976776,3.636364252114102,0.3227734608487747,170000.0,9690.000005066395,7.418812203637287,0.06104000002145767,0.0706950000859797,-3.389831043563671,-13.63636312323825,-20.833329883990316,-19.718312445648802,-58.69565111759252,1
HK.06069,492,6.005000114440918,6.090000152587891,-1.3957312974918836,0.1841603763327019,4203400.0,25241417.481040955,4.241621420950006,6.5276000022888185,8.448943965435028,-4.455047569913358,-18.42861148612958,-29.280688336090588,-43.045693249900076,-42.22026646934178,0
HK.06078,492,9.414999961853027,9.324999809265137,0.9651491091556725,0.141609237442818,1095130.25,10310651.261974096,2.6686805955299113,9.895599937438964,11.224400010108948,-9.121618978193167,-1.7223378201155202,-15.48474262394149,-25.807720463544353,-33.2269524316733,1
HK.06080,492,0.11999999731779099,0.11500000208616257,4.347821861674596,0.0,338700.0,40643.99909153581,2.017171104256617,0.13192000180482866,0.1333250006660819,-7.692306369719372,-17.808219807236124,4.347821861674596,6.194689740345943,-30.232562068315755,1
HK.06082,187,35.599998474121094,36.81999969482422,-3.3134199641903317,0.3562919519086935,14475139.9,515314958.3526894,7.43413827383267,37.19680019378662,,-13.508263833583554,-26.658430567245627,21.50170444063322,3.3081817177473756,,0
HK.06083,492,0.6200000047683716,0.6200000047683716,0.0,0.11621150493898896,571000.0,354020.0027227402,6.899512910087173,0.740699999332428,0.6743462601304054,-27.058825014371727,-36.734694622298754,25.7464806848612,24.7282956856641,24.7282956856641,0
HK.06086,492,0.8799999952316284,0.8450000286102295,4.142007743948048,0.6172028890347997,244600.0,215247.9988336563,5.430090678262276,0.7322000014781952,1.4248499989509582,13.548389974667641,17.333332697550453,-33.333336343668805,-60.5381171432793,-78.79518132508102,1
HK.06088,492,5.014999866485596,4.855000019073486,3.2955684198461297,0.36365556888469897,20382130.45,102216381.485442,4.779809294953256,5.236599998474121,6.286600008010864,-8.65209334126846,-18.322475968455123,-35.456887016779696,-1.8591049813431633,-23.668192763266905,2
HK.06090,254,41.20000076293945,41.959999084472656,-1.8112448477493923,0.3202474726069462,535717.4,22071557.28871994,6.544181038094169,42.422799835205076,60.51134999275207,-6.278431253443944,51.80545943067961,-42.69819208820132,-56.263267412230775,-58.38383761319247,0
HK.06093,492,0.6800000071525574,0.6800000071525574,0.0,0.0,8400.0,5712.000060081482,0.46840606413070035,0.6865000033378601,0.7116250032186509,1.4925358528601556,-1.449273985189887,0.0,-9.333332379659016,-13.924052065485734,0
HK.06098,492,5.215000152587891,5.15500020980835,1.1639173683325934,0.6414161597083696,6646968.55,34663942.002496906,2.1873510289100433,5.410699987411499,5.530017304420471,-6.541214625604207,-0.6666637602306548,0.14887746683039707,-5.460785666297729,-11.442431962853371,1
HK.06099,492,14.140000343322754,13.960000038146973,1.2894004633518195,0.22641561507914368,3431830.6,48526085.86222553,2.9423477657797283,14.777360858917236,14.280540504455566,-7.460729120227313,-17.22244870363491,12.970730584488468,3.0956655411820764,-7.278738459062037,1
HK.06100,492,2.0,1.9600000381469727,2.040814340536656,0.33159292846019967,277880.0,555760.0,5.543424248568782,2.1828000116348267,2.6318902951478957,-17.184263702207193,0.0,-22.278163229228703,-45.45835909699425,-41.96769492439537,1
HK.06106,73,60.25,60.79999923706055,-0.9046040196745524,0.15812886913201188,509330.9,30687186.725,9.529876052968055,64.61960052490234,,-9.125192719877875,-34.86486486486486,,-43.160377358490564,,0
HK.06108,492,0.21699999272823334,0.21799999475479126,-0.45871653698099185,0.1412030499858797,100032.0,21706.943272590637,3.502400892746413,0.2183799996972084,0.22173000022768974,-11.065577750074917,5.8536559127044905,6.3725474441294105,-25.172414147471144,-44.358974182629254,0
HK.06110,492,1.034999966621399,1.0199999809265137,1.4705868603311214,0.1763752590379961,22512642.65,23300584.39130948,3.1479711033222557,1.1118652653694152,2.0609538036584856,-6.756760965509316,-37.67103619372025,-56.936353740738085,-59.1637845577914,-61.420980989026354,1
HK.06113,492,1.1649999618530273,1.2100000381469727,-3.719014452500321,7.826086956521739,28700.0,33435.498905181885,7.911023899831527,1.3817000007629394,1.6500749933719634,-18.815330431549278,-25.796183252765825,-13.703708053452738,-41.75000190734863,-78.62385316284785,0
HK.06117,492,0.5799999833106995,0.5799999833106995,0.0,0.0,500.0,289.99999165534973,0.0,0.5875999987125397,0.6293175122141839,1.754384313814067,-4.918037752603991,-10.16944755805235,-8.828690280348368,-17.45300545224299,0
HK.06118,492,0.6700000166893005,0.6800000071525574,-1.4705868173635692,0.6304728546409807,25050.0,16783.50041806698,2.650096879331529,0.713300005197525,0.7806250014901162,-7.586207633636486,-1.4705868173635692,-6.944445824181537,-24.719098038391017,-37.96296388278769,0
HK.06119,492,0.4399999976158142,0.4399999976158142,0.0,,0.0,0.0,0.0,0.4399999976158142,0.47252500042319295,0.0,0.0,0.0,-22.80701699349358,-10.204083866896262,0
HK.06123,492,1.159999966621399,1.159999966621399,0.0,0.0,32700.0,37931.998908519745,1.4761933063484545,1.2041000080108644,1.249625009894371,-3.3333399560713786,3.571425150243618,-11.450380359549793,7.40740004880958,2.6548647359614446,0
HK.06127,492,32.20000076293945,30.639999389648438,5.091388395451646,0.4165210831951983,4144652.3,133457807.22211875,6.347488736557913,25.083999977111816,21.81290719985962,42.85714043941113,63.4517741923928,92.39218842362973,62.60803967148735,38.703267342351225,2
HK.06128,492,0.057999998331069946,0.05299999937415123,9.433960407473664,0.0077724234416291,1265600.0,73404.79788780212,3.569994650531484,0.05322000004351139,0.09144500026479363,5.45454299154359,0.0,-4.918036591266588,-72.76995377421929,-79.64912313723718,1
HK.06132,74,36.900001525878906,36.119998931884766,2.159475683997313,0.7566595848994934,60425.0,2229682.592201233,5.776281259554267,41.53599998474121,,-17.890514789761706,8.529416252585019,,4.6511720998697745,,2
HK.06133,492,0.27000001072883606,0.27000001072883606,0.0,,0.0,0.0,0.0,0.27000001072883606,0.24715000666677953,0.0,0.0,16.37931831810075,54.285723043947954,5.882359128509954,0
HK.06136,492,0.7649999856948853,0.7749999761581421,-1.2903213897927004,0.10911152047612299,691550.0,529035.7401072979,4.460742364234864,0.7768999969959259,0.6902034038305283,-1.9230751596258298,-1.9230751596258298,8.450710056966626,60.41666484392567,105.33332586738638,0
HK.06138,492,0.3100000023841858,0.3100000023841858,0.0,1.3590022253273302,991150.0,307256.50236308575,2.562455273137496,0.3097000026702881,0.3370750017464161,-1.5873000855468575,0.0,-8.82352966957026,-13.888891648363074,-29.545453621828848,0
HK.06158,492,0.027000000700354576,0.026000000536441803,3.846154397232281,0.14084605344891366,6766700.0,182700.9047390893,11.895450364284848,0.02626000016927719,0.02339500012807548,-12.903222123802454,92.85714190681374,3.846154397232281,-6.896546630102299,-34.146341574220415,1
HK.06160,492,220.60000610351562,218.60000610351562,0.9149130577118658,0.33454076816479855,3108713.3,685782172.9540801,2.6558897263357095,213.65600006103514,192.48700019836426,2.5092979701910476,15.800528138328412,34.43022419167939,19.56639897209519,12.150487811935383,2
HK.06162,492,0.03400000184774399,0.03700000047683716,-8.108104298461395,0.7280603107168145,19751200.0,671540.836495161,11.155422321067624,0.12715999990701676,0.24203999854624272,-56.96202495831212,-87.63636323243135,-82.47422636860249,-85.8333322467903,-85.47008451760419,0
HK.06163,492,0.7900000214576721,0.7900000214576721,0.0,0.0,21500.0,16985.00046133995,0.06249993946403356,0.7015000092983246,0.4568500044941902,13.669069005455755,-12.2222175127193,154.8387146393044,182.14286360509539,218.54840095516445,0
HK.06166,231,117.80000305175781,121.5999984741211,-3.124996274709655,0.080873584274449,8595705.2,1012574098.7920104,8.028456125812829,101.02421783447265,101.17011825561524,-1.9153411451085838,12.605314859203261,57.0486979385192,22.975173884436828,,0
HK.06168,316,11.779999732971191,12.119999885559082,-2.805281813517169,0.16200123724095267,245620.0,2893403.534412384,3.5482691813825693,13.11908727645874,18.301437253952027,-8.408450827460296,-17.69054072838013,-37.14841892380229,-55.1060128643354,-70.9582370503887,0
HK.06169,492,0.35499998927116394,0.35499998927116394,0.0,0.9084514970500407,1721614.4,611173.0935290813,2.3006358369654345,0.36130000472068785,0.43670000061392783,-1.3888957875743526,7.575750049918888,-24.46808719753734,-34.2592638583829,-45.384615031925165,0
HK.06178,492,6.885000228881836,6.815000057220459,1.027148511718824,0.04262790946771288,1038515.8,7150181.520697404,2.4873363699994826,7.307300004959107,7.826783616542816,-8.199996948242188,-7.477274924885198,-6.990958170353721,-22.729386107432806,-31.68693789979692,1
HK.06181,492,322.6000061035156,325.20001220703125,-0.7995098419185758,0.35249188590670977,757107.5,244242884.12101746,3.8378765437981475,359.6239996337891,526.3929302978515,-17.239605898896155,-15.105261551706414,-46.611592528481424,-46.91201007787007,-53.066796108297645,0
HK.06182,492,0.6100000143051147,0.6000000238418579,1.6666650109821552,0.24187912121304203,6495400.0,3962194.0929174423,8.269849971208057,0.6434999984502793,0.7331250040233135,4.273510543552606,-6.153840510802654,-17.567566696791175,-17.567566696791175,12.962961123313507,2
HK.06185,492,40.599998474121094,35.599998474121094,14.044944422215854,0.46073761478479347,5860444.0,237934017.45767212,7.4489909749893695,28.061199951171876,30.17810004234314,42.45613499691612,69.16666030883789,32.247548746424656,16.132721788752622,-17.142860256895727,2
HK.06186,492,2.7249999046325684,2.7249999046325684,0.0,0.8074203109180582,24664474.75,67210691.34156239,2.772937130401769,2.872887167930603,3.2204595041275024,-0.2635240068284647,-8.248963479011413,-20.83574946549569,-27.318188287175836,-24.89545995647812,0
HK.06188,492,0.4300000071525574,0.3050000071525574,40.983605596270195,20.296540362438222,30575.0,13147.250218689442,3.1042821547418784,0.42579999327659607,0.4469999988377094,10.256416134580567,-21.818182212262105,7.500000186264512,6.172840959723081,-11.340207325840764,1
HK.06189,492,0.07199999690055847,0.07199999690055847,0.0,,0.0,0.0,0.0,0.07199999690055847,0.07199999690055847,0.0,0.0,0.0,0.0,0.0,0
HK.06190,492,2.674999952316284,2.674999952316284,0.0,0.0,180.0,481.49999141693115,0.0,2.8375000047683714,2.2558668249845506,-0.9259294417005213,9.631143015772171,29.81351928760723,60.93838239164939,-17.84936066122557,0
HK.06193,492,0.3700000047683716,0.3700000047683716,0.0,0.0,18600.0,6882.000088691711,1.028242280742844,0.3877000015974045,0.3228649999201298,-2.6315764707211,7.246378564303781,27.586212212067167,23.33333002196431,96.8085199135796,0
HK.06196,492,0.8199999928474426,0.8199999928474426,0.0,0.10896616649114092,4012842.6,3290530.9032979133,1.714196158274886,0.8934999990463257,1.001824993789196,-9.890113273056663,-5.747127775503971,-21.904759039413772,-28.695651317589206,-36.92307515962583,0
HK.06198,492,7.5,7.46999979019165,0.40160924566210626,0.3187609294598014,3529232.6,26469244.5,2.9304977531664647,7.160344934463501,6.945012719631195,4.287322159988463,18.2083861108393,13.294212117204603,13.294212117204603,10.493637355501974,1
HK.06199,492,0.9049999713897705,0.9049999713897705,0.0,0.0,55950.0,50634.74839925766,0.6525269612402728,0.9147000110149384,0.9480825152993202,-1.6304396768935925,-11.48799168755291,0.37444289876357356,-11.48799168755291,-13.837861702532136,0
HK.06600,189,43.97999954223633,46.20000076293945,-4.8051973680570965,0.10575284684580416,608381.4,26756613.693505097,8.906004153036914,52.16639991760254,,-7.37152492363977,-32.44239543305136,-57.217900548025035,-52.19565267148225,,0
HK.06601,492,2.180000066757202,2.1700000762939453,0.460829037404248,0.9034723532742027,1088800.0,2373584.0726852417,2.482561240319731,2.1918901443481444,2.1477573347091674,1.0897270839844744,8.379861714549461,2.863768365068733,5.1598291833904755,6.5873372338648455,1
HK.06603,314,4.380000114440918,4.199999809265137,4.285721746432066,0.46026091846375966,421251.5,1845081.6182084084,5.398673108207956,4.772500004768371,9.833891421556473,2.6963716660109456,-33.02752079527689,-59.78948846665722,-72.06750706878152,-85.78047839131109,2
HK.06608,492,5.195000171661377,5.195000171661377,0.0,0.8573130763744099,1172213.5,6089649.3337237835,6.092954950442777,5.04520001411438,7.436400010585785,2.0628686822357274,10.767592927071469,-37.40963792434054,-59.25490061442057,-54.148277081699334,0
HK.06609,492,56.849998474121094,54.150001525878906,4.986143808235773,10.893690188844374,48846.65,2776931.977965927,4.576284699095116,50.61879989624023,49.25474992752075,17.946053058639254,30.27039245927697,28.911565626202908,4.120879236043272,-7.1078467885454115,2
HK.06610,492,0.7649999856948853,0.7099999785423279,7.746480114756574,1.2176766819442086,209972.5,160628.9594963193,4.825258028009985,0.7904999959468841,1.1672749954462052,-21.13402441946921,-4.3750032130628345,-27.14285519658294,-46.12675994262172,-81.15763555476421,1
HK.06611,492,0.04600000008940697,0.04600000008940697,0.0,,0.0,0.0,0.0,0.04600000008940697,0.04600000008940697,0.0,0.0,0.0,0.0,0.0,0
HK.06613,308,21.799999237060547,21.559999465942383,1.1131715077140134,0.15088196300850912,5323736.65,116057454.90831128,3.7867195925690282,22.30452320098877,23.315538091659548,-9.978684530819846,-12.355246314860558,3.4467721684881854,-13.261390881830437,-27.587253583470083,2
HK.06616,492,9.104999542236328,9.204999923706055,-1.0863702585395034,0.29996357021377534,2178926.9,19839128.42706642,5.82865360134851,9.288800010681152,8.428750021457672,-11.858667865606701,12.407396462174571,24.046312710581418,-7.469518282052663,103.23659605964339,0
HK.06618,492,35.13999938964844,34.81999969482422,0.9190111936496792,0.1992385054401157,7701129.25,270617677.1446037,3.2593143966981577,37.1423999786377,46.08915006637573,-4.354932541432397,-6.987822855873503,-26.30033732228415,-37.63975094731087,-48.1328422293012,2
HK.06622,492,2.4800000190734863,2.4149999618530273,2.691513799055487,0.3731600744067107,135055.2,334936.8985759735,1.7952442243769586,2.5094999933242796,2.8741249942779543,-2.1696278065087045,-5.3435065878150265,-15.358363052249228,-21.766562795390833,-31.30193653350075,1
HK.06623,492,4.699999809265137,4.829999923706055,-2.691513799055487,0.9305409972832481,117412.8,551840.1376052856,5.661908000180796,10.029799671173096,10.682449631690979,-56.880734185760716,-56.880734185760716,-56.880734185760716,-56.880734185760716,-56.880734185760716,0
HK.06626,492,1.7599999904632568,1.7649999856948853,-0.2832858511134722,2.172948992619548,494344.9,870047.0192855597,2.5644305426153835,1.7488551187515258,1.8144474357366562,-5.882353691156271,11.842149618849843,6.5952611733532605,-22.555279477562145,-27.580310881845634,0
HK.06628,492,0.9350000023841858,0.9350000023841858,0.0,0.4620844470371044,1138077.75,1064102.6989633888,11.768896116968078,1.0322000014781951,1.7791000041365623,-8.333331385469087,-25.19999980926514,-56.71296457265623,-58.44444433848063,-80.06396607725596,0
HK.06633,492,3.130000114440918,3.130000114440918,0.0,0.0,1375.0,4303.750157356262,0.0,3.0649000549316407,2.841675007343292,-0.6349200101906909,8.680555210621282,2.622956176241205,-5.15151031308478,-10.571425301688057,0
HK.06636,129,73.80000305175781,70.5999984741211,4.53258448555024,0.16676755724543044,222690.45,16434555.88959732,7.598405219273366,83.61899963378906,,-9.999996278344131,-13.176466997931986,,-26.199996948242188,,1
HK.06639,492,1.8300000429153442,1.8300000429153442,0.0,,0.0,0.0,0.0,1.8300000429153442,1.8300000429153442,0.0,0.0,0.0,0.0,-14.084509643527305,0
HK.06651,189,55.349998474121094,53.0,4.433959385134139,0.23715279395570063,1092731.1,60482664.71762467,5.521958371740573,61.33799980163574,,-12.559243062810227,-27.92969235063822,29.201676650268393,46.04220645301813,,2
HK.06655,492,14.779999732971191,14.510000228881836,1.8607822179900961,0.12533783233646992,2080135.3,30744399.17854395,3.290790832413517,15.253599987030029,15.854450850486755,-11.017464239223997,13.430545171630273,-1.7820546181650136,-18.85882534154737,4.718070841064068,1
HK.06656,119,258.6000061035156,272.0,-4.926468344295726,0.5126398587468602,303745.2,78548510.57391357,6.905482255647924,319.7800018310547,,-19.187498092651367,-28.60298249915533,,-60.50733627830917,,0
HK.06657,492,14.050000190734863,14.720000267028809,-4.551630870514807,0.12050094716901705,370415.0,5204330.820651054,9.976711955850085,14.181400032043458,14.545000042915344,6.43939692236289,-3.170227642252911,-9.296317634996019,-24.29956575959699,-20.621471270481635,0
HK.06658,79,175.60000610351562,176.0,-0.22726925936612216,0.19505187160710552,390288.2,68534610.30213013,11.737084206702345,162.16600006103516,,41.61290814799647,-7.5789441560444075,,37.18750476837158,,0
HK.06660,492,1.774999976158142,1.7300000190734863,2.601153560030352,1.0803083043262058,158930.0,282100.7462108135,4.7491045052092185,1.64760000705719,2.4329500061273577,0.28248560935074984,4.411760374749117,-37.71929699811758,-48.40116434206246,-57.63723265112238,2
HK.06661,492,4.949999809265137,4.949999809265137,0.0,,0.0,0.0,0.0,4.950800104141235,4.8989000368118285,0.10110490253188469,-0.9009024489478749,0.22100770321712374,5.622140221252034,2.353370830719671,0
HK.06663,492,0.4099999964237213,0.3499999940395355,17.142858115994215,7.696476964769648,221000.0,90609.99920964241,4.848800902622481,0.3044999998807907,0.3018500016629696,46.42856952791312,24.242418221753294,49.090904558985784,36.66666004392862,46.42856952791312,1
HK.06666,492,1.1699999570846558,1.1449999809265137,2.1834040676500757,0.11370917104734433,26647791.4,31177914.794400856,5.848872852055944,1.1211999821662904,1.1555499917268752,2.1834040676500757,58.10810027112059,2.6315764707211,2.6315764707211,2.6315764707211,1
HK.06667,492,7.21999979019165,7.03000020980835,2.7026966530984002,1.9873066243554145,110740.0,799542.7767658234,3.3408778135382913,7.072399959564209,7.010548424720764,2.1939098615120467,-3.4759388799311925,1.8886162995278712,2.7376928837558694,2.7376928837558694,1
HK.06668,492,1.3949999809265137,1.3949999809265137,0.0,0.25534441805225655,163350.0,227873.246884346,1.0920312258198954,1.3508999705314637,1.299836493730545,-1.0638287978706684,14.344258050193362,9.358545438233831,7.773638398742756,7.080242825223268,0
HK.06669,492,5.96999979019165,6.070000171661377,-1.6474526959091695,1.0767764568253333,480858.1,2870722.7561119557,5.032285721757425,6.603400030136108,10.043099999427795,-2.610119433315219,-29.59905527757547,-50.62034975314902,-56.518572547459364,-52.955082840031686,0
HK.06675,77,22.780000686645508,23.0,-0.9565187537151835,0.18678697980211595,416263.1,9482473.703825187,9.549487900988895,29.369599800109864,,-13.777438982350818,-28.274557548869655,,-45.371701990732205,,0
HK.06676,387,0.6399999856948853,0.6449999809265137,-0.7751930820906612,0.322234156820623,87050.0,55711.99875473976,8.048446359721332,0.7133999967575073,1.0556999996304512,-8.571429057997108,37.63440446724632,-48.38709832478263,-62.352943073919434,-71.55555619133843,0
HK.06677,492,0.2750000059604645,0.2800000011920929,-1.785712575121809,0.2501087429317094,185200.0,50930.00110387802,3.2835451586926925,0.3086000031232834,0.3556615777313709,-6.779654852722472,-14.062496216501957,-26.202127593211166,-31.53690972412862,-42.60165326455088,0
HK.06680,492,15.329999923706055,15.119999885559082,1.3888891516959667,0.4098229274217942,1547244.5,23719258.066954613,3.4402371269102163,16.18449607849121,18.62037594795227,-5.649777933462916,-16.75276394265761,-16.23382680395395,-17.884822862560636,-23.97094272952899,2
HK.06681,429,1.0850000381469727,1.065000057220459,1.87793238046499,0.07265234674235133,8964559.0,9726546.856970787,5.577152975334121,1.3915999960899352,3.373899998664856,-25.9385656364299,-39.722218506130076,-72.3214281369924,-84.04411753362439,-86.43749952316284,1
HK.06682,492,26.020000457763672,25.280000686645508,2.927214204978557,0.11158019335600972,4341614.9,112968821.68543358,5.241811669555761,27.71200008392334,35.359450016021725,-11.194535374417754,1.2451349623525014,-27.8424862262035,-42.20346469748527,-58.16720234951004,1
HK.06683,492,3.6600000858306885,3.630000114440918,0.8264454667762735,0.7696383197275234,7124200.0,26074572.61147499,5.613849953381709,4.063100004196167,5.342474999427796,-7.224330855129798,-13.88235092163086,-41.346150319251656,-38.79598538199082,-65.14285632542202,1
HK.06686,492,12.390000343322754,12.380000114440918,0.08077729232143507,0.0,8685.0,107607.15298175812,0.7706050352973353,13.94780002593994,15.388152332305909,-8.897058854466078,-24.2016317131915,-26.595265387704664,-19.382083426438165,-23.368694304258888,1
HK.06687,236,12.289999961853027,12.300000190734863,-0.08130267257531217,0.1163459461388077,329272.55,4046759.6269392488,4.4690787808410795,13.651199951171876,18.5760999917984,-9.565858544065648,-7.175225269546254,-33.061004611711205,-59.86283597319222,,0
HK.06690,492,19.940000534057617,19.850000381469727,0.4534012637697837,0.35085073511297493,9048068.95,180418499.69519013,2.045963452058575,20.890301170349122,21.81131591796875,-5.587122435069999,0.13242689965219023,-8.467900910400166,-17.440220325717085,-19.651094182189976,1
HK.06693,389,34.779998779296875,35.119998931884766,-0.9681098033269331,0.07520915236593234,3888944.8,135257495.39675292,4.383524813128946,38.02759994506836,35.36511378288269,-15.1293334118986,21.184661514743137,0.10794356366600542,14.530266796262245,15.737434261645411,0
HK.06696,492,2.940000057220459,2.940000057220459,0.0,,0.0,0.0,0.0,2.940000057220459,2.440950039625168,0.0,0.0,6.521741571708836,425.0000079827648,345.454536423539,0
HK.06698,492,0.8500000238418579,0.8500000238418579,0.0,1.4686384497705252,19525.0,16596.250465512276,3.0428469378107232,0.849200005531311,0.9215500032901764,3.6585403970846935,0.0,-12.37113414731564,-16.666662770938174,-51.428570066179546,0
HK.06699,492,83.80000305175781,83.25,0.6606643264358109,0.21544459993729628,460866.2,38620588.966452025,3.964036487913846,86.72459533691406,71.64103349685669,-9.156665188703332,16.224270944625346,43.812505670951644,54.675178624085476,49.51934670601546,1
HK.06715,69,61.0,60.900001525878906,0.1642011028170505,0.01582627536136501,199774.35,12186235.35,6.511812936898447,68.28830101013183,,-19.897963323982378,-27.62711115713461,,-45.72033091120064,,2
HK.06727,11,32.619998931884766,32.119998931884766,1.5566625673317247,,,,,,,,,,-26.6966316137421,,2
HK.06745,62,2.819999933242798,2.746880054473877,2.6619247043506564,0.16181832699012588,2635225.0,7431334.324079752,3.0152497954637156,3.0736047792434693,,-6.762777402512862,,,0.4853532982063167,,1
HK.06802,4,119.0,118.0999984741211,0.7620673475928291,,,,,,,,,,-44.70260144630917,,2
HK.06805,492,2.8350000381469727,2.9200000762939453,-2.910960134455011,0.0,104400.0,295974.00398254395,1.5316284298874345,2.9521000146865846,2.917225000858307,-4.865771140887298,-9.424922220702166,4.999999558484121,15.714285019187828,21.673825363808344,0
HK.06806,492,2.3550000190734863,2.3450000286102295,0.426438820522461,0.1308027477691781,5958005.2,14031102.359639931,2.331467968763029,2.4977999830245974,2.713558704853058,-7.100594108982775,-8.07116509558375,-9.100223826383907,-22.168876662598972,-23.950604470980295,2
HK.06808,492,1.024999976158142,1.0399999618530273,-1.442306369719372,0.5861022976800868,7520744.2,7708762.625691486,3.268955527361868,1.075399992465973,1.3217486643791199,0.49019562011037376,-0.4854364437391164,-34.17331046200822,-37.578143268533346,-39.615986709555166,0
HK.06809,161,310.79998779296875,304.79998779296875,1.9685040158451117,0.5311195380185061,2604420.4,809453828.5277587,5.765655621929167,275.77143951416014,,11.483680821277357,-16.28799943711387,72.04896564120514,77.94781111203426,,3
HK.06810,110,53.650001525878906,53.29999923706055,0.6566647163758228,1.1466334741409325,1001323.75,53721020.71539879,7.950215677752877,58.12800010681153,,0.8458660836203139,-18.712118900183476,,-36.733491043469016,,3
HK.06811,492,1.5449999570846558,1.559999942779541,-0.9615375798129149,0.2950195858981533,2169550.0,3351954.656893015,3.1091020437981443,1.366091423034668,1.1102792277932167,9.796800843376127,42.8330121893643,50.65867549294734,53.397925759346656,54.805237774301276,0
HK.06812,492,0.2460000067949295,0.25,-1.5999972820281982,1.1572327044025157,210250.0,51721.50142863393,0.8440815389578405,0.24539191544055938,0.26297227896749975,-1.5999972820281982,-12.182888197317226,-17.848516207778683,30.599798745959493,51.58904783295214,0
HK.06816,492,0.2029999941587448,0.2029999941587448,0.0,,0.0,0.0,0.0,0.21617999792099,0.2044099982827902,0.49504311414783325,6.84210352950477,6.84210352950477,-6.018523660594329,2.0100468270860277,0
HK.06818,492,2.7899999618530273,2.765000104904175,0.9041539240635561,0.10657617972963324,16179507.65,45140825.72630077,1.7392876878853751,2.934300012588501,3.102017878293991,-0.5347630854610314,-4.778160468068552,-11.999503676366912,-18.969741134878475,-9.85691168562399,1
HK.06820,492,0.36500000953674316,0.36000001430511475,1.3888875091517963,0.1529051987767584,63600.0,23214.000606536865,2.660821918734524,0.37280000269412994,0.43643816486001014,0.0,-20.65217327925119,-22.162346023894113,-18.850103344240015,-40.40554155852611,2
HK.06821,492,170.6999969482422,167.1999969482422,2.09330147361393,0.17460990398502022,818252.9,139675767.53289032,7.587158919346618,135.55000045776367,102.06878318786622,29.612756950424924,48.177084609590224,128.46655313110824,135.14052369288282,81.59854188659006,2
HK.06822,492,0.3799999952316284,0.375,1.3333320617675781,28.785046728971963,46000.0,17479.999780654907,1.3308826011070665,0.3932000041007996,0.3978750017285347,-2.5641002128344392,-3.797472174628627,-2.5641002128344392,-7.317073525310204,-11.627909555636291,1
HK.06823,492,11.899999618530273,11.949999809265137,-0.4184116446269469,1.2064161059925642,6305939.45,75040677.049475,1.2003795942038704,12.40992935180664,11.687310047149658,-3.954808000118844,3.0366447357610338,4.735645621367255,9.234609065137704,11.338955340316243,0
HK.06826,492,15.680000305175781,16.329999923706055,-3.980401846705934,1.819822269463224,83622.0,1311192.9855194092,2.964663239109211,16.20764434814453,19.71937937259674,-6.332135486472466,-0.4081397284350428,-26.930754020155284,-31.741891022314476,-39.24278788414497,0
HK.06828,492,0.032999999821186066,0.03400000184774399,-2.941182271212952,1.1771461383864485,1029600.0,33976.79981589317,2.3993768225752903,0.035060000456869606,0.03485500023700297,-10.810812443516545,13.793106106033584,-8.333329883990316,3.1249945430320487,-41.07143070966911,0
HK.06829,492,3.7799999713897705,3.7950000762939453,-0.3952596733232044,1.0214748846548845,837787.5,3166836.7260307074,11.084572126979593,2.3053000140190125,2.44667500436306,45.38461961689801,80.00000681195971,57.4999925494197,28.571425095939144,202.3999977111816,0
HK.06830,492,0.1860000044107437,0.1850000023841858,0.5405416290110301,2.915068493150685,82140.0,15278.040362298489,3.0884847387651333,0.20027999997138976,0.2205110776424408,-6.060603323937324,-12.264147826830792,-17.78438135957102,-26.167144502365712,-30.26897805700914,2
HK.06831,345,4.875,4.820000171661377,1.1410752360962153,0.24408274197274868,1419849.75,6921767.53125,3.022241890335452,5.750900001525879,6.465242142677307,-9.30232558139535,-19.819077941230447,-32.82459721333821,-21.61215744188413,-20.79317642913489,1
HK.06833,492,0.13899999856948853,0.13899999856948853,0.0,0.0,175600.0,24408.399748802185,2.9633690771894696,0.15658000111579895,0.17123426198959352,-12.578614171342178,-21.022727657571313,-21.221315818498777,-20.77623918714582,-31.261733164300114,0
HK.06838,492,0.44999998807907104,0.49000000953674316,-8.163269526359606,0.6223019566070528,735180.0,330830.99123597145,8.287539824839254,0.2622199985384941,0.24198999971151353,79.99999523162842,85.18517973437177,91.48935711507939,66.66665562876992,57.894734640640976,0
HK.06839,492,0.07999999821186066,0.07999999821186066,0.0,0.0,88650.0,7091.999841481447,2.6229280876916174,0.0907999999821186,0.11765500016510487,-5.882356034843122,-19.19192056025356,-37.50000436557436,-44.827585852528856,-63.1336401416146,0
HK.06855,492,30.780000686645508,28.040000915527344,9.771753500909732,0.677058233948205,2359981.0,72640216.80047035,4.976293719234117,32.993199806213376,41.589149980545045,-8.338299558458472,-16.22210321050265,-28.0168337351285,-39.52848769366708,-57.835615497745884,1
HK.06858,492,2.869999885559082,2.859999895095825,0.3496500290228781,0.0,17275.0,49579.24802303314,2.1230745844165866,2.8914000034332275,2.9891499948501585,1.4134262519924379,0.0,-4.3333371480305996,-11.692311213566708,-18.696886435691518,1
HK.06860,492,0.1120000034570694,0.1120000034570694,0.0,0.0,273350.0,30615.20094498992,3.0497361193743067,0.11890000060200691,0.1655350000038743,-0.8849509675963695,-22.222216473317193,-43.14720547249314,-37.777778329672614,-43.14720547249314,0
HK.06862,492,9.225000381469727,9.180000305175781,0.49019689322421695,0.0983405183247747,40221772.35,371045865.27213854,3.1337286210078354,10.578408203125,12.835299983024598,-18.218079788554842,-14.092668344591534,-29.551308372567735,-31.99574698975934,-23.322277433900428,1
HK.06865,492,5.340000152587891,5.355000019073486,-0.2801095505540438,0.261613449032478,2660001.55,14204408.682884024,3.810398535130245,6.571700010299683,8.34742941379547,-20.298502916321908,-18.968133096463212,-38.88161149900612,-44.31852444083802,-52.64653651121751,0
HK.06866,492,0.25999999046325684,0.27000001072883606,-3.7037110623015317,5.663716814159292,14500.0,3769.999861717224,2.071694653367502,0.28399999856948854,0.3201000003516674,-8.77193202602569,-16.129035979478314,-22.388064481548582,-13.333339956071377,-16.129035979478314,0
HK.06868,492,2.5999999046325684,2.5999999046325684,0.0,83.855421686747,21200.0,55119.99797821045,1.0064505743351628,2.6228076124191286,2.682189325094223,-0.38314141245931693,-0.7662296938302513,-6.706564706403702,0.20406171764319742,-9.211088492212687,0
HK.06869,492,180.0,179.10000610351562,0.5025091378077339,0.20217855283407563,17733109.15,3191959646.9999995,7.201066124454431,153.26103439331055,155.68777618408203,3.460424445872078,5.6925144951707844,0.5387930483441008,246.5134894186383,216.32937703065122,5
HK.06871,98,28.719999313354492,29.0,-0.9655196091224407,0.0894480099415074,401070.3,11518738.74060688,7.543918232238633,28.94600009918213,,9.702058741674474,49.427681266352515,,-46.56744313794513,,0
HK.06872,94,113.0,112.0999984741211,0.8028559662172311,0.22678277049186835,156958.15,17736270.95,9.490932449764491,161.15600036621095,,-26.766041629891802,-43.66899473488121,,-46.44549763033176,,1
HK.06877,492,0.09200000017881393,0.10400000214576721,-11.538463191696843,0.27114967462039047,93450.0,8597.400016710162,1.4780404655439487,0.09548000037670136,0.12227000083774328,-7.070706386539887,-10.67961158025657,-37.837838518131896,-35.21126960092908,-59.64912274968774,0
HK.06878,492,0.03700000047683716,0.03700000047683716,0.0,,0.0,0.0,0.0,0.03700000047683716,0.03700000047683716,0.0,0.0,0.0,0.0,0.0,0
HK.06880,64,154.6999969482422,156.5,-1.1501616944139377,0.2964528083408916,121385.4,18778321.009561155,6.836920026798536,220.46600006103515,,-19.55278497494123,,,-47.665766659670474,,0
HK.06881,492,7.195000171661377,7.070000171661377,1.7680339033234607,0.25596153314342074,9263793.45,66652995.46298553,2.257878210264983,7.599700021743774,8.420120122432708,-7.459806001181084,-2.901480164346016,-14.869611058898641,-28.581893502125265,-29.07082411953437,2
HK.06882,492,0.4950000047683716,0.4950000047683716,0.0,7.666666666666667,24900.0,12325.500118732452,0.10258859712097587,0.49519999980926516,0.4678232248127461,1.020407170268328,8.791206703858654,17.159760475392524,6.615381731789599,-1.282056768343014,0
HK.06883,316,1.9700000286102295,1.9700000286102295,0.0,,0.0,0.0,0.0,1.9700000286102295,1.9840229231119155,0.0,0.0,0.0,-3.3333286537130093,0.42071974401571965,0
HK.06885,492,0.6150000095367432,0.625,-1.5999984741210938,0.0,179700.0,110515.50171375275,4.2149872906131325,0.625200002193451,0.9138999953866005,4.2372943854341605,-14.583335402938971,-43.05555693529265,-38.499999046325684,-37.24489820743292,0
HK.06886,492,16.700000762939453,16.40999984741211,1.7672207082505091,0.23644911011285427,6573124.2,109771179.15489578,2.002052223631364,16.861336402893066,16.584634013175965,-4.52639832911574,2.6203220025965646,13.92538309701915,-11.76423756914763,-7.201813990702174,1
HK.06887,287,41.52000045776367,40.880001068115234,1.565556196004142,0.4474152937549816,460791.85,19132077.822933767,4.168251821942652,38.29720001220703,40.07590002059936,10.720001220703125,8.181342632262298,-2.0292604735175135,-6.989245014658898,-19.534880454333415,1
HK.06888,492,0.07999999821186066,0.07999999821186066,0.0,6.36,32950.0,2635.9999410808086,1.5948938662656935,0.09759999945759773,0.12560000028461218,-8.045976420881425,-33.33333333333333,-49.36709206964953,-44.827585852528856,-48.051948931591575,0
HK.06889,492,3.109999895095825,3.109999895095825,0.0,0.0,41793.6,129978.09161567688,1.3683589427914695,3.0556999826431275,3.1127661752700804,2.640261533380844,2.3026294118809623,0.18147319151968994,-5.106696255310079,-5.826065467358983,0
HK.06890,492,0.7300000190734863,0.7400000095367432,-1.3513500451867637,0.9302325581395349,8100.0,5913.000154495239,0.6613921446383197,0.7083300673961639,0.48681373968720437,0.6896544920278584,19.819732827732146,120.20923114100448,114.41427420095356,129.5138610719214,0
HK.06893,492,0.36000001430511475,0.32499998807907104,10.769239233796018,0.8896958692691784,905800.0,326088.01295757294,6.234034437044224,0.24077999830245972,0.2265449993312359,50.00000931322596,87.50000582076603,71.42858359278503,35.849069335275466,73.0769263833937,1
HK.06896,492,1.9149999618530273,1.9249999523162842,-0.5194800369332062,0.36335916656079276,384350.0,736030.2353382111,2.417595624056256,2.4921000170707703,2.899745473265648,-12.756263321434853,-39.968654310256554,-40.53167714371705,-30.84627877257339,-38.463214532382864,0
HK.06898,492,0.7599999904632568,0.7049999833106995,7.801419638944644,0.037581141100102494,1172500.0,891099.9888181686,5.361684373671059,0.748500578403473,0.7295869472622871,15.151509130844202,-11.367221770045521,4.715887775556369,4.715887775556369,-0.7238980729712616,1
HK.06899,492,0.23000000417232513,0.23000000417232513,0.0,,0.0,0.0,0.0,0.23000000417232513,0.2292700031399727,0.0,0.0,0.0,4.545457008456409,21.05263529391835,0
HK.06908,492,0.28999999165534973,0.30000001192092896,-3.3333399560713786,0.19854762412949276,2445287.5,709133.354594931,6.65299147632032,0.32870000034570696,0.4177749987691641,-10.769230063850333,-25.64102505320861,-32.558142597318096,-38.29787395938374,-53.22580815726089,0
HK.06909,492,0.21899999678134918,0.21899999678134918,0.0,0.0,98700.0,21615.299682319164,2.9014150416334568,0.22695999681949616,0.30220177546143534,-3.0973448701729716,-12.400001287460327,-39.34601695011784,-44.988254900915656,-54.50951552868241,0
HK.06911,492,2.299999952316284,2.299999952316284,0.0,0.0,1450.0,3334.999930858612,0.5,2.3212000060081484,2.572199994921684,17.346934058774558,-19.580418297909695,-24.83660145996321,19.79166686069221,-23.333334922790527,0
HK.06913,492,0.08699999749660492,0.09000000357627869,-3.3333399560713786,4.815116911364872,852000.0,74123.99786710739,6.736243465943989,0.1107600000500679,0.18988999985158445,-15.533983110763513,-33.07692254788775,-60.454546378171145,-70.0,-71.4754113257812,0
HK.06915,69,10.289999961853027,11.15999984741211,-7.795698005863559,1.1739852675499998,859050.05,8839624.98172984,10.40446809171092,14.40540008544922,,-39.894862982297646,97.50479628619821,,5.21472640906603,,0
HK.06918,492,0.1379999965429306,0.12999999523162842,6.153847388261919,2.060952404834746,2180166.65,300862.9901630126,5.935199937125911,0.13491999968886376,0.14960000026971101,0.0,-6.122451255209958,-10.389612148897436,-18.343197196677163,-28.49741248675592,1
HK.06919,492,3.2300000190734863,3.200000047683716,0.9374990919605033,0.20289005613291552,31366.3,101313.14959826469,1.5957383535665015,3.3474999856948853,3.7882775723934174,-12.938005771914524,5.5555581527078814,-16.28788002838189,-16.708543146094605,-30.40170410895793,3
HK.06922,492,3.0199999809265137,3.0250000953674316,-0.16529303415809082,0.8078817733990148,51160.0,154503.19902420044,3.1552232558049518,3.163800001144409,4.8300500023365025,11.233888633492674,-20.316622392524803,-44.58715437397928,-55.522827718804,-48.639457106308896,0
HK.06928,492,0.22200000286102295,0.23100000619888306,-3.8961052365130304,0.43217286914765907,340400.0,75568.80097389221,5.414136176057185,0.1811000007390976,0.21001499980688096,24.71910055922885,16.23036820769379,23.33333002196431,-12.941173720662244,-22.105261176576878,0
HK.06929,492,3.75,3.7799999713897705,-0.7936500427734288,0.6200251361541684,59475.0,223031.25,1.7027408917196987,3.7574791383743285,3.6983159470558165,-0.4770743070267426,-0.21789651923204656,9.045582845653604,9.347655291093957,-7.769861862137972,0
HK.06933,492,1.059999942779541,1.0499999523162842,0.9523800873701953,0.138801261829653,127500.0,135149.99270439148,4.054449574726511,1.1610000038146973,0.9806750006973743,-11.297079811463783,-33.750004563480545,100.0,47.222208424851296,207.24636128759508,1
HK.06936,456,28.920000076293945,28.399999618530273,1.8309875519307572,0.49795171573268815,1368804.05,39585813.23043146,2.0491614598182912,30.78511169433594,32.5448175239563,-5.266714925481867,-5.9321452928845435,-10.714159108706141,-15.07948216123553,-17.925720287660372,1
HK.06938,182,55.20000076293945,54.75,0.8219192017158962,0.10751821089697067,331460.0,18296592.25288391,5.853217386555193,54.579199981689456,,-2.902370722019883,6.460949638196002,0.6381081104013061,-32.764918649372255,,2
HK.06939,492,1.149999976158142,1.1749999523162842,-2.127657631718154,0.6685552407932012,170500.0,196074.99593496323,5.123389656672419,1.1483000028133392,1.4237249985337257,-0.43290003077767186,-42.500001192092896,-37.837839927701175,55.40540018074706,155.55555702727523,0
HK.06951,63,137.8000030517578,128.6999969482422,7.070711980805462,0.32465070975782195,1546957.55,213170755.1109398,8.098096900636142,117.3529997253418,,13.884300042775052,,,31.23809814453125,,2
HK.06955,492,3.255000114440918,3.3399999141693115,-2.5449042488833054,0.42848759748000576,2433040.0,7919545.478439331,10.11614132180262,3.6795999813079834,6.07650000333786,3.8277551624467083,-36.796115453106864,-51.49031153597704,-60.30487572983708,-75.79925531152286,0
HK.06958,492,0.0820000022649765,0.0820000022649765,0.0,0.0,220700.0,18097.400499880314,1.8206221853312152,0.08868000075221062,0.10254500020295382,-14.583331716453879,-10.86956292869689,-21.904757309392323,-26.785714523296566,-35.93750127329252,0
HK.06959,492,2.8499999046325684,2.809999942779541,1.423486215927142,0.006222775357809583,95835.0,273129.7408604622,0.9515677043973263,3.300000019073486,4.379200010299683,-9.523815290547468,-10.65831180216789,-48.64865213175414,-55.46875215368342,-57.77777919062862,1
HK.06960,274,5.815000057220459,5.809999942779541,0.08606049036423712,0.7173343317109697,66070.0,384197.0537805557,3.4408889343704696,6.7890000152587895,11.370887401103973,-12.292610002302915,-30.108169825560122,-52.08086024932852,-61.8825012455842,-67.47869877449418,1
HK.06963,492,3.4149999618530273,3.4200000762939453,-0.14620217337352523,0.3360487929682176,6678801.15,22808105.672473956,3.027532885794747,3.6123000144958497,3.5837640929222108,-14.41102872955822,-5.138887435565722,0.4398977197306045,-7.93008945281596,0.16396387689849184,0
HK.06966,492,0.6000000238418579,0.6000000238418579,0.0,0.0,159000.0,95400.00379085541,0.8333334989017844,0.5751000130176545,0.5116250018775463,0.8403352926397583,15.384624201870853,23.711341473156402,20.000004768371582,23.711341473156402,0
HK.06968,492,0.09300000220537186,0.08900000154972076,4.494382680899675,0.0,358400.0,33331.20079040527,6.3326627648424365,0.1009800000488758,0.10577500034123659,-5.102036084075091,-41.50943051414912,34.782615268313236,30.985914310560545,8.13953377560325,1
HK.06969,492,9.130000114440918,9.085000038146973,0.49532279697297366,0.29403004894837065,6253889.8,57098014.589700885,3.4746073720166653,9.389183235168456,9.66132328748703,-7.215447430254813,20.468763025957696,1.9793704132713485,-21.30127676330248,-44.97006764540843,1
HK.06978,492,0.39500001072883606,0.41999998688697815,-5.9523754615900915,1.0547890149179902,73580.95,29064.47603943795,7.1020008698003565,0.39059999644756316,1.5362999902665615,11.267612018748096,-22.549016055855397,-85.31598504362174,-86.18881030708565,-90.66047700760973,0
HK.06979,492,8.260000228881836,7.860000133514404,5.089059651053486,1.0947428584076926,3006682.05,24835194.421174906,3.8231933018100865,7.8225999927520755,8.17759876012802,6.718352366159691,7.552088717542088,-8.199525355514359,-4.079589714239011,-9.298325955538028,2
HK.06980,231,27.65999984741211,27.059999465942383,2.217296353700542,0.27582184075663513,111485.0,3083675.082988739,5.437979592384647,27.333794860839845,25.86315972328186,-15.42847405429609,39.96629838237447,22.055358257300213,-8.959972739104744,,2
HK.06988,492,0.052000001072883606,0.05299999937415123,-1.8867892699548516,0.06606120698569891,7289100.0,379033.2078203559,12.320931419481804,0.053059999868273734,0.08342500014230608,-13.333329608042952,4.000000596046439,-40.229882104407125,-53.15315279032966,-67.29559565707048,0
HK.06989,492,0.4950000047683716,0.5,-0.9999990463256836,0.9199752429426493,138249.25,68433.3794092238,2.777038344068612,0.5268999910354615,0.6725749969482422,-14.655169135891914,-10.00000108372079,-30.28168736221148,-39.63414523340561,-57.69230573291759,0
HK.06990,492,478.0,469.79998779296875,1.745426228202634,0.36050899054564123,601158.95,287353978.09999996,4.651910045649463,495.90399963378906,455.12850051879883,-2.528546910851271,-8.691499522445081,11.839028270031017,19.32101665432429,-4.054598898451444,1
HK.06993,492,2.369999885559082,2.240000009536743,5.803565869145879,0.4151176132696822,2639844.7,6256431.636893749,6.426888587226457,3.1878734397888184,2.892300567626953,-35.10813874043791,-16.99620189048759,-4.861295415798873,-8.680727963558645,-24.634088091799253,1
HK.06996,492,3.5299999713897705,3.390000104904175,4.129789444049385,0.42539662890052415,836457.5,2952694.951068759,6.531516664405154,3.755600004196167,4.066750010251999,0.8571420397077287,-17.71561765084449,-24.893614582046126,-9.71867279026379,-45.52469195988534,2
HK.06998,187,1.7000000476837158,1.6950000524520874,0.2949849602892418,0.11600862718726297,1342537.6,2282313.9840171817,4.254772758454295,1.6632000041007995,,0.8902139711311171,-7.608694736696163,-30.612244302160995,-41.379310628321726,,1
HK.06999,492,0.11699999868869781,0.11699999868869781,0.0,,0.0,0.0,0.0,0.11699999868869781,0.11699999868869781,0.0,0.0,0.0,0.0,0.0,0
HK.07489,136,1.9299999475479126,1.8600000143051147,3.7634372421738624,1.1801387963085097,6074158.05,11723124.71789773,5.658924609473381,2.477300009727478,,-24.609375363797888,-39.308179024158775,-63.51606878137187,-70.35330445941611,,1
HK.07618,200,12.8100004196167,12.630000114440918,1.425180550631762,0.07725091932263117,2735446.15,35041066.329338886,3.3477317634466894,13.299200019836427,13.302549991607666,-1.9892829478066512,5.34539950954788,2.3162935403344806,-8.434591642649842,,1
HK.07630,101,14.289999961853027,14.0,2.0714282989501953,0.03090325054780598,8290890.0,118476817.78372765,14.16916490849954,13.339599933624267,,0.7047243440934996,-30.292683112912062,,-65.86239905997695,,1
HK.07656,64,16.579999923706055,16.399999618530273,1.097562861967386,0.4916441094944325,214804.65,3561461.080611706,8.782252598261413,22.231200008392335,,-4.438042886650615,,,-21.04761941092355,,2
HK.07666,101,17.700000762939453,17.399999618530273,1.7241445458980986,0.30071121430296427,10894709.65,192836369.11700383,11.458682454916428,14.043399906158447,,14.860486295928919,28.26087332102356,,-25.630246511194777,,1
HK.07687,64,66.05000305175781,66.0,0.07576219963304924,1.482941142285829,89281.25,5897026.834964752,5.093168307194083,76.25099990844727,,-3.506200151183509,,,-31.695961596451248,,1
HK.07688,96,18.649999618530273,18.549999237060547,0.5390856365640084,0.3253839188126011,1437105.0,26802007.70178795,9.221212314691565,17.645,,-8.128077244052125,-15.150136456132282,,-60.73684290835731,,2
HK.09600,492,0.12700000405311584,0.12800000607967377,-0.7812515461409196,0.5834777585210861,285040.0,36200.08115530014,5.389472532854019,0.14196000009775162,0.1872900001332164,-9.28571177684532,-5.925926661785709,-39.81042332716807,-36.49999891966583,-49.19999837875366,0
HK.09606,364,200.1999969482422,196.3000030517578,1.9867518267211008,0.14859103506591798,804440.25,161048935.59504318,5.910943922283148,191.52600006103515,254.74650016784668,11.222220526801216,-10.94306306475082,-21.796876192092896,-32.45613998961125,-40.23880688112173,2
HK.09608,492,0.05299999937415123,0.052000001072883606,1.9230736166063123,0.0,492000.0,26075.999692082405,2.720145429312324,0.04945999972522259,0.05144000012427569,3.9215693435775414,23.255808312161992,5.999997168779416,-17.187504911271155,-47.00000141561029,3
HK.09609,209,6.909999847412109,6.880000114440918,0.4360426231421545,0.7017543859649122,3480.0,24046.79946899414,1.013986847189814,7.569499959945679,8.148674983978271,-9.198426725638242,-3.491620186142313,-8.839051227409053,-21.477276163160234,,1
HK.09611,173,20.200000762939453,20.200000762939453,0.0,0.0839784805143682,262605.0,5304621.200351715,3.314149548652397,21.890000228881835,,-10.30195225428785,-9.17265750527544,-8.701498130472688,-35.664413574344636,,0
HK.09615,25,82.19999694824219,80.5,2.111797451232531,0.4332957680798974,160023.0,13153890.11164856,5.345048285018559,,,3.984811859427663,,,-17.63527611756484,,2
HK.09616,492,1.7699999809265137,1.7899999618530273,-1.117317394007622,0.47619047619047616,82240.0,145564.79843139648,2.293565761644117,1.8288943409919738,1.9628021669387818,-0.8403353487606408,-3.873018791517451,-9.427025668522921,-19.450910407894938,-23.387526455794973,0
HK.09618,492,103.5999984741211,102.4000015258789,1.1718720023055076,0.7834520521129174,5640526.6,584358547.1532394,1.6141524130088145,112.98199981689453,112.64240550994873,-4.779415838033568,-1.8009493136292951,-8.393497835292237,-9.587324090049542,-21.75564496082383,1
HK.09626,492,115.9000015258789,114.19999694824219,1.4886205105655093,0.181748764691656,3829151.15,443798624.12782097,3.1046226831850965,129.08399978637695,171.6680000305176,-6.381261172163384,-17.85967646177787,-36.42347801114787,-41.962942765633784,-43.84689682500372,2
HK.09630,71,322.0,328.0,-1.8292682926829267,0.04606276404843655,320108.0,103074776.0,6.789809604545005,339.3480014038086,,-10.05586592178771,-17.857142857142858,,-37.4757281553398,,0
HK.09633,492,39.36000061035156,39.97999954223633,-1.5507727338260124,0.6081456742823331,5041091.7,198417372.3888382,2.180611092384952,41.48680015563965,43.78703868865967,-5.927341140516069,-5.247954398481761,-9.303854854354638,-16.292039710946778,-23.74678493442238,0
HK.09636,492,27.5,28.5,-3.508771929824561,0.4021627940961567,820400.0,22561000.0,3.8161108897884572,28.65759998321533,34.26564269065857,-7.094595791912132,-9.895152072304262,-10.091760167784747,-44.18122209965097,-57.18377557213044,0
HK.09637,70,26.65999984741211,26.299999237060547,1.3688236532123885,0.26375300289531567,757252.9,20188362.19845238,8.619181370063426,29.063600006103517,,-0.892192470340551,-8.19559570620632,,-42.043478592582375,,5
HK.09638,492,35.68000030517578,35.68000030517578,0.0,,0.0,0.0,0.0,35.96439994812012,35.16017951965332,-0.8888880411783854,6.571089584885048,-0.5808284107193689,29.115813318811202,43.969840718524075,0
HK.09639,490,0.9100000262260437,0.8999999761581421,1.111116703645831,1.3714285714285714,133250.0,121257.50349462032,2.360393533543869,0.9366000056266784,1.036049998998642,-2.150535566956493,-4.2105223531537606,-17.27272668160684,-21.551719619742908,-20.869561296329525,1
HK.09658,492,9.229999542236328,9.020000457763672,2.3281493771090265,0.13648651624692532,178645.95,1648902.0367223741,2.65317570067735,10.103099975585938,11.324125061035156,-5.089982723050439,-6.008148380074383,-22.175381033507982,-30.444617755560994,-35.00000235060574,3
HK.09660,480,4.039999961853027,4.010000228881836,0.7481229740367533,0.23727705470627294,76218662.95,307923395.4104888,3.3372812031649,4.591300001144409,6.383875002861023,-8.181821038900267,-10.022267977823779,-41.02189754600104,-55.061178368077556,-60.6237829266275,1
HK.09663,492,2.375,2.1600000858306885,9.953699334536244,0.8209338122113905,50725.0,120471.875,5.115004406817277,2.394299988746643,3.609825006723404,-1.8595072262501604,-19.21768864707515,-44.76744431041254,-51.62932639902667,-60.08403233388796,1
HK.09668,492,0.7300000190734863,0.75,-2.6666641235351562,0.6137235673277414,2450825.0,1789102.2967457771,3.1825634418042545,0.8162000012397767,0.8441999986767769,-15.11627826386366,-3.9473647060816504,-13.095233111289467,-24.74226829463128,-29.12620977178249,0
HK.09669,492,3.174999952316284,3.1549999713897705,0.6339138227536568,0.7047688182084072,657925.35,2088912.9548776746,3.296195614638163,3.160500001907349,4.3358249938488,2.09003406472643,-11.064425442935981,-28.651683406687678,-56.62568472869758,-62.06690566634091,1
HK.09676,492,4.199999809265137,4.239999771118164,-0.9433953776483021,0.35353662528643015,193555.0,812930.9630823135,3.4873448808723686,4.319099998474121,5.590343687534332,-9.482760126752364,9.947640907411142,-37.17498645145341,-39.59454315038473,-43.98360929829916,0
HK.09677,492,3.0299999713897705,3.0299999713897705,0.0,0.0,50.0,151.49999856948853,0.0,2.8771999979019167,2.6677971589565277,4.4827541981810795,9.58388317528467,19.094936876710285,18.202835698151297,7.7138467280987415,0
HK.09678,314,66.80000305175781,66.55000305175781,0.3756573832244124,0.009457803058730946,2312483.25,154473888.15713882,6.607573544045785,72.57599990844727,217.9409998703003,-22.32557784679324,0.1499341950393606,-78.29759398928613,-84.03441586371422,-86.83743782231373,1
HK.09680,492,7.699999809265137,7.699999809265137,0.0,0.0,680.0,5235.999870300293,1.716106547548797,7.433000011444092,7.99545000076294,-1.9108292635635724,28.333330154418945,-16.304348164109523,-18.86196001079692,-32.277925358250656,0
HK.09686,492,0.9900000095367432,0.9900000095367432,0.0,0.5251641137855579,58625.0,58038.75055909157,1.8783513031688448,0.9228000116348266,0.9144499996304511,1.5384600336500307,10.00000397364309,10.00000397364309,10.00000397364309,-2.941173720662243,0
HK.09688,492,20.799999237060547,19.06999969482422,9.071838332047099,0.5593930770364731,5788931.3,120409766.62339592,3.5813442414873666,19.047200050354004,15.869350037574769,3.585653964592276,38.20597324553869,53.96002135213933,53.166416450053376,-17.656377479845798,1
HK.09689,492,0.5299999713897705,0.47999998927116394,10.416663174206933,16.633663366336634,34800.0,18443.999004364014,0.9563058506346234,0.5340000009536743,0.5815249983966351,12.765951645541577,-22.05882855662007,-24.285717083483373,20.45453960491603,76.66665010982156,1
HK.09690,492,11.609999656677246,11.779999732971191,-1.4431246192487588,0.264877857571878,1041848.4,12095859.566309739,5.708472166582016,11.853000011444092,13.57025002002716,-8.00317145832598,-12.045455875475565,-9.50896550493822,-27.66355010242641,-39.84455898638944,0
HK.09696,492,27.959999084472656,27.920000076293945,0.14326292288470632,0.23498365054605727,2836548.4,79309890.66706237,3.2542813580872973,33.619199905395504,44.62924986839295,-19.097228086104867,-31.302214839434523,-37.83904097593832,-46.590258071746625,-29.035538066901267,1
HK.09698,492,30.280000686645508,28.200000762939453,7.375886054725213,1.633389068047749,3784762.9,114602623.21079044,2.8664941176441894,31.44280029296875,36.49420004844666,-1.6883070236876605,3.8408808130799637,-29.252333583160357,-14.991573288507961,-24.63912280571836,1
HK.09699,492,8.444999694824219,8.34000015258789,1.2589872939480333,0.07810380804598849,4453773.9,37612119.22631607,4.116668230147165,8.491899919509887,10.16502500295639,-4.2517008273827805,8.269224209193101,-26.565220045006793,-22.094099852866705,-37.35163218393407,1
HK.09856,10,32.099998474121094,32.900001525878906,-2.431620105332019,,,,,,,,,,-6.902555393598102,,0
HK.09857,492,2.700000047683716,2.700000047683716,0.0,0.0,8340.0,22518.00039768219,2.2282578191526783,2.744699993133545,2.8860749936103822,-5.263153051515313,44.38502891972733,-6.896553141608629,-28.947366274624954,-39.99999894036187,0
HK.09858,492,3.809999942779541,3.7699999809265137,1.0610069510715745,0.19904164993597945,13622360.05,51901191.01102231,4.120940176228945,4.162100028991699,4.055275011062622,-13.409094086363227,20.952375473979906,4.0983566511258145,-23.80000114440918,34.15493161710009,1
HK.09860,492,4.795000076293945,4.795000076293945,0.0,0.0,126650.0,607286.7596626282,4.585477237875284,3.8257000064849853,4.217625006437301,18.10345181953898,16.101693545426183,32.825490737768156,13.089630545650188,-29.795020060672115,0
HK.09863,492,34.91999816894531,34.15999984741211,2.2248194523653635,0.24636819505525392,5613872.3,196036410.4366928,4.018896975593365,37.96160018920899,42.306350002288816,-3.107665699585189,-10.963801422545503,-24.806203269649078,-29.539957220896135,-43.67742230815272,1
HK.09866,492,26.65999984741211,26.739999771118164,-0.2991769797711909,0.4106544182544894,4829224.4,128747121.76711884,2.7733180276185885,32.347999839782716,39.67205006599426,-8.761120896989137,-31.07549214821302,-41.76496164637605,-35.479186727216835,-51.92065017025107,0
HK.09868,492,37.20000076293945,36.279998779296875,2.535837967468664,0.5840396626098432,8268481.25,307587508.80835056,2.8804253281569285,43.82860008239746,60.56049995422363,-11.428569612048921,-29.612106268735143,-47.12153294982114,-53.70254950916929,-55.34213757492239,1
HK.09869,492,0.8949999809265137,0.8999999761581421,-0.5555550404536735,0.12193970891222893,535370.0,479156.1397886276,8.958398473956779,1.3520369124412537,1.1467357835173606,-34.925041797537226,-53.702891091902785,9.661410824746032,8.456325579134411,-19.10224857011,0
HK.09876,492,3.065000057220459,2.9049999713897705,5.50774827560991,0.9251700680272109,73900.0,226503.50422859192,2.365598575120881,2.5486906290054323,2.8741311979293824,22.84569931086994,25.504824434402746,7.761032235913197,-12.463023911056649,-27.15454236168673,3
HK.09877,492,7.449999809265137,7.119999885559082,4.634830463626365,0.6707570871175712,16627.55,123875.24432854651,7.167673237603768,7.284299983978271,8.17232498884201,2.8295366037847116,0.26917875354763965,-17.405771272962724,-18.756818459307432,-11.30952205247071,1
HK.09878,492,7.184999942779541,7.03000020980835,2.204832551141801,0.41478894461421767,304736.55,2189532.0943128346,6.586763591564106,7.845100021362304,8.11487501859665,-10.075092007492849,0.912922166646285,-8.120207352206856,-29.627816690159808,-50.104165742242756,2
HK.09879,492,9.199999809265137,9.069999694824219,1.4332978921168247,0.9904153354632588,469150.0,4316179.910516739,1.8106215025592656,9.176409606933595,8.379102966785432,0.9325292406073802,5.522527386702382,23.788737237080113,17.528885154912054,49.944114262745806,3
HK.09880,492,75.05000305175781,75.0,0.06667073567708334,0.356834737499355,3276971.7,245936736.085524,3.942156429378803,82.25899993896485,104.35924995422363,-12.273523816997987,-23.418364232900192,-17.300272119275135,-42.70992133453602,-44.73490326568416,2
HK.09881,328,17.700000762939453,17.700000762939453,0.0,,0.0,0.0,0.0,17.700000762939453,18.555700454711914,0.0,0.0,-11.499996185302734,10.763462265171121,64.19296105178071,0
HK.09882,492,0.7549999952316284,0.7950000166893005,-5.031449134334396,6.25,2100.0,1585.4999899864197,0.23178825461651792,0.7921999979019165,0.8394999992847443,1.342280590503612,-23.737374953670937,0.6666660308837891,23.770488119035747,23.770488119035747,0
HK.09885,492,3.5199999809265137,3.505000114440918,0.42795623383277204,0.8195958377587853,387544.5,1364156.6326081753,4.313346562201608,3.4203999996185304,4.315961599349976,-0.2832858511134722,-23.809522335073684,-31.362178982046157,-32.382814954531824,-58.18615076668235,2
HK.09886,492,0.8399999737739563,0.8299999833106995,1.2048181523292238,0.6634073890711059,413550.0,347381.9891542196,4.7598853580192735,0.8003000020980835,0.9094749993085861,-1.1764764455773846,-10.638300435690931,-3.4482794057458057,-19.999998864673383,2.439022085483674,2
HK.09887,296,50.900001525878906,50.45000076293945,0.8919737485316819,0.12365519604197134,1702298.55,86646998.79250145,6.208659747214704,61.70460006713867,62.77679996490478,-18.167201122919295,1.1928475107734864,-24.36850041933327,0.7920822294631807,-18.949041171578585,1
HK.09888,492,86.1500015258789,83.4000015258789,3.297362049983511,0.5309543301918762,15624577.65,1346057388.3887136,2.5158719596853674,94.4870002746582,117.1719998550415,-5.7439823986365255,-22.036197714136737,-21.252284895535528,-40.090403548273216,-33.00933325264923,2
HK.09889,492,3.119999885559082,3.119999885559082,0.0,0.0,390304.75,1217750.7753331661,0.6376820046331327,3.2219000005722047,3.247666724920273,-3.1055944771003032,-7.692314203511271,-0.4730149366973467,-4.1697374387359005,-9.349746428240657,0
HK.09890,492,10.279999732971191,10.020000457763672,2.5948030272400593,0.792990241278623,512439.95,5267882.549163771,5.282431838311981,9.994100036621093,14.098575010299683,-2.0952406383696056,-1.7208442114658822,-36.34674937591906,-43.91707705532424,-28.611111074318117,6
HK.09893,492,1.440000057220459,1.3700000047683716,5.109492861930496,0.19282271023031602,942500.0,1357200.0539302826,3.2668329420030027,1.5717917704582214,1.564196424484253,-5.584784260269561,-16.582018984302394,-2.7710923960668303,54.54278880253991,116.79094874696743,1
HK.09896,492,17.270000457763672,17.260000228881836,0.057938752892379236,0.2670991569326929,4049758.65,69939333.7393324,2.5011549692798116,20.49699996948242,28.589095888137816,-7.4986588795353555,-26.88399727286301,-44.65693266741615,-53.683477687952575,-61.97897451173734,1
HK.09898,492,50.04999923706055,49.58000183105469,0.9479576213155242,0.6766660012153775,146322.85,7323458.530864526,1.9540134195331829,55.645199890136716,66.68227272033691,-4.57578930594548,-15.313027869236565,-24.53759653727698,-38.54613391158569,-47.603164439227605,1
HK.09899,492,82.9000015258789,82.8499984741211,0.06035371476009306,0.18108874707092476,378027.7,31338496.906824496,2.936288908677532,100.11899993896485,131.6597505569458,-7.477675292792921,-26.702031260550708,-34.51816546204392,-56.02121934966636,-69.94198506342633,1
HK.09900,492,5.699999809265137,5.71999979019165,-0.3496500290228781,2.431331623497385,3279607.35,18693761.26946454,6.326831513219833,5.536199998855591,5.6633999943733215,3.919775214535422,-10.937504307366844,31.639720778251117,-7.46753327177799,107.27272033691406,0
HK.09901,492,44.18000030517578,43.900001525878906,0.6378104090311173,0.5532610814007756,3254390.25,143778962.2381611,2.6515578139380453,44.04520004272461,42.41714117050171,-2.6872272680601124,17.31280001110172,2.1821581988376413,-2.2428683811588184,10.937604169939439,3
HK.09903,183,101.19999694824219,102.9000015258789,-1.6520938313195017,0.13715468896636737,5620378.3,568782266.8079666,9.089777149641895,128.94333236694337,,-10.653324970187432,-47.610011587463546,18.040436801246283,93.62244408287536,,0
HK.09906,492,1.559999942779541,1.559999942779541,0.0,,0.0,0.0,0.0,1.559999942779541,1.5894999545812607,0.0,0.0,0.0,-10.85714612688337,3.9999961853027344,0
HK.09908,492,7.699999809265137,7.699999809265137,0.0,0.0513950073421439,67700.0,521289.98708724976,0.7265095977872686,8.052052936553956,8.069890570640563,0.5908471945192304,-4.4386933793723635,-9.173360799441948,-0.8457365171693999,2.668596261628052,0
HK.09909,492,2.0,1.9900000095367432,0.5025120811725401,3.2678461805099994,139924.4,279848.8,4.987414581491373,2.0017000079154967,2.312775003314018,5.820106621041676,-4.7619004368509765,-19.028341018873583,-18.03278880745961,-9.9099110709451,1
HK.09911,492,9.354999542236328,9.295000076293945,0.6455025868736247,0.18369042098469307,6350438.05,59408345.05075016,4.07464291538899,8.770700025558472,9.426675024032592,3.3130781551610684,11.501777823901714,19.476368242523158,-21.187871672875726,-27.198449303342787,1
HK.09913,492,2.3299999237060547,2.3299999237060547,0.0,0.0,189840.1,442327.4185163498,1.798080878945671,2.2842999696731567,2.334224977493286,6.636154907265536,0.0,-4.508202087491409,-2.5104677223654672,-5.668020375811383,0
HK.09916,492,0.3700000047683716,0.36500000953674316,1.3698616715036243,0.0,117000.0,43290.000557899475,2.385566572283064,0.36270000398159025,0.35110000148415565,0.0,5.714288876981205,12.121209110876647,13.846159489197346,4.225356605785697,1
HK.09918,492,0.949999988079071,0.949999988079071,0.0,0.0,9980.0,9480.999881029129,0.7126463564380616,0.9653000044822693,0.9870249956846238,0.0,-3.061227592911475,1.0638287753851585,-7.766988886684739,-11.214958737433308,0
HK.09919,492,0.7200000286102295,0.7200000286102295,0.0,0.0,76260.5,54907.562181830406,2.079764353980098,0.7429411685466767,0.8359430825710297,-4.887707049379419,-4.27010048409408,-17.379309910861057,-25.8730307370885,-20.684140552403534,0
HK.09922,492,0.9599999785423279,0.9700000286102295,-1.0309329662834354,0.43663213735996903,1542234.8,1480545.3749072314,3.314346819288276,1.113499995470047,1.5662090441584586,-13.901347952347932,-23.20000171661377,-42.41175563240125,-48.23184506472029,-51.81973447636069,0
HK.09923,492,3.819999933242798,3.8350000381469727,-0.3911370209900357,0.345915087268702,472213.85,1803856.8754763245,4.239208075514429,4.44190505027771,6.113434736728668,-10.924682620445008,-22.884686376611818,-41.251086629546855,-53.30031682556523,-60.492259242630595,0
HK.09926,492,110.5999984741211,106.0,4.339621202001032,0.2794761289200613,9853707.95,1089820084.2344348,4.120718424265619,95.67500015258788,108.63599994659424,15.208331743876139,8.537779016649674,-10.590136456997906,-2.383057815455927,-17.02926035854834,1
HK.09927,226,36.599998474121094,36.47999954223633,0.3289444446012988,0.21962518513509857,1906028.3,69760632.87163162,5.451975983012465,39.25919982910156,69.54200931549072,-3.684214541786596,-22.25998927217718,-57.400370635028395,-65.40766942975927,,1
HK.09928,492,0.4650000035762787,0.4650000035762787,0.0,0.72385830132309,605800.0,281697.0021665096,1.3445604521697467,0.4892000049352646,0.4908383455872536,-5.102041933448131,-4.123713430708066,6.83411814875039,-5.0363480930169375,-3.244567742676422,0
HK.09929,492,1.3899999856948853,1.350000023841858,2.9629600849335267,0.5542725173210161,1452000.0,2018279.9792289734,4.8750320829304705,1.658800003528595,1.2014500035345554,-11.182112787675237,-5.442179684239737,65.4761939396124,131.6666550768751,1804.1095974298153,1
HK.09930,492,0.6650000214576721,0.6650000214576721,0.0,0.0,184743.3,122854.29846416115,2.9678396130744846,0.7138000047206878,0.8469089439511299,-11.333330472310383,-10.135133393582352,-26.977262832265474,-37.119310804341524,-42.9318120809214,0
HK.09933,492,1.649999976158142,1.649999976158142,0.0,0.0,51800.0,85469.99876499176,0.6230880840820929,1.6523999786376953,1.6536999970674515,-1.4925359325276826,1.8518500803374947,-5.714287076677595,-5.714287076677595,-16.666668673557044,0
HK.09936,492,12.199999809265137,12.65999984741211,-3.6334916563289172,0.8987926696189651,1224857.5,14943261.266376972,7.558986503457507,13.75699993133545,13.541174457073211,-12.919346110254551,-31.073450376286466,-10.751926305578046,100.58870652497569,120.46685946805498,0
HK.09938,492,0.23999999463558197,0.24500000476837158,-2.0408204226431472,1.0744810744810744,215750.0,51779.99884262681,3.408494705779401,0.26285999923944475,0.20290999967604875,-12.72727656955553,14.285715299398753,76.47057470050311,88.97636769775659,106.8965530530168,0
HK.09939,492,1.7949999570846558,1.7350000143051147,3.458209929961966,0.7772703319866503,537575.0,964947.1019297838,5.132859571163925,1.7961999988555908,2.3499000060558317,-4.774537603922359,-12.009804379889626,-35.19855705976354,-12.009804379889626,-28.486057214949927,1
HK.09955,492,0.5,0.4950000047683716,1.0101000370632516,0.8142965719561244,126285.0,63142.5,7.25849372931116,0.49479999899864197,0.6839999973773956,2.040814340536656,-10.714286094417377,-27.536231633670887,-50.0,-64.02877660822124,2
HK.09958,492,0.13500000536441803,0.13699999451637268,-1.4598461547497616,0.5287216212098126,604300.0,81580.50324171782,3.6776329028537127,0.13092000141739846,0.16311500035226345,5.4687491814548075,3.0534413663750852,-35.40669795054854,-10.596018843752733,-50.90909002241026,0
HK.09959,492,2.2850000858306885,2.234999895095825,2.2371451043276016,0.8933320726603405,4981856.95,11383543.558346212,3.5969749046255126,2.2459999918937683,2.1119913309812546,3.1602787527704725,25.54945164710881,22.132536310242106,1.1655804685101054,-26.338817528652704,2
HK.09960,492,0.925000011920929,0.9200000166893005,0.5434777327093245,1.5153765902916865,232865.2,215400.3127759695,3.0522875077836598,0.9391000020503998,1.0124818888306617,-0.5376338917391232,-4.639176841445504,-3.141352270344221,-13.0755767235669,-31.28271990499355,2
HK.09961,492,301.0,301.6000061035156,-0.19894101172852427,0.3636440563323999,3123534.55,940183899.55,2.513996402946281,338.10000183105467,401.71550048828124,-7.838336076271145,-7.498461694577184,-22.82051282051282,-48.3704974271012,-50.247933884297524,0
HK.09963,492,8.890000343322754,9.010000228881836,-1.3318521921277944,2.4700133274100398,116350.0,1034351.5399456024,6.318046389327395,9.261500005722047,5.649500020742416,-15.73459542559953,-4.099245908048106,257.0281248704377,553.676488956881,2404.225524506199,0
HK.09966,492,8.380000114440918,8.399999618530273,-0.23808934520945527,0.4927914335359385,945913.65,7926756.495251226,4.377589990470269,8.205099983215332,8.764124999046325,-2.61475235054964,8.831173013245545,8.268738530341013,-12.526094142189855,-35.13931838269237,0
HK.09968,492,0.17399999499320984,0.1469999998807907,18.367343628785516,0.6074128517429651,22807000.0,3968417.885810137,16.659241393568188,0.07009999997913838,0.03843500019982457,189.99999813735482,656.5217158913838,595.9999696016316,728.5714159003729,690.9090724365769,2
HK.09969,492,13.970000267028809,13.369999885559082,4.487661829509708,0.2559845694746982,9273451.95,129550126.21777882,5.917287346583318,14.465000038146973,13.166300044059753,-5.608107520334044,-0.14295571419982223,12.661295941915697,11.760002136230469,-19.295201051190443,1
HK.09971,64,40.08000183105469,39.68000030517578,1.0080683538370105,0.4461752433936022,164750.0,6603180.30166626,6.231006568345515,49.42379989624023,,-7.9467133939327566,,,20.650211794924086,,1
HK.09973,252,26.34000015258789,24.399999618530273,7.9508219851950654,1.1205709402160895,3964580.55,104427052.29194698,3.5550111103023543,25.582399978637696,27.01535924911499,4.523806964819561,4.773272840386629,1.0229992122109426,-9.614521423977738,,4
HK.09976,20,204.60000610351562,206.1999969482422,-0.7759412552892387,,873205.35,178657819.9396225,5.538172410614491,,,,,,-12.414383237280042,,0
HK.09978,492,2.7249999046325684,2.619999885559082,4.007634490834352,0.3813840135109135,2241650.0,6108496.036219597,14.427920203356939,1.797800008058548,0.5387500026263297,49.72526517024953,1084.7825457389515,3792.856990044215,3264.197403224317,3105.8822070232327,2
HK.09979,492,1.7999999523162842,1.7899999618530273,0.558658697003811,0.9311413205124288,1183271.1,2129887.9235772374,3.0339106441290675,1.804099998474121,2.1086903828382493,-5.759163153269259,4.046238871158326,-4.29689037500587,-29.93164997839409,-34.5482311175072,1
HK.09980,165,93.69999694824219,94.05000305175781,-0.3721489549798407,0.23637078296979025,435561.95,40812153.38577042,2.882018991020796,106.01869415283203,,-7.349978198123982,-13.471493975492772,-40.6538728646366,-49.280034743215396,,0
HK.09981,157,8.079999923706055,8.074999809265137,0.06192092333155118,0.09054382887216343,1742750.0,14081419.867038727,3.2643914063966744,9.850199928283692,,-19.44167359102698,-31.92923334787814,-56.89264350117155,-60.33205824629789,,1
HK.09982,492,0.08100000023841858,0.08299999684095383,-2.409634552598453,0.5966105200423395,5378246.75,435637.98803227395,6.745442840879345,0.09090000003576279,0.1006799997575581,-16.49484757802371,-21.35922316051314,5.194806074448718,-50.0,-26.3636357478859,0
HK.09983,492,0.23499999940395355,0.23999999463558197,-2.083331393077926,0.05279467462412487,427100.0,100368.49974542856,4.8945211953432555,0.29737999886274336,0.4049699982255697,-18.965515115173133,-32.85714188400578,-36.48648746610993,-60.83333498901784,-76.50000005960464,0
HK.09985,492,6.449999809265137,6.454999923706055,-0.07746110766872352,0.16347617365901845,2599337.45,16765726.056715729,3.5694618618269023,7.285719604492187,8.800613713264465,-9.299937560280613,-12.237116144478255,-33.33969055602537,-37.59587854876346,-44.082684984225565,0
HK.09986,492,1.8799999952316284,1.8799999952316284,0.0,,0.0,0.0,0.0,1.8799999952316284,1.8799999952316284,0.0,0.0,0.0,0.0,-28.787881798214265,0
HK.09987,492,320.6000061035156,313.79998779296875,2.1669912603799157,1.6163537050114731,541148.05,173492068.1329056,1.8256992085070196,351.0953765869141,369.1624174499512,-6.476074235702897,-4.394953056663446,-17.321820710679603,-14.986773912562162,-4.070700119767565,1
HK.09988,492,108.19999694824219,105.4000015258789,2.6565421079958873,0.5894860473200989,52987078.7,5733201753.636269,2.4686585740125464,114.34799987792968,128.09108318328856,-1.2773736727829212,12.76706658636785,-11.93381481845325,-27.30106739660233,-37.74631310597743,2
HK.09989,492,3.799999952316284,3.825000047683716,-0.653597256360057,0.5640864932623002,560550.0,2130089.973270893,3.3019617320866788,4.206100006103515,4.575257948637009,-10.165486165917011,-7.542583239116424,-17.921556219597846,-23.488891254972174,-28.087918479919477,0
HK.09990,492,1.6449999809265137,1.559999942779541,5.448720593894589,0.16628920905860467,260199.25,428027.76128709316,5.1147510336797435,1.8064000010490417,1.7844500011205673,-7.843136600157677,-17.750000953674316,7.516340633149376,0.9202445238506708,-33.13008311310306,1
HK.09991,492,8.300000190734863,7.875,5.396827818855407,13.910891089108912,16705.0,138651.5031862259,1.8287960056303434,7.536999969482422,7.12029999256134,7.862248285601595,13.698629779067634,25.000005385961988,14.640890236561294,-23.50230507908465,2
HK.09992,492,150.60000610351562,149.89999389648438,0.46698614778774017,0.4244235671963715,4112566.7,619352570.1211151,1.9387658192829709,154.81399993896486,175.01210639953612,-3.5851414559131864,-1.3752396114574623,1.7044161775374267,-20.627371846789302,-40.777220369249726,2
HK.09993,492,1.0449999570846558,1.0399999618530273,0.48076878990645744,0.033959455857847966,61550000.0,64319747.35856056,5.153164293278496,1.0906999957561494,1.385574997961521,-7.111114925808376,-1.415093066472453,-24.27536516699364,-42.58242159516828,-60.41666986514811,1
HK.09995,492,74.4000015258789,72.25,2.9757806586559257,0.20619180670997372,2157491.75,160517389.49207115,4.2334236503431395,78.635,84.63650005340577,-5.463780926435378,-15.310184612244809,-16.027084867715683,1.0183299178024692,-27.6967925922065,1
HK.09996,492,4.90500020980835,4.625,6.054058590450802,0.2371280081076416,459551.6,2254100.6944177626,4.576861171951409,4.833500032424927,5.453324998617172,-3.444876309565691,15.14084380919888,-17.145267793999906,-19.85293624951985,-22.266240027132113,2
HK.09998,492,0.5049999952316284,0.5049999952316284,0.0,0.22641509433962265,981500.0,495657.4953198433,3.526326826274193,0.43369999825954436,0.4245949357748032,23.17073161867245,36.48648343876912,6.3157898039038525,36.48648343876912,77.31109135289452,0
HK.09999,492,185.60000610351562,185.60000610351562,0.0,0.42263439195387953,5698402.35,1057623510.9402877,2.195836898399751,192.4335092163086,193.05040878295898,-1.1188017468671723,-10.89518332206778,8.167433670815159,-18.676939678371117,-21.5157601374578,0
