code,n_rows,last_price,prev_close,gap_pct,rvol,avg_vol_20d,avg_dollar_vol_20d,adr_pct,sma50,sma200,perf_4w,perf_13w,perf_26w,perf_ytd,perf_52w,consecutive_up_days
HK.00001,492,67.5,67.19999694824219,0.4464331330087359,0.8558131669828949,6025197.8,406700851.5,1.8481072679746504,69.98160278320313,63.22459138870239,-1.8851436397611272,-2.585470421904352,18.748994610609543,29.304455977329162,37.97771299121077,1
HK.00002,492,77.5,76.8499984741211,0.8458055156602137,0.7410373017504467,3131774.4,242712516.0,1.39227689355768,77.27495758056641,72.99601863861083,-0.2778806929169973,7.103890588301286,8.379754633496763,14.736796449173738,25.30686556065746,1
HK.00003,492,7.079999923706055,7.09499979019165,-0.21141461492827648,0.3179437179530828,31316560.2,221721243.82673606,1.758768708347292,6.933484792709351,6.897297170162201,-1.2054097821697616,7.2605921546476715,1.303934126607573,4.580998377807396,7.920310204542065,0
HK.00004,492,19.229999542236328,18.739999771118164,2.6147266654364913,1.0995485510885796,1200630.9,23088131.65739479,2.802533115664275,19.315579528808595,21.934213361740113,-3.1722107187995805,1.068065371675622,-17.23886743166233,-11.306156682640616,-14.152371086460121,3
HK.00005,492,160.89999389648438,159.60000610351562,0.8145286611866328,0.5960633163070604,10279091.05,1653905687.2064073,1.2840724861152364,161.4103909301758,138.77390880584716,-0.18610611503555857,10.425061541617653,28.02423839194223,33.792005627395184,64.06218894809913,1
HK.00006,492,60.150001525878906,59.599998474121094,0.9228239359714568,0.7134124694440204,3024181.15,181904500.7870342,1.71151198969548,58.79702087402344,57.60454900741577,0.13746707483833046,7.751807245711477,2.3125229454294263,14.092844650872017,24.5472198446979,1
HK.00008,492,5.389999866485596,5.375,0.2790672834529433,0.522268004097211,8410779.3,45334099.30403981,1.462913364026815,5.476620273590088,5.519119038581848,1.5065899165373324,-3.893905575720929,-1.9740136349154014,3.865078895438138,10.656262723197745,1
HK.00010,492,12.460000038146973,12.180000305175781,2.2988483247591387,1.0590910980029296,916502.1,11419616.20096178,2.029845630371579,12.880739669799805,14.32163715839386,-1.3460021754043394,-9.560089268285255,-16.101686480256607,-13.798591418176942,-7.121015701464595,1
HK.00012,492,25.940000534057617,25.799999237060547,0.5426407020817454,0.9137322300150179,9919102.95,257301535.82037246,2.382596719166398,26.953022499084472,28.57867651939392,-4.892081430654806,-2.794112538716088,-14.948334044909803,-6.313950055253978,2.305732763892899,1
HK.00013,492,21.31999969482422,21.579999923706055,-1.2048203419881414,0.4904937433639095,7545481.35,160869660.07930183,4.248103371905118,19.289199981689453,20.765949959754945,9.727222645204888,25.043992075273714,-3.616641564453507,1.8147046374165865,-14.788172243183745,0
HK.00014,492,15.59000015258789,15.5600004196167,0.1928003352324486,0.3964782929028258,1810614.9,28227486.56727791,2.103538645196721,16.980015296936035,18.142890815734862,-6.02317879919062,-8.307346652783172,-17.35884379121366,-12.500175296180963,7.27251943331331,1
HK.00016,492,109.5999984741211,108.9000015258789,0.642788740527098,0.7773817168598539,5971176.45,654440929.8087078,2.8219796914600264,119.15399978637696,121.10941913604736,-8.818634561767439,-8.361204120051715,-19.375166267251103,14.260240537225096,23.31012109300965,1
HK.00017,492,5.885000228881836,5.764999866485596,2.081532787083891,0.8001054836726604,6196143.7,36464307.092684746,3.9148425331085797,6.665099992752075,8.01592497587204,-11.636631175470923,-23.272488000738072,-37.39361204567816,-20.365354056758335,-18.715463882218582,2
HK.00018,492,0.21199999749660492,0.21199999749660492,0.0,0.6050129645635264,119200.0,25270.399701595306,2.027203065550853,0.2207042908668518,0.2660131746530533,-5.470834289837557,-16.172244546836517,-25.952155167029613,-27.16605177688352,-38.29346263919134,0
HK.00019,492,100.0,101.0,-0.9900990099009901,1.1220299644832081,1074716.2,107471620.0,2.2791316875698824,97.9707406616211,81.86588607788086,-0.6734279746706329,21.379326694413617,31.562887445637163,63.88563190563372,57.885306332511114,0
HK.00020,492,1.2100000381469727,1.2300000190734863,-1.6260146842582102,0.6406955079603076,545111493.65,659584928.1108532,4.598633214279404,1.4085000014305116,1.8850250005722047,-15.384609613320896,-19.33333079020182,-47.39130159857587,-45.4954944795897,-38.57867915867047,0
HK.00021,492,0.0729999989271164,0.07199999690055847,1.3888917633414033,0.2967257455234356,3601535.0,262912.05113597214,14.124762006444087,0.07870000042021275,0.08368499981239438,-30.47618932734808,-15.116283200024258,-17.045455315142625,-29.126214715894893,-38.65546449986257,2
HK.00022,492,3.2799999713897705,2.5,31.19999885559082,11.416901777974529,206960.05,678828.9580788254,5.111340467304082,1.858300006389618,6.017174991965294,83.2402257704117,33.87754724701965,-64.54054084984033,-59.506175099776705,-53.14285755157471,4
HK.00023,492,19.110000610351562,18.979999542236328,0.6849371509516745,0.6561854891656405,3539374.7,67637452.67726289,3.7452844046670624,16.146647510528563,14.04157516002655,20.327472412390033,44.570572122709635,41.54128173896484,47.52924461297395,65.17394038129095,1
HK.00025,491,4.800000190734863,4.800000190734863,0.0,0.0,4400.0,21120.0008392334,0.3378139471644291,4.678429899215698,4.16682178735733,3.5241484322663066,19.545741076166166,20.405770651511297,20.986038745752676,32.22261744388144,0
HK.00026,492,58.599998474121094,58.29999923706055,0.5145784579527769,1.3904522280341653,3140.6,184039.1552078247,0.44039743899863804,58.55599998474121,57.54040584564209,0.6872812816805852,2.8070148668791117,1.397271753732289,3.042170072822118,0.20434026391635082,1
HK.00027,492,32.36000061035156,32.47999954223633,-0.3694548447536813,0.9975136065427024,11181316.4,361827405.52853394,2.3612566571962126,32.77860500335694,34.2676140499115,-5.434207168801843,8.68562662831036,-7.876936850430692,-11.929971548216196,-16.14936578109131,0
HK.00028,492,3.3550000190734863,3.3550000190734863,0.0,0.2874082346565061,70916.8,237925.86535263062,1.2003598136823939,3.4740000009536742,4.024599788188934,-5.225987140482964,-14.847716488605107,-23.027074748886996,-23.696400396183183,-33.14351555922,0
HK.00029,492,9.225000381469727,9.175000190734863,0.5449611955905427,2.1120689655172415,43300.0,399442.51651763916,1.9684661872234746,9.555699996948242,11.032919516563416,0.27174535568372804,-14.026087837585614,-22.252048605842063,-28.845935575178537,-26.020981404663978,1
HK.00030,492,0.2460000067949295,0.23899999260902405,2.928876318986611,44.94328358208955,543900.0,133799.40369576216,2.6261725787457912,0.24596000134944915,0.25052499942481515,0.4081640845286294,7.894739765924978,-15.172409009139551,0.819673783049966,-8.888889992678562,1
HK.00031,492,0.4699999988079071,0.4699999988079071,0.0,0.673047341313657,2816759.5,1323876.961642161,2.846813890911287,0.500599998831749,0.5734000012278557,-7.843135765358715,-35.616440201682515,-24.193549162391314,-33.802815068692674,-26.562498544808445,0
HK.00032,492,7.03000020980835,7.0,0.42857442583356586,0.22241338143567838,77050.65,541666.0856658696,0.8989313053160789,7.453524236679077,7.780990450382233,-4.824248360325335,-9.602704454502774,-11.32267800480493,-9.46840938538155,-12.262566145359289,1
HK.00033,491,0.4000000059604645,0.4000000059604645,0.0,,0.0,0.0,0.0,0.4000000059604645,0.4000000059604645,0.0,0.0,0.0,0.0,-8.045976145262136,0
HK.00034,492,4.480000019073486,4.40500020980835,1.7026062586362456,0.39148523907057103,228598.1,1024119.4923601628,2.7667252706441015,4.728600006103516,4.603210024833679,-5.084741139541855,-5.684210124768709,-6.187427021282077,7.621429253812588,36.88450267508001,3
HK.00035,492,0.6700000166893005,0.6700000166893005,0.0,0.25375492407104794,877228.25,587742.9421403259,2.7591144239253964,0.6792000043392181,0.7496500021219253,-1.4705868173635692,-5.633797614353404,-23.863634054572117,-9.459458370988969,-12.987008664193306,0
HK.00036,491,0.2750000059604645,0.2750000059604645,0.0,,0.0,0.0,0.0,0.2750000059604645,0.2536100050806999,0.0,0.0,0.0,74.05062867336005,5.769236941309597,0
HK.00037,492,0.47999998927116394,0.47999998927116394,0.0,0.6497101727664094,364504.0,174961.91608929634,2.175563838135447,0.49430000126361845,0.5040999944508076,-1.0309329662834354,-3.0303061318608857,-7.692306369719372,6.6666671081825655,6.6666671081825655,0
HK.00038,492,9.1850004196167,9.239999771118164,-0.5952310916000075,0.65061227473906,4470706.8,41063443.83398323,4.072454090124065,8.710400009155274,8.397403335571289,11.739660842331071,21.49471546476896,1.1467364084713902,12.345135953747894,31.217232463665045,0
HK.00039,491,0.04500000178813934,0.04500000178813934,0.0,,0.0,0.0,0.0,0.04500000178813934,0.060440001096576455,0.0,0.0,-43.03797504168788,-44.44444240038942,-48.86363405457212,0
HK.00040,492,0.6899999976158142,0.6600000262260437,4.545450029951333,3.769361760325299,35628.55,24583.699415054918,1.316715824485613,0.6823929846286774,0.7000665575265884,1.03245065600999,-1.8135306107770452,-0.4108726751518986,-5.794070280031282,5.03916325656023,1
HK.00041,492,14.470000267028809,14.699999809265137,-1.5646227566027837,1.035064585855294,490238.25,7093747.608407736,1.8464554498006693,15.439000034332276,15.781606802940368,-7.243590300056499,-9.335838142586619,-11.564570142434892,-0.6878069859768092,9.978766623050804,0
HK.00042,492,0.2280000001192093,0.2199999988079071,3.636364252114102,3.911764705882353,158200.0,36069.60001885891,5.164418318690646,0.2432399982213974,0.3227849993109703,-4.201682829417396,-30.909093618392834,-56.1538445226539,-19.999998954304466,-21.37930804143756,1
HK.00045,492,5.300000190734863,5.360000133514404,-1.1194018896451168,0.4571776573238691,444376.7,2355196.594758129,2.764629497575798,5.594300012588501,5.954125003814697,1.1450462259065275,-4.332125862287707,-20.539728184235578,-9.863944088735826,-9.863944088735826,0
HK.00046,492,1.2100000381469727,1.2200000286102295,-0.8196713302251629,0.5045871559633027,37700.0,45617.00143814087,1.2686601028963667,1.2156946539878846,1.2611533957719803,-3.1999969482421875,4.79999578743957,-3.3613722202704492,-18.36736926068468,-24.029747671112244,0
HK.00048,491,0.3799999952316284,0.3799999952316284,0.0,0.0,28332.0,10766.159864902496,0.6632976653427645,0.37180000424385073,0.2939700010418892,4.1095850145108725,11.764703304297399,49.01960875977925,167.6056216832456,107.65027251211269,0
HK.00050,492,4.735000133514404,4.699999809265137,0.7446877802052511,0.31195038602416053,170254.45,806154.8434814215,1.699684456656351,4.803633279800415,4.777175858020782,-0.8691456730196171,0.26201362773770165,-2.7754197833804377,3.490619730701764,1.164593220128321,1
HK.00051,491,4.230000019073486,4.230000019073486,0.0,0.0,19200.0,81216.00036621094,0.332675754826125,4.491800050735474,4.53490003824234,-7.439828004739156,-6.622520460049943,-13.673470678651173,-1.8561467463607977,-2.758618119308167,0
HK.00052,492,4.355000019073486,4.494999885559082,-3.114568855393479,0.08295285623274581,55300.2,240832.3720547676,1.6256834152497786,4.404588251113892,4.2074607515335085,-1.4326487689626548,11.486380996174494,4.868460545512291,-1.8538707452954999,-14.575158330779095,0
HK.00053,491,70.69999694824219,71.0,-0.4225395095180458,2.3529411764705883,4750.0,335824.9855041504,0.5925536901709032,70.68900009155273,70.47400165557862,-0.4225395095180458,1.7266143140175358,-1.5320418617847045,3.3877867327268643,-0.6714662432897859,0
HK.00055,491,0.13500000536441803,0.12600000202655792,7.142859677068189,0.0,19000.0,2565.0001019239426,1.7983532958609876,0.14041999846696854,0.15225499942898751,-10.0,-14.012738309422506,-17.68292583201631,-11.18420414120929,-30.769225478877487,1
HK.00057,492,1.4500000476837158,1.4600000381469727,-0.6849308357518121,4.591439688715953,58300.0,84535.00277996063,0.7087908273344453,1.5058555126190185,1.5647736084461212,-4.384387358769553,-9.56836310279669,-7.903975887440601,-6.177181340373584,-10.80008122495683,0
HK.00058,492,0.23899999260902405,0.23999999463558197,-0.41666752037904586,0.6155740227762388,32490.0,7765.109759867191,0.6147486288009927,0.24889999717473985,0.24526999950408934,-9.81131867523834,-1.6460938660320612,-17.586207073735572,14.354059992358343,39.766074431211365,0
HK.00059,491,0.009999999776482582,0.009999999776482582,0.0,,0.0,0.0,0.0,0.009999999776482582,0.009999999776482582,0.0,0.0,0.0,0.0,0.0,0
HK.00060,491,0.5649999976158142,0.5649999976158142,0.0,0.0,41100.0,23221.499902009964,1.0375238920290397,0.5066999965906143,0.48782499626278875,6.603778889698113,12.999999523162842,12.999999523162842,25.555558351822917,24.17582007310149,0
HK.00061,491,0.18299999833106995,0.18299999833106995,0.0,0.0,3220.25,589.305744625628,0.0,0.19997999727725982,0.2696150003373623,0.5494516741004631,-36.458331177493946,-39.00000298023212,-42.088610788383626,-48.01136382878566,0
HK.00062,492,8.640000343322754,8.399999618530273,2.857151615376773,0.4231980416099462,169842.75,1467441.4183108807,1.6088916960390505,9.26629997253418,9.854100346565247,-8.426073565837132,-9.052627965023644,-16.241036404841505,-14.58634887703219,-11.849788962699051,1
HK.00063,492,0.03500000014901161,0.03500000014901161,0.0,0.008271298593879239,120950.0,4233.2500180229545,2.537801052219261,0.03500000033527613,0.049039999982342125,16.66666977107532,-23.913043302207456,-37.50000166307598,-36.363635747885894,-45.31250236468611,0
HK.00064,492,3.809999942779541,3.809999942779541,0.0,0.2616549363228448,159720.6,608535.476860714,0.256095326233506,3.7421999979019165,3.2731788539886475,0.6604981871054795,13.056381963273067,23.300972446913093,26.999998092651367,35.45196715308669,0
HK.00065,492,0.26499998569488525,0.27000001072883606,-1.8518610500991368,0.459807854200677,568954.3,150772.88136104346,2.611181982074056,0.24759999841451644,0.2896599990874529,1.9230751596258298,26.1904733183702,-19.696977222808385,-25.352114449652248,-43.61702417722921,0
HK.00066,492,32.81999969482422,32.52000045776367,0.9225068660444206,0.45425003853813206,4951584.25,162510993.5738964,1.6258418524646372,32.32838802337646,31.8086355304718,-0.3665800794212447,4.389791536878094,-1.5120449495876267,13.013622020378024,29.45195606596665,1
HK.00068,105,8.045000076293945,7.900000095367432,1.8354427743810007,1.0122828256233407,8674063.3,69782839.91027851,8.881982725930062,9.034700107574462,,-1.227751698582263,-48.02971373259021,,-56.747312304849274,,1
HK.00069,492,3.880000114440918,4.03000020980835,-3.722086539905293,19.2680425222054,1508021.3,5851122.816579342,2.525915870376021,4.088000035285949,4.385336861610413,-6.506023487274365,-5.36584866607128,-15.834714375171574,-17.23747427195585,-11.523357074766103,0
HK.00070,491,0.0689999982714653,0.0689999982714653,0.0,0.0,247150.0,17053.34957279265,2.6281603916113125,0.052779999896883964,0.05292500007897615,40.816326685768026,40.816326685768026,27.77777126235253,37.99999448657044,-1.428574317572056,0
HK.00071,492,10.020000457763672,10.0600004196167,-0.39761391833571513,0.6151918039283574,61846.9,619705.9663112641,0.8697604909299473,10.06310007095337,10.253524975776672,-0.2985048000182954,-1.5717076877764062,-5.15036627769832,0.0014943023773208682,5.609731581402081,0
HK.00072,491,0.2329999953508377,0.21699999272823334,7.373273345056039,2.4974411463664277,97200.0,22647.599548101425,2.3712499782047236,0.24190000027418138,0.2459399987757206,-12.075468706210264,-15.272730799745846,-12.075468706210264,-2.916666433836018,-24.838711755208724,1
HK.00073,491,1.850000023841858,1.850000023841858,0.0,0.0,1210.25,2238.9625288546085,0.6540143960339623,1.9647999954223634,1.8982999956607818,2.7777818250068513,-3.645829937886371,-7.4999988079071045,11.445786809692923,0.0,0
HK.00075,491,0.13099999725818634,0.12999999523162842,0.7692323563367534,0.0,4045.95,530.019438906759,1.0811422516186064,0.14230000138282775,0.1474100011587143,-14.935066254530218,-25.142857434798266,-3.67647783901619,-7.092202254196896,-12.666671964857104,1
HK.00076,492,0.16200000047683716,0.15600000321865082,3.846152009225729,0.2330611952145065,2021278.45,327447.10986382066,6.067371421477089,0.14526000022888183,0.16027999997138978,15.71428556223305,16.546764132411507,-4.142011416934667,15.71428556223305,-38.86792104835804,2
HK.00077,492,0.5299999713897705,0.5299999713897705,0.0,1.1976047904191616,70800.0,37523.99797439575,1.2876309376859634,0.46550941705703736,0.40886366605758667,7.686407042353988,38.99059484247012,40.62577740609014,29.925985974536513,42.299904252406215,0
HK.00078,492,0.4449999928474426,0.44999998807907104,-1.111110080907347,0.46241518294011663,169744.7,75536.3902858913,3.8052934458883434,0.4212999987602234,0.5035249991714954,9.87654112039807,-10.101012411974777,-19.090912145031318,-17.592597191716237,-19.090912145031318,0
HK.00079,492,0.12800000607967377,0.11100000143051147,15.315319306373777,1.1979093092244668,160375.0,20528.00097502768,7.657790469281553,0.11438000038266181,0.09807500008493662,0.0,42.2222233260119,52.38096167305982,18.518521073587245,28.00000417232507,2
HK.00081,492,2.865000009536743,2.740000009536743,4.562043779741956,0.5362638780537977,8904926.35,25512614.077673994,5.015260087821012,2.576000003814697,2.499203750491142,12.795277660028617,8.519959596306231,11.014671656870288,48.588866000185604,24.305872354124215,2
HK.00082,492,0.07599999755620956,0.07500000298023224,1.3333260483214835,1.2752848438172468,3243740.0,246524.2320729792,4.392559818927636,0.07640000015497207,0.08259000036865473,0.0,-10.58823910963985,-6.1728427993726065,-7.317078711020517,-18.279574458096455,4
HK.00083,492,9.96500015258789,9.845000267028809,1.218891643517422,0.5764573619145267,9269273.05,92368307.35762882,2.266582121352414,10.488800086975097,11.195068464279174,-3.2524274945966942,-11.026782836688975,-11.452486129415401,-2.9383077977739753,8.97870260290627,1
HK.00084,492,0.06700000166893005,0.06800000369548798,-1.470591135606476,2.887912025379483,75268.0,5042.956125617027,0.658660159629658,0.06786000296473503,0.06701500073075295,-1.470591135606476,8.064520586975977,3.0769294253470134,-4.2857123090296465,-5.633803555899658,0
HK.00085,492,0.800000011920929,0.800000011920929,0.0,0.2768804799261652,1046500.0,837200.0124752522,3.0656831841648366,0.907980375289917,1.1263279396295547,-11.602205832956825,-30.989587591284035,-32.67276584875385,-38.65740628597174,-48.56366333470683,0
HK.00086,492,4.010000228881836,4.010000228881836,0.0,0.07661538406813188,364011.85,1459687.6018157005,1.3088278084318945,3.9675386905670167,3.94513867020607,3.504064491298886,-1.4247010622165452,1.6800167145630467,3.8957990458528893,8.3559773417753,0
HK.00087,492,14.850000381469727,14.630000114440918,1.5037612119473032,1.7197746368175535,715141.95,10619858.230305003,2.1685878626513495,14.473093357086181,12.858204708099365,1.0148875342120065,13.594388035181288,21.09641126955708,34.89744743723634,35.79552733486733,1
HK.00088,492,3.25,3.180000066757202,2.201255716141545,0.26578051014907794,59750.05,194187.6625,1.6237000964572652,3.2864859008789065,3.562254958152771,-1.1857216413499934,-7.534128425891878,-16.195491440731196,-4.877061964119609,4.2421702640182,1
HK.00089,491,1.9800000190734863,1.9800000190734863,0.0,0.0,4360.25,8633.295083165169,0.32573304884143417,1.9650656437873841,2.1293525010347367,0.5714295402405754,-5.121291152232814,-12.554627547109416,-6.5924540147862185,6.91016136894387,0
HK.00090,491,0.9150000214576721,0.9150000214576721,0.0,0.0,38400.0,35136.00082397461,1.5070772519745415,0.9504999995231629,1.0242683884501458,-1.6129016752173695,-8.983161548742407,-13.010444422608966,-17.396484314044123,-42.5156763142457,0
HK.00092,491,0.17599999904632568,0.17599999904632568,0.0,0.020596176937636834,573632.4,100959.30185294151,2.683821460456264,0.1758600005507469,0.19210500039160253,-10.659897555649787,-4.3478267911701876,2.3255773658299925,-3.2967018571514073,-10.204079770783641,0
HK.00093,492,0.3449999988079071,0.36000001430511475,-4.166670805877945,0.2912621359223301,18200.0,6278.999978303909,7.5294998250906895,0.37740000188350675,0.430599999576807,-5.479454851034117,-28.124998641821215,-27.368420392192295,-31.00000023841858,-31.00000023841858,0
HK.00094,492,0.04500000178813934,0.04800000041723251,-6.249997089616979,5.5619930475086905,55150.0,2481.750098615885,0.3921569343577541,0.0525399998575449,0.06604076147079468,-13.461536808303157,-30.769225478877487,-37.499994825985475,-42.6274958942616,5.182922528619332,0
HK.00095,492,0.1860000044107437,0.1850000023841858,0.5405416290110301,0.8186236889229982,381000.0,70866.00168049335,5.727607613541403,0.20104000031948088,0.24221999943256378,-2.105259608033577,10.05917436280783,-24.081632330337207,-32.36363622570826,-31.11111221490079,1
HK.00096,491,0.5149999856948853,0.5149999856948853,0.0,0.0,800.0,411.9999885559082,0.24271822186955816,0.5088999950885773,0.5362351362407207,-3.738325149671712,2.1552437604457615,-5.141564171842184,-5.141564171842184,-14.321418262124954,0
HK.00097,492,0.14300000667572021,0.1379999965429306,3.623195839163772,0.023478094864122726,337293.6,48232.9870516777,4.733952316949873,0.1451200005412102,0.168135000243783,-1.3793029031059671,-6.5359416014716505,-25.130886417029828,-21.428566165209833,-50.68965145155298,1
HK.00098,491,5.610000133514404,5.449999809265137,2.9357858687859584,0.0,42600.0,238986.00568771362,1.9146206972034514,6.227600002288819,6.7861439943313595,-14.22018094439131,-20.650636530379145,-23.397606728444167,-17.049341197496354,-21.082422389929476,1
HK.00099,491,1.2450000047683716,1.2450000047683716,0.0,0.0,17150.0,21351.750081777573,0.4347827213698417,1.2238400435447694,1.24610870718956,15.491644291888019,1.6326514724293246,-2.253167608805156,3.2206616516860325,-5.9921089236060885,0
HK.00100,169,238.0,234.60000610351562,1.4492727229444962,0.9676035693950243,15592503.9,3711015928.2000003,10.769328027141354,281.3679995727539,,-18.604649463755834,-43.84143302140306,-76.12838515546639,-31.01449275362319,,1
HK.00101,492,6.735000133514404,6.650000095367432,1.2781960440299236,1.0026761952755634,6125955.95,41258314.14115336,2.027717501675787,7.192122297286987,8.09485315799713,-5.935750320599738,-11.66822398666373,-21.987673181907557,-17.96180582176902,-15.739328042880102,1
HK.00103,492,2.1050000190734863,2.0950000286102295,0.4773265072406982,1.0104554066381306,149460.0,314613.30285072327,4.52871210938706,1.828821988105774,2.3255276250839234,9.635420110620014,11.692816638149967,-2.639450441176552,-29.47600789126553,-33.32277051617663,2
HK.00104,491,0.22200000286102295,0.2280000001192093,-2.631577743442656,0.0,877517.25,194808.832010597,3.01479135672779,0.2194475933909416,0.2053130741417408,0.8192333155287681,3.723490689846032,13.53517085295898,13.026039698109015,5.902554257209084,0
HK.00105,491,5.070000171661377,5.009999752044678,1.1976132252743503,0.0,800.0,4056.0001373291016,0.0,5.075751838684082,5.043725583553314,0.23381943668021082,-0.33569314311627996,-0.33569314311627996,2.180111775223303,3.3463918878529197,1
HK.00106,491,0.01899999938905239,0.01899999938905239,0.0,,0.0,0.0,0.0,0.01899999938905239,0.01899999938905239,0.0,0.0,0.0,0.0,0.0,0
HK.00107,492,4.824999809265137,4.724999904632568,2.1164001407603137,1.1715050683377957,857210.0,4136038.086500168,1.9117058431257474,4.689099979400635,5.044209158420562,5.234455160771601,1.1530362381246804,-8.614840044148425,-1.585207569337695,12.227388174750175,1
HK.00108,492,2.0,1.9900000095367432,0.5025120811725401,0.43346879233093677,961400.0,1922800.0,8.397649302065812,1.7568000054359436,2.4458999913930892,12.676057851496655,-15.254233521108176,-21.568625984353197,-15.254233521108176,29.87013308711196,1
HK.00110,492,0.6650000214576721,0.6100000143051147,9.016394403729805,0.14211369095276222,181710.0,120837.1538990736,4.505751973804127,0.683600002527237,0.39887000046670434,-4.999995316777831,107.81251135049412,196.875000415769,202.2727386641109,219.71154218131792,1
HK.00111,492,0.699999988079071,0.699999988079071,0.0,0.09702009702009702,430400.0,301279.9948692322,6.274606494195241,0.6193999993801117,0.6711746481060982,23.89380372264239,4.477607558580467,-7.033299333823338,39.45005099926499,44.81352441960474,0
HK.00113,492,5.929999828338623,5.880000114440918,0.8503352538192791,1.8835938971557733,54203.2,321424.96669540403,1.150012695184938,6.170949583053589,5.762380917072296,-4.354838536011436,-2.6016163632836435,7.974031591586053,10.489564977430513,27.013261205914578,2
HK.00114,492,0.6650000214576721,0.6549999713897705,1.5267252678933152,1.0339256865912763,68125.0,45303.12646180391,1.0805201547499586,0.6741000103950501,0.6348690286278724,-7.638889578757436,-2.2058802260453536,7.258067152130472,5.5555597604688,12.740403950989748,1
HK.00115,492,4.650000095367432,3.700000047683716,25.675676633529704,4.192068965517241,3507.85,16311.502834534645,2.530250055534756,5.005099968910217,7.014025000333786,-2.105261150159334,-38.8157874510889,-39.61038687595483,-37.99999872843424,32.857145581926616,1
HK.00116,492,13.010000228881836,12.760000228881836,1.9592476137589192,0.337370720527222,2212585.25,28785734.608920574,4.053024729368734,12.532765026092529,11.894457607269286,-5.422132705160944,19.328007619092936,9.671030497238723,15.62357901681461,-1.8068735751370673,1
HK.00117,492,3.9000000953674316,3.5299999713897705,10.481589999333373,1.5888323508859943,4277050.0,16680495.407891273,9.635637821753587,2.9261000108718873,1.8647750109434127,32.42785004321084,-42.307692850292604,983.3333167764882,1014.2857605097254,572.4138288945855,2
HK.00118,492,0.21899999678134918,0.20499999821186066,6.829267654441633,3.60956929634728,899363.75,196960.65835526213,3.1529454240658574,0.19543999820947647,0.21251999907195568,15.26315764707211,-9.504133071064686,19.672130480105647,-12.400001287460327,-8.368199349860445,1
HK.00119,492,1.2100000381469727,1.2000000476837158,0.8333325054910776,0.521793653897686,18515502.95,22403759.275810383,4.063554507447986,1.4465999960899354,1.831647201180458,-17.40614262264174,-35.982483666577885,-37.92241065818336,-38.234358077563094,-21.20920722624275,1
HK.00120,492,0.05400000140070915,0.05000000074505806,8.000001192092878,0.06458557588805167,191790.0,10356.660268642008,11.235528276860416,0.05272000029683113,0.07465000005438924,0.0,-20.588237549916148,-38.63636171214343,-40.65933791519487,-53.84615213168755,1
HK.00122,491,1.350000023841858,1.350000023841858,0.0,0.0,7088.75,9569.81266900897,0.9883783138003733,1.439000015258789,1.453500011563301,-8.783783348395588,-4.255315191482674,-8.163265471621946,-8.163265471621946,-30.76923123948437,0
HK.00123,492,3.130000114440918,3.065000057220459,2.1207196087103912,0.35770440367159356,14881903.25,46580358.87559867,5.287495463648051,3.5258000040054323,4.012199989557266,-14.597540326893018,-28.211008747883625,-25.829377486799128,-22.13930026637642,-31.753559134184012,2
HK.00124,492,0.19200000166893005,0.19499999284744263,-1.5384570710521015,0.02545860563575875,910829.35,174879.23672011046,2.873765896882216,0.19905999958515166,0.22087999939918518,-4.000000596046439,-15.418500756742676,-15.044245570349538,-16.157205297004868,-28.88889109646824,0
HK.00125,491,0.29499998688697815,0.29499998688697815,0.0,0.0,13900.0,4100.499817728996,1.6033534024187124,0.29949999928474424,0.32802499949932096,-7.812502037268178,0.0,-18.05556245424102,-15.714288025486264,-25.316461044480075,0
HK.00126,492,0.08799999952316284,0.08799999952316284,0.0,2.0271348762968873,134200.0,11809.599936008453,3.8810381825838367,0.09640000134706497,0.11768500026315451,3.529410114750335,-27.27272727272727,-28.45528691670209,-39.31034341011542,-26.050422272602336,0
HK.00127,492,1.024999976158142,1.0299999713897705,-0.4854364437391164,1.1543266880330274,162451.4,166512.6811268568,1.5960519547548042,1.0785000276565553,1.1872750091552735,-4.651169237927759,-11.637930547227176,-21.153845095775498,-18.000001907348633,-21.755723593139223,0
HK.00128,492,0.4950000047683716,0.30000001192092896,64.99999503294647,,27400.0,13563.000130653381,0.10101000370632514,0.3039000117778778,0.3009750118851662,64.99999503294647,64.99999503294647,64.99999503294647,64.99999503294647,64.99999503294647,1
HK.00129,492,0.17000000178813934,0.17000000178813934,0.0,0.6162044437968591,160592.45,27300.71678716168,0.9816866395799619,0.1800599992275238,0.20937999926507472,-2.298846735729269,-10.526313725600916,-19.431277043666054,-31.999999284744263,-46.87499825377014,0
HK.00130,491,0.17499999701976776,0.17499999701976776,0.0,0.0,34900.0,6107.499895989895,0.26680459844513144,0.1783200016617775,0.1786600013822317,-2.234641336136306,-9.32642815080994,-5.405408235428679,12.903223015391266,27.7372292148915,0
HK.00131,491,1.2899999618530273,1.2999999523162842,-0.7692300638503318,0.7975149434362526,26077.9,33640.490005207066,0.6599205418758053,1.3145999932289123,1.2580668944120408,-0.7692300638503318,-3.7313485283658054,-1.4572820986304669,12.860900162679501,-6.7195066004805515,0
HK.00132,492,0.15000000596046448,0.15399999916553497,-2.5973981991849837,2.2325581395348837,59750.0,8962.500356137753,1.7405304382408309,0.16412000089883805,0.1924969506263733,-6.249994179233778,-21.843983624265896,-21.04647250246869,-32.717863890949566,-35.52128461269682,0
HK.00135,492,7.690000057220459,7.695000171661377,-0.06497874372156676,0.8313648838841025,12151618.1,93445943.88432117,2.803597400499095,7.164500017166137,7.341019086837768,9.310593091900316,12.09912401679273,-5.459519488514929,6.4219199697820875,8.773789609836538,0
HK.00136,492,1.475000023841858,1.4450000524520874,2.0761225121661533,0.5265531461775128,174376416.65,257205218.71620774,6.119595069285548,1.4272000002861023,1.7392500036954879,4.609933245332639,-6.050957034164091,-21.542551724308478,-34.734511943979655,-46.94244463950553,1
HK.00137,491,0.6299999952316284,0.6299999952316284,0.0,0.0,19000.0,11969.99990940094,0.4280719900756629,0.6604000103473663,0.6568000012636185,0.0,10.526316339839756,-4.545459060957758,-8.695652549493667,-12.50000413921128,0
HK.00138,491,0.2750000059604645,0.2800000011920929,-1.785712575121809,0.8413967185527976,5723.75,1574.0312841162086,1.0172414147471145,0.3118000042438507,0.5196499994397163,-6.779654852722472,-36.78160817167343,-57.03124810825098,-61.26760362372745,-65.62499976716936,0
HK.00139,492,0.10000000149011612,0.10000000149011612,0.0,0.15582635076933246,5337708.55,533770.8629538055,6.113222095253044,0.1094800003618002,0.1421972000785172,-4.761900369272073,-18.032786584900006,-40.11975804796568,-31.196187480488085,-68.39324823903944,0
HK.00142,492,4.820000171661377,4.739999771118164,1.6877722448568986,0.8535537980374732,3191639.65,15383703.660881257,2.0802193610776802,5.073225612640381,5.362682614326477,-1.6834933981003872,-5.623653203368625,-15.260907285713676,-14.835086322773044,-21.325596758963645,1
HK.00144,492,16.600000381469727,16.260000228881836,2.091021819200009,0.9443360767027241,4123552.25,68450968.92301035,3.0347943554037076,15.323400039672851,15.1335577917099,6.752412719328992,18.402281308609815,3.3735075708265434,12.758728805544148,15.775928020610694,1
HK.00145,492,0.23899999260902405,0.22200000286102295,7.657652940952203,1.3361186954404283,2450964.8,585780.5690849781,5.603284914532673,0.2043200010061264,0.21725500002503395,19.499994523823343,22.564103269483002,19.499994523823343,3.0172411578305347,20.100498222942935,1
HK.00146,492,1.5800000429153442,1.600000023841858,-1.2499987892806712,2.933333333333333,8600.0,13588.00036907196,0.5573047388725975,1.4844000077247619,1.6659869951009751,9.722220842485129,1.282057748038625,-12.707177189795685,-16.402113498723924,12.05674328498706,0
HK.00147,492,0.21899999678134918,0.20200000703334808,8.41583621588418,0.232332089455934,112233275.0,24579086.863760278,21.100137023225514,0.09869999997317791,0.11408499993383885,298.1818144873154,236.9230843295715,114.70588321229305,28.82352616341472,-44.55696434608689,2
HK.00148,492,56.5,55.25,2.262443438914027,0.8006965273591881,26527711.7,1498815711.05,6.253620067116272,50.86880027770996,47.72668064117432,23.57829941267681,-43.83697727934422,58.186528945647495,94.23038376049048,121.07940119691656,3
HK.00149,492,0.0689999982714653,0.06199999898672104,11.290321611526961,0.12744490181586665,2682651.8,185102.96956294327,3.6111266793742915,0.06508000075817108,0.06744500054046512,6.153847388261919,1.4705801788708996,6.153847388261919,-5.479453033478419,-16.86746879799958,1
HK.00150,492,0.1550000011920929,0.1509999930858612,2.6490121121775254,2.0362060962401363,139200.0,21576.00016593933,3.7724611733115143,0.1545203882455826,0.16529946640133858,1.1749351575778337,3.1718129050437858,-6.654078006260589,-12.877143642303826,-5.6906183241667225,2
HK.00151,492,2.8399999141693115,2.815000057220459,0.8880943673421268,0.6209655901222177,15571264.35,44222389.417507656,2.998953017151837,3.1720937967300413,4.074630485773087,-9.418370914773982,-29.110022380188983,-37.4233513970581,-37.28963920159132,-47.2150191277498,1
HK.00152,492,5.394999980926514,5.295000076293945,1.888572298237999,1.2235786718467996,7166495.65,38663243.89505994,3.15291550683345,5.513100004196167,6.912776591777802,5.680704422517511,-10.53068336297816,-35.93526265889157,-33.10778221421359,-32.16230870362064,3
HK.00154,492,0.44999998807907104,0.44999998807907104,0.0,0.15358771298296137,198600.0,89369.99763250351,3.616442652070363,0.4150999993085861,0.5035499984025955,9.756095610793878,1.1235944521335182,-27.41935731965221,-15.09433728853283,-19.642859613712943,0
HK.00156,492,1.0499999523162842,1.0499999523162842,0.0,0.8366450533361222,70969.75,74518.23411589861,2.335394146281886,0.9965000033378602,0.9528249970078468,7.692300168250153,3.9603923000712657,10.526312157057612,28.048775789639794,26.50602089509087,0
HK.00157,491,0.44999998807907104,0.44999998807907104,0.0,0.0,33000.0,14849.999606609344,0.8649947451564906,0.4590000027418137,0.4752750027179718,-2.1739174096029172,-3.2258097595362787,-10.000002384185791,-8.163269526359606,-19.642859613712943,0
HK.00158,492,59.0,58.5,0.8547008547008548,1.1764705882352942,450.0,26550.0,0.0847457627118644,57.82199996948242,58.858396682739254,1.7241379310344827,4.524849570411644,-2.8337020667499626,-0.9839191415518355,-0.3502191535478108,1
HK.00159,492,0.04600000008940697,0.04800000041723251,-4.166667313418449,0.26011324599834046,1884328.0,86679.08816847205,6.947781629063908,0.06186000019311905,0.07746500050649047,-24.590164635233318,-41.77215446542983,-43.902440464865336,-48.314607541092464,-65.92592721368055,0
HK.00160,491,0.6499999761581421,0.6549999713897705,-0.7633580839735752,0.016469942355201758,181300.0,117844.99567747116,1.0602763515066014,0.6953802931308747,0.8809691479802132,-10.254479462006993,-31.28858097860368,-35.33042699913859,-30.56530256127752,-37.178126317407326,0
HK.00162,492,0.035999998450279236,0.03700000047683716,-2.7027081450551504,1.1162790697674418,147550.0,5311.799771338701,5.2116420614408385,0.03712000027298927,0.042025000248104336,-12.195128156342978,-26.53061348614424,-23.40425599371488,-12.195128156342978,-29.4117664245861,0
HK.00163,491,0.11900000274181366,0.11800000071525574,0.8474593394037465,0.0,111956.25,13322.794056963176,1.1819586205620747,0.13839999973773956,0.17680499978363515,-13.768111794992844,-24.683546034824765,-43.33333025849045,-40.201003933906534,-33.888889992678564,1
HK.00164,492,0.4350000023841858,0.4350000023841858,0.0,0.06536443285896186,297476.8,129402.40870923996,3.8376203402932476,0.4619999969005585,0.4430499969422817,3.5714323727453214,-14.705880290496681,8.749998975545182,22.53521564247555,4.819279790599543,0
HK.00165,492,6.269999980926514,6.195000171661377,1.2106506406282027,0.5322022711860219,6599306.3,41377650.37512822,3.756291177103706,5.963305835723877,7.2772685599327085,10.034595792739218,4.999734489071131,-21.14611605517541,-33.098698824800785,-27.05504867992099,2
HK.00166,492,0.03700000047683716,0.03799999877810478,-2.6315745616387045,0.7425539016732859,1006245.0,37231.065479815006,6.548534611985517,0.0323199999704957,0.03850000021979213,27.586212212067167,5.7142866266017025,-15.909089369714744,-11.904759581735043,-15.909089369714744,0
HK.00167,492,6.300000190734863,6.195000171661377,1.694915515156917,1.7268430233083591,162880.7,1026148.4410670281,2.7140253775240217,6.075200033187866,5.515900002717972,0.0,-9.99999727521624,-33.68420851858039,83.13953738202265,668.2927128887122,4
HK.00168,492,39.84000015258789,39.79999923706055,0.1005048148093835,0.2761249405881103,3839589.6,152969250.2498749,2.2367634017364897,43.41320014953613,46.49313339233399,-8.075680636080964,-14.357168518344032,-13.868381917783273,-14.909038498468554,-15.824362245936282,1
HK.00169,492,0.08900000154972076,0.08900000154972076,0.0,0.4143864865719799,633110.0,56346.79098114371,2.9102866508516434,0.09234000027179717,0.10368999999016523,-1.1111133186904594,-27.04917987735001,5.952384225736984,-20.535715354834554,-41.370231273253,0
HK.00171,492,0.0430000014603138,0.05000000074505806,-13.999998360872294,9.473684210526315,727100.0,31265.30106179416,8.748456804791122,0.042620000019669535,0.06632499983534217,2.380957238190364,-8.510632058137357,-47.56097527733877,-48.19276735309856,-54.25531602906868,0
HK.00173,492,1.9900000095367432,2.0250000953674316,-1.7283992188819028,2.6480443838259977,579929.65,1154060.0090306401,1.6543019004406352,2.0296980595588683,2.1882083451747896,-3.6160278879226624,-5.625988708358355,-17.229343618316662,-4.7356619533636835,-6.930691413295273,0
HK.00174,491,0.1720000058412552,0.1720000058412552,0.0,0.0,7600.0,1307.2000443935394,0.6509664313299547,0.19790000200271607,0.21005999989807606,-8.510632058137357,-19.99999861384549,-21.818178739429488,-24.22907167996874,-42.666666997803574,0
HK.00175,492,16.110000610351562,16.139999389648438,-0.1858660497602933,0.7809982521728008,38372473.5,618180571.5056992,2.914690526274543,18.189599952697755,18.30348449230194,-10.15058373590126,-19.610779070028624,4.594669464681522,-9.1405688433696,-11.475287845129861,0
HK.00176,491,0.013000000268220901,0.013000000268220901,0.0,,0.0,0.0,0.0,0.013000000268220901,0.013000000268220901,0.0,0.0,0.0,0.0,0.0,0
HK.00177,492,10.470000267028809,10.3100004196167,1.551889824443458,1.2895055886612332,3646799.25,38181989.12130046,1.945130073416804,9.771599998474121,9.683809490203858,10.618067598933255,-0.05193778463362604,10.22215828025743,14.09360534467238,19.91596722182069,3
HK.00178,492,1.1200000047683716,1.0950000286102295,2.283102785839374,1.2917467510802594,7059613.3,7906766.929662859,4.549136385723256,0.9119158840179443,0.7362069025635719,30.909705761683703,37.75962698083951,82.26658544581903,97.45546437412636,94.63887749179798,4
HK.00179,492,17.920000076293945,18.219999313354492,-1.646538135929896,0.3953490620783271,2963704.25,53109580.38611269,3.8734876642268525,18.991947746276857,24.093818035125732,-9.859150740512787,-19.2147739877385,-29.344002779540894,-40.74013078844321,-33.678195517170444,0
HK.00180,491,0.19499999284744263,0.19499999284744263,0.0,0.0,18800.0,3665.9998655319214,1.5765710590490125,0.19659999787807464,0.19837499976158143,5.978256776323286,7.734806084020818,-12.16216651604412,1.5624953918935511,-12.946434451590052,0
HK.00181,491,0.09000000357627869,0.09000000357627869,0.0,0.0,132500.0,11925.000473856926,2.7363466215039636,0.09614000111818313,0.11167000006884337,-10.891088670684423,-24.369746636438595,-30.23255169230417,-3.225804901023846,-18.181814487315386,0
HK.00182,492,0.3499999940395355,0.3449999988079071,1.449273985189887,0.45569762093223515,12332143.75,4316250.238994695,5.451322755404508,0.3329000002145767,0.3370238091796637,22.80701699349358,-19.86092136202815,17.53731373158934,10.191237826731223,-9.58668035281058,3
HK.00183,492,0.14499999582767487,0.14900000393390656,-2.6845691279350663,2.4038461538461537,8320.0,1206.3999652862549,0.5424666040461911,0.14329999804496765,0.15680499896407127,-2.0270311087913626,-2.6845691279350663,-16.18497010249846,-15.697679707348136,-18.539329605141,0
HK.00184,492,2.365000009536743,2.359999895095825,0.21186926538888448,0.0963855421686747,41700.0,98620.50039768219,0.7110575515967072,2.3572999906539915,2.2375676047801973,-1.4583368516629198,2.826089502958412,9.24212430956415,15.940928097432405,-0.44797527459899805,1
HK.00185,491,0.06300000101327896,0.06300000101327896,0.0,0.0,10663.7,671.8131108053029,8.89216060610928,0.06954000055789948,0.09217999957501888,-7.352944721296804,-17.105259159141173,-32.25806503299205,-39.42307719861614,-49.19354673959583,0
HK.00186,491,0.3449999988079071,0.35499998927116394,-2.816898807176702,0.0,67519.5,23294.227419510484,0.7347557637419446,0.2754399974644184,0.1864000016823411,-2.816898807176702,126.97369072462486,118.35441957574888,118.35441957574888,77.83504568665163,0
HK.00187,492,2.6549999713897705,2.6600000858306885,-0.18797422103678196,0.5967858149807337,1148340.0,3048842.667145729,2.565429938996199,2.923900008201599,3.8336750197410585,-8.919382293850125,-17.801858956293522,-48.14453064973348,-35.243901630585405,-43.74999810578451,0
HK.00188,491,0.22100000083446503,0.22100000083446503,0.0,0.0,52575.0,11619.075043871999,0.39071748690577957,0.2314599996805191,0.2415123037993908,-0.45045135750919174,-7.531377544435701,-16.421816417032005,-8.063997022552405,-11.32716123564879,0
HK.00189,492,12.220000267028809,12.100000381469727,0.9917345601315282,0.3406557290369344,27634307.6,337691246.2511563,5.359979505210568,12.960200004577636,12.9062788105011,0.6589779361090073,-34.088459203934036,-5.089021639698829,14.662247190870472,-1.3286854049978192,1
HK.00191,492,0.44999998807907104,0.4699999988079071,-4.255321442460307,3.3299899699097293,109400.0,49229.99869585037,1.990613285250347,0.5410999983549118,0.6527499993145466,-11.76470656983444,-38.356167627199575,-38.356167627199575,-37.50000413921128,-26.229511880964253,0
HK.00193,492,0.19099999964237213,0.19499999284744263,-2.0512786419432705,3.451259709794075,11721.35,2238.777845808119,0.361686874111284,0.195279997587204,0.2035499994456768,0.0,-7.281553678973723,-7.281553678973723,5.5248650168803,-12.785387009357999,0
HK.00194,492,4.175000190734863,4.210000038146973,-0.8313502872915537,1.8329705579104136,8500.0,35487.50162124634,0.11614952719344988,4.230521068572998,4.294643402099609,-0.5952290396567317,-2.8493073044574913,-15.778012657331681,0.1558799645343625,-3.1171959035205234,0
HK.00196,492,0.10300000011920929,0.10400000214576721,-0.9615403903129845,0.004092609915809168,1548650.0,159510.95018461347,5.68095124087299,0.1202799990773201,0.16849999904632568,1.9801945870279791,-40.46242525624615,-50.95237936427529,-39.76608314534052,-56.17021260406162,0
HK.00197,492,0.4650000035762787,0.4749999940395355,-2.1052611765768803,0.024776421904606664,1930044.25,897470.5831523761,7.248852439862942,0.371300003528595,0.3105149999260902,40.90908639358769,47.619049871679714,69.09090672642736,60.344833433273884,25.67567502259338,0
HK.00199,492,2.2950000762939453,2.244999885559082,2.2271801017224337,0.5328155155878139,2685798.2,6163907.073910141,5.499942402493093,2.4462999963760375,1.5923749992251397,-9.288533508035412,10.869572478616906,116.50945284732528,118.57144576351737,967.4418781949996,1
HK.00200,492,2.884999990463257,2.9749999046325684,-3.025207295945345,1.8340996927746187,3243857.05,9358527.558314169,3.498424325365205,3.3256000089645386,3.9266499996185305,-10.681115373776112,-21.389647670618047,-24.476438720401223,-32.90697994201217,-49.02826734558395,0
HK.00201,492,0.05900000035762787,0.05900000035762787,0.0,0.2215353179422757,2782639.2,164175.71379514935,2.446374189809617,0.06430000022053718,0.06832500036805868,-7.812503819877565,-15.71428556223305,-14.492750962825598,-15.71428556223305,-16.901410667698975,0
HK.00202,492,0.06199999898672104,0.06199999898672104,0.0,0.35936820750615855,439062.5,27221.874555107206,8.477439009203396,0.05166000030934811,0.08565000047907233,37.77777005125006,0.0,-34.04255201099896,-50.793652389265155,-73.0434791904316,0
HK.00205,492,0.5450000166893005,0.5849999785423279,-6.837600567558505,0.20526768188641,192867.5,105112.79071882367,5.9758597203794475,0.5954999983310699,0.7020999994874001,-0.9090900224102623,-23.239431949249077,-26.351350045186766,-22.142853432772046,81.66666501098216,0
HK.00206,492,0.2070000022649765,0.20800000429153442,-0.4807701951564923,1.149843912591051,605000.0,125235.00137031078,5.031803018763413,0.23751999884843827,0.356189997792244,-5.045868236000495,-44.79999939600627,-61.66666777045634,-20.384611593195533,-24.727273535137318,0
HK.00209,492,0.4050000011920929,0.4050000011920929,0.0,0.43616774250089685,11501580.15,4658139.974460952,41.69669277890593,3.5751000058650972,3.414222486913204,-92.96875025870071,-92.76785699840711,-90.357142390848,-74.03846050978173,-87.51925992372368,0
HK.00210,492,0.29499998688697815,0.29499998688697815,0.0,0.015364916773367477,269000.0,79354.99647259712,3.539302459750531,0.3232000023126602,0.3654263210296631,-4.838714639304418,-19.178087896109595,-15.840848679171875,-23.113859496581796,-35.79611035053364,0
HK.00211,492,0.25999999046325684,0.25999999046325684,0.0,0.8826592758663301,11829.4,3075.6438871860505,1.448169141913382,0.25841999173164365,0.25724499493837355,0.0,1.960782480441495,7.8838149644264135,-7.1428609441737585,-7.1428609441737585,0
HK.00212,492,28.700000762939453,28.600000381469727,0.3496516787968925,2.727272727272727,625.0,17937.50047683716,0.29396448136295383,28.531200180053713,28.535834312438965,0.0,0.7017570629454495,0.3344556091162258,6.645814316612576e-06,11.111114392994603,1
HK.00213,492,0.36000001430511475,0.36000001430511475,0.0,3.6976731971216976,28198.75,10151.550403386354,0.5770546424203951,0.341053141951561,0.3566314955055714,8.224533279529846,-0.4334340214673685,-3.0195721558916175,6.678462920355241,0.9120650590480632,0
HK.00214,492,0.21799999475479126,0.2290000021457672,-4.803496632272531,10.790947588907608,5071.5,1105.5869733989239,0.9596988662993479,0.20297999799251557,0.24734499879181385,2.830187419357129,1.395344710981934,-19.259264410277737,-23.508772810410274,-30.79365193498439,0
HK.00215,492,1.125,1.125,0.0,1.1605076436814319,1887925.3,2123915.9625,1.1098827538036657,1.1276701307296753,1.1050305616855622,0.6540948736739479,3.374474922237884,2.524495619626654,3.4083322238822897,12.106213368996281,0
HK.00216,492,0.4449999928474426,0.44999998807907104,-1.111110080907347,9.333333333333334,8800.0,3915.999937057495,0.27245260206891525,0.47459999680519105,0.5704000014066696,-7.2916660845900445,-17.592597191716237,-33.582092274215164,-21.929824836586544,-29.365079965781256,0
HK.00217,492,0.11299999803304672,0.10899999737739563,3.669725460452727,0.42051381367345014,616879.05,69707.33143662773,4.963136223098812,0.1169200000166893,0.1305847653001547,-1.7391339276823337,-9.94604221288085,-32.194662341413085,-8.516610517746685,-19.95202696041124,1
HK.00218,492,0.8700000047683716,0.8849999904632568,-1.6949136561044988,0.45454545454545453,625000.0,543750.0029802322,4.2285024627210825,0.9509999966621399,1.125949995815754,-9.844556641183672,-6.451613109971017,-26.27118275926481,-37.410070955256636,-54.45026073443784,0
HK.00219,492,0.6949999928474426,0.6949999928474426,0.0,11.466481018878742,3841.9,2670.12047252059,0.25179875241902666,0.7110000085830689,0.6829500073194503,-1.4184383971608912,-0.7142850452539758,-4.794524015282304,13.934422385080783,17.79661419336172,0
HK.00220,492,7.119999885559082,7.099999904632568,0.28168987598808554,1.101790567411548,8758465.7,62360274.78167314,2.7304240707756255,7.53460000038147,7.413161463737488,-9.357099067214248,-3.9136297952058365,-6.42191853554219,-5.1448023440571085,-13.806880176979726,1
HK.00222,492,2.7100000381469727,2.740000009536743,-1.0948894629691135,0.18552875695732837,99000.0,268290.0037765503,2.5979111253728444,2.9688000011444093,2.939149980545044,-9.212725849694692,28.53239034184572,-12.96866414829906,-22.88056056252196,-14.575393282408786,0
HK.00223,492,0.09399999678134918,0.09000000357627869,4.444436717916725,0.2318612905880992,566180.05,53220.922877664125,4.411211908743917,0.08212000042200089,0.11349000003188849,27.027021040439337,-16.814160692410816,-32.37410233903208,-32.85714544203815,-13.761468767848925,1
HK.00224,492,0.574999988079071,0.574999988079071,0.0,3.4408602150537635,21800.0,12534.999740123749,1.8998906482110445,0.5550000035762787,0.5563499996066094,2.6785688626827135,10.57692484037417,-7.258067152130472,6.481475042708381,-4.166672461562456,0
HK.00225,491,5.099999904632568,5.099999904632568,0.0,0.0,2059.6,10503.959803581238,0.019353236063512254,5.264899997711182,5.436920318603516,-5.0279327128589575,-3.409096553469925,-8.3875503053784,-9.516580276251927,-3.0534671507704982,0
HK.00227,492,0.12600000202655792,0.125,0.8000016212463379,8.735905044510385,482600.0,60807.60097801685,3.2411250284191713,0.16164000034332277,0.21290499933063983,-21.249996973201565,-31.521738162140995,-47.05882389770541,-49.59999918937683,-64.50704060998892,1
HK.00228,492,0.800000011920929,0.7900000214576721,1.265821543245696,0.18154371355559282,243282.5,194626.0029001534,3.8627684216222797,1.0329000091552734,1.427975001335144,-19.19191876621517,-42.446041715533184,-58.762887199749294,-48.38709441729805,-41.17647033042974,1
HK.00229,491,0.8100000023841858,0.8100000023841858,0.0,0.0,74750.0,60547.50017821789,1.285465257983431,0.7955460941791535,0.8528628468513488,3.7744544404200906,-1.2267194521773406,-8.80776079320444,-7.816543760320958,-5.812087784132652,0
HK.00232,492,0.4749999940395355,0.4749999940395355,0.0,0.2943262271504018,30194306.4,14342295.36002791,1.588549021456147,0.4507999974489212,0.2553170037269592,3.260866396255947,21.794874733956952,220.23515401655808,191.47152075965977,226.68282075662546,0
HK.00234,492,0.03200000151991844,0.029999999329447746,6.66667411724743,1.9428509763772106,4013517.5,128432.56610021926,6.565828157276747,0.028400000147521497,0.03177000025287271,14.285716186372543,-3.030297899049148,-3.030297899049148,-8.571424618059293,-5.882353585690328,2
HK.00235,492,0.01899999938905239,0.019999999552965164,-5.000000931322596,1.0207139671248218,5936251.75,112788.77962326119,6.078948516192312,0.020119999572634696,0.02501499990001321,-5.000000931322596,-13.636365945427883,-29.62963371773959,-36.6666672875484,-32.14286141933822,0
HK.00236,491,1.0800000429153442,1.0800000429153442,0.0,0.0,36900.0,39852.0015835762,1.28865140928093,1.0903999948501586,1.1610893929004669,3.846161781683767,-9.243698236624217,-11.441115316223954,-7.841158823273307,-5.537196442074014,0
HK.00237,492,2.0350000858306885,2.0399999618530273,-0.24509196646245257,0.4064330218701609,25104.3,51087.25265471935,0.3187936365485109,2.1281907081604006,2.0920339035987854,-0.8878329300913577,-2.740401444683078,-3.1927727992779333,3.5500182978126884,1.5661499515754376,0
HK.00239,492,2.4800000190734863,2.4549999237060547,1.018333855167361,0.6132756132756133,71425.0,177134.00136232376,1.5348588923992523,2.4223999643325804,2.340375955104828,1.6393426604503258,6.774559344308807,11.357166110998168,9.017714597556578,9.433026534200813,1
HK.00240,492,1.350000023841858,1.3450000286102295,0.37174684946251235,0.4803211289833775,444707.5,600355.135602653,1.6276903186774834,1.3990797638893127,1.4387541598081588,-2.5466844971326683,-9.234658661202879,-12.861027115478047,5.548622821652835,14.464038693273212,1
HK.00241,492,2.9149999618530273,2.924999952316284,-0.3418800214112114,0.813561053188405,66356525.95,193429270.61294943,2.4239273626507623,3.200122609138489,4.283374378681183,-10.4454728305375,-11.95997210403883,-39.88756299899918,-40.34908074402281,-52.113820813418286,0
HK.00242,492,0.5099999904632568,0.4950000047683716,3.0303001111897543,0.8520647045959435,1919911.3,979154.744690299,4.156601466703976,0.49640000104904175,0.5896500021219253,1.9999980926513672,-10.526316339839756,-16.393446147009282,-22.72727724277594,-28.16901325682895,1
HK.00243,492,0.46000000834465027,0.44999998807907104,2.2222267845531776,0.1082621861850363,138803.05,63849.4041582629,3.353068957633066,0.45749999940395353,0.44179999887943266,-2.127657550770317,-17.857141716747872,22.66666889190674,27.77777501830359,21.05263529391835,2
HK.00244,492,0.30000001192092896,0.3050000071525574,-1.6393426604503258,0.004370629370629371,413550.0,124065.00492990017,3.6240728318488213,0.2893999981880188,0.315030001103878,-3.225803350434739,0.0,-13.04347450506333,-6.249994179233778,-16.666666666666664,0
HK.00245,492,0.9850000143051147,0.9900000095367432,-0.5050500185316258,0.07434025624491605,337541.55,332478.43157857057,1.5710058240440965,1.0006999921798707,1.0427749928832055,-6.190470567906269,-3.4313693407726165,-6.190470567906269,-9.633028977808808,-14.347823067288253,0
HK.00247,491,19.350000381469727,19.350000381469727,0.0,,0.0,0.0,0.0,19.350000381469727,19.579223232269285,0.0,0.0,9.857099654883227e-06,-2.985074484136464,0.5436009055588321,0
HK.00248,491,0.21899999678134918,0.21899999678134918,0.0,0.0,7241.65,1585.9213266916572,0.0,0.22911999762058258,0.27447804853320124,1.8604619249000895,-15.76922891760712,-30.476190971769533,-39.51512558000795,-11.162675371291385,0
HK.00251,492,1.159999966621399,1.1799999475479126,-1.694913713180618,4.749598379548788,8858.5,10275.859704315662,0.17022244202217332,1.2354000091552735,1.2943566405773164,-6.451616314521787,-9.375000582076622,-15.756030792885639,-7.919382494549419,-10.55750807766916,0
HK.00252,491,1.6200000047683716,1.6200000047683716,0.0,0.0,0.0,0.0,0.0,1.595847306251526,1.5771436834335326,0.0,3.124996917149912,3.124996917149912,3.124996917149912,4.4303785309158465,0
HK.00253,491,0.6200000047683716,0.6200000047683716,0.0,,0.0,0.0,0.0,0.6319999957084655,0.6347499987483025,-3.124997089616889,-4.61538038310199,-10.144926534683554,8.77193202602569,5.084751242024469,0
HK.00254,492,0.20000000298023224,0.20399999618530273,-1.9607810195433113,0.11656578995340454,12422115.65,2484423.16702079,12.189118298807859,0.17173999935388565,0.5255750020593405,52.671761195578206,-80.95237980353855,-71.42857051625542,-66.66666749450893,-36.507935081269515,0
HK.00255,491,1.3849999904632568,1.4049999713897705,-1.423486215927142,3.2160804020100504,23100.0,31993.499779701233,0.5717211780550147,1.385791184902191,1.3648246347904205,0.9949261841859119,3.128631025093917,11.782784933377078,-3.799061292853644,-4.95117366859125,0
HK.00256,492,0.11100000143051147,0.10700000077486038,3.738318342695649,0.7830218561925879,3069400.0,340703.4043908119,7.20257055431994,0.08798000007867814,0.11962500009685754,26.13636594542788,38.75000488944362,7.766991555381757,-44.221105076099256,-62.37287919845287,1
HK.00257,492,5.039999961853027,4.985000133514404,1.1033064566810433,1.534803747640788,8092836.35,40787894.89528279,2.1940934037419,4.9895999717712405,5.012266035079956,2.024289544013372,3.490761402234183,0.5437535029779832,6.568069584323222,17.056850779522847,1
HK.00258,492,2.2149999141693115,2.180000066757202,1.6054975385469787,0.675531229108476,472843.8,1047348.9764154911,2.8323117202231916,2.164800000190735,2.287623782157898,6.490384394953229,1.6054975385469787,-8.414055112552415,-2.3336665836169117,-21.541375632921334,1
HK.00259,492,2.759999990463257,2.8399999141693115,-2.816898807176702,0.24145902902645774,350400.0,967103.9966583252,3.8719963077558166,3.131465964317322,3.605310012102127,-9.47391033097061,-43.42119616907779,-17.461510654666455,-27.858386734040426,-20.27531762385402,0
HK.00261,492,0.25999999046325684,0.24300000071525574,6.995880534141014,0.19585632742947828,1318947.7,342926.38942153455,3.4805061725492954,0.2286599975824356,0.24114999830722808,17.117111311941173,40.54053357432941,0.0,8.333331781129008,8.333331781129008,1
HK.00262,491,0.0820000022649765,0.0820000022649765,0.0,0.0,84500.0,6929.000191390514,2.0840567637029404,0.07988000005483627,0.08546500016003847,1.234570399524046,0.0,-2.3809483684514388,-17.99999895691873,20.588232071548358,0
HK.00264,492,1.7799999713897705,1.7649999856948853,0.8498575533404166,0.943500659939541,4640400.0,8259911.867237091,5.5405552480509765,1.9298000097274781,2.033900005221367,-8.717952417277008,-18.721464617268516,-23.93162236411185,-23.60514894101217,-33.82899875366469,1
HK.00265,491,1.2200000286102295,1.2200000286102295,0.0,0.0,735.0,896.7000210285187,0.0,1.391699993610382,1.6034249860048293,-12.857139329520963,-20.77921695905455,-23.74999934807421,-35.78947137267303,23.23232493513931,0
HK.00266,492,1.840000033378601,1.840000033378601,0.0,,3200.0,5888.000106811523,0.7744564169873495,1.8273499345779418,1.8794820886850356,6.478766038671236e-06,2.1276642201743807,-6.7961075351005205,-5.882347560886376,-0.749441102127892,0
HK.00267,492,12.930000305175781,12.979999542236328,-0.3852021481037163,0.5722667076069944,19715978.05,254927602.203339,2.9363913983037997,12.190173244476318,11.816134362220764,6.494027756602952,4.114692209387279,20.41409818081572,10.590320742475658,23.285034732455117,0
HK.00268,492,7.329999923706055,7.519999980926514,-2.526596511999588,0.5037569363576309,64526765.35,472981185.0924985,5.151049834938466,7.88669997215271,9.744124982357025,-5.051811879335736,6.07814885048429,-25.12768179501964,-48.19787900130414,-52.556634212316546,0
HK.00269,491,0.009999999776482582,0.009999999776482582,0.0,0.0,472250.0,4722.499894443899,0.0,0.009999999776482582,0.009999999776482582,0.0,0.0,0.0,0.0,-9.090910630285256,0
HK.00270,492,8.850000381469727,8.819999694824219,0.34014385128735225,0.723649122008096,10252527.8,90734874.94102898,2.1491901092903567,8.083886413574218,7.435059206485748,10.546015165459899,14.035132668985364,28.03672155611581,37.2089369835156,32.460776441363585,1
HK.00271,491,0.14399999380111694,0.14399999380111694,0.0,0.0,20840.0,3000.959870815277,1.7157043853575207,0.1545800021290779,0.17222500078380107,-8.860767611592008,-12.727279952077867,-17.24138049157048,-21.739133955850935,-14.285716819925407,0
HK.00272,492,0.4399999976158142,0.4399999976158142,0.0,0.04765538251826102,15974089.45,7028599.319914803,4.479390836054453,0.4404451012611389,0.5266833332180977,4.933363108619476,4.933363108619476,-26.546642691590076,-30.804813421699507,-35.48016484690166,0
HK.00274,491,0.49000000953674316,0.49000000953674316,0.0,,0.0,0.0,0.0,0.49000000953674316,0.49000000953674316,0.0,0.0,0.0,0.0,0.0,0
HK.00276,491,0.5699999928474426,0.5400000214576721,5.555550036607185,1.0553353810777695,43219.55,24635.14319086969,1.6521794486771342,0.5392000055313111,0.6081999990344048,9.615387260561256,1.785712575121809,-16.17647252177695,-16.17647252177695,-14.925376321032388,1
HK.00277,491,1.1360000371932983,1.1360000371932983,0.0,,0.0,0.0,0.0,1.1925036716461181,1.426840500831604,0.0,-25.806449101385674,-25.806449101385674,-21.768710387004166,-31.400619013185434,0
HK.00279,492,0.38499999046325684,0.38499999046325684,0.0,2.9725286051402566,2535377.15,976120.1785707592,5.94388151468306,0.37979999542236326,0.5134249994158745,1.31578823536055,-12.50000169331378,-31.250001995691225,-33.62068938939664,-58.1521757087883,0
HK.00280,492,0.6449999809265137,0.6449999809265137,0.0,0.3784860557768924,971500.0,626617.481470108,1.9401960411747083,0.6268999969959259,0.5427711479365825,-0.7692300638503318,30.303025194582073,26.470586860331117,28.999996185302734,34.29751966113944,0
HK.00285,492,23.360000610351562,22.65999984741211,3.089147253544209,0.43395842462197676,13253522.35,309602290.18530804,4.639633144974529,23.946799926757812,28.452563209533693,-0.9329911538011363,-7.959017404293819,-22.157596671010467,-33.32206733163661,-44.308775212743,1
HK.00286,491,1.309999942779541,1.309999942779541,0.0,,0.0,0.0,0.0,1.309999942779541,1.309999942779541,0.0,0.0,0.0,0.0,0.0,0
HK.00287,492,4.355000019073486,4.235000133514404,2.8335273146615094,,100.0,435.50000190734863,0.0,4.240609254837036,4.1113458919525145,2.715596994748773,2.715596994748773,9.229273253924388,9.764713248891638,7.401537190959269,1
HK.00288,492,6.534999847412109,6.385000228881836,2.3492500102312746,1.327794306389566,57380874.7,374984007.4088734,3.042380096682066,7.6619758129119875,8.45071275472641,-17.09377082691972,-23.932366357150368,-26.02631034356566,-19.224130380686436,-12.589347906103928,1
HK.00289,492,13.069999694824219,13.380000114440918,-2.3168939982453245,0.1372866520787746,21806.85,285015.5228450775,0.9191601908285938,13.291000061035156,13.446059818267821,-0.9848493660558263,-5.018060577002845,0.01728879193672346,-0.20014022340787155,11.577908517091018,0
HK.00290,492,1.6399999856948853,1.6349999904632568,0.3058101076937457,0.9985644662631372,25144470.0,41236930.44030547,4.653447266373919,1.7625999975204467,3.538300011754036,2.4999975785613424,-39.48339621366668,-57.06806245143859,-38.113210314149306,-23.720934281418632,2
HK.00291,492,18.170000076293945,18.229999542236328,-0.3291248900109544,0.5601697234641665,16508268.15,299955233.54498094,2.41849861493643,21.08717887878418,23.707482414245604,-11.355164345810325,-21.22953138981898,-27.020284645246047,-28.062855865157704,-29.856013691986128,0
HK.00293,492,13.949999809265137,13.930000305175781,0.14357145478255678,0.5339024479674168,32764189.9,457060442.8557267,2.1030680114064193,14.049382038116455,12.35583215713501,-1.7404360622135326,16.748831065860898,23.242374798614,18.85131417342975,43.23398846794658,1
HK.00294,491,1.0299999713897705,1.0199999809265137,0.9803912402207475,0.21428877555393647,18866.4,19432.39146022797,0.7310367170178305,0.9587999987602234,0.8555999958515167,2.999997138977051,27.16048992074422,30.379739672571326,24.09638459043242,9.45917304873811,1
HK.00295,492,0.014999999664723873,0.01600000075995922,-6.250006548361542,5.047891607616191,5744650.0,86169.748073956,7.531236017434141,0.016740000415593384,0.019260000297799708,0.0,-16.66666494199516,-44.444447127266606,0.0,-25.0,0
HK.00296,491,0.18199999630451202,0.18700000643730164,-2.6738021180047618,0.5416914481291747,92907.4,16909.14645666182,1.3881135804523728,0.19335999965667724,0.22295999944210051,-8.08080944914245,-8.08080944914245,-28.627451094972407,-19.111110610726424,-31.32075240409162,0
HK.00297,492,1.2649999856948853,1.25,1.1999988555908203,0.5223976359251443,23694939.05,29974097.55929118,3.4603006539841346,1.2966999888420105,1.451206597685814,-0.3937004178520325,-13.356167627199575,-21.59672691337957,-14.515137778788153,-6.027274930724311,1
HK.00298,491,0.09600000083446503,0.09399999678134918,2.1276639591467217,2.6080765174875875,64013.65,6145.3104534171525,1.1863348398033637,0.09693999990820884,0.1082200001552701,3.225804901023846,-15.789472996252945,-17.241376209627486,-9.433960407473664,-24.409450574257882,1
HK.00299,491,0.10599999874830246,0.10599999874830246,0.0,,0.0,0.0,0.0,0.10599999874830246,0.10599999874830246,0.0,0.0,0.0,0.0,0.0,0
HK.00300,482,98.6500015258789,99.69999694824219,-1.0531549192608012,1.2051080341480143,4561655.35,450007307.23803365,1.6593197708217644,96.7220002746582,86.70535984039307,1.8059855236768296,14.179067245033108,22.977689069028603,16.160899012067738,20.723777637314775,0
HK.00301,492,7.114999771118164,7.34499979019165,-3.1313822415709702,1.1687685966497237,1371851.2,9760720.974008178,5.121833978280127,6.647999982833863,3.008000000119209,0.3526039209061009,234.0375299926079,371.1920407983138,430.97011894684823,451.5503861641813,0
HK.00302,491,0.1889999955892563,0.19099999964237213,-1.0471225428589774,0.635576798863196,677700.0,128085.29701083899,6.080226505089657,0.1939400002360344,0.276170000359416,-1.0471225428589774,-11.682245691318826,-40.00000094610548,-53.90243969808939,-60.21052674507501,0
HK.00303,492,49.060001373291016,48.040000915527344,2.1232315535489312,1.1356698913901393,1113021.2,54604821.600502014,2.0002421569787265,50.9843099975586,55.26242975234985,-5.014520960449899,-5.746185573553319,-17.25523278845005,-15.77644661168239,-13.712761546419836,1
HK.00305,492,0.33000001311302185,0.3400000035762787,-2.9411736347271384,1.3943206937595647,1225700.0,404481.0160726309,4.120801617395924,0.38560000002384187,0.4396542516350746,-16.455695151977128,-17.277681813027066,-30.203040933755705,-27.951529494652434,-45.07780843404915,0
HK.00306,491,2.6700000762939453,2.7100000381469727,-1.4760133317333188,2.919254658385093,36400.0,97188.00277709961,0.6895583125017095,2.667195496559143,2.551351990699768,2.220943916910236,16.39443886372223,3.3652144810349602,-2.4581796593611576,21.69631668101824,0
HK.00308,492,1.1549999713897705,1.159999966621399,-0.4310340840949625,0.2620199507150502,6900789.35,7970411.501816832,2.2503619091520566,1.1576999878883363,1.2131191980838776,1.762112871767564,0.43478220306857157,-3.7500062088169175,-14.36581322162496,-13.690554613817948,0
HK.00309,491,0.8500000238418579,1.0,-14.999997615814209,0.24473147518694766,8381.25,7124.062699824572,1.5263438420166708,0.9851999974250794,1.2872000017762184,-16.256154106255057,-29.166667494508925,-39.285711548766265,-49.40475890594536,-56.63265268885063,0
HK.00311,491,0.3100000023841858,0.3100000023841858,0.0,0.0,65700.0,20367.000156641006,1.5851872193149679,0.28351999998092653,0.2511799994856119,-3.124997089616889,0.0,30.801686861721816,40.90909275634231,29.70711797941744,0
HK.00312,491,0.04600000008940697,0.04600000008940697,0.0,0.0,154900.0,7125.400013849139,4.648656643359263,0.05241999983787537,0.06336000008508563,-16.363635747885898,-29.230766497420035,-41.77215446542983,-43.20987659998919,-55.33980579012828,0
HK.00313,492,0.061000000685453415,0.061000000685453415,0.0,0.7593014426727411,34175.0,2084.6750234253705,0.8709024843994837,0.06158000029623509,0.07560499990358949,0.0,1.6666700815161835,-17.56756770362638,-27.380950585886172,-24.69135740011899,0
HK.00314,492,1.6549999713897705,1.5950000286102295,3.7617518309275977,0.9036554366116502,839630.0,1389587.625977993,4.09909287197571,1.467100007534027,1.8858250051736831,13.356159462179956,39.075621160509385,-32.17213391072319,-33.80000114440918,-69.57720672827742,1
HK.00315,492,4.864999771118164,4.809999942779541,1.1434475882101665,1.0950133434151061,404564.05,1968204.0106526373,1.0261840723899733,4.814900007247925,4.84178787946701,2.6371309290277147,0.5165210277298532,-2.7000045776367188,5.7870314447188775,11.319624928261092,1
HK.00316,492,146.1999969482422,145.3000030517578,0.6194039074891038,0.3395171965261699,1551303.15,226800515.79579848,3.822052556834931,147.30864532470704,133.3172187423706,-9.87391197401201,13.954869111479463,-0.5830524443180869,21.17909201711595,21.17909201711595,1
HK.00317,492,14.319999694824219,14.619999885559082,-2.0519849048096694,0.5456822820203031,4173464.2,59764006.070359804,4.231961568913638,12.40160005569458,14.00424153804779,19.83263534214922,2.6523289650035706,-11.74100929165256,9.904895675089929,1.8052185350540872,0
HK.00318,491,0.8899999856948853,0.8899999856948853,0.0,,0.0,0.0,0.0,0.8885999870300293,0.7304999940097332,0.0,12.658222977348501,39.062500873114935,39.062500873114935,122.49999310821305,0
HK.00320,492,0.44999998807907104,0.44999998807907104,0.0,1.992619926199262,162400.0,73079.99806404114,0.9377967117378624,0.4595999985933304,0.4769750013947487,-2.1739174096029172,-8.163269526359606,-9.090912374911527,-10.000002384185791,-25.936691898085474,0
HK.00321,492,0.8999999761581421,0.8999999761581421,0.0,0.1566896605782859,1931207.05,1738086.2989564359,3.4747620229406673,1.0120761060714722,1.0738299465179444,-11.691552937950886,-17.066842629994117,-15.599001105857827,-7.404724393804102,23.715144445548724,0
HK.00322,492,11.729999542236328,11.800000190734863,-0.5932258251444634,0.5900204869840867,16695488.65,195838074.22191182,3.011862240814443,12.17200002670288,11.50644639492035,-15.489917539465317,7.713491023245219,-0.71355045191421,8.697883802686208,12.641786766476882,0
HK.00323,492,1.7549999952316284,1.7350000143051147,1.1527366433206554,1.4234296186621644,3798160.8,6665772.185888957,2.4969861207056745,1.709200005531311,2.2489999961853027,6.0422976175572884,-5.135136615455001,-37.98586422103678,-32.758618169707084,-25.635590116822076,1
HK.00325,414,67.4000015258789,67.1500015258789,0.3723008106018473,0.41773767066734896,944806.85,63679983.13166084,5.5132489048653515,62.20911109924317,62.45904026031494,-12.079129701862836,29.443739008806435,22.977424530579075,0.1465653001748944,-30.0267995860658,1
HK.00326,492,6.300000190734863,6.059999942779541,3.96040016867131,0.624064392443557,1994556.75,12565707.905431509,7.072120490824049,6.918800029754639,5.5650500005483625,-17.21419079889772,13.309357114586287,36.65943618817421,113.55932504752006,195.77464095059383,1
HK.00327,492,3.815000057220459,3.875,-1.5483856201171875,0.4958189497028617,1484622.5,5663834.922450781,2.9353189093272274,3.826953616142273,4.190722762346268,5.478813723840282,12.166231180788852,-19.74910948642704,-24.129272320913774,-36.917857168763824,0
HK.00328,492,0.5600000023841858,0.5199999809265137,7.6923121009354265,0.4671235739496767,5377550.7,3011428.40482108,8.90103393364385,0.463500000834465,1.1689902451634406,33.33333806386084,-6.666669978035689,-22.22222498169641,-79.78339327652716,-92.2083694445482,1
HK.00329,492,0.12300000339746475,0.125,-1.5999972820281982,0.10557949947775855,261203.0,32127.969887427986,8.133748883403193,0.16307999923825264,0.26414999935775996,-25.454546357646095,-58.3050817407022,-60.32257985436086,-59.67213097934728,-69.24999960884452,0
HK.00330,492,0.49000000953674316,0.48500001430511475,1.0309268214748768,1.753985476708609,52991.75,25965.95800536871,2.355912495463071,0.5024999964237213,0.7671249973773956,-1.9999980926513672,-5.769225478877488,-46.739130364361245,-58.4745736171444,-66.66666666666666,1
HK.00331,492,5.09499979019165,5.114999771118164,-0.3910064872230009,0.15382189731619245,62410.25,317980.21065580845,0.8400034395766554,5.16709997177124,5.415995006561279,-0.8754878883822519,-3.503795686845517,-9.357766240521896,-7.1196895073652815,-9.54751701964476,0
HK.00332,491,0.16300000250339508,0.16300000250339508,0.0,0.0,48008.05,7825.312270183117,0.9797981774942769,0.1763800013065338,0.3086700024455786,-6.857139840417928,-41.78571363949046,-66.0416653860981,-52.058823297386766,-59.24999998137355,0
HK.00333,491,0.18199999630451202,0.1809999942779541,0.5524873249566302,2.1350931677018634,22808.0,4151.05591571331,1.1557613000930742,0.1947999969124794,0.2230849991738796,-10.78431386871551,-9.000003203749609,-32.592596639821394,-29.999998853756786,-39.33333697583926,1
HK.00334,492,0.30000001192092896,0.30000001192092896,0.0,0.27026324679712066,385610.0,115683.00459682941,2.8278621441987744,0.3307000011205673,0.37170000076293946,-7.692300638503319,-27.710839047420095,-24.050631956342844,-6.249994179233778,-14.285709420028917,0
HK.00335,491,0.6650000214576721,0.6650000214576721,0.0,1.6,12000.0,7980.000257492065,1.053358507346978,0.6354074621200562,0.6414041128754616,7.103371848317992,5.455627977528961,5.455627977528961,-3.4561136895147433,-0.6577495171947584,0
HK.00336,492,3.3949999809265137,3.259999990463257,4.141104014054702,1.8088906055821963,4200402.05,14260364.879633687,5.187481811499467,3.049679789543152,3.7207380986213683,13.750292370752955,-3.296315678742192,-14.902055558563537,-12.567707909285861,-20.059402214272385,1
HK.00337,492,0.0989999994635582,0.10199999809265137,-2.941175181560426,1.7790961693400718,1484500.0,146965.49920365214,8.009680421251192,0.1306599995493889,0.18108999907970427,-23.84615146549487,-43.4285707717039,-50.500001005828366,-56.38766506810684,-56.768559591304744,0
HK.00338,492,1.1299999952316284,1.1200000047683716,0.8928562875609045,0.6938558179474446,12814383.05,14480252.785396261,2.4828682595249467,1.137599995136261,1.292900000810623,0.4444440205891927,-6.611573586217279,-25.165562757059835,-18.115942091582276,-13.740454611470518,1
HK.00340,492,2.825000047683716,2.6449999809265137,6.805295578646852,0.9255596719275249,30500240.35,86163180.4431148,7.104163091311457,2.6330999898910523,2.76964007794857,0.17730902692498277,38.480397083813486,-17.58935787991657,1.9904779464232993,33.154215994451285,1
HK.00341,492,5.53000020980835,5.550000190734863,-0.36036000430957676,0.5474932910659318,868516.45,4802896.150722003,2.334338584755252,5.279013757705688,4.60439857840538,3.247585770783925,27.203720844933827,26.927203455952554,16.77302411219634,-12.832719710608187,0
HK.00343,492,0.1080000028014183,0.11500000208616257,-6.08695578935693,1.602768780771675,697695.0,75351.06195453554,3.362367852444528,0.10776000007987023,0.13758499994874002,-5.263155486885312,-6.896546630102299,-32.07546754269253,-31.21019159665652,-32.49999674037092,0
HK.00345,492,6.519999980926514,6.590000152587891,-1.0622180582786165,2.2379107772045574,624787.9,4073617.0960831167,1.717620691976035,6.36571925163269,6.372230398654938,4.012237046099938,14.181528461101466,-1.0879190221113217,3.2059405740312665,-25.670746954733048,0
HK.00346,492,0.24400000274181366,0.2460000067949295,-0.813009755232685,0.10540184453227931,95375.0,23271.500261500478,2.912874449514898,0.2538600015640259,0.3530650009214878,1.6666700815161835,-18.66666898462498,-55.63636409940798,-33.150685926968144,-44.54545362182885,0
HK.00347,492,1.149999976158142,1.1399999856948853,0.8771921569070334,0.5839383406326628,4130887.5,4750520.526511967,2.511236635337403,1.1628999876976014,1.534675000309944,1.7699098239742965,-8.000001907348633,-38.829788347076324,-41.326532970612725,-45.497628751971334,1
HK.00348,492,0.07400000095367432,0.07000000029802322,5.7142866266017025,1.0453658536585366,429430.0,31777.82040953636,4.229930515580653,0.07202000007033348,0.1006849998049438,-8.641974400173074,-6.329117027961651,-42.6356551538441,-46.37680955980781,-48.96551511517313,1
HK.00351,492,0.3199999928474426,0.3199999928474426,0.0,0.745589836119354,198683.0,63578.55857890844,1.9956878042783222,0.33280000209808347,0.3141749996691942,14.285711244660995,-15.789474509759632,20.75472080058264,8.474578668385705,-5.882356034843122,0
HK.00352,491,0.36000001430511475,0.36000001430511475,0.0,,0.0,0.0,0.0,0.36000001430511475,0.36000001430511475,0.0,0.0,0.0,0.0,-23.404252081232507,0
HK.00353,492,0.4050000011920929,0.375,8.000000317891438,3.2836055079981037,509160.5,206210.00310696661,4.684708642128567,0.37099999845027926,0.3533499974012375,5.194808110195212,9.459458370988969,20.895519732473012,26.56250320142142,28.57142992300783,1
HK.00354,492,3.7049999237060547,3.630000114440918,2.0661103829383203,0.3102143594254768,34129483.35,126449733.20787707,4.44618013270662,3.5913000106811523,4.003806176185608,11.094449215198967,5.255680221079047,-5.437898784406398,-27.56945129343928,-36.315320775810804,1
HK.00355,492,0.07400000095367432,0.07400000095367432,0.0,0.03185645969361437,766361.0,56710.7147308588,4.272181601308375,0.07342000052332878,0.07680500026792288,-1.3333359824285513,1.3698658099383398,-3.8961021368168507,-29.523806415177162,-13.953490185376506,0
HK.00357,492,5.199999809265137,5.059999942779541,2.7667958116357503,0.2510460251046025,141100.0,733719.9730873108,3.6699454508265617,5.104699983596801,7.109874985218048,-6.2218261908373655,7.438009200986462,-32.729627471742155,-51.17370896222858,-49.26829454375476,1
HK.00358,492,33.619998931884766,32.63999938964844,3.0024496340742233,0.7254621123943946,14543911.75,488966297.5004263,4.23039715446756,35.66039981842041,37.31925625801087,-5.931736561331289,-9.623660638795654,-13.479023872666545,-21.36257282964989,41.819870851965405,1
HK.00360,492,0.04699999839067459,0.04800000041723251,-2.083337537219918,0.1694579328114161,15988800.0,751473.5742688179,10.42987034317629,0.0330400001630187,0.04181500011123717,74.0740635982923,6.818178739429488,9.302318126785487,6.818178739429488,-7.843138687155083,0
HK.00361,492,0.03799999877810478,0.039000000804662704,-2.564107707501292,0.6129328838492185,1642500.0,62414.997993037105,3.489320661534577,0.041879999861121175,0.06199500020593405,-7.317078711020517,-11.627912819546511,-44.117651892677465,-54.216867199499895,22.580643223053922,0
HK.00362,491,0.014999999664723873,0.014999999664723873,0.0,,0.0,0.0,0.0,0.014999999664723873,0.014999999664723873,0.0,0.0,0.0,0.0,0.0,0
HK.00363,492,13.529999732971191,13.5600004196167,-0.22124399496409342,0.44755931616262945,659904.65,8928509.738286449,1.6622422847133493,13.541200046539307,13.90984377861023,0.07395913364616483,-0.5878025402212679,-3.1173281991209065,-1.6392291282315805,2.5438657484538445,0
HK.00365,492,0.3199999928474426,0.33000001311302185,-3.0303090509739805,0.43643921025285765,288000.0,92159.99794006348,5.104492738519801,0.3998999971151352,0.4232649969309568,-17.948716773083888,-49.20634995722657,32.78008185869544,10.344828294942289,10.344828294942289,0
HK.00366,492,0.8050000071525574,0.7950000166893005,1.2578604092237398,0.2221188878235858,98458.35,79258.972454229,3.271822625771291,0.8228000020980835,0.8668264085054398,-7.999999182564872,-4.166662823113064,-10.488505442404467,-9.504862645068252,-19.217091812458094,1
HK.00367,492,0.23999999463558197,0.24300000071525574,-1.234570399524046,9.206585196681896,21275.45,5106.107885869593,0.7392775358992884,0.24486000031232835,0.2870000010728836,-4.000002145767212,-9.433959399563019,-23.809524935839857,-27.272731788230487,-32.394365665104324,0
HK.00368,492,3.119999885559082,4.599999904632568,-32.173914125150475,5.62798833819242,1558080.0,4861209.4216918945,11.572466329528929,3.4718999814987184,1.5199249918758868,-25.890739731861217,69.56520809568411,488.6792554682204,625.5813566654556,890.4761616424997,0
HK.00369,491,1.850000023841858,1.8600000143051147,-0.5376338917391232,1.3114754098360655,23500.0,43475.00056028366,0.486619581877608,1.9255969667434691,1.9662408846616746,-1.6357859601091536,-10.107339966079389,-22.445555957458442,7.016478024416204,16.10929844027177,0
HK.00370,492,0.2800000011920929,0.2800000011920929,0.0,0.8280216714815224,11384196.85,3187575.13157102,9.013908331905256,0.2822547209262848,0.5841136790812016,3.70370002440479,-8.196723073504641,-59.42028954208861,-69.56521781383253,-80.41957961801174,0
HK.00371,492,1.5950000286102295,1.5700000524520874,1.5923551161094647,0.49891472067467635,58614046.65,93489406.08371133,4.141698390866672,2.0394133496284486,2.379622420668602,-26.28144910253411,-31.916960840356882,-37.73511343056707,-30.364987862119676,-34.79618822834996,1
HK.00372,492,0.15299999713897705,0.1550000011920929,-1.2903251856348192,1.6082981034144614,218349.5,33407.47287529707,2.0361986955978018,0.17639999628067016,0.2368499991297722,-13.559324174254684,-26.086958712626068,-44.363638609894004,-44.363638609894004,-1.923080780625969,0
HK.00373,492,1.9700000286102295,2.009999990463257,-1.9900478628265224,6.444572085008616,215200.0,423944.0061569214,3.5637684669179754,2.1732000064849855,2.478997030854225,-6.4133011515447365,-20.88353329055842,-37.97111552207189,-21.8720147489309,-11.769257891592986,0
HK.00374,491,2.5,2.5,0.0,,0.0,0.0,0.0,2.474492726325989,2.5379709720611574,2.669406930098804,2.669406930098804,-5.634741033160347,-5.2865256566392675,1.7746919197139839,0
HK.00375,492,1.0199999809265137,1.100000023841858,-7.272731016490004,1.619738707562846,56727.6,57862.1509180069,1.9578579281559947,1.0356000089645385,1.0390999960899352,4.081628681073312,-13.559319807927558,-9.734514581353325,15.909089369714744,4.67331656057485,0
HK.00376,492,2.009999990463257,2.0799999237060547,-3.3653815293452016,0.636971403339522,15845999.7,31850459.245880768,8.899080483294012,1.7850999927520752,2.5631749963760377,25.624997531995213,0.4999995231628418,-24.15094648573726,-39.27492370965486,-48.72449103716459,0
HK.00377,492,4.730000019073486,4.659999847412109,1.502149655653979,0.2658288043691221,484783.45,2293025.7277465104,8.797239977478387,3.328999981880188,1.6635499957203865,31.388892899324972,242.75362575487338,397.89474509759634,414.1304275292081,307.7586340670357,1
HK.00379,492,0.07599999755620956,0.06400000303983688,18.749990541255553,8.354473194655844,838300.0,63710.79795137048,7.035316256534512,0.07064000055193902,0.08110500015318393,7.0422465745432135,-39.6825425921894,2.7026980767031223,10.144926753772236,-8.43373439899979,2
HK.00380,492,0.13300000131130219,0.13500000536441803,-1.4814844249206127,0.9404388714733543,66800.0,8884.400087594986,3.758445505046041,0.1262599989771843,0.1367450000718236,1.5267206831875426,-8.904107352049328,-4.316544834485618,-13.636362316898351,-17.901234000108172,0
HK.00381,492,0.07500000298023224,0.07800000160932541,-3.846152009225729,2.220201171040482,3765145.0,282385.8862210065,7.759103693539428,0.08447999998927117,0.163230000436306,-5.063291736146471,-29.90653977840581,-41.40625045474733,-64.9532698892029,-77.94117582607434,0
HK.00382,492,0.4749999940395355,0.4749999940395355,0.0,0.17684461484137692,194451.45,92364.43759097904,1.593160652147633,0.4762999993562698,0.9491434068977833,-1.041665696538963,-16.666666666666664,-65.50489339998516,-65.02244281083905,-68.01090848280913,0
HK.00383,491,0.7799999713897705,0.7850000262260437,-0.6369496393919112,1.4112903225806452,5060.0,3946.7998552322388,0.031847481969595554,0.8183000111579894,0.9496749913692475,-3.703707519273088,-10.34483136612886,-17.894738823423122,-24.271845334391326,-17.894738823423122,0
HK.00384,492,5.53000020980835,5.460000038146973,1.2820544170753114,0.6527859947015402,14297798.85,79066830.64029758,2.876471039737959,5.592682104110718,6.791019780635834,-0.594576765948795,-17.01808060828144,-27.430260844927012,-24.858895614891935,-25.243740612159097,3
HK.00385,491,0.23899999260902405,0.25,-4.400002956390381,0.0,16000.0,3823.9998817443848,0.5245750008746903,0.25387999922037124,0.34186584301292894,-4.400002956390381,-13.090913662240425,-41.13300505266827,-47.395453048977636,-38.189660069332014,0
HK.00386,492,4.605000019073486,4.630000114440918,-0.5399588498811615,1.3522171580848146,136289241.2,627611958.325511,2.3937349586716525,4.452799987792969,4.527519657611847,5.619263258177893,5.37757756678612,-4.856686799950662,1.0138533141097035,14.95522495722829,0
HK.00387,492,0.6800000071525574,0.675000011920929,0.7407400212333817,0.14388489208633093,168000.0,114240.00120162964,2.7108306170780785,0.7413347828388214,0.6929973405599594,-10.011508360322896,-2.7669367048388347,4.0804606195030155,5.567327919855307,-7.151627561752044,2
HK.00388,492,395.6000061035156,393.79998779296875,0.4570894785027756,0.6294125278657012,3216518.65,1272454797.5720718,1.338200781325679,399.55115295410155,397.54543197631835,-2.8857414354097957,4.0940376448334534,0.5005793717603676,-1.6264133449097729,-6.097951347908373,1
HK.00389,492,0.32499998807907104,0.3499999940395355,-7.142858967489158,0.8967598299014218,802412.8,260784.15043449405,12.15790618318007,0.30878000348806384,0.3257200029492378,-9.722229120907686,63.316576141488845,-2.985080601935728,-24.418608680681704,-24.418608680681704,0
HK.00390,492,3.3450000286102295,3.3399999141693115,0.1497040290242505,0.7559213106595422,21382603.5,71524809.3192612,1.9713406439493857,3.427685008049011,3.781450242996216,0.1497040290242505,-6.7667462641101395,-26.33175158657748,-11.10316760316,-7.578231567666857,1
HK.00391,492,0.30000001192092896,0.30000001192092896,0.0,0.08846778224540078,6174130.0,1852239.073601365,8.203869669077205,0.19589999869465827,0.12356000009924173,34.52915037924122,188.46154397232283,200.0000074505805,197.02970443105193,226.0869688454783,0
HK.00392,492,30.15999984741211,30.040000915527344,0.39946380901319983,0.7739986557060075,2197065.95,66263508.71675435,2.386964401259095,29.99871482849121,30.699530181884764,2.02900761378724,5.21524758562594,-9.03898733594687,-0.5576372646663015,-3.8560983072134474,3
HK.00393,492,1.2949999570846558,1.3049999475479126,-0.7662828249186339,1.068504954760879,237900.0,308080.4897904396,0.7090895160382448,1.2953582334518432,1.2929096293449402,-0.011532974366054582,-1.849555767077116,2.424259109852258,-1.2078055608655391,8.825777228090256,0
HK.00396,492,0.25999999046325684,0.27000001072883606,-3.7037110623015317,1.915222241290544,1221900.0,317693.9883470535,8.924911361801176,0.3268999993801117,0.25161981165409086,-26.760563853240598,-3.7037110623015317,14.839751711410257,157.02231111590345,126.78438331819883,0
HK.00397,492,0.0430000014603138,0.04100000113248825,4.878049445322461,0.23389354433140347,6425861.05,276312.03453377355,8.425482217768083,0.03881999991834164,0.043274380024522545,19.44445364269249,4.878049445322461,-12.244892683886986,-4.444444996339281,-21.818178739429488,1
HK.00398,492,3.3949999809265137,3.365000009536743,0.8915296078676856,0.2917561793609081,500821.95,1700290.5106975795,1.2677027000534227,3.315799956321716,3.3314699745178222,2.567977027685224,5.4347810795459885,1.0416692536738992,-1.9353017947298754,7.888920567700124,2
HK.00399,491,0.0729999989271164,0.0729999989271164,0.0,,0.0,0.0,0.0,0.0729999989271164,0.09864499947056174,0.0,0.0,-64.21568613128449,-16.09195284176285,-85.1020413252375,0
HK.00400,492,4.360000133514404,4.480000019073486,-2.6785688626827135,1.9498034898626366,5678600.1,24758697.194174908,5.830910717805897,4.161199970245361,3.5437999951839445,21.787715822096583,-12.096772177782581,56.27240835582785,44.85050323350248,82.42677582180336,0
HK.00401,492,0.10199999809265137,0.10400000214576721,-1.923080780625969,1.5612301638222337,1008160.0,102832.3180770874,1.5446100842810828,0.11800000011920929,0.1290659398958087,-21.538460127700667,-7.272728504228204,-6.422017846943471,8.5106399842872,9.677414703071538,0
HK.00403,492,0.1940000057220459,0.18799999356269836,3.191495938720082,0.48799685163321527,255000.0,49470.001459121704,11.682858582302844,0.1770999997854233,0.162574999704957,6.593411901754186,16.16767108228832,27.6315868158835,25.161293051617427,-1.5228381856406357,1
HK.00406,491,0.5,0.5,0.0,2.6865671641791047,7600.0,3800.0,0.3480194719524159,0.5252999913692474,0.6629750010371208,-7.407411086706321,-21.874998253770134,-31.50685110466183,-33.33333333333333,-30.555558315029742,0
HK.00408,492,2.6649999618530273,2.6649999618530273,0.0,0.4096371529193779,135606.35,361390.9175770283,2.263413413340597,2.525499997138977,2.141048814058304,2.5000022924864216,26.904765851373487,42.55877870383951,49.383402659369416,62.173584677904046,0
HK.00410,492,0.3100000023841858,0.3100000023841858,0.0,0.6507308994803193,631275.05,195695.267005077,2.4178232502326518,0.33550000190734863,0.4396749958395958,-6.060609070941536,-19.480516866721533,-37.99999952316284,-41.509430355005286,-47.45762437898777,0
HK.00411,492,12.0,11.100000381469727,8.108104392795584,11.25,1250.0,15000.0,0.4166666666666667,11.140000209808349,11.792089715003968,6.194688473006249,9.589043004790058,-5.138344211879434,7.931488801054018,8.82446956456762,1
HK.00412,492,0.5550000071525574,0.5600000023841858,-0.8928562875609045,0.1514941417761426,10471464.15,5811662.678147748,9.8802415946292,0.528400001525879,1.133699996471405,18.085108204306717,-27.922075207749288,-64.42307515962582,-60.915491272830366,-96.68260596330913,0
HK.00413,491,0.02199999988079071,0.02199999988079071,0.0,0.0,565600.0,12443.199932575226,1.4863309336702533,0.022780000008642675,0.027855000235140325,0.0,4.761905606641802,-35.29412151414197,-33.33333333333333,-37.1428577510678,0
HK.00417,491,0.7300000190734863,0.7200000286102295,1.3888875091517963,4.439702129564686,57007.2,41615.25708732605,1.5525073163684677,0.7209000062942504,0.8247250029444695,-1.3513500451867637,5.797104579113893,-22.34042330584735,-20.65217327925119,-50.340135723422776,1
HK.00418,492,0.6499999761581421,0.6449999809265137,0.7751930820906612,0.03521514251127985,113787.5,73961.8722870946,4.376137266985458,0.6475999903678894,0.7277499985694885,0.7751930820906612,-9.722229120907686,0.0,-19.75308959939424,-18.750004190951525,4
HK.00419,492,0.4699999988079071,0.49000000953674316,-4.081634763179803,0.3402673709578422,2102461.4,988156.8554936707,7.888660167206477,0.528400001525879,0.4042849995195866,-31.884057908417724,4.444446946367871,77.35849969028075,28.767119596634966,-25.396825021386714,0
HK.00420,492,0.6449999809265137,0.6449999809265137,0.0,0.7142857142857143,1491800.0,962210.9715461731,2.8550986070229443,0.6668000042438507,0.6298764184117317,-12.244902262170578,-2.2727340459820917,7.892566709103948,11.317724738267708,4.671885443558957,0
HK.00422,491,0.2549999952316284,0.2549999952316284,0.0,4.104046242774566,20850.0,5316.7499005794525,2.0345115203903577,0.2639999955892563,0.27569999858736993,1.9999980926513672,-3.7735815105932082,-10.526316339839756,-7.272731016490004,-37.804878669292854,0
HK.00423,491,0.6349999904632568,0.6349999904632568,0.0,0.0,56200.0,35686.999464035034,1.3440293920123594,0.6552099239826202,0.7026428413391114,-3.0534323358943007,-5.18373349887304,-13.692884340549105,-10.24060349542859,-17.830557376867105,0
HK.00425,492,23.84000015258789,23.780000686645508,0.25231061484400047,0.7383279252476003,4562325.95,108765851.3441557,4.782343594027264,26.949600105285644,32.390647115707395,-13.560550331631774,-23.121266400895653,-35.22368124831309,-27.09775354927456,-18.306741957554365,1
HK.00426,492,0.15000000596046448,0.14399999380111694,4.1666752900242106,1.7893217893217894,151000.0,22650.000900030136,4.323431072584862,0.1288000001013279,0.11465000037103891,25.00000776102163,-35.622313753867985,56.25000485063837,68.53932960514099,141.93549743862252,2
HK.00430,491,0.3449999988079071,0.3449999988079071,0.0,0.0,4000.0,1379.9999952316284,0.6521737252531664,0.3468999969959259,0.3807654999196529,0.0,-12.658230522240038,-11.989800611829484,-15.170884852014646,-15.577753378048238,0
HK.00432,492,0.2070000022649765,0.21299999952316284,-2.81690012752036,0.5566174576196008,268750.05,55631.26095871255,4.433875853644799,0.22356000065803527,0.23793499812483787,-9.606986757487833,-15.510204801555464,-29.830504587688893,8.947370980254863,2.4752450779880277,0
HK.00433,492,0.04500000178813934,0.04500000178813934,0.0,0.22688788086008463,25286959.4,1137913.2182166069,6.879357715233753,0.05422000013291836,0.06833500035107136,-16.66666551688574,-36.619717866460206,-47.674418302437246,-43.03797504168788,-22.413787787932833,0
HK.00434,492,2.7799999713897705,2.8550000190734863,-2.6269718803033517,0.4047073602020205,3903882.0,10852791.84830904,5.933830250237719,2.488300013542175,2.8223092502355573,25.50790424894216,18.801267345019777,3.192350917704203,-21.020379230929553,-62.30039538113308,0
HK.00436,492,0.06199999898672104,0.05999999865889549,3.3333339542150635,100.0,12000.0,743.9999878406525,0.0,0.05367999978363514,0.06010711880400777,16.981131544992476,1.6393414590667243,-2.3169600503728307,-6.6265165689002465,11.392935934764411,1
HK.00438,492,1.1100000143051147,1.149999976158142,-3.4782576245485726,2.5916870415647923,6810.0,7559.100097417831,3.695728909467532,1.2186999988555909,1.6729249972105027,-5.932197996132164,-15.909093166842517,-39.01098998268649,-43.93939375694936,-55.95238005132811,0
HK.00439,492,0.550000011920929,0.5299999713897705,3.7735927567532066,0.2790460809721966,156110.05,85860.52936097681,5.743474652881502,0.6155999982357026,0.8448499989509582,-19.11764615650409,-15.384610446952324,-42.708330811001304,-52.58620450456978,-67.64705902977384,1
HK.00440,492,45.119998931884766,44.70000076293945,0.9395932030800564,0.9995554848453111,251931.0,11367126.45090866,2.824863378534371,44.88261764526367,39.0826347732544,0.26549984626948553,11.890490146905769,20.132558879791436,34.84542741827546,43.98611016006488,1
HK.00442,491,0.6000000238418579,0.6000000238418579,0.0,0.0,26200.0,15720.000624656677,0.0,0.6103999984264373,0.7318096306920051,-3.9999961853027344,-18.918916741977938,-26.82926474689796,-23.076917198752763,-43.92523416546984,0
HK.00444,491,0.009999999776482582,0.009999999776482582,0.0,,0.0,0.0,0.0,0.009999999776482582,0.009999999776482582,0.0,0.0,0.0,0.0,0.0,0
HK.00450,492,0.6800000071525574,0.675000011920929,0.7407400212333817,0.9543568464730291,198400.0,134912.00141906738,2.871955635886196,0.7274000060558319,0.7899749901890755,-13.375798161215751,-10.526313725600916,-16.783214589833445,-20.401337209269872,-19.58185692804503,1
HK.00451,492,0.5350000262260437,0.5199999809265137,2.884624201870852,0.7926374948128168,2923761.5,1564212.4791786969,5.619683516271388,0.6341000008583069,0.939075001180172,-9.3220254224934,-32.2784795323314,-56.50406358293885,-45.40816165168604,-53.07017254917462,1
HK.00455,492,0.11500000208616257,0.1080000028014183,6.481480651084145,0.19193857965451055,52600.0,6049.000109732151,2.930479857951444,0.10466000065207481,0.10347000073641538,-10.15625263753451,15.000000372529025,13.861384239632498,-17.266184698072454,-29.012344600205527,1
HK.00456,492,0.4749999940395355,0.48500001430511475,-2.0618597877583125,1.0427834497231736,80717.75,38340.93076888472,5.674254952501532,0.5260999983549118,0.494624999165535,-13.636366591965793,-26.92307515962583,20.253159781714217,9.195400330141219,-5.0000011920928955,0
HK.00458,491,1.6449999809265137,1.6449999809265137,0.0,0.0,450.0,740.2499914169312,0.0,1.7471000027656556,1.7013774567842483,1.5432084002812456,-7.297832097294127,6.334845115763245,0.4273558701008745,-13.91941014915884,0
HK.00460,492,0.7099999785423279,0.7099999785423279,0.0,0.32259622631461765,38582580.8,27393631.54010763,4.412197552414984,0.8476999962329864,1.1566857147216796,-16.470593102662896,-22.70932121787834,-51.10181818390801,-43.843492051369445,-56.13353735911575,0
HK.00464,492,0.7300000190734863,0.7300000190734863,0.0,1.0510510510510511,132800.0,96944.00253295898,6.753139839865788,0.781599999666214,0.9527499993145466,-5.194800369332063,-12.048188704574885,-18.888884620901866,-52.59740018466603,-15.11627826386366,0
HK.00465,492,3.759999990463257,3.740000009536743,0.5347588469389063,0.014738393515106854,125300.0,471127.9988050461,3.6124210008856137,3.4137999868392943,2.1383249935507775,0.2666664123535156,-11.737094167946067,444.92753673265827,422.22220014642875,959.1549589009172,1
HK.00467,492,0.41499999165534973,0.4099999964237213,1.219511042741837,0.3394333010783004,43276436.0,17959720.578873277,4.351715572642659,0.3789000004529953,0.48162500068545344,15.277770879092314,0.0,-49.39024447862908,-11.70212921107609,-21.698110555150944,1
HK.00468,491,2.2739999294281006,2.2739999294281006,0.0,,0.0,0.0,0.0,2.2739999294281006,2.2739999294281006,0.0,0.0,0.0,0.0,0.0,0
HK.00470,146,27.399999618530273,28.059999465942383,-2.3521021381813614,1.2318244309513078,1272152.0,34856964.314712524,4.578327996049307,29.512400093078615,,-9.868421176463945,-29.923271898168068,-31.54776063758616,-39.797896313267884,,0
HK.00471,492,0.11400000005960464,0.12200000137090683,-6.557378050333313,0.12167993805746175,1617183.2,184358.88489639162,9.52081810843233,0.13152000054717064,0.39899969536811114,-14.285715085991463,-27.388537419756776,-83.94366147818012,-83.94366147818012,-84.59459478507692,0
HK.00472,491,0.20100000500679016,0.20100000500679016,0.0,0.0,101000.0,20301.000505685806,3.482645279319372,0.217119999229908,0.28263499923050406,-7.3732664781612485,-26.909090672642737,-28.214284231772236,-42.571426162914314,25.625005937181545,0
HK.00474,492,0.1459999978542328,0.14800000190734863,-1.3513540725275752,0.49455669608861486,1508538.65,220246.63966302722,5.87876491726939,0.1306799991428852,0.12065499942749738,-1.3513540725275752,26.9565175701856,21.66666759798926,21.66666759798926,630.0000055879356,0
HK.00475,492,0.3199999928474426,0.3199999928474426,0.0,3.289473684210526,70800.0,22655.999493598938,3.211233241677616,0.36149999797344207,0.4096249997615814,-13.513516561230885,-34.6938802817621,-20.000002980232196,-36.000001430511475,-38.46153757981291,0
HK.00476,492,0.699999988079071,0.6650000214576721,5.263152705571259,1.6401721045205981,343039.9,240127.92591064575,3.9921642219187468,0.5473999953269959,0.6421249976754189,20.689656589884578,53.846146792349934,1.449273985189887,-14.634147050620408,-25.531915972922498,3
HK.00480,492,1.0,1.0,0.0,0.7677178210497742,346184.05,346184.05,2.6255343518053897,1.045600004196167,1.1067500019073486,-4.7619004368509765,-6.542060656134582,-15.254233521108176,-9.090911061310528,3.092780464424631,0
HK.00482,491,0.4950000047683716,0.4950000047683716,0.0,1.669449081803005,32450.0,16062.750154733658,3.079101262978056,0.5645000052452087,0.701414295732975,-11.60714238197828,-33.108108325802206,-54.77407355087306,-16.50600362539951,-39.02123343651487,0
HK.00483,491,0.17599999904632568,0.17599999904632568,0.0,0.0,25158.5,4427.895976006985,0.795133460507926,0.1881399992108345,0.24188499815762043,-12.000001788139317,-12.000001788139317,-40.3389807221396,-42.29508363313166,-38.24561359479486,0
HK.00484,492,0.625,0.6399999856948853,-2.343747817212667,2.777106978990582,23430.0,14643.75,2.010725038166512,0.7171000003814697,0.7851249969005585,-15.54054162901103,-11.971828325521628,-25.595235772211193,-25.595235772211193,-28.160919933971755,0
HK.00485,492,0.3400000035762787,0.3700000047683716,-8.108108325802206,6.280667320902846,41843.75,14226.875149644911,8.479399413079177,0.3852000027894974,0.4069750013947487,-24.444441648177083,-13.924052065485734,-29.89690854681422,-19.047615668670826,-2.8571401810159034,0
HK.00486,492,2.9100000858306885,2.940000057220459,-1.020407170268328,2.597878024970457,340658.0,991314.8092389107,3.000958930435537,3.031299967765808,4.171674990653992,-6.430862251169765,-20.923912145605854,-46.8978088375502,-39.751550066322814,-30.71428052422117,0
HK.00487,492,0.05000000074505806,0.03799999877810478,31.578953560039473,4.672027084214981,291500.0,14575.000217184424,3.3043236665024622,0.04202000044286251,0.04805500017479062,19.04762242656721,31.578953560039473,-9.090907243657693,4.166667313418449,-60.31746036439015,1
HK.00488,491,0.6800000071525574,0.6800000071525574,0.0,0.03713330857779428,25551.0,17374.680182754993,4.216272207132011,0.707900003194809,0.7062250053882599,4.615389553047677,-13.924052065485734,9.677419664956526,11.475408394405292,3.030300019967555,0
HK.00491,492,0.03200000151991844,0.03200000151991844,0.0,0.5503029029634353,3510300.35,112329.61653537024,4.214702765972812,0.02512000035494566,0.029190000155940653,33.33333850734759,33.33333850734759,14.285716186372543,-8.571424618059293,-11.111103062644071,0
HK.00493,492,0.009999999776482582,0.009999999776482582,0.0,0.6246105608396735,2659920.05,26599.199905461537,0.0,0.010019999779760837,0.012905000098980964,0.0,-16.666669253673795,-28.571432372745086,-33.33333333333333,-50.0,0
HK.00496,491,0.1809999942779541,0.18000000715255737,0.5555483809226732,0.0,200.0,36.19999885559082,0.0,0.17937999993562698,0.30493500016629693,5.232551238983863,-29.019608759779253,-45.970152307656036,-56.38554267049927,-59.325843328719884,2
HK.00497,492,0.15700000524520874,0.16099999845027924,-2.4844678531508135,0.36362758059460276,383609.1,60226.6307121098,2.4572763627000103,0.17592000156641008,0.19398000031709672,-12.29050237473722,-19.897954412633084,-27.31481427186271,-10.795451081858175,-19.0721646317109,0
HK.00498,491,0.07100000232458115,0.07100000232458115,0.0,,0.0,0.0,0.0,0.07100000232458115,0.10929500136524439,0.0,0.0,-43.19999814033508,-54.19354723966086,-51.36986070680087,0
HK.00499,492,0.20200000703334808,0.19499999284744263,3.5897509962381826,1.479684657368102,172700.0,34885.401214659214,5.425195174032534,0.18679999858140944,0.15225999984890223,12.222221670327386,6.315794509533763,69.74790115897223,72.64958059598787,71.18644560078577,1
HK.00500,491,0.06499999761581421,0.06800000369548798,-4.411773406819428,1.1118031518484863,124617.65,8100.146952888369,5.9425560199397065,0.06572000063955784,0.06975500047206878,1.5624914507502095,4.838707545359315,-13.333339956071377,-18.750001164153243,-26.13636594542788,0
HK.00505,491,0.9549999833106995,0.9549999833106995,0.0,0.0,56200.0,53670.99906206131,2.82270881079043,0.909154886007309,0.9247114983201027,9.515751760465545,3.751759227013749,3.751759227013749,7.134966429386768,-1.4358274578355679,0
HK.00506,492,3.7950000762939453,3.765000104904175,0.7968119669025627,0.7318510978862913,6369944.35,24173939.294238184,3.0981455213092204,3.4955000066757203,3.666777229309082,16.05504888164187,11.946901441208617,2.291658312331821,-6.985953622540025,-4.315692767548167,1
HK.00508,492,0.3199999928474426,0.3199999928474426,0.0,11.206278792015015,1136875.0,363799.99186843634,7.112514299748737,0.3311000025272369,0.45777500063180926,0.0,-17.948716773083888,-46.66666997803569,-18.98734578336006,-4.477616454795883,0
HK.00509,491,0.17000000178813934,0.17000000178813934,0.0,,0.0,0.0,0.0,0.17000000178813934,0.17000000178813934,0.0,0.0,0.0,0.0,0.0,0
HK.00510,491,0.44999998807907104,0.44999998807907104,0.0,0.28500042750064125,21352.6,9608.669745457171,1.0268840488509539,0.5443999928236007,0.5521499985456466,-13.461537579812916,18.421050980480732,-34.78261019797467,-9.090912374911527,-11.76470656983444,0
HK.00511,492,2.2950000762939453,2.2750000953674316,0.8791200038733846,0.6733381045631267,788181.15,1808875.7993834496,2.788969819136561,2.396999979019165,2.736799980401993,-6.1349636418970395,-11.730763058690403,-18.61701664457631,-26.677316537290952,-36.77685939557017,1
HK.00512,492,4.985000133514404,4.90500020980835,1.6309871617555034,0.8015960476968778,6131354.15,30564801.2563741,3.3911177431338833,5.150700025558471,6.282696604728699,-5.228138467702896,0.9109327079495028,-28.167115523293308,-33.87691126967514,-42.565685777370746,3
HK.00513,491,0.1550000011920929,0.13500000536441803,14.814811135515901,0.4668534080298786,109600.0,16988.00013065338,4.451022309652136,0.11883999854326248,0.13845499865710736,24.000000953674316,-2.5157190855485068,17.424243963618586,18.32061407345317,-12.429378388383022,1
HK.00515,491,0.17299999296665192,0.17299999296665192,0.0,,0.0,0.0,0.0,0.17299999296665192,0.17299999296665192,0.0,0.0,0.0,0.0,-21.36363913451346,0
HK.00517,492,6.300000190734863,6.239999771118164,0.9615452214343201,0.3339686289547572,4008187.25,25251580.439501047,2.740638674812975,5.763737688064575,5.796025846004486,12.711953548410431,12.688227620350148,-0.9369633593588854,10.893817705196309,14.146954833184791,1
HK.00518,492,0.1860000044107437,0.15199999511241913,22.368427889210256,9.346733668341708,29200.0,5431.200128793716,2.5043054376527865,0.17471999943256378,0.1930299998819828,4.494382680899675,-8.374379427177326,-9.268289739925306,-4.123711894505927,-14.6788950064157,1
HK.00519,492,0.14000000059604645,0.14000000059604645,0.0,0.3807322515513771,467268.9,65417.646278513974,4.738872790335346,0.1486400008201599,0.1764900002628565,0.0,0.0,-23.913043302207456,-33.96226308998495,17.647056613767546,0
HK.00520,492,0.2160000056028366,0.2290000021457672,-5.676854332366168,2.326587756141021,623350.0,134643.6034925282,5.035615499832112,0.25857999712228774,0.49296999715268613,-21.454545119577208,-30.322579373678245,-65.16128968683913,-70.81081042984614,-74.2857128158718,0
HK.00521,492,0.1940000057220459,0.18700000643730164,3.743314996671543,0.9658519231938046,2806223.05,544407.2877573371,4.3627573682178715,0.20193999975919724,0.25351999901235106,4.864866606417649,-23.92156496088299,-38.41269613003122,-22.39999771118164,-23.92156496088299,1
HK.00522,492,161.3000030517578,154.10000610351562,4.672288554878862,1.4418146144857742,2169363.4,349918323.0403717,4.91984575999727,164.34890625,136.23918743133544,1.7665634395948344,-20.000228550082817,52.05189261217684,101.11298444435819,140.32928724718403,1
HK.00524,492,1.899999976158142,1.9900000095367432,-4.522614720969393,0.2798706857496494,144923.15,275353.98154476285,5.493647387562602,2.0364999985694885,1.130275000333786,2.150535566956493,-35.59322218825095,313.0434655850238,616.9811617823094,566.6666666666667,0
HK.00525,492,2.369999885559082,2.359999895095825,0.4237284282951545,0.15246685402005464,5958569.35,14121808.677595854,2.632422702236254,2.2862999963760378,2.166518839597702,6.7567502259338195,11.54668987259742,14.630934057893551,15.161620161398886,3.645467751198327,1
HK.00526,491,0.09799999743700027,0.10300000011920929,-4.854371530506945,0.006811989100817439,2055900.0,201478.19473072886,6.1517242193421975,0.11484000012278557,0.10658999986946582,-10.091743307396198,-21.60000205039978,-15.517241157830536,13.953481521910987,12.643678456225954,0
HK.00527,492,0.8199999928474426,0.824999988079071,-0.6060600368335035,0.6979359191428313,3009040.0,2467412.7784776688,3.1870661460998817,0.715999995470047,0.6725499987602234,5.806453944989295,28.125001746229866,9.333332379659016,36.66666004392862,28.125001746229866,0
HK.00528,491,1.1749999523162842,1.1749999523162842,0.0,0.0,8000.0,9399.999618530273,0.8328454678777066,1.1635999965667725,1.0912000185251236,0.4273500354724066,15.91379918620787,1.6621069747557233,18.121694437397185,6.920490107053763,0
HK.00529,491,1.7000000476837158,1.7000000476837158,0.0,0.0,21500.0,36550.00102519989,0.0,1.7965000081062317,1.9501521468162537,-6.849314889533817,-7.817664724481125,-27.57103030961754,-20.561767109042567,-0.35782945121125537,0
HK.00532,492,0.3050000071525574,0.32499998807907104,-6.153840510802654,2.2994924691621637,502422.5,153238.86609360576,4.85903931750004,0.31480000138282777,0.35469999790191653,1.6666650109821552,-46.49122614389419,15.094348534692829,-6.153840510802654,1.6666650109821552,0
HK.00533,490,0.8650000095367432,0.8650000095367432,0.0,0.037197768133911964,76250.0,65956.25072717667,1.340172100988848,0.8914999961853027,0.9459533259272576,-2.8089861303337953,-10.824743915103326,-7.5320427966636005,-9.438601768133289,-8.49524940879675,0
HK.00535,492,0.0949999988079071,0.09600000083446503,-1.041668768609959,2.026014578707787,1291950.0,122735.24845987558,5.349305280044696,0.0962600003182888,0.13491000033915043,1.0638319795733608,-15.178575111096801,-39.873421243264175,-40.62499941792338,-59.401709456136906,0
HK.00536,492,1.1649999618530273,1.1549999713897705,0.8658000615553437,1.3081165733746851,326157.95,379973.9993080616,0.796786340537937,1.1495999765396119,1.0750054907798767,1.7467232541200604,2.1929803922675832,14.102867070488182,18.491448990818323,18.189806162960256,1
HK.00537,50,20.68000030517578,20.440000534057617,1.1741671470031065,0.9845664184482344,318955.0,6595989.497337341,3.9733718024492006,24.409599952697754,,-17.806039624030955,,,-28.194441482608624,,1
HK.00538,492,0.800000011920929,0.7950000166893005,0.6289302046118699,0.6090237490935461,1448696.0,1158956.817269802,1.7287428483597704,0.8104000008106231,0.8148046237230301,0.0,-3.1224728194103637,-1.0164459878201413,2.3200873768252137,-9.836759587698065,1
HK.00540,491,0.2199999988079071,0.2199999988079071,0.0,0.0,17000.0,3739.999979734421,0.7418695568813913,0.2016399994492531,0.19451499968767166,7.843138687155083,4.761907465063339,15.789474509759632,15.789474509759632,23.59550279614425,0
HK.00542,492,0.8799999952316284,0.8899999856948853,-1.1235944521335182,1.3020314347589248,160334.0,141093.9192354679,6.003442120288595,0.7632999992370606,0.9798250025510788,7.317073525310204,18.918916741977938,-35.76642392928957,3.5294082997992935,100.0,0
HK.00543,491,0.23000000417232513,0.23600000143051147,-2.5423717041599243,34.270006108735494,42270.0,9722.100176364183,0.7342570523244039,0.2620599943399429,0.2790094724297523,-13.207540910156226,-14.814816654464272,-14.546061632535373,-17.258884636501268,-27.60152599743597,0
HK.00544,492,0.9049999713897705,0.9100000262260437,-0.549456559579393,4.794520547945205,9050.0,8190.249741077423,0.5369549156715903,0.9708999907970428,1.5804250052571296,1.6853916782002771,-45.15151609292921,-47.38372346882947,-52.3684219607356,-22.64957225769463,0
HK.00546,492,4.380000114440918,4.579999923706055,-4.366808135300151,1.6532711692240565,5038102.7,22066890.4025651,3.320745417364663,4.918473424911499,6.542368836402893,-12.871653208629471,-21.1511699174388,-45.28508323875174,-44.000061453136226,-48.67526056779288,0
HK.00547,492,0.19499999284744263,0.20000000298023224,-2.5000050291418283,2.342571789273216,264669.1,51610.472606939074,4.210387562209483,0.23649999856948853,0.27900999881327154,-19.75308959939424,-18.750001164153243,-35.000004967053535,-50.0,-50.0,0
HK.00548,492,6.795000076293945,6.710000038146973,1.2667665821719754,1.5357884137941062,437054.2,2969783.3223445895,1.5385213107035187,6.675299978256225,6.8614973855018615,2.5660388874557785,6.0225226699839585,-4.65088098659954,-0.23161427772289603,-2.6916573746700343,1
HK.00550,492,0.7649999856948853,0.8399999737739563,-8.928570288176402,4.817384952520087,652400.0,499085.99066734314,5.748285142557983,1.0950999975204467,0.7386549991741777,-24.257426443736637,-34.0517234734916,115.49296022951314,537.5000023283066,470.89549749193446,0
HK.00551,492,12.819999694824219,13.079999923706055,-1.9877693455533914,1.145504160092826,2854686.35,36597078.13581886,2.4621296992197927,13.199164009094238,14.237187867164613,-3.1456050517701386,-6.568025235940558,-21.49128631878287,-11.757582441242809,8.39002154215096,0
HK.00552,492,4.070000171661377,4.065000057220459,0.12300404355558403,0.5307701647590658,10712674.65,43600587.664452486,2.2987553597945927,4.063800005912781,4.136943844556808,1.8773538986422016,-3.095229607320041,1.6729793806119215,-6.854432294328945,-4.597594387410661,3
HK.00553,492,3.0299999713897705,3.0399999618530273,-0.3289470588401375,0.7735238307846858,1730900.0,5244626.950478554,2.6043213824959914,3.3109000062942506,4.3831715071201325,-6.046509736719345,-19.200000762939453,-43.500937150458,-37.06729603624332,-42.8637279558474,0
HK.00554,492,0.19699999690055847,0.1940000057220459,1.546387159808036,0.6928406466512702,44800.0,8825.59986114502,1.892350980080674,0.19896000146865844,0.21311500005424022,-1.500003017485097,2.072535299730675,-8.372095988981735,-24.230767643663246,-30.87719320260257,2
HK.00556,492,0.4099999964237213,0.39500001072883606,3.7974646297370884,0.33046478280012664,491500.0,201514.99824225903,4.59731334935322,0.45907112300395964,0.4790755370259285,-29.310343410115426,-28.377329127873903,-37.44349263617243,-9.254250315033593,43.86521592409128,2
HK.00557,491,0.5099999904632568,0.5099999904632568,0.0,0.0,1000.0,509.99999046325684,0.588235328491722,0.553400000333786,0.6047999992966652,-8.928573519295567,-25.00000219134721,-19.047619948671883,-27.142857264499277,-42.696629363980925,0
HK.00558,492,1.2699999809265137,1.25,1.5999984741210938,0.9859423099592975,1110811.55,1410730.647312951,3.8844887665296217,1.3898045086860658,2.5062035024166107,-13.386974955589972,-43.01774668130919,-56.98028557396852,-63.09104046402981,-75.41526126274648,1
HK.00559,491,0.12600000202655792,0.12600000202655792,0.0,,0.0,0.0,0.0,0.12600000202655792,0.11944000154733658,0.0,0.0,-2.3255746794835144,35.4838699340159,-32.25806503299205,0
HK.00560,492,0.6000000238418579,0.6000000238418579,0.0,1.0851871947911014,388600.0,233160.00926494598,1.1243581842834107,0.6137000107765198,0.6865892842411995,0.0,-11.764703304297399,-16.00839521385367,-20.37159442704866,-19.363636050498528,0
HK.00563,492,0.22300000488758087,0.23199999332427979,-3.8793054722717644,1.0955180264365083,766530.0,170936.19374647737,4.203633084652999,0.2318199995160103,0.27701499976217747,-2.1929803636027114,-12.549016055855397,-23.10344437781741,-29.20634711891013,-33.43283602006453,0
HK.00564,492,11.779999732971191,11.8100004196167,-0.254027820318075,0.8805700301113084,1483650.75,17477405.438822508,3.5293690080810807,13.42659999847412,16.622160086631776,-13.509546020912916,-19.53552283662341,-34.81361053509388,-38.306848514306935,-30.491272345562827,0
HK.00565,492,4.340000152587891,4.414999961853027,-1.6987499414078913,0.8876232520850036,9570550.0,41536188.46035004,6.16486879463485,3.2298000049591065,2.47759999871254,47.61904993604057,52.816911399707664,108.65386114318045,212.23023001818584,247.20001220703125,0
HK.00567,491,0.2750000059604645,0.28999999165534973,-5.1724090091395505,1.2307692307692308,171500.0,47162.50102221966,2.500287855073095,0.27749999523162844,0.22989999886602164,0.0,-14.062496216501957,83.33333002196431,195.69892412817595,202.19781488385325,0
HK.00568,492,4.59499979019165,4.65500020980835,-1.288945583509855,0.45617967471546955,36172557.25,166212892.97444546,4.419191571962934,5.048299989700317,5.722775019407273,-2.7513252288843635,-17.356118030919802,-55.73217977330298,42.26005458382967,12.622545983231227,0
HK.00570,492,1.2699999809265137,1.274999976158142,-0.392156496088299,0.4350643002501674,7775037.9,9874297.98470292,1.8343633493737217,1.3957999897003175,1.7611499977111817,-7.636365023526278,-14.76510249678655,-35.20408386689626,-40.094337288532834,-41.20370692309025,0
HK.00571,492,0.0430000014603138,0.0430000014603138,0.0,1.912702774081112,74466.65,3202.066058744676,1.6518378516988044,0.043220000565052034,0.04649500004947185,-6.5217361375267044,-13.999998360872294,-13.999998360872294,-2.272723424286861,-24.561400986260804,0
HK.00572,491,0.3799999952316284,0.375,1.3333320617675781,0.27314941272876264,14844.0,5640.719929218292,1.5775316071303676,0.38130000352859494,0.4278499998152256,-3.797472174628627,1.3333320617675781,-17.39130688299524,-19.14893697969187,-20.0,2
HK.00573,492,0.2750000059604645,0.2750000059604645,0.0,0.064550833781603,90900.0,24997.50054180622,1.92316145375485,0.26249999582767486,0.2915249975025654,5.769236941309597,3.7735927567532066,-9.836065733954968,-15.384610446952324,-17.910448026752697,0
HK.00574,491,0.017999999225139618,0.017999999225139618,0.0,,0.0,0.0,0.0,0.017999999225139618,0.03647236480377614,0.0,-43.75000509317009,-64.00000208616254,-61.702127996857435,-62.500001940255345,0
HK.00575,492,0.8149999976158142,0.8050000071525574,1.242234829118668,1.0589619419667675,48591.05,39601.70563414991,1.829841491848217,0.899300000667572,0.8646249982714653,-9.444442310450933,40.51724501157923,-9.444442310450933,-20.873784441358634,8.666666348775227,1
HK.00576,492,6.054999828338623,5.954999923706055,1.6792595451509944,1.2519720860908465,11500107.15,69633146.81912577,2.004825549339691,6.344300031661987,6.660358386039734,-4.268774530728141,-9.761552996790055,-7.17813377702922,-10.27649800192925,-9.648182152665322,1
HK.00579,492,1.625,1.6200000047683716,0.3086416800562491,0.5223241685916256,4040365.05,6565593.20625,1.5763906417961284,1.749300000667572,1.9613567835092545,-1.5151500920837588,-15.932468640313251,-23.381485501739718,-21.04961620285821,-25.57955894187104,1
HK.00580,492,1.2200000286102295,1.2000000476837158,1.6666650109821552,0.3856686860844237,5108498.75,6232368.621155322,4.434676901877716,1.4361000013351441,1.888621881008148,-13.167255981973181,-55.63636259599165,-29.591690223586465,-37.81195041388001,-30.426423174717947,1
HK.00581,492,1.0299999713897705,1.0800000429153442,-4.629636068402729,2.058506543494996,1372000.0,1413159.9607467651,3.4188372214004725,1.1087000036239625,1.210429486632347,-11.206896463132214,-17.34384590305956,-25.721155313400224,-17.34384590305956,-31.292070879907563,0
HK.00582,492,0.06599999964237213,0.06400000303983688,3.1249945430320487,0.09477639878117551,63606.9,4198.0553772524,3.896515736133904,0.06432000063359737,0.09397500034421682,-17.499998603016106,53.488366048744986,-46.341465187526566,-44.0677972522764,-50.0,1
HK.00583,492,0.1850000023841858,0.17399999499320984,6.321843510055972,4.7023809523809526,29000.0,5365.000069141388,1.0562486704249576,0.1958399999141693,0.21877999924123287,-1.5957400432101987,-7.035175126832094,-17.77777453999452,-24.180327743708336,-19.913421030427525,1
HK.00585,492,4.420000076293945,4.400000095367432,0.45454501120513113,0.3637064107969616,386921.35,1710192.3965197562,9.872352656905745,4.893799991607666,2.750849998295307,-15.809522356305802,8.068457491309672,402.27273866411093,452.50000130385155,396.6292300379019,1
HK.00586,492,7.449999809265137,7.445000171661377,0.06715429803199158,0.7352138889785432,5079951.1,37845634.726076216,2.953309617320839,8.464599952697753,10.10998227596283,-14.466133448489598,-27.792200949751006,-35.01910316959311,-20.19534433655887,-24.192329422112742,1
HK.00587,492,0.25999999046325684,0.26499998569488525,-1.8867907552966041,0.4711942827785942,409842.45,106559.03309143781,3.9493434882720995,0.27759999871253965,0.4392499983310699,-3.7037110623015317,-27.77778329672615,-50.9433953776483,-53.57143047208688,-61.19403224077429,0
HK.00588,492,0.6700000166893005,0.6650000214576721,0.7518789579387514,0.23326996810258724,5807700.0,3891159.0969264507,2.9636336544219293,0.6932999968528748,0.7597249966859817,-4.964534390063119,-12.987008664193306,-16.249999161809694,-11.842101960961466,-23.863634054572117,1
HK.00590,492,21.100000381469727,20.920000076293945,0.8604221057329411,0.4965607659812369,2190786.6,46225598.095718764,3.8990638401442,22.889454650878907,23.876233434677125,-10.118759669616592,-5.237285901137677,-20.860511470009488,-7.5485656229375975,-13.425334448899944,1
HK.00591,491,0.2549999952316284,0.2549999952316284,0.0,0.040405482485233485,398634.1,101651.69359916449,2.803847751548674,0.2576999968290329,0.2704549990594387,0.0,0.0,4.081628681073312,-21.538460127700667,-40.69767651395449,0
HK.00595,492,1.2549999952316284,1.225000023841858,2.4489772086439867,0.2774388017981372,1850040.0,2321800.191178322,4.798661025953869,1.2272007727622987,0.8357867698371411,1.5810247313546089,44.86839660025783,235.48470670151835,210.93705731919238,210.93705731919238,1
HK.00596,492,1.8250000476837158,1.9800000190734863,-7.828281307911331,2.6825493554272466,1457504.7,2659946.14699924,3.6610555060495362,2.255500011444092,3.5535490250587465,-18.708234266603174,-43.05734670291347,-51.149195502839206,-73.48099218288091,-81.24918611634267,0
HK.00598,492,4.659999847412109,4.614999771118164,0.9750829583040755,0.7408270148066665,4365535.95,20343396.86087208,3.185925816445502,4.429271216392517,4.5833446979522705,3.240738050790617,8.833923363327994,-2.1827868542337825,4.134576348123703,9.532875739995138,1
HK.00599,491,0.11900000274181366,0.11500000208616257,3.478261376599048,0.0,37000.0,4403.000101447105,0.15384589814574529,0.12667999982833864,0.151175000295043,-8.461532994840072,-7.751930999996189,-26.993864469827205,-35.67567502259338,-27.43902472266123,1
HK.00600,147,19.1299991607666,17.34000015258789,10.32294689981052,2.1103152446718503,1637115.8,31318023.880077746,9.779754913801272,14.647800025939942,,42.01929310715794,18.45200998529511,-22.86290423679057,-32.163125378679716,,2
HK.00601,491,0.06400000303983688,0.06400000303983688,0.0,,0.0,0.0,0.0,0.06400000303983688,0.06400000303983688,0.0,0.0,0.0,0.0,0.0,0
HK.00602,492,0.04100000113248825,0.04500000178813934,-8.888889992678562,0.21691973969631237,58250.0,2388.2500659674406,1.4689026586858565,0.04520000122487545,0.04624500013887882,-8.888889992678562,2.500005122274275,-2.3809483684514388,-14.583331716453879,-36.9230728671394,0
HK.00603,492,0.12099999934434891,0.11900000274181366,1.6806693751717858,0.44134355315356866,1314328.5,159033.74763825908,3.828136524987595,0.12329999968409538,0.16118999984115362,-2.4193537726796577,-21.428571428571427,-56.000001192092874,-24.37499871943143,-28.402367150857415,1
HK.00604,492,0.6150000095367432,0.625,-1.5999984741210938,0.8999534536673615,5038446.55,3098644.6763003706,3.0964011748254547,0.6735999989509582,0.7711999967694283,-10.869563527278498,-17.999998728434242,-24.999998182785205,-24.074073120181726,-28.488372173613634,0
HK.00605,492,0.7649999856948853,0.75,1.9999980926513672,0.9499451954694922,56740.0,43406.09918832779,2.999945837941722,0.8175000047683716,0.8372249981760979,-8.383232891771168,-10.000004207386572,-0.6493500461665078,-6.707318003939286,-40.234374781721264,1
HK.00606,491,0.25999999046325684,0.2549999952316284,1.960782480441495,0.0,75120.0,19531.199283599854,5.425559046739255,0.24893999695777894,0.2762699995934963,4.417667702546728,-14.754103486558959,-14.754103486558959,-3.7037110623015317,-16.129035979478314,1
HK.00607,491,0.25,0.2549999952316284,-1.960782480441495,0.8514853877472123,209437.5,52359.375,6.300884299732479,0.38000000178813936,0.8536249976605177,-32.432433303208825,-81.88405790841772,-80.46874956344253,66.66666004392862,-26.470589008710782,0
HK.00608,492,1.0199999809265137,1.0149999856948853,0.4926103745908273,0.08968609865470852,22400.0,22847.999572753906,2.2189268643769346,1.1093568634986877,1.2363708809018135,-6.810635444606033,-9.241664838710635,-22.01505746166822,-34.77623203872394,-21.731476059960393,1
HK.00609,491,1.0099999904632568,1.0399999618530273,-2.884612739438744,2.2748815165876777,47000.0,47469.99955177307,0.42997159695911547,1.0572539043426514,1.274066541492939,-0.9803912402207475,-7.405934854824206,-32.21872490951023,-29.452139373194825,-21.435338664699326,0
HK.00610,492,0.9200000166893005,0.9200000166893005,0.0,1.6613924050632911,131800.0,121256.00219964981,1.1799257437451973,0.9103999960422516,0.8957500010728836,-2.127657550770317,8.235293045175972,0.0,0.0,27.77777501830359,0
HK.00611,492,0.4350000023841858,0.4350000023841858,0.0,0.725,543800.0,236553.00129652023,1.7285751386312467,0.46810000002384183,0.49717499792575837,-6.451613109971017,-11.22449103716459,-3.333330242722041,-17.924523421477737,-9.374997477667971,0
HK.00613,492,5.179999828338623,5.099999904632568,1.568625984353196,0.07905422401092385,1306030.0,6765235.175805092,9.094539236321788,4.842200026512146,2.6122500044107437,-7.664889392906414,88.36363012140448,301.5503861641813,187.7777758645422,105.555550299414,5
HK.00616,492,0.11299999803304672,0.10899999737739563,3.669725460452727,0.40121679162714696,17263231.1,1950745.080344031,14.336143572211135,0.11142000049352646,0.23287000000476837,12.999996349215563,-42.639594004619816,-59.64285801715996,-69.45946038465938,-55.68627445251379,1
HK.00617,492,0.19599999487400055,0.19599999487400055,0.0,2.0465435371066514,525765.2,103049.97650492786,2.8739918228242956,0.17964000046253203,0.20877999968826771,12.643678456225954,0.5128215708911689,-8.83721320289989,-21.60000205039978,-30.0000021287373,0
HK.00618,492,0.30000001192092896,0.3100000023841858,-3.225803350434739,0.2728212194281778,534520.0,160356.00637197495,4.880317979330005,0.3197999995946884,0.2823750004917383,-6.249994179233778,-13.04347450506333,38.24885805256375,45.631073579474474,94.80520360163003,0
HK.00619,492,0.2800000011920929,0.2800000011920929,0.0,10.731707317073171,4300.0,1204.0000051259995,0.2678574184525974,0.2947999984025955,0.3395499999821186,-3.4482726727597,-11.111110059882801,-22.22222498169641,-28.20512526604305,12.000000476837158,0
HK.00620,491,0.27000001072883606,0.27000001072883606,0.0,0.6790945406125166,151560.0,40921.20162606239,4.136679950507245,0.30564000010490416,0.3806049984693527,-5.2631529414422,5.882359128509954,-39.99999602635691,-57.14285511548825,-71.87499825377013,0
HK.00621,492,0.46000000834465027,0.4449999928474426,3.3707900535517603,0.8083849254623197,1964949.6,903876.8323968173,4.52373162721112,0.5223000037670136,0.5352750022709369,-13.207540910156226,-36.986301873186136,-6.122449103716459,-9.80391824580021,-20.689651451552983,1
HK.00622,492,3.0450000762939453,3.125,-2.55999755859375,1.1666055322099476,22326244.5,67983416.20585728,5.169093761631098,2.6136999988555907,1.8050249961018563,15.122877060563006,44.31280699924667,82.33533859543614,306.000010172526,509.00001525878906,0
HK.00623,492,2.115000009536743,2.140000104904175,-1.1682286982201386,1.1443811159677677,183305.3,387690.71124813554,2.2798266452723355,2.0282999968528745,1.9154805546998979,0.71429074216074,8.461536298371918,12.843821847524303,14.579879299771278,-15.68650000746099,0
HK.00625,12,38.84000015258789,37.720001220703125,2.969244155989155,,,,,,,,,,-19.917525458581668,,2
HK.00626,492,2.2249999046325684,2.2200000286102295,0.22521963774337891,0.6555959685218575,2509294.0,5583178.910695076,0.5446842384118274,1.5390794086456299,1.4410755014419556,43.54838536011435,65.9393766324196,36.3073450909161,68.00905690567905,83.63779831244884,3
HK.00627,492,0.4449999928474426,0.4749999940395355,-6.3157898039038525,0.7785662563359884,44836.25,19952.13092930615,2.0966311162410713,0.564700014591217,0.5524750024080276,-25.83333747254461,-34.55882526959926,-5.319150217845466,-17.592597191716237,-50.0,0
HK.00628,492,0.25,0.25999999046325684,-3.8461503192516595,0.39480605661756996,19934033.3,4983508.325,12.141128444434642,0.3092200002074242,0.29768499948084354,-39.0243897120347,-38.271605119965386,38.888883369940515,29.533676276216873,6.3829789932306245,0
HK.00629,492,0.24899999797344208,0.24500000476837158,1.6326502560080263,3.877266387726639,42800.0,10657.199913263321,1.5162649590626658,0.26737999975681304,0.285023974776268,-11.07142967381039,-22.187498894054418,-9.381935613322018,-18.15142428344994,-20.70919688658185,1
HK.00630,492,0.19599999487400055,0.20000000298023224,-2.0000040233134624,7.438473200243699,38731.6,7591.393401461839,4.856125318610814,0.14343999981880187,0.22962500013411044,63.33333271245161,-18.3333336437742,-11.711715158534929,-21.60000205039978,-36.77419568820003,0
HK.00631,492,9.289999961853027,9.364999771118164,-0.8008522274227656,0.7992339727569704,15398688.75,143053817.90008664,5.565936599420973,8.134900007247925,9.558937184810638,19.40873664940267,15.691161529038078,-29.863364444544604,12.170035416464437,40.98584442215756,0
HK.00632,492,0.18400000035762787,0.18000000715255737,2.2222183589583624,0.3911983105128738,4007584.55,737395.5586332239,5.790134339225157,0.1936400005221367,0.25764499954879283,-2.127656032996879,-20.689652736135884,-64.61538324871002,-4.166667313418449,-55.121950740831224,1
HK.00635,491,0.5,0.5,0.0,0.0,270359.95,135179.975,0.7985572393132088,0.46380001068115234,0.4700936199724674,11.924230066342455,6.154939418686914,13.6963777221942,9.148514624749806,7.008347398315315,0
HK.00636,492,5.954999923706055,5.949999809265137,0.08403553951601749,0.3257566616090269,2267760.65,13504514.497733593,3.1158209926626927,5.780344753265381,6.262491390705109,4.492742636834977,0.02430818777454336,-9.027242569446772,-13.563272679125763,-15.234023190039913,1
HK.00637,492,0.1770000010728836,0.17599999904632568,0.5681829727139418,2.336,69800.0,12354.600074887276,2.0730912536906025,0.17422000020742417,0.18059500075876714,-0.5617988815423003,-5.8510600353537985,-8.290156640540221,16.44737287127837,-10.606059579809829,1
HK.00639,492,2.924999952316284,2.9049999713897705,0.6884675085537283,0.8111435137756735,28607945.2,83678238.34586687,3.6287212266237865,2.6343000030517576,2.789679093360901,5.786612706752661,15.181990120422316,-8.065748708399926,0.8808659332147322,13.32593181861849,1
HK.00640,492,2.305000066757202,2.2799999713897705,1.096495424611469,23.733333333333334,537100.0,1238015.5358552933,0.7250129243721916,2.3876000165939333,2.44631666302681,-3.1512623561925315,-7.799997329711913,-7.478246140050597,-2.4127724287572443,-1.2417271732600543,1
HK.00641,492,0.36500000953674316,0.3700000047683716,-1.3513500451867637,0.15873015873015872,38100.0,13906.500363349915,1.8306932460254721,0.3706000036001205,0.3413250011205673,0.0,-6.410250532086098,23.7288222919765,23.7288222919765,23.7288222919765,0
HK.00643,492,0.17599999904632568,0.1770000010728836,-0.564972892935831,0.12488849241748438,564000.0,99263.99946212769,5.665362091563118,0.1950199994444847,0.22833999946713449,-20.36199168245504,-16.981131544992476,-26.9709537411066,-15.789476686207152,-72.4999995343387,0
HK.00645,491,0.19200000166893005,0.1860000044107437,3.225804901023846,0.0,16300.0,3129.60002720356,0.4032258129124006,0.17950000375509262,0.1631200009584427,17.791410257758088,7.262567693101353,24.675326434611723,46.564889837760475,43.283579765913885,1
HK.00646,492,0.25999999046325684,0.2800000011920929,-7.1428609441737585,0.246933076829207,2820580.0,733350.773100853,18.398074769399553,0.15713999837636947,0.14511499997228383,100.0,136.36362897463076,66.66665711464046,58.53657517172225,69.9346374674025,0
HK.00648,492,0.5149999856948853,0.5199999809265137,-0.9615375798129149,1.9109968241659872,321254.1,165445.8569044232,4.904386106753604,0.6401999986171723,4.436549998521805,-16.260166226206117,-81.9298244586685,-91.41666690508524,-85.28571469443185,-93.22368431371996,0
HK.00650,492,0.1899999976158142,0.1889999955892563,0.5291016137011844,0.3677194238167666,1990600.0,378213.99525403976,6.0049453314798145,0.2252199974656105,0.30341999992728236,-3.5532991852165954,-51.89873608731431,-32.14285828325213,2.150533930223632,-4.040404724571225,1
HK.00653,491,2.0999999046325684,2.2300000190734863,-5.829601494574427,0.1513897758063593,663446.2,1393236.9567288398,14.982990564553722,1.5093999934196471,2.118999993652105,59.09089554439946,159.2592467223884,-13.580253212297807,-38.59649538639146,-32.69230828012472,0
HK.00655,492,0.4300000071525574,0.41499999165534973,3.614461638270319,0.6721713248815516,176875.05,76056.27276510894,2.7130615217338034,0.43539999902248383,0.35472999840974806,0.0,-9.473681568769173,48.275868801951745,43.333330021964315,38.7096786598261,1
HK.00656,492,4.96999979019165,4.980000019073486,-0.2008078081031102,0.5716951887755933,8547232.6,42479744.228719234,3.3525711124491835,4.813799996376037,4.321800009012223,-2.4533857732562945,23.019797948514334,29.765010161736193,13.211843766418433,-8.471455850629658,0
HK.00657,492,0.03799999877810478,0.03799999877810478,0.0,8.578088578088579,183900.0,6988.199775293469,4.140866408648995,0.028260000348091126,0.030795000195503235,35.71427716132356,-22.448980057304087,-2.564107707501292,51.99999284744273,35.71427716132356,0
HK.00658,492,1.065000057220459,1.1050000190734863,-3.61990598756426,0.516606119199482,242249.55,257995.78461163043,5.870386964130837,1.12979998588562,1.6506000065803528,-9.745753850788555,-45.38461378575316,-45.38461378575316,-35.454541053982084,-31.29031677523941,0
HK.00659,492,7.829999923706055,7.775000095367432,0.7073932818520932,0.6138734931671238,1234743.7,9668043.076796532,1.5145546764827762,7.934499959945679,8.048973670005799,1.032257080078125,-4.512193831285473,-4.882924096333619,8.214743729150438,19.750483302411265,1
HK.00660,491,0.4399999976158142,0.4399999976158142,0.0,0.0,263125.0,115774.99937266111,6.517238863660449,0.43290000200271606,0.415414999127388,6.024097942928766,-8.333331781129008,69.23077452112251,134.0425599371488,139.13043302207453,0
HK.00661,492,0.13699999451637268,0.13099999725818634,4.580150674630181,0.3516101423401038,49305935.0,6754912.824624628,7.942892858152814,0.12313999995589256,0.12555000010877848,-0.7246391678327546,24.545450235201287,-6.164385938447589,24.545450235201287,114.06248126441002,1
HK.00662,491,4.730000019073486,4.684999942779541,0.9605139134163453,17.0,11100.0,52503.0002117157,0.2555106446421065,4.679499998092651,4.6184299325942995,-0.31611942776323876,1.0683801830952866,4.523710148311646,1.9106063876532724,14.967870054176547,1
HK.00664,115,12.100000381469727,12.390000343322754,-2.340596883109166,0.25821596244131456,12460.0,150766.0047531128,4.913639374365359,13.689399948120117,,-10.56910110660761,-38.578680645369296,,-60.3278676017386,,0
HK.00666,492,9.100000381469727,9.045000076293945,0.6080741261675788,1.4174050129739202,1734932.55,15787886.866824245,3.317782865732248,10.43890001296997,13.429424986839294,-10.958902703479987,-33.38213409135781,-40.13157568644945,-30.74581321381777,-31.578945481451715,1
HK.00667,492,3.865000009536743,3.924999952316284,-1.528660981107347,0.3019889843551621,5848984.55,22606325.341530263,4.371900707751654,4.200900030136109,4.975433948040009,-11.047176152653744,-12.753946742561636,-28.509918833479773,-38.616400807139605,-48.24369042399794,0
HK.00669,492,129.60000610351562,129.60000610351562,0.0,0.6429311506136244,5529213.7,716586129.2676423,2.6072053278025824,133.20137771606446,114.28424781799316,-5.378512531116819,5.346262028402736,16.290696001951353,43.11734017544856,36.97529249990546,0
HK.00670,492,2.559999942779541,2.5350000858306885,0.9861876174517127,0.6024834547124474,11382087.25,29138142.708711743,3.065327578942047,2.9708000087738036,4.091500018835068,-7.4141104646264875,-31.18279776637684,-41.5525142490479,-51.879701876398975,-12.02749597002972,1
HK.00672,492,0.07400000095367432,0.07699999958276749,-3.8961021368168507,0.14569617166544746,882550.0,65308.70084166527,7.784785501675931,0.08147999957203865,0.1005699997767806,-14.942525191955221,-21.27659203456816,-30.84112110486957,-32.11008923471736,-46.37680955980781,0
HK.00673,491,0.3100000023841858,0.3149999976158142,-1.5873000855468575,0.7973788725267199,101720.5,31533.35524252057,5.527150708818032,0.3624999976158142,0.5457499977946282,-22.500000558793538,-37.373737495367095,-48.33333498901784,-61.250000279396765,-44.64285695279131,0
HK.00674,492,0.0560000017285347,0.05400000140070915,3.703704214717449,0.25477707006369427,31350.0,1755.6000541895628,4.15683141512826,0.05041999988257885,0.0700050001591444,19.148943927721124,-15.151512072762822,-29.999996274709616,-31.70731685155918,-19.999997871262696,1
HK.00675,491,0.35499998927116394,0.35499998927116394,0.0,0.0,44300.0,15726.499524712563,2.330977991183209,0.3668000054359436,0.3741141031682491,-1.3888957875743526,-4.054058190241914,-8.73434911039952,-8.73434911039952,-1.716139914995409,0
HK.00676,491,1.0099999904632568,1.0099999904632568,0.0,0.0,400.0,403.99999618530273,0.0,1.0111999893188477,1.0032499957084655,0.0,2.020200074126503,0.0,0.9999990463256836,0.9999990463256836,0
HK.00677,492,0.3700000047683716,0.3700000047683716,0.0,0.41317365269461076,976600.0,361342.0046567917,3.1760645633692763,0.3499666726589203,0.3395563590526581,9.359605650978283,14.256301557402123,9.359605650978283,10.944529879755,14.544495859975893,0
HK.00679,492,4.994999885559082,4.53000020980835,10.264893029009487,1.1226397921527744,1389525.0,6940677.215981483,11.946979101150564,5.183038864135742,5.243283568620682,-3.5486271162235807,-73.26446644212979,378.6933999846,429.08213280182383,446.0900454168213,1
HK.00681,492,0.029999999329447746,0.028999999165534973,3.448276526508396,1.349290751505018,2207837.65,66235.12801952948,4.276579525624529,0.02903999973088503,0.031735000126063825,3.448276526508396,-11.764712649748445,-16.66666494199516,-14.285716566504256,3.448276526508396,1
HK.00682,492,0.2199999988079071,0.21299999952316284,3.2863846480821435,0.5617353300658033,33309.6,7328.1119602918625,0.35091013837037827,0.2218800014257431,0.254339998960495,-4.347828340440215,-10.93117237935172,-15.384612739438744,-24.137929262644278,-5.982905438630968,1
HK.00683,492,17.530000686645508,17.34000015258789,1.0957354808861448,0.6317135054970505,1522843.35,26695444.971153546,2.6529412680069844,18.55059814453125,20.2099946975708,-5.929834441149706,-9.945893670578483,-16.68337845561676,-8.539032802084776,-6.545222226831865,1
HK.00684,492,0.4449999928474426,0.42500001192092896,4.705877733065725,2.5449101796407185,75300.0,33508.49946141243,4.058617326467491,0.4200000005960465,0.4996249978244305,11.249996554106525,-12.745097810055187,-16.03773266618113,-16.03773266618113,-25.83333747254461,1
HK.00685,491,0.1850000023841858,0.1850000023841858,0.0,0.0,1700.0,314.50000405311584,0.6321321640202876,0.18638000071048735,0.20353499956429005,-1.0695208472019047,-2.6315764707211,-13.953488694454535,-21.27659453046219,-5.1282004256688785,0
HK.00686,491,0.675000011920929,0.6600000262260437,2.2727250149756664,0.8389821091232359,186330.0,125772.75222122669,2.497651031707473,0.7561999988555909,0.9437326449155807,-9.999998410542805,-19.883806762188648,-39.08521051295896,-35.90704722345696,-43.302382991727725,1
HK.00687,492,0.3499999940395355,0.3400000035762787,2.9411736347271384,0.008962547084180946,197350.85,69072.79632369727,3.3825510583613356,0.30864166557788847,0.29174095407128336,25.186286277109897,17.48252174977772,21.047420512728014,26.549573619011145,44.00469631804987,1
HK.00688,492,12.079999923706055,11.889999389648438,1.5979860707396982,0.602171627065751,38462356.85,464625267.81355506,4.18775626164488,13.035121879577638,13.06749213218689,-11.793151886300137,-19.626768348748865,-6.111089245104664,0.579155239140343,-7.74407841477808,1
HK.00689,492,0.1469999998807907,0.1420000046491623,3.5211232872716067,2.7846362336866726,207218.0,30461.04597529769,3.0455023027169044,0.15570000022649766,0.20113803498446942,0.0,-27.941175181560425,-28.292682359503672,-30.66037659592668,19.512191723907417,1
HK.00690,492,0.0729999989271164,0.0729999989271164,0.0,0.1311651840516589,4938700.0,360525.09470134974,7.340812096544116,0.07050000019371509,0.09365306047722698,23.72881099089438,-17.045455315142625,-26.57257092384741,-34.23456712311646,-54.16348626994901,0
HK.00691,492,0.22100000083446503,0.2549999952316284,-13.333331385469089,2.1649823938621857,53789.6,11887.50164488554,4.299942496547878,0.2629399958252907,0.42950999818742275,-19.636365074756686,-33.03030543857141,-56.66666569273454,-62.54237107489505,-76.73684172551057,0
HK.00693,491,1.559999942779541,1.559999942779541,0.0,0.0,3150.0,4913.999819755554,0.0,1.5567858576774598,1.622152200937271,2.284333769398102,-1.5275085328546698,-3.328839919012166,-16.57818153931419,5.992462889515109,0
HK.00694,492,1.534999966621399,1.5099999904632568,1.6556275705983468,0.7326089618985488,5781922.7,8875251.15150751,3.129733389073084,1.6291999959945678,2.0390999972820283,-5.246915919554334,-8.083831972003662,-31.77777926127116,-44.38405898821202,-46.14035024610654,1
HK.00695,492,8.0,7.800000190734863,2.5641000560833844,1.4397719173200285,539200.0,4313600.0,3.4550702961566095,8.236699962615967,7.872824995517731,-1.8404862030818543,-1.234572552595136,0.6289332318799776,-3.6144600462750343,45.45454545454545,1
HK.00696,492,8.71500015258789,8.625,1.043480030004529,0.6926073305665207,3774958.25,32898761.724762917,2.365239633993899,8.545300064086915,9.38851904630661,5.444643564094815,-0.3752957804980287,-12.067425936546181,-13.245466228460865,-15.901219543395031,1
HK.00697,492,1.340000033378601,1.3350000381469727,0.37453146732254694,0.5348104137111,28423240.95,38087143.82172802,3.303301266835333,1.5798000049591066,1.7712253195047378,-14.920635377168342,-25.55555172908443,-27.694924695714597,-37.313493347466995,-40.14798561089789,1
HK.00698,492,2.309999942779541,2.259999990463257,2.2123872799678703,0.34702626980356865,116899.45,270037.7228109598,6.14671662707353,2.117799983024597,2.9846999990940093,0.0,-0.8583683082144515,-23.000001907348633,-41.81360387576122,-52.371134263876975,1
HK.00700,492,433.3999938964844,438.79998779296875,-1.2306276314283213,0.6846125863224204,18176571.75,7877726085.50901,2.070583042381412,454.1960003662109,505.24926498413083,-3.0858716310048213,-5.700611805720957,-15.029162849157382,-29.62287299951495,-27.588851407162363,0
HK.00701,492,0.09300000220537186,0.09200000017881393,1.0869587224068356,2.3213813951675424,110748.5,10299.610744241625,0.21982051843239128,0.09809999972581863,0.14698499996215106,1.0869587224068356,-15.45454299154359,-47.15908936971475,-52.791876310375606,-57.33944750320785,1
HK.00702,491,0.03400000184774399,0.03400000184774399,0.0,,0.0,0.0,0.0,0.03400000184774399,0.03400000184774399,0.0,0.0,0.0,0.0,0.0,0
HK.00703,491,0.0949999988079071,0.09600000083446503,-1.041668768609959,0.14184397163120568,170400.0,16187.99979686737,4.052213174045298,0.10165999978780746,0.11737999953329563,5.555550036607185,-9.523807834335413,-28.03030354342842,-28.03030354342842,-43.45238089958489,0
HK.00704,491,0.13300000131130219,0.13300000131130219,0.0,,0.0,0.0,0.0,0.13300000131130219,0.1352850004285574,0.0,0.0,-16.874997322447538,32.99999932944775,-20.359278605322658,0
HK.00707,491,0.05999999865889549,0.05999999865889549,0.0,,0.0,0.0,0.0,0.05999999865889549,0.05999999865889549,0.0,0.0,0.0,0.0,0.0,0
HK.00708,491,0.17000000178813934,0.17000000178813934,0.0,,0.0,0.0,0.0,0.17000000178813934,0.17000000178813934,0.0,0.0,0.0,0.0,0.0,0
HK.00709,492,1.3300000429153442,1.340000033378601,-0.7462679264300778,0.8248984718256477,984235.35,1309033.057738799,1.0659103844608886,1.3291960096359252,1.3448472887277603,0.8737081512429912,-1.6126068082493086,-0.1019230259543319,2.7121076999403346,-6.259823023006605,0
HK.00710,492,3.930000066757202,3.799999952316284,3.4210556861106434,1.002573216738993,1849030.0,7266688.0234360695,3.738190818025787,4.00080002784729,4.352254966497421,4.382468984213397,-9.798174995627704,-4.292898209252987,-24.497729153415825,-27.71058948821463,1
HK.00711,492,0.4300000071525574,0.4350000023841858,-1.1494241848790827,4.000580288949762,170210.0,73190.30121743679,1.4985180767800832,0.43338442862033844,0.4202569903433323,0.6662708410225139,3.0073398874561534,3.0073398874561534,3.0073398874561534,3.8274612885152126,0
HK.00712,492,0.05900000035762787,0.05700000002980232,3.5087725031225445,14.401749453295846,136150.0,8032.850048691034,2.805951543782313,0.06092000000178814,0.08977000007405878,-3.2786890251666563,-21.33333598242855,-39.17525915730096,-42.71844632102628,-63.12499895226208,1
HK.00713,492,0.3149999976158142,0.3149999976158142,0.0,0.8974358974358975,21300.0,6709.499949216843,0.45815295832360853,0.3444000053405762,0.3850249993801117,-5.970152307656038,-18.18181677438852,-20.253167326605755,-21.250001769512867,-27.58620784153221,0
HK.00716,492,0.4050000011920929,0.4050000011920929,0.0,0.008819150638625933,1354675.25,548643.4778648987,2.6354594461248095,0.4308034789562225,0.5412897238135338,-6.746982230622366,-10.510466312713504,-37.35732641889945,-37.35732641889945,-34.552431037191354,0
HK.00717,492,0.06499999761581421,0.06499999761581421,0.0,0.941424161550504,2887691.95,187699.9698652059,3.857127136160184,0.06634000018239021,0.08306500025093555,-1.5151545939038447,-8.45071058073706,-28.57142974106448,-30.10753110276842,-35.64356895781356,0
HK.00718,492,0.029999999329447746,0.03099999949336052,-3.2258070330838233,0.03604512850088311,555860.0,16675.799627266824,3.995110637654252,0.030620000213384627,0.03173500026576221,3.448276526508396,-6.250006548361542,-9.090910630285256,-6.250006548361542,-50.819673783049964,0
HK.00719,492,5.46999979019165,5.425000190734863,0.8294856751091012,0.6188925081433225,278500.0,1523394.9415683746,1.8432998461312875,5.923050470352173,6.2378560733795165,-7.601356086197981,-2.019782377617838,-15.534293909252806,-16.162754198377325,-24.680981066605806,1
HK.00720,492,0.27000001072883606,0.27000001072883606,0.0,0.8196589628560065,158752.45,42863.163203229014,3.3150934247469217,0.28470000088214875,0.298315002322197,-6.8965453455194,-27.027025067780148,-32.49999832361939,80.0,68.75001047737919,0
HK.00722,491,0.4000000059604645,0.4000000059604645,0.0,0.0,29910.75,11964.300178281963,0.9908904734791526,0.4389999961853027,0.4549444459378719,-6.976744347227267,-13.043478542555025,-14.189664890333278,-14.189664890333278,-9.71251945011021,0
HK.00723,492,0.25999999046325684,0.2549999952316284,1.960782480441495,0.311082629768119,1557985.9,405076.3191418886,4.65930740040689,0.23023999899625777,0.24315999917685985,13.043472063789407,23.809523133734164,13.043472063789407,-11.864406094746942,1.960782480441495,1
HK.00725,492,1.0199999809265137,0.9850000143051147,3.5532960520909493,2.2757111597374178,12725.0,12979.499757289886,0.7950975835575363,0.9738117611408234,0.8707624161243439,8.37499756971375,-9.53043347335263,31.853656646043742,35.14999545887119,35.14999545887119,1
HK.00726,492,0.032999999821186066,0.032999999821186066,0.0,1.4790020628186666,68982.5,2276.422487664968,1.3637678651347485,0.03781999975442887,0.038930000197142364,-17.499998603016106,-32.653059828087734,-13.157892414985195,0.0,-44.999999068677404,0
HK.00727,492,0.5049999952316284,0.44999998807907104,12.222224135457784,0.16123831022250887,32520.0,16422.599844932556,1.5843333584166186,0.5268999969959259,0.6613710898160935,7.446807768615783,-15.833337472544612,-35.25640849295916,-32.66666730244954,-62.8676478000145,1
HK.00728,492,4.525000095367432,4.494999885559082,0.6674129159542398,0.5467403971609278,70729586.2,320051384.300299,2.2528289453626322,4.529209041595459,4.791344313621521,-0.47779945658033224,-3.4409886417958226,-4.621071401326374,-12.29322909388279,-15.832275354809367,1
HK.00730,491,5.989999771118164,6.130000114440918,-2.2838554764941064,0.901595635588006,25155.0,150678.44424247742,3.1741867481382218,5.959399967193604,6.091151292324066,-1.8032809054778194,-4.920641432243182,-4.687880909813986,-1.637898890292925,-0.03851424151612426,0
HK.00731,491,0.29499998688697815,0.2849999964237213,3.508768627628134,0.47335410831919844,79755.0,23527.723954170942,1.1208716151836722,0.3087000018358231,0.29320500023663043,-13.235298887049812,-32.954548071484936,73.52940222590037,37.20929394418205,62.9834233220798,1
HK.00732,492,0.8050000071525574,0.824999988079071,-2.424240147334014,1.0995093722480815,1626400.0,1309252.0116329193,2.605768232602865,0.8454999947547912,0.9400863391160965,-1.226992698467561,-14.361701149538986,-7.3260071500621,-21.913577320345816,-26.050418833713497,0
HK.00733,491,0.1809999942779541,0.1809999942779541,0.0,0.0,12720.65,2302.437577211857,0.7962159576428439,0.2112200003862381,0.24785500101745128,-18.099550409717878,-16.972477691320663,-35.357145175945995,-29.019608759779253,-50.41096176745894,0
HK.00736,492,0.17100000381469727,0.16699999570846558,2.395214496421044,0.11392733466436555,439447.9,75145.59257636071,10.174673651775535,0.17955999970436096,0.42080499917268754,22.14285934762078,-38.92857032618961,-62.82608680159474,-75.21739066586076,-51.14285522091142,1
HK.00737,492,2.005000114440918,1.9800000190734863,1.262631067000196,2.658394896043223,247249.15,495734.5740454197,1.3949953052678206,1.8767902326583863,1.8455123835802079,5.526323136860737,10.213746712753428,8.500580623215368,12.583930927045115,16.38650970080184,2
HK.00738,491,0.36000001430511475,0.36000001430511475,0.0,0.3374159198965842,819420.0,294991.2117218971,3.8901140589346523,0.3165000009536743,0.29069500088691713,7.462688160516194,30.909093273572637,22.03390857879588,51.2605067271228,47.540987811399916,0
HK.00743,492,1.6799999475479126,2.069999933242798,-18.840579626682562,,6900.0,11591.999638080597,0.07440469326987614,2.0621999335289,2.0462899845838547,-18.840579626682562,-18.840579626682562,-17.485268343270757,-17.485268343270757,-17.485268343270757,0
HK.00745,492,4.71999979019165,4.784999847412109,-1.358412942387307,1.6163887626292832,100914.0,476314.0588274002,4.276411045778662,5.268399987220764,2.594500002861023,-13.789956668347864,21.336752259751457,604.4775630775033,555.5555003660719,774.0740004880957,0
HK.00746,492,4.514999866485596,4.375,3.1999969482421875,0.8651340996168583,330662.5,1492941.1433517933,2.841150499789651,4.48634165763855,4.784365036487579,2.380952895839731,5.63462555183048,-17.66906002656532,-7.279305805207284,-9.528131521215688,1
HK.00747,492,0.06300000101327896,0.06700000166893005,-5.970150083602185,0.8695652173913043,236900.0,14924.700240045786,6.0395605906066425,0.0695600002259016,0.08532500056549906,-7.352944721296804,-21.249996973201565,-49.59999918937683,-24.096381432398413,0.0,0
HK.00750,492,0.18400000035762787,0.1850000023841858,-0.5405416290110301,0.1618605443625676,225320.0,41458.88008058071,3.2976826467287905,0.19994000017642974,0.2252049997448921,-7.537688705608766,-19.29824549937549,-23.333331470688144,-23.012549770815145,-40.64516163145218,0
HK.00751,492,3.859999895095825,3.9049999713897705,-1.1523707201956779,0.5765712497902884,810670.8,3129189.202957249,2.441016683932772,4.346199965476989,5.40019998550415,-11.87215081640398,-20.41237173203088,-45.092464012870124,-25.48262503835179,13.529405494874913,0
HK.00752,492,2.0850000381469727,2.0950000286102295,-0.4773265072406982,1.8060735215769845,397800.0,829413.0151748657,1.21797647346158,2.221299996376038,2.374928184747696,-7.53880566148412,-9.083429455407588,-17.45235430665114,-15.912285401483578,-16.22487931572264,0
HK.00753,492,3.619999885559082,3.5850000381469727,0.9762858309535811,0.5827120168777159,20493780.55,74187483.24567294,2.9288148853134457,4.020700006484986,5.328475003242493,-6.338942389990492,-26.12245275298035,-36.26760572248261,-49.085797221078934,-27.30923952420844,1
HK.00754,491,2.640000104904175,2.640000104904175,0.0,,0.0,0.0,0.0,2.640000104904175,2.8292500603199007,0.0,0.0,-11.999996503194172,-10.2040798121586,-19.999995665116682,0
HK.00755,492,0.28999999165534973,0.2549999952316284,13.725489050275936,0.806962937345092,36660.0,10631.399694085121,3.7276878418677453,0.2879999965429306,0.33376499980688096,-13.432840468172232,-21.62162488703309,-21.62162488703309,-20.547949567613223,-27.500003166496708,1
HK.00756,492,0.949999988079071,1.0,-5.0000011920928955,0.09210223347916187,87260.0,82896.99895977974,5.44278011067301,0.6438000041246414,0.607275005877018,123.52940268995054,41.791039464946024,43.939386413555255,146.75324976916747,43.939386413555255,0
HK.00757,492,0.05700000002980232,0.0560000017285347,1.7857111971446182,0.01751006828926633,549700.0,31332.900016382337,3.8512236832421785,0.060059999525547025,0.07343999996781349,-8.064514578443138,-12.307689045307784,-37.36263605804346,-28.74999837018546,-47.706420732792644,1
HK.00759,492,0.2070000022649765,0.20800000429153442,-0.4807701951564923,0.13404825737265416,48900.0,10122.300110757351,0.9652870305985096,0.22072000026702882,0.2218099994212389,-4.608290690488932,-14.81481413346314,-0.4807701951564923,-8.407077049488274,-28.620686820230844,0
HK.00760,491,0.11599999666213989,0.11599999666213989,0.0,0.0,3012.5,349.4499899446964,0.0,0.12478000149130822,0.16063500102609396,-5.691062229246363,-32.94797608199877,-35.55555997071425,-27.500000465661294,-20.547946323975335,0
HK.00762,492,5.78000020980835,5.809999942779541,-0.516346527825254,0.2834947037992252,52150801.45,301431643.3226736,2.508314534178151,6.176400003433227,7.167418718338013,5.186539220833315,-20.821917002902175,-23.146696294968137,-26.865410222700337,-37.5566902447807,0
HK.00763,492,22.6200008392334,22.459999084472656,0.7123854019716177,0.8519687227161098,6949852.05,157205659.20354795,2.272342188460092,24.28199996948242,25.64132438659668,-5.434779401814963,-14.039550637310377,-5.28105049152937,-16.468874686777518,-28.44633687192092,1
HK.00764,492,0.23000000417232513,0.25999999046325684,-11.538456688971031,11.170283930429612,5873.3,1350.8590245053172,0.5000000323938281,0.26813999891281126,0.5946599985659122,-9.80391824580021,-23.333334989017846,-63.49206255346679,-76.76767657002847,-55.76922834448551,0
HK.00765,491,0.16500000655651093,0.13600000739097595,21.323527639351596,,19100.0,3151.5001252293587,1.3030301826168842,0.1360200011730194,0.21033000014722347,25.95420611445844,17.857147038591133,-33.99999737739563,-45.90163846324768,-58.74999897554518,1
HK.00767,492,0.46000000834465027,0.4749999940395355,-3.1578917648653198,0.29742269713717134,3579102.8,1646387.317866361,11.264145451141824,0.4375999969244003,0.4681499980390072,17.948724414705293,2.2222267845531776,-9.80391824580021,-7.999998331069946,-26.984125106933572,0
HK.00769,491,0.699999988079071,0.699999988079071,0.0,,0.0,0.0,0.0,0.699999988079071,0.699999988079071,0.0,0.0,0.0,0.0,0.0,0
HK.00771,492,0.7049999833106995,0.7300000190734863,-3.42466234377868,0.7786630094468154,36334.4,25615.751393604278,1.5759025030943694,0.7155000007152558,0.7431760713458061,-4.081636790548634,-7.236843137199542,-1.2575289656838031,1.1805544446755074,-14.628906959087557,0
HK.00772,492,19.079999923706055,18.940000534057617,0.7391731029610731,0.4083933294729037,8284000.05,158058720.32198095,4.9974174119715675,20.260400047302245,27.272049999237062,-7.19844154027312,-12.55728601943153,-37.02970163653035,-43.24806505091578,-54.09047330790507,1
HK.00775,492,0.550000011920929,0.5400000214576721,1.851850012202395,0.20673787384959377,7315392.5,4023465.9622062743,4.306868147326546,0.5740999972820282,0.7176250004768372,0.9174302896359119,-20.28985306936711,-28.571425253915795,-33.73493699034886,-40.217391093083734,1
HK.00776,492,0.23800000548362732,0.2280000001192093,4.385967262802434,0.27861488599533746,855350.0,203573.30469042063,9.229007807195469,0.27566000044345856,0.7643286345899105,5.309738772749573,-57.499999201723504,-73.55555424572505,-81.25984180645443,-74.13043465585024,1
HK.00777,492,7.994999885559082,7.840000152587891,1.9770373718682626,1.784864433466278,1900096.25,15191269.30130124,3.7762185044036443,7.351211328506469,8.074064176082612,13.843681085084162,11.313821001545751,2.354146655031303,-15.899482237034556,-15.799691335891271,4
HK.00780,492,10.640000343322754,10.5,1.3333366030738467,0.5428015973314625,21189317.4,225454344.4107748,3.906622631243411,12.729600048065185,17.316771893501283,-21.476013331733316,-23.737725038958747,-44.88511426428313,-52.98040895502486,-50.85089845350702,1
HK.00784,492,0.5849999785423279,0.5899999737739563,-0.847456856590309,0.23938716884774977,590600.0,345500.98732709885,4.811737989536342,0.621599999666214,0.46565500006079674,2.6315764707211,-13.970592295731599,148.93616171323535,580.2325100875227,908.6206816818992,0
HK.00788,492,9.045000076293945,9.010000228881836,0.3884555662930648,0.864980703755809,17226497.9,155813674.8197775,1.2171311024502216,9.215739002227783,10.117695026397705,0.6340205266718559,-5.1341583125501495,-11.694509184381078,-17.894038269719857,-13.447872629149188,1
HK.00789,492,0.9599999785423279,1.0149999856948853,-5.418719992877978,0.42286874154262516,132564.0,127261.43715548515,8.340212689637742,1.1729000008106232,1.65822499781847,4.347821861674596,-41.81818227794217,-46.66666644590872,-50.76923307347339,-38.064515608034306,0
HK.00794,491,0.3499999940395355,0.3499999940395355,0.0,0.42105263157894735,19400.0,6789.999884366989,1.3151260925424433,0.297399999499321,0.24853499963879586,27.272722346723675,22.80701699349358,82.29166197771625,74.99999441206462,90.2173876952528,0
HK.00797,492,1.1050000190734863,1.0800000429153442,2.3148125152529935,0.6817366343738788,573500.0,633717.5109386444,6.298456077238482,1.0426999998092652,0.7952250000834465,44.44444963874909,-4.741374925044588,84.1666625274554,121.00000381469727,100.90909002241027,1
HK.00798,491,0.14499999582767487,0.13099999725818634,10.687022032447905,0.10137581462708183,273600.0,39671.99885845184,3.207399814012913,0.1469400018453598,0.18659063205122947,-6.451616314521787,-14.11618339808227,-32.07370825156193,-30.8158176267218,-41.39692203883956,2
HK.00799,492,3.109999895095825,3.0899999141693115,0.6472485916521551,0.8287412458115805,1306014.5,4061704.9579936266,2.3113519031009324,3.2032885217666625,3.0240728056430815,-1.7068899297201532,-2.873573403011062,27.867345918509383,-0.4743919811763068,-11.647987099424933,3
HK.00800,212,14.859999656677246,15.460000038146973,-3.880985640292678,2.1712406562270634,930281.25,13823979.05561328,3.640622550727837,15.54480001449585,18.93789996623993,-4.560051715241786,-10.535827148517344,-9.50061152477654,-36.38698943315821,,0
HK.00804,492,14.119999885559082,14.09000015258789,0.21291506491347623,0.6489165334198967,320366.35,4523572.825336981,7.803787996353058,10.100499968528748,5.20542498588562,4.437865439944337,306.91641985992396,320.23810495257135,267.7083385720229,449.41635223089753,3
HK.00805,413,9.920000076293945,9.5,4.421053434673109,0.9835390946502057,2196350.0,21787792.167568207,7.37512655487239,8.157399930953979,3.3977999794483185,14.022991882477505,169.56521457444973,740.6780099361957,955.3191597292249,719.8346912026306,4
HK.00806,492,1.9800000190734863,1.9850000143051147,-0.25188892673024776,0.26047109896293913,1600800.0,3169584.030532837,2.4485482063755954,2.049499998092651,2.1723960381746292,-1.9801961500356329,-4.347822080763087,-7.713621503168179,-17.801609895255652,-21.610022623887684,0
HK.00807,491,0.9399999976158142,0.9399999976158142,0.0,0.0,320650.0,301410.9992355108,0.9758258864659645,0.9693000030517578,1.0363077041506767,-1.0526305882884401,-6.000000238418579,-15.207807389369096,-12.874077919185048,-17.419777090862326,0
HK.00809,492,0.3700000047683716,0.3700000047683716,0.0,0.03133733323054688,412362.3,152574.05296629667,4.238030114355991,0.38540000200271607,0.5564499993622303,-6.329115261120019,-36.206893893966416,-38.33333498901784,-42.187497962731825,-59.782608906916266,0
HK.00811,492,8.180000305175781,8.0,2.2500038146972656,0.9405423152980577,1616845.0,13225792.593421936,2.5516764154460034,8.953899936676025,9.595026345252991,-11.375940293992079,-13.985277515208146,-15.655760611824151,-14.819844960008579,-21.397489239907248,3
HK.00813,492,0.039000000804662704,0.03799999877810478,2.631584365034542,0.5246637320425808,62259562.5,2428122.987597948,8.904505539415588,0.0617600005120039,0.14335000017657876,-39.062501637090385,-57.60869485993354,-78.08988756990361,-79.58115137293916,-87.41935467589782,1
HK.00814,491,0.28999999165534973,0.28999999165534973,0.0,0.0,83000.0,24069.999307394028,2.990715790357202,0.28393999725580216,0.29788500152528286,3.571425150243618,7.40740004880958,-7.936509888789085,-7.936509888789085,0.0,0
HK.00815,492,0.23800000548362732,0.23000000417232513,3.478261376599048,0.6356679741997534,35245100.0,8388333.993270993,5.492659216589986,0.2702599981427193,0.46676499806344507,-16.491225098198655,-27.87878908292207,-55.094336163916836,-67.8378375112967,-52.399998903274536,1
HK.00816,492,2.140000104904175,2.1500000953674316,-0.46511581486920134,1.0557404417581926,271945.9,581964.2545282603,2.6430557181694208,2.2086349058151247,2.324174609184265,-6.551087834457013,-5.38604644593056,-4.610524626593246,-10.480647066209713,-22.853724539194715,0
HK.00817,492,1.2000000476837158,1.1700000762939453,2.564099951582692,0.6918466155029693,93571984.6,112286385.98185992,6.18462906732947,1.3432725358009339,1.4238206642866134,-15.988452421320206,-22.103212413613893,-15.119363171561451,0.06253454882232565,-12.907060275319218,1
HK.00818,492,0.3449999988079071,0.3199999928474426,7.812502037268178,1.8584100698472563,378399.2,130547.72354891301,3.6379464218724946,0.3464000028371811,0.4296000002324581,-4.166670805877945,-19.76744347227268,-25.000001619691403,-31.00000023841858,-31.00000023841858,1
HK.00819,492,4.039999961853027,3.950000047683716,2.2784788122240043,1.1272507211890597,9799598.1,39590375.950174995,3.4186419580644096,4.590200004577636,5.9872053790092465,-13.675211323945549,-25.185187212887744,-35.47830089362522,-39.54479140101915,-49.4554819856466,1
HK.00821,492,0.42500001192092896,0.4099999964237213,3.6585403970846935,2.639102277368288,9281840.0,3944782.110648155,13.366444664930594,0.3373000007867813,0.3158800005912781,41.66666501098216,28.78787728271105,39.34426293581987,28.78787728271105,-26.724133767214052,2
HK.00822,492,0.3050000071525574,0.3050000071525574,0.0,2.310717797443461,175100.0,53405.501252412796,2.5467897630069385,0.35250000476837157,0.35315000131726265,-8.955224013376348,-16.438356388082727,-4.687495634425334,-20.77921695905455,-11.594200519873441,0
HK.00825,492,0.26499998569488525,0.2549999952316284,3.92156496088299,10.625620655412115,308050.0,81633.2455933094,3.857849723828229,0.27100000143051145,0.30722500160336497,1.9230751596258298,-10.169492381566323,-20.895528628688425,-3.6363709268489552,-11.666674945089223,1
HK.00826,492,3.140000104904175,3.2100000381469727,-2.180683252677047,0.7246307240913729,19899583.35,62484693.80654938,5.170557450614936,3.0619999980926513,3.34773274064064,13.974590724885912,-19.874444289710794,-14.69111717516449,-0.4729721866327829,29.021957444874207,0
HK.00827,492,0.04500000178813934,0.0430000014603138,4.651163395125501,2.021216139420345,1849000.0,83205.00330626965,9.366694603668464,0.04558000065386295,0.041275000190362336,0.0,28.57143313300851,-11.764700726241704,60.71428713977941,55.172424424134334,1
HK.00828,491,0.16099999845027924,0.16099999845027924,0.0,0.0,80600.0,12976.599875092506,2.4264508286882847,0.17462000042200088,0.21854499958455562,-11.53846059375561,-14.814813646783339,-34.28571619723347,-36.86274452513797,-46.33333598242855,0
HK.00829,492,0.2370000034570694,0.23800000548362732,-0.420168909040935,0.6353135313531353,2607800.0,618048.6090153456,7.636507341231932,0.16505999803543092,0.20589999817311763,54.90196594042496,48.12500547152025,-5.199998617172241,-13.818182429006265,-16.842103006657002,0
HK.00830,492,0.7300000190734863,0.7099999785423279,2.816907202197346,0.134478894284647,524500.0,382885.0100040436,5.422167985649876,0.6912112069129944,0.8905349069833756,5.345194052712646,-1.4954039540279584,-21.805637269376817,-37.31526164500243,-42.0839833143328,1
HK.00831,492,0.39500001072883606,0.38999998569488525,1.282057748038625,0.028315243039169418,408900.0,161515.50438702106,2.1748193153278614,0.3683455604314804,0.3295250678062439,-3.5095750395727925,19.19404364368628,33.332203285822715,37.498851064085834,31.342169414935782,1
HK.00832,492,0.03200000151991844,0.03400000184774399,-5.882353585690328,0.6722237160527024,184200.0,5894.400279968977,5.338742784808527,0.036120000146329406,0.05171000036410987,-11.111103062644071,-25.581394341457496,-42.85714190681373,-54.28571230902964,-68.62744890362514,0
HK.00833,492,0.5899999737739563,0.6050000190734863,-2.479346252335911,0.44220611718462105,619730.0,365640.68374693394,4.567428336405968,0.7490000009536744,0.7003306038677692,-7.812502037268178,-39.795922215210226,-4.204533973250006,-8.558880176287229,11.086363047693522,0
HK.00834,492,0.25,0.2409999966621399,3.734441270751258,1.9771863117870723,57800.0,14450.0,2.253449725623204,0.26422000020742414,0.3190150011330843,-3.8461503192516595,-5.660372265889812,-19.35483932991305,-37.50000093132256,13.12217151856789,2
HK.00836,492,18.829999923706055,18.760000228881836,0.3731326970692206,0.3974934196003483,11723537.75,220754214.93806505,2.0739347063596085,18.350599517822264,17.96374655723572,7.107645085023504,-3.2785492756724217,6.747847140923348,12.742214039914975,8.027586783450294,1
HK.00837,492,5.789999961853027,5.804999828338623,-0.2583956404678935,8.023137121469889,100950.0,584500.4961490631,0.7145494278990208,6.045200004577636,6.812466413974762,-3.580352181357248,-8.962266661878301,-19.93170412426721,-22.367238176733515,-15.514143933026444,0
HK.00838,492,0.699999988079071,0.7099999785423279,-1.408449403588351,0.5415860735009671,860900.0,602629.9897372723,2.348718716092093,0.7532156038284302,0.8064298555254936,-2.1897279505380665,-29.039601337704052,-10.814919815412594,-12.913395402538358,-27.91684768191434,0
HK.00839,492,1.8600000143051147,1.8350000381469727,1.3623964925574428,1.9350371223361118,2819153.05,5243624.7133283075,2.5455153347229964,1.8548000049591065,2.4156999987363816,-0.26809625769762824,-0.5347588469389063,-34.042551122820484,-40.575081587901195,-33.80782732453453,1
HK.00840,491,0.1720000058412552,0.1720000058412552,0.0,0.0,69600.0,11971.200406551361,2.2293464836465176,0.1757200014591217,0.20107000015676021,4.878049445322461,-4.444444996339281,-26.18025353079184,-19.99999861384549,-19.62616607678262,0
HK.00841,491,0.1599999964237213,0.16500000655651093,-3.0303090509739805,0.0,160600.0,25695.999425649643,4.539543373562763,0.1554200020432472,0.1917150002717972,3.225803350434739,-11.602209126031227,-17.098449036215303,-41.81818437970369,58.415832527478074,0
HK.00842,492,0.8600000143051147,0.8600000143051147,0.0,0.02699055330634278,394800.0,339528.0056476593,2.9126532539401486,0.9312000012397766,1.0369500014185906,-1.1494241848790827,-28.333334989017843,45.76272076828976,-59.047616506649945,-52.74725332307347,0
HK.00844,492,0.41999998688697815,0.38499999046325684,9.09090838719426,3.823529411764706,16200.0,6803.999787569046,1.1359432320006326,0.40160000026226045,0.4425749996304512,10.526313725600916,-27.586207073735576,10.526313725600916,-17.64705985475166,29.23076993614967,1
HK.00845,491,0.009999999776482582,0.009999999776482582,0.0,,0.0,0.0,0.0,0.009999999776482582,0.009999999776482582,0.0,0.0,0.0,0.0,0.0,0
HK.00846,492,0.07999999821186066,0.07599999755620956,5.263158926673246,1.039236479321315,49600.0,3967.9999113082886,1.7449309776173354,0.08154000028967857,0.09813000004738569,-2.439029265698055,-12.087912267856074,-22.330098913329206,-26.60550446173587,-36.000001430511475,2
HK.00848,492,0.0989999994635582,0.09700000286102295,2.0618521067476143,24.724495093540213,469200.0,46450.799748301506,2.082973592379831,0.10533999994397164,0.11820000011473894,-2.941175181560426,-10.0,-23.84615146549487,-21.42857311804546,-23.84615146549487,1
HK.00851,491,0.16500000655651093,0.16500000655651093,0.0,0.0,3500.0,577.5000229477882,0.15624985448084444,0.16636000126600264,0.2178099999576807,-2.9411736347271384,-5.172407296362352,-11.290321159271858,-35.29411386591058,-48.43749679857858,0
HK.00852,492,0.33000001311302185,0.16599999368190765,98.79519618860598,,1076633.0,355288.90411791205,4.939393818980521,0.16927999407052993,0.16681999377906323,98.79519618860598,98.79519618860598,98.79519618860598,98.79519618860598,98.79519618860598,1
HK.00853,491,6.074999809265137,6.074999809265137,0.0,0.0,4780324.7,29040471.640725423,1.92206771157447,6.569999923706055,8.860499997138977,-8.852215393319472,-11.184215296154907,-41.58653815293452,-43.48837386730106,-55.59210764807745,0
HK.00854,491,5.099999904632568,5.125,-0.48780673887671494,0.13764624913971094,7015.0,35776.49933099747,0.9146686661215659,5.313099985122681,5.5072249817848205,-7.942239354696441,-3.409096553469925,4.294479424963625,-12.220310587598803,-40.00000112196979,0
HK.00855,492,4.320000171661377,4.349999904632568,-0.6896490489400458,0.5546969132635823,1022177.05,4415805.03146832,1.5859182793497228,4.531999998092651,4.906568262577057,-6.086950842960002,-7.096772407269787,-17.629967620039245,-15.913931968197698,-25.095871809450752,0
HK.00856,492,9.359999656677246,9.21500015258789,1.5735160248329958,0.403719596185535,3668363.0,34335876.42056751,4.557227627172187,9.719099998474121,8.86467098712921,-5.740187623170924,-10.687022275576217,19.67488797097808,20.71039124391708,-4.260086121012479,1
HK.00857,492,9.789999961853027,9.975000381469727,-1.8546407272361534,0.861465259638812,69992233.75,685223965.7425082,2.621069571523096,9.581891956329345,9.272231616973876,1.1580363145951027,3.974991046382171,-2.376872462257854,21.914336832216886,39.38591931277862,0
HK.00858,492,0.07999999821186066,0.08100000023841858,-1.234570399524046,1.0266633441315725,2076000.0,166079.99628782272,5.669754816248316,0.0783800008893013,0.07909000050276518,0.0,14.285711244660995,2.564098155475083,-2.439029265698055,-33.33333333333333,0
HK.00859,492,0.12800000607967377,0.11599999666213989,10.34483600243968,,4000.0,512.0000243186951,0.46875034560797024,0.11583999961614609,0.11748500023037195,9.401715824154579,28.00000417232507,16.363642521141024,9.401715824154579,16.363642521141024,1
HK.00860,492,0.6399999856948853,0.6499999761581421,-1.5384601277006635,0.07865416994913756,277605.45,177667.4840288222,8.363962314129534,0.49259999752044675,0.5871749973297119,27.99999713897705,1.5873000855468575,6.666660043928621,-4.477616454795883,4.918027981350978,0
HK.00861,492,2.255000114440918,2.1600000858306885,4.398149297929059,2.3988178936682223,1029026.6,2320455.1007627486,5.746266734695165,1.851900007724762,2.242235956788063,20.5882411064611,15.516908878106022,-8.414876285140902,-13.579459991093113,-23.881242532509287,1
HK.00862,491,1.0800000429153442,1.0800000429153442,0.0,0.0,76950.0,83106.00330233574,4.808697577272362,1.1430999970436095,0.7163249981403351,-0.9174302896359119,50.0,145.45455653805385,134.78261376599048,140.00001589457236,0
HK.00863,492,10.369999885559082,10.039999961853027,3.2868518422299715,1.2791866729610646,1626783.45,16869744.190329406,4.295090597462518,11.64600004196167,13.763700003623962,-12.636899869096748,-11.291700104414696,-17.698416098385277,-38.9281497931459,-31.68643163977196,1
HK.00864,491,0.15600000321865082,0.15600000321865082,0.0,0.0,9400.0,1466.4000302553177,0.0,0.1798400005698204,0.18630999989807606,-17.460313831076807,-21.99999955296517,-28.440363774264625,14.705878485858031,-6.586822019455385,0
HK.00865,491,0.05400000140070915,0.05400000140070915,0.0,0.0,137260.0,7412.040192261338,2.6525371351603577,0.049400000274181365,0.043180000092834236,3.846154397232281,-16.923071720896196,38.46153919630971,45.9459478507693,45.9459478507693,0
HK.00866,492,1.9800000190734863,2.0199999809265137,-1.9801961500356329,0.27876470590159935,4184311.5,8284936.849809408,4.935199133159414,1.8467999958992005,2.648300002813339,-5.938242226478393,12.50000169331378,-49.3606144345434,-25.000002257751607,-27.999999306418676,0
HK.00867,492,11.050000190734863,10.899999618530273,1.3761520867357198,0.8368482539122966,6607068.15,73008104.31769824,3.658422894968927,11.595005474090577,12.391638917922974,-3.978838949929671,5.6865092315895875,-14.53950892743544,-13.300946173962819,-16.730794908969756,1
HK.00868,492,8.425000190734863,8.520000457763672,-1.1150265484110577,0.6137557517375366,8794689.15,74095257.76620384,3.0610966321488924,8.919777202606202,9.180751359462738,-7.822758487205479,-9.848315000600552,-17.144291044993093,3.057286381277475,2.334074463804036,0
HK.00869,492,0.4699999988079071,0.4699999988079071,0.0,1.2056633592388029,390462.0,183517.13953453302,1.1323170634468782,0.45449999809265135,0.4516499984264374,5.617978957818797,-2.083331393077926,17.499997951090364,17.499997951090364,-18.965515115173133,0
HK.00871,491,0.0430000014603138,0.0430000014603138,0.0,0.0,102000.0,4386.000148952007,1.7251026738944333,0.05288000002503395,0.07081000003963708,-17.307691205535438,-37.6811557427295,-48.80952138090482,-32.81250090949466,-35.82089494147847,0
HK.00873,492,0.35499998927116394,0.36500000953674316,-2.7397315080268676,0.09611479422758024,1363153.55,483919.49562494905,5.31463615495595,0.415200001001358,0.5456250019371509,-17.441864333454436,-33.01886633309057,-40.83333747254461,-39.83050761843367,-52.66666809717814,0
HK.00874,492,13.170000076293945,13.199999809265137,-0.22727070761118093,0.485191205665217,1550248.65,20416774.838774584,1.5084888903710145,14.56105001449585,16.05284927845001,-10.40268602246462,-11.285125087704714,-24.267664165607343,-22.974166588579664,-24.308666712926378,0
HK.00875,492,0.28999999165534973,0.29499998688697815,-1.694913713180618,0.5000982798054551,4502471.2,1305716.6104284525,11.682043197877547,0.3625999987125397,0.8565749993920326,-27.500003166496708,-46.29629997559521,-50.84745685659031,-80.0000012331995,-17.142858115994215,0
HK.00876,491,1.9199999570846558,1.9199999570846558,0.0,0.0,9110.0,17491.199609041214,4.428158309948938,1.9357000064849854,4.730325005054474,-8.571426462964851,-36.000001430511475,-80.40816408452864,-49.47368470585578,66.95652146871238,0
HK.00878,492,6.005000114440918,6.050000190734863,-0.7438028905000642,0.23103581055063535,32837.5,197189.19125795364,0.7420633917462399,6.23720006942749,6.477602062225341,-4.606830156287448,-9.699247694384816,-10.411335065814606,-3.301125965326491,3.430043486388205,0
HK.00880,492,1.3899999856948853,1.375,1.0909080505371094,0.49041596527979087,7761448.85,10788413.790471584,2.9462040051978575,1.475699999332428,1.999825005531311,-6.397308262295434,-17.751482921188977,-37.668162609595036,-42.561985873009995,-53.04054162901103,1
HK.00881,492,3.0950000286102295,3.1549999713897705,-1.9017414682609706,1.3134034744955785,8798377.7,27230979.233223602,5.154492925237224,4.227399983406067,7.916999984979629,-28.76869555674445,-46.63793229603168,-68.61054628420521,-73.43347527936929,-80.88326172627652,0
HK.00882,492,2.0999999046325684,2.0899999141693115,0.47846846286744554,0.4642968183231423,233925.0,491242.47769117355,1.7117286321633913,2.0901999616622926,2.273168593645096,0.9615375798129149,-0.7906527356679268,-17.882898236391814,-10.509118419050015,-16.27665010710611,1
HK.00883,492,24.360000610351562,24.479999542236328,-0.49019172438188424,0.989885671303747,60687383.75,1478344705.1906395,2.468922250341225,23.268404273986818,23.312059392929076,3.353863314799487,4.464266361281222,-6.049820388635547,18.189833050050744,34.02994682419072,0
HK.00884,492,0.03099999949336052,0.03099999949336052,0.0,0.28615649345072164,68637035.65,2127748.070375768,7.069526071407473,0.03759999968111515,0.08185999980196357,-16.216218665274816,-36.73469325692788,-59.740260180081506,-80.62499988358468,-86.03603644421247,0
HK.00887,492,0.28999999165534973,0.29499998688697815,-1.694913713180618,0.8354245589104179,4187246.3,1214301.392058894,2.883839737992994,0.27600480526685717,0.26889725238084794,3.0927774979653266,20.552036709779642,-5.628454575792422,34.81649533098728,7.3883160563923065,0
HK.00888,491,0.03799999877810478,0.03799999877810478,0.0,0.0,34200.0,1299.5999582111835,1.3472576296322383,0.040699999779462814,0.06336500005796551,-7.317078711020517,-26.92308078062597,-53.65853935551026,-56.818182972713934,-55.813956409773255,0
HK.00889,492,0.4000000059604645,0.3799999952316284,5.263160784158717,5.318471337579618,227500.0,91000.00135600567,4.830364201399397,0.41349999606609344,0.4084250006079674,-8.045976145262136,-25.925927765575384,19.402983879612854,8.108108325802206,29.03225899486958,1
HK.00893,492,0.06400000303983688,0.06400000303983688,0.0,0.9199237368922784,178550.0,11427.200542762876,4.8249705750389325,0.06928000032901764,0.07857500027865172,-16.88311248489927,-7.246370082441217,-27.27272342428686,-21.951217960914253,-19.999994412064428,0
HK.00894,492,2.7049999237060547,2.5250000953674316,7.1287058035706705,2.622116567715115,4493600.0,12155187.657165527,9.636397085111774,1.9789999985694886,1.7461500012874602,73.39743736697848,-52.03900730955871,246.79487473395696,246.79487473395696,383.03569860528324,4
HK.00895,492,1.5750000476837158,1.5299999713897705,2.9411815121192215,0.6066714190899929,1474550.0,2322416.320312023,2.799207147300788,1.6556999897956848,2.037574990987778,-3.9634108889109703,-3.9634108889109703,-35.18518500349141,-27.08333402320188,-36.49193404957607,1
HK.00896,492,0.26499998569488525,0.2549999952316284,3.92156496088299,0.359232678997661,49971.5,13242.446785151958,2.99127315463167,0.26869999945163725,0.2538849990814924,0.0,-5.357148369051949,15.217382994626707,9.053491734516008,0.0,1
HK.00897,492,0.3400000035762787,0.33500000834465027,1.4925358528601556,6.678080897597881,401394.65,136474.18243549913,2.7049195210458605,0.3056000006198883,0.3389000003039837,17.241383917124878,9.677419664956526,4.615389553047677,-12.820508705793602,-2.8571401810159034,1
HK.00898,491,0.9100000262260437,0.9100000262260437,0.0,0.0,29400.0,26754.000771045685,0.0,0.9827000105381012,0.9917702132463455,-7.61421187714206,-2.150535566956493,-16.0714275897699,-6.930692284672863,-12.103044266198475,0
HK.00899,492,0.2070000022649765,0.1899999976158142,8.947370980254863,10.165745856353592,102375.0,21191.62523187697,1.757139407649346,0.20725999802350997,0.19864999890327453,23.952100349954225,3.4999995902180734,5.612248815642753,18.285717594380337,-29.830504587688893,1
HK.00900,492,8.949999809265137,9.024999618530273,-0.8310228524680034,1.3274015078451502,72121.75,645489.6487438679,1.0551156325374784,8.920900039672851,7.927974467277527,-0.5555576748318142,10.510539047625103,21.475044543091112,27.640439260503936,35.28721425325851,0
HK.00901,79,67.80000305175781,66.9000015258789,1.345293729972127,0.5798594131194388,275759.6,18696501.72155151,9.257569049789483,67.13600036621094,,-13.795293405749042,7.875902462710347,,10.784317330948607,,1
HK.00902,492,5.675000190734863,5.675000190734863,0.0,0.3361874075764447,24239710.8,137560363.41335794,2.3619849405459936,5.756099987030029,5.74404560804367,5.385328682023922,-13.693095970102009,-0.6205424138911184,5.386849784215905,3.5976011233940257,0
HK.00907,491,0.061000000685453415,0.061000000685453415,0.0,,0.0,0.0,0.0,0.061000000685453415,0.06071000037714839,0.0,0.0,-3.1746036439015164,15.094342275037622,-25.609757316424513,0
HK.00909,492,1.0399999618530273,0.9950000047683716,4.522608730552862,0.6782673074773967,13859585.35,14413968.235298777,7.563325492137499,1.2763000011444092,2.093894824385643,-16.465866837766306,-37.34939862861918,-54.72665892196733,-67.29507708765411,-68.42608437717736,1
HK.00910,492,0.017000000923871994,0.02199999988079071,-22.727268109144234,5.1243228735479365,25121980.0,427073.68320949376,28.596644777197017,0.016220000199973585,0.014555000374093652,54.54546378171153,21.428574279558816,21.428574279558816,21.428574279558816,21.428574279558816,0
HK.00911,492,0.3799999952316284,0.4000000059604645,-5.000002607703171,3.208920012913159,58412.5,22196.749721467495,1.298139771315274,0.5749000030755996,0.4691749994456768,-36.666669978035685,-39.68253998289063,33.33333333333333,35.714283433495744,35.714283433495744,0
HK.00912,491,1.0549999475479126,1.0549999475479126,0.0,0.0,23500.0,24792.498767375946,0.4214821844083445,1.0606214547157287,1.031898065507412,-0.47169768882415103,3.214527131833574,5.161978907907734,3.214527131833574,-6.1927045538716845,0
HK.00914,492,16.260000228881836,16.200000762939453,0.37036705627596556,0.9996060788625405,7891639.55,128318060.88925295,2.7922680412502676,17.246553802490233,19.834641828536988,-4.717078139854909,-9.64912596795541,-24.33155310424064,-25.064251941095133,-28.214439090769766,1
HK.00915,492,0.05999999865889549,0.05900000035762787,1.694912364756178,0.0030147723846849564,287700.0,17261.999614164233,6.798689626510868,0.04592000000178814,0.05268999984487891,76.47057470050311,19.99999552965171,3.448276526508396,19.99999552965171,-25.925927799643034,1
HK.00916,492,5.25,5.269999980926514,-0.37950628081401805,0.7586104185372926,15875992.8,83348962.2,2.194125845791898,5.486599979400634,6.424690928459167,-2.234634788015244,-13.079469649709422,-32.22460826948511,-21.496849620277423,-27.185554735193335,0
HK.00917,316,7.599999904632568,7.474999904632568,1.6722408240103428,0.35816243683809507,9309793.95,70754433.13214886,7.425332248936442,8.378899974822998,16.882474970817565,3.8251328743840936,-24.603174978613286,-60.82474198930764,-67.52136739944991,-89.68792371868092,1
HK.00918,492,1.7300000190734863,1.7599999904632568,-1.7045438382004816,0.6883060426025214,763620.0,1321062.6145648956,9.995623562234371,2.217499988079071,1.1327749985456466,-33.96946203666259,103.52940829979929,140.27777087909232,203.5087790845835,284.44445886729716,0
HK.00919,491,0.08100000023841858,0.08100000023841858,0.0,1.608695652173913,97800.0,7921.800023317337,3.8772940595159135,0.08087999984622002,0.08553000029176473,2.5316411525161127,-14.736840784384587,-13.82978402985432,3.846152009225729,-6.896548771073796,0
HK.00921,492,21.979999542236328,22.3799991607666,-1.7873084608130605,1.6296825733575937,681064.75,14969802.8932333,3.0041050570791046,22.431599884033204,22.300934467315674,0.2737201903902869,-12.89070998019077,3.0806063444058767,-1.3745691820957766,2.4454320290513567,0
HK.00922,492,0.10300000011920929,0.10499999672174454,-1.9047587285505758,3.4200426189926367,364601.0,37553.903043463826,1.9614107795204658,0.10468000009655952,0.1196150003746152,-3.738318342695649,-6.363635747885897,-20.76922777136391,-10.434784129797144,-31.87830520969048,0
HK.00923,491,0.01600000075995922,0.01600000075995922,0.0,0.34565455398571504,3887900.0,62206.402954645455,7.026963081962009,0.017000000383704902,0.019099999736063182,0.0,-15.7894669766239,-19.999994412064428,-23.809519163470085,6.66667411724743,0
HK.00924,491,0.12399999797344208,0.12399999797344208,0.0,,0.0,0.0,0.0,0.12393999829888344,0.1409450000151992,0.0,47.6190471966791,-20.000001922730462,-10.144926753772236,-61.24999976716935,0
HK.00926,491,2.359999895095825,2.359999895095825,0.0,0.0,1487.5,3510.49984395504,0.3084985042802974,2.4040000581741334,2.4598000335693357,-1.666674945089223,-3.278695092153664,-5.2208881101612565,-1.2552388490188975,-13.55311799972927,0
HK.00927,491,0.4350000023841858,0.4350000023841858,0.0,0.0,12400.0,5394.000029563904,1.2222937621850556,0.45265435576438906,0.5378357198834419,-5.4347838058588644,-17.654323202501438,-19.151517823671366,-30.520832262312364,-38.203953425417744,0
HK.00928,492,0.14300000667572021,0.1420000046491623,0.7042267562093504,0.03617740785595189,6633356.4,948570.0094824315,9.209561318854469,0.10112000048160553,0.09073500020429492,40.19608759779253,98.6111289327167,31.19266983154579,45.91837797511004,52.127671885296564,2
HK.00929,492,0.5149999856948853,0.5099999904632568,0.9803912402207475,2.608047690014903,336750.0,173426.2451827526,3.8133210078766537,0.5459999978542328,0.6490590779483318,-0.9615375798129149,-29.4520585974064,-24.727612076176797,-33.19575484462769,20.09752063243854,1
HK.00931,492,0.3100000023841858,0.3199999928474426,-3.124997089616889,0.6353650656902865,1346550.0,417430.5032104254,4.725852952586085,0.2948999983072281,0.37964999973773955,0.0,3.3333300219643105,-12.676053027315803,-36.082475620472046,-23.45678976006923,0
HK.00932,492,0.029999999329447746,0.029999999329447746,0.0,1.8267094544556899,1751400.0,52541.99882559478,3.896958805248914,0.028539999835193158,0.031725000059232115,3.448276526508396,7.142851440882373,-3.2258070330838233,-21.052630804995065,-9.090910630285256,0
HK.00933,492,0.3400000035762787,0.33500000834465027,1.4925358528601556,0.05539502710511278,10614134.2,3608805.6659591016,8.168349073033532,0.3381000006198883,0.5103337162733078,17.241383917124878,-23.5955035862575,-39.317988544545365,-45.95508255932241,-51.960078949057205,2
HK.00934,492,3.7699999809265137,3.7899999618530273,-0.5277039875413395,1.0653688500037737,1204544.3,4541131.988025141,1.7227027521501397,3.63836407661438,3.7718736839294436,1.5807904344040353,3.895641574325358,-6.4306270560818835,-4.20807697992871,-3.2892133078961194,0
HK.00936,492,0.27000001072883606,0.27000001072883606,0.0,0.1721170395869191,281500.0,76005.00302016735,9.37921270922065,0.2802999997138977,0.303559999614954,-6.8965453455194,8.000004291534424,22.72727826902692,-27.027025067780148,162.13593244305406,0
HK.00938,491,0.38999998569488525,0.39500001072883606,-1.265829088137235,0.47619047619047616,21500.0,8384.999692440033,2.238431774034578,0.39320000052452087,0.4047750003635883,-2.5000050291418283,-16.129035979478314,1.2987000923330156,34.48275755758657,-45.83333747254461,0
HK.00939,492,9.635000228881836,9.609999656677246,0.2601516451378734,0.5164313631329167,234826597.7,2262554322.587043,2.3011035556794983,9.03189998626709,8.222242915630341,6.464088683068529,11.369769133568257,25.290989412056135,27.218542245799142,32.70302974578901,1
HK.00941,492,79.3499984741211,79.05000305175781,0.3795008359036494,0.5772921263387797,12106943.45,960685944.2837703,0.9359691855381342,78.9437419128418,77.39650482177734,0.17863580843683843,0.4846188114607712,8.190391049643802,1.5783939606319086,-1.2613090029052287,1
HK.00943,492,0.1899999976158142,0.14800000190734863,28.378375112966907,10.476715751087337,30253.55,5748.174427869916,2.5022243645291766,0.15427999824285507,0.18366999968886374,18.750001164153243,12.426034250804001,-11.214955028086948,-2.5641002128344392,-16.299559818381756,1
HK.00945,492,344.20001220703125,339.0,1.5339269047289823,1.1716911491490996,11352.45,3907513.4285797123,0.8430875316637686,338.82134704589845,301.6002355957031,0.08571235628937819,8.805305504375898,31.9787392312156,21.861906897091952,43.97890627692724,1
HK.00947,492,0.1850000023841858,0.1850000023841858,0.0,6.473801335221525,88545.0,16380.82521110773,3.659444849415533,0.1686199998855591,0.18246499948203565,10.119050522831195,2.209949299826521,-22.26890835222588,40.15151771714209,29.370624998436938,0
HK.00948,492,0.29499998688697815,0.26499998569488525,11.320755777939622,0.37957056868205913,113422.5,33459.63601268828,4.2666989213901685,0.24351999610662461,0.26487499959766864,23.43096067352752,17.99999475479126,-1.666674945089223,40.476188617768955,42.51206940053781,1
HK.00950,492,1.1349999904632568,1.149999976158142,-1.3043466092057148,0.37367913088668364,1018150.0,1155600.240290165,3.7411857677208364,1.1410999965667725,1.277461169362068,-2.1551704204748128,8.095242095912846,-13.41988310815333,-25.15009179089412,-47.16449506809354,0
HK.00951,492,1.125,1.125,0.0,0.46666126549461234,566050.0,636806.25,3.0865038884526035,1.2615999937057496,1.4246367144584655,-12.790695095526381,-26.948050138499525,-14.279182092010426,-17.318925011032544,-21.22952003278631,0
HK.00952,491,0.0949999988079071,0.0989999994635582,-4.040404724571225,0.0,84128.85,7992.240649710596,0.8148976014920597,0.09507999971508979,0.1212049999088049,2.150533930223632,-4.040404724571225,-34.02777576566102,-33.0985945791886,-35.843116607409016,0
HK.00953,492,0.16899999976158142,0.1679999977350235,0.595239309547591,0.6036536934074662,1458800.0,246537.19965219498,3.760122269436766,0.17848000168800354,0.23042000032961368,-9.625671687746895,-12.435234960810334,-29.87551779990102,-43.666668984624984,-43.666668984624984,1
HK.00954,491,0.21899999678134918,0.21899999678134918,0.0,0.0,216200.0,47347.79930412769,1.6847039975021676,0.24916000097990035,0.2958150003105402,-10.975613523493951,-32.6153831340857,-33.636367248766206,-23.157894901951927,-29.354840291278283,0
HK.00956,492,3.315000057220459,3.3399999141693115,-0.7484987302782681,0.45676754295270117,10365094.8,34360289.85509548,2.3007404713105575,3.2150000047683718,3.52196578502655,5.2380938684949765,5.909088970192146,-17.51781265549813,-10.057107171571664,-18.457233809464604,0
HK.00959,491,0.7200000286102295,0.7200000286102295,0.0,,0.0,0.0,0.0,0.7200000286102295,0.7200000286102295,0.0,0.0,0.0,0.0,0.0,0
HK.00960,492,5.570000171661377,5.25,6.095241364978608,0.8356188519983376,25690653.8,143096946.07609302,5.472555330358845,6.44189998626709,8.141268403530121,-13.576415464616575,-33.926453499158775,-37.983997606245424,-35.71338157515723,-45.50291157812312,1
HK.00966,492,21.0,20.780000686645508,1.0587069590227547,0.7809292650542071,7319143.85,153702020.85,3.9152102329443856,20.893000068664552,20.16633274078369,5.368789154239711,2.832735299606211,4.268957050752623,15.986395202798326,40.24402608909647,1
HK.00968,492,2.0250000953674316,2.049999952316284,-1.2195052453833148,0.5816386430356993,67139623.2,135957743.38293344,4.113496785642131,2.208453567028046,2.8048245942592622,-13.82977967890393,-17.93770893069513,-37.4480023160571,-33.564056442345084,-45.20377747386564,0
HK.00969,492,0.10700000077486038,0.11599999666213989,-7.7586173674580206,1.2105202710462846,3684500.0,394241.5028549731,15.817294263913281,0.08618000015616417,0.10335000026971101,28.91566849080226,27.380955020755632,-10.83333069458598,-9.322033791287264,-18.939392913143163,0
HK.00970,492,0.5099999904632568,0.38499999046325684,32.46753327177799,11.349292273146478,977025.0,498282.7406823635,10.011597616779358,0.3334999984502792,0.4283250005543232,72.88136038414488,37.837833483955876,9.677416460405757,-1.9230751596258298,-25.00000219134721,1
HK.00974,491,0.7749999761581421,0.7749999761581421,0.0,0.0,14350.0,11121.249657869339,2.654679449821087,0.7802999937534332,0.9155750015377998,-0.6410250532086098,-3.1250044237821637,-23.26732836871882,-29.545458239957238,-15.760873684867269,0
HK.00975,492,9.300000190734863,9.430000305175781,-1.3785801721508502,0.17655487236830752,6653773.5,61880094.81910658,6.214887030653467,8.717100048065186,9.852025012969971,-3.326400193669248,24.00000254313151,-16.964282597206022,-13.327114748445057,-6.060600514290569,0
HK.00976,491,0.4300000071525574,0.4300000071525574,0.0,,0.0,0.0,0.0,0.4300000071525574,0.4300000071525574,0.0,0.0,0.0,0.0,0.0,0
HK.00978,492,0.24300000071525574,0.2329999953508377,4.291847881524894,2.381033022861981,631100.0,153357.3004513979,2.9682593848169607,0.23977999925613402,0.2607249993085861,2.100838284212721,-4.705880290496682,-10.000003311369023,-8.301881572537058,-19.000002980232118,1
HK.00979,492,0.41999998688697815,0.3449999988079071,21.739127054556995,9.045681759593704,1225317.5,514633.33393238485,11.798899899109236,0.30830000042915345,0.3106699994951487,55.55554451765882,18.30985903668985,15.068486551559488,52.727264648626836,68.67469490171428,1
HK.00980,492,0.33500000834465027,0.35499998927116394,-5.633797614353404,1.7154681381274475,487990.0,163476.65407210588,12.063219164893654,0.30710000097751616,0.3238000018894672,13.559329910410172,4.687504947651288,1.5151500099837776,4.687504947651288,-14.102558812210821,0
HK.00981,492,63.650001525878906,60.75,4.773665063175154,0.9904880155021615,53813349.3,3425219765.0576544,3.9482119159780393,69.29900016784669,69.73049993515015,-12.808217087837114,-16.960208403402163,4.60148417743778,-15.246334461894525,8.432709878369646,1
HK.00983,492,0.4650000035762787,0.4699999988079071,-1.0638287753851585,0.25999181025797685,264746.7,123107.21644680799,4.150430136427683,0.3621999990940094,0.3528750017285347,25.67567502259338,43.07692942534702,32.857146141480484,36.76470549564461,20.7792246999177,0
HK.00984,492,0.26499998569488525,0.24899999797344208,6.425697932395047,6.051282051282051,44450.0,11779.24936413765,4.3147784904724835,0.23483999758958818,0.3140349979698658,12.765951645541577,19.90949533677939,-30.263160784158714,-31.16883317944497,-39.77273019754198,1
HK.00986,492,0.2549999952316284,0.27000001072883606,-5.5555610745039266,3.0015337837635028,75182.6,19171.562641501427,1.5627303139447843,0.3027400001883507,0.5556100003421307,-12.068964631322139,-25.00000219134721,-63.571428632249635,-71.02272765757132,-68.5185191998702,0
HK.00987,492,0.2160000056028366,0.22200000286102295,-2.702701432820465,0.659001664908945,1077291.1,232694.88363588604,3.6840190828908805,0.20294000089168548,0.15765697304159404,9.090912511745012,14.893623935577521,79.69787408046027,90.42610448799793,63.57114985022403,0
HK.00989,492,0.5649999976158142,0.550000011920929,2.7272700672307866,1.8316373728029602,14750.0,8333.74996483326,0.21130981218161418,0.5829000067710877,0.6814500017464161,-5.042021773425426,-25.657894117680275,-19.285713251756146,-21.52778122712051,-24.666666984558105,1
HK.00990,492,0.574999988079071,0.5550000071525574,3.603600120498037,0.7180534286200443,11742500.0,6751937.360018492,4.377786598805351,0.5545999991893769,0.7182499983906746,0.0,-20.138893717968713,-29.878049622611734,-20.138893717968713,-29.012347359679815,1
HK.00991,492,2.6600000858306885,2.6449999809265137,0.5671117206934889,0.7251381584198536,27558237.4,73304913.84934248,2.6395702928406983,2.4462759637832643,2.4019841778278352,15.331908575095662,-3.0159854976641634,11.758938406939265,30.640577229098927,22.106433991861866,1
HK.00992,492,33.79999923706055,31.200000762939453,8.333328238919375,1.1576789180773903,90209931.55,3049095617.5652843,4.963457045872322,27.830799827575685,16.305974268913268,12.217789825004568,40.29022713152323,275.6455458089059,258.7316387463193,214.1692341526862,1
HK.00993,492,0.09300000220537186,0.09200000017881393,1.0869587224068356,0.07973355211751836,1284902.15,119495.90278368704,5.410293458172945,0.1000799998641014,0.11593000002205373,-5.102036084075091,0.0,-21.848739443184943,-37.58389278524797,-51.56249927240425,1
HK.00994,492,0.3149999976158142,0.24899999797344208,26.506024168486775,0.4503367003367003,918200.0,289232.9978108406,4.813083146615628,0.2776800009608269,0.32232999995350836,16.666661147718294,-8.695652549493667,-12.50000413921128,6.779664955205086,12.499998669539185,2
HK.00995,492,16.040000915527344,15.899999618530273,0.8805113229934242,2.4429562420058017,478760.4,7679317.254318237,2.710770103603806,15.39660005569458,14.253046803474426,5.249351420104931,0.8277581051252014,21.02236046547438,31.541927485807115,46.57857452799037,3
HK.00997,492,0.01899999938905239,0.019999999552965164,-5.000000931322596,0.39710664277656116,3842050.0,72998.94765270874,6.703539758043889,0.01891999991610646,0.02430499988142401,0.0,11.76469621464508,-24.000003576278633,-42.42424396361859,-26.92308078062597,0
HK.00998,492,8.479999542236328,8.4399995803833,0.4739332208735816,0.5761828427613971,27727245.45,235127028.7234743,2.323803962531588,7.7364999866485595,7.379633798599243,10.488590638385222,10.849665836886913,23.782802479407987,23.607220936450858,27.323795470014893,1
HK.00999,419,8.1899995803833,8.069999694824219,1.4869874857126109,1.7174160922620947,4210914.1,34487384.71203012,4.87570045329614,7.494560718536377,7.485549862384796,1.9914602501878529,23.463347776241005,7.727824274369461,-1.2697561955898429,-24.525462857174997,3
HK.01000,492,0.35499998927116394,0.3799999952316284,-6.578949019519266,5.026178010471204,23900.0,8484.499743580818,3.8738260723433693,0.4713999956846237,0.5899999970197678,-31.730768789906456,-31.730768789906456,-49.28571495474603,-30.392157664806845,-49.28571495474603,0
HK.01001,491,0.36000001430511475,0.36000001430511475,0.0,0.0,157748.7,56789.53425661326,1.4996746889661146,0.3749077892303467,0.3805829583108425,-0.5114360905023706,-14.233997360477193,-3.095550902168077,-6.729469894501171,-5.54883202689759,0
HK.01002,492,0.05299999937415123,0.054999999701976776,-3.636364252114102,2.4331841818841458,1596400.0,84609.19900089502,4.948611311186639,0.05008000008761883,0.054380000196397306,-1.8518555567015038,-1.8518555567015038,-7.017545006245089,1.9230736166063123,1.9230736166063123,0
HK.01003,492,0.19699999690055847,0.1979999989271164,-0.5050515313012816,0.8767812541829773,333160.6,65632.6371673882,2.16587737606033,0.20353999972343445,0.24793999902904035,-8.372095988981735,-6.190474737528455,-15.086205789152674,-39.3846141149306,-42.89855142572151,0
HK.01004,492,0.1860000044107437,0.18799999356269836,-1.0638240534235182,0.8674907829104316,47610.0,8855.460209995508,10.29134246743222,0.144060001373291,0.30660500049591066,16.250005355104925,-2.105259608033577,-42.769227312866626,-64.23076707054165,-38.0000009934107,0
HK.01005,491,0.41999998688697815,0.41999998688697815,0.0,0.0,8061.4,3385.7878942906855,0.06493500461665078,0.41299999356269834,0.4137249986827374,0.0,-5.617978957818797,-5.617978957818797,-5.617978957818797,-4.592592201442208,0
HK.01007,491,0.6700000166893005,0.6700000166893005,0.0,,0.0,0.0,0.0,0.6700000166893005,0.6700000166893005,0.0,0.0,0.0,0.0,0.0,0
HK.01008,491,0.15199999511241913,0.15199999511241913,0.0,0.0,25600.0,3891.1998748779297,0.2790918179436336,0.16220000237226487,0.1718527513742447,-7.317078711020517,-13.142858456592194,-7.067738974565713,-11.761294575781868,-30.114945158931334,0
HK.01009,491,1.4800000190734863,1.465000033378601,1.0238897851962572,0.08403358402185433,1433500.5,2121580.767341852,2.0174301423612024,1.4661000275611877,1.2544250109791755,-1.3333320617675781,1.3698616715036243,51.02040717026832,24.369743521726743,14.728687041783504,1
HK.01010,492,0.07400000095367432,0.06700000166893005,10.447759866236506,1.9937815779246015,2767300.0,204780.20263910294,16.37688171552168,0.03770000010728836,0.07273000005632639,146.6666753590109,19.35484219850294,-11.904759581735043,-21.27659203456816,-22.916666343290775,2
HK.01011,492,0.36000001430511475,0.36000001430511475,0.0,0.1712720406372171,472037.5,169933.5067525506,3.295142073172615,0.37749999940395357,0.6167999996244907,12.500006984919466,-20.879120015389788,-50.68493083575181,-57.647058328542755,-71.87499825377013,0
HK.01013,491,0.3499999940395355,0.36000001430511475,-2.777783296726149,0.0,22950.0,8032.49986320734,1.5611433347582726,0.3592999988794327,0.44479499891400337,11.111110059882801,-30.000001192092896,-22.22222148636239,84.21052549024036,62.79069219427288,0
HK.01020,492,0.24400000274181366,0.24199999868869781,0.826447960311188,0.6502123142250531,16890640.0,4121316.2063109875,7.697829117137777,0.22641999900341034,0.26919500082731246,19.024392619578368,13.488371480536381,-29.275361279734184,7.964604862407225,63.758386778330035,1
HK.01021,116,11.199999809265137,9.920000076293945,12.903223015391266,5.1848925709112175,9228472.55,103358890.79980856,13.57834402448536,10.535799903869629,,28.735632813895055,-37.77777883741591,,-39.130434557260315,,1
HK.01022,492,0.33000001311302185,0.33500000834465027,-1.4925358528601556,0.07997334221926025,190350.0,62815.50249606371,5.3372528384749085,0.3858999997377396,0.5155249987542629,-15.384608918628043,-33.99999737739563,-42.10526013088135,-45.0,-49.23076535117683,0
HK.01023,492,0.4099999964237213,0.4300000071525574,-4.651165208409023,1.9167717528373267,173800.0,71257.99937844276,0.9999645407887701,0.4590000051259995,0.4841387204825878,-10.869567611717729,-14.583332169180089,-16.326527881503043,-19.484015455060803,-13.290478963104837,0
HK.01024,492,29.65999984741211,29.799999237060547,-0.46979662158624585,0.5541084185920964,55484356.65,1645666009.772759,3.089818213596982,38.9371997833252,52.518811321258546,-21.534390354346026,-34.75516038340031,-50.174704661809265,-54.461562051289015,-58.37197461368535,0
HK.01025,492,0.2029999941587448,0.2029999941587448,0.0,0.06397717294469334,6257990.0,1270371.9334454834,5.65331551741019,0.20011999994516372,0.24145588979125024,6.84210352950477,-12.5,-23.396224484149887,-11.0090183143847,-31.186439599226436,0
HK.01026,492,0.10499999672174454,0.09700000286102295,8.247416108001156,1.7553191489361701,127000.0,13334.999583661556,3.226174282594936,0.05797999992966652,0.08546500016003847,162.4999976716935,41.891885633186575,-1.8691626529275176,0.0,-19.230768789906456,5
HK.01027,491,2.700000047683716,2.700000047683716,0.0,0.5565616221437317,42399.35,114478.24702175855,4.304872528183225,3.4506000232696534,3.17399999499321,-25.619835742083385,-7.534247358289553,-21.739130134318117,-23.076921509411047,119.51219559472254,0
HK.01028,492,0.8600000143051147,0.8500000238418579,1.1764694332664312,0.16685632861805433,1688529.0,1452134.964154601,6.315272189479708,0.9320999979972839,0.866324999332428,-23.21428476395656,-33.333330252989846,24.637683663291117,19.444441684970258,319.5122057593061,1
HK.01029,492,0.4000000059604645,0.4000000059604645,0.0,6.060348954892823,86002.8,34401.12051261664,0.887019177272555,0.43139999628067016,0.49409999817609784,-9.090907243657693,-19.19191876621517,-28.57142781116525,-19.19191876621517,-35.48387050256521,0
HK.01030,492,1.399999976158142,1.3700000047683716,2.189778925938227,0.5962732344437542,23478071.55,32869299.610239156,4.273102062006702,1.4091000008583068,1.9114750003814698,2.9411736347271384,-15.151515370448653,-36.93693882361912,-32.36714872908496,-42.148763139621856,1
HK.01033,492,0.7099999785423279,0.675000011920929,5.1851801486336715,1.8071400975358132,27963667.5,19854203.32496479,3.5189673041283065,0.6516999995708466,0.7743749979138375,6.766910621448761,5.970143411440622,-40.33613912584934,2.898547970379774,-7.792208294861243,2
HK.01036,491,1.7999999523162842,1.8200000524520874,-1.0989065691980104,2.7366447985004685,30325.0,54584.99855399132,0.6558613755456584,1.7291999936103821,1.632596094608307,1.6949136561044988,13.287603122370992,15.877027791235399,12.658224825899905,27.53761049688291,0
HK.01037,491,0.6200000047683716,0.6200000047683716,0.0,0.3803906377619126,890023.85,551814.7912439645,2.1088998735658064,0.5672000044584274,0.5871500000357628,-5.3435065878150265,19.230774521122513,3.3333300219643105,-18.421050980480732,151.01215385793185,0
HK.01038,492,64.0999984741211,64.3499984741211,-0.3885003977125806,0.89774199840847,1349743.8,86518575.5204544,1.7728262469801552,62.83714530944824,60.218442554473874,0.058498454709488834,10.644902428153275,3.532249042075482,16.949740946562233,27.897543924599695,0
HK.01039,492,0.054999999701976776,0.050999999046325684,7.843138687155083,22.208333333333332,101300.0,5571.499969810247,2.7256921761750386,0.04834000013768673,0.05243500001728535,22.22221670327385,9.999997764825855,1.8518486580159448,7.843138687155083,34.146337031183585,2
HK.01044,492,20.079999923706055,20.020000457763672,0.29969762522715265,0.8932683308482319,5643935.15,113330217.38140193,2.56652119987371,22.333771629333498,24.567456321716307,-13.508357876823323,-14.290116438631076,-24.072014187278977,-23.857067989137754,-10.694393582301789,1
HK.01045,492,2.1600000858306885,2.134999990463257,1.1709646594427885,0.17896426308348432,2260360.15,4882378.118008268,4.023164218770948,2.151600036621094,2.9318784421682356,5.109489813261989,-17.24137269548109,-36.58864919856501,-41.166474055105866,4.530824355804366,1
HK.01046,492,1.0850000381469727,1.0,8.500003814697266,1.8094163376284746,18167894.1,19712165.79155016,9.013315615998902,0.5615000003576278,0.40785000190138815,100.92592500610121,205.63382279941536,250.0000096136523,164.63415795390918,233.8461778290887,1
HK.01047,492,0.3400000035762787,0.3400000035762787,0.0,0.42105263157894735,9700.0,3298.0000346899033,0.15151500099837775,0.3567000025510788,0.34614999979734423,-2.8571401810159034,3.030300019967555,7.936509888789085,-8.108108325802206,6.250003492459733,0
HK.01049,491,0.7799999713897705,0.7799999713897705,0.0,0.0,1470.05,1146.638957941532,0.3205129086853752,0.8795999968051911,1.0877499920129776,-11.36363913451346,-25.0,-41.79104836116144,-30.357145708130318,-10.34483136612886,0
HK.01050,492,1.9249999523162842,1.8799999952316284,2.393614744616607,1.1924426537550015,1747804.85,3364524.25290817,3.399740492922004,1.8977989721298218,2.3301787716150284,3.6842086000631427,-37.854890026953804,-21.825395250114564,-22.745097626464887,71.55809088162289,1
HK.01051,492,7.519999980926514,7.53000020980835,-0.1328051607330627,0.6728056925512748,32706.1,245949.87137618064,2.9944378929433895,7.965199966430664,9.380624470710755,-6.000000238418579,-2.9874575478165877,-31.979716471574566,-33.794366944317034,-30.692842914038042,0
HK.01052,492,3.4200000762939453,3.390000104904175,0.8849548808677254,0.7081558976129729,1752451.1,5993382.895701408,1.9452161901547158,3.556900005340576,3.999388039112091,-2.0057287407311364,-9.999996862913394,-21.747784752674356,-24.0987074707044,-15.213505388984135,1
HK.01053,492,0.8550000190734863,0.8450000286102295,1.1834307839851566,0.5559037523503284,1365680.0,1167656.4260482788,1.9099982425115485,0.8939999926090241,1.0718500006198883,-2.285712105887277,-9.999996862913394,-31.599998474121094,-29.33884362657898,-35.22727385614853,1
HK.01055,492,2.9200000762939453,2.9000000953674316,0.6896544920278584,0.7131399584374458,11686962.95,34125932.70564451,2.8357633536343396,3.2791999864578245,4.412249999046326,-5.501613029043319,-25.128205002804172,-39.29313698480892,-50.17064829753271,-21.505374896869544,1
HK.01057,492,3.7850000858306885,3.734999895095825,1.338693229965418,0.15099220550093287,10775765.0,40786271.44989133,4.020304224513264,3.7971192979812622,4.73000106215477,2.159248684804583,-13.026961167000579,-37.554204395007716,-22.163521392155126,-20.064203655142133,1
HK.01058,492,0.3700000047683716,0.38999998569488525,-5.1282004256688785,1.1627906976744187,9100.0,3367.0000433921814,2.9606355115950134,0.39749999582767487,0.3750249999761581,-10.843370552245663,-6.329115261120019,5.714288876981205,2.7777750183035925,-25.999999046325684,0
HK.01059,492,0.3799999952316284,0.41999998688697815,-9.523807834335413,4.564315352697095,17460.0,6634.799916744232,1.6775758791273305,0.3869000005722046,0.4112250006198883,-9.523807834335413,0.0,-24.000000953674316,-11.627909555636291,22.58064268034779,0
HK.01060,492,0.4950000047683716,0.5,-0.9999990463256836,0.5229960793994406,95481977.35,47263579.24354354,3.4442800047531694,0.505599997639656,0.6765249980986119,-3.883491549912931,-11.60714238197828,-32.19178194041364,-44.3820210421812,-55.000000541860395,0
HK.01061,492,2.049999952316284,2.0450000762939453,0.24449270590737093,0.4051789704409168,313949.85,643597.1775297045,2.6892792010154003,2.3649829721450804,3.1824582982063294,-11.637930547227176,-22.423516322027574,-44.57939415783825,-43.70663051141829,-58.83345045745435,1
HK.01063,492,0.2849999964237213,0.28999999165534973,-1.72413633637985,0.11888243517847807,84534.05,24092.20394768268,5.457138546968969,0.29469999849796297,0.43887499704957006,-10.937499126885067,-32.94117919301484,-44.117646715082785,-38.7096786598261,-49.557522544006424,0
HK.01064,492,0.07999999821186066,0.07800000160932541,2.564098155475083,0.2887331272795318,1563465.6,125077.24520430565,13.157145244488284,0.06215999945998192,0.06826000029221177,23.076924840374172,8.108104298461395,8.108104298461395,21.212119159619657,-14.89361600942768,2
HK.01065,492,3.7300000190734863,3.684999942779541,1.2211689821629255,0.2507261886561688,429800.0,1603154.0081977844,1.2987035415341006,3.7305000019073487,3.942714412212372,0.8108100271120583,-5.8080812337848275,-13.272090103981995,-6.284533973423924,4.073491875221605,1
HK.01066,492,3.125,3.1649999618530273,-1.2638218747278713,0.5980861283734227,10012491.5,31289035.9375,2.5286821736676863,3.3422000122070314,4.0837578618526456,-10.201149917464695,-4.7256089250542095,-35.46875789273434,-36.87438835505074,-42.7979946828739,0
HK.01068,492,0.07500000298023224,0.07599999755620956,-1.3157823791214334,0.13071895424836602,431500.0,32362.50128597021,4.685832252060258,0.07724000081419945,0.1015350004285574,1.3513540725275752,-16.666666666666664,-34.78260728722486,-31.818178739429488,-50.0,0
HK.01069,492,0.23999999463558197,0.2549999952316284,-5.88235328491722,1.38392121373056,2634513.1,632283.1298673705,8.950907743475103,0.2787199965119362,0.3463730645924807,-15.789474509759632,-20.000004967053535,-38.46153757981291,-42.85714235030063,-37.66233751154163,0
HK.01070,492,16.989999771118164,16.920000076293945,0.4137097784195227,0.7617726993381817,5466913.05,92882851.4682229,3.5933554706415585,16.043399982452392,13.164579138755798,5.724953912664083,22.272280282922832,48.6205141505739,68.63531646573709,67.51534951150579,1
HK.01071,492,4.135000228881836,4.139999866485596,-0.12076419722215856,0.666571105721151,7577779.45,31334119.760166075,2.033241175852283,4.023700003623962,4.126881836652756,6.02564430174108,-7.0786425592076405,-4.4222431684858465,5.987215496332526,-2.558439267322216,0
HK.01072,492,19.0,18.860000610351562,0.7423085106985466,0.48259973858886546,5436647.9,103296310.10000001,3.659018654090877,21.60039993286133,28.16645378112793,-15.630552336646012,-27.697032038836927,-54.80227055083444,-24.56558545342636,16.322831299716718,1
HK.01073,491,0.10000000149011612,0.09799999743700027,2.0408205157368053,18.914185639229423,27775.0,2777.500041387975,0.7427322145910187,0.10224000036716462,0.1060912161320448,-0.9901009819200971,-0.9901009819200971,-18.394779560945302,-3.9041273166552886,-32.7956981709726,1
HK.01075,491,1.715000033378601,1.715000033378601,0.0,0.0,25190.0,43200.85084080696,1.3100491815053918,1.7652000021934509,2.479163014292717,0.8823520749498234,-7.795697839318826,-42.10368073682507,-43.398487632342004,-34.384172910064514,0
HK.01079,491,0.18799999356269836,0.20499999821186066,-8.292685267047347,4.945748170577845,456500.0,85821.9970613718,3.671846259686315,0.22058077841997148,0.27471019558608534,-24.193549743862253,-24.800002574920654,-26.274510949724068,-36.271185790009596,-45.507248054405046,0
HK.01080,492,0.05299999937415123,0.052000001072883606,1.9230736166063123,2.4765793898630797,677325.0,35898.22457609698,7.054491549308308,0.055159999653697014,0.07384000036865473,0.0,-23.188404779903905,-48.543689987562594,-39.0804587365425,-36.14457663689935,1
HK.01081,72,32.599998474121094,33.779998779296875,-3.4931922670730855,3.277035297680339,1455628.05,47453472.20888787,7.0451533153061865,34.11159984588623,,1.8113616741588574,-49.22118376360189,,-50.9036178840817,,0
HK.01082,491,1.034999966621399,0.9900000095367432,4.545450166784631,1.486120694230667,80964.0,83797.73729753494,2.519834822980862,1.103599991798401,1.3724499958753587,3.4999966621398926,-28.1250051740141,-29.5918403756828,-30.067570724131986,-32.35294209311259,1
HK.01083,492,2.9600000381469727,2.950000047683716,0.33898272208872127,0.7321823837538337,6824402.85,20200232.69633031,2.473217047742371,3.1676403522491454,3.340867313146591,-9.117561605190497,-5.698789912261746,-17.40538615922811,-16.7481350015527,-20.340225211011006,1
HK.01084,491,0.6600000262260437,0.6600000262260437,0.0,0.2244039270687237,70400.0,46464.00184631348,3.952327573477325,0.6866000008583069,0.6532544019818306,-2.9411736347271384,0.27706011273486697,3.3625181967833644,4.977552950179628,-1.1975983253592786,0
HK.01085,492,1.7400000095367432,1.7000000476837158,2.3529388665328623,0.03636363636363636,55100.0,95874.00052547455,2.21287634515238,1.7661000037193297,1.593474999666214,-1.136362558800321,-3.333330242722041,10.126579890857109,9.433960566617486,3.5714323727453214,1
HK.01086,492,0.9200000166893005,0.9200000166893005,0.0,1.6425172289686614,4032300.0,3709716.0672962666,3.8413011127111756,0.7697556984424591,0.7827798336744308,24.37421435340076,29.377775360012553,15.785034805186077,3.703122662108534,-6.82923390040695,0
HK.01087,492,1.784999966621399,1.659999966621399,7.530120633340297,6.4178019832502695,318393.55,568332.4761224687,8.496020698490456,1.5225000047683717,1.1006999996304512,26.59574531044594,98.33333487863898,105.17240883195586,57.964599482631684,21.428566794585528,3
HK.01088,492,45.2400016784668,45.47999954223633,-0.5276997937228435,0.8366316291637601,9871542.85,446588615.1030569,2.423408356357953,44.00800003051758,42.70183353424072,2.1680282873421657,8.260318551698811,-0.006660941629493975,17.541343758375,32.01941340982686,0
HK.01090,491,0.6600000262260437,0.6600000262260437,0.0,0.0,8400.0,5544.000220298767,0.2272729530478879,0.6757000088691711,0.7736750012636184,-1.4925358528601556,-14.285708756526322,-24.13792843578641,-22.352940268995052,-28.260868015947356,0
HK.01091,492,0.44999998807907104,0.41499999165534973,8.433734247587214,3.9421386208972162,4682978.5,2107340.269174546,4.416277263383566,0.3924999988079071,0.486874997317791,13.924044520594197,-4.255321442460307,-23.728812189493883,-19.642859613712943,2.272725117600642,2
HK.01093,492,8.805000305175781,8.699999809265137,1.2069022783060683,0.443728097223817,124894957.8,1099700141.5439162,4.017235102797429,8.795800018310548,8.478666141033173,1.3816911889611407,22.48192496172735,-1.6128724598561497,6.160636528354961,-18.315764142571883,1
HK.01094,492,0.3499999940395355,0.33500000834465027,4.477607558580467,1.6402284626443404,6865857.5,2403050.0840763003,7.593236411067886,0.36699999898672103,0.35884999968111514,-13.580248639671158,22.80701699349358,-11.392408978994343,0.0,-57.3170735253102,3
HK.01097,492,0.06499999761581421,0.06400000303983688,1.5624914507502095,0.8107063242215942,4250573.0,276287.23486584425,5.03069404865487,0.06714000090956689,0.07051000019535422,-1.5151545939038447,18.181814487315386,8.333331781129008,-42.98245826155341,-17.721525792069773,1
HK.01098,491,0.5249999761581421,0.5199999809265137,0.9615375798129149,5.3618421052631575,73650.0,38666.248244047165,2.124073957983415,0.50739999294281,0.6088500007987022,2.941173720662243,-11.016949238156633,-19.23076993614967,-20.454552227800274,-23.91304667069617,1
HK.01099,492,15.029999732971191,15.09000015258789,-0.3976170908547627,0.9236727125533407,5474148.4,82276448.99024469,2.0967982512884316,16.565599975585936,18.101369919776918,-10.215054130987909,-6.703739073275475,-23.473559403478124,-19.943956034466556,-14.89732122607582,0
HK.01100,492,1.315000057220459,1.3100000619888306,0.3816790072542034,1.2256883857513725,62342.5,81980.39106726646,2.1113136188173574,1.3789239096641541,1.3454145401716233,-3.9203910766584285,-10.325695734686155,-3.522814613359044,10.15111975285293,-4.835431418830318,4
HK.01101,491,0.019999999552965164,0.019999999552965164,0.0,,0.0,0.0,0.0,0.019999999552965164,0.019999999552965164,0.0,0.0,0.0,0.0,0.0,0
HK.01102,492,0.09799999743700027,0.09799999743700027,0.0,0.12935074772943922,3767451.25,369210.2128440235,8.06016959782984,0.11392000034451484,0.0692500003054738,-16.949155217818355,60.655731698000125,117.777763428512,127.90696304382196,95.99999195337307,0
HK.01104,492,2.119999885559082,1.9950000047683716,6.265658170022085,0.43890708878485135,4275598.95,9064269.284696532,5.746236092400152,1.7494000005722046,2.207481638789177,24.705872123216963,44.21767648286217,-29.096994020159052,-19.696977222808385,42.795689531061015,1
HK.01105,492,0.19499999284744263,0.1850000023841858,5.405400180747055,1.853997682502897,70725.0,13791.37449413538,3.7966442401735674,0.17738000094890594,0.19276500016450882,8.333325054910777,8.938540370532763,-8.878508675086936,-2.5000050291418283,-29.090913228752107,2
HK.01107,491,0.013000000268220901,0.013000000268220901,0.0,,0.0,0.0,0.0,0.013000000268220901,0.015365000166930258,0.0,0.0,-38.09523598339549,0.0,-38.09523598339549,0
HK.01108,492,2.2300000190734863,2.265000104904175,-1.5452575809999454,0.7515239061809261,6632180.0,14789761.526498795,4.1603724901286085,2.3294999980926514,3.284825007915497,-4.086022652123099,-18.31501818705815,-45.07389038171285,-40.53333282470703,-52.04301132606155,0
HK.01109,492,28.799999237060547,28.479999542236328,1.1235944521335182,0.7523871938402504,32379545.3,932530879.9363674,3.9574974920143573,32.3853691482544,30.752677030563355,-15.037962985470216,-19.559227329299226,-3.0035600813512633,7.913790715415223,-3.8205662215681517,1
HK.01110,492,0.3700000047683716,0.3700000047683716,0.0,0.472636815920398,3215800.0,1189846.0153341293,8.938067249277418,0.4313999998569489,0.47249999836087225,-20.430107113391298,-16.853930176305184,-25.999999046325684,-30.18867457706566,-30.18867457706566,0
HK.01111,492,0.24500000476837158,0.24400000274181366,0.409836891524983,0.548926014319809,170800.0,41846.000814437866,2.8319971028937863,0.2362999999523163,0.2557799980044365,0.8230469330160306,13.953488694454535,-1.9999980926513672,-15.517237304081839,-15.517237304081839,2
HK.01112,492,17.68000030517578,17.489999771118164,1.0863381163181693,0.8221935206113443,3021225.15,53415261.57400475,4.850354451489911,15.377912502288819,13.314633650779724,21.07100958206562,63.20585507774075,35.74005317042322,42.76465348035175,32.72781554388565,1
HK.01113,492,46.279998779296875,46.400001525878906,-0.25862660050797953,1.0518492881772372,5369924.6,248520103.93291625,1.9599953690983452,46.577539138793945,44.58929136276245,1.5659730887539347,-0.639161164239407,2.4838342461573704,19.166074864671337,31.195665750180456,0
HK.01114,492,1.7100000381469727,1.7450000047683716,-2.0057287407311364,0.4388868365121693,42211042.9,72180884.9692235,3.9869534211000506,1.7400685596466063,2.4286121237277984,-3.411567755769946,-20.45657953953881,-45.36411683062423,-46.84076451060367,-38.7087533921749,0
HK.01115,492,0.4449999928474426,0.4399999976158142,1.136362558800321,1.3609259908803928,9651250.0,4294806.180968881,4.025657732712502,0.420900000333786,0.49762499809265137,11.249996554106525,3.4883687082273678,-21.929824836586544,-20.535715901273846,-17.592597191716237,3
HK.01116,492,0.21400000154972076,0.2199999988079071,-2.727271495771795,4.395604395604396,33300.0,7126.200051605701,0.8633999594675497,0.22193999856710434,0.2623899994790554,-1.3824844603887638,-8.154503940014193,-17.69230407723295,-35.15151725874998,-10.084035034006577,0
HK.01117,492,1.5499999523162842,1.5850000381469727,-2.208207254783865,0.4577922567790037,18752902.2,29066997.515791938,4.479960333766352,1.4444999980926514,1.37827499717474,2.649004112957355,38.39285229617846,8.391609032863334,-4.320990879385587,20.155038616418132,0
HK.01118,491,1.2000000476837158,1.2000000476837158,0.0,,0.0,0.0,0.0,1.1443999981880189,1.1287147864699363,6.194694933404732,8.10811101069608,1.0766834198505044,7.176148009390222,27.356632490299116,0
HK.01119,492,0.4000000059604645,0.38999998569488525,2.5641078544558447,0.13530751404166083,5965680.0,2386272.0355582237,8.912915758562292,0.35009999871253966,0.4553249990940094,17.64705933914052,9.589039865544988,-19.19191876621517,-29.824559477227524,-62.26414834404792,1
HK.01120,491,0.5699999928474426,0.5699999928474426,0.0,0.0,400.0,227.99999713897705,0.0,0.6750000095367432,0.8268000030517578,-5.785128119441005,-24.000000953674316,-41.23711587265499,-40.0,-40.0,0
HK.01121,492,0.3700000047683716,0.3499999940395355,5.714288876981205,0.014067157135684148,510000.55,188700.20593187213,7.2557893574099,0.40820000171661375,0.9900999982655049,12.121209110876647,-47.14285556150939,-70.63492003421874,-71.31782823955413,-78.85714258466449,1
HK.01122,492,0.4650000035762787,0.4699999988079071,-1.0638287753851585,0.8666517154897206,1048902.65,487739.73600116814,3.069387183252149,0.5801999980211258,0.860949999243021,-14.678901039122191,-41.87500041909515,-56.13207276625396,-51.56249854480844,-35.41666873627231,0
HK.01123,491,0.13600000739097595,0.13600000739097595,0.0,0.0,506900.0,68938.40374648571,1.6883021267840197,0.1199518971145153,0.11464488085359335,10.56910864587761,24.904164431951788,20.597131677570566,19.566386759827463,9.291142008338971,0
HK.01124,491,0.10999999940395355,0.10999999940395355,0.0,0.0,28298.35,3112.818483132869,0.1271185852079962,0.11179999992251397,0.1782999998703599,0.9174330739619837,-20.863308966897122,-43.00518274729693,-53.97489422357403,-72.83950639995673,0
HK.01125,491,0.6700000166893005,0.6700000166893005,0.0,0.0,680.0,455.60001134872437,0.0,0.704700014591217,0.8741750010848045,-2.189778925938227,-18.29268017884592,-37.96296388278769,-29.473681568769173,-29.473681568769173,0
HK.01126,492,6.190000057220459,6.215000152587891,-0.40225413923798126,0.9699763160875123,642824.2,3979081.8347826954,4.368329188084534,6.6503000164031985,7.350837788581848,1.976933808327022,-8.160233420994023,-23.204257939237674,-24.102451337152523,-47.593893306783706,0
HK.01127,491,1.190000057220459,1.2050000429153442,-1.2448120465286208,0.3813559322033898,359200.0,427448.02055358887,0.9340720635276929,1.1771272277832032,1.2169108825922013,2.531644529499082,-3.927036301107109,-1.759984789319378,-4.628302427761923,0.4727504696806615,0
HK.01128,492,5.289999961853027,5.320000171661377,-0.5639137000061576,0.7942025212799821,3852642.3,20380477.620033357,2.287165151013924,5.4209079170227055,5.37520390510559,-5.772948827374149,2.474117141525966,2.4861681187782403,-4.517048679639538,-14.747364368428212,0
HK.01129,491,0.16300000250339508,0.16300000250339508,0.0,,0.0,0.0,0.0,0.16300000250339508,0.2848100000619888,0.0,-8.42696648025705,-57.10526196084853,-42.80701594779804,-47.419354435556514,0
HK.01130,491,0.5,0.5,0.0,0.0,227221.8,113610.9,1.6474322092619564,0.5903000092506409,0.6010249981284141,-16.66666997803569,-18.03278880745961,-20.634920034218744,-9.090911061310528,-3.8461503192516595,0
HK.01132,492,0.08399999886751175,0.08799999952316284,-4.545455315142628,0.008325239350631331,1195000.0,100379.99864667654,6.508381329346202,0.0870399996638298,0.07101499995216727,-23.636364252114102,47.36841898875884,16.666670116009684,29.230772228636088,-10.63829601728408,0
HK.01133,492,14.229999542236328,14.079999923706055,1.0653382055615197,0.4589716680398342,7114479.05,101239033.62474994,5.0536328954834175,16.02979995727539,18.76208270072937,-14.534535325758544,-18.499425610559154,-39.91565855882491,-17.68240663464564,62.42284329420668,1
HK.01134,492,0.23999999463558197,0.2280000001192093,5.263155486885312,88.06737588652483,1136200.0,272687.99390494823,3.8023652775197885,0.26964000254869464,0.2882950007170439,2.127657550770317,-29.411767026132342,-7.692306369719372,-2.439029265698055,33.33332505491078,1
HK.01137,492,1.0049999952316284,1.0199999809265137,-1.4705868603311214,0.8093266806680183,190266.85,191218.18334273697,1.7308651546129945,1.0453999829292298,1.2205499964952469,-1.9512176967531925,-6.944448583655722,-27.69784132557301,-27.69784132557301,-30.689657780559877,0
HK.01138,492,18.209999084472656,18.450000762939453,-1.3008220517198494,0.9666324313974162,18803964.6,342420178.15045625,5.1447320068857625,15.014682483673095,14.868763446807861,15.545677791939008,11.529952208378061,8.833204140258081,95.49460486160368,144.55792513361177,0
HK.01141,492,0.6200000047683716,0.6100000143051147,1.6393426604503258,0.4786693340036083,2372573.7,1470995.705313313,4.620124679567083,1.6694999945163727,1.7398749941587448,-10.791365302292034,-78.39721151599997,-53.73134408025809,-15.068494716579107,-26.1904733183702,1
HK.01142,492,0.07900000363588333,0.0820000022649765,-3.6585348124734343,0.9360198964425271,4430969.75,350046.62636048906,5.784089029767219,0.08204000025987625,0.13516000006347895,-15.957440062851196,2.5974078752637335,-35.77235654164896,-65.6521729553129,-97.68328440916626,0
HK.01145,491,0.14100000262260437,0.14100000262260437,0.0,0.0,141150.0,19902.150370180607,2.2690001131097657,0.14346000030636788,0.15005000062286855,-4.7297291854944845,2.9197140630203853,3.6764668822806135,-12.962961600259613,0.0,0
HK.01146,492,0.054999999701976776,0.0560000017285347,-1.7857178494485173,0.05102040816326531,178200.0,9800.999946892262,2.7328800819487236,0.05720000013709068,0.04352548495866358,7.843138687155083,0.0,87.36262481154536,92.87327944864496,-4.960983918499455,0
HK.01147,492,0.10300000011920929,0.10400000214576721,-0.9615403903129845,0.5821524320183837,1343500.0,138380.50016015768,5.817563879211328,0.11710000008344651,0.12997000060975553,-11.206893893966416,-27.972031251172297,-9.649122749687745,-21.37404406489581,-36.419753199978366,0
HK.01148,492,0.21899999678134918,0.22499999403953552,-2.6666655187253294,0.960200389646535,359200.0,78664.79884386063,4.834980186723982,0.23207999885082245,0.27222499884665013,-6.808511771568622,-8.749999301508053,-25.762709655558886,-33.636367248766206,-3.0973448701729716,0
HK.01150,491,0.07400000095367432,0.07400000095367432,0.0,0.0,298875.0,22116.75028502941,5.0628191374223235,0.08038000106811523,0.12151999950408936,5.7142866266017025,-14.942525191955221,-54.60122710603456,-56.72514660650897,-78.23529406608594,0
HK.01152,492,0.2029999941587448,0.19900000095367432,2.0100468270860277,0.6612082547718057,3652400.0,741437.1786653996,7.04387365658582,0.23243999898433684,0.27465999938547614,-8.558562368205273,-37.53846104469523,-34.51613142016525,-28.77193098033015,-57.708333604969084,1
HK.01153,491,0.3149999976158142,0.36000001430511475,-12.50000413921128,0.0,18650.0,5874.749955534935,1.6099852486438138,0.37410000324249265,0.3772000014781952,-21.250001769512867,-8.695652549493667,-21.250001769512867,-37.00000047683716,-29.213482544076296,0
HK.01156,492,0.2750000059604645,0.29499998688697815,-6.779654852722472,1.787500876417886,1446524.8,397794.3286219597,9.32732004551864,0.2796599993109703,0.22177999977022408,5.769236941309597,22.222228109100875,31.578946242672316,52.77777501830359,53.63128384655068,0
HK.01157,492,5.78000020980835,5.840000152587891,-1.0273962536277181,0.9443955319839201,7522860.0,43482132.37835884,3.2766033081401336,6.828299989700318,7.742546463012696,-15.12481265235945,-28.192887093386087,-36.32489030833436,-22.3959612098214,-5.430671929629381,0
HK.01159,491,2.430000066757202,2.549999952316284,-4.705877953059588,1.4012292602146428,16800.5,40825.216121554375,2.029221921058938,2.5684999942779543,2.445425001978874,-6.538455542727821,-11.636361208829014,6.5789516337581055,21.500003337860107,-11.636361208829014,0
HK.01161,492,1.2400000095367432,1.2400000095367432,0.0,1.6666666666666667,166900.0,206956.00159168243,1.6995361674740972,1.3020999908447266,1.0449746125936508,-9.157509093529075,5.982910685442232,39.28571619863492,41.528382179153944,51.178053482681975,0
HK.01162,492,0.2460000067949295,0.24300000071525574,1.234570399524046,0.16353514265831592,2309200.0,568063.2156908512,5.21393634136765,0.2152399989962578,0.1954799997061491,6.034488738575562,32.25806503299205,38.20224860192788,32.25806503299205,-1.5999972820281982,1
HK.01163,491,0.15600000321865082,0.15299999713897705,1.9607883240342294,0.41916167664670656,42625.0,6649.500137194991,0.6594195453781068,0.1681400015950203,0.16832500077784063,-4.294478022844485,-8.235293189547063,-7.692305657556503,-2.4999958090483205,19.083974415046942,2
HK.01164,492,2.125,2.015000104904175,5.459051581590679,1.6711349442208,59858708.05,127199754.60624999,6.492967738244412,2.526700005531311,3.414998116493225,-19.962334354088142,-31.10590420710303,-51.35040897682488,-34.08281448736569,-19.70989648103999,1
HK.01165,491,0.024000000208616257,0.024000000208616257,0.0,,0.0,0.0,0.0,0.024000000208616257,0.024000000208616257,0.0,0.0,0.0,0.0,0.0,0
HK.01166,492,0.33000001311302185,0.30000001192092896,10.0,1.8326486724210034,417005.5,137611.82046820223,4.864438028254041,0.1942800000309944,0.42458499811589717,62.561587491950256,78.37838316764854,-44.06779190138522,-60.24096147608105,-36.53845668897103,2
HK.01167,492,5.730000019073486,5.724999904632568,0.08733824496437048,0.34742622109861493,3518916.3,20163390.466118,6.307102202494265,5.38690001487732,6.172975006103516,12.684365311461402,27.616933433529322,-6.5252869151685715,-10.74766431496327,-49.7808931139197,1
HK.01168,492,5.170000076293945,5.204999923706055,-0.6724274337200921,0.9358714157875409,420150.65,2172178.892554951,2.2201600649354734,5.184700031280517,4.362025014162064,-5.999998612837358,75.85033930855694,14.3805331440332,1.7716565736133332,-40.437789233588674,0
HK.01170,492,0.39500001072883606,0.41999998688697815,-5.9523754615900915,0.01762632197414806,920600.0,363637.0098769665,2.50781903907339,0.40222194254398347,0.4461655414104462,5.128208178901007,-13.488242064762797,-12.577592822155239,-20.142991873251624,-18.51571849131747,0
HK.01171,492,12.489999771118164,12.609999656677246,-0.9516248122619076,0.6694712311246154,30481167.0,380709768.85341454,3.8133135695289337,12.172212677001953,12.334936156272889,1.4524823749865408,1.9825078698077685,-12.333224826846473,34.512305982790636,42.63331883408629,0
HK.01172,492,0.02199999988079071,0.020999999716877937,4.761905606641802,1.9656019656019657,3296625.0,72525.74960701168,7.742823081303538,0.017860000133514405,0.020634999936446546,37.49999272404273,22.222226821346243,10.000001862645192,-15.384617588929125,-12.000001788139317,1
HK.01173,491,0.027000000700354576,0.027000000700354576,0.0,0.35926581336545166,680029.05,18360.784826261457,2.921428304462114,0.02606000054627657,0.0305050001014024,8.000001192092878,-9.999995653827888,-12.903222123802454,-15.625001818989318,17.39130716468075,0
HK.01176,492,0.01899999938905239,0.01899999938905239,0.0,0.24181098604990597,23493400.0,446374.58564676344,19.688286237980996,0.018500000052154065,0.031375000118277964,-44.117651892677465,5.555556705336561,-51.28205385375064,-60.41666828354613,-67.79661140019644,0
HK.01177,492,5.489999771118164,5.420000076293945,1.2915072663999427,0.6582006773737974,102080328.25,560420978.728167,4.47979387872038,5.179600229263306,5.635879366397858,16.10503275655774,17.67913380756467,-8.832045002114224,-11.555619332302527,-36.867978683294,1
HK.01179,492,33.58000183105469,33.52000045776367,0.17900170785086764,0.45583642825928505,1582026.25,53124444.37177658,2.1796550910322523,34.22714424133301,37.009650220870974,-7.984252325717163,-3.994983149927474,-15.143844301395845,-9.407856557503159,19.16989603630766,1
HK.01180,492,0.9300000071525574,0.9300000071525574,0.0,0.3178328621095827,739743.4,687961.3672910571,4.976017805560391,0.9368999969959259,0.6887465333938598,-6.532663045659554,6.896551960383053,60.57552868458305,52.92907868498806,12.182515967310728,0
HK.01181,491,0.10300000011920929,0.10300000011920929,0.0,0.5961572993356078,573500.0,59070.50006836653,4.746071869285078,0.09996000006794929,0.15450499936938286,5.1020436867085515,-19.5312537289281,-48.50000070780515,-50.95237936427529,-43.09392078707113,0
HK.01182,491,0.699999988079071,0.699999988079071,0.0,4.646017699115045,12175.0,8522.49985486269,0.45454545454545453,0.6807000088691711,0.7543750011920929,11.111110059882801,-12.500002793967683,-9.09090838719426,9.375000582076622,64.70587492814134,0
HK.01183,492,0.11999999731779099,0.125,-4.000002145767212,0.5860536224908695,421800.0,50615.99886864424,2.749615916287678,0.13308000102639198,0.1493250009045005,-9.090910630285256,-14.89362050653379,-31.81818297271394,-11.111116630059483,-30.232562068315755,0
HK.01184,492,8.234999656677246,8.300000190734863,-0.7831389465529902,0.08861320336730173,128720.0,1060009.1558074951,2.766620358830591,7.711851778030396,5.548547637462616,10.403702496887831,43.70881592572363,91.33495382270044,98.0929219649022,106.09032889995672,0
HK.01186,492,4.440000057220459,4.429999828338623,0.2257388096916995,1.2163050799011315,4896573.85,21740788.174184203,1.1642638486290129,4.553323955535888,4.83278371810913,-0.224713538725501,-5.508633589826699,-11.139398368619347,-11.469118295130036,-13.86616731730953,2
HK.01187,93,32.380001068115234,32.08000183105469,0.9351596631460787,0.25683297180043385,54225.0,1755805.5579185486,2.8571924479235236,32.85080017089844,,2.338816980852727,7.289598213033018,,-16.760925969183134,,5
HK.01188,491,0.012000000104308128,0.012000000104308128,0.0,,0.0,0.0,0.0,0.012000000104308128,0.012000000104308128,0.0,0.0,0.0,0.0,0.0,0
HK.01191,57,145.0,124.30000305175781,16.65325538216023,2.277066223405829,1241634.85,180037053.25,12.175152035448292,106.65999984741211,,36.2781935343607,,,-12.121212121212121,,1
HK.01193,492,16.6299991607666,16.56999969482422,0.36209696467963215,0.63112177637602,4943479.6,82210061.59926681,2.685506051394935,15.889919834136963,18.21809815406799,6.387540948160943,0.1553751282396191,-13.64939167693859,-17.699618501326412,-13.208389538430849,3
HK.01195,492,0.017999999225139618,0.017999999225139618,0.0,0.1301384161339995,14416411.05,259495.38772929425,11.915253289036416,0.013900000061839819,0.01718499980866909,49.999992238978614,19.99999751647308,-5.263158926673246,-5.263158926673246,-33.33333793245704,0
HK.01196,491,3.0850000381469727,10.850000381469727,-71.56682092458063,0.6694472821575633,28663379.6,88426527.15942116,8.30749249208924,2.3866000151634217,2.9407000058889388,69.15695714230807,9.300267442715976,0.7346951231664541,-8.18451980758201,2.0678246223717953,0
HK.01198,491,0.08500000089406967,0.08500000089406967,0.0,0.0,3692.9,313.8965033017099,0.05681829727139417,0.08424000054597855,0.10389000006020069,-10.526313725600916,3.6585348124734343,-15.841586203472694,-31.999999284744263,-64.58333216918008,0
HK.01199,492,5.820000171661377,5.820000171661377,0.0,1.4309380352557977,6930372.6,40334769.7216773,2.2225505499525697,5.117144222259522,5.2673494291305545,15.682898672702251,19.004486327538277,0.6601774658369357,9.272816296186077,12.073633440248745,0
HK.01200,492,1.784999966621399,1.784999966621399,0.0,0.3099625302129844,1725765.2,3080490.824396372,4.638317186991521,2.123199989795685,2.487104349732399,-13.975907199907711,-27.439026872293322,-36.07074420971315,-18.686472045636513,-8.672489500059436,0
HK.01201,492,2.0,2.009999990463257,-0.4975119657066306,0.5356843926120194,138007.5,276015.0,2.9468561833163065,2.181099977493286,2.171624983549118,-4.988124376345706,-3.8461503192516595,-36.50793843018249,52.67176239385368,124.71910473554222,0
HK.01202,492,1.4500000476837158,1.4299999475479126,1.3986084524057727,1.351981351981352,136600.0,198070.00651359558,2.423280403168027,1.5304000067710877,1.3155665647983552,-4.6052588237619245,2.1716173236145764,2.8911321644829284,69.89000257276152,36.54710166321992,1
HK.01203,492,0.6600000262260437,0.6600000262260437,0.0,0.3846901107441228,157380.0,103870.80412745476,2.702804808052751,0.6675999975204467,0.7353081956505776,0.7633671839197399,-2.5764836107899476,-18.02167646490934,-21.834627128818774,-23.24534302923563,0
HK.01204,491,1.840000033378601,1.840000033378601,0.0,0.0,9000.0,16560.00030040741,0.0,1.7580000162124634,1.8009999984502791,-0.27100244737636836,12.883437960816128,-0.5405400180747055,-7.999998331069946,33.33333621278478,0
HK.01205,492,0.49000000953674316,0.49000000953674316,0.0,0.24151883709880742,3745643.6,1835365.399721241,2.449781797818209,0.49149999737739564,0.492174996137619,-2.9702942250534496,-9.259261098908716,-16.949147234288798,24.050631956342844,25.641032694830013,0
HK.01206,491,0.1899999976158142,0.1899999976158142,0.0,0.0,128900.0,24490.99969267845,1.6143488014052596,0.20697999864816666,0.28209499925374987,-9.523807834335413,-8.212562542584386,-50.0,-50.64935004616651,-53.6585367626551,0
HK.01208,492,8.640000343322754,8.4350004196167,2.4303487078589883,0.5323861714435107,55975773.85,483630705.2817568,4.135900621819423,8.669100008010865,8.776524996757507,-4.845810397360801,-11.293628887520281,-1.8181800448205245,-5.2631529414422,57.09091533314098,1
HK.01209,492,38.060001373291016,38.20000076293945,-0.36649054149826327,0.5853376266057834,5431092.8,206707399.42647094,3.2308348267819045,38.5481787109375,41.57439708709717,-4.138718098085916,-6.652963818624292,-12.561765100253536,-6.997883748112053,3.7913940077879946,0
HK.01211,492,79.19999694824219,79.05000305175781,0.18974559227552062,0.4950350256113431,20147463.0,1595679008.1148224,3.0039764774635973,88.35600021362305,93.94545825958252,-11.40940089881776,-7.476637429863714,-18.83932176208759,-19.414634676487186,-24.642000753804886,1
HK.01213,491,0.5,0.5,0.0,,0.0,0.0,0.0,0.48091050267219543,0.4725361904501915,3.092780464424631,-17.620897399688026,-1.4681219385740318,-8.63408490184213,46.60781224235059,0
HK.01215,492,0.01899999938905239,0.01899999938905239,0.0,0.4106326941038867,2903025.0,55157.47322640382,4.471103961658156,0.017580000162124635,0.021184999998658895,11.76469621464508,-13.636365945427883,-20.833336567092246,-17.39130716468075,-32.14286141933822,0
HK.01216,492,0.2800000011920929,0.2849999964237213,-1.754384313814067,0.008795074758135445,281900.0,78932.00033605099,1.9118845225457946,0.28479999661445615,0.31094999983906746,-3.4482726727597,-5.084741139541855,-13.84615031925166,-13.84615031925166,-15.151518161850626,0
HK.01218,491,1.2000000476837158,1.2000000476837158,0.0,0.0,1520.0,1824.000072479248,0.9818836350359514,1.1809999895095826,1.3775500023365022,4.347832396711109,2.1276677771900165,-22.829576324037692,-24.764888642082898,-37.33681088314228,0
HK.01220,491,0.0560000017285347,0.0560000017285347,0.0,,0.0,0.0,0.0,0.0560000017285347,0.0560000017285347,0.0,0.0,0.0,0.0,0.0,0
HK.01221,491,1.5,1.559999942779541,-3.8461503192516595,3.0300920968087386,2150.55,3225.8250000000003,1.095585169755616,1.5720999884605407,1.59689051091671,-1.31578823536055,-6.2500013969838415,-16.89750999872007,-1.7879586964861416,9.068706397782933,0
HK.01222,491,0.020999999716877937,0.02199999988079071,-4.545455315142628,0.3082704836742001,1002203.0,21046.26271625422,2.2943726867212315,0.022499999962747097,0.022134999902918936,0.0,5.000000931322596,-4.545455315142628,-12.500001940255348,-19.230771986161407,0
HK.01223,492,1.2400000095367432,1.2999999523162842,-4.61538038310199,1.1191205675708311,4134628.0,5126938.759430885,5.983586511874341,1.3228116106987,1.3832075530290604,-6.415096987774796,-5.695090092560819,-12.336270072957637,-20.711791416890286,-15.318031778999043,0
HK.01224,491,1.184999942779541,1.184999942779541,0.0,0.0,106350.0,126024.74391460419,1.5402002967993456,1.2022000288963317,1.204250039458275,-1.2500086923436844,-1.2500086923436844,-1.2500086923436844,-1.2500086923436844,-1.2500086923436844,0
HK.01225,492,0.24799999594688416,0.24799999594688416,0.0,0.20531081493539527,198598.0,49252.3031950593,0.06419834276286641,0.2416199967265129,0.2226349987834692,3.3333339542150635,-9.818185246680319,25.252523884190886,25.252523884190886,12.217192312430287,0
HK.01228,492,1.9149999618530273,1.8700000047683716,2.406414811225078,0.5720620388845039,772869.45,1480044.96726737,4.539137295431515,2.0124999928474425,2.268274997472763,-6.127451094972407,-1.7948761525551198,-23.09237130447613,-18.8559302128583,-21.83673777216818,2
HK.01229,492,0.16300000250339508,0.16300000250339508,0.0,0.05785920925747348,102100.0,16642.300255596638,4.4123226142239025,0.158539999127388,0.19260000012814998,-5.780341543241836,1.8750038417057062,-20.098036494405346,-25.909089369714742,-32.08333077219619,0
HK.01231,491,0.3199999928474426,0.3199999928474426,0.0,0.0,51600.0,16511.99963092804,0.24359095939123984,0.3053000068664551,0.31257500499486923,6.666660043928621,0.0,4.918027981350978,4.918027981350978,59.99999403953561,0
HK.01232,492,0.5199999809265137,0.5,3.9999961853027344,2.93534679269479,117593.25,61148.487757086754,5.619625285817664,0.3747999995946884,0.3939249996840954,8.333331781129008,5.050500185316258,73.33332008785725,48.571425652017346,-28.76712776165459,1
HK.01233,492,0.04800000041723251,0.04899999871850014,-2.0408129131033443,0.09885886856207872,24866109.3,1193573.2567749494,19.48748386571003,0.03415999975055456,0.06442000017501413,29.729729185494485,37.1428577510678,-33.33332988399032,-56.3636357478859,-68.62745012104028,0
HK.01234,492,2.875,2.880000114440918,-0.17361507785525276,1.100465420490949,362387.0,1041862.625,1.571420356792717,3.13367356300354,3.222412872314453,-4.297591944715474,-16.855224359648393,-3.9431150899166356,-5.956282618800284,-11.767975686157268,0
HK.01235,491,0.19200000166893005,0.19200000166893005,0.0,,0.0,0.0,0.0,0.18734954923391342,0.1750297249853611,1.5872968317452427,3.1422152650839132,18.916901971949795,12.310403386997223,26.349213446874924,0
HK.01236,90,25.940000534057617,27.299999237060547,-4.981680370000493,2.697397788126861,1246016.4,32321666.081444547,9.175026957277076,34.8088000869751,,-35.14999866485596,-35.63275179865819,,-56.76666577657063,,0
HK.01237,491,0.7900000214576721,0.7900000214576721,0.0,0.0,19522.45,15422.735918906332,0.25316468589371616,0.7420000052452087,0.7631500026583672,5.333336194356283,-10.227269802458014,-5.9523754615900915,-12.2222175127193,-26.851852771676583,0
HK.01238,492,0.16500000655651093,0.16500000655651093,0.0,0.5141892259927011,866950.0,143046.75568416715,4.952814959952651,0.18531999945640565,0.22774999871850013,-13.157890196322017,-27.631576109543403,-31.2499957314381,-35.29411386591058,-49.23076535117683,0
HK.01239,491,0.25,0.25,0.0,0.0,11000.0,2750.0,0.09259305250495685,0.28000000298023225,0.3974749992787838,-16.66666997803569,-37.50000093132256,-31.50685110466183,-59.0163944037298,-5.660372265889812,0
HK.01240,492,0.17800000309944153,0.18400000035762787,-3.2608680687633522,1.1814345991561181,30250.0,5384.500093758106,0.8863781853271123,0.17698000311851503,0.18026500083506108,-4.812835843873447,0.0,-3.2608680687633522,-6.315786666817247,-6.806280925273173,0
HK.01241,491,0.17399999499320984,0.17399999499320984,0.0,0.0,95800.0,16669.199520349503,3.6653791242717815,0.14154000088572502,0.16312000039964913,35.9374896317609,34.883724153847915,-3.867403042010409,9.433962971456591,-12.121214173713673,0
HK.01243,491,0.03099999949336052,0.029999999329447746,3.3333339542150635,0.0046816479400749065,832800.0,25816.79957807064,2.2200042577448538,0.03236000061035156,0.03396000039763749,-6.0606070868568365,-11.428573253203405,-16.216218665274816,-6.0606070868568365,-20.5128234519055,1
HK.01244,492,2.3399999141693115,2.359999895095825,-0.847456856590309,0.30264135648179424,366200.0,856907.9685688019,11.115572216966026,2.335500020980835,3.616575005054474,7.339442317087295,-14.909094030206854,-38.42105411756734,-53.10621199397446,-69.33158743024772,0
HK.01245,492,0.25999999046325684,0.23000000417232513,13.043472063789407,16.2880276707806,220310.0,57280.59789896011,3.1597727006637224,0.20303999960422517,0.1871491112560034,23.809523133734164,44.4444334065477,62.18322630058959,36.61740784573338,48.657614795707545,2
HK.01247,492,0.9599999785423279,0.9549999833106995,0.5235597192677354,1.2296690358871496,225730.0,216700.79515635967,2.816086868472936,1.0221999895572662,1.8501000019907952,-5.418719992877978,-23.20000171661377,-55.55555831502974,-67.56756871046157,-60.33058064971228,2
HK.01250,492,1.1200000047683716,1.1200000047683716,0.0,0.39868274610846,51398.8,57566.65624508858,2.943698203039576,1.1462999987602234,1.5147750002145768,8.737867561021847,-10.399999618530273,-33.72781261259634,-36.72316289053839,-50.0,0
HK.01251,492,0.17299999296665192,0.17299999296665192,0.0,0.07549361207897794,324300.0,56103.89771908522,4.304753315644507,0.1974800008535385,0.22950999960303306,-6.989253298824595,-35.92593107694441,-35.92593107694441,-8.465610050794039,-32.15686423464128,0
HK.01252,491,0.23999999463558197,0.23999999463558197,0.0,,0.0,0.0,0.0,0.23999999463558197,0.2505349950492382,0.0,0.0,0.0,-9.433959399563019,-40.74074223971443,0
HK.01253,491,0.1080000028014183,0.10499999672174454,2.8571487365127637,0.0,2420.0,261.3600067794323,0.042372966970187324,0.10313999980688095,0.14760999996215105,10.204087373417103,-10.743798854026808,-24.475526042226765,-48.57142563174362,-48.57142563174362,3
HK.01255,492,1.8200000524520874,2.005000114440918,-9.226935233388588,14.328358208955224,11500.0,20930.000603199005,0.8950887962724866,2.265599992275238,1.958949987590313,-17.084277548778868,-47.99999850136893,27.272735609041533,15.18987360873143,506.66666004392863,0
HK.01257,492,0.75,0.7409999966621399,1.2145753547099776,0.7878446158757745,222876.45,167157.33750000002,1.6733905566151186,0.7437783169746399,0.8073873826861382,-2.580975726908324,-6.102142300985968,-3.087071518513672,-16.210696645374593,-14.888150491627014,1
HK.01258,492,15.600000381469727,15.300000190734863,1.9607855359147823,0.5103599558643283,16367610.1,255334723.80374774,4.894237796530769,14.993629646301269,13.968109307289124,9.301748603624832,4.716671377207406,24.817086933438006,6.09452875070923,46.73673785916569,1
HK.01259,492,0.03099999949336052,0.03099999949336052,0.0,0.769246848805368,2483400.0,76985.39874181151,7.783847569632502,0.03296000011265278,0.032790000392124055,-18.421051341658444,-16.216218665274816,-11.428573253203405,-6.0606070868568365,-3.1250061845636785,0
HK.01260,491,0.38499999046325684,0.38999998569488525,-1.2820501064172196,1.4898989898989898,75100.0,28913.49928379059,2.5943711469125637,0.400699999332428,0.4530499978363514,-3.750003818422499,-23.000001907348633,-21.428574904060852,-8.333332742017395,-6.097562482568367,0
HK.01262,492,3.119999885559082,3.0299999713897705,2.9702942250534496,0.3114571746384872,41350.0,129011.99526786804,3.6616156020640935,3.1823000144958495,3.132725014090538,3.8269473124316287,26.315783377321722,-22.00000286102295,61.65802955192191,56.7839130958293,1
HK.01265,491,0.1469999998807907,0.1469999998807907,0.0,0.0,301000.0,44246.999964118004,0.8107987816156542,0.14832000136375428,0.17138000056147576,-2.649002243858402,7.299274280790531,-25.757575415492166,-18.333336644702356,-32.25806230100169,0
HK.01268,492,0.2750000059604645,0.26499998569488525,3.7735927567532066,5.835956618411088,3440681.95,946187.5567580626,7.481232580023216,0.36731097400188445,0.9170241947472095,-22.625256106860437,-53.57515522125418,-81.5999089912788,-75.85908207536775,-85.20777064428259,1
HK.01269,492,0.05700000002980232,0.054999999701976776,3.636364252114102,0.0830500116789079,740320.0,42198.240022063255,6.318005836526688,0.045539999902248385,0.04576499996706843,29.545455315142625,50.00000490169791,-1.7241350517969516,3.636364252114102,9.615382411070875,5
HK.01270,492,0.45500001311302185,0.45500001311302185,0.0,0.10506132118909357,612704.55,278780.5782844082,1.669687188255133,0.47680000483989715,0.49717464700341224,-5.2083284826948155,-8.99999737739563,-13.917285357150469,-2.6134937689545388,-3.5873565557840674,0
HK.01271,491,0.28999999165534973,0.28999999165534973,0.0,0.0,3050.9,884.7609745413065,1.6487067586113302,0.2696799996495247,0.5552449991554022,-12.121218141883071,-31.76470975974841,-55.384615031925165,-77.16535464482577,-74.33628381600964,0
HK.01272,491,1.1100000143051147,1.1100000143051147,0.0,0.0,230200.0,255522.0032930374,2.571307980999156,1.0625999975204468,1.0605289348959923,3.73831400861716,10.911799357710446,0.0024379430719887003,8.931224329284278,-2.3976188903878266,0
HK.01273,492,0.7099999785423279,0.7149999737739563,-0.6993000580457562,0.28846153846153844,42200.0,29961.999094486237,0.5231059571863345,0.6844717133045196,0.607140582203865,3.1645806966951766,23.79749040300569,23.79749040300569,23.79749040300569,70.57301183260456,0
HK.01274,492,2.25,2.2699999809265137,-0.881056435883782,0.3231072716141759,141315.0,317958.75,7.491145512518729,2.8557999897003175,4.248249992132187,-22.14533154577154,-44.71744704911036,-49.09502350310893,-63.47402506924976,-81.60261582815583,0
HK.01276,327,45.599998474121094,43.79999923706055,4.109587370808699,0.5904525845901736,6487532.5,295831472.100811,3.6719441435522047,52.7189998626709,62.86232572555542,-17.015472536852787,-15.63367415765943,-29.32973791189113,-38.2469710770716,-46.915321930636146,1
HK.01277,492,1.9550000429153442,1.940000057220459,0.7731951161061578,0.4078470508314959,13972861.75,27316945.320900172,4.908682238866872,1.8477481555938722,1.7576525390148163,-1.961331834273414,16.456341145457937,-6.1889274105382235,54.26709361730988,79.53498357173018,2
HK.01278,492,0.06800000369548798,0.0689999982714653,-1.4492675377223445,2.255705134224854,335339.4,22803.080439242724,3.2390916796350493,0.06643476530909538,0.0730125124938786,-0.06483277119747474,3.8086304601491845,-15.504608924854532,-3.1119485772217477,-33.93996653282838,0
HK.01280,492,2.684999942779541,2.8299999237060547,-5.123674375815089,2.585841596675702,3580375.5,9613308.01262927,15.186381369734653,1.5832999897003175,2.2211249971389773,158.17308089084187,71.01909892206712,22.04544929926072,-19.85074569504996,-45.092024210846674,0
HK.01281,492,0.09200000017881393,0.09200000017881393,0.0,0.07242339832869081,180150.0,16573.80003221333,1.3827246920159793,0.0963199995458126,0.10199499990791082,-5.154641788385083,-6.122446341943493,-2.127656032996879,-17.11711802417586,-19.29824549937549,0
HK.01282,492,0.11100000143051147,0.09799999743700027,13.26531054438885,0.4581851975923665,1807580.0,200641.38258576393,9.697574226033005,0.08660000011324882,0.10040000025182963,47.999996026357174,33.73494657260264,-6.722690022671052,0.0,-26.973680921229025,1
HK.01283,492,1.75,1.7899999618530273,-2.234634788015244,0.9801136363636364,359000.0,628250.0,4.252640952151849,1.5857000041007996,1.6426220202445985,20.689651203495842,2.941173583166078,22.37762686640698,-3.3149140705165783,32.40605006424101,0
HK.01284,492,0.550000011920929,0.5849999785423279,-5.982900496613692,0.6890012642225032,814500.0,447975.00970959663,4.750188862363719,0.45818839848041537,0.38432169303297997,14.311841024554676,23.0094825932499,81.43683116142574,55.51727511582937,64.03876074277498,0
HK.01285,492,1.590000033378601,1.5700000524520874,1.2738840928875717,0.09786989061600461,340650.0,541633.5113704205,5.345048673691371,1.1734559452533722,1.0001245206594467,45.744233421780805,59.49368874730685,103.31061630176868,69.73638715495201,94.26329993193882,1
HK.01286,492,7.445000171661377,7.40500020980835,0.5401750265995278,0.9092048139452183,3688385.3,27460029.191653296,5.470020415350981,8.118467035293579,7.747329511642456,-11.103291193841926,-14.541846167521285,2.1204920396520577,49.95163376270694,125.82002473371412,1
HK.01288,492,6.360000133514404,6.309999942779541,0.7923960568664966,0.8371367880029863,82610593.85,525403387.9157042,2.4337213941198734,6.0741000080108645,5.673729801177979,2.2508094541019306,4.091652938413322,25.153059979769658,11.843475834208629,21.725658814452494,1
HK.01289,491,1.9700000286102295,1.8700000047683716,5.347594844217364,1.220556745182013,24700.0,48659.00070667267,2.1394551296698308,2.030299985408783,2.2166693955659866,-2.716052551455437,-1.385250261760359,-12.609691625483116,-25.61240641433927,-3.5963389196760898,3
HK.01290,492,0.5899999737739563,0.550000011920929,7.272720179282098,0.20654044750430292,58700.0,34632.998460531235,4.5736232284507485,0.5574999964237213,0.5366384044289589,-0.840345310226634,9.259250061011974,17.621929634958818,15.443737115650435,0.5477706579352746,1
HK.01292,491,1.8600000143051147,1.8200000524520874,2.1978000384744694,0.0,36750.0,68355.00052571297,0.013440847293478081,1.9897999906539916,2.7621029448509216,-2.617798596338677,-14.2542036722265,-46.20332142916988,-49.908705800952255,-53.13811445887637,1
HK.01293,491,0.0860000029206276,0.0860000029206276,0.0,,0.0,0.0,0.0,0.0860000029206276,0.0860000029206276,0.0,0.0,0.0,0.0,0.0,0
HK.01298,491,1.1150000095367432,1.1150000095367432,0.0,,0.0,0.0,0.0,1.119100022315979,1.028275006711483,1.3636350336153933,26.704547224828048,-0.44642814378045226,13.775508962835408,1.3636350336153933,0
HK.01299,492,77.0,76.05000305175781,1.2491741092970665,0.9185006183786341,26810183.35,2064384117.95,2.1434466937137886,75.09025268554687,79.25750892639161,6.220108786598549,1.3603671996168358,-3.563643465761827,-5.300191688278397,10.09760545161039,3
HK.01300,492,2.9800000190734863,2.924999952316284,1.8803441932929958,0.7811093792127888,13491415.0,40204416.95732832,15.81765403394022,1.796399998664856,1.5111500088870526,88.01261497491265,-23.58974496915414,263.4146396423082,654.4303640840226,846.0317592471876,1
HK.01301,492,0.30000001192092896,0.3149999976158142,-4.761900256640573,1.3674681753889675,73134.0,21940.20087182522,8.04773703218076,0.32540000319480894,0.3457500018179417,-6.249994179233778,-13.04347450506333,-33.333328918174345,-17.808218059586352,-50.0,0
HK.01302,492,1.3799999952316284,1.3550000190734863,1.8450166646666484,0.7208737274538946,14671066.2,20246071.286042903,3.40682090242843,1.402999997138977,1.6539499980211259,2.985071705720311,-11.538458599376382,-19.76744347227268,-12.658230522240038,-30.303031215253203,1
HK.01303,491,0.17000000178813934,0.17000000178813934,0.0,0.0,287400.0,48858.00051391125,2.889452821051557,0.19537999957799912,0.22811500005424024,-15.000000372529025,-34.6153815293452,-25.764192054492703,-20.560747403246378,-38.18181887145868,0
HK.01304,295,117.69999694824219,114.80000305175781,2.5261270203772614,0.386541696837145,217750.7,25629256.725477602,5.896280286888675,115.13800048828125,124.8107343673706,9.082479410357408,-8.046877384185791,14.75474026498101,-14.369565176364956,-27.34546875278156,1
HK.01305,491,0.9049999713897705,0.9049999713897705,0.0,0.0,12150.0,10995.749652385712,0.45466101805877646,0.8162999963760376,0.7487750023603439,20.6666628519694,10.365851132164797,14.556955292217044,33.088229686846844,-7.653065941225442,0
HK.01308,492,46.7599983215332,45.400001525878906,2.9955875549455024,0.8039607515145339,6545375.15,306061731.02780515,4.1130690548757665,40.62574821472168,32.51069260597229,9.27311823202568,39.528524978671506,50.734516786047756,81.49666807921274,80.72598667539002,1
HK.01310,492,5.480000019073486,5.489999771118164,-0.18214485358058688,0.42310589927312475,858890.35,4706719.134382033,1.8734763523111677,5.878699998855591,6.554559874534607,-7.666384635093432,-11.897102830856578,-24.048947497292865,-10.31699345895184,13.091074268438838,0
HK.01312,492,0.032999999821186066,0.032999999821186066,0.0,0.014501160092807424,1642500.0,54202.49970629811,9.373931071945913,0.030940000042319296,0.029809999763965606,0.0,17.85713858066178,17.85713858066178,17.85713858066178,22.222218389619133,0
HK.01313,492,0.9599999785423279,0.9599999785423279,0.0,0.4378463225829485,8154342.8,7828168.9130267855,2.6748273656177024,1.0411397123336792,1.359148737192154,-7.744661736721402,-18.21061823570939,-42.287050894421824,-37.958577488378396,-44.740823261233245,0
HK.01314,492,0.1860000044107437,0.18700000643730164,-0.5347604236009523,0.15477538693846735,533900.0,99305.40235489607,3.1630761811705668,0.18510000079870223,0.16417500063776969,0.5405416290110301,37.77777557019843,18.47133643100307,7.514457787635704,0.5405416290110301,0
HK.01315,492,0.09200000017881393,0.09200000017881393,0.0,0.12417539774932092,123650.0,11375.800022110343,1.8992852517302767,0.09675999969244004,0.11247000001370906,-5.154641788385083,-16.363635747885898,-26.399999856948853,-31.851854427361094,-55.121950740831224,0
HK.01316,492,4.639999866485596,4.690000057220459,-1.0661021348578836,0.7892661240567809,9439542.5,43799475.93968511,4.2110072192403365,4.568799996376038,5.379978519678116,-10.338170135860345,2.43329451428166,-25.285822020768713,-27.86603735541013,-25.862318155432618,0
HK.01317,492,0.17900000512599945,0.16300000250339508,9.815952378449264,2.5840474620962426,159500.0,28550.500817596912,3.988536490942085,0.1773199999332428,0.2635799975693226,2.8735691245190735,-7.731958842072276,-39.322029463486444,-54.102561104697244,-57.38094982984647,3
HK.01318,434,46.720001220703125,46.439998626708984,0.6029341134241616,0.6875158474391476,2019633.4,94357274.9133728,4.446569676860307,52.62320007324219,69.43507696151734,-5.348458989068141,-21.21416218922198,-36.936682356415936,-42.65238895935967,-53.792455089630586,1
HK.01319,491,0.28999999165534973,0.28999999165534973,0.0,0.0,90800.0,26331.999242305756,0.4341646775769691,0.2798274564743042,0.2724671620130539,5.454540134461573,4.056440878841343,4.056440878841343,11.764318748634645,33.56450161160092,0
HK.01321,491,0.7900000214576721,0.7900000214576721,0.0,0.0,38700.0,30573.00083041191,3.8164151730971025,0.7128000009059906,0.6807249993085861,13.669069005455755,14.492757128607561,29.5081972018649,31.666665010982154,21.53846929764635,0
HK.01323,492,0.18799999356269836,0.17800000309944153,5.617972072545548,0.4226667321963926,1027600.0,193188.79338502884,5.215567135949556,0.19983999967575072,0.14904499974101781,-1.0526337253750466,11.904759581735043,64.91227496877455,59.32202747723595,13.253012480800166,1
HK.01326,491,0.027000000700354576,0.027000000700354576,0.0,,0.0,0.0,0.0,0.027000000700354576,0.027000000700354576,0.0,0.0,0.0,0.0,-37.20930282927125,0
HK.01327,492,1.5499999523162842,1.5499999523162842,0.0,3.3849938499384993,9506.0,14734.299546718597,0.0,1.6235999846458435,0.9447999933362007,-6.060607593140567,121.42856838751808,162.71186800257854,112.32875504353261,154.0983468798728,0
HK.01328,492,3.359999895095825,3.4200000762939453,-1.7543912239656678,0.9447549388268719,18654.9,62680.462043023115,2.492828143946904,3.8087000036239624,3.6893750011920927,-11.578949019519266,-24.83221358380051,6.3291077162284815,10.163932709051862,-63.90977718952499,0
HK.01330,492,6.385000228881836,6.110000133514404,4.500819793096381,1.3221906116642959,1478100.0,9437668.838310242,2.8516421388311453,5.610800037384033,5.466407146453857,18.79070193268532,6.416670481363933,23.422526356170938,27.68664624682114,34.00752506051713,1
HK.01332,492,0.1550000011920929,0.15399999916553497,0.6493519688159334,0.5916738552590085,1379796.85,213868.51339484603,4.738479246573599,0.15086000114679338,0.16489000029861928,6.164385938447589,24.000000953674316,30.25209884102778,-39.21568467038631,93.75000582076622,2
HK.01333,339,11.829999923706055,11.5600004196167,2.335635763742541,1.5447006472491909,1047650.0,12393699.420070648,5.800906978981281,12.111599998474121,18.57220001220703,10.664175753708289,-27.42330995446468,-48.02284795808526,-57.750000272478374,-65.80924726758515,1
HK.01334,492,0.9200000166893005,0.9449999928474426,-2.6455001425780957,0.9145839055204614,925000.0,851000.015437603,7.2512539015367885,1.1221999907493592,1.2547831803560257,-20.689651451552983,-6.862494088785313,-36.88708766641465,-18.007151182000822,-4.068373252950271,0
HK.01335,492,0.09399999678134918,0.10599999874830246,-11.320756706278218,0.3991741225051617,148200.0,13930.799522995949,3.881049750075907,0.10386000096797943,0.11875000018626451,-6.000004619359902,-7.843138687155083,-24.800002574920654,-30.370375521388848,-31.88405859698221,0
HK.01336,492,46.5,46.29999923706055,0.43196709770000113,0.4427052970270553,8702975.45,404688358.42499995,3.347365757093085,47.30022644042969,49.30971307754517,3.6558166904482907,-8.052854860338684,-6.20157699165027,-12.961069707283418,8.036914980804136,1
HK.01338,492,0.03400000184774399,0.029999999329447746,13.333342025677558,1.8503021850302186,2820000.0,95880.00521063805,6.934472527556757,0.030519999749958514,0.03313999957405031,17.241389055456473,9.677427107784306,-8.108104298461395,-5.5555463573075095,-27.65956805970864,1
HK.01339,492,5.820000171661377,5.800000190734863,0.3448272460139292,0.7498637903493754,38564244.4,224443909.0279913,3.188917502036103,5.413800001144409,5.743055629730224,15.01976753905565,7.952634810500856,-3.6014066043492456,-13.792110963806662,-8.471721446364908,1
HK.01340,492,0.5049999952316284,0.47999998927116394,5.2083346915121185,3.6125211505922166,151025.0,76267.62427985668,1.9059415291395236,0.5207799953222275,0.45451499983668325,-1.9417457749564655,-37.50000276630458,28.826532765031416,46.802319209718675,28.826532765031416,2
HK.01341,491,0.01600000075995922,0.01600000075995922,0.0,,0.0,0.0,0.0,0.01600000075995922,0.04463500032201409,0.0,-33.333330746326205,-70.37036973160319,-80.24691270016766,-93.96226353823987,0
HK.01343,492,0.17000000178813934,0.18000000715255737,-5.555558315029741,5.321280234546787,1287250.0,218832.50230178237,5.583538938232185,0.1295799994468689,0.12598999969661237,29.770996447494845,31.78295406410711,30.769236941309597,39.34426219496667,115.18986577732517,0
HK.01345,491,2.194999933242798,2.194999933242798,0.0,0.0,33450.0,73422.74776697159,1.6246763073438142,2.231499991416931,2.2116856604814528,-0.2272779242065186,-2.8761087387055793,-4.309329638122535,-0.056417418989384585,22.595390470407448,0
HK.01346,492,1.3049999475479126,1.3049999475479126,0.0,0.24464831804281345,78350.0,102246.74589037895,0.5876788685686959,1.3537924909591674,1.3603168988227845,-0.47155200214128573,-4.737052833265936,-3.0027320520906304,-4.331459195376785,-9.886396666092367,0
HK.01347,492,111.9000015258789,105.69999694824219,5.8656620214214925,0.8329460434964235,23268020.2,2603691495.884181,5.895588704508226,133.70199996948242,114.93975032806397,-1.583109472890016,-26.958222092077634,28.178691425172598,37.63837309408254,135.18284409321652,1
HK.01348,492,0.19200000166893005,0.20499999821186066,-6.341461783573061,0.4040920716112532,1100820.0,211357.44183719158,7.514657796462153,0.2129799994826317,0.21099999964237212,4.918034655704189,-30.181819088202843,6.07735234183693,47.692314393421846,64.1025673682142,0
HK.01349,492,2.490000009536743,2.494999885559082,-0.2003958417504492,0.5759300148985751,1296940.3,3229381.3593685864,2.9847862428642604,2.4933000135421755,2.750475001335144,-2.5440334842322274,7.792210875148959,-17.821781087520787,-11.702125231137096,-30.640666599767783,0
HK.01351,492,0.20999999344348907,0.16899999976158142,24.260351325295172,12.695752197847343,1988100.0,417500.98696500063,12.305844034807967,0.2157199999690056,0.31411000072956086,-13.223142734960373,-5.4054095778756155,-38.2352966957026,-41.66667080587794,-51.724139702872904,3
HK.01354,492,2.5199999809265137,2.559999942779541,-1.5624985448084445,0.5995643700561734,259710.0,654469.1950464249,8.491982938123964,2.2765000009536744,2.7273749959468843,23.83291767272078,24.752475481245543,-15.436242792038355,-20.00000302753742,-53.24675244250773,0
HK.01355,492,0.164000004529953,0.16699999570846558,-1.7964019494645396,0.049019607843137254,409000.0,67076.00185275078,1.9169182732146537,0.1527247802913189,0.14293619487434625,-8.888889992678562,15.492957155280273,6.493510012080585,31.200003623962402,112.98702002416117,0
HK.01357,492,3.815000057220459,3.880000114440918,-1.6752591573009543,0.80731582974262,78628145.3,299966378.81863856,5.476928421197187,4.34705060005188,5.360189981460572,-11.062581072529044,-19.400469696780426,-27.737227530003377,-47.383365413779885,-59.78903887950596,0
HK.01358,492,0.9100000262260437,0.9449999928474426,-3.703700199609334,0.7821229050279329,414250.0,376967.5108641386,2.1481581279594426,0.9794999885559083,1.1393667262792588,0.5524922645682319,-20.08539255408,-27.007132493291774,-28.691585642163847,-32.758282165572666,0
HK.01359,492,0.8899999856948853,0.8799999952316284,1.136362558800321,0.6901082687829847,50055750.7,44549617.40694675,2.6724490313822487,0.9375000035762787,1.093423820734024,-1.6574570352582891,-12.326803754587045,-21.318922181953535,-29.7275900397311,-34.711452214513166,1
HK.01361,492,4.429999828338623,4.380000114440918,1.1415459495732743,0.4106848340323538,2803270.45,12418487.612286735,2.385017198289734,4.4251532459259035,4.990137549638749,-5.7168547262171945,-1.1030020335322581,-11.25472054795515,-11.584629340739742,-21.419713839143398,1
HK.01362,492,0.824999988079071,0.824999988079071,0.0,0.9302325581395349,4500.0,3712.4999463558197,0.9865014316803694,0.8261999869346619,0.7163794511556625,-1.7857126384770277,-0.6024090761646119,19.277107395477223,51.807226404966734,135.1943136860913,0
HK.01364,394,21.940000534057617,22.399999618530273,-2.053567376367831,0.37860223809879584,6882767.15,151007914.94679424,3.9225628805656934,23.12144973754883,24.729507331848144,-10.52202233091378,-1.0981122549523687,-18.46589374668009,-9.561600692380333,9.08683035079234,0
HK.01368,492,3.5250000953674316,3.494999885559082,0.8583751299193702,1.1962014145990498,16498839.55,58158410.98720196,3.378382955176766,3.471872625350952,4.25510512471199,5.38966367510986,-13.324394296416072,-25.490332640929847,-29.11136588854493,-40.46245353650865,3
HK.01370,491,0.16699999570846558,0.14900000393390656,12.080531073370615,0.46340566384700255,250050.0,41758.34892690182,19.793092197438924,0.13332000032067298,0.2164500007033348,28.461539872299333,12.080531073370615,-27.391307530871806,-47.81250017462298,-35.76923006385033,1
HK.01371,492,1.2300000190734863,1.125,9.33333502875434,1.162367699954151,24578.45,30231.49396879673,4.279485951177599,1.0904000043869018,1.6912499970197679,10.810811101069607,-30.508472749833714,-35.26315607852881,-46.052630065440674,-58.30508477315928,1
HK.01372,492,1.2450000047683716,1.2050000429153442,3.3194987907429883,0.7856494096276113,1060050.0,1319762.2550547123,6.073116235509928,1.2473000001907348,1.2222249954938889,-14.7260292987032,33.870967225072455,12.162161146256372,-20.19230445931402,22.058826279337758,1
HK.01373,492,0.6499999761581421,0.6349999904632568,2.3622025071121953,1.7003664832441545,148005.5,96203.5714712739,2.241558508844094,0.6619999980926514,0.7061419934034348,0.7751930820906612,-7.142858967489158,-12.16216651604412,-9.722221647331718,-17.892881177069555,1
HK.01375,492,1.6349999904632568,1.6299999952316284,0.30674817461689025,0.9345890698853729,9122350.0,14915042.163002491,2.9216297620785268,1.7056324863433838,1.9003704357147218,0.8006432250622592,-5.4375804043052,-17.140846932174426,-22.511354615999572,-38.496312390572164,1
HK.01376,491,0.09600000083446503,0.09600000083446503,0.0,,0.0,0.0,0.0,0.09600000083446503,0.11360500104725361,0.0,0.0,-35.13513540725276,-33.79310096770199,-64.44444554823411,0
HK.01377,50,293.79998779296875,304.0,-3.355267173365543,2.1326465301100717,81443.35,23928055.235818483,6.71508171454401,345.66,,-12.87070665567358,,,-21.275461365744984,,0
HK.01378,492,22.020000457763672,21.479999542236328,2.5139707962541378,0.9415526212948955,29534160.35,650342224.4266657,3.5986697677601183,23.09000003814697,29.283681840896605,-2.6525214819137064,-15.632183387256735,-38.294417506889275,-31.619621781082515,-6.798855832358386,1
HK.01379,491,1.7999999523162842,1.7999999523162842,0.0,0.0,3825.0,6884.999817609787,0.03124996973201678,1.6996000123023987,2.6589352923631666,10.769227834848257,-25.000004967053535,-48.11125155525413,-40.8143961145348,-45.576453696228725,0
HK.01380,492,0.3700000047683716,0.3700000047683716,0.0,0.539720748484734,331062.0,122492.94157862663,4.5945737478953035,0.4724999964237213,0.6122099981456995,-15.909089369714744,-33.92857085837394,-51.31578823536055,-47.14285556150939,98.92472902919978,0
HK.01382,492,0.925000011920929,0.9350000023841858,-1.0695176938778126,0.58071707555771,475072.55,439442.1144133061,1.1381590204950407,0.9519443333148956,1.1077739709615708,-2.6315764707211,-19.27575242863134,-25.631994527055728,-25.04176844126794,-32.658794142679696,0
HK.01384,218,30.34000015258789,30.18000030517578,0.5301519078668461,0.44268532672422267,4576045.2,138837212.0662491,6.721379975124927,34.472399864196774,57.520949926376346,-14.775276817376504,-39.92079177705368,-72.01107036392,-53.960547116719894,,1
HK.01385,492,26.0,24.059999465942383,8.063177793514681,1.2191486704386276,2518877.7,65490820.2,4.801950655335661,26.26599987030029,37.610770597457886,2.442871787765147,-9.193038057953032,-43.319707154126625,-44.831502718907004,-19.71164844443722,1
HK.01388,492,0.25999999046325684,0.26499998569488525,-1.8867907552966041,7.647058823529412,30550.0,7942.999708652496,1.2407642764943887,0.2698400029540062,0.3349850030988455,0.0,-16.129035979478314,-33.33333333333333,-29.729733212835296,-38.09523843313292,0
HK.01389,492,0.47999998927116394,0.45500001311302185,5.494500096186174,1.4492753623188406,112940.0,54211.198788285255,1.8879811106862396,0.5015999978780746,0.41393999934196474,-1.0309329662834354,-7.692306369719372,101.68066311417982,33.33332505491078,23.076924840374172,1
HK.01392,62,37.560001373291016,27.600000381469727,36.086959616523416,9.202615138166472,3457836.1,129876328.66461526,15.214216360244476,20.495400066375733,,88.17636821691944,,,40.67415842708749,,3
HK.01393,492,0.026000000536441803,0.02500000037252903,4.000000596046439,0.16277610905205156,16349896.3,425097.3125707679,15.716048736600092,0.0346399999037385,0.05261999995447695,-29.729729185494485,-50.0,-61.19403001672043,-58.73015854243939,-58.73015854243939,1
HK.01395,492,0.12999999523162842,0.12999999523162842,0.0,5.2727272727272725,34750.0,4517.4998342990875,2.426651926030094,0.12494000077247619,0.1500800011307001,13.043472063789407,-11.56462902241388,-16.66667144267977,-18.750001164153243,-24.855491030749537,0
HK.01396,492,10.760000228881836,10.930000305175781,-1.5553528961334395,0.7866209402615444,4455662.35,47942927.905820176,6.250021437847167,10.704200077056885,9.074800035953523,6.114397086459227,-20.70743941883915,74.6753327177799,108.12379245833623,103.01886493686948,0
HK.01397,492,0.7450000047683716,0.7450000047683716,0.0,1.217426239187733,85760.0,63891.20040893555,1.8728282781870407,0.8437000000476838,1.0227062448859214,-0.6666660308837891,-27.669900440565144,-30.292398769704388,-30.89855028235394,-29.675518939464695,0
HK.01398,492,7.534999847412109,7.489999771118164,0.600802105061044,0.6461151816457399,160212165.85,1207198645.2333136,2.1219167310457077,7.308000020980835,6.6673592877388,2.0311389828214654,5.237430279213469,22.615532761666955,22.228734230371266,37.696721864305374,1
HK.01399,492,0.35499998927116394,0.33500000834465027,5.970143411440622,0.0488997555012225,100200.0,35570.99892497063,6.552551662922995,0.36230000138282775,0.28277999997138975,4.411760452090707,-17.441864333454436,79.29292484584259,88.82978799292924,88.82978799292924,2
HK.01400,492,0.023000000044703484,0.02199999988079071,4.545455315142628,1.5845123496437945,60326498.85,1387509.4762468047,9.243428024344746,0.020179999619722368,0.018684999672695993,0.0,21.052635706692985,27.77778352668281,27.77778352668281,15.000002793967788,1
HK.01401,492,0.23999999463558197,0.2409999966621399,-0.41493860597842014,0.23758197030225373,2613750.0,627299.9859787524,5.445882364311472,0.24368000000715256,0.5694850011914968,-14.285716566504256,-9.433959399563019,-76.4705883212293,-63.636365894115244,-71.42857117515031,0
HK.01402,492,0.625,0.6549999713897705,-4.580148503841451,2.0718232044198897,3948500.0,2467812.5,9.81373679331442,0.3600999975204468,0.27967499949038027,83.82352747822304,150.0,210.94526588637962,160.4166724874329,135.8490693352755,0
HK.01405,492,29.479999542236328,30.139999389648438,-2.189780559978332,0.641834313637655,493682.3,14553753.978010178,4.959947578197395,35.46799976348877,51.585449810028074,-20.06507947820156,-17.376683604007912,-54.32997963052221,-59.168973977423335,-66.21203490861166,0
HK.01406,491,0.35499998927116394,0.35499998927116394,0.0,,0.0,0.0,0.0,0.35499998927116394,0.35499998927116394,0.0,0.0,0.0,0.0,0.0,0
HK.01407,492,0.6800000071525574,0.6949999928474426,-2.158271345216813,0.3216374269005848,415300.0,282404.0029704571,4.215089492407521,0.6055000019073487,0.5779337814450264,9.677419664956526,21.604548029689887,21.604548029689887,13.63046858433465,11.797722144245384,0
HK.01408,491,0.38999998569488525,0.3499999940395355,11.428569239013012,1.6345270890725436,117800.0,45941.99831485748,1.167804344400968,0.3453000020980835,0.34437548913061616,16.417903277677127,5.405400180747055,-10.938575093752428,66.04672612531462,141.8952232625729,1
HK.01410,492,0.800000011920929,0.7900000214576721,1.265821543245696,0.9693165969316597,1437000.0,1149600.017130375,4.33772893560145,0.7892999935150147,0.7074249969422817,2.5641078544558447,-6.976744347227267,53.84616178168377,63.26530537770124,201.8868132476166,1
HK.01412,492,1.0199999809265137,1.0199999809265137,0.0,0.476878612716763,141700.0,144533.997297287,1.6684994951612278,1.0513790225982667,1.1587233871221543,-2.848327381600522,2.980773443213127,-7.581361729668262,-31.99383457225537,-30.30269410969882,0
HK.01413,492,0.23000000417232513,0.23399999737739563,-1.7093988247441299,0.043523316062176166,470950.0,108318.50196495652,5.101331200626833,0.198199999332428,0.29401072941720485,-3.7656856548200146,19.791667798482283,-35.21126447228103,-40.25973769620766,-41.77215242401144,0
HK.01415,492,23.239999771118164,22.979999542236328,1.131419643433699,0.523347781320332,2426717.9,56396923.44056835,3.781926813698093,23.044399948120116,26.578446731567382,-2.1061499781827915,-12.958804842522301,-2.131775660698405,-16.569071721637005,-28.96278917261517,1
HK.01416,492,0.1860000044107437,0.19200000166893005,-3.1249985448084896,0.6153846153846154,548500.0,102021.00241929293,2.3460467944843817,0.18500000089406968,0.1917849996685982,-1.0638240534235182,-8.82352554468128,-6.5326615480554215,0.5405416290110301,47.61904874536364,0
HK.01417,492,4.599999904632568,4.599999904632568,0.0,0.4463213796415305,1742525.0,8015614.833819866,13.183510636026266,6.0932999610900875,2.0463949889689683,-33.13953738202265,145.98929908571574,1899.9999222548126,2143.9024120764243,2069.8113013922252,0
HK.01418,492,0.10999999940395355,0.11299999803304672,-2.654866089657651,0.2323049001814882,278700.0,30656.999833881855,5.387798449568047,0.13862000048160553,0.17458967074751855,-20.28985350754447,-25.67567703626379,-41.942295542715144,-51.16175800536058,-51.5509714122198,0
HK.01419,492,0.7599999904632568,0.7599999904632568,0.0,0.21108179419525067,37200.0,28271.999645233154,1.2480260476601341,0.7556000006198883,0.7898518079519272,2.7027000903735274,-2.5641002128344392,-7.317073525310204,-5.000002607703171,-24.904757838197575,0
HK.01420,492,0.25,0.2549999952316284,-1.960782480441495,0.14049172102358254,802800.0,200700.0,6.676806359035102,0.21561999946832658,0.2218749988824129,21.951220575930613,19.617221264341385,-13.793100967701989,45.348832273141745,38.12155132783346,0
HK.01421,491,0.6000000238418579,0.6000000238418579,0.0,0.0,201887.5,121132.50481337309,4.010205565272186,0.5991999977827072,0.479424998909235,-13.04347450506333,46.34147050620408,50.00000372529024,51.89873608731431,25.00000776102163,0
HK.01425,492,0.5899999737739563,0.5899999737739563,0.0,0.5953151287692506,1882000.0,1110379.9506425858,3.075215732365181,0.5936999988555908,0.6000519213080406,5.357137725365427,-0.46200407642374414,-0.46200407642374414,1.1179658882444772,-0.46200407642374414,0
HK.01427,492,0.19499999284744263,0.18199999630451202,7.142855388403277,0.037359900373599,79950.0,15590.249428153038,5.898879888654887,0.20449999928474427,0.21531999938189983,4.838703345847371,-15.217395952157945,-14.473687392330122,-22.00000286102295,-22.00000286102295,1
HK.01428,492,7.039999961853027,6.974999904632568,0.9319004746837065,0.5012029627728383,7033184.95,49513621.779705286,3.8845653499042774,7.021399965286255,8.817250018119813,1.0043066537804328,-14.459290966861262,-6.258325601925939,-16.981128043829436,-38.78260902736498,1
HK.01429,492,0.20200000703334808,0.20100000500679016,0.4975134336559546,0.1486574375174208,2129000.0,430058.01497399807,8.350460684248562,0.17175999984145165,0.19423499941825867,32.89474574255674,7.446815930863683,-31.52541830086951,110.41667216405682,417.94872529643044,1
HK.01431,492,0.3149999976158142,0.3149999976158142,0.0,2.0421393841166937,645150.0,203222.24846184254,4.400726932784392,0.2882600012421608,0.29103000089526176,4.999995032946466,27.016130146743993,-16.000000635782875,21.15384968074834,-5.970152307656038,0
HK.01432,492,0.35499998927116394,0.3499999940395355,1.4285700905079517,0.33881303984396766,908150.0,322393.24025660753,4.774368032576588,0.3615000015497208,0.3448500019311905,-4.054058190241914,5.970143411440622,4.411760452090707,4.411760452090707,-2.7397315080268676,1
HK.01433,491,0.08100000023841858,0.08100000023841858,0.0,,0.0,0.0,0.0,0.08100000023841858,0.08636500019580126,0.0,0.0,-13.82978402985432,-14.736840784384587,-18.181817497650997,0
HK.01440,492,17.239999771118164,16.190000534057617,6.485479940854523,0.9248202018983162,3204756.3,55249997.878489494,18.0121340153743,13.601599998474121,12.211199991703033,35.21568447935815,16.094271570731742,42.479332459525985,129.86666361490887,92.19620131436943,6
HK.01442,492,0.2800000011920929,0.2849999964237213,-1.754384313814067,10.0,24750.0,6930.000029504299,0.0,0.285200001001358,0.3031249998509884,5.66038351204981,-12.49999767169351,-11.111110059882801,-13.84615031925166,-17.64705933914052,0
HK.01443,492,0.06499999761581421,0.05999999865889549,8.333331781129008,0.5370663116731841,4936600.0,320878.9882302284,9.913620576020222,0.050499999970197676,0.05476500002667308,24.999992835980343,32.653059828087734,22.641506383706734,-9.722221647331718,8.333331781129008,2
HK.01446,491,0.2849999964237213,0.2849999964237213,0.0,0.0,21900.0,6241.499921679497,2.1086693304524804,0.3208000010251999,0.36517500221729277,-9.523809974335942,-20.83333747254461,-18.57142820650217,-40.62499941792338,-38.04348016224643,0
HK.01447,491,0.5299999713897705,0.5299999713897705,0.0,0.0,94600.0,50137.99729347229,0.4631508197088274,0.5813000082969666,0.5352935321629048,-7.017547712211622,-3.6363709268489552,-8.269239716540037,20.963638974322418,7.918548713710834,0
HK.01448,491,2.640000104904175,2.640000104904175,0.0,,0.0,0.0,0.0,2.640000104904175,2.688300062417984,0.0,0.0,-2.9411736347271384,-7.692300638503319,-8.512512420213605,0
HK.01449,492,1.5750000476837158,1.5399999618530273,2.272732902445927,0.13455077862443118,3996572.5,6294601.878071427,14.217498053605002,0.8446999961137771,0.41151499666273594,75.00000993410772,424.99999503294646,505.7692713286059,494.3396727187502,494.3396727187502,1
HK.01450,492,0.7400000095367432,0.6850000023841858,8.029198096514799,8.410256234754806,330362.2,244468.03115057945,4.045930465175759,0.7972999966144562,0.8392680385708808,-12.941177790552649,-3.65853649073173,-4.819272120587371,-30.70175252538051,-20.202018059529074,1
HK.01451,492,1.190000057220459,1.190000057220459,0.0,2.1783625730994154,149000.0,177310.0085258484,6.092922423934115,1.1287000095844268,1.1952324497699738,-3.64372117922407,2.5862147812329632,-9.160297007682901,-3.2520293685164203,43.18996469754079,0
HK.01452,492,0.20800000429153442,0.20000000298023224,4.000000596046439,0.16052880075542966,106400.0,22131.200456619263,4.095698162016571,0.1846800008416176,0.14637000020593405,23.809528033209013,22.35294241393725,74.78991554547953,80.86956566808804,92.59259157056509,1
HK.01455,492,0.24500000476837158,0.2549999952316284,-3.92156496088299,1.0221205186880244,678000.0,166110.00323295593,5.29255951364734,0.23875646889209748,0.22118558801710606,1.239671940466782,13.179344309420134,8.917372051332228,12.203672358467653,12.203672358467653,0
HK.01456,492,3.7249999046325684,3.6649999618530273,1.6371062320340377,1.1841537435825074,2510126.35,9350220.414365698,2.5481596132339646,3.892400007247925,4.497220249176025,-0.13405132480830315,-8.261974668584127,-19.729214873566097,-27.83274515707267,-38.39380989524987,1
HK.01458,492,1.2100000381469727,1.2000000476837158,0.8333325054910776,0.9260692031100539,691825.4,837108.7603910447,3.9399795575180625,1.2670999932289124,1.460775002837181,-3.585653964592276,-10.370369127584931,-17.687073836934992,-26.219509225527045,-47.61904467014737,1
HK.01459,492,0.20000000298023224,0.19300000369548798,3.626942565135252,1.087962962962963,91100.0,18220.000271499157,4.850559875715992,0.2170400005578995,0.23017499931156635,-15.611814319462406,-11.111107431811954,-15.611814319462406,-17.01244574678809,-44.444445824181535,2
HK.01460,491,0.2409999966621399,0.2409999966621399,0.0,0.0,256560.0,61830.95914363861,1.3151571148472576,0.24557999521493912,0.24981499925255776,0.836821805424746,-3.600001335144043,6.637168520861264,-15.438596601301285,-22.25806619076524,0
HK.01461,492,0.7099999785423279,0.6800000071525574,4.411760452090707,0.35901271503365745,68050.0,48315.49853980541,3.2313539540162175,0.6626000082492829,0.6324039775133133,5.1851801486336715,24.174814717519467,9.123309614784047,9.123309614784047,-9.973262145249931,1
HK.01463,492,0.4000000059604645,0.3700000047683716,8.108108325802206,0.4883366034445171,469900.0,187960.00280082226,6.903134236083893,0.33830000579357145,0.29084999844431875,17.64705933914052,25.00000465661298,60.00000238418579,56.862750368730694,48.14814446884924,1
HK.01466,492,1.340000033378601,1.3200000524520874,1.5151500099837776,0.6260554909230249,2608115.0,3494874.18705523,10.533112810054883,1.0243000030517577,0.6985000005364418,31.37255474862033,152.8302086252649,143.6363644245242,135.08772810410275,179.16667986040343,2
HK.01468,492,0.1940000057220459,0.1940000057220459,0.0,0.4744179256988541,277520.0,53838.88158798218,5.486268341472352,0.18433999955654146,0.38778500020504,16.16767108228832,-44.571425992615325,-56.404492395451776,-71.47058769390246,-83.6974792946497,0
HK.01470,492,0.12999999523162842,0.11699999868869781,11.111108280881032,0.5684754521963824,554400.0,72071.9973564148,4.459308096006854,0.13272000029683112,0.13917000100016594,0.7751954102572899,-19.75308959939424,-7.801423536436509,26.213587457446696,2.3621977029684755,3
HK.01471,492,8.095000267028809,8.744999885559082,-7.432814488695878,0.8227848101265823,3290.0,26632.55087852478,2.24788000674735,8.668300046920777,16.996116516590117,-8.993818432427542,-27.72321067066211,-82.43613110744319,-54.19905599007514,-42.32355364550003,0
HK.01472,492,0.10000000149011612,0.09600000083446503,4.166667313418449,2.328608620190917,377700.0,37770.00056281686,1.617081102126014,0.10637999966740608,0.09112000018358231,-8.256877159472232,-11.504421919661246,25.00000465661298,69.49152692197828,53.84616178168377,1
HK.01473,492,1.1449999809265137,1.149999976158142,-0.43478220306857157,0.1455042018134803,2637933.35,3020433.6354354145,7.709127840488407,1.2849493956565856,0.8201030702888965,-10.139980192347165,-23.73722195619011,146.6370606685012,175.99861382257964,154.7679455894871,0
HK.01475,492,6.695000171661377,6.559999942779541,2.057930336271237,0.6945385110400777,91954.2,615633.3847849845,1.9553824138952953,6.582499971389771,6.819710845947266,0.6766928668962512,4.7730878176610485,-8.263762298091763,-0.8400229529905098,-1.8330367090470583,1
HK.01476,491,1.2000000476837158,1.2000000476837158,0.0,0.0,950.0,1140.00004529953,0.04237334795364618,1.2254000067710877,1.4883690303564072,-6.614779855689033,-1.6393426604503258,-27.218083797249214,-33.581531177256146,-38.30162809470077,0
HK.01477,492,5.28000020980835,5.340000152587891,-1.1235944019676407,1.4386236050965755,318082.75,1679476.9867364168,4.691882286382398,5.359700002670288,6.589224994182587,1.3435733425881842,1.1494333721897778,-21.66171529509712,-30.066224153374066,-49.714283716110955,0
HK.01478,492,5.320000171661377,5.21999979019165,1.9157161971084118,0.5140032491015155,8444894.5,44926840.18966222,4.532435688845137,6.496700010299683,7.912450487613678,-20.29962517385804,-39.750846912482075,-30.841350501919944,-35.9582869674699,-60.637218565710484,1
HK.01480,492,1.0299999713897705,1.0299999713897705,0.0,3.084455324357405,85600.0,88167.99755096436,5.058888957212615,1.124599986076355,1.1744346132874488,-10.43478323967111,-49.33801957861084,-5.065844808310878,-12.185904035563613,-5.065844808310878,0
HK.01481,492,1.4149999618530273,1.4600000381469727,-3.0821969259027733,4.0,18500.0,26177.499294281006,0.40456581974727923,1.472100019454956,2.031775001883507,-2.4137989434275484,15.983600710643689,-47.59259493099151,-23.513516561230887,139.830512669675,0
HK.01483,492,1.149999976158142,1.225000023841858,-6.122452752980354,0.6308889799262597,500400.0,575459.9880695343,4.75271887674861,1.119599997997284,1.1447499978542328,0.8771921569070334,0.0,3.603600120498037,5.504581737815471,11.650486223456546,0
HK.01486,491,0.38999998569488525,0.38999998569488525,0.0,,0.0,0.0,0.0,0.3994999992847443,0.5919750007987022,-8.235300057486924,-37.09677698460874,-46.57534582124094,-39.062500873114935,25.80644603078253,0
HK.01488,491,0.9800000190734863,0.9800000190734863,0.0,0.0,197100.0,193158.00375938416,1.3921298894772978,0.8540000128746033,0.7640500035881996,15.294116657085514,13.953488694454535,40.00000510896964,63.33333002196431,44.1176483478513,0
HK.01489,492,3.815000057220459,3.7850000858306885,0.7926016039491439,0.5071718468258364,8570780.0,32697526.190423965,15.430087125209852,1.2880000007152557,0.6464499980211258,263.3333552829813,648.0392408939294,959.7221960072173,878.2051787573929,777.0115026002013,6
HK.01490,491,0.27000001072883606,0.27000001072883606,0.0,0.3836317135549872,150600.0,40662.00161576271,1.3956026784627007,0.25653999626636503,0.23478999838232995,8.000004291534424,-12.903223015391266,34.32836020064524,42.85715186767138,32.352948910637444,0
HK.01496,492,0.19300000369548798,0.1899999976158142,1.57895058806257,3.274336283185841,99400.0,19184.200367331505,2.3832173426345147,0.16862961173057556,0.16396064788103104,20.69254838763484,22.927601095337906,8.229730945897131,30.158642267234598,25.49511764139917,1
HK.01497,492,6.480000019073486,6.599999904632568,-1.8181801105005106,0.45942320590207913,90000.0,583200.0017166138,5.119011831242137,5.8920934295654295,5.828768343925476,22.291311977741696,-2.344177516778644,21.153503775898987,20.12504914772888,-3.736529038115094,0
HK.01498,492,0.2750000059604645,0.27000001072883606,1.851850012202395,0.10984987184181619,68650.0,18878.750409185886,3.0699120114783236,0.27989999890327455,0.31367500126361847,-1.785712575121809,-9.836065733954968,-11.290321340173895,-21.42856838751807,-38.20224485829565,1
HK.01499,492,0.11599999666213989,0.12200000137090683,-4.918036591266588,0.7913479293062516,1955500.0,226837.99347281456,5.996354962029702,0.11494000047445298,0.15146500013768674,2.654866089657651,-1.694918678807493,-35.91160202800694,-36.61202310380279,-75.3191495837535,0
HK.01500,492,0.4099999964237213,0.4350000023841858,-5.747127775503971,2.999031007751938,1186750.0,486567.49575585127,6.201142791726536,0.331839998960495,0.23373499985784293,18.84057908417722,49.090904558985784,81.41593077896218,233.33332121856847,550.7936346497878,0
HK.01501,492,34.7599983215332,34.86000061035156,-0.28686829336619124,0.633574457470691,228930.0,7957606.415748596,3.742570573808817,33.41840019226074,32.55850269317627,3.5139857836078447,9.170848476607125,18.28223373816837,19.57406653591385,7.272510230598593,0
HK.01502,492,1.909999966621399,1.909999966621399,0.0,0.5582693649685974,144100.0,275230.9951901436,1.1673836135673543,1.9816000080108642,2.002539375424385,-3.045688381596555,-4.17900518347782,-8.011845636300773,1.9573194575382025,-10.787346893912929,0
HK.01508,492,1.2100000381469727,1.2050000429153442,0.41493734884287353,0.7093939041716372,14448916.15,17483189.09268241,3.3408460914835443,1.254900004863739,1.3593081951141357,0.0,1.6134470472061002,-20.205395588466395,-26.929656713473886,-17.680251271833328,1
HK.01511,83,56.349998474121094,54.150001525878906,4.062782800090567,1.437241539322798,309100.2,17417795.798350524,4.64102786668021,59.360000152587894,,-6.628003481582945,-40.212203210481604,,-2.000002653702446,,1
HK.01513,492,20.81999969482422,20.799999237060547,0.09615605046771308,0.7605957529435574,1935941.25,40306296.23419762,3.076643237209987,23.999199829101563,26.00613676071167,-16.98564689729209,-16.710005557154954,-22.580409964358697,-22.52634633099621,-41.516983884118325,1
HK.01515,492,2.380000114440918,2.4000000953674316,-0.8333325054910776,1.025436446876009,1352600.0,3219188.1547927856,2.0820453831160677,2.48144202709198,2.6992469799518584,-7.0450169098470825,-1.4591627994579803,-16.142399363174288,-21.350945042733876,-28.978055180927864,0
HK.01516,492,0.8149999976158142,0.8199999928474426,-0.6097555213709185,0.7793568919139143,2541124.05,2071016.094691488,3.6606479438990656,0.8280999994277954,1.0765528094768524,-0.6097555213709185,-1.8072272284938358,-40.25018969191167,-41.1037607636344,-49.102015583010164,0
HK.01518,491,0.24899999797344208,0.24899999797344208,0.0,0.0,7975.0,1985.7749838382006,1.1811795094499302,0.2837200003862381,0.5139799980819225,-7.777782192936475,-48.12499926270294,-57.06896463132214,-62.272729078928556,-68.87500071711837,0
HK.01519,492,9.050000190734863,9.125,-0.821915717974101,1.4501573262610972,34712246.2,314145834.73083556,3.0186090436460096,9.79120002746582,9.928800015449523,-11.012781486302819,-0.5494526224051414,-6.31469633864087,-13.06435808464817,-8.028454772383919,0
HK.01520,492,0.6949999928474426,0.699999988079071,-0.7142850452539758,0.6107251320880309,1191150.0,827849.2414802313,7.803720704575853,0.5525999999046326,0.7306750018894672,40.40403760655685,19.827588421694653,-0.7142850452539758,-36.23853471882959,-58.383232891771165,0
HK.01521,492,1.090000033378601,1.090000033378601,0.0,0.36988110964332893,142200.0,154998.00474643707,3.9581779385176916,1.1962000036239624,1.0598499989509582,-13.83398848183811,9.000003337860107,0.9259250061011975,7.920796403042599,-22.142853432772046,0
HK.01522,492,0.210999995470047,0.2160000056028366,-2.31481944587688,1.441075732589116,624425.0,131753.6721713841,2.9969556520157425,0.23073999971151352,0.2752877770364284,0.0,-15.600001811981201,-29.883074827792267,-32.97647014720216,-34.89142708638243,0
HK.01523,492,7.440000057220459,7.224999904632568,2.975780697935173,0.5996842085109904,619309.3,4607661.227437163,3.1353393830857583,7.614385557174683,7.437199468612671,-0.4682253894132964,-18.993912243224518,-8.029819612950746,26.66461712612744,22.6751912660936,1
HK.01525,492,2.2699999809265137,2.2200000286102295,2.2522500753112733,0.07392576620976436,301600.0,684631.9942474365,2.278702963145077,2.409299998283386,2.316143310070038,-5.809132776686978,24.72527008272011,-0.00473663819047398,-13.436940943444034,-17.609186927812733,1
HK.01526,492,0.8500000238418579,0.8500000238418579,0.0,0.3310613437195716,87850.0,74672.50209450722,6.418974105617817,0.9833000075817108,0.9031138944625855,-5.0279282730342985,20.738630182079476,6.014415089239577,-18.755316134305964,-15.600170922769896,0
HK.01527,491,2.1600000858306885,2.2300000190734863,-3.1390104324699157,0.013987970345502868,55590.0,120074.40477132797,3.772990864365766,1.9659999918937683,1.9698000001907348,-3.9999961853027344,9.644672815284059,10.769232462143716,10.769232462143716,-1.8181800448205245,0
HK.01528,492,1.0449999570846558,1.0399999618530273,0.48076878990645744,0.38704570438508545,2359240.35,2465406.0645023882,2.6819621236039914,1.0528999829292298,1.2259249895811082,1.4563093312173492,-16.40000343322754,-23.16176866964275,-16.40000343322754,-31.69934793296542,1
HK.01529,492,0.8450000286102295,0.8450000286102295,0.0,0.0709663953245669,412150.0,348266.7617917061,8.602355156695433,0.5315000015497208,0.5010750009119511,42.01680470233542,131.50685110466182,72.44898207432918,43.22035019851884,72.44898207432918,0
HK.01530,492,15.680000305175781,16.030000686645508,-2.1834083997345655,0.5490019335308697,25039183.45,392614404.13735235,4.49481625158801,16.955142211914062,21.067727479934693,-6.05152903872489,-6.950045518532659,-22.15488220589493,-35.26630638916427,-55.37986006115485,0
HK.01532,492,0.15399999916553497,0.15399999916553497,0.0,0.22181146025878004,164100.0,25271.39986306429,4.892021822921503,0.13939999997615815,0.11675000071525574,0.6535961080114099,2.666662030750035,58.76288105494073,48.076919219374034,14.074068923055593,0
HK.01536,492,0.5049999952316284,0.1912499964237213,164.052290026078,3.2664000477028345,32222307.65,16272265.209602064,22.514828964901813,0.22434785902500154,0.22004696398973464,105.28454523686514,74.13793440097587,134.8837148053638,245.89041277645993,200.5952393095476,1
HK.01538,492,0.8199999928474426,0.8399999737739563,-2.3809501846360366,0.7133000743020911,930800.0,763255.9933423996,8.265088491290223,0.7301000022888183,0.6249183666706085,31.19999885559082,-2.3809501846360366,65.77762125982426,116.78612714212598,101.30139811039744,0
HK.01539,492,0.3050000071525574,0.3050000071525574,0.0,1.7422541535698248,1411200.0,430416.01009368896,5.0302636426335114,0.3365000003576279,0.3380699998140335,-12.857139329520963,-7.575759080925313,-20.77921695905455,5.1724192858027385,-11.594200519873441,0
HK.01540,492,0.699999988079071,0.7200000286102295,-2.777783296726149,0.34495926169663554,1857050.75,1299935.50286223,4.863662515807419,0.5975,0.4615738394856453,11.111110059882801,44.32989019227106,65.38460590606648,74.99999441206462,74.99999441206462,0
HK.01541,492,3.184999942779541,3.1600000858306885,0.7911346920827906,0.5290989637726032,635990.0,2025628.1136083603,6.361967516587913,3.399500012397766,4.476325017213822,-3.776435110601012,-19.570709290449457,-33.64583716210377,-47.615131862729875,-77.21745316831357,1
HK.01542,492,0.6349999904632568,0.7950000166893005,-20.125789039898148,2.4711574246371417,130650.0,82962.7487540245,7.305828710463859,0.7471000039577484,1.0154250034689902,15.454541218182364,-47.08333623078123,-42.27272939090882,-44.29824575162661,-51.153845095775495,0
HK.01543,491,0.18799999356269836,0.18799999356269836,0.0,0.0,37600.0,7068.7997579574585,1.2878600956903834,0.18497999817132948,0.22682999961078168,-0.5291016137011844,3.867403042010409,-21.66666759798926,-39.35484125264351,-41.250000698491945,0
HK.01545,492,0.15199999511241913,0.15800000727176666,-3.7974758754455378,2.363919129082426,350000.0,53199.998289346695,2.337596187717611,0.14817999988794328,0.12165500000119209,1.3333260483214835,11.76469621464508,47.57281061795983,61.702127996857435,117.14284923611858,0
HK.01546,492,0.11999999731779099,0.11999999731779099,0.0,5.093046033300686,204960.0,24595.19945025444,2.4710039301169613,0.12820000022649766,0.1791849993914366,-11.111116630059483,-40.59406280219572,-38.77550997134796,37.93103536867786,57.89473839000987,0
HK.01547,492,0.2199999988079071,0.21899999678134918,0.4566219366461133,6.046511627906977,16400.0,3607.9999804496765,0.17777781162733053,0.2043352711200714,0.20638317331671716,2.283101796140026,-7.0153631747596865,7.153725691194312,14.807566811635947,-0.9349081631817743,1
HK.01548,492,32.560001373291016,32.380001068115234,0.5558996270479699,0.5437184022120598,40779466.55,1327779486.870075,7.5510610683610135,24.857200031280517,15.91605001449585,10.89918493329737,175.93221056772958,178.76712776165456,154.57389734482604,87.55760500305439,1
HK.01549,492,0.07800000160932541,0.0729999989271164,6.849318843416759,2.046718576195773,396400.0,30919.200637936592,6.188569418509658,0.0712400008738041,0.09285000029951335,16.417909949838688,-17.02127204242456,-22.772278323288944,-25.714281862284743,-39.999996561270365,1
HK.01551,491,1.4199999570846558,1.4149999618530273,0.35335656299810947,0.8695652173913043,2400.0,3407.999897003174,0.9445817331523684,1.4872999954223634,1.484678350687027,-2.7397315080268676,-13.939395296781646,-1.4035551532472417,-3.349541512037429,-14.088479794986334,1
HK.01552,492,0.2849999964237213,0.2849999964237213,0.0,0.07220216606498195,69500.0,19807.49975144863,0.3540666493131362,0.2663999938964844,0.24937499791383744,7.547174267346414,17.768594201662587,13.999998569488525,27.2321373333548,77.0186330229912,0
HK.01553,492,1.4500000476837158,1.5,-3.3333301544189453,0.718562874251497,17300.0,25085.000824928284,0.254650387716999,1.4648000025749206,1.47610000371933,-3.3333301544189453,5.839419170576572,-8.805030362005615,-3.9735061694360327,-0.6849308357518121,0
HK.01555,492,0.02800000086426735,0.028999999165534973,-3.448270103593903,0.4284388055082779,13061900.0,365733.2112889737,11.291637518925864,0.025560000352561472,0.03017500014975667,21.739133955850935,3.703704214717449,-37.777778329672614,7.692308794464562,-19.999997871262696,0
HK.01556,491,0.24300000071525574,0.24300000071525574,0.0,0.0,454000.0,110322.0003247261,1.180541748128027,0.2618600010871887,0.2987568460404873,-6.538457835214243,-6.538457835214243,-32.98984204090485,-25.331534416913993,-23.135405560567538,0
HK.01557,492,0.47999998927116394,0.5,-4.000002145767212,1.7073170731707317,13800.0,6623.999851942062,1.8784969657975763,0.5602000033855439,0.41887500055134297,-9.433959399563019,-2.0408204226431472,45.454536423539025,43.283575317806175,134.14633827220817,0
HK.01559,491,0.04800000041723251,0.04800000041723251,0.0,0.0,73125.0,3510.0000305101275,0.9054490479260688,0.04984000019729137,0.06391091024503112,-12.727271495771793,-2.0408129131033443,-42.16867199499895,-44.186047921959506,-29.41176792845164,0
HK.01560,492,0.3050000071525574,0.3199999928474426,-4.687495634425334,2.4337577780524993,2722000.0,830210.0194692612,16.731183844706106,0.21814000084996224,0.15302500024437904,144.0000057220459,134.61539872299338,117.85714703859114,158.47458076593483,116.3120577869134,0
HK.01561,491,0.05999999865889549,0.05999999865889549,0.0,0.0,90600.0,5435.999878495932,1.5500002464900524,0.04854000024497509,0.05516000017523766,13.207545976233071,22.448980057304087,5.263155486885312,-11.764712649748445,-23.076926383393687,0
HK.01563,492,0.13300000131130219,0.1289999932050705,3.1007816410291595,0.5928275189070505,405200.0,53891.600531339645,6.081029566378877,0.1267600005865097,0.15363000065088273,4.724407139134367,-11.333335982428551,-22.222223190458795,-24.43181702728606,-34.15841748493341,1
HK.01565,492,0.1599999964237213,0.1599999964237213,0.0,2.7594433399602387,141550.0,22647.999493777752,1.730554600745348,0.18534000039100648,0.18556089237332343,-10.11236312488395,8.108104298461395,-17.546012364161058,-17.546012364161058,-14.11043366823121,0
HK.01566,492,4.159999847412109,4.195000171661377,-0.8343342745420232,0.42306705100122427,6258627.5,26035889.44500923,16.367411367226918,1.6819600105285644,0.474805001616478,45.964911811056034,8056.862598435319,8056.862598435319,8056.862598435319,8056.862598435319,0
HK.01568,492,0.6299999952316284,0.6349999904632568,-0.787400835704065,1.401766004415011,193900.0,122156.99907541275,1.6090033675966529,0.6430999970436097,0.6813035598397255,-2.3255792462719835,-1.5624985448084445,-17.26078465861807,-8.316007919264033,-5.769229226211082,0
HK.01569,491,0.10999999940395355,0.10599999874830246,3.7735855687594055,0.0,183000.0,20129.9998909235,3.014569493682486,0.11344000026583671,0.14908999994397162,1.8518486580159448,-12.000000476837158,-40.54054162901103,-37.14285641300434,-34.91124286441583,1
HK.01570,492,12.899999618530273,13.050000190734863,-1.1494296552661054,1.558573993856992,241614.25,3116823.732831478,4.635352683525605,12.040199928283691,9.366199988126755,7.859528239006093,6.611563734210188,49.99998891076425,151.46197525837974,821.4285598725686,0
HK.01571,492,3.680000066757202,3.680000066757202,0.0,0.5315520741532515,848959.0,3124169.1766741276,1.8486931303732812,3.808499994277954,3.7926273012161253,-1.8666648864746096,-3.737603402298031,1.4324912782078214,4.094768285024311,-0.6715321083046305,0
HK.01572,492,0.07900000363588333,0.07400000095367432,6.756760294285848,7.6397515527950315,497000.0,39263.001807034016,3.655972227465855,0.07636000022292137,0.08969500027596951,6.756760294285848,-9.195395506803065,-19.38774928369888,-20.999997541308442,-24.76189895011382,1
HK.01575,491,0.03700000047683716,0.03700000047683716,0.0,0.0,147400.0,5453.800070285797,1.8017016306321243,0.036300000101327896,0.04672500003129244,8.823524900167703,-21.27659203456816,-43.93939291314316,-11.904759581735043,-30.188677521225543,0
HK.01576,491,1.715000033378601,1.7000000476837158,0.8823520749498234,1.6793893129770991,14200.0,24353.000473976135,0.575636413055421,1.6748999929428101,1.652801211476326,3.939397464223305,8.689599640624184,3.8589587886100722,2.7176460894795698,2.7176460894795698,1
HK.01577,491,1.0399999618530273,1.0449999570846558,-0.47846846286744554,0.0,200.0,207.99999237060547,0.0,1.0347999775409698,0.982254441678524,0.9708728874782327,-1.6862918775404874,9.994546387885025,11.09449024097623,24.825274130784674,0
HK.01578,492,2.109999895095825,2.0799999237060547,1.442306369719372,0.586490939044481,74925.0,158091.7421400547,1.728653714283632,2.123899989128113,2.2089455473423003,0.9569369257348911,-4.090915938054087,-3.8709669710795453,-12.132057163729902,-12.473960947478824,1
HK.01579,492,13.819999694824219,13.699999809265137,0.8759115856186189,0.3336034238856163,3784942.55,52307904.8859272,3.350022234537852,14.72215991973877,13.96040382862091,-6.127064133861366,1.953824401132126,-7.577094983468713,14.653013572604271,10.384473175817078,1
HK.01580,492,0.28999999165534973,0.23499999940395355,23.404252081232507,4.080604534005038,239000.0,69309.99800562859,6.037559883677892,0.2352799990773201,0.2860949995368719,11.538462420187086,22.36286389248127,-4.918037752603991,62.011163883049356,98.63013419006165,1
HK.01581,492,0.3449999988079071,0.2750000059604645,25.454542301903153,12.110726643598616,138700.0,47851.499834656715,3.684475907286685,0.30990000247955324,0.26939499959349633,9.523809974335942,9.523809974335942,37.99999952316284,73.36683274098098,80.62827196538437,1
HK.01582,492,0.6100000143051147,0.5099999904632568,19.60784817878589,24.936924650528468,809625.0,493871.2615817785,4.045299736218255,0.407399999499321,0.3804749998450279,54.43037917380571,50.61728703941155,71.8309951381917,71.8309951381917,54.43037917380571,2
HK.01583,491,0.9549999833106995,0.8999999761581421,6.111112067728892,5.179856115107913,17500.0,16712.49970793724,3.9042609965594224,0.9689999997615815,1.078807712495327,-10.747669486356164,-0.5208328482694815,-13.273919301680973,-25.100210036009514,-16.2137893649904,1
HK.01585,492,8.59000015258789,8.78499984741211,-2.219689222665859,1.077259486643322,16328936.25,140265564.87909794,4.3323683274087195,9.791000003814696,10.74660258769989,-13.056679624603678,-17.651042802812892,-18.61289488671608,-21.504462051408126,-33.34521791143562,0
HK.01586,491,1.4700000286102295,1.4700000286102295,0.0,0.0,31809.1,46759.37791006565,3.0394601174240616,1.6315000128746033,1.790025006532669,-14.534883479159097,-18.333329580448193,-16.477270649114907,-32.876712776165455,-47.49999808413639,0
HK.01587,492,0.44999998807907104,0.4650000035762787,-3.2258097595362787,4.669811320754717,706600.0,317969.9915766716,3.914976864802163,0.502399999499321,0.57232247158885,-8.163269526359606,-25.000004967053535,-23.043488409808074,-25.525952362632705,-26.708074594458793,0
HK.01588,492,4.304999828338623,4.414999961853027,-2.491509274401804,0.18291116477418692,97695.0,420576.9582295418,4.861148976199072,4.240541749000549,5.782650636434555,7.260683608368677,0.49649162098731514,-33.47749844584767,-43.0845061126114,-41.450235639052984,0
HK.01591,492,0.11699999868869781,0.11599999666213989,0.862070737355722,1.1968503937007875,62500.0,7312.499918043613,1.6003462806735442,0.1255999994277954,0.13775999955832957,-7.142859677068189,-26.87499918509273,-13.33333774849203,-12.03007704124339,-32.75861950842952,1
HK.01592,492,0.164000004529953,0.17000000178813934,-3.529410114750335,1.4886193719887024,766375.0,125685.50347164273,4.766019185312925,0.20522000014781952,0.19428220011293887,-20.388347407697072,13.888896937355929,-0.6060618101947961,14.685312499218469,-41.42857006009745,0
HK.01593,492,1.159999966621399,1.2000000476837158,-3.3333399560713786,0.9905506679700228,322000.0,373519.98925209045,3.6972811658363267,1.0568999719619752,1.1949749928712845,11.538462420187086,-4.918037752603991,-7.936509888789085,-7.200002670288086,-15.328469884383523,0
HK.01596,492,0.3149999976158142,0.3100000023841858,1.6129016752173695,0.0640117936880492,477880.0,150532.1988606453,6.237460729424319,0.29505999833345414,0.5420632996410132,25.999999046325684,-29.999998675452304,-43.47747825601485,-53.30748268895354,-55.865979405549524,1
HK.01597,491,6.010000228881836,6.010000228881836,0.0,0.0,14800.0,88948.00338745117,1.393504427921086,6.236000013351441,4.5535000133514405,13.396226652749021,-17.33149594704812,70.73864379112635,140.40000915527344,134.76563918811766,0
HK.01598,491,0.11100000143051147,0.11100000143051147,0.0,,0.0,0.0,0.0,0.11100000143051147,0.11100000143051147,0.0,0.0,0.0,0.0,0.0,0
HK.01599,492,1.0099999904632568,1.0099999904632568,0.0,1.5376934598102845,102350.0,103373.49902391434,2.209524865708976,1.0306999707221984,1.1620479613542556,-0.9803912402207475,-5.607482153980293,-17.277991448652077,-20.3192423922809,-26.779849385460185,0
HK.01600,492,2.690000057220459,2.7200000286102295,-1.1029401130226768,0.13735534054259155,627050.0,1686764.5358800888,2.62711370754987,2.6936000299453737,2.797458871603012,0.0,-1.465200057639656,-1.6812866516272416,-13.971127694340598,-39.54681373736196,0
HK.01601,492,0.7149999737739563,0.7149999737739563,0.0,0.10362694300518134,154600.0,110538.99594545364,1.4926542991703147,0.7579999923706054,0.7684050032496452,-8.333333333333332,-5.986116392575639,-5.986116392575639,-9.26567022384224,-12.324130554553825,0
HK.01606,492,1.5499999523162842,1.534999966621399,0.9771977863882869,1.5775585596557464,2607400.0,4041469.8756694794,2.1047710122380727,1.4504999947547912,1.4521842467784882,6.164377521766309,6.876203836049541,14.146698616132783,-5.200196069010284,-6.259416528159862,1
HK.01608,492,0.041999999433755875,0.041999999433755875,0.0,0.4852475517436618,2318050.0,97358.0986874178,9.650088357739909,0.06058000028133392,0.10879499990493059,-31.14754268556663,-60.37735855687594,-64.10256418420536,-71.03448231566108,-83.8461534714205,0
HK.01609,94,104.0999984741211,111.0,-6.2162175908818975,1.1556664693762126,439116.5,45712026.979961395,14.924859923003247,138.27999954223634,,-26.638475721104165,-46.17373228572092,,-51.58139605854832,,0
HK.01610,492,1.1200000047683716,1.1449999809265137,-2.1834040676500757,0.6177399957791141,23915325.95,26785165.17803716,4.523773203353033,1.1237000036239624,1.3523249971866607,-0.8849549119871483,1.8181800448205245,-30.434782930621896,-28.66242246176286,-35.999999727521626,0
HK.01611,492,2.0,1.9249999523162842,3.8961064696895664,0.742643544428174,392413.25,784826.5,4.610407698226603,1.9780999994277955,2.364374993443489,4.986878217164661,4.712043714733788,-15.611810271113121,-26.19926303146668,-71.63120644126496,1
HK.01612,492,0.6650000214576721,0.6700000166893005,-0.7462679264300778,0.19149751053236308,262500.0,174562.50563263893,2.8021182295327485,0.684882333278656,0.797039909362793,-3.4997783587301794,-11.019275749150555,-26.431447648510982,-14.908659230766006,-33.37187031817886,0
HK.01613,492,0.9350000023841858,0.9150000214576721,2.185790213933768,0.2977987973468891,3449058.35,3224869.565473196,11.393086739661918,0.8110000038146973,0.35748934127390386,-5.555556224519015,149.3333339691162,389.52879797637553,434.2857247469379,296.18643928673447,3
HK.01615,492,0.4000000059604645,0.39500001072883606,1.265821543245696,1.3754385964912281,368750.0,147500.00219792128,3.2826443510167254,0.39379999816417693,0.34254999838769434,6.66666825612386,5.263160784158717,45.45454446934474,15.942031113797448,63.93442683019999,2
HK.01616,491,0.05999999865889549,0.05999999865889549,0.0,,0.0,0.0,0.0,0.05999999865889549,0.05999999865889549,0.0,0.0,0.0,0.0,0.0,0
HK.01617,492,0.25999999046325684,0.25999999046325684,0.0,0.21060985287833467,6257400.0,1626923.9403247833,6.684700933978481,0.2845799997448921,0.37721999756991864,-23.529415373983642,-64.86486660641765,-42.22222281091009,162.62625441625642,96.96969081219231,0
HK.01618,492,1.3650000095367432,1.375,-0.7272720336914062,0.6807821349489762,8974107.15,12249656.345333755,2.3177280901095076,1.4426999950408936,1.6579750043153763,-2.846972431854284,-8.999999364217121,-24.585632448111028,-28.157893333408623,-40.909089032518025,0
HK.01620,492,0.18799999356269836,0.18799999356269836,0.0,0.06617038875103391,603500.0,113457.99611508846,4.9933422833942815,0.13418000042438508,0.11139000039547682,49.20634169757573,74.0740635982923,102.15052591884684,87.9999907612802,26.17448899269253,0
HK.01621,492,0.21799999475479126,0.21400000154972076,1.8691556897681316,0.5236907730673317,320000.0,69759.9983215332,3.5343211631053766,0.18743999987840654,0.16630499999970197,21.78770307930406,19.125681280281725,6.862744525137968,74.39999580383301,117.99999150633825,1
HK.01622,492,0.1340000033378601,0.12800000607967377,4.687497635313888,0.7077180273056561,332200.0,44514.80110883713,6.3247771409989735,0.1478999999165535,0.16286499995738268,-2.1897746705048577,-31.282047049768657,-15.189875208439412,-31.282047049768657,54.02299677432671,1
HK.01623,492,0.2549999952316284,0.25999999046325684,-1.9230751596258298,1.3784533027435235,558550.0,142430.24733662605,5.416659365399931,0.22576115399599075,0.22192852199077606,14.656291956948984,22.846027684641147,1.1673096543450057,43.32035534365543,68.61219272526665,0
HK.01626,492,25.020000457763672,26.299999237060547,-4.8669156518193715,0.9447104919460165,664150.0,16617033.304023743,12.449817305078467,22.285400009155275,10.714550004005432,71.01845702015433,52.18977886242436,595.0000311268709,768.7499813735492,830.1115213958955,0
HK.01627,492,0.39500001072883606,0.375,5.333336194356283,8.290013679890562,206000.0,81370.00221014023,2.3420781656465848,0.46788599610328674,0.5290910007059574,-15.108528684367398,-22.182820452753397,-28.77749540981901,-38.20400639798762,-37.281677175084425,1
HK.01628,492,0.10100000351667404,0.10100000351667404,0.0,0.4063215216927214,1172390.85,118411.47997291648,4.704245228546833,0.11496000036597252,0.12850999988615514,-12.931028945763368,-25.185185553115076,-2.8846140069192967,-10.619464358630603,-67.4193539548739,0
HK.01629,491,0.19099999964237213,0.19099999964237213,0.0,0.0,17800.0,3399.799993634224,0.8947642386249486,0.1711999997496605,0.16697000041604043,12.352939784320595,12.352939784320595,23.2258052731652,31.72414147471144,20.125790171587347,0
HK.01630,492,0.23499999940395355,0.24300000071525574,-3.2921815998990396,1.7606293313354562,1588500.0,373297.4990531802,6.013430659404599,0.3039600011706352,0.20186000045388938,-24.193549162391314,-25.396825021386714,230.98590381678542,459.5238156481531,473.170714421616,0
HK.01631,492,1.315000057220459,1.2999999523162842,1.153854265721184,0.6722689075630253,30500.0,40107.501745224,1.5039244018435025,1.3413999938964845,0.8602749961614609,-4.710140451867133,-10.544215535581378,168.36735339325585,139.0909143124729,168.36735339325585,1
HK.01632,491,0.050999999046325684,0.050999999046325684,0.0,,0.0,0.0,0.0,0.050999999046325684,0.07215999964624643,0.0,-13.559324174254684,-42.045455315142625,-53.6363642521141,-63.04347802613167,0
HK.01633,492,0.47999998927116394,0.4650000035762787,3.225803350434739,0.6612903225806451,1878150.0,901511.9798496366,9.447281059408299,0.43330000042915345,0.3065350002795458,21.518981324959913,-14.285716566504256,168.15641090808256,306.7796494590247,539.9999602635718,2
HK.01635,492,2.2750000953674316,2.2300000190734863,2.0179406237243804,0.8950350010340924,4909971.0,11170184.493251324,2.5321253754264283,2.344199995994568,2.967885798215866,-0.4376363276862391,-15.782153697334289,-42.68220739687003,-32.57704833056857,-4.392044996260164,1
HK.01636,491,0.3100000023841858,0.3100000023841858,0.0,,0.0,0.0,0.0,0.3100000023841858,0.4273250004649162,0.0,0.0,-44.64285695279131,-34.73684078438459,-69.9029115538804,0
HK.01637,492,0.6700000166893005,0.6700000166893005,0.0,2.709486895533407,305000.0,204350.00509023666,3.9927305442478,0.5285999977588653,0.39667865306138994,17.54386405205138,48.88889654183114,79.71669930613746,196.00398367923904,268.2000754859068,0
HK.01638,492,0.03200000151991844,0.03200000151991844,0.0,0.27143856735516303,23307532.7,745841.0818255488,9.376610899946861,0.039400000125169754,0.07214500019326806,-25.581394341457496,-46.66666294137629,-59.99999720603222,-67.34693637059553,-79.3548378878652,0
HK.01640,492,0.45500001311302185,0.4650000035762787,-2.150535566956493,0.45722713864306785,138700.0,63108.50181877613,5.476321013496232,0.45449999809265135,1.8415000054240227,3.409094449656088,-38.51351253389007,-83.63309288504922,-88.3928570342481,-89.61187211815633,0
HK.01641,167,3.5999999046325684,3.5999999046325684,0.0,1.2461059190031152,8525.0,30689.999186992645,1.9696878285515953,4.213299965858459,,-13.461537579812916,-29.136506434714704,-48.95975480390999,-68.2554591928123,,0
HK.01643,492,0.7799999713897705,0.7649999856948853,1.960782480441495,0.7702182284980744,224550.0,175148.99357557297,6.550059771256529,0.8441999971866607,1.3461999970674514,-6.024097942928766,-43.478262747468335,-53.293413686583065,52.941173720662235,13.04347450506333,1
HK.01645,492,2.615000009536743,2.7300000190734863,-4.212454532354624,0.851595919710431,3013400.0,7880041.028738022,4.8161495046658525,2.6611000156402587,2.9994250005483627,-0.9469732717430737,6.734692189456158,-31.723235988830805,-21.940296000588717,129.38596862725169,0
HK.01647,492,0.057999998331069946,0.05700000002980232,1.7543829837627665,2.2828784119106698,778500.0,45152.99870073795,5.282664734542229,0.058839999884366986,0.06727000012993813,0.0,13.725489050275936,-14.705889442593609,-23.684210268331686,-44.76190462674683,2
HK.01650,492,0.15000000596046448,0.15000000596046448,0.0,1.8015012510425354,1300200.0,195030.0077497959,2.7465361815330214,0.13881386190652847,0.12396150968968868,9.414299434490308,11.810244708236588,32.18297037280061,27.953106583947722,71.9799719777168,0
HK.01651,492,45.97999954223633,46.900001525878906,-1.9616246347773167,1.0628774140868424,2108904.3,96967418.74862021,5.575517857558776,54.28524757385254,46.25795346260071,-8.406376805911474,-23.27157058696889,28.58334605471335,35.664758250746424,69.14632989466192,0
HK.01652,492,0.8399999737739563,0.8500000238418579,-1.1764764455773846,0.4034582132564842,122350.0,102773.99679124355,4.752479494941436,0.9659999942779541,0.9841000011563301,-19.999998864673383,-19.230768789906456,-21.49533340218505,4.999995157122685,147.0588132171896,0
HK.01653,492,1.3799999952316284,1.3200000524520874,4.545450029951333,2.6737967914438503,253400.0,349691.99879169464,6.86694575961212,1.7167999958992004,2.614999998211861,-13.750001583248354,-48.888889968149925,-59.17159915659078,-36.69724986364755,236.58536762655103,1
HK.01655,492,0.16699999570846558,0.1679999977350235,-0.595239309547591,0.5932517612161661,694250.0,115939.74702060223,3.7687985241438806,0.16824000000953673,0.20248500004410744,-1.1834343526256639,-19.7115421813179,-32.388664040884926,-12.105264313663486,11.333326048321483,0
HK.01656,491,3.9800000190734863,3.9800000190734863,0.0,,0.0,0.0,0.0,3.950600056648254,3.12836789727211,1.79027958327848,-6.891862722733095,77.1123919461236,77.1123919461236,87.9730692491349,0
HK.01657,492,47.099998474121094,48.91999816894531,-3.7203592864800323,1.1594202898550725,9125.0,429787.486076355,5.438101625099106,48.94279991149902,30.279899926185607,-5.8000030517578125,-16.63717084226355,220.40815704252486,224.82757568359375,195.6685346629776,0
HK.01658,492,5.394999980926514,5.329999923706055,1.2195132861327163,0.4620608849372253,53823600.6,290378324.2103963,2.478255725668638,5.020000009536743,4.96027806520462,9.989801226477613,6.892227296986316,12.78220634212414,5.2633953840960945,-1.3752127154547573,1
HK.01660,492,0.20999999344348907,0.20000000298023224,4.999995157122685,1.41687433250267,5552000.0,1165919.9635982513,6.089909634590959,0.20497999906539918,0.3336300001293421,-4.109590625631726,-20.754715177502643,-38.2352966957026,-56.701033556799544,73.55371453007926,1
HK.01661,491,1.8300000429153442,1.9049999713897705,-3.9370041785203256,0.050349923823335314,529380.0,968765.4227185249,8.587308438278212,1.9113999915122986,1.6365499994158745,-6.870228405601562,0.5494500096186173,47.58064748717394,112.79069912504542,47.58064748717394,0
HK.01662,492,0.675000011920929,0.5550000071525574,21.621622202139214,4.640522875816994,188500.0,127237.50224709511,8.694696577531602,0.5645000004768371,1.1077812772989273,31.067967120456707,-20.588236119095406,-33.823527005579464,-69.03669764905071,-73.08456203349766,2
HK.01663,491,0.05700000002980232,0.0560000017285347,1.7857111971446182,0.4342032861691728,2614212.4,149010.1068779096,8.102158064806481,0.05245999999344349,0.07046500023454427,16.326533715360597,-10.93750418367543,-35.227272342428684,-8.064514578443138,-17.391302235185034,1
HK.01666,492,3.184999942779541,3.174999952316284,0.31496033428162606,0.558112412569899,2291653.55,7298916.425620532,3.4414564235544765,3.318899989128113,3.7226921796798704,-2.300614966353361,-5.012281909535805,-18.712428666492396,-23.838674241793655,-31.129065369362785,3
HK.01667,491,0.36500000953674316,0.3400000035762787,7.3529428522066915,0.0,23000.0,8395.000219345093,1.170902244535833,0.34900000035762785,0.3678000022470951,-2.6666641235351562,21.666665010982157,-8.749998975545182,-10.975606653535715,64.41441659135539,1
HK.01668,491,0.10700000077486038,0.10700000077486038,0.0,,0.0,0.0,0.0,0.10700000077486038,0.10700000077486038,0.0,0.0,0.0,0.0,0.0,0
HK.01669,491,1.4500000476837158,1.4600000381469727,-0.6849308357518121,0.6629143214509068,163300.0,236785.0077867508,1.6728090124901156,1.3438907337188721,1.033699913918972,0.4642830299481221,9.997392831398667,60.52144505542145,78.55757240613126,107.23307276747924,0
HK.01671,491,0.7599999904632568,0.7850000262260437,-3.1847178251670543,0.09852216748768473,19500.0,14819.999814033508,1.2741431295089107,0.6885000097751618,0.6687129972875119,15.151509130844202,7.042255412962399,9.953699471871127,21.794879387508736,-9.003833837496417,0
HK.01672,492,8.239999771118164,8.9399995803833,-7.829975862651264,0.8001904073932437,2626074.9,21638856.574939154,7.736376962877585,9.810100002288818,13.12537497997284,-16.13231622307302,-11.965811182055925,-44.05974183847696,-28.472227051302045,-38.55331942670874,0
HK.01673,491,0.25,0.25,0.0,0.0,109800.0,27450.0,3.4597908120859895,0.28639999985694886,0.27145499967038633,-3.8461503192516595,-15.254233521108176,-16.66666997803569,5.932202747723595,17.924529694394753,0
HK.01675,492,3.8450000286102295,3.8499999046325684,-0.12986691288804172,0.8503765368289907,6577276.8,25289629.4841774,6.605427342665155,4.360899991989136,5.998228077888489,-8.452376113727029,-18.01705795950504,-39.8491706793082,-49.07282285838435,-62.12725624070976,0
HK.01676,492,0.49000000953674316,0.4699999988079071,4.255321442460307,0.8069051381534051,9317824.1,4565733.897861695,10.698172832844824,0.2623399990797043,0.32160681024193766,121.71946049166145,135.57692280138386,130.0469533491514,-23.43749679857858,8.888893892735743,1
HK.01679,492,1.2699999809265137,1.2999999523162842,-2.307690191550995,0.09532812735837815,53100.0,67436.99898719788,3.945557312545466,1.3495999956130982,0.9044249986112117,8.547010898276671,-32.08556269047588,139.62265084586866,182.2222254600055,69.33333079020181,0
HK.01680,492,0.15399999916553497,0.12600000202655792,22.222219594151507,19.888188414416557,83835.0,12910.589930042624,4.314345597967719,0.11023999974131585,0.20395499896258115,40.0,-8.333332594188422,-37.903225128068875,-50.32258129640871,-73.89830406593607,3
HK.01681,492,13.050000190734863,13.260000228881836,-1.5837106675878325,0.5709901960944193,2150360.5,28062204.935148716,3.6738121054194903,13.278040447235107,14.570506753921508,0.9343118995371481,-1.0010071421651956,-18.681891065163157,-11.203766011030163,-14.502696205443694,0
HK.01682,492,0.15399999916553497,0.1550000011920929,-0.6451625928174096,0.39603960396039606,833000.0,128281.99930489063,6.05125189261582,0.16810000002384184,0.179357349909842,-8.333332594188422,-39.607842335193155,30.50847307802172,-18.947367843168255,-27.014216838030023,0
HK.01683,492,0.12600000202655792,0.12700000405311584,-0.7874031453886305,0.8588661037394452,3413600.0,430113.6069178581,10.968300592698935,0.14778000146150588,0.233654999807477,-16.55628622783304,-32.620322091377105,-39.42307719861614,-66.39999945958456,-80.3124992433004,0
HK.01685,492,0.5899999737739563,0.6100000143051147,-3.278695092153664,0.48857177409602126,418300.0,246796.98902964592,4.475028118491935,0.7275000047683716,0.5797654138505459,-14.492757128607561,-39.17526222970523,-18.68922879372919,107.48266402559325,71.9142068207092,0
HK.01686,492,5.434999942779541,5.425000190734863,0.18432722014933572,0.35319609963029575,7175793.45,39000436.99014781,3.9670671090365484,5.001799983978271,5.581249988079071,11.145196138535532,0.6481453109998118,-12.620576750661305,14.18066557648608,-15.85762025295524,1
HK.01688,58,6.139999866485596,6.195000171661377,-0.8878176537811339,0.5163129227532669,12042039.95,73938123.6852142,4.067980095554227,6.501539678573608,,-1.165094001099913,,,-36.53597521630434,,0
HK.01689,492,0.28999999165534973,0.29499998688697815,-1.694913713180618,0.9455292908530318,285600.0,82823.99761676788,2.5248282662548394,0.2851999968290329,0.34242499828338624,1.754384313814067,0.0,-30.120482533361187,-30.95238078343354,-42.000001668930054,0
HK.01690,491,0.1420000046491623,0.14800000190734863,-4.054052149230698,0.49195837275307475,528500.0,75047.00245708227,1.900418075906187,0.12349490866065026,0.10142405286431312,21.327891389966926,26.38321885696931,121.89261394442568,134.05111445847493,155.0109007961983,0
HK.01691,492,1.590000033378601,1.5950000286102295,-0.3134793192439665,0.18559976800120595,12547071.85,19949844.660303704,6.96814792394779,1.4545000100135803,1.6472250026464463,8.163265471621946,11.97183672054227,-7.01754398195269,-18.87755089628354,-17.187496410527498,0
HK.01692,491,1.2599999904632568,1.2649999856948853,-0.39525654451939296,0.0,25700.0,32381.9997549057,0.09420249587070419,1.2878276443481445,1.4903086996078492,3.718313214871997,-14.705333370884688,-20.91626772438404,-23.150275326813126,-27.98816377361745,0
HK.01693,491,5.300000190734863,5.300000190734863,0.0,0.0,800.0,4240.000152587891,0.0039002453665709915,6.555900058746338,5.43922501385212,-20.895517289332982,-28.571426735320937,3.9215743106313647,125.53193216250529,89.28572432119036,0
HK.01695,492,0.07800000160932541,0.07800000160932541,0.0,1.3885180240320427,196000.0,15288.00031542778,1.3731442810012084,0.0786599998176098,0.08986000020056963,-2.4999958090483205,-16.129032516496025,-21.99999955296517,-17.89473411779321,-17.02127204242456,0
HK.01696,492,2.015000104904175,2.0,0.7500052452087402,0.2580210904195647,284448.0,573162.7498397827,5.487614330085973,2.1464778566360474,3.0517821955680846,-2.551278193061287,-16.279171822329463,-43.13302247617182,-50.821333573538006,-64.05851817817944,2
HK.01697,492,0.23600000143051147,0.23600000143051147,0.0,0.20107238605898123,135630.0,32008.68019402027,2.401003755323338,0.24827999830245973,0.31909500047564504,0.425532778337998,-21.33333598242855,-33.52112434847294,-34.44444665202379,-43.132528632312514,0
HK.01698,492,31.100000381469727,31.68000030517578,-1.830807822344926,0.7214662281687052,1167866.8,36320657.92550583,2.3953228571737943,34.702400054931644,46.77723821640015,-9.170564086075341,-13.659078328061208,-41.62637703959525,-55.20358638196864,-67.70113541344692,0
HK.01701,491,0.07699999958276749,0.0729999989271164,5.479453033478419,0.2711864406779661,59800.0,4604.599975049496,0.5861339854829857,0.07233999878168106,0.09414499998092651,6.944448468677964,-8.333332594188422,-30.0,-37.39837605211432,-49.00662045793342,2
HK.01702,492,1.6399999856948853,1.7999999523162842,-8.88888726999726,3.2,5800.0,9511.999917030334,0.6347461347115734,1.5500000262260436,1.678143013715744,13.888883369940519,3.14465102305935,3.3111679149655364,-10.976545445403712,39.47007459049034,0
HK.01703,492,0.3100000023841858,0.3100000023841858,0.0,0.9772923253808565,823750.0,255362.50196397305,3.8476873499819644,0.6211000013351441,0.7170750007033349,-4.61538038310199,-52.30769019155099,-61.72839488003461,-57.53424735828955,-35.41666472641126,0
HK.01705,492,0.8999999761581421,0.8949999809265137,0.558658697003811,0.4589585172109444,450600.0,405539.9892568588,4.598190550475219,0.7826845550537109,0.5197330947220326,13.72496149979781,97.58276214517167,138.54505390271996,154.03498464971608,146.82224508537558,4
HK.01707,491,0.041999999433755875,0.041999999433755875,0.0,,0.0,0.0,0.0,0.041999999433755875,0.04214499976485968,0.0,0.0,-22.222225288304692,19.999997871262696,-59.99999929042087,0
HK.01708,491,0.24300000071525574,0.24300000071525574,0.0,0.0,11825.0,2873.475008457899,2.500419722623896,0.2579799962043762,0.30549499720335005,0.8298772119568403,-8.301881572537058,-38.48101414810516,-2.799999713897705,-22.857142046195303,0
HK.01709,492,0.8849999904632568,0.8899999856948853,-0.5617972260667591,2.1581559999688147,3393633.05,3003365.216885793,4.665056127028891,0.960164704322815,1.3375491738319396,-8.754962210445289,-23.962448260043107,-13.099911624068689,-59.980255126535276,-69.06947504269868,0
HK.01710,492,2.1649999618530273,1.809999942779541,19.61326134233616,1.3689151474856376,6626825.0,14347075.872206688,11.668088333038892,0.8137999999523163,0.45008999966084956,207.0922004403642,527.5362229953165,982.4999647960071,805.8577526379732,991.0298457464269,1
HK.01711,491,0.14499999582767487,0.14499999582767487,0.0,0.0,14000.0,2029.9999415874481,0.03521133781046752,0.14046000063419342,0.14116500079631805,-3.9735082999471647,-19.889502535008674,10.687022032447905,22.881351651490633,57.608690810704964,0
HK.01712,492,8.984999656677246,8.369999885559082,7.347667616808868,0.9382461657834118,938403.25,8431552.879074812,5.812863150162957,6.805599994659424,7.609950006008148,20.766123488902096,54.91378208970096,-17.945207185531114,32.91419160444977,30.595923070088272,1
HK.01713,492,1.6399999856948853,1.659999966621399,-1.2048181523292238,2.1221221221221223,110500.0,181219.99841928482,0.9374910848290195,1.7970000076293946,2.084906898140907,-9.141272390460694,-17.831973991614838,-32.108268752875844,-27.339015023475767,-32.36939118123475,0
HK.01715,492,0.4099999964237213,0.4099999964237213,0.0,0.41892240268110337,273820.0,112266.19902074337,4.014328839969976,0.4424999952316284,0.46994999766349793,-7.8651678620858325,-6.818182126057051,-7.8651678620858325,-16.32653297061272,26.153849680748344,0
HK.01716,492,4.054999828338623,4.010000228881836,1.1221844610551301,0.7194498324810439,570700.0,2314188.402032852,6.8174055860074105,4.782400016784668,3.5744750040769575,-6.351041575355469,-30.80205228755298,235.1239421899987,611.4034875828361,665.0943485346929,1
HK.01717,492,1.1100000143051147,1.1549999713897705,-3.896100276999047,0.4300680022054769,277900.0,308469.0039753914,3.3456699480303778,1.203199999332428,1.6108905571699141,-7.500002483526767,-18.9781014276139,-41.31543826009398,-42.775253228748355,-55.59005926791208,0
HK.01718,492,0.6000000238418579,0.5950000286102295,0.8403352926397583,0.304904357831152,434875.0,260925.01036822796,7.987733468988337,0.6744000041484832,0.429465002194047,-19.99999682108561,62.16216651604412,53.846165602494466,118.18182212262104,103.38984763132646,1
HK.01719,492,0.2290000021457672,0.21299999952316284,7.511738337287854,101.25,18400.0,4213.600039482117,0.2582161365164639,0.24761999994516373,0.28799500174820425,-3.3755279302142798,-5.76131626678205,-29.53845829371153,-30.60606271329544,-39.73684078438458,1
HK.01720,492,0.2849999964237213,0.2800000011920929,1.785712575121809,0.610135628385907,2494500.0,710932.4910789728,8.009286542493014,0.29921999901533125,0.3819649982452393,-19.7183084402782,-58.08823626088847,-48.18181995517948,145.68965915905036,119.23077452112251,1
HK.01721,491,0.14000000059604645,0.14000000059604645,0.0,,0.0,0.0,0.0,0.14000000059604645,0.16326999932527542,0.0,0.0,-22.22222498169641,-25.925923881870844,-78.46153757981291,0
HK.01722,492,0.12999999523162842,0.11800000071525574,10.169486816639697,7.190119100132334,1532500.0,199224.99269247055,5.907061135433672,0.10432000011205673,0.08807000026106834,26.213587457446696,56.62650624040009,60.49382080121152,66.66665711464046,91.17645318636114,2
HK.01723,492,0.41499999165534973,0.46000000834465027,-9.78261214629908,0.9585533226485173,1564536.8,649282.7589444875,7.046516586659929,0.5298000001907348,1.027199997007847,-3.4883756389999006,-60.09615318485969,-63.913043455726026,-68.07692254788775,-84.79853521040658,0
HK.01725,492,0.2750000059604645,0.2800000011920929,-1.785712575121809,0.4897221515489152,3287660.0,904106.5195959806,7.159067920785224,0.31019999742507937,0.5865000015497208,-12.698410145429659,-43.29896951560474,-61.8055562454241,-72.49999940395355,-71.05263058828844,0
HK.01726,491,0.8349999785423279,0.8199999928474426,1.8292665641127552,0.19760056457304165,355750.0,297051.24236643314,3.603808177514657,0.9447999966144561,1.1671499967575074,-15.656568636493793,-15.656568636493793,-35.27131757873173,-42.413796477028534,-45.424836983241356,1
HK.01727,491,0.23100000619888306,0.22200000286102295,4.05405550534804,16.485272091862207,91350.0,21101.850566267967,2.676260388886753,0.23550000071525573,0.3137849995493889,0.4347834819205834,-7.228912418095228,-40.76922700720177,-38.39999834696452,-54.70588029049668,2
HK.01728,491,0.14300000667572021,0.14300000667572021,0.0,,0.0,0.0,0.0,0.14300000667572021,0.14300000667572021,0.0,0.0,0.0,0.0,0.0,0
HK.01729,492,18.34000015258789,17.299999237060547,6.011566250820546,1.0394104764933765,11995614.85,219999578.17938557,5.633842489545426,15.934061393737792,17.19861035346985,22.648955347436782,-5.266002610065204,20.083831271177228,4.190373447076758,16.0477766587899,1
HK.01731,491,0.75,0.7549999952316284,-0.6622510282393388,0.1724137931034483,163800.0,122850.0,0.6551726923031816,0.7603999900817872,0.7267849791049957,-1.31578823536055,-4.214558453659101,9.649129915913003,12.612611161318627,5.485228318056745,0
HK.01732,491,0.20499999821186066,0.21400000154972076,-4.205609005927529,0.09009009009009009,1338000.0,274289.99760746956,1.0156003719098616,0.21802000015974043,0.2253399997204542,-17.338709047492525,1.4851440960679303,5.1282080672902834,-24.07407775337299,0.0,0
HK.01733,492,0.7200000286102295,0.7200000286102295,0.0,0.332214392046042,1475071.0,1062051.1622021198,3.733084413235082,0.6847728943824768,0.7521970835328102,0.5360213969115101,20.805370738380518,-13.908810416584114,-17.693044202766423,-11.883138544545256,0
HK.01735,492,8.225000381469727,8.204999923706055,0.2437593900017737,1.0425055928411633,6699550.0,55103801.30567551,1.646301876170668,8.241399974822999,8.342800023555755,-1.6736329166656214,0.6731983434782335,-1.7323716376570784,0.060828640857517935,-1.1418187120077687,3
HK.01736,492,0.4300000071525574,0.45500001311302185,-5.49450664614695,20.43767473247855,52432.5,22545.975375026464,1.1714093539302382,0.42900000274181366,0.49267500296235084,0.0,6.172840959723081,-12.244898207432918,-28.333334989017843,-45.569620826194296,0
HK.01737,492,0.164000004529953,0.16300000250339508,0.6134981663801469,2.283609576427256,300000.0,49200.0013589859,2.5575418036102917,0.15453999996185303,0.12346499998122454,10.067114228198376,5.8064537217043775,50.4587233723762,65.65657112990313,54.71698723258653,2
HK.01738,491,0.05700000002980232,0.05700000002980232,0.0,0.0,155250.0,8849.25000462681,2.2850882840970965,0.05734000019729137,0.09089500008150936,-24.99999754915104,-21.917807030776206,-50.86206752589848,-44.11764598463369,-59.574468815886114,0
HK.01739,492,0.12700000405311584,0.1289999932050705,-1.5503792692262244,0.3060855178119022,882050.0,112020.35357505083,9.033507344170365,0.1405800001323223,0.20050499986857176,-0.7812515461409196,-34.536082315855445,-43.55555225890351,-44.782607935101424,-33.72782270574848,0
HK.01740,492,0.18000000715255737,0.19300000369548798,-6.735749375135645,0.7427173671336447,1165250.0,209745.00833451748,6.836768133187881,0.1667600005865097,0.12840500071644784,11.801247754760574,10.429450544829413,80.0000044703483,91.48937586801247,97.8022096785009,0
HK.01741,492,0.14499999582767487,0.13899999856948853,4.316544834485618,0.9897879025923016,267200.0,38743.998885154724,7.643018671979148,0.16052000045776368,0.19509500056505202,-9.375000582076622,-28.57142857142857,-40.816329385478554,-9.375000582076622,-41.29554680294976,2
HK.01742,491,0.13600000739097595,0.13199999928474426,3.0303091878076893,0.2724795640326976,184250.0,25058.00136178732,3.2038828781312962,0.14619999945163728,0.16602499954402447,0.0,-30.612239312350926,-42.616031473766945,9.677427107784306,72.15190016675153,1
HK.01745,492,2.809999942779541,2.759999990463257,1.8115924814873587,0.3816186993162665,31605.0,88810.0481915474,3.866530306467696,2.1380000209808347,4.536250015497208,51.891886841388825,-16.1194023052444,-53.16666762034098,-44.356438878259986,-68.24858958579071,1
HK.01746,492,0.5,0.5249999761581421,-4.7619004368509765,0.088970701027765,1308600.0,654300.0,6.510566325451913,0.4860000002384186,0.4170100001990795,5.263159215615413,13.636364252114102,11.111114054550438,75.43859869269237,44.927536732658226,0
HK.01747,492,3.630000114440918,3.799999952316284,-4.47368000022587,9.642857142857142,8300.0,30129.00094985962,1.8274896321722265,3.7708999824523928,4.190383321046829,-3.4574435200017657,-19.403062819595128,-12.90946552432248,-16.281999115824757,-10.360482725463758,0
HK.01748,491,1.7599999904632568,1.7599999904632568,0.0,,0.0,0.0,0.0,1.7599999904632568,1.7599999904632568,0.0,0.0,0.0,0.0,0.0,0
HK.01749,491,0.4950000047683716,0.4950000047683716,0.0,0.0,3900.0,1930.5000185966492,1.6996513460328315,0.4575000011920929,0.6501749977469444,17.857147672144073,-8.333336092807519,-44.999998013178455,-33.99999936421712,-42.44186086806817,0
HK.01750,492,0.11400000005960464,0.09099999815225601,25.274727883913073,45.92496765847348,1274000.0,145236.00007593632,3.8419684744319915,0.08663999989628791,0.09110000025480985,35.714287614944055,16.326533715360597,31.034486597604065,40.7407404000649,142.553199921436,4
HK.01751,492,0.7649999856948853,0.7099999785423279,7.746480114756574,0.009808117263234502,599943.95,458957.1131677329,3.675637496667698,0.7627054738998413,1.3630666399002076,16.59879151092386,-35.71429000753723,-50.09218187570402,-62.864077332804335,86.58536399212143,1
HK.01752,492,0.09000000357627869,0.08900000154972076,1.1235977630846006,0.8894536213468869,401000.0,36090.00143408775,3.5628479922707568,0.09732000038027763,0.09102244220674038,-12.621355852315316,-7.216493895132698,9.756098890644923,-1.0988951607495545,75.90909855440262,1
HK.01753,492,0.6549999713897705,0.6200000047683716,5.645155863260793,0.6755041065423315,19282550.0,12630069.69832182,25.177678799949373,0.27565999805927277,0.20087499964982272,385.1851447128971,330.921047665385,317.19742006808593,197.72726133588912,177.5423590760573,1
HK.01755,491,2.799999952316284,2.799999952316284,0.0,,0.0,0.0,0.0,2.799999952316284,2.799999952316284,0.0,0.0,0.0,0.0,0.0,0
HK.01756,491,0.375,0.375,0.0,0.0,11250.0,4218.75,0.474044649662942,0.38859999537467954,0.5221249949932099,-5.063293717874323,-17.582419957678084,-36.44067514083113,-40.47619002566405,-37.50000248352677,0
HK.01757,492,5.079999923706055,5.195000171661377,-2.2136716873013085,0.034722222222222224,48150.0,244601.99632644653,3.87810216892773,6.893200016021728,10.80124999165535,-6.186519676951849,-68.85346358034026,-72.87773599646596,73.97259558135266,2997.560843529271,0
HK.01758,491,0.09399999678134918,0.09399999678134918,0.0,0.0,38500.0,3618.9998760819435,0.59119533337417,0.10673999905586243,0.10863000009208917,-5.050507787173788,-29.323311387545697,1.075262959423418,-4.081633428840149,-40.12739258541023,0
HK.01759,491,0.6850000023841858,0.6850000023841858,0.0,0.0,49150.0,33667.75011718273,3.046522551326512,0.6956000053882598,0.8859499976038933,-0.7246369925949435,5.384619616898009,-39.380530506659525,-30.80808123378483,-32.178216945329204,0
HK.01760,492,1.3450000286102295,1.3049999475479126,3.065140434486363,1.200576276612774,823650.0,1107809.2735648155,5.683677905569158,1.4739999890327453,1.836864076256752,8.906883646232778,-55.61055969273432,-22.776418586616867,-31.008374133498418,-8.166556419436949,2
HK.01762,492,0.9700000286102295,1.0149999856948853,-4.433493371317446,1.1469442179263718,4973886.4,4824669.950304031,5.858767813088233,1.092899990081787,1.2360249969363213,-16.017311459924727,-16.379305472271763,-44.25287222449603,40.57971477708856,-11.818181128541315,0
HK.01763,492,13.760000228881836,13.5,1.9259276213469327,0.7188577055637617,125090.0,1721238.4286308289,4.152630889980588,16.28379997253418,18.96205644607544,-15.582816730467286,-24.98243417560209,-30.85595882374478,-34.79781655655032,-15.614631968966147,3
HK.01765,492,0.13899999856948853,0.1379999965429306,0.7246391678327546,0.009680779652345723,3651583.3,507570.07347636815,3.485155989624601,0.1442199996113777,0.16049500048160553,-7.333337969249964,0.7246391678327546,-18.235295819163717,-23.204418252062453,-29.081631528181784,1
HK.01766,492,5.114999771118164,5.170000076293945,-1.0638356743547204,0.5080180125799957,18015059.2,92147023.68468018,2.310048497218268,4.986694107055664,5.200714848041534,1.9292564476340943,-1.9819472756939915,-3.5628827571822597,-9.407561218690958,-8.458584521969781,0
HK.01767,492,0.35499998927116394,0.35499998927116394,0.0,0.5802707930367504,263000.0,93364.99717831612,2.6010651052847096,0.3247999995946884,0.3234765622019768,12.698410145429659,9.230769936149668,-4.668908005009598,19.163857841167385,23.272972971854184,0
HK.01768,156,361.79998779296875,370.6000061035156,-2.374532694446007,0.7820992836216597,500792.35,181186666.11681214,5.566177364258586,389.0240020751953,,-8.17259193071859,2.901018632647611,-15.860467955123546,-9.550003051757812,,0
HK.01769,492,0.8299999833106995,0.8550000190734863,-2.9239807257405617,0.445859872611465,684250.0,567927.4885803461,5.018743698718189,0.9288999998569488,1.5316250023245812,-5.68181956725673,-21.698110555150944,-53.88888859454496,-61.39535132584012,-63.913043455726026,0
HK.01770,50,83.0,81.0,2.4691358024691357,1.034270633757842,43195.4,3585218.2,13.565588696766115,86.63999984741211,,-26.156584632349734,,,3.75,,2
HK.01771,492,0.17299999296665192,0.17000000178813934,1.764700674680745,0.3246753246753247,28100.0,4861.299802362919,0.7685820066068163,0.16896000236272812,0.20485499955713748,9.493661395271108,-27.310928999725142,-26.068378245476126,-32.15686423464128,-40.34482829494229,1
HK.01772,492,33.68000030517578,33.02000045776367,1.9987881231447107,0.7372996831274856,11432035.65,385030964.1807804,4.761392627437932,38.714000091552734,56.797392196655274,-9.801820654675195,-45.54567318337451,-44.05028814480877,-37.586596819910284,-3.4715543161307933,1
HK.01773,492,0.8299999833106995,0.8299999833106995,0.0,0.26487867534587045,13239326.45,10988640.7325449,7.566983472467623,1.12110000371933,1.8358360052108764,-23.853214872113043,-35.658914119777066,-64.22413762096275,-65.52854490543618,-78.45534056589761,0
HK.01775,492,0.3449999988079071,0.3449999988079071,0.0,0.45977011494252873,42200.0,14558.99994969368,0.6663495252057356,0.34310000360012055,0.3793500004708767,6.153849680748341,-10.389608479527276,-23.333331567269738,-4.166670805877945,-11.538458599376382,0
HK.01776,492,17.290000915527344,17.360000610351562,-0.40322403434985343,1.7027815741132406,6510387.9,112564612.75143814,3.230345366463582,17.44939998626709,16.686500663757325,1.288817953346721,5.796434175567223,15.049362087360802,-0.4441986314473653,3.1852407589976357,0
HK.01777,492,0.06300000101327896,0.06800000369548798,-7.352944721296804,0.3803163325273956,1271877.75,80128.29953876697,11.691427314423915,0.15586000055074692,0.3200149989873171,-31.521738162140995,-78.27586109445436,-84.63414596029153,-83.19999972979227,-82.50000041392113,0
HK.01778,492,0.15199999511241913,0.1459999978542328,4.109587223540079,0.17476275486235085,1001700.0,152258.39510411024,3.176291850231569,0.14902000069618226,0.18249000005424024,1.3333260483214835,-6.1728427993726065,-33.33333551186567,-10.58823910963985,-32.44444482709156,1
HK.01779,72,97.4000015258789,92.5999984741211,5.183588694225809,0.24214262308502663,230416.05,22442523.62158699,10.150432420320374,106.16199996948242,,-7.414444532922217,-31.79271747593989,,-26.100152298456354,,1
HK.01780,492,4.599999904632568,4.585000038146973,0.32715084756374174,3.6995102092742194,2297375.0,10567924.780905247,6.9618793941702934,4.8747000312805175,2.183375007510185,-29.012347359679815,84.73895128572245,557.1428547100145,607.6923189783946,293.742622605561,3
HK.01782,491,2.299999952316284,2.299999952316284,0.0,0.0,11500.0,26449.999451637268,1.9642384276064968,2.6145999813079834,3.62960000038147,-1.2875524623216772,-32.94460910927168,-52.47934132633236,-39.31398481619625,-34.28571564810617,0
HK.01783,492,4.195000171661377,4.260000228881836,-1.5258228574677843,1.141094176608264,6499253.7,27264370.38717084,4.331854452466853,4.54718234539032,3.715376764535904,-13.029243153843645,-3.7749207508256335,32.23383882253897,27.812649504304925,-5.07818661855957,0
HK.01785,492,1.9299999475479126,2.0,-3.50000262260437,5.070422535211268,13350.0,25765.499299764633,0.5006152854239988,1.977300009727478,1.9382752126455307,-3.980101656463498,0.0,1.5153425676062482,1.5153425676062482,-1.8524650348929668,0
HK.01786,492,0.6899999976158142,0.6899999976158142,0.0,1.169023835426763,265600.0,183263.99936676025,1.277293924360085,0.7080000007152557,0.7879192242026329,-2.127657595741337,-6.021600385321635,-18.692841939772347,-19.596258760174464,-25.39859492903113,0
HK.01787,492,24.579999923706055,23.360000610351562,5.222599663862472,0.6813895443216463,33481331.1,822971115.8835772,6.65036120163236,22.349610862731932,29.917182912826537,2.9313265809887974,8.372720447302614,-37.810980110032155,-30.249795274175646,-23.396591929743845,1
HK.01788,492,2.9000000953674316,2.890000104904175,0.3460204186943589,0.9796128224970647,23642978.8,68564640.77477017,0.4687406473001288,2.5172999811172487,2.4937653982639314,1.0453035193242006,34.25925833943453,10.03202046443921,10.865601543507395,-45.00254697341517,3
HK.01789,492,4.855000019073486,4.880000114440918,-0.5122970242039799,0.88256095374944,3911370.4,18989703.366603468,3.5826709251255715,5.475799970626831,5.742843527793884,-16.293105872150754,-13.318515902672518,-13.769983571561777,-14.216765574997403,-16.383016518374934,0
HK.01790,491,0.5249999761581421,0.4699999988079071,11.702122870156417,0.0,2250.0,1181.2499463558197,0.04999995231628418,0.4984999996423721,0.5110999903082848,4.999995231628418,2.941173720662243,-0.9433953776483021,-7.894739869118656,16.666664459087173,1
HK.01792,492,1.2899999618530273,1.100000023841858,17.27272126300289,2.3874397435725765,707671.05,912895.6275044918,6.939520320736651,0.9150289630889893,1.093557182252407,52.662712210162724,18.34861672934997,-0.7692300638503318,28.999996185302734,116.80707507302583,2
HK.01793,492,1.8600000143051147,1.6100000143051147,15.527950172590616,1.5078949648604925,4118895.0,7661144.758921266,16.141216476128022,0.7220051366090775,0.3874982491880655,129.4515845115731,537.7976644868953,478.9240057032293,767.0520602217545,808.938631044245,3
HK.01795,491,0.4950000047683716,0.4950000047683716,0.0,0.0,18750.0,9281.250089406967,0.4583880891297896,0.46020000278949735,0.544799998998642,7.608694736696163,-13.157892810560856,-14.655169135891914,-17.500002483526767,-29.285712400261204,0
HK.01796,492,0.2800000011920929,0.3149999976158142,-11.111110059882801,0.3688463610257997,6468797.9,1811263.4197114082,19.30310037349645,0.3269399988651276,1.5122850035130977,-9.677419664956526,-29.113925674217167,-89.99999978712626,-89.78102188987098,-91.83673481800217,0
HK.01797,492,25.479999542236328,25.959999084472656,-1.8489967610338947,0.6189662397243868,13276816.9,338293288.5343556,6.357203025752986,23.03779998779297,23.634350032806395,24.29268069383575,11.461062388153948,1.5948948155784755,40.851295341704294,1.5139408565393446,0
HK.01798,492,1.0549999475479126,1.0299999713897705,2.427182218695582,1.6367996926027306,6903865.2,7283577.4238778595,3.572154321119325,1.1825999975204469,1.6297576922178267,-9.442061622916343,-28.103108974473546,-43.74906129058236,-47.805619689579004,-56.56220369592142,1
HK.01799,492,3.575000047683716,3.509999990463257,1.851853487095883,0.6593029406660967,2035546.65,7277079.370812427,4.3641194498196745,4.038200025558472,5.717350010871887,-15.083135028729156,-23.447537702808948,-42.79999923706055,-52.33333269755046,-59.78627773204885,1
HK.01800,492,3.440000057220459,3.450000047683716,-0.2898547920302406,0.4503016898809651,10766712.1,37037490.24007621,1.619564133205196,3.694877853393555,4.386082898378373,-5.62414059749724,-17.52428215047725,-29.56573331685292,-30.946802392806877,-29.31424499322508,0
HK.01801,492,94.0999984741211,95.0,-0.9473700272409539,0.4300126744165748,13899124.25,1307907570.7166195,3.724060529637927,95.34599990844727,86.9832500076294,-4.223920128121024,21.576223021983402,15.10703177262519,19.416237093688768,-8.729389071968871,0
HK.01802,491,0.04500000178813934,0.04500000178813934,0.0,,0.0,0.0,0.0,0.04500000178813934,0.044885001759976145,0.0,0.0,0.0,0.0,-16.66666551688574,0
HK.01803,491,0.7699999809265137,0.7699999809265137,0.0,0.0,7837.5,6034.874850511551,2.0039881098239993,0.7761999976634979,0.8278500002622604,-3.750003818422499,-22.22222489807606,-2.5316506313829312,-12.50000169331378,-24.509804379889626,0
HK.01808,492,1.850000023841858,1.8849999904632568,-1.8567621643752554,1.3969825177616348,53143.0,98314.55126702785,2.7305583463926664,2.2728000116348266,2.353150001168251,-11.904756768760533,-11.483248812612686,-26.29481948721388,-36.20689782744776,-44.61077630590389,0
HK.01809,492,6.849999904632568,6.78000020980835,1.0324438445142383,0.7571246278179498,59675.0,408773.7443089485,1.9871570367085887,6.887459993362427,7.159511713981629,0.3663017738622246,2.218466947598336,-3.047746660981335,-7.565675833320196,5.753391520126725,1
HK.01810,492,26.18000030517578,26.5,-1.2075460182045992,0.5275729324371291,127394894.35,3335198372.9608364,3.673183539895384,27.311599998474122,31.81739999771118,-4.591837479441612,-0.30464555601209575,-22.268408349293974,-35.00496251595771,-51.202237538525594,0
HK.01811,492,2.119999885559082,2.130000114440918,-0.4694942884761673,0.7094619578432427,3612925.15,7659400.904533529,2.0503264479487058,2.1973999834060667,2.441341415643692,1.1933105779209376,-18.146719852729117,-19.613788504709667,-12.30595109604691,-12.30595109604691,0
HK.01812,492,0.6050000190734863,0.6000000238418579,0.8333325054910776,0.5763009571665203,572881.25,346593.1671768427,2.807662507694947,0.632400004863739,0.8248999992012978,-0.8196713302251629,-14.788727132698329,-43.45794491439269,-19.33333079020182,-30.459768303729923,1
HK.01813,492,0.09399999678134918,0.09300000220537186,1.075262959423418,0.20873179847121118,1026082.15,96451.71879739985,9.433653307475923,0.10011999979615212,0.14788999959826468,-5.050507787173788,-27.692307515962582,-35.61643961447225,-40.50633388917177,-59.48275884216947,1
HK.01815,492,2.009999990463257,1.899999976158142,5.789474509759633,2.1800885359136912,11524231.55,23163705.305596367,5.780769463185784,1.6397999918460846,1.565949999988079,21.08433920960936,139.2857206212422,43.57143033523952,-20.86614091927447,28.02547282237095,1
HK.01816,492,3.005000114440918,3.0350000858306885,-0.988466904163511,1.0567208958591656,48392022.75,145418033.9017775,2.659429347389666,2.9027000188827516,3.0420605635643003,8.093530408875003,0.5016757477033872,-2.8749255796541595,4.6719549577583654,7.579508765796299,0
HK.01817,492,0.26499998569488525,0.25,5.999994277954102,2.1066319895968793,19800.0,5246.999716758728,3.8316332761849115,0.24723999738693236,0.2685549994558096,-3.6363709268489552,15.217382994626707,-5.357148369051949,-13.114760826108633,-32.05128322691612,1
HK.01818,492,21.239999771118164,20.280000686645508,4.733723135940626,0.6628921381858757,25425953.85,540047253.954461,5.4409665335618795,21.78559997558594,27.260152826309206,-10.756300621875816,-0.7476628517019478,-33.77299014327102,-33.06711952645907,-24.392392878195317,1
HK.01820,491,2.799999952316284,2.799999952316284,0.0,3.6363636363636362,650.0,1819.9999690055847,0.0,2.9296000099182127,2.5659532648324967,1.8181800842285156,10.545083541937952,14.508843146869532,14.966882554947745,7.646892594001113,0
HK.01822,492,0.10700000077486038,0.12099999934434891,-11.570246814337997,5.536914018512969,820599.85,87804.18458585031,4.8669801340265595,0.1382612805068493,0.14273032039403916,-26.206893893966416,-23.02158138413993,-28.666668984624984,-26.206893893966416,-43.38624165505388,0
HK.01823,491,1.1299999952316284,1.0850000381469727,4.147461336638232,0.0,77700.0,87800.99962949753,4.969927320555086,1.2227999997138976,1.3536500003933907,-13.076920255401328,-23.648649954813237,-16.296298127769575,0.8928562875609045,5.60747101292574,1
HK.01825,492,7.985000133514404,1.0,698.5000133514404,,245387.5,1959419.220262766,3.6505947565589594,1.1397000026702881,1.0543750008940698,698.5000133514404,698.5000133514404,740.526340390837,559.9173456013153,528.7401774359903,1
HK.01826,492,0.6650000214576721,0.6449999809265137,3.1007815693931158,1.3501839705647096,6404500.0,4258992.637425661,12.746794128725577,0.22770000129938125,0.1594981205649674,190.3930197495694,488.4956044540759,286.62790632194736,607.4468555616129,786.6666600439286,3
HK.01827,492,0.8999999761581421,0.8999999761581421,0.0,1.2048192771084338,17750.0,15974.999576807022,0.6574713182353045,0.8227999949455261,0.8562999975681305,12.499995343387196,32.35293627816505,-4.255321442460307,-5.263159215615413,-10.891090628096048,0
HK.01828,297,33.47999954223633,34.400001525878906,-2.674424252424717,0.9944353762144225,572993.6,19183825.465704344,3.4248934107403888,30.592799949645997,33.12359992980957,20.779222119629985,8.349514419278073,0.1795373326703841,-12.356023891188858,-23.526723445070797,0
HK.01830,492,1.2549999952316284,1.2450000047683716,0.8032120823258392,0.2240834287503396,318658.9,399916.917980516,1.9392702261519186,1.3074149918556213,1.190504989027977,-5.639101147644824,14.874144448273205,11.953619182551757,3.2072397686124092,-11.133554385849106,1
HK.01831,491,0.7549999952316284,0.7549999952316284,0.0,0.0,389250.0,293883.74814391136,0.8700759373977254,0.7725999999046326,0.46860499955713747,-3.205125266043049,50.999999046325684,221.27659453046218,264.7342932224553,151.6666550768751,0
HK.01832,492,1.3799999952316284,1.4049999713897705,-1.7793577699089274,1.941747572815534,5650.0,7796.999973058701,1.158542022019207,1.1583999943733216,0.9020499986410141,20.524019058494385,28.971955848892094,76.92308280124723,126.22950210971125,115.62500407453635,0
HK.01833,492,5.960000038146973,5.989999771118164,-0.5008302857679626,0.8112408611777264,11161096.1,66520133.181762025,3.4643406151276235,7.114000005722046,10.938299989700317,-16.40953797355848,-32.655369703416994,-49.91596446048398,-59.12208457246676,-73.1531539039559,0
HK.01835,492,3.9000000953674316,3.5999999046325684,8.33333885228207,0.8841463414634146,82200.0,320580.0078392029,6.061187150694251,4.412599997520447,2.129700003564358,-15.584411429147055,195.45454093904223,212.00000762939456,264.4859723539187,77.27272776532763,1
HK.01836,492,11.4399995803833,11.279999732971191,1.4184383971608912,0.39262942136644047,2109971.05,24138067.92662091,2.4589596663743043,12.807926635742188,13.256648240089417,-16.296081534450902,-14.297368909694772,-11.158249466962488,-16.987757542456922,-20.6332175244466,1
HK.01837,492,1.3899999856948853,1.3849999904632568,0.36101048852397555,0.3560551642907479,2085842.25,2899320.6976617873,3.6864572675468983,1.5818000054359436,1.3514773234725,-12.852667036875657,-1.4184383971608912,30.263431159487887,35.08799653549375,65.78981305685785,1
HK.01841,492,0.4950000047683716,0.47999998927116394,3.1250032984341924,0.41064638783269963,639500.0,316552.5030493736,6.847570396152744,0.411299996972084,0.27562999963760376,35.616436119172704,115.21738947339233,110.63830043569094,118.06167794165991,125.00000338662755,2
HK.01842,492,0.04500000178813934,0.04800000041723251,-6.249997089616979,0.15162560139962095,4101200.0,184554.00733351707,10.236680449424163,0.038479999825358394,0.045075000077486035,25.00001034802905,15.384617588929125,0.0,-16.66666551688574,-22.413787787932833,0
HK.01843,492,0.36000001430511475,0.35499998927116394,1.4084577986089954,0.4700575701822067,852850.0,307026.0122001171,6.944433895646952,0.28541999936103823,0.18963500015437604,26.315796078077064,65.13762521418711,125.00001396983893,224.32433303208822,170.6766998163348,2
HK.01845,492,0.25,0.2549999952316284,-1.960782480441495,15.360824742268042,51450.0,12862.5,4.873267523599697,0.1995600014925003,0.19516000017523766,38.888883369940515,13.636364252114102,25.628140101465675,86.56715953182777,42.045455315142625,0
HK.01846,491,2.299999952316284,2.299999952316284,0.0,0.0,10200.0,23459.9995136261,0.6101051388250461,2.4667999935150147,2.716389023065567,-14.81481808530281,-7.522451947024103,-23.44574264358815,-22.93538031632214,-23.454538327722428,0
HK.01847,492,0.41499999165534973,0.4050000011920929,2.4691334404499927,0.20477815699658702,14800.0,6141.999876499176,2.28019073475466,0.4436999970674515,0.4785749988257885,-5.68181956725673,-17.000001668930054,-18.627451094972404,-18.627451094972404,-38.970590104384385,1
HK.01848,492,3.5899999141693115,3.5899999141693115,0.0,0.6593514365789166,331911.25,1191561.359011829,2.5027270073135615,3.5108619260787965,3.8122074353694915,5.5066544466446095,1.5209858657241435,-7.160152279647533,-16.661882893226178,-17.408967795228687,0
HK.01849,491,0.05000000074505806,0.05000000074505806,0.0,,0.0,0.0,0.0,0.05000000074505806,0.05000000074505806,0.0,0.0,0.0,0.0,0.0,0
HK.01850,492,0.4000000059604645,0.4000000059604645,0.0,0.6247779697109646,6308146.5,2523258.637599483,10.722829104293071,0.44950000166893006,0.8910249957442283,-26.605505741020778,-85.5595664723914,-63.636363882663815,-35.48387050256521,-42.857141032510846,0
HK.01851,492,8.199999809265137,8.970000267028809,-8.58417430146548,0.5397231592415959,1071825.0,8788964.795565605,12.88172067905955,5.85580002784729,4.825650016069412,68.37782344883499,15.819207593618357,127.77777851363761,165.37216948336234,530.7692392337959,0
HK.01853,492,1.1649999618530273,1.1649999618530273,0.0,6.285714285714286,5750.0,6698.749780654907,1.8292634813563209,1.246399986743927,1.5280967605113984,-14.33823900007249,-3.719014452500321,-37.53909587481957,-24.888788426971587,-37.53909587481957,0
HK.01854,492,1.0449999570846558,0.9900000095367432,5.555550203847883,5.355596784168212,971500.0,1015217.4583077431,3.2264496806150227,1.179199993610382,1.1883999907970428,-11.814345354861427,-12.184881778450247,-11.440677666451787,-23.16176866964275,16.1111094186335,1
HK.01855,492,0.15399999916553497,0.1599999964237213,-3.749998370185458,2.9968997588701343,287500.0,44274.999760091305,5.925564852408671,0.1881199997663498,0.6216100019961596,-12.5,-23.762379305209038,-74.7540990894951,-88.06201521554149,-96.54708525003693,0
HK.01856,492,1.6749999523162842,1.6799999475479126,-0.2976187730795046,0.9880529544720698,154950.0,259541.24261140823,3.3977089649579746,1.4815999937057496,1.690849991440773,4.687495459802516,-5.367233312652429,-11.842106666591375,-10.904257629537222,44.396551768433895,0
HK.01857,492,1.2899999618530273,1.2899999618530273,0.0,0.29781293624941835,218100.0,281348.99168014526,1.2820723037247546,1.3317243695259093,1.4266481411457062,-4.4521689746074715,-2.2969547409520006,-11.185123708646145,-15.222164805173927,-11.78522339248962,0
HK.01858,492,7.855000019073486,7.71999979019165,1.7487076755281172,0.7022106631989596,838025.0,6582686.390984058,3.2875157055512707,8.736399917602538,11.615034880638122,-9.400231257769915,-13.012178833266569,-35.856317875422754,-46.99325767755125,-53.37126272450996,1
HK.01860,492,10.829999923706055,10.699999809265137,1.2149543622267243,1.0989296062438931,12849632.15,139161515.2041509,5.890500949760014,10.653200054168702,13.486500010490417,2.169806924143128,-22.587561823523487,-13.15156622457324,-31.019107928174112,-40.363436042377586,3
HK.01861,491,2.3499999046325684,2.3499999046325684,0.0,0.0,51350.0,120672.49510288239,0.7602604898514363,2.3438000154495238,2.0896733939647674,4.212850792480056,11.904762445393628,31.487649521866196,22.095673392617563,16.73538378926502,0
HK.01862,491,0.01600000075995922,0.01600000075995922,0.0,,0.0,0.0,0.0,0.01600000075995922,0.015815000664442778,0.0,0.0,0.0,0.0,33.33333850734759,0
HK.01865,492,0.4099999964237213,0.4050000011920929,1.2345667202249964,7.498606946692494,6031740.0,2473013.378428817,5.247081577627294,0.4292999982833862,0.4096749993413687,3.7974646297370884,-25.454547720507108,0.0,64.65863444201764,65.32258190501496,2
HK.01866,492,9.960000038146973,10.039999961853027,-0.796811992131617,0.4309097515924926,6306899.45,62816718.76258912,5.1632503668887875,9.754000034332275,9.84420298576355,4.457264788003247,-2.1708632111318846,-6.313179609142214,13.528795283363337,40.72039893396097,0
HK.01867,491,0.22599999606609344,0.2280000001192093,-0.877194759679889,5.0,17500.0,3954.9999311566353,0.42006401862741927,0.22540000230073928,0.2259899999946356,-1.3100463107262983,14.141412773079773,2.727271495771795,-11.372548905027594,8.13396614071273,0
HK.01868,492,0.16500000655651093,0.17900000512599945,-7.8212280271354295,7.104247104247104,61425.0,10135.125402733684,2.8132380678901003,0.18746000170707702,0.3071400022506714,-14.507770260541008,-48.43749679857858,-47.61904514115231,-58.22784757598857,-58.22784757598857,0
HK.01869,492,0.061000000685453415,0.0560000017285347,8.92856929033089,0.7120152574698029,5520000.0,336720.00378370285,8.793956677233398,0.06277999997138978,0.09841499999165534,21.99999955296517,-34.408602968904084,-44.03669527233991,-46.49122749687746,-46.01769756879639,3
HK.01870,492,0.25,0.1899999976158142,31.578949019519264,14.227923038973852,2158500.0,539625.0,6.319772050297071,0.19861999928951263,0.40100499913096427,30.208332201517713,-39.0243897120347,-41.860466083363605,-52.8301861329449,-23.07692025540133,2
HK.01871,492,0.3050000071525574,0.30000001192092896,1.6666650109821552,0.356376127093173,931000.0,283955.0066590309,2.5713634266935164,0.30500000417232515,0.3215450005978346,1.6666650109821552,-11.594200519873441,-17.567566696791175,17.30769936149668,36.160713275989586,1
HK.01872,492,4.090000152587891,3.950000047683716,3.5443064104839954,1.5539803707742639,770350.0,3150731.6175460815,7.643291500303333,3.978800024986267,5.727950004339218,-3.7647022920496322,12.054795773263285,-36.391908837038635,-41.319938655616085,6.510423021003126,1
HK.01873,492,1.3450000286102295,1.284999966621399,4.669265645709426,2.270477633853513,4581450.0,6162050.381076336,5.356372822202219,1.368300006389618,1.7135750037431716,-7.2413803876225575,14.957271619191312,-37.731482631262395,-23.579543414872038,-51.964283874448434,1
HK.01875,492,3.7950000762939453,3.7699999809265137,0.6631325064698708,0.6876008439865955,600980.0,2280719.1458511353,4.060164604552847,3.654099998474121,3.7387749874591827,-2.9411766499312275,6.9014120357327,-6.7567588149554405,51.80000305175781,56.818180026907804,3
HK.01876,492,5.835000038146973,5.764999866485596,1.214226769862005,0.903324774591844,21787713.3,127131307.9366353,2.65812855086729,6.317699995040893,6.950683612823486,-7.892659778834873,-16.998579459415904,-18.744217184585143,-20.208285963949866,-26.280423850985855,1
HK.01877,492,16.979999542236328,17.280000686645508,-1.7361176648623016,0.4439816773498632,2852928.6,48442726.32203293,4.368475510905519,18.62439987182617,21.256949968338013,-9.968191979184619,0.23612164650345513,-10.443036064584277,-23.788155211260683,-50.78261002250339,0
HK.01878,492,1.850000023841858,1.7999999523162842,2.7777818250068513,3.3325549670013643,217535.0,402439.75518643856,5.151713116757578,1.716299991607666,1.9433749961853026,7.87171940733452,-5.612245518582295,-11.057687899064574,-5.1282062254635195,-22.268910298920787,1
HK.01879,98,268.6000061035156,272.6000061035156,-1.4673513978136383,1.2288491033359972,379697.1,101986643.37748718,11.136054719182669,313.648000793457,,-8.639453706287203,-50.44280330193439,,-69.68397222307951,,0
HK.01880,492,46.52000045776367,45.959999084472656,1.2184538390911526,0.6740941300182255,865926.85,40282917.458389856,2.63253684678778,49.594199905395506,64.55669198989868,-3.923993769169997,-17.136884639765157,-35.13818162825413,-41.65655359256293,-23.12796430799977,1
HK.01882,492,17.68000030517578,17.459999084472656,1.2600299670048334,0.3793328302160671,3965683.15,70113279.30223045,2.7263399642117068,19.33159996032715,21.020722875595094,-12.301585124042944,-16.129030506810945,-19.354376477128728,-17.39801683850662,-16.950307867804458,2
HK.01883,492,2.424999952316284,2.390000104904175,1.464428697734834,1.1197281949643711,4137890.05,10034383.173940027,1.1217822004319766,2.505832133293152,2.494484956264496,-0.5644484209678359,-7.95742355747112,-0.4999854729323556,4.295178126039498,5.139675765166256,1
HK.01884,491,0.1120000034570694,0.1120000034570694,0.0,0.13029315960912052,89800.0,10057.600310444832,0.8813546293138679,0.11548000067472458,0.1123250001296401,0.0,9.803927011189312,-10.399997234344482,-7.438013170286715,0.9009027150183835,0
HK.01888,492,47.5,47.599998474121094,-0.21008083471990105,0.6542845593999359,76367922.75,3627476330.625,7.435263276691792,42.29499992370606,34.19927868843079,31.070634106023526,-40.77306507797679,129.2581281400385,256.51005327892466,317.5553916878851,0
HK.01889,491,0.19499999284744263,0.1889999955892563,3.174601797994651,0.0,26945.0,5254.274807274342,2.5947815393233613,0.1701800000667572,0.3221550004929304,19.631895615081987,-29.090913228752107,-49.35064995383349,-61.000001430511475,-56.666667108182565,1
HK.01890,492,0.8199999928474426,0.8299999833106995,-1.2048181523292238,0.31496062992125984,429100.0,351861.99693083763,3.8570413976363493,0.845227656364441,1.0302384492754937,-2.3809501846360366,0.6792048919145052,-31.030777602168303,-31.56960206429514,-37.99930433911044,0
HK.01891,492,0.1899999976158142,0.18799999356269836,1.0638319795733608,0.314070351758794,632800.0,120231.99849128723,4.162222224226975,0.16987999975681306,0.15886000007390977,18.750001164153243,1.0638319795733608,25.827818752135258,37.68116114170109,42.85713965603415,2
HK.01894,492,0.6200000047683716,0.625,-0.7999992370605469,0.2347050539821624,1588150.0,984653.0075728893,7.7808270176302265,0.5387000024318696,0.48893175467848776,21.568630659227384,67.56756669679118,-7.462688160516194,33.31727833106585,8.32021141962115,0
HK.01895,491,0.2709999978542328,0.2709999978542328,0.0,,0.0,0.0,0.0,0.2709359872341156,0.3706048694252968,0.03692011843921189,-7.902521363483108,-40.794483159155114,-39.56102964478579,-48.27055601274331,0
HK.01896,492,4.039999961853027,4.0,0.9999990463256836,0.8224922685549512,4959187.7,20035118.118822005,3.454705803871536,4.578599987030029,5.605713605880737,-7.126435622433096,-19.936849052338896,-30.22503092007163,-38.26034020708105,-45.35044339221084,1
HK.01897,491,0.4399999976158142,0.4399999976158142,0.0,0.0,28915.45,12722.797931060195,0.3760567402503683,0.46727999806404114,0.46788022756576536,-12.000000476837158,-0.8546979848870727,-10.769230583266841,-5.073651753886599,5.67412720133108,0
HK.01898,492,10.949999809265137,11.039999961853027,-0.8152187762578977,0.7382593101282381,17927483.4,196305939.8106039,3.294879370244307,10.821975536346436,11.377590589523315,-0.9107790217393087,-0.45711033892452413,-17.2275324132313,13.340911830184284,21.9108820199529,0
HK.01899,492,1.0299999713897705,1.0399999618530273,-0.9615375798129149,0.5913040979307641,210381.75,216693.19648092985,1.8135279266087112,1.1012999868392945,1.1680455189943313,-2.3696661043679077,-11.965811182055925,-18.89763883001431,-5.773650848905286,0.35487830487245103,0
HK.01900,492,0.1599999964237213,0.17000000178813934,-5.882356034843122,0.06471369367643671,146276.8,23404.287476873396,3.7819362121422833,0.18276000022888184,0.24312499828636647,-10.614529697305812,-30.73593414280395,-45.76271066580715,-35.742972800832455,-41.81818437970369,0
HK.01901,492,0.13699999451637268,0.14100000262260437,-2.836885128958451,0.29484029484029484,634200.0,86885.39652228355,3.3047216088608047,0.17816000014543534,0.2994199987500906,-13.836478400016345,-41.94915521781835,-65.31645802652346,-67.76470807679378,-58.484851796217505,0
HK.01903,492,2.2950000762939453,2.2950000762939453,0.0,0.7719298245614035,56400.0,129438.00430297852,3.3605141860771055,2.488999996185303,2.3933499920368195,-7.085018230333774,-19.473678838953347,-14.365670928102123,23.387099927058017,66.30435392927208,0
HK.01905,492,0.9599999785423279,0.9750000238418579,-1.538466146946781,0.21044384739334185,6562632.65,6300127.203181181,5.214048663748292,0.8558816957473755,0.7500867280364036,-0.3888675139710222,32.377958199930404,35.36953928661,38.88564849842395,25.08044233674766,0
HK.01906,492,0.8299999833106995,0.7950000166893005,4.40251143228309,1.0785384350462688,7280737.5,6043012.003489584,8.795345881033926,0.6406999999284744,0.5514249977469444,23.88059143819332,71.1340121298521,50.909084603806306,72.91666705471775,110.12657234596557,1
HK.01907,492,1.7999999523162842,1.7649999856948853,1.9830009577943053,0.25251714932505276,24148775.95,43467795.55849663,4.23898283501876,1.892632257938385,2.4208982598781588,-5.456595766129348,-24.04882043865439,-31.957878081735476,-22.028977275074464,-25.17182314506131,1
HK.01908,492,12.0600004196167,11.84000015258789,1.8581103394726117,0.9877457564291862,10408674.6,125528620.04365367,5.1604985016963605,14.368199996948242,14.401007823944092,-24.388711198534246,-20.918030035300333,-9.742871437860122,-16.84372304543416,-26.200598923655498,1
HK.01909,492,1.659999966621399,1.7549999952316284,-5.413107058025444,1.3870474247832738,44755.0,74293.29850614071,3.2967514530333,1.8399999976158141,2.036749994158745,-4.0462457618686285,-10.270273230910002,-41.34275578186132,8.496731873370125,-7.262569720786531,0
HK.01910,492,12.539999961853027,12.529999732971191,0.07981028806825538,1.2365869414900126,4060053.2,50913066.97312126,2.5758253653844867,13.293799934387208,15.474973134994507,-4.9999989162791705,-11.938201099645438,-22.44045368508536,-33.57025123398143,-21.939193614340475,1
HK.01911,492,3.7950000762939453,3.700000047683716,2.5675683077275004,0.5554037712883192,722197.75,2740740.5163493156,7.3234700869453535,3.2764000034332277,3.768999990224838,24.22258570757521,4.8342595653932126,2.29110612595647,-15.666664971245659,-47.36477037149516,1
HK.01912,492,3.3550000190734863,3.555000066757202,-5.625880279269635,0.3872559547013094,1149434.9,3856354.1114237304,13.75914453849557,2.066800000667572,1.0588249991834164,131.3793040512577,60.526323294465776,577.7777751019239,372.5352282350065,330.1282233505331,0
HK.01913,492,38.720001220703125,39.13999938964844,-1.073066365597317,0.5635943147180704,1142127.5,44223178.19419861,2.791438489884631,40.90120018005371,39.61087102890015,-5.330073896932293,-6.96779861990812,2.8351607715005764,-9.725914141299151,-7.997002307005385,0
HK.01915,491,0.26499998569488525,0.26499998569488525,0.0,,0.0,0.0,0.0,0.26499998569488525,0.26499998569488525,0.0,0.0,0.0,0.0,0.0,0
HK.01916,492,0.5799999833106995,0.5799999833106995,0.0,0.033785142581345774,514375.0,298337.49141544104,2.073495120689315,0.5925921285152436,0.6213513705134391,4.504500150622547,-3.2759185213562065,-8.96557782501789,-7.6068554930177115,-14.023044383060848,0
HK.01917,492,0.0820000022649765,0.07699999958276749,6.493510012080585,2.112676056338028,78500.0,6437.000177800655,2.082682134907309,0.08284000024199485,0.10657499987632037,1.234570399524046,-12.765952050280957,-18.81188177242077,-31.09243665910965,54.71698723258653,1
HK.01918,492,0.550000011920929,0.5450000166893005,0.9174302896359119,0.26853458135606756,308533343.85,169693342.7955041,7.626466537525609,0.5687000012397766,0.9632249948382378,2.80373550646287,-33.73493699034886,-50.8928562875609,-57.03124810825098,-65.40880500786969,2
HK.01919,492,16.68000030517578,16.309999465942383,2.2685521235363204,0.5106381358959835,24145652.65,402749493.5706684,3.0546305691918656,15.999000053405762,14.453690042495728,-1.8823511460248161,16.23693283461374,11.788223824078383,24.173390736739602,32.2523926644139,1
HK.01920,492,0.375,0.3799999952316284,-1.31578823536055,1.8352997258967942,433050.0,162393.75,4.97470581254954,0.4398999959230423,0.6350999972224236,-3.8461503192516595,-25.0,-59.677419664956524,-7.4074076799480775,-16.666664459087173,0
HK.01921,492,3.1500000953674316,3.0850000381469727,2.106971034577417,0.44917589098472516,1305033.05,4110854.2319576503,7.342174762564508,3.5719000196456907,5.040075002908707,-25.969447458373967,4.304639578210689,-47.9338843626579,-57.60430460101661,-45.50173043208458,1
HK.01925,492,1.2400000095367432,1.225000023841858,1.2244886043219934,0.6422018348623854,21400.0,26536.000204086304,0.7593307255186245,1.2820999932289123,1.2291840517520904,-1.9762827225969646,0.8130073421291051,-3.124997089616889,10.714286094417377,29.081965683288928,1
HK.01927,492,0.3149999976158142,0.3199999928474426,-1.5624985448084445,0.6593406593406593,524500.0,165217.49874949455,3.772812893135502,0.2556799978017807,0.1877600000053644,21.15384968074834,25.999999046325684,146.0937364485296,131.6176327183902,123.40424947291106,0
HK.01928,492,12.079999923706055,12.300000190734863,-1.7886200294088341,1.7013957615753172,16258161.0,196398583.63960075,2.457252675135943,13.429313983917236,15.53289324760437,-13.003065717283546,-11.843920258363303,-23.401223737424377,-35.01755482554805,-34.127377955331546,0
HK.01929,492,11.289999961853027,11.100000381469727,1.7117078725554364,0.6621362262560144,18882439.55,213182741.7991921,3.441603719794716,12.177896671295166,11.958782114982604,-10.891871398035356,-9.12881225284868,-2.557081459221003,-5.995327250113769,-25.578654321806443,1
HK.01930,492,0.3050000071525574,0.30000001192092896,1.6666650109821552,0.41275797373358347,205200.0,62586.00146770477,7.250985618692177,0.35580000340938567,0.3700701379776001,-12.857139329520963,-15.277779157514871,-22.26438535090968,-19.2357221717593,-20.27116259908745,1
HK.01931,492,0.48500001430511475,0.49000000953674316,-1.020407170268328,0.45653036919412465,254500.0,123432.5036406517,3.9433149364188256,0.5869999921321869,1.448850004374981,-16.379305472271763,-42.941176388090454,-57.826084838246985,-80.59999942779541,-95.6227435230623,0
HK.01932,492,0.14000000059604645,0.12999999523162842,7.6923121009354265,0.9009009009009009,88400.0,12376.000052690506,1.4645236296474278,0.1474600028991699,0.2024799993634224,2.941171314477376,-41.66666511446234,-45.098037955303525,-2.7777731786537547,-7.284763571849949,2
HK.01933,491,0.2160000056028366,0.2199999988079071,-1.8181787394294886,0.016474464579901153,471000.0,101736.00263893604,5.12148900645801,0.22739999920129775,0.1967549991607666,-9.623425823201895,-43.157892549136974,1.8867962988045544,67.4418736282123,35.849064914614935,0
HK.01935,492,0.7599999904632568,0.7799999713897705,-2.5641002128344392,0.6185567010309279,9400.0,7143.999910354614,0.9057527940105075,0.7658999991416932,0.940625,1.3333320617675781,-11.627909555636291,-30.909093273572637,-16.48351993844085,-11.627909555636291,0
HK.01936,491,0.8700000047683716,0.8700000047683716,0.0,0.0,20400.0,17748.00009727478,0.4796318468120157,0.8587000036239624,0.778924999833107,1.1627895694091224,10.126579890857109,14.473686274399084,24.285717083483373,35.937503783498045,0
HK.01937,492,0.14000000059604645,0.1420000046491623,-1.4084535124187008,0.7434944237918215,129500.0,18130.000077188015,1.9153121175128642,0.1519400018453598,0.17404500026255845,-7.89473348831195,-19.54022722729975,-24.731184260144147,-19.54022722729975,-48.14814998779761,0
HK.01938,492,0.2160000056028366,0.21699999272823334,-0.46082357553306164,0.07934086054317974,150850.0,32583.600845187902,5.4849900834812395,0.23269999980926515,0.2947900008410215,-11.111109067056084,-16.923071720896196,-42.39999850591023,-22.857141184563545,-55.918367061452145,0
HK.01939,492,0.42500001192092896,0.4300000071525574,-1.1627895694091224,0.10380790686393403,2062700.0,876647.5245893002,9.719611843791363,0.4287999987602234,0.8376749981939793,6.2500013969838415,-31.45161150769563,-37.49999890432639,-57.07070628011389,-94.75308651968466,0
HK.01940,492,1.2350000143051147,1.315000057220459,-6.083653188916347,0.5953488372093023,210800.0,260338.0030155182,3.397026390090692,1.1577000033855438,1.1911250072717667,12.272726139746446,8.333335947572172,-21.835444255662875,37.22222744682703,90.00000916994568,0
HK.01941,492,0.6949999928474426,0.699999988079071,-0.7142850452539758,0.19607843137254902,132000.0,91739.99905586243,4.107268194149185,0.5610999929904937,0.37714499697089193,21.929824836586544,31.132081200873962,120.63492003421874,208.88889389273575,177.99999713897705,0
HK.01942,492,0.07199999690055847,0.07199999690055847,0.0,0.4180005151414799,2679600.0,192931.19169473648,4.715824045176845,0.0760199996829033,0.18662535447627307,1.408443018643556,-26.53061348614424,-67.12328860331279,-77.5000004656613,-84.1758253130701,0
HK.01943,492,1.2050000429153442,1.2100000381469727,-0.41322273338813675,0.27472527472527475,3944100.0,4752640.669262409,7.351833681071588,1.0244999992847443,0.7457750003039837,-5.118105432076423,77.20588680008699,69.71832103280917,151.04168121858223,56.49351594339138,0
HK.01945,491,1.399999976158142,1.350000023841858,3.7037001061669086,0.0672834314550042,21900.0,30659.99947786331,4.400387977972409,1.4725999999046326,1.5778500002622604,-2.0979001741372687,-11.949688882504402,-7.894737254879816,-9.677418114367397,19.65812200938778,2
HK.01947,492,0.550000011920929,0.5849999785423279,-5.982900496613692,20.952380952380953,53750.0,29562.50064074993,1.0083024132326683,0.5331000024080277,0.44107500061392785,0.0,3.7735927567532066,52.77777501830359,44.7368470585578,52.77777501830359,0
HK.01948,491,3.740000009536743,3.990000009536743,-6.265664145425055,0.24154589371980675,20900.0,78166.00019931793,1.3579573994397645,3.9415000438690186,4.26486224770546,7.010018082975399,-9.661832605043255,-19.09643198419588,-9.8503096595647,-33.69024567082403,0
HK.01949,492,0.6499999761581421,0.6399999856948853,1.5624985448084445,0.015041027087278246,899180.0,584466.9785618782,2.554510026640888,0.5942000043392182,0.6758500008285045,9.243688219037342,46.067412720381476,-13.33333651224772,-13.33333651224772,-47.79116677360394,1
HK.01950,492,0.11100000143051147,0.11100000143051147,0.0,1.646090534979424,199880.0,22186.680285930634,4.841472044865114,0.10736000031232834,0.1313450002297759,3.738318342695649,-3.478261376599048,-9.016393292450003,-40.0,-48.84792389393037,0
HK.01951,492,2.125,2.0899999141693115,1.674645323830052,0.39049920237105956,14919167.75,31703231.46875,3.7010174665033966,2.1766000032424926,2.285514334440231,1.674645323830052,0.512322235010543,-11.385051011607173,-9.538909988490511,-20.76400287895038,1
HK.01952,492,25.979999542236328,26.280000686645508,-1.1415568362660995,0.20271993459163837,18522782.65,481221884.76794297,10.124895453212039,28.68800018310547,34.56860004425049,9.159665441422197,-4.274133653276901,-27.022470068019484,-31.451191302732152,-57.164057891819084,0
HK.01953,492,1.2000000476837158,1.2350000143051147,-2.834005361618721,0.2572080481227961,2420750.0,2904900.115430355,6.851850425739752,1.1893000078201295,0.7472506746649742,4.347832396711109,10.091744122626764,239.94334181953724,687.6736171733197,707.3655049839109,0
HK.01955,492,0.6000000238418579,0.6200000047683716,-3.225803350434739,0.9790209790209791,102400.0,61440.00244140625,3.314246764096563,0.5739256536960602,0.5551515856385231,2.764631178334586,9.304189690084026,17.87706455214683,-1.447044012448242,-0.021115452061368695,0
HK.01956,58,81.05000305175781,78.69999694824219,2.9860307428742714,2.804646264893658,277468.25,22488802.5092659,10.80357757760388,78.83300033569336,,2.206809498932558,,,-27.439565563002205,,2
HK.01957,492,0.2800000011920929,0.2750000059604645,1.8181800448205245,0.21589793915603533,257500.0,72100.00030696392,2.5169285704166935,0.2783999985456467,0.2377349989116192,0.0,9.803924089392945,41.414142782475786,24.44444827091557,26.696832640204587,1
HK.01958,492,0.7200000286102295,0.7599999904632568,-5.2631529414422,0.6372955380108395,7823075.2,5632614.367819977,6.607988915395019,0.8070000004768372,1.3816499993205071,-9.999997764825855,-30.09708265926072,-57.647058328542755,-63.451775728238644,-64.53201779518716,0
HK.01959,492,4.565000057220459,4.599999904632568,-0.7608662638636519,3.1909303695683326,343815.0,1569515.494673252,5.659070426379129,3.509099977016449,3.3028249949216844,3.0474093479246225,78.3203187209439,10.532685973991248,37.08709194623454,1690.1961343465346,0
HK.01960,492,0.3799999952316284,0.38499999046325684,-1.2987000923330156,0.6572637517630465,351650.0,133626.99832320213,4.6829740490991405,0.334799998998642,0.37303499937057494,16.923079744598674,26.66666004392862,-20.83333255723117,40.74073338214291,61.01694615604344,0
HK.01961,491,0.0989999994635582,0.0989999994635582,0.0,,0.0,0.0,0.0,0.0989999994635582,0.19725499846041203,0.0,0.0,-77.5,-63.33333498901784,-64.00000097534871,0
HK.01962,491,0.4699999988079071,0.4699999988079071,0.0,0.0,583400.0,274197.999304533,2.40689587972071,0.4479083961248398,0.4231170280277729,5.060805773933759,12.06486048760411,13.986666004599918,15.212330960280829,16.412457193060597,0
HK.01963,492,8.505000114440918,8.399999618530273,1.2500059604647482,0.6472386381057467,1688619.8,14361711.592247201,2.388830213913949,8.147799921035766,7.768231813907623,5.981314875109658,2.5674351973794303,13.861677071586637,12.138671049202623,20.26412924726657,1
HK.01965,492,0.12999999523162842,0.13500000536441803,-3.7037110623015317,5.186206896551724,44150.0,5739.499789476395,1.405415937959698,0.13697999984025955,0.1398900007456541,-10.344828294942289,-6.474822611858408,-13.333339956071377,-7.1428609441737585,-18.238993828576096,0
HK.01966,492,0.04500000178813934,0.04600000008940697,-2.1739093463565164,3.6195432205839837,190650.0,8579.250340908766,4.153967067440365,0.046640000194311144,0.06419500034302474,-4.255312065993758,-9.999997764825855,-31.818178739429488,-42.307691205535434,-55.88235036312085,0
HK.01967,492,0.28999999165534973,0.29499998688697815,-1.694913713180618,8.078134845620667,20210.0,5860.899831354618,1.6912481313899879,0.2891999953985214,0.36677499681711195,5.454540134461573,-21.62162488703309,-25.64102505320861,-29.268294101240816,-40.20618905118011,0
HK.01968,491,0.1599999964237213,0.1589999943971634,0.6289321143370824,3.238095238095238,48800.0,7807.9998254776,1.8041253083206321,0.16933999985456466,0.17270999953150748,0.0,1.2658158607009335,-18.781726425870957,-4.191616445885584,-2.439029265698055,1
HK.01969,492,0.8999999761581421,0.9100000262260437,-1.0989065691980104,1.0341151385927505,90650.0,81584.99783873558,3.146298082703536,1.0348000037670135,1.9779500061273574,-8.163269526359606,-12.62135911093478,-60.52631633983976,-75.0,-78.8235299727496,0
HK.01970,492,8.470000267028809,8.470000267028809,0.0,0.017582417582417582,10325.0,87452.75275707245,1.9634731044705593,8.407899990081788,8.155075011253357,0.0,-1.8539958898074096,5.348262527561959,3.9263885089143393,3.292688585902158,0
HK.01971,491,0.3100000023841858,0.3149999976158142,-1.5873000855468575,1.7956656346749227,35200.0,10912.00008392334,4.237309766368989,0.32220000207424165,0.356125001013279,-4.61538038310199,-8.82352966957026,-16.216216651604412,-19.480516866721533,-20.512816985918324,0
HK.01972,492,24.0,24.0,0.0,0.823297147357339,2062430.25,49498326.0,2.276561240278037,23.38810432434082,22.645342922210695,-0.915274289353676,12.533893213415586,3.8244943687834203,19.231334854491838,20.48400380059169,0
HK.01973,492,1.7949999570846558,2.0,-10.250002145767212,0.2674897119341564,19700.0,35361.49915456772,2.4507586074488588,2.0427000164985656,2.502475003004074,-10.250002145767212,-8.883252232693142,-37.23776143619356,-49.43662024802383,-45.77039310830557,0
HK.01975,492,0.49000000953674316,0.4950000047683716,-1.0101000370632516,0.08856088560885608,272200.0,133378.0025959015,2.364394697276881,0.4206000030040741,0.3981044454872608,22.500000558793538,16.666672579826056,24.936261630656666,38.62789707267722,44.384002720184945,0
HK.01977,491,0.9300000071525574,0.9300000071525574,0.0,0.0,181800.0,169074.00130033493,0.8305335978740888,0.902075572013855,0.9070834231376648,4.757095947463307,-0.05318006473977865,-3.958676431981292,10.816906562169052,18.083589784612712,0
HK.01978,492,0.2199999988079071,0.21299999952316284,3.2863846480821435,0.24834437086092714,243200.0,53503.99971008301,4.756936414133304,0.2530999979376793,0.31072500087320803,-21.428572188834753,-20.00000216744158,-35.29411867828104,-38.88889164836307,-45.000001117587075,1
HK.01979,492,1.5399999618530273,1.5399999618530273,0.0,0.7261463065674354,445619.05,686253.3200009823,2.6420663644640454,1.7353999900817871,2.2185202503204344,-14.917126489622207,-33.702896616195815,-40.655402524357854,-26.98152694449334,-27.554488956403116,0
HK.01980,492,0.6100000143051147,0.6050000190734863,0.8264454667762735,0.7358556056924679,149350.0,91103.50213646889,4.032457788608832,0.5567022907733917,0.5980257469415665,14.788488558896148,11.9187587705638,-10.022009835408914,1.886828894155633,4.974311091152674,2
HK.01981,492,0.6800000071525574,0.6850000023841858,-0.7299263086460758,0.7671170139683994,434150.0,295222.0031052828,3.352165327591066,0.6657000005245208,0.7742239770293236,3.816799519814041,1.4925358528601556,-13.378626321082384,-21.584857147197198,-55.65810544926316,0
HK.01982,492,0.7699999809265137,0.7799999713897705,-1.2820501064172196,0.625,257100.0,197966.99509620667,1.2650161097940944,0.7898000013828278,0.9549375972151757,-3.750003818422499,-14.444444297272478,-30.630633242959803,-26.66666515289784,-3.4198108446797466,0
HK.01983,492,2.0899999141693115,2.0899999141693115,0.0,0.07142857142857142,14050.0,29364.498794078827,0.2912047336403782,2.207899975776672,2.083165126442909,-6.2780315563558435,-6.414797874274565,14.701862458831394,3.0730995059693798,-3.591099155139003,0
HK.01985,492,2.5999999046325684,2.609999895095825,-0.38314141245931693,0.16822429906542055,102400.0,266239.990234375,2.025059985541379,3.01039999961853,1.9360000002384186,-3.703708936484497,-23.976612671598634,96.96968191801959,107.99999237060547,60.49382080121152,0
HK.01986,492,0.9549999833106995,0.9200000166893005,3.8043441289652717,1.8199336259501124,943475.0,901018.6092540622,5.281889116877349,0.9062562501430511,0.8571877646446228,6.028273825181449,5.452028769239589,26.65429707092431,21.90475791937227,27.5500247382187,1
HK.01987,491,0.2240000069141388,0.2150000035762787,4.186047994490868,0.029498525073746312,271600.0,60838.4018778801,3.4984352673299504,0.22963999956846237,0.20587506309151649,-9.67741509071863,10.344834167321254,26.711052608687,20.95145282040892,54.50572747028344,1
HK.01988,492,3.5850000381469727,3.5799999237060547,0.1396680041194469,0.5880176793728128,35682649.6,127922300.17718506,2.7161384738116308,3.3850755405426027,3.5461039090156556,8.254723416466769,5.131426693654673,-4.691463508937841,-4.931533871418473,-10.212503805938942,1
HK.01989,122,122.4000015258789,121.0,1.157026054445377,0.9976345137164796,1145473.9,140206007.10785446,6.971877218049291,122.86299942016602,,-1.1308574243682363,-31.702684015251602,,28.05747224147888,,2
HK.01991,492,0.6850000023841858,0.6499999761581421,5.384619616898009,0.3774058052786659,316040.0,216487.40075349808,5.118770286058497,0.7830999970436097,0.7253499960899353,-11.612900199056448,14.16666252745539,-9.868419607920643,-18.452378122511817,-50.0,1
HK.01993,492,0.5199999809265137,0.5299999713897705,-1.8867907552966041,0.16853932584269662,17950.0,9333.99965763092,9.81537912797443,0.5091999959945679,0.5830749976634979,18.181814487315386,-11.864406094746942,-10.344828294942289,0.0,-21.212127232792163,0
HK.01995,492,1.7350000143051147,1.7400000095367432,-0.2873560462197707,1.024952321182077,1590732.5,2759920.910255611,1.965251593085645,1.6779043292999267,1.6480810415744782,5.879636860679445,3.202904383776431,11.154809097714605,13.104895286405895,6.268886901399267,0
HK.01996,492,0.03099999949336052,0.028999999165534973,6.896553053016792,0.16708867267329022,3538800.0,109702.7982071042,13.496227713486112,0.02347999980673194,0.027925000139512123,10.714280487475508,23.999996125698146,-6.0606070868568365,-8.82353585690328,-32.608696884547825,1
HK.01997,492,30.0,29.780000686645508,0.738748516729042,0.9057272074930841,4115091.95,123452758.5,2.6606960231856926,28.48582748413086,24.85269941329956,-4.343374822787317,37.2353660901963,18.140161348497642,25.910075141913246,40.493819970498215,1
HK.01999,492,2.865000009536743,2.9200000762939453,-1.883563880827293,1.182200053964873,11572045.25,33153909.751609623,3.4824613628641767,3.092199993133545,3.912751998901367,-6.677522090025459,-15.243074109580771,-35.174926072530916,-36.43230334038414,-36.29068780208649,0
HK.02000,492,0.3050000071525574,0.28999999165534973,5.1724192858027385,0.8193123628383321,280400.0,85522.00200557709,3.5513800653758434,0.26059999704360964,0.29777499839663507,17.30769936149668,3.3898375288438505,1.6666650109821552,-14.084502430904152,-3.174600171093715,2
HK.02001,492,0.5,0.4950000047683716,1.0101000370632516,0.7677193096412787,1192010.4,596005.2,3.672412253020508,0.552599995136261,0.7474499979615211,-4.7619004368509765,-19.35483932991305,-40.476188617768955,-48.45360976778769,-54.54545553065526,1
HK.02002,492,1.2000000476837158,1.1799999475479126,1.6949238156632322,1.4960036193635953,174825.0,209790.00833630562,3.4814874777085434,0.9977999985218048,1.1592499926686286,20.603019289740274,27.65957986461249,-3.9999961853027344,-16.08390967136665,-34.78260728722486,4
HK.02003,492,0.9200000166893005,0.9700000286102295,-5.1546402521829435,0.39242219215155616,30140.0,27728.80050301552,4.412629404516187,0.9091999995708465,1.5404000034928322,3.3707900535517603,-5.1546402521829435,-46.820808870163305,-65.15151590409903,-71.42167926862199,0
HK.02005,492,2.7249999046325684,2.700000047683716,0.9259206113829329,0.5788683617455448,5976149.55,16285006.953819966,2.7527970447841703,2.4635286045074465,2.5264001858234404,15.907105795163623,22.544960132470397,12.266836767368954,-1.4721067122197236,-11.869397899388655,3
HK.02007,492,0.1720000058412552,0.17000000178813934,1.1764729600463935,0.23844224186260646,350854156.5,60346916.96742866,5.3437688181181375,0.1827000007033348,0.2818349994719028,-0.5780272636135249,-17.70334897527427,-44.51612757470433,-56.45569590646629,-64.16666464880105,1
HK.02008,492,1.340000033378601,1.3899999856948853,-3.597118908694688,0.09140767824497258,31120.0,41700.801038742065,1.76034928171774,1.3198999929428101,1.6216749960184098,7.200002670288086,-6.944445824181537,-26.77595617736335,-26.373626661536736,1.5151500099837776,0
HK.02009,492,0.6100000143051147,0.5950000286102295,2.521005877919275,0.8826934896281079,11412233.55,6961462.628753311,2.353654396970368,0.5912999999523163,0.6724823328852654,6.086961208985396,-5.058361066115143,-17.951672782282035,-10.190345602253556,-17.951672782282035,1
HK.02011,491,1.190000057220459,1.2000000476837158,-0.8333325054910776,1.1049723756906078,19100.0,22729.001092910767,0.5580233586422093,1.3138000249862671,1.3865000116825104,-11.851849170051695,-11.851849170051695,-19.594591764571323,-20.134224858800998,-14.99999446528289,0
HK.02012,492,0.1679999977350235,0.16300000250339508,3.0674816900841915,0.12447791924174642,2176276.5,365614.44707078487,11.55148974582391,0.18376000046730043,0.3230550001561642,3.0674816900841915,-34.11764671508278,-57.46835615901945,-61.379311077187474,-67.05882335754139,1
HK.02013,492,0.8050000071525574,0.8149999976158142,-1.226992698467561,0.5952002768471006,40488299.9,32593081.709094886,4.790186682298332,1.09549999833107,1.563174999654293,-27.477477767736275,-41.240875594839125,-54.261362982128766,-57.85340203034019,-66.59751126626675,0
HK.02015,492,46.47999954223633,46.119998931884766,0.7805737612510619,1.0091704548037412,10682335.0,496514925.9100151,3.4729545055750037,48.79379989624024,61.33344999313354,-2.964513441352177,-18.240983659138237,-32.539915075650036,-31.69728514650567,-50.101987352814724,1
HK.02016,492,2.4000000953674316,2.4000000953674316,0.0,0.6721317302315611,6725077.3,16140186.16135335,1.9913561916280644,2.3318000173568727,2.358844929933548,5.96026420356251,-2.040814340536656,-4.183938723896786,0.7394187047733267,-6.98148265879716,0
HK.02017,492,0.5400000214576721,0.5149999856948853,4.854376011108917,0.15856918963768785,1082200.0,584388.0232214928,14.73948582150878,0.4246800008416176,0.27035499945282937,-1.8181800448205245,120.40816773379252,196.70331451775132,134.78261376599048,116.00000858306885,1
HK.02018,492,40.63999938964844,40.47999954223633,0.39525654451939296,0.4386232040113157,5784731.65,235091490.72528002,4.791767449101457,40.77040016174316,39.158345546722416,-2.4483928504551677,-10.642040899963254,25.140554380329117,1.5139236168977892,-4.138934286575271,1
HK.02020,492,72.3499984741211,73.25,-1.228671025090657,0.7437635927149753,8280108.3,599065822.8705574,2.9433427797075318,73.7141943359375,76.07524063110351,0.23024380963453656,-1.9660324702028422,-5.234333957805507,-8.589893901124434,-19.665545425026597,0
HK.02022,492,0.04600000008940697,0.04899999871850014,-6.122446341943493,11.724137931034482,266800.0,12272.800023853779,4.17531671667106,0.04970000013709068,0.052440000046044585,-11.538463191696843,-22.0338986261382,-16.363635747885898,-9.803919706698395,-11.538463191696843,0
HK.02023,491,0.7599999904632568,0.75,1.3333320617675781,1.09375,24600.0,18695.999765396118,1.9850107982223153,0.7600999999046326,0.7614749976992607,0.6622510282393388,-1.2987000923330156,-3.797472174628627,-3.797472174628627,-3.797472174628627,1
HK.02025,492,12.140000343322754,12.15999984741211,-0.16446960806181066,0.8605851979345955,464500.0,5639030.159473419,2.665995199797284,12.1303999710083,12.666155824661255,4.475047012779318,5.365004025149778,-42.26917375574566,5.823121268881914,119.66892230723487,0
HK.02026,212,51.25,51.150001525878906,0.19550043233234385,0.3357323092823503,1697642.8,87004193.5,5.111026855742619,57.543000030517575,84.72849990844726,-12.542659838748968,-20.233463035019454,-46.278826855052465,-55.857019230345884,,1
HK.02028,492,3.700000047683716,3.390000104904175,9.144540801962712,0.6006933979332247,31259550.6,115660338.71057153,19.628475384743943,2.041000008583069,0.726730002053082,118.28908160392541,452.2387993311825,3009.243665910965,4833.333200878573,2417.006837200151,2
HK.02030,492,1.2799999713897705,1.2899999618530273,-0.7751930820906612,1.3285457809694794,27700.0,35455.99920749664,1.2459211523052465,1.2783785772323608,1.3414956474304198,-0.46655701759468077,0.30501364485560495,-2.759980366195806,-12.549244619243222,-15.934428745125334,0
HK.02031,492,0.4950000047683716,0.5049999952316284,-1.9801961500356329,2.315112540192926,86750.0,42941.250413656235,1.4709369258838807,0.4420999997854233,0.37044999957084657,1.020407170268328,35.616436119172704,52.30769936149669,62.295079724630455,39.43662527557705,0
HK.02033,491,0.22100000083446503,0.2199999988079071,0.45454637817115334,0.23715415019762845,48800.0,10784.800040721893,1.343505847664445,0.23125999718904494,0.2908353827148676,-7.142858931711987,-23.79310096770199,-30.937498195562473,-33.03030543857141,-36.66225910742783,1
HK.02038,492,15.949999809265137,15.880000114440918,0.44080412040150174,1.8127718807070812,687661.65,10968203.18633895,4.098482260605333,17.558399810791016,20.75590193748474,-6.615925758129208,-32.357931039559205,-22.74195771646986,-16.6331849310357,4.546201820933611,1
HK.02039,492,7.440000057220459,7.460000038146973,-0.26809625769762824,1.0090998331883574,3125677.75,23255042.638852715,4.690148623021952,7.6812999725341795,8.93777869462967,-7.405100205238788,-16.824346756957826,-33.804850619373155,-18.071095176359577,-5.2950498871636,0
HK.02041,7,8.279999732971191,8.4399995803833,-1.8957328834943263,,,,,,,,,,-13.389127933708068,,0
HK.02048,492,0.05999999865889549,0.06499999761581421,-7.692306369719372,0.12913536625637806,69267710.0,4156062.507104762,29.3511272841048,0.035959999933838846,0.05331500006839633,122.22221149093357,76.47057470050311,-14.285716566504256,-14.285716566504256,-42.307694787545266,0
HK.02050,306,23.780000686645508,23.31999969482422,1.9725600250474467,0.9956218788468971,5663722.1,134683315.42696932,3.1718503125508017,26.018399963378908,30.917818078994753,-11.069555384475908,-17.927151838767227,-21.362510355902447,-39.941697885892026,-17.65638183450725,1
HK.02051,492,0.4099999964237213,0.4000000059604645,2.4999975785613424,1.3150324648639764,2182225.0,894712.2421957552,8.03135139245162,0.3655000001192093,0.5253500017523766,15.492960229513148,-18.000000715255737,-33.870968827347845,-21.153843949532288,-31.66666997803569,3
HK.02057,492,160.1999969482422,161.10000610351562,-0.5586648796866787,0.7915079790022533,1664493.7,266651885.66036835,2.2177769627934385,177.97399932861327,179.40594566345214,-8.97727446122603,-10.452765559658115,-10.621826785647245,-3.7053325670507924,12.089458749136686,0
HK.02068,492,1.7050000429153442,1.6950000524520874,0.5899699205784836,0.5800405268490375,758300.0,1292901.5325427055,2.154512632103361,1.8221999979019166,2.3208499920368193,-5.540161082465291,-21.064815964595727,-37.99999843944203,-34.42307286713941,-28.36134617935247,1
HK.02076,492,59.650001525878906,60.20000076293945,-0.9136199835385044,0.1499411035981334,1911278.6,114007771.4063797,2.955169954448591,62.64500038146973,63.30985025405884,-3.6348949023197177,10.77066521096587,-0.08375081477651401,-24.87405493759703,-35.80058915906268,0
HK.02078,491,0.13300000131130219,0.13600000739097595,-2.205886703409714,0.0,21450.0,2852.850028127432,4.604778137663836,0.1290400007367134,0.1301699999719858,-4.999999467815674,20.909092756342307,-4.316544834485618,2.3076970690102603,-16.874997322447538,0
HK.02080,492,0.33000001311302185,0.3199999928474426,3.1250064028428435,0.12987012987012986,108500.0,35805.00142276287,4.141787011355831,0.30599999725818633,0.31349999859929084,11.864416197229556,10.0,8.196723073504641,-8.333333333333332,11.864416197229556,2
HK.02086,491,0.5350000262260437,0.5350000262260437,0.0,0.0,12000.0,6420.000314712524,1.9113878696163087,0.5086000019311905,0.4806249985098839,7.00000524520874,-9.3220254224934,12.63158588198092,15.053768196000068,-6.140345098349234,0
HK.02088,491,0.03799999877810478,0.03799999877810478,0.0,,0.0,0.0,0.0,0.03799999877810478,0.03799999877810478,0.0,0.0,0.0,0.0,0.0,0
HK.02096,492,11.170000076293945,11.25,-0.7111104329427084,0.43786766619059014,6096459.2,68097449.72912292,3.3461739003062574,12.11140007019043,11.756737360954284,-8.216926817838804,12.83328783109621,-2.082014359740226,-3.326738557155415,-19.891538972923726,0
HK.02097,381,188.1999969482422,187.89999389648438,0.1596610226198765,0.6483467041594548,497415.15,93613529.71200943,4.214278820303359,217.74200073242187,307.29050018310545,-14.687220425583247,-29.141569042399556,-41.91358118881414,-53.73647920461047,-52.95000076293945,1
HK.02098,492,0.07400000095367432,0.0729999989271164,1.3698658099383398,0.0072195057920126015,1514000.0,112036.00144386292,8.017261841082517,0.06808000020682811,0.09181000025942922,7.246380880384382,-10.843368951598244,-20.430108388320086,-26.732674874157112,-38.842974087065265,1
HK.02099,492,256.6000061035156,247.39999389648438,3.71867923767236,0.7164983024211395,2473469.7,634692340.116861,5.159027310700334,210.71800048828126,178.40754875183106,11.468292573960882,59.9750722366703,45.03439540720709,59.01793679314883,113.34247266494295,1
HK.02100,492,0.27000001072883606,0.2750000059604645,-1.8181800448205245,0.26854219948849106,243700.0,65799.00261461735,2.3080331195931185,0.330100000500679,0.40566675409674646,-11.475408394405292,-38.75025656793635,-24.67937155886076,-34.4267471965954,-54.31371611651179,0
HK.02101,491,0.9300000071525574,0.9399999976158142,-1.0638287753851585,0.1,211025.0,196253.25150936842,5.046059992889757,0.9760394382476807,0.9130103087425232,-6.999999284744263,33.460465739300645,2.9229060957444624,-6.577669187896659,-0.2740308270299447,0
HK.02102,492,0.32499998807907104,0.32499998807907104,0.0,0.9045226130653267,104000.0,33799.99876022339,2.0319830172272146,0.29780000269412993,0.2842133964598179,8.333325054910777,16.071423819782805,11.713370510376254,26.194735508890354,70.21614342048414,0
HK.02105,492,6.605000019073486,6.485000133514404,1.8504222527139829,0.18662255138969608,2234557.1,14759249.688120795,7.280519024121119,6.598200035095215,11.719699985980988,5.175156025592791,-25.198187133151293,-51.18255617568275,-51.398087233901016,-61.26099522211943,1
HK.02107,492,0.3799999952316284,0.4000000059604645,-5.000002607703171,1.4530086536526463,663750.0,252224.99683499336,4.178855376325482,0.3854000002145767,0.25159000016748906,-5.000002607703171,58.33333488553766,71.1711668172892,63.793106106033584,38.181813452854726,0
HK.02108,492,0.4000000059604645,0.4000000059604645,0.0,0.6101281269066504,158500.0,63400.00094473362,3.7471918363525107,0.4162000000476837,0.381266106441617,2.5641078544558447,-12.10327928027989,34.68045162765714,46.49452813709553,92.40066173070777,0
HK.02110,491,0.6800000071525574,0.6000000238418579,13.33333002196431,1.79198682766191,36100.0,24548.00025820732,5.923196233003955,0.7587999987602234,0.9702499955892563,-9.333332379659016,-29.89690854681422,-23.5955035862575,-33.98057999603253,-38.18181887145868,1
HK.02111,492,2.630000114440918,2.6089999675750732,0.8049117334931685,0.5739182675967546,1212892.15,3189906.4933044906,2.9669463193445806,2.3566431903839113,2.6300304913520813,19.91172356457307,7.080710033806419,-6.21523780698279,-11.631382970755096,-11.992909023602548,1
HK.02112,492,0.04100000113248825,0.039000000804662704,5.128205862976375,1.5433741351782864,581600.0,23845.600658655167,7.7504057143836125,0.03564000003039837,0.057725000008940694,24.242428347427346,-41.42857006009745,-38.80596998327957,-24.074073946320638,-24.074073946320638,2
HK.02113,491,9.279999732971191,0.45500001311302185,1939.5603220930113,1.1797278464687402,7029800.0,65236542.12284088,21.854594216958063,4.263499976992607,2.2896749852597713,203.26797080073584,341.90476925735334,613.8461594891974,624.999995343387,286.66664017571446,1
HK.02116,492,0.6850000023841858,0.6850000023841858,0.0,0.5579773321708805,116300.0,79665.50027728081,1.9108980522827521,0.6981999981403351,0.6649249993264675,-4.861114560453843,-3.521123508970877,-11.038958525693783,34.31372846928257,50.549446734638224,0
HK.02119,492,0.45500001311302185,0.46000000834465027,-1.086955465418649,0.7887851077371659,76430.8,34776.01500223875,0.7084552902288219,0.4511282294988632,0.4747411395609379,-1.4938260994792367,-1.4938260994792367,-8.292408928332014,-11.627232159136966,-14.728042114796935,0
HK.02120,492,9.305000305175781,9.300000190734863,0.05376467030505374,0.05140507196710076,28505.0,265239.03369903564,1.2925150249471935,8.349868488311767,8.573484182357788,10.641897638384586,23.39153593754772,10.806149088271061,0.44940220405981546,-5.73567091865743,1
HK.02121,492,3.4000000953674316,3.234999895095825,5.10047003468972,0.317070681804323,2265415.1,7702411.55604682,7.404826301250572,3.8221999979019166,4.705699998140335,-7.3569475562291045,-23.423422262388236,-23.25055920730071,-38.95870752992624,-57.81637818414504,2
HK.02122,491,0.09000000357627869,0.09000000357627869,0.0,0.0,1138900.0,102501.0040730238,7.826277716621241,0.12210000053048134,0.18629999954253434,-36.17021141682563,-30.769225478877487,-62.809915676052455,-68.96551511517313,-26.829267406236717,0
HK.02125,491,0.3050000071525574,0.3050000071525574,0.0,0.0,8750.0,2668.750062584877,1.851418815752871,0.29450000047683716,0.37220000073313714,5.1724192858027385,-1.6129016752173695,-18.66666475931803,-35.78947137267303,-48.30508123557807,0
HK.02126,492,2.0350000858306885,1.9950000047683716,2.0050165898100376,1.1577962089342209,1331122.85,2708835.1140011908,6.658519449526387,1.8447000074386597,2.1935750007629395,13.687158055804332,19.005850317752003,7.105269019293396,-18.59999656677246,-61.81988527279917,3
HK.02127,491,0.019999999552965164,0.019999999552965164,0.0,,0.0,0.0,0.0,0.019999999552965164,0.019999999552965164,0.0,0.0,0.0,0.0,0.0,0
HK.02128,492,3.125,3.109999895095825,0.48231850193398873,0.42625347266226865,9408965.6,29403017.5,4.051369621404518,3.8201000022888185,4.548268127441406,-23.873325566869934,-26.297165832726417,-45.43650587159512,-29.443753743886507,-33.45915336682307,1
HK.02129,492,0.2549999952316284,0.2409999966621399,5.809128117588836,5.474592521572387,657250.0,167598.74686598778,4.461319236938906,0.21741999924182892,0.17699500005692242,17.511522477784393,29.441623981520742,63.461532032290044,67.76316015209773,107.31706356756443,1
HK.02130,492,3.1649999618530273,3.109999895095825,1.7684909521679417,0.6688963210702341,15450.0,48899.24941062927,1.8566753662562219,3.1298000240325927,3.236442279815674,1.4423101905300748,-0.46364917302550956,-1.3910026212592383,-4.361154942172058,-6.33761596521213,1
HK.02131,491,0.45500001311302185,0.45500001311302185,0.0,,0.0,0.0,0.0,0.45500001311302185,0.45500001311302185,0.0,0.0,0.0,0.0,0.0,0
HK.02132,492,0.15299999713897705,0.1509999930858612,1.3245060560887627,0.40404040404040403,158400.0,24235.199546813965,3.3898635691196506,0.16501999974250794,0.14820499978959562,-10.5263194585807,0.6578960912586355,-4.3749996507540265,22.39999771118164,61.05263058828844,1
HK.02135,492,0.10999999940395355,0.11299999803304672,-2.654866089657651,1.3565116279069767,45916.5,5050.814972631633,3.2260791792232193,0.1064599996805191,0.13294000025838615,0.0,-6.779662087127342,-21.428572188834753,-23.076927084766137,-3.5087725031225445,0
HK.02136,491,0.5899999737739563,0.5899999737739563,0.0,0.4670002382654277,99225.0,58542.747397720814,1.4662707944438826,0.5987000095844269,0.5977182418107987,-2.479346252335911,-7.812502037268178,-10.606068131899294,46.02006342620088,39.577999836289216,0
HK.02137,492,0.8600000143051147,0.875,-1.7142840794154575,0.5441463294707686,920970.0,792034.2131745815,6.350880556899266,0.9632999992370606,1.283425000309944,-9.947640907411142,-14.851482928167314,-34.84848635365259,-39.4366168805564,-58.653843949532295,0
HK.02138,492,0.5199999809265137,0.5099999904632568,1.960782480441495,0.7281581106888777,999416.3,519696.4569376469,5.824747006737554,0.4097999978065491,0.48599999740719796,25.301202742761642,36.842101960961465,-1.8867907552966041,-8.77193202602569,-35.80247167951539,1
HK.02139,492,0.25,0.25,0.0,0.06092436974789916,948250.0,237062.5,3.4801397268630936,0.24237652897834777,0.20471538811922074,5.0420143865073115,2.330684452145391,60.02328830127218,55.54263581343245,38.877352025342454,0
HK.02142,492,12.4399995803833,12.729999542236328,-2.2780830501277607,0.5068666318267254,11080992.15,137847537.69623065,7.068428090161903,13.663399982452393,12.72474997997284,-14.14768960052695,17.580337146408116,8.079924700330016,2.9801296270770243,-27.378866375691135,0
HK.02145,492,21.739999771118164,22.280000686645508,-2.4237024186943446,0.7811411390183888,1590713.15,34582103.51691465,4.817398461397736,25.82679988861084,49.03628079414368,-7.410561350259888,-38.02736990773827,-63.15424371945555,-68.09179010382607,-76.0949371107989,0
HK.02146,491,2.069999933242798,2.075000047683716,-0.24096936510914801,0.0,21800.0,45125.99854469299,3.07696168403233,1.9253000020980835,1.4610249996185303,6.153840134600123,53.33332568039142,62.99212317567545,46.80850937910812,52.20587584335094,0
HK.02147,492,0.6850000023841858,0.7400000095367432,-7.432433303208824,0.2504438690686283,877140.35,600841.1418412655,11.323775384462612,0.569077940583229,0.6367944841086864,23.423422262388236,37.00000047683716,8.730159931562515,-27.127659136000236,-18.452378122511817,0
HK.02149,492,32.97999954223633,32.97999954223633,0.0,0.11907951534637254,58247.0,1920986.0333366394,4.967772217859041,31.623999938964843,37.44190008163452,-5.393003543313117,-5.771429879324777,-17.960201700690696,-23.444758262609135,-38.584731706377994,0
HK.02150,492,0.6949999928474426,0.6949999928474426,0.0,0.8527032152636425,2634725.25,1831134.0299049765,4.289633175663372,0.7097000074386597,0.8601749995350838,-5.442179684239737,-7.333334287007649,-26.063830360615075,-36.81818383784329,-48.897059886977324,0
HK.02152,491,4.800000190734863,4.789999961853027,0.20877304721245377,10.0,50.0,240.00000953674316,0.0,4.494200048446655,4.534592394828796,0.20877304721245377,13.174414651345186,12.689728084771781,-7.673497008016807,-11.254454653756051,1
HK.02153,492,0.8849999904632568,0.9049999713897705,-2.209942713677719,1.1491108071135432,72900.0,64516.49930477142,5.78914777701305,0.8314999926090241,0.9011249932646751,15.68627542644592,0.5681812794001605,-4.838711434753648,-11.500000953674316,-14.903843949532286,0
HK.02155,492,7.010000228881836,7.190000057220459,-2.5034746440350952,0.41832955788453924,3668897.9,25718975.118744086,5.4540239307437695,7.421800012588501,8.332036526203156,-9.548384143460181,-18.63316448967605,-23.085637009043655,-21.74215869103341,-37.82811437839643,0
HK.02156,492,2.5899999141693115,2.5899999141693115,0.0,0.11116285228691931,1270305.15,3290090.229468834,3.0029092432301905,2.607699966430664,2.5648616313934327,0.19341879878357643,-4.428048792933379,10.126958908564566,1.316799319981358,-10.122189013959494,0
HK.02157,492,3.9149999618530273,3.984999895095825,-1.7565855730371256,0.34059504043200717,12460621.75,48783333.675915,6.568815269738301,4.338699975013733,4.790774998664856,-4.161568536265188,0.1278740642604521,-12.022468996475261,-21.385543235772897,-53.39285548041459,0
HK.02158,492,3.430000066757202,3.450000047683716,-0.5797095840604812,0.31319275789320666,6477811.65,22218894.391940583,5.1109936106968386,4.289522919654846,5.190564814805985,-17.183530495351583,-34.35853940268102,-40.34648430013618,-35.21739749111261,-41.3558462132855,0
HK.02159,492,1.7000000476837158,1.7100000381469727,-0.5847947508874469,0.18217010133211886,166460.0,282982.00793743134,2.864027059496503,1.6910999989509583,1.5305250024795531,-5.0279282730342985,7.594936804365715,14.093962201534744,30.76923923379602,13.33333651224772,0
HK.02160,491,1.2799999713897705,1.2799999713897705,0.0,0.0,468820.45,600090.1625869394,3.3342646521846064,1.2122999906539917,2.973674998879433,-1.5384601277006635,-13.513516561230885,-63.532764248787544,-77.73913093235181,-80.60606075931406,0
HK.02161,492,1.6649999618530273,1.649999976158142,0.9090900552502553,0.5522274990627688,251840.4,419314.2563930511,2.271108270040533,1.8256061363220215,2.3172103577852248,-5.07562533590796,-24.679569384048865,-36.07491250654147,-34.62755530925818,-39.302945445262964,1
HK.02162,492,73.25,74.5999984741211,-1.8096494661315725,0.8058390143774685,1874526.05,137309033.1625,4.7956467608204,79.26900039672852,65.63625001907349,-4.93186619240649,25.85910487933202,43.34638392816485,37.04396436751642,-6.628422116667402,0
HK.02163,491,0.6000000238418579,0.6000000238418579,0.0,,0.0,0.0,0.0,0.6000000238418579,0.6000000238418579,0.0,0.0,0.0,0.0,0.0,0
HK.02165,491,1.4900000095367432,1.5,-0.6666660308837891,1.1327433628318584,29750.0,44327.50028371811,1.1210144007678853,1.5770000076293946,1.7627500027418137,-8.588956202726294,-10.24096147608105,-20.74468014276961,-21.57894588243266,-33.18385664607286,0
HK.02166,492,4.0,3.9000000953674316,2.5641000560833844,0.2917396930822367,749397.85,2997591.4,6.338432943716418,4.464368968009949,3.4113049972057343,-5.854636087428083,10.306565066096958,39.67403262804003,96.33428240082479,147.25184738315724,1
HK.02167,492,4.679999828338623,4.599999904632568,1.7391288122742863,0.25704129067541703,145500.0,680939.9750232697,5.487148975467258,3.859899973869324,3.7750663602352144,11.42857240170853,41.8181786655394,36.11472963296885,8.037250158924104,19.564793925636856,1
HK.02168,492,1.0299999713897705,1.0449999570846558,-1.4354053886023366,1.816898738176992,7969.2,8208.275771999359,3.128586892536242,0.9666999900341033,1.1002750009298325,2.487559828533153,9.5744653193861,-6.363640994079741,-18.253969905898458,-41.47727403574247,0
HK.02169,492,0.5400000214576721,0.5350000262260437,0.93457850215429,0.506056527590848,346400.0,187056.00743293762,4.098880603578982,0.5024000060558319,0.5933000013232231,13.684216470269359,-3.571425150243618,3.846161781683767,-31.64556876070856,-58.46153528732649,2
HK.02170,492,1.350000023841858,1.2949999570846558,4.247109542846628,0.0711490572749911,70475.0,95141.25168025494,2.937936216682708,1.3794999885559083,1.7394249957799912,-3.91458709379964,-4.255315191482674,-27.02702667871647,-31.472081003255685,-60.41055748205376,1
HK.02171,492,12.529999732971191,12.479999542236328,0.4006425686607325,0.5440852397539426,2597433.55,32545841.68791041,5.092986449334896,14.113399982452393,16.185749959945678,-15.90603990762288,-20.896467094262757,-9.985634595577006,-18.211488364426103,-45.379252653596645,1
HK.02172,491,8.055000305175781,8.055000305175781,0.0,0.0,575484.85,4635530.642374039,1.344239812948601,8.682000064849854,10.217566394805909,-8.517887268659523,-13.245163239231525,-26.910414574511304,-28.139357720219703,-37.82670995539071,0
HK.02175,492,2.309999942779541,2.3450000286102295,-1.4925409553803448,1.5037593984962405,64350.0,148648.49631786346,2.6505049815258004,2.490999994277954,2.926599999666214,-7.2289183159758545,-19.791671840680763,-16.606499686440834,-31.249999556513046,13.235293430165559,0
HK.02176,492,0.48500001430511475,0.48500001430511475,0.0,0.8928571428571429,45000.0,21825.000643730164,1.8277311270991499,0.5960000091791153,0.9594586135447025,-2.020200074126503,-30.714282490769158,-54.464717913993354,-65.56394142897021,-71.88893168163469,0
HK.02177,492,2.2300000190734863,2.234999895095825,-0.2237081099336919,0.6615776081424937,3060.0,6823.800058364868,1.210724546427264,2.1955000162124634,2.325353614091873,3.2407375213541907,3.1424870320622538,-0.570640220483135,-13.68979459785275,9.503700505389194,0
HK.02178,492,0.2370000034570694,0.23999999463558197,-1.2499963523198345,0.2543878349723692,4407774.85,1044642.6546879834,5.734872842893318,0.24155999839305878,0.17693999916315079,-24.76190309495701,62.328771876895175,-10.566031603508982,373.9999998509884,243.4782744843631,0
HK.02179,491,4.900000095367432,4.900000095367432,0.0,0.0,525.0,2572.5000500679016,0.0,5.005600032806396,4.912800016403199,-4.015669401373683,1.8711050656662274,13.953485535311785,38.02817355448996,-33.33333117080651,0
HK.02180,492,4.78000020980835,4.894999980926514,-2.3493313905263222,3.0171428571428573,36437.5,174171.25764489174,2.2593210330848,5.074700002670288,5.130542936325074,-4.016060411629196,-3.2568299788020583,-21.43468797357599,-5.11726992110196,-13.272430851189924,0
HK.02181,491,0.41999998688697815,0.4350000023841858,-3.4482794057458057,0.5737704918032787,23900.0,10037.999686598778,1.8593198028876545,0.4210000002384186,0.4691499970853329,0.0,9.09090838719426,2.439022085483674,-16.00000262260437,-47.50000242143866,0
HK.02182,491,0.4000000059604645,0.4000000059604645,0.0,0.0,21400.0,8560.00012755394,0.6155300718459475,0.33849999904632566,0.35137500032782554,14.285717934978315,25.00000465661298,25.00000465661298,5.263160784158717,6.66666825612386,0
HK.02185,492,1.6349999904632568,1.6050000190734863,1.8691570737231833,0.4482758620689655,91980.0,150387.29912281036,6.453319469297543,2.204100003242493,4.042525001168251,-28.289473202640213,-39.44444586710672,-65.65126235619253,-72.52100768276848,-79.38209299046356,1
HK.02186,492,1.7649999856948853,1.7949999570846558,-1.6713076382739795,0.921919007458875,37931958.45,66949906.121628985,4.293074049113176,2.0312999987602236,2.433924998641014,-11.306533807215217,-5.10752838062321,-28.252034214422423,-36.281588525335465,-53.430079064382575,0
HK.02187,492,0.46000000834465027,0.41999998688697815,9.523814930126678,0.4614727246830936,674900.0,310454.00563180447,5.901888839195204,0.4942000013589859,0.6556749975681305,-4.166662786155852,-25.806450837608686,-34.28571197451373,-11.538456688971031,9.523814930126678,1
HK.02188,492,0.0729999989271164,0.0729999989271164,0.0,0.013175230566534914,98300.0,7175.8998945355415,7.21915764850901,0.0950399999320507,0.13935999985784292,-8.749999301508053,-42.96875354702917,-53.205129858363506,-61.17021200707076,-73.92857192274259,0
HK.02189,492,0.4650000035762787,0.46000000834465027,1.086955465418649,0.5969775029028032,34102.1,15857.476621958613,0.5159458542745986,0.4586960059404373,0.4359895007312298,0.955272448601672,11.16423630142281,11.16423630142281,9.929084559972562,17.656651968267383,1
HK.02190,492,20.68000030517578,20.440000534057617,1.1741671470031065,0.7903119424707137,1037730.8,21460273.26069031,3.8508511632392906,20.071200103759764,21.69908166885376,6.051283616286058,8.102463211749907,0.8224792139134083,-8.198475229205858,-17.595484998116266,1
HK.02192,492,6.869999885559082,6.804999828338623,0.9551808796493113,0.8343787342173262,1525401.65,10479509.160931634,3.014790250967851,7.389686660766602,8.400854818820953,-7.731144069248422,-0.11863804111144703,-19.481619649939184,-27.099336217630594,-48.40794958447932,1
HK.02193,492,0.4099999964237213,0.4000000059604645,2.4999975785613424,4.661654135338346,32800.0,13447.999882698059,0.756040165839533,0.3828999996185303,0.3101149996370077,5.1282080672902834,41.379313179769156,57.692312100935425,69.42148704353264,100.98039416201712,1
HK.02195,491,0.25999999046325684,0.25999999046325684,0.0,0.0,14375.0,3737.499862909317,0.5494505631712708,0.27149999380111695,0.3655249987542629,-7.1428609441737585,-30.666669209798176,-33.33333333333333,-45.26315921561541,-49.01960875977925,0
HK.02196,492,17.139999389648438,16.93000030517578,1.2403962237877577,0.47824936435223525,5878456.1,100756733.96607512,3.6226166105464355,16.61281951904297,18.257424721717836,2.389484014333144,7.683928721003679,-9.988124352929487,-11.74775814182609,-27.126143928180174,1
HK.02197,492,1.9600000381469727,1.9450000524520874,0.7712074699419454,0.27274056769880767,3687716.35,7227924.186675215,7.764755294625577,1.9952999973297119,2.2739749997854233,-8.83721157175057,28.104580052156013,3.1578980390385336,-17.299572456113875,14.619882714792826,1
HK.02198,492,4.070000171661377,3.924999952316284,3.694273149214254,0.5359821597489017,3157105.0,12849417.891952991,5.465551675672707,3.3548265218734743,3.7824181008338926,18.512024055052482,14.60502970457622,-15.647044615683225,35.01861498736051,132.20235213656056,1
HK.02199,492,2.4049999713897705,2.5,-3.8000011444091797,0.806149079642792,277608.35,667648.0738075613,6.473617986641569,2.242455446720123,2.084781594276428,-5.66522919616586,34.763945688290285,9.359694083868044,3.9368929102770194,17.448916136151915,0
HK.02202,492,2.2100000381469727,2.180000066757202,1.3761454344538677,0.343158700844121,23698296.3,52373235.72701826,4.418421414052161,2.4077000188827515,3.004475004673004,-6.553909968910822,-15.969583955064898,-35.75581391319319,-34.42136162623833,-57.66283281659226,1
HK.02203,492,0.10899999737739563,0.11500000208616257,-5.217395304281382,0.9614035087719298,298700.0,32558.299216628075,3.6294476203198753,0.13945999935269357,0.18322999965399503,-22.14285934762078,-44.670051222175104,-46.039607137537935,-46.82926910821347,-42.63157960780771,0
HK.02205,491,0.6050000190734863,0.5450000166893005,11.009174412262675,0.0,1100.0,665.500020980835,0.0,0.6896000003814697,0.9902999994158744,5.217396802848253,-36.315786666817246,-46.9298222223477,-53.46153528732649,-0.8196713302251629,1
HK.02208,492,8.800000190734863,9.175000190734863,-4.087193375523676,1.0448898646814282,17501848.65,154016271.4582127,3.210279714271449,9.848500022888183,12.829352951049804,-12.175650811308406,-19.904120722234193,-38.02236025078343,-44.59458712966513,-14.084532351995852,0
HK.02209,492,3.619999885559082,3.700000047683716,-2.1621665160441204,0.6802846843516036,526350.0,1905386.9397640228,4.794788013524269,3.331399998664856,3.2872574067115785,2.404520443128065,23.86429974818234,20.67808529532645,-8.905624737404521,-45.449299980742644,0
HK.02210,492,1.9550000429153442,2.009999990463257,-2.736315811386468,4.275668073136427,17260.0,33743.30074071884,1.556786094408424,1.9032999849319459,2.270342199206352,4.545456573809005,-13.495572957298704,-23.228338236814157,-25.18965647799855,-30.74988556651752,0
HK.02211,492,0.7099999785423279,0.699999988079071,1.4285700905079517,0.01167388988603365,5747537.5,4080751.501671225,7.967378664473547,0.631999996304512,0.9549749986827374,-0.6993000580457562,39.21568467038631,39.21568467038631,-57.48503013246865,-52.66666809717814,1
HK.02212,491,0.1599999964237213,0.1599999964237213,0.0,0.0,24000.0,3839.9999141693115,0.0,0.15424000412225725,0.16732000075280667,1.9108223428572948,6.666660043928621,-5.882356034843122,-15.789474509759632,39.13042914889946,0
HK.02215,492,0.19300000369548798,0.19499999284744263,-1.0256355001609325,0.20402215097639173,595400.0,114912.20220029354,10.51608741233833,0.20351999938488008,0.2469499972462654,-34.57626702558767,-3.4999995902180734,-22.79999852180481,-33.4482726727597,-64.25925999511904,0
HK.02216,492,0.6499999761581421,0.6349999904632568,2.3622025071121953,0.4535277570469028,435800.0,283269.9896097183,5.838759129373485,0.644300001859665,1.3188250061869622,7.438009200986462,-14.473686274399084,-52.55474643096525,-72.45762690460842,-81.42857210976737,2
HK.02218,492,24.260000228881836,25.399999618530273,-4.488186640824845,1.178912763605118,1768965.25,42915097.369884014,8.056824418029938,20.008999996185302,16.949548506736754,27.148848668179816,6.403513336299205,55.54425454065186,82.3859525602801,48.8058598442053,0
HK.02219,492,2.450000047683716,2.4700000286102295,-0.8097158176053489,0.6725353418088106,330276.9,809178.4207488298,2.837839016185898,2.5536999893188477,2.5162511336803437,-3.732810442527353,-4.2968709982232225,5.471651538626155,-1.5338460590570115,-2.2552067708043024,0
HK.02221,492,0.6600000262260437,0.6600000262260437,0.0,0.8279430789133247,96700.0,63822.002536058426,6.029368885421917,0.6151000022888183,0.8393249997496605,10.0,-8.333333333333332,-31.2499957314381,-34.65346213287375,-15.384608918628043,0
HK.02222,491,0.6050000190734863,0.6200000047683716,-2.419352512826054,5.8690744920993225,11460.0,6933.300218582153,0.20661136669406838,0.6301000118255615,0.6550250044465065,0.0,-9.701491939806427,-13.57142437477494,-6.923070574652987,-24.374998742714542,0
HK.02223,492,0.5099999904632568,0.5199999809265137,-1.9230751596258298,0.5853658536585366,20600.0,10505.99980354309,1.7705248936893747,0.5367999964952469,0.771699998229742,1.9999980926513672,-49.000000953674316,-37.03703839974039,-34.61538343975055,78.9473673203205,0
HK.02225,492,6.190000057220459,6.295000076293945,-1.667990751404454,0.4294851410403562,10797484.95,66836432.45833704,11.380906415136163,4.656199984550476,3.037249995470047,27.36625282239023,77.87356388775198,211.05527776662893,399.1935491623913,1005.3571483690521,0
HK.02226,492,0.6700000166893005,0.6700000166893005,0.0,0.02111684655091506,213175.0,142827.25355774164,6.091849909790985,0.53469999730587,0.5205999985337257,41.052636862461654,8.064517989739157,71.79488237557837,34.00000333786011,21.818182212262105,0
HK.02227,491,0.3700000047683716,0.36500000953674316,1.3698616715036243,0.06097560975609756,263200.0,97384.0012550354,4.580768313002034,0.32500000178813937,0.256940000616014,17.46031986312503,13.846159489197346,100.0,153.42466452484584,150.0,1
HK.02228,492,6.875,6.925000190734863,-0.7220243950571992,0.41494599059861187,53107581.55,365114623.15625,3.9809976173931267,7.382199993133545,9.061200006008148,-4.910097069667492,-1.0791339758765675,-29.414782735557072,-31.18117960446667,-35.62734266338727,0
HK.02230,492,0.20000000298023224,0.20000000298023224,0.0,0.14047410008779632,286500.0,57300.00085383654,1.6709525656322728,0.19964000046253205,0.22136400006711482,0.0,-7.407408429434898,-11.111107431811954,-13.79309968311909,-24.160456405594612,0
HK.02231,492,0.017000000923871994,0.017000000923871994,0.0,0.23674246787856446,61880700.0,1051971.9571698457,26.90338738970216,0.013760000001639128,0.04587000025901943,21.428574279558816,-14.999993480741832,-65.30611965617547,-78.48101247915605,-90.65933996205771,0
HK.02232,492,6.565000057220459,6.554999828338623,0.1525587970056517,0.5060469116098021,3409998.85,22386642.6453717,3.5907405535402876,6.457952795028686,6.293886721134186,-2.7095646741910957,7.979118509797825,-0.4687534790890303,6.01586256550046,6.825144335885779,1
HK.02233,492,1.809999942779541,1.8200000524520874,-0.549456559579393,0.9545507861788579,13644971.55,24697397.724728465,3.9614047770526866,1.797699999809265,2.342537554502487,5.232553062341052,3.428568158830915,-12.402428047229389,-40.47856964601414,-35.067530985736,0
HK.02235,492,6.704999923706055,6.769999980926514,-0.9601190163011397,0.1890498404124724,164460.0,1102704.2874526978,4.107092082559449,7.039600009918213,7.342299995422363,-4.893620676524367,-8.150688376474031,-10.120644913943677,-13.372091447266122,-21.5789500101781,0
HK.02236,492,0.49000000953674316,0.5049999952316284,-2.9702942250534496,0.555218765877804,546478.65,267774.54371162655,7.89873463624631,0.458500000834465,0.47189999997615817,15.294116657085514,-5.769225478877488,13.953488694454535,34.24657444766908,7.692306684621419,0
HK.02237,492,0.1850000023841858,0.1899999976158142,-2.6315764707211,0.4827586206896552,292500.0,54112.500697374344,3.1195804767794257,0.20216000109910964,0.2862250014394522,-8.415843592696396,-25.702809682786594,-47.14285556150939,-49.315069164248186,-46.37681071784811,0
HK.02238,492,2.2750000953674316,2.384999990463257,-4.612154949084887,1.5780702245485991,21474514.05,48854521.51171925,3.69304241414996,2.198200011253357,3.007150009870529,7.311331046014338,-7.520322760600226,-34.626434399470874,-42.55050319565182,-33.479530859171305,0
HK.02239,491,1.3450000286102295,1.2300000190734863,9.349594126296717,0.0,11450.0,15400.250327587128,1.6304753187092087,1.3193999862670898,1.0220356640219688,-1.1029401130226768,13.983058338705328,57.24533104062364,62.928899137880364,35.23098394105712,1
HK.02245,492,17.139999389648438,16.719999313354492,2.511962281951085,0.40069302228894443,3155627.95,54087461.136957556,5.984879606274837,15.46519998550415,17.4035431098938,4.960192711124982,14.114506439904678,-25.555494620472274,-26.575284531827453,23.80444336677477,1
HK.02246,492,1.159999966621399,1.1799999475479126,-1.694913713180618,1.145902821751836,78058.25,90547.56739452481,3.83979045431812,1.2027999925613404,1.788499999642372,-4.918037752603991,-24.183007299816044,-45.02369553109775,-46.04651557361179,-69.23076996047311,0
HK.02249,49,27.239999771118164,26.65999984741211,2.175543612249328,0.48695301940938146,1179686.65,32134664.07599115,4.921997602070541,,,-12.185688687504358,,,-15.66563339152223,,2
HK.02250,492,0.3499999940395355,0.3499999940395355,0.0,0.04040404040404041,49600.0,17359.999704360962,3.471296514643817,0.3077999997138977,0.6055250017344952,14.754093715305943,-5.405408235428679,-48.52941318263643,-63.15789490195193,-76.97368431371996,0
HK.02251,492,9.0,8.885000228881836,1.2943136539754103,7.2097250624857985,59430.0,534870.0,5.895767285436904,9.453100061416626,11.069674994945526,-10.891092474490158,-24.874788448281077,-24.68619126652979,-27.65273067860753,-38.73383078908729,2
HK.02252,491,21.18000030517578,21.18000030517578,0.0,0.0,2024537.95,42879714.39883995,2.6551512980950958,22.501199951171873,25.07129997253418,-14.665589985512756,-13.409643916867669,-16.941175273820466,-13.338789515732467,-20.674158427087495,0
HK.02255,492,0.19900000095367432,0.1889999955892563,5.291008252799388,0.034159781407783904,105027231.45,20900419.158711772,10.398768443689097,0.2961200013756752,0.42620499946177004,-39.69697180420453,-48.97435685821766,-60.98039124022074,-56.739131012237806,-72.7397266090151,1
HK.02256,492,8.234999656677246,8.510000228881836,-3.2314989989221576,0.7851447276487463,1184731.5,9756263.495754719,6.419618560936846,9.984199962615968,11.746749968528748,-19.264707738552985,-9.206174931003186,-30.623422611015688,-36.75115693435469,-54.77759433991908,0
HK.02257,492,3.880000114440918,3.924999952316284,-1.146492698651122,0.3869370066553165,45727.5,177422.70523309708,5.762734842435964,4.070300006866455,6.175925018787384,-2.999997138977051,-17.270787481814864,-40.03090818761855,-51.499998569488525,-74.08149602384071,0
HK.02258,492,0.3100000023841858,0.29499998688697815,5.084751242024469,1.745704467353952,158200.0,49042.00037717819,5.07893533782039,0.3326000028848648,0.25805613107979297,-6.060609070941536,-14.313917344631754,39.70556179118076,39.70556179118076,72.7541972952563,1
HK.02259,236,161.60000610351562,155.8000030517578,3.722723323587492,0.7259527730462905,8044792.1,1300038452.4615142,5.350260780134073,133.4767559814453,153.19704990386964,22.387830991228114,34.27405053088088,-21.313823470323,11.845264189183409,,1
HK.02260,492,1.2000000476837158,1.2350000143051147,-2.834005361618721,4.0,600.0,720.0000286102295,0.0,1.243700008392334,1.2357513171434402,-5.138335078752108,-14.822015071084394,1.5037612938895348,5.003898660894736,-24.34502079015751,0
HK.02261,29,16.68000030517578,16.479999542236328,1.2135968962066677,0.8615426185595403,346812.5,5784832.605838776,6.0825042955824475,,,14.246574447669083,,,-2.456140742248608,,1
HK.02262,491,0.38499999046325684,0.38499999046325684,0.0,0.0,12150.0,4677.749884128571,0.8011363350424499,0.4588000029325485,0.6958500020205974,-15.384619919203612,-45.00000042574747,-51.87500190921125,-51.87500190921125,-68.69918825259343,0
HK.02263,492,0.32499998807907104,0.3149999976158142,3.174600171093715,3.1865828092243187,249500.0,81087.49702572823,2.9319054863479668,0.31090000092983244,0.3100249986350536,6.557370641801303,1.5624985448084445,16.071423819782805,12.068964631322139,27.450978100551872,1
HK.02265,492,1.1799999475479126,1.1649999618530273,1.2875524623216772,0.9992862241256245,709750.0,837504.962772131,5.347537335659165,1.221699993610382,1.2781249916553497,2.6086932184114295,-7.812502037268178,-32.571431568690706,8.256872606723206,6.306300210871566,4
HK.02266,492,0.32499998807907104,0.35499998927116394,-8.45070481655075,6.153846153846154,64600.0,20994.99922990799,2.989744994665048,0.38150000274181367,0.3671735440194607,-17.721524240114363,-16.67316153862141,-15.631575816106189,-0.7430263065080221,27.348579863276367,0
HK.02268,492,74.8499984741211,75.1500015258789,-0.39920564958937815,0.21721026442239075,11852797.85,887181900.9865657,5.043683802270481,64.4000001525879,61.39885015487671,9.992645286424612,54.96894338807516,30.060815753964153,22.004890522849195,14.44953628097823,0
HK.02269,492,49.939998626708984,49.220001220703125,1.4628146853905624,0.7580518438436362,39457081.4,1970486590.9299445,4.624779888835992,44.4484001159668,37.179900045394895,4.258866463141823,61.513578601176924,40.99379223145801,53.472640508988924,35.192204881676744,3
HK.02270,491,6.28000020980835,6.300000190734863,-0.31746000509534544,0.0,1300.0,8164.0002727508545,0.0,7.0329999923706055,4.823950020074844,-13.854592007267286,57.00000524520874,55.44555121549806,58.18640212974451,160.58091228838003,0
HK.02271,492,2.9800000190734863,2.9600000381469727,0.6756750225933819,0.4010312231452306,695300.0,2071994.013261795,5.16055908166068,3.0041000032424927,2.6377309703826906,0.6756750225933819,-9.14634008942296,14.335014158522025,56.83649932476625,-31.294104376895604,1
HK.02272,58,76.1500015258789,73.0999984741211,4.172370882931792,1.0140760266398268,102623.45,7814775.874090957,11.83805870378212,106.12900024414063,,-27.47618902297247,,,-36.64725169779422,,1
HK.02273,492,27.079999923706055,27.079999923706055,0.0,0.33827029861292984,724778.3,19626996.308703806,3.446888914974873,28.112000007629394,27.85432710647583,0.0,0.46001806023559816,6.705047072753119,-4.112641443069148,-14.2261402068485,0
HK.02276,492,40.599998474121094,40.779998779296875,-0.44139360118657855,0.7313426589836374,1690127.85,68619188.13106957,4.495938766527355,36.89039974212646,46.89789081573486,5.619146525960832,5.674129123040574,-30.062698194806643,-24.503905982055375,-11.062935799549777,0
HK.02279,492,1.8899999856948853,1.899999976158142,-0.5263152941442201,0.5673344832161338,187295.0,353987.54732072353,4.292939453268201,2.239399995803833,1.9637969237565995,-24.550902221547098,-8.252425330423856,4.49058983107415,15.554296923485186,-31.790869092162204,0
HK.02280,491,0.20600000023841858,0.20600000023841858,0.0,,0.0,0.0,0.0,0.20600000023841858,0.2051500003784895,0.0,0.0,-1.4354095641068254,7.85340346813215,37.3333280351429,0
HK.02281,491,0.6000000238418579,0.6000000238418579,0.0,0.0,49350.0,29610.001176595688,1.7435348044697818,0.6200800025463105,0.6659028092026711,-3.9999961853027344,-8.066695763617322,-18.5401112061778,-13.036067423952034,-11.844779737399586,0
HK.02282,492,9.71500015258789,10.010000228881836,-2.9470536418449034,1.9387557518701581,4264862.85,41433143.23851642,2.3231265650280277,10.224160499572754,11.380029435157775,-4.379918321923658,-5.559291166897958,-14.183234920255966,-20.850535488963892,-35.000437715396174,0
HK.02283,492,1.5049999952316284,1.5399999618530273,-2.2727251615827773,0.521739399570803,573100.0,862515.4972672462,2.9758188561357946,1.6990774083137512,2.087226376533508,-5.593434521882646,-25.358354958473345,-31.106117224956364,-36.23938771331768,-35.735355306376114,0
HK.02285,492,27.020000457763672,26.34000015258789,2.5816260487339884,3.282515465026799,2252107.65,60851949.73393306,4.557288258258444,20.03983627319336,19.33827688217163,43.024600361865936,57.911016123992745,24.179042776636223,44.388310328220996,32.58212340110751,4
HK.02286,492,0.2750000059604645,0.2849999964237213,-3.508768627628134,0.12161878800587125,231950.0,63786.251382529736,14.638614852169528,0.2544800019264221,0.2035800003260374,-8.333334989017844,69.75308959939423,50.27322867126751,15.546218329554826,10.887100989857716,0
HK.02288,492,0.1459999978542328,0.1459999978542328,0.0,0.9608770186606684,47991.5,7006.758897021413,6.058191410736166,0.13053999945521355,0.14759999986737968,25.862070737355726,-3.947366744155975,-8.176098742782425,-9.87654479969712,-2.0134268459512996,0
HK.02289,491,5.494999885559082,5.494999885559082,0.0,0.0,25.0,137.37499713897705,0.0,6.047500038146973,5.913740801811218,-0.09091117165305397,-3.5964900099265793,0.6843637786344545,-20.113636434534513,-1.0221460248116077,0
HK.02290,72,4.059999942779541,3.8499999046325684,5.454546580489185,1.4054930486558441,1853414.25,7524861.748946786,5.0780218273946565,3.744199986457825,,8.84718289594071,65.71428015350264,,44.48398667095877,,3
HK.02291,492,10.739999771118164,11.079999923706055,-3.0685934560382817,0.1337222378049416,1518800.0,16311911.652374268,10.796974619272277,11.99980001449585,13.149908957481385,-5.872042815547516,14.255321350719424,-25.584928830057763,-31.239571871817983,-47.34128749097082,0
HK.02293,492,0.36000001430511475,0.3799999952316284,-5.2631529414422,1.6666666666666667,10400.0,3744.0001487731934,0.2001687918422681,0.37420000553131105,0.4296764722466469,-2.7027000903735274,-9.999997764825855,-23.404252081232507,-27.99999713897705,-33.7662286391685,0
HK.02295,492,6.300000190734863,6.199999809265137,1.6129094281630187,2.136222910216718,178000.0,1121400.0339508057,7.471166363904139,6.430100011825561,4.057924995422363,5.000003178914389,231.5789615678657,65.78948078393285,59.49367378942666,38.461536849240446,5
HK.02297,492,0.16699999570846558,0.1589999943971634,5.031447542896837,0.4418604651162791,169600.0,28323.19927215576,3.194673268669653,0.2034599995613098,0.24792999893426895,-10.6951925349488,-33.20000171661377,-42.41379292626443,-34.50980437988962,-49.39394270530842,2
HK.02298,492,0.2849999964237213,0.2849999964237213,0.0,0.04601840736294518,500950.0,142770.7482084632,2.9438948248687167,0.2992999976873398,0.3316633342206478,-3.389827426361236,-20.83333747254461,-12.277701834854811,-8.228979085966479,-12.277701834854811,0
HK.02299,491,5.75,5.75,0.0,0.0,700.0,4025.0,0.05267164563222722,5.606900005340576,4.987699503898621,7.476637429863714,11.003864682447153,26.1950549335548,20.49425468597273,33.3652296195284,0
HK.02302,492,3.4600000381469727,3.549999952316284,-2.5352088838927695,1.028276470474989,441065.5,1526086.6468253136,3.910114954315373,4.0295000076293945,5.285875000953674,-16.626507020823766,-20.27649961984873,-51.87760764101365,-31.620551832529507,-8.465606763619773,0
HK.02306,492,1.9600000381469727,1.9199999570846558,2.083337601895229,3.8461538461538463,72900.0,142884.0027809143,1.789503270411957,1.960800004005432,2.1028999996185305,-0.7594929374080014,1.5544088815740913,-0.5076137217272785,-23.137251968706394,-21.599998474121094,1
HK.02307,491,0.1550000011920929,0.1550000011920929,0.0,0.0,103300.0,16011.500123143196,2.5447960724313274,0.1491600015759468,0.21499999977648257,3.3333300219643105,2.6490121121775254,-44.64285695279131,-41.509430355005286,-18.421050980480732,0
HK.02309,492,2.059999942779541,2.005000114440918,2.743133426401794,0.9302076172004433,3934006.0,8104052.134894371,7.683706163899632,1.8751999974250793,2.166750000715256,14.127423969072419,-22.556395627475105,-23.9852430338667,-1.9047601747403906,13.812155132783346,1
HK.02310,492,0.18199999630451202,0.18199999630451202,0.0,0.04419889502762431,84500.0,15378.999687731266,2.0425216555824375,0.18206000000238418,0.1059200001321733,-3.7037034116958347,17.419351551460824,111.62789549261547,435.29407768719966,378.94737409670284,0
HK.02313,492,34.47999954223633,35.31999969482422,-2.378256398204284,0.9068136468070288,9191448.95,316921155.5884886,3.4006901702591303,39.90999328613281,49.02859172821045,-14.138762023575085,-20.621772005339114,-37.26573706915818,-41.56607049186199,-37.3135743369958,0
HK.02314,492,3.5250000953674316,3.5299999713897705,-0.1416395485230104,0.9885019850467192,4239548.35,14944408.338064836,3.2417280924384833,3.7964584159851076,3.3086933863162993,-12.094765731463403,13.091653753675978,1.4069960565262107,28.332291161421608,28.332291161421608,0
HK.02315,492,58.599998474121094,57.0,2.8070148668791117,0.550174062840951,1709001.35,100147476.50227089,7.554770331360315,58.134199905395505,48.875249977111814,-3.0603842274102244,42.57907700658188,8.619087387253424,68.68162246072559,134.21261951231338,1
HK.02317,492,0.7699999809265137,0.7699999809265137,0.0,0.9009009009009009,23200.0,17863.999557495117,1.0309883243626154,0.7135999965667724,0.6747556328773499,11.594200519873441,2.6666641235351562,21.297550660925314,26.811062701626202,23.688321029087273,0
HK.02318,492,52.79999923706055,53.04999923706055,-0.47125354117884866,0.5799353754716173,40113570.45,2117996489.1557746,2.0186258416225202,54.96041938781738,58.60223424911499,-0.780717634278831,-6.627268687646317,-11.032261950192296,-16.559448245462214,2.382266743131091,0
HK.02319,492,17.979999542236328,17.969999313354492,0.05564957854174329,0.366756044568206,23047820.1,414399794.84754527,3.097660775908384,18.298400001525877,16.358751554489135,-1.5873065586274275,10.5781014092444,13.093211010715224,24.985794956402398,24.23687817134115,1
HK.02320,492,0.2549999952316284,0.27000001072883606,-5.5555610745039266,0.22134222592746977,4822600.0,1229762.9770040512,11.884778585052995,0.19639999888837337,0.10430499946698546,13.333334216365131,254.1666752900242,264.2857059228177,203.5714269875466,186.51684358586223,0
HK.02321,491,0.5,0.5,0.0,0.0,19500.0,9750.0,0.14999985694885254,0.5059654939174653,0.4819635502994061,-0.9900980750178164,4.826446890314784,3.756792311966194,27.102066258892748,21.049594773714777,0
HK.02322,492,0.061000000685453415,0.061000000685453415,0.0,0.0011781858882785232,6756500.0,412146.504631266,7.6937581526271535,0.0705600006133318,0.09509000016376376,-14.084508889749145,-28.23529406608595,-39.60396182027562,-53.07692082852293,-56.428571124466096,0
HK.02325,492,0.45500001311302185,0.4699999988079071,-3.191486326155476,0.5243128964059197,364050.0,165642.7547737956,7.503306655168991,0.5979999935626984,0.7807499992847443,-28.90624636202111,-39.33333158493042,-50.0,-54.04040315858857,-75.13661188837087,0
HK.02326,492,0.009999999776482582,0.009999999776482582,0.0,0.09159034138218151,2413000.0,24129.99946065247,0.5000000931322596,0.009999999776482582,0.010039999783039093,0.0,0.0,0.0,0.0,-9.090910630285256,0
HK.02327,492,0.22599999606609344,0.22200000286102295,1.8017987178020816,0.2275189599133261,184200.0,41629.19927537441,2.5322845720477503,0.23901860505342484,0.25611446157097817,-4.44228672121922,-17.40507025354535,-5.605800450405369,-18.85410348852489,-15.450412964215419,1
HK.02328,492,16.809999465942383,16.790000915527344,0.11910988281450575,0.48178108602986575,24189751.5,406629709.79627895,2.647145158555448,15.882000045776367,15.275759043693542,6.797965123148196,12.714955549480678,14.042753346575138,5.418824919603216,-2.458675749131226,1
HK.02329,492,0.08900000154972076,0.08299999684095383,7.228921611002299,0.4622283546050362,139750.0,12437.750216573477,9.373351399962335,0.09322000026702881,0.10714500032365322,-9.18366951291524,-7.291665858226939,-25.833330384145114,-38.19444070765618,-48.85057235019237,1
HK.02330,492,0.25999999046325684,0.23000000417232513,13.043472063789407,3.4557235421166306,157700.0,41001.9984960556,4.220452395468484,0.2719999995827675,0.2824850004166365,10.638294094771258,-21.212127232792163,-3.7037110623015317,23.809523133734164,76.87074195517224,1
HK.02331,492,12.649999618530273,12.800000190734863,-1.1718794528859937,0.6068676208404267,38784641.3,490625697.64983344,3.3540680885189036,13.879511737823487,17.3488325881958,-8.161291499601786,-24.39003508119109,-34.542286038742404,-28.617231246511444,-29.715432111325317,0
HK.02333,492,7.355000019073486,7.610000133514404,-3.350855584323825,0.9132600258956926,19877818.1,146201352.5046393,2.725247362787803,8.422399997711182,11.15897581577301,-11.545395186484916,-27.293637572908803,-38.54167214528253,-49.02860746151606,-60.026584581740785,0
HK.02335,60,21.020000457763672,20.959999084472656,0.28626610644971423,0.9683933915667048,456439.0,9594347.988941193,5.492719665293425,30.7396000289917,,-31.307188902871264,,,-43.0352314673434,,2
HK.02336,492,0.19499999284744263,0.2280000001192093,-14.473687392330122,82.6086956521739,59000.0,11504.999577999115,2.1636858922748794,0.2442599990963936,0.22877999879419803,-11.764709451968331,18.181809150811755,-17.021279428921556,-23.52941313966888,-0.5102051289342013,0
HK.02337,492,1.399999976158142,1.3450000286102295,4.089215344087636,1.3651732882502112,240700.0,336979.9942612648,4.190051355505108,1.3613999938964845,1.4358499985933304,-3.7800732051526267,10.23622025071122,-7.894737254879816,-19.07514677902016,-16.66666548403479,1
HK.02338,492,29.559999465942383,30.3799991607666,-2.6991432438325553,1.0039053856377325,20109845.55,594447023.7181839,4.796130584271567,32.798811759948734,30.504345512390138,-8.198761597656782,-21.520991400805435,-0.17470445877366397,57.78497847426818,103.14640630780812,0
HK.02339,492,5.489999771118164,5.40500020980835,1.5726097689241043,2.867295622320717,1749859.0,9606725.50948906,8.120538048700274,4.522999973297119,4.753499983549118,29.32862000289809,-18.059702576016743,24.208137474092208,48.780479294994336,976.4705634859603,4
HK.02340,491,0.1420000046491623,0.1420000046491623,0.0,0.0,10711.5,1521.033049799502,0.9954325170285916,0.1482199999690056,0.15877500012516976,2.8985566713310185,-2.068959492990545,-11.801238499380862,-15.476186569281664,-4.697985973107305,0
HK.02342,492,0.7049999833106995,0.6899999976158142,2.1739109777848307,0.8938797766550506,13595777.65,9585023.016345982,6.591500421957555,0.785424028635025,1.5883146011829377,-0.35172792271000264,-39.529677650769656,-59.10388981198753,-71.58623680715618,-73.50177123277102,1
HK.02343,492,4.144999980926514,4.139999866485596,0.1207757150282837,0.6361492754662228,23202423.6,96174045.37944889,3.6994418954240516,3.6617755842208863,3.0143372213840482,4.804040733586509,39.399556994377235,43.590968929461454,86.18149831139257,94.41962765534517,1
HK.02347,492,0.7400000095367432,0.7300000190734863,1.3698616715036243,0.8887673323946301,219579.85,162489.09109407663,4.3650385818912225,0.7184915554523468,0.6976284757256508,3.557698587685773,-7.808389156339318,7.995894549526499,11.172240976076791,2.97162046224986,1
HK.02348,492,0.9850000143051147,0.9800000190734863,0.510203585134164,0.3297835795259361,141150.0,139032.75201916695,1.2264279597699357,1.0002999997138977,1.0763218969106674,-1.0050241623450802,-7.075465332362264,-10.439734995111069,-14.880743836312002,-16.570308837452945,1
HK.02349,492,0.09000000357627869,0.09000000357627869,0.0,1.3556039699830549,87460.0,7871.400312781334,5.19325307914935,0.08758000031113625,0.08638500019907952,1.1235977630846006,26.76056426707959,-21.052628483138257,20.0,42.85714623609092,0
HK.02350,492,0.7049999833106995,0.7049999833106995,0.0,0.623608017817372,552500.0,389512.49077916145,4.422014012229237,0.6548999989032745,0.7747787936031818,6.818175044926999,-18.023259118159,-34.11215432232252,-17.058827819296113,13.709673852999948,0
HK.02352,491,3.9000000953674316,3.9000000953674316,0.0,0.0,1700.0,6630.000162124634,1.7068706634955362,3.5694000148773193,4.673099976778031,14.705881940452297,-15.401301899870198,-21.052630562886954,-35.10815396269912,-49.80694845635783,0
HK.02355,492,2.8499999046325684,2.809999942779541,1.423486215927142,0.25848142164781907,62700.0,178694.99402046204,1.5212304363213558,3.1794999837875366,3.7336302423477172,-9.235674859331144,-26.29841169783138,-28.104822502223687,-26.666918599422377,-29.317510962681943,1
HK.02356,492,14.449999809265137,14.329999923706055,0.8374032533005584,0.5230708988275755,1636531.0,23647872.637856483,3.21012645537765,13.794506378173828,11.946271939277649,3.5928907239861694,10.638437852090437,27.371835432264056,42.07310200829302,56.208290463122005,1
HK.02357,492,2.8450000286102295,2.805000066757202,1.4260235615348988,1.1368882418201187,12890376.55,36673121.65354663,2.2557153865029957,2.951400022506714,3.465908786058426,-2.568494716579105,-7.928799105644818,-26.450074965753057,-31.307138297057836,-28.613305337319446,1
HK.02358,492,0.014999999664723873,0.014999999664723873,0.0,0.06026406618090177,18266000.0,273989.99387584627,12.984323466039802,0.01286000007763505,0.012040000068955123,24.999996119489307,15.384610424909468,24.999996119489307,36.36363405457212,50.0,0
HK.02359,492,195.10000610351562,194.0,0.5670134554204252,0.43079844405453566,4742023.95,925168901.5880173,3.4993985238157816,181.63361541748046,134.05464378356933,-3.415838562616027,56.283237955803614,82.21069054402388,96.28241477246124,75.10451635840042,1
HK.02360,492,1.6799999475479126,1.649999976158142,1.8181801105005106,0.25787748776148156,502015.35,843385.7616682469,1.9912159562282303,1.561123356819153,1.6508358144760131,11.83431027633576,7.3508440412914435,-3.603327164697115,-6.92734707301682,-11.357458834244424,1
HK.02361,491,4.034999847412109,4.034999847412109,0.0,0.0,45850.0,185004.74300384521,1.1636518878179416,4.902200036048889,4.937069503068924,-19.300003051757812,-17.95578032104061,-15.761184877245588,-25.563515847690184,30.382368043253255,0
HK.02362,491,0.6359999775886536,0.6359999775886536,0.0,,0.0,0.0,0.0,0.6359999775886536,0.6359999775886536,0.0,0.0,0.0,0.0,0.0,0
HK.02363,492,0.2150000035762787,0.2160000056028366,-0.46296388917537595,0.30292788563846434,101371.25,21794.81911253184,2.0018845598383264,0.2820399993658066,0.32283499926328657,-24.561401307307644,-36.76470549564461,-29.5081972018649,-42.666665712992355,-50.57471209243955,0
HK.02367,492,24.15999984741211,24.559999465942383,-1.6286629773138117,0.9204011351756757,3306863.5,79893821.65541267,3.2142031639320257,27.904800186157228,29.548335514068604,-15.04922857339647,-11.045655437608,-17.16542590480575,-25.976584688532178,-56.69946556983449,0
HK.02368,492,2.9700000286102295,2.809999942779541,5.693953348355684,0.6779661016949152,24400.0,72468.0006980896,2.5063118554759587,2.8236921501159666,3.10521200299263,3.150580461388139,8.382863110406486,-10.169162375746975,-16.44226451826942,-19.50701557884583,1
HK.02369,492,0.5099999904632568,0.49000000953674316,4.081628681073312,0.2690922079010146,1404225.75,716155.1191082597,7.0844710587070425,0.6557999980449677,0.774549999833107,-28.16901325682895,-37.804878669292854,-21.538460127700667,-45.744681727999534,-58.53658678416761,1
HK.02370,492,1.2549999952316284,1.2549999952316284,0.0,0.006228589224540642,110425.0,138583.37447345257,3.2149123131265167,1.1810999941825866,0.8990499970316886,-13.448279037203328,1.209676256413027,42.61363659454279,99.20634995722656,298.4126999144531,0
HK.02371,492,0.1850000023841858,0.1889999955892563,-2.1163985705922816,1.9656019656019657,67050.0,12404.250159859657,3.168023457417519,0.2059200018644333,0.2457000007480383,-4.145078320270111,-17.41071577060355,-32.72727331839316,-42.187497962731825,-48.6111124908482,0
HK.02372,492,0.9750000238418579,0.9750000238418579,0.0,1.1730205278592376,69600.0,67860.00165939331,3.8505597034466224,1.0402999985218049,0.6048549988865852,0.5154634107374384,57.25806715213048,105.26316548978862,248.21429274672147,302.8925740185938,0
HK.02373,492,18.09000015258789,18.09000015258789,0.0,0.12143907512000389,222094.25,4017685.016388893,3.775572698315409,18.181993408203127,20.679748435020446,-0.3305755768783943,4.639668096450974,-17.0640598304724,-28.70529690559684,-48.14215755639457,0
HK.02376,492,2.299999952316284,2.299999952316284,0.0,0.3183023872679045,9550.0,21964.999544620514,2.8287596578199166,2.1913999843597414,2.433810312151909,4.545450112051311,-7.183113172746667,-19.098803057320694,-14.780224847579829,-26.991596188387113,0
HK.02377,492,0.7900000214576721,0.7900000214576721,0.0,1.12409571508069,94900.0,74971.00203633308,1.8406734540952707,0.8260000073909759,0.87439557492733,-7.058823611909541,-7.058823611909541,-4.440619698280688,-15.794212863370117,-21.2519957335625,0
HK.02378,492,104.0999984741211,101.9000015258789,2.1589763643756843,0.49828737528044476,89470.35,9313863.29847908,1.843983288973177,109.47142944335937,113.35177352905274,-4.503475420795582,-0.5852058526559802,-3.50450635662158,-12.17464793990495,2.8909093993956065,1
HK.02380,492,2.690000057220459,2.6549999713897705,1.3182706669622877,0.3423446165392458,42110791.1,113278030.4685988,2.493521135197694,2.786900005340576,3.043478538990021,-2.712479017656857,-16.199376160340876,-13.888206865922866,-13.363136609646062,-15.926362118614797,1
HK.02381,492,0.3799999952316284,0.41999998688697815,-9.523807834335413,1.2324743696314768,9536000.0,3623679.9545288086,11.648034906314663,0.24789818793535232,0.16935022305697203,84.4574107431347,56.1937705793394,223.1595451298192,174.02416097228445,359.39347101788024,0
HK.02382,492,68.5,67.1500015258789,2.010422104906161,0.3249284880605066,12921498.6,885122654.1,4.495210303913203,61.376999893188476,62.923267917633055,17.29451748326661,-10.163934426229508,26.399935465646546,2.310466673040347,-12.88225824558666,2
HK.02383,492,0.36500000953674316,0.36000001430511475,1.3888875091517963,0.12297475943062687,64520.0,23549.80061531067,1.9072479658859265,0.3687000060081482,0.3929250036180019,-1.3513500451867637,-5.194800369332063,-7.594936804365715,-12.048188704574885,-19.780219996152553,1
HK.02385,492,5.394999980926514,5.289999961853027,1.984877501524707,1.1704697986577182,225120.0,1214522.3957061768,4.966054927970922,5.886200008392334,5.705050008296967,-6.98276200844462,-0.827207276114219,-7.142856556629994,-12.983868598441727,-16.22670911504577,2
HK.02386,492,5.409999847412109,5.40500020980835,0.0925002295964211,0.42936843736146785,12119754.35,65567869.18417225,4.053440838167964,5.193828220367432,6.002042405605316,8.24807274577876,0.3203185748873987,-24.998086212333252,-24.210661323502052,-15.568020457296056,1
HK.02388,492,51.349998474121094,51.20000076293945,0.29296427528613395,0.7958808423784474,12675366.85,650880068.4064251,2.3171773947610754,49.790089492797854,43.14736354827881,3.3427590750177516,9.678432837237642,30.050184084310498,33.411305540579114,46.15419860589346,1
HK.02389,492,0.07999999821186066,0.07999999821186066,0.0,2.6742209631728047,599400.0,47951.99892818928,1.242361313940205,0.07947999969124794,0.07080500025302172,-3.6144563171994144,12.676050130442873,15.942029298491105,23.076924840374172,-4.761905606641802,0
HK.02390,492,7.800000190734863,7.539999961853027,3.4482789150828905,1.2966924469310515,31635.0,246753.0060338974,2.9220625193368726,8.023900003433228,8.486275000572205,-3.7037058840289703,-6.921240045170932,-3.9408829967266183,-11.464247227876733,-37.84860500246626,3
HK.02391,491,13.300000190734863,13.300000190734863,0.0,0.032679738562091505,12160.0,161728.00231933594,2.437995156020763,14.068600006103516,16.589982790946962,-2.9905167488790503,-22.539311988136003,-31.51462892395741,-20.825220593845717,-32.439050077627414,0
HK.02392,492,0.9750000238418579,0.9599999785423279,1.5625047536257475,0.025100733205627848,378950.0,369476.25903487206,6.93047570976529,1.0195999813079835,1.2122999930381775,-2.499997615814209,-8.018860710010568,-18.750001241763385,-12.946426813319636,-32.75862125664345,1
HK.02393,492,0.06199999898672104,0.05700000002980232,8.771927990007857,0.975609756097561,91375.0,5665.249907411635,2.853946273876204,0.05780000023543835,0.08649999996647238,8.771927990007857,-17.333337969249964,-44.14414577684988,-38.00000193715093,-55.39568372317202,1
HK.02396,180,3.700000047683716,3.8499999046325684,-3.896100276999047,1.3716108452950557,46590.0,172383.00222158432,11.048045366725365,4.236300010681152,,-25.252521409025917,-19.56521468712381,-56.21301619880757,-76.90387052460659,,0
HK.02399,492,0.3149999976158142,0.3199999928474426,-1.5624985448084445,0.660456442087615,5136100.0,1617871.4877545834,4.402253975725187,0.31079999685287474,0.46397500053048135,3.2786853209006517,1.6129016752173695,-38.23529343016556,-54.347826274746836,-19.230766879501108,0
HK.02400,492,38.02000045776367,37.939998626708984,0.21086408526743552,0.6716848634931889,3866160.8,146991435.38578796,5.021035329101572,42.99120025634765,59.847900199890134,-10.583254824914638,-23.253936707443525,-47.01045232367432,-41.86544408149733,-51.75127032318617,1
HK.02402,492,10.5,10.40999984741211,0.8645547925753752,1.2852244442223257,336231.8,3530433.9,4.688162090868711,12.441399993896484,19.10504991054535,-14.1455405313939,-23.913044529886598,-57.83132465517779,-49.07856657298582,-57.66128902008577,1
HK.02405,491,0.3199999928474426,0.32499998807907104,-1.5384601277006635,0.7106598984771574,40800.0,13055.99970817566,1.6140910877483772,0.4344999980926514,0.7121249988675118,-7.246378564303781,-45.76271066580715,-65.59139888318842,-70.37037221001982,-76.29629724473781,0
HK.02407,492,4.800000190734863,4.650000095367432,3.2258084363669033,0.7372764786795049,18845.0,90456.0035943985,3.776086775662872,4.822000017166138,5.969649999141693,3.896110598149913,-2.240318942885978,-14.438501310197182,-40.37266985087259,-44.12106978497808,1
HK.02408,191,3.930000066757202,3.9649999141693115,-0.8827200042813124,0.7885286004267944,195955.0,770103.1630814075,3.1676532102178405,3.601900005340576,,15.08053032670397,6.114382182152514,-13.347640103169391,-9.597315848491567,,0
HK.02409,492,4.605000019073486,4.550000190734863,1.208787385341628,0.8141321044546851,128000.0,589440.0024414062,2.397702843320943,4.128500013351441,4.209124994277954,12.867649636879147,9.642862576205962,15.125000476837158,10.1674690954182,7.593453115267244,3
HK.02410,492,3.515000104904175,3.7300000190734863,-5.7640727364584965,0.3581410664433666,7311969.6,25701573.911056135,14.825595188292889,6.351200008392334,9.67759999036789,-48.156342239943186,-48.909883045985815,-68.58802290693407,-72.81515837631383,-77.29328030460408,0
HK.02411,492,1.4500000476837158,1.4199999570846558,2.112682500403171,1.7009492684022103,2172300.0,3149835.103583336,5.4442648077209554,1.4411000061035155,1.612878395318985,-0.6849308357518121,-14.201183515429634,-4.268753388199339,-18.251966582959405,-9.620190241106064,3
HK.02415,492,0.800000011920929,0.7599999904632568,5.263160784158717,0.16375934496262015,35400.0,28320.000422000885,3.4844495667234563,0.7411999988555908,1.0743500044941903,7.382551248393275,-20.792077279724246,-28.57142781116525,-37.984493366049044,-52.04059259706049,1
HK.02416,492,3.009999990463257,3.055000066757202,-1.4729975551755599,0.1765028674575437,711012.65,2140148.069719255,8.982730955913834,3.4115000200271606,3.037325004339218,-17.079892684057167,-9.609607825055459,16.666669747010157,32.017545097972786,47.54902189944813,0
HK.02418,492,2.7799999713897705,2.815000057220459,-1.2433422777705974,0.9326424870466321,60000.0,166799.99828338623,2.4331492268447117,2.820300006866455,3.70697496175766,2.9629600849335267,-6.711410953141468,39.52285533910275,-70.42642513192773,31.699138817286183,0
HK.02419,492,56.25,57.79999923706055,-2.681659615086481,0.7026807747779121,1095837.6,61640865.00000001,5.71389137875534,53.67640022277832,62.51280004501343,6.0320467652409375,16.075115688607973,-25.986842105263158,-18.831172405593126,-35.04618823196707,0
HK.02420,492,5.900000095367432,5.849999904632568,0.8547041290593617,2.5530499364800154,286081.7,1687882.057282877,6.524419617289398,4.1526999759674075,3.7540389716625215,57.12383263790879,52.06185364294975,56.359182651167814,64.19777202577916,77.80271929072028,6
HK.02421,492,0.5600000023841858,0.550000011920929,1.8181800448205245,1.2089432670599374,145610.0,81541.6003471613,2.1622720499694017,0.5859999978542327,0.6036499977111817,-5.882357066065183,-9.677419664956526,-3.4482726727597,-13.84615031925166,-23.28767291062047,1
HK.02422,492,1.9850000143051147,1.965000033378601,1.0178107168846156,0.012594458438287154,2161600.0,4290776.030921936,13.010283507631085,2.3300000047683715,1.5209250019490719,-20.440877540949707,10.893857911048292,33.22147661745804,142.07317458774847,396.2499961815775,1
HK.02423,492,42.13999938964844,42.81999969482422,-1.5880436945868892,0.8400578676175542,11654985.6,491141086.0703613,3.9604649215789753,44.40959976196289,43.77798168182373,-5.473311667085958,-3.0818771083155574,-1.1226199675282391,0.6682970922537955,-13.441765398874725,0
HK.02425,492,1.7599999904632568,1.7599999904632568,0.0,3.735289582668256,26323.65,46329.62374895811,0.8172044979536608,1.828199987411499,2.049350003004074,-2.222220161814694,-0.5649712187014997,-20.720722172014707,-17.757013823040616,-15.384612739438744,0
HK.02427,492,2.9149999618530273,2.9200000762939453,-0.1712367914477625,0.4661016949152542,116150.0,338577.2455692291,6.054656582679526,2.4384000158309935,2.8141500118374823,24.572652511734727,-25.44757294465049,-17.655367421892322,450.00002249232,507.2916722934074,0
HK.02429,492,1.934999942779541,2.0199999809265137,-4.207922720275754,0.7821229050279329,116975.0,226346.6183066368,3.666031810977784,2.058899998664856,2.288175002336502,6.906077566391673,-14.00000254313151,-11.23853745298752,-20.696725516317898,-33.959047826196276,0
HK.02431,423,2.109999895095825,2.055000066757202,2.6763905864690787,0.15949902274980574,7434706.7,15687230.35706823,9.702789026779449,4.558899989128113,9.88187500834465,-44.473686274399086,-79.06746119974122,-82.34309683034564,-84.90701027048605,-90.95197288718605,1
HK.02432,425,20.5,20.18000030517578,1.5857269077550262,0.32975428826904557,2380607.7,48802457.85,4.339436541212178,24.340399894714356,32.05590003013611,-17.071195107496305,-27.66407942969603,-46.024222624851234,-46.25065461966448,-59.60591133004927,1
HK.02433,492,0.06800000369548798,0.061000000685453415,11.475414641599901,0.027427317608337904,365100.0,24826.80134922266,2.834977745474765,0.06884000033140182,0.07498000010848045,1.492540300967864,-13.924049916624234,7.9365120663333455,-6.849308637141818,-20.930230946331996,1
HK.02436,492,19.5,18.809999465942383,3.668264506370352,1.2687549355093446,582990.0,11368305.0,5.406067007201624,19.88939998626709,15.216599943637847,-6.069365197447791,-6.69856289035054,75.67566963829282,323.9130522668476,415.8730197775782,6
HK.02438,492,0.3050000071525574,0.3050000071525574,0.0,0.19248276759006372,746250.0,227606.25533759594,3.22438511382621,0.3284000027179718,0.46519999995827677,-10.294116486933829,0.0,-49.16666749450892,-48.30508123557807,-50.0,0
HK.02439,492,0.2199999988079071,0.2160000056028366,1.8518486580159448,0.10380902371046573,29792800.0,6554415.964484215,8.628775871091216,0.30464000135660174,0.30107999995350837,-18.518522197817433,-50.0,-1.7857178494485173,-7.949788447148073,-27.868854541414578,1
HK.02440,492,0.8399999737739563,0.8050000071525574,4.347821901915338,1.9648666232921275,72900.0,61235.998088121414,5.053842090758098,0.9034999978542327,1.4694250017404555,-1.7543912239656678,-31.147544747941737,-54.594596597380296,-54.594596597380296,-76.73130198936865,1
HK.02442,492,145.1999969482422,153.3000030517578,-5.283761214786712,0.6983283379167567,589360.0,85575070.20141602,17.376861383125597,88.61499992370605,43.67939995288849,89.67993619813183,132.50599707664082,1138.9077955631524,647.297965350848,5277.777569774742,0
HK.02443,492,1.159999966621399,1.215000033378601,-4.526754341253899,1.007740530358772,338160.0,392265.58871269226,7.785603082403414,1.4680000114440919,2.0261999982595444,-17.142858115994215,-29.6969707040638,-41.11675381853974,-58.57142905799711,-71.35802686441554,0
HK.02450,492,8.494999885559082,7.789999961853027,9.050063249786648,0.2737335394455346,549832.5,4670827.024576664,19.081701701300496,7.664499988555908,4.780824992656708,-8.655917082429351,66.89586701171314,141.33522532926486,161.38461186335638,205.57553859658074,1
HK.02451,492,16.479999542236328,14.100000381469727,16.879426215437594,2.1757081212479537,1587631.6,26164168.041239932,5.307912446183098,13.302599906921387,12.783249974250793,24.189894300980466,80.70175163413455,2.1065685591410457,35.08196557282566,65.13026350844375,5
HK.02453,492,0.7300000190734863,0.7099999785423279,2.816907202197346,0.5304082199389059,140710.0,102718.30268383026,6.352872269530787,0.7651000046730041,1.2620249998569488,-13.095233111289467,-12.048188704574885,-45.522387993311824,-60.109289510696684,-84.5991549720839,1
HK.02455,492,0.7099999785423279,0.699999988079071,1.4285700905079517,3.9692044482463644,130200.0,92441.99720621109,1.706950225263747,0.6798000061511993,0.6775642734766006,5.970143411440622,4.741827606740297,12.443441156477965,-6.754219743459136,14.121696809440664,3
HK.02457,492,0.4000000059604645,0.4000000059604645,0.0,2.231075697211155,139500.0,55800.000831484795,1.7308738805627162,0.37070000350475313,0.3274250005185604,8.108108325802206,12.676061422336446,33.33333002196431,37.931040507009456,25.00000465661298,0
HK.02458,491,6.820000171661377,6.900000095367432,-1.1594191681209625,0.0,155349.0,1059480.2066674232,2.040223703977461,6.344899969100952,5.890025000572205,5.003853607832963,48.26087637073841,8.253967701322534,6.8965524973037775,14.429532349160645,0
HK.02459,492,0.6349999904632568,0.6449999809265137,-1.5503861641813224,0.05654603548676948,868594.7,551557.6262164355,7.81799290891089,0.6116999983787537,0.8409749951958656,17.592586153819493,-0.7812492724042223,-41.20370692309025,-37.74509781005519,-53.64963589393437,0
HK.02460,468,7.230000019073486,7.210000038146973,0.2773922443924678,0.49678117488281837,1064527.0,7696530.230304241,2.3101863504063247,7.444028835296631,8.507812113761902,-2.5880291485349214,-3.960992315503129,-24.124401598779137,-24.723614233476006,-31.013449784997267,2
HK.02465,463,8.920000076293945,8.829999923706055,1.0192542850002257,0.8590476692402962,3727475.0,33249077.284383774,4.316433140544628,9.797899951934815,12.687324957847595,-6.9864448971165425,-35.45585909358154,-13.649562999282667,-36.9165497898578,-12.291052021855178,1
HK.02469,492,0.2849999964237213,0.29499998688697815,-3.389827426361236,1.234879352432462,2766850.0,788552.2401049733,5.920808321070901,0.35669999837875366,1.186699996292591,-16.17647252177695,-42.42424370135448,-78.88888952663405,-86.92660606897755,-90.23972640488961,0
HK.02473,492,0.4350000023841858,0.4300000071525574,1.1627895694091224,0.23250082693016655,40788449.05,17742975.43399724,4.99536154627437,0.48020000278949737,2.8423499856889247,1.1627895694091224,-32.03124810825098,-63.44537970861644,-94.43021759831957,-94.40154435711703,1
HK.02475,50,58.5,56.222999572753906,4.049944763796533,0.829162562248066,3190813.6,186662595.6,4.523619946947929,59.98714042663574,,-0.6234853357757615,,,-5.8874068926317005,,1
HK.02476,103,197.39999389648438,195.1999969482422,1.1270476345476188,0.7468772790906534,3127097.5,617289027.4137115,6.122836349767086,220.9240008544922,,-12.110423627724689,-52.433736410485686,,-37.33333527095734,,2
HK.02477,492,0.20600000023841858,0.20800000429153442,-0.9615403903129845,0.43062502222677507,245250443.55,50521591.429772265,5.669720325145754,0.2209400001168251,2.2612349962443115,-15.226337599971155,-55.217392064898576,-92.2264153650962,-93.31711268408506,-88.98395723459184,0
HK.02479,491,65.0,65.0,0.0,,0.0,0.0,0.0,65.0,65.0,0.0,0.0,0.0,0.0,0.0,0
HK.02480,492,13.579999923706055,13.600000381469727,-0.14706218531378057,0.5882352941176471,340.0,4617.199974060059,0.04198460056262415,13.414800090789795,19.30420006275177,4.221029946325627,10.766718353843036,-42.94117496205738,-43.179915730303456,-43.51081777648858,0
HK.02481,491,2.5,2.5,0.0,0.1652892561983471,6100.0,15250.0,0.15934220752173978,2.570199990272522,2.5087957215309142,-3.8461503192516595,0.8064508376086847,-1.287518497246465,4.85800894623489,-4.437915120407702,0
HK.02482,492,0.3100000023841858,0.30000001192092896,3.3333300219643105,1.8996798292422625,51300.0,15903.000122308731,2.75277127175814,0.4038000041246414,0.5542500020563602,-7.462688160516194,-39.21568467038631,-43.63636442452421,-58.10810832580221,-56.3380265136579,1
HK.02483,492,1.7999999523162842,1.7999999523162842,0.0,3.75,3800.0,6839.99981880188,0.0,1.7808999729156494,1.7016575503349305,1.1235944521335182,-1.0989065691980104,13.920133727102796,9.922929796132724,10.56953493407748,0
HK.02486,492,3.384999990463257,3.3450000286102295,1.1958134980837773,0.86812732534105,24220.0,81984.69976902008,5.044064377190229,3.891199998855591,5.493500007390976,-23.155508984401852,-9.49197909540804,-42.13675135647947,-55.63564954531734,-44.50819601009238,1
HK.02487,492,1.399999976158142,1.3650000095367432,2.5641001008693984,0.21679064824654623,136880.0,191631.9967365265,7.054854104870531,2.1737000012397765,3.994224997162819,-35.185188864484104,-56.25000139698384,-70.27600923950446,-69.49891220877613,-86.66666689373199,1
HK.02488,492,6.960000038146973,6.920000076293945,0.5780341244511894,0.2755242614419103,419345.0,2918641.2159967422,2.4530126703237496,6.8131399250030515,7.385643172264099,3.0675133408521704,-4.236480259873146,-10.141251231494948,-11.78437259515474,-30.58572643843111,1
HK.02489,492,0.8299999833106995,0.8100000023841858,2.4691334404499927,0.015012760846719712,1660750.0,1378422.4722832441,4.735845041510064,0.7837064349651337,0.9597500249743461,-0.9784968624783931,11.881444189392983,-17.16470240694934,-20.964492652611057,-45.080199355432995,1
HK.02490,492,4.420000076293945,4.125,7.151517001065341,0.22123570907321818,2349645.0,10385431.079263687,7.575302724355273,4.55279999256134,4.854981079101562,-0.562431820066444,-6.3559264244273175,-25.589225021620233,5.3503291128019,-42.6440611768663,3
HK.02493,89,20.6200008392334,20.6200008392334,0.0,0.25329935724337277,242380.0,4997875.803413391,4.903185298645652,21.937200088500976,,-1.9961979943831123,-22.887056784850714,,-20.75326488673853,,0
HK.02495,492,26.979999542236328,27.579999923706055,-2.1754908742911327,0.3063612129066643,41348.65,1115586.5580720901,5.139640688006658,34.00280006408691,49.14745002746582,-4.326245346441462,-45.49495041972459,-53.761781923263854,-63.63881313761228,-57.17460390121217,0
HK.02496,491,3.299999952316284,3.299999952316284,0.0,,0.0,0.0,0.0,3.557399983406067,5.309700000286102,-8.333332229543586,-21.428568995728675,-42.10526205716258,-58.015268495411966,-40.000000866976656,0
HK.02497,492,0.5249999761581421,0.5149999856948853,1.9417457749564655,0.6378754033258873,827400.0,434384.98027324677,7.09110454792929,0.6015999978780746,0.5670499977469444,-15.322585141869629,-19.23076993614967,6.060600222379509,19.318177046115707,-29.054058190241918,1
HK.02498,492,16.09000015258789,15.949999809265137,0.8777451096985569,0.7115906707831005,4962829.1,79851920.97626762,4.518554555103065,20.871599864959716,30.144799914360046,-22.940609198773778,-42.699429500339185,-51.710683373483825,-56.86326948607231,-58.316060133071666,1
HK.02499,492,5.65500020980835,5.695000171661377,-0.7023698094351125,1.2646370023419204,4540.0,25673.700952529907,1.7253952800166088,5.7940999698638915,5.873375017642974,-0.7894666835539528,-3.333328170993645,-1.9930636308199443,-6.528925098736815,-0.7894666835539528,0
HK.02500,492,1.1399999856948853,1.100000023841858,3.636360089641049,0.20811827777962771,1007366.0,1148397.2255895138,8.243757771198542,1.137200003862381,1.8947499999403954,18.134716754087844,-1.72413633637985,-50.43478220306857,-53.65853788548698,-72.98578098642245,1
HK.02501,492,1.7649999856948853,1.649999976158142,6.969697648390823,0.33533691869661497,1258500.0,2221252.481997013,7.900778463291935,1.4201999974250794,1.120099993944168,17.666665712992348,71.35922667195663,68.09524436656609,91.84782105182889,98.31460832179972,1
HK.02502,491,0.5899999737739563,0.6000000238418579,-1.666674945089223,0.0,72100.0,42538.99810910225,5.1172338733114096,0.6134999990463257,0.5293999989330769,3.508768627628134,1.72413633637985,38.82351934703605,37.20929394418205,20.40815556957954,0
HK.02503,492,0.2460000067949295,0.25,-1.5999972820281982,0.38136053363112515,2249794.0,553449.3392871916,4.716515546847049,0.2580199956893921,0.3412252279371023,-1.5999972820281982,30.15873679148032,-27.64705758606275,-50.7999986410141,-55.27272700672307,0
HK.02505,492,0.6800000071525574,0.6000000238418579,13.33333002196431,3.974663419425725,47300.0,32164.000338315964,2.8099838936991697,0.6501000010967255,0.9473000013828278,4.615389553047677,-5.555558315029741,-32.67326598283811,-52.44755020316014,-75.82699653609136,1
HK.02506,422,66.4000015258789,66.9000015258789,-0.7473841384093021,0.0714578584686468,136509.4,9064224.368296813,4.924065625068094,69.04300048828125,77.43625003814697,-6.80701540227522,-22.65579183918711,-14.488087287738999,-13.31592317418675,-37.417528293297224,0
HK.02507,492,43.7400016784668,44.13999938964844,-0.9062023486920272,0.6203643272653978,849256.4,37146476.36144867,4.866880472779502,43.352400131225586,45.65738188743591,-6.538456428372251,23.417788417034963,-18.995275928542597,-25.868003530298573,-25.806887648171994,0
HK.02508,303,2.950000047683716,2.950000047683716,0.0,1.136839434117871,409725.0,1208688.7695372105,5.509644506172192,3.265799994468689,4.067300009727478,-4.838705211722626,-18.732783617609712,-42.49512705897443,-23.969073178525125,-56.03576705048149,0
HK.02509,492,16.450000762939453,16.610000610351562,-0.9632741814133073,0.5627769571639586,134020.0,2204629.1022491455,3.509261795166168,16.5314001083374,18.061250014305116,0.30488503397697436,9.666671752929688,-1.4970059196332408,-15.98569546967681,-34.980232177862,0
HK.02510,461,13.489999771118164,13.670000076293945,-1.316754236804517,0.5048787490349903,4655890.7,62807964.47735119,4.792705763323616,10.325478506088256,8.307288730144501,29.221196299736235,58.74910737021811,71.74160078466517,85.89726446185685,77.30087667814284,0
HK.02511,492,3.184999942779541,3.180000066757202,0.157228802433249,0.1966754288091681,445341.25,1418411.8557673693,6.556387931364735,3.0587999963760377,3.0361999970674516,-3.4848488241954114,1.4331158080244555,20.18867276070531,5.115510655225408,-10.028249234433893,1
HK.02512,491,2.759999990463257,2.759999990463257,0.0,0.0,6300.0,17387.999939918518,1.5044051669178626,2.751099989414215,3.1721750038862226,0.18148369563147948,-7.69230830568196,-19.061585894625843,-20.231215027922538,-29.048845346207365,0
HK.02513,170,720.0,680.0,5.88235294117647,3.148183698126695,6682350.8,4811292576.0,9.543625136998104,1135.01,,-28.85375494071146,-50.583390528483186,25.217391304347824,447.52851711026614,,1
HK.02515,492,5.230000019073486,5.5,-4.909090562300249,0.6245620074504837,418985.0,2191291.5579915047,8.05644633843023,2.407600004673004,1.3787999999523164,129.89010109156928,325.2032469896263,379.8165008181147,474.7252602577789,989.5833616610623,0
HK.02516,492,0.6800000071525574,0.6899999976158142,-1.449273985189887,0.02608762372439193,2545800.0,1731144.0182089806,6.166559810508622,0.7969000029563904,1.0270250019431115,-11.111108513958785,-43.801654073174404,-50.0,-30.61224551858229,13.33333002196431,0
HK.02517,492,1.5049999952316284,1.4850000143051147,1.3468000494176686,0.8292199163541227,8916585.0,13419460.38248241,3.1336585062424107,1.7792637538909912,2.886702971458435,-15.645959922918564,-25.33253868499066,-57.51872091555224,-55.232191746430516,-49.99039408418189,1
HK.02518,491,42.0,41.02000045776367,2.389077355680156,1.29463985473132,6332.6,265969.2,2.1344656091606624,42.36599983215332,39.67542013168335,-3.7138903520252042,22.467860113170488,18.61276032882632,-1.9004587135936235,-23.383146133172595,1
HK.02519,456,4.0,4.0,0.0,1.3054830287206267,5790.0,23160.0,1.1894703920691545,4.014300022125244,4.787125010490417,9.589038232541066,-15.789473684210526,-10.714286094417377,-34.210525490240364,-45.79945883506229,0
HK.02520,491,2.434999942779541,2.434999942779541,0.0,0.0,82300.0,200400.49529075623,1.2497661966682778,2.249099998474121,2.0984538102149966,7.032960030987077,21.872681839680098,26.24759541751661,4.758646863332376,15.578787958004684,0
HK.02521,492,0.9200000166893005,0.9449999928474426,-2.6455001425780957,0.7469879518072289,612750.0,563730.0102263689,3.326317254546803,0.9976999950408936,0.950024996548891,-1.6042765408167188,-3.1578917648653198,-17.117116681728923,48.38709832478263,206.66666004392863,0
HK.02522,492,5.105000019073486,4.96999979019165,2.7163025066572515,0.9913506925812408,549105.0,2803181.0354733467,6.089717969658072,4.900599994659424,6.9285000038146975,13.823854338957531,-10.751744644689197,8.848613151168664,-38.41978235748522,-71.98133802710005,2
HK.02525,246,16.31999969482422,16.850000381469727,-3.1454045973100384,1.0717807986376213,6705460.4,109433111.68165588,1.7988653553263834,16.755600109100342,20.60202501773834,-11.7837854333826,-10.144532129096703,-29.388857832149352,-27.70764499101962,,0
HK.02526,116,408.3999938964844,438.0,-6.757992261076627,0.7694643218593354,103481.5,42261843.96839905,19.83370707124747,409.5979998779297,,23.012046354362763,25.276071747387846,,94.84731965837203,,0
HK.02528,492,0.8399999737739563,0.8500000238418579,-1.1764764455773846,1.2026726057906458,46000.0,38639.99879360199,1.6241793205605397,0.896399998664856,0.5549000012874603,-7.182320405601388,16.66665838824411,139.99999659402025,199.99998935631348,238.70967237994017,0
HK.02529,492,2.7149999141693115,2.7249999046325684,-0.36697213993499966,0.3333333333333333,3050.0,8280.7497382164,0.08147514404088788,2.7545999813079836,2.7676037883758546,-3.0357156998040966,-2.688173788859238,-0.20333480650723962,-1.197992887318512,2.1972681666023495,0
HK.02530,414,0.7099999785423279,0.7300000190734863,-2.7397315080268676,0.5528134254689042,386800.0,274627.9917001724,1.0675586383426277,0.7413000059127808,0.6401278354227543,-2.7397315080268676,-5.999665249038696,26.4142405338343,16.381370770548546,18.258490772086926,0
HK.02531,492,4.75,4.75,0.0,0.5128205128205128,1000.0,4750.0,0.40000009536743164,4.67800000667572,5.94949999332428,-0.8350722791562033,15.85366123138198,-26.47058866949295,-34.02777603011068,-62.59842463513509,0
HK.02533,492,9.479999542236328,9.630000114440918,-1.5576383221392964,0.8516073779638835,5672191.2,53772369.97947693,5.438378456574646,11.091499977111816,16.118725090026857,-14.97757967200787,-28.828830634883634,-50.855370179866235,-51.45929744529557,-48.47826228926,0
HK.02535,492,0.699999988079071,0.6600000262260437,6.06060003993511,0.31909538008751887,11576000.0,8103199.862003326,10.875294673955246,0.5767999970912934,0.7384249962866306,24.99999733907837,39.99999761581421,-29.292931178189953,-20.454546378171155,22.80701699349358,2
HK.02536,492,0.5699999928474426,0.5799999833106995,-1.72413633637985,0.020460358056265986,97850.0,55774.49930012226,1.1143937474151873,0.8127180004119873,1.5939671361446381,-29.59051302846158,-49.44959709327385,-71.70144930521131,-72.74471750421185,-75.1495933717094,0
HK.02539,192,8.800000190734863,8.5649995803833,2.7437317205454637,0.42953020134228187,6860.0,60368.00130844116,4.624627954758993,10.290500059127808,,-20.145192148924114,-31.14240708447204,-51.53604595832112,-75.32267697290345,,1
HK.02540,492,0.800000011920929,0.800000011920929,0.0,1.9047619047619047,33750.0,27000.000402331352,1.2849900705286978,0.780200002193451,1.0233499938249588,5.263160784158717,-10.11235676635287,-20.792077279724246,-38.46153528732649,-46.666665871938065,0
HK.02543,251,34.68000030517578,34.779998779296875,-0.2875171869776453,0.5869155523647133,56315.0,1953004.2171859741,3.045937935139592,30.951999855041503,31.507525520324705,16.06426130932338,11.943191793450763,22.862082587165936,-0.16182932146116413,,0
HK.02545,492,0.41499999165534973,0.4099999964237213,1.219511042741837,0.321285140562249,101200.0,41997.99915552139,2.454957821592029,0.4125999981164932,0.42414999976754186,-1.1904750923180183,5.063286172982784,-7.777777189089913,0.0,-31.9672160781669,1
HK.02546,181,19.780000686645508,18.59000015258789,6.401293836955449,0.9923796328368548,558650.0,11050097.383594513,7.572571876726684,18.194200057983398,,3.9411454174372156,40.58280821371849,14.592712218661067,101.60901632364703,,1
HK.02549,482,4.050000190734863,4.065000057220459,-0.3690004003555223,1.081947505509918,128850.0,521842.52457618713,3.729788916866154,3.8846000099182127,4.357230823040009,5.468757324464162,-5.44290770540686,-9.134950784399543,-8.739019305049176,-15.032874061178777,0
HK.02550,492,2.0,1.9299999475479126,3.626945821476487,0.4395184406650105,894900.0,1789800.0,4.87847933850329,1.9900999999046325,2.2478249925374985,0.0,8.108106714865881,9.890106723095888,-36.30573461203642,-56.80345679124235,1
HK.02551,456,1.6100000143051147,1.6200000047683716,-0.6172833601124982,0.6134969325153374,33550.0,54015.5004799366,3.0163837176142883,1.631900007724762,2.1981643706560137,1.2578604092237398,-25.462965262524783,-26.590064242109975,-41.68856243177183,-47.29542941573093,0
HK.02552,492,2.3550000190734863,2.4000000953674316,-1.8750031044084587,0.8585222847608396,1710738.5,4028789.2001297474,5.0639304262237355,2.4992000007629396,2.9348499929904937,-0.42283257602251073,1.5086244326639628,-24.032255112194402,-22.786883413391166,-47.5501082600944,0
HK.02553,74,17.420000076293945,17.110000610351562,1.8118027754764245,1.6388013249750306,403185.0,7023482.730760574,8.51678536250161,24.82200008392334,,-26.74516579775897,-60.02753707118795,,-17.283948157429627,,2
HK.02555,492,4.079999923706055,4.039999961853027,0.9900980750178164,0.4473646121565774,1138800.85,4646307.38111639,2.634616085975722,4.5935000133514405,5.502383499145508,-12.727277919859944,-18.562879494784866,-23.0300420482347,-33.00086869489515,-51.30567942007389,1
HK.02556,492,50.349998474121094,48.959999084472656,2.8390510940374316,0.7053303503032919,6785481.8,341648998.27617645,7.564044819355152,47.545999946594236,39.684149980545044,8.279566611013104,38.32416583368633,52.5757529518821,35.860757173117975,-10.963750391841257,1
HK.02558,491,1.100000023841858,1.1100000143051147,-0.9009000301245093,0.0,700.0,770.0000166893005,0.022522500753112733,1.1443000173568725,1.2362386190891266,-7.563027651344701,-3.553144408002456,-16.1331694315623,-17.917567700999225,-21.267873489952844,0
HK.02559,492,1.190000057220459,1.2350000143051147,-3.64372117922407,0.7580171723482413,1579744.35,1879895.8668936968,10.177581060585847,1.3792000091075898,1.7373000040650368,-13.45454129305753,-13.768111497658273,-25.624997531995213,-47.577089549809,-45.41284308350457,0
HK.02560,415,1.340000033378601,1.3700000047683716,-2.189778925938227,1.4722004698512139,68150.0,91321.00227475166,1.42202629648309,1.4373999881744384,1.5059942084550857,-10.067112429400499,-8.219178194041364,-15.806788615005873,-11.844756847034303,-21.94587189058138,0
HK.02561,367,19.280000686645508,19.229999542236328,0.2600163577713995,0.5305651672433679,13250.0,255460.00909805298,1.6355201225021647,19.6811999130249,26.57554997444153,-3.5034978559988024,-2.6754103664063997,-38.793648613823784,-42.65317876509327,-57.42049203530279,1
HK.02562,463,0.574999988079071,0.5849999785423279,-1.7094001418896263,0.34337945372855333,10014546.15,5758363.916867307,8.822881874094321,1.2527999985218048,2.482000003159046,-56.76691958455295,-67.69662936398093,-84.24657608067301,-70.05208328482695,-96.42412941040271,0
HK.02563,462,4.039999961853027,4.099999904632568,-1.4634132725648943,0.24806201550387597,26120.0,105524.79900360107,2.8869411971410472,3.637500009536743,3.6738249969482424,22.610011177815252,25.85669513528063,10.382510030354073,-4.491727100797401,-54.910714903428236,0
HK.02565,325,5.550000190734863,5.644999980926514,-1.6829015148385897,0.35883492815663437,6737602.5,37393695.16009569,5.551154780995802,6.026599998474121,35.25400005102158,-5.932201677545423,-21.27659516905128,-89.90909056230025,-91.9855592913576,-87.35763098444733,0
HK.02566,442,5.5,5.400000095367432,1.8518500530834543,7.976878612716763,32750.0,180125.0,2.6683859747017302,5.4422999858856205,7.029909799098968,5.363988909242265,-9.554070802969274,-30.556496941630805,-26.906376855788217,-61.31832588015684,2
HK.02567,473,0.32499998807907104,0.3199999928474426,1.5624985448084445,0.7957944348771866,561900.0,182617.49330163002,4.01021297115666,0.3584000009298325,0.4779500000178814,-7.142858967489158,-23.529416714572438,-25.287359471774053,-50.0,-78.18792040275778,1
HK.02569,363,1.375,1.3799999952316284,-0.36231849629747176,0.8078231292517006,349050.0,479943.75,2.4309703783957577,1.2422000169754028,1.088150007724762,10.44176664527921,24.999997290698023,26.146785127886957,43.22916986808809,52.777781825006855,0
HK.02570,436,7.795000076293945,7.440000057220459,4.771505596010873,0.2677302876120385,612844.15,4777120.196006298,9.724010989183645,16.44420008659363,43.06684999227524,-51.43301902286228,-69.16534863698894,-84.37249416725305,-88.1173776560848,-94.45984346455856,1
HK.02571,411,15.100000381469727,15.100000381469727,0.0,0.07948599059415778,75570.0,1141107.0288276672,1.6069243092463639,15.70900011062622,14.10585003376007,-5.683946498454643,7.09219838968376,13.876320669890749,15.267175127941593,15.886421265693452,0
HK.02573,314,5.5,5.534999847412109,-0.6323369173799266,0.06853226727584237,15970.0,87835.0,2.593747026587563,5.057400007247924,5.95099999666214,-1.6979409071326574,13.402064085538887,-15.384615384615385,-31.07769440032439,-54.806902501886576,0
HK.02575,227,8.130000114440918,8.300000190734863,-2.048193643220795,1.4290364076861537,1700254.1,13823066.02757864,9.379033707660005,11.266800022125244,35.753599891662596,-28.243599565871964,-52.787453898816814,-84.98614979621838,-87.53067408746236,,0
HK.02576,478,4.800000190734863,4.900000095367432,-2.040814340536656,1.5090401203302943,671390.0,3222672.12805748,6.34423775574587,5.51270001411438,4.863524996042251,-12.727269259366123,-6.614779855689033,4.347832396711109,20.300756372483438,1.6949238156632322,0
HK.02577,422,42.34000015258789,40.47999954223633,4.594863219825042,0.887258353213168,3889091.25,164664124.11842823,4.944159131883483,44.75599975585938,60.39774988174438,-3.289170093330257,-37.08766978802981,-32.579616772349375,-43.43353237712266,-57.38298862317879,1
HK.02579,205,22.100000381469727,22.420000076293945,-1.4272956901662737,0.7644295389381025,865070.5,19118058.379998207,3.657279548583155,25.127600135803224,31.24802619934082,-9.128286764851204,-29.25736061655961,-32.74614990454136,-30.7949573126373,,0
HK.02580,256,9.225000381469727,9.329999923706055,-1.125397032100085,0.2877489787803203,1079110.0,9954790.161647797,3.2295741795487123,9.581312637329102,10.133166365623474,-7.842156138489894,-0.7487517042735506,-3.246219615390001,-21.231561334427322,-35.87597274565401,0
HK.02581,180,2.7799999713897705,2.7799999713897705,0.0,0.5894736842105263,24325.0,67623.49930405617,2.9611490256684254,2.724800024032593,,2.9629600849335267,11.19999885559082,-22.99168830540985,-34.89461396235041,,0
HK.02582,451,4.804999828338623,4.945000171661377,-2.8311494127960333,0.24025227579739586,1541361.75,7406242.94415772,8.501099719892066,9.326399955749512,23.558199944496156,-48.74666849772135,-67.24608177675961,-87.12486637826792,-81.51923142946683,-91.47293707462063,0
HK.02583,236,57.70000076293945,60.95000076293945,-5.332239473860937,0.4797666335650447,490140.0,28281078.373947144,11.385523298859816,60.560999908447265,107.67875007629395,4.813808469764487,-0.8591065179476588,-50.68376003167568,-65.65476145063128,,0
HK.02585,441,26.059999465942383,26.68000030517578,-2.3238411999310267,0.19186008570620608,454130.0,11834627.557468414,10.234373034899253,28.31120002746582,19.466389498710633,-12.25589630805388,118.07531281914672,12.653385007499812,86.80497737528722,77.80233708923792,0
HK.02586,436,4.980000019073486,4.764999866485596,4.512070485039972,2.1604978708878235,4817254.8,23989928.995881844,6.172611456155678,5.0379999732971195,6.709349989891052,6.183367981127416,-21.07765349868122,-31.12033186810882,-33.24396791410079,-52.66159883673496,5
HK.02587,422,0.8949999809265137,0.8500000238418579,5.2941124496989405,0.24847355429397158,9418256.4,8429339.298361016,9.00164476432717,1.8354999947547912,3.708725002408028,-51.09289836405122,-68.03571442256168,-81.95564568461414,-80.45851537477111,-89.47058845968807,1
HK.02588,492,71.30000305175781,71.55000305175781,-0.3494059948804686,0.5364638446323847,1309078.45,93337297.47999038,3.0319880525039626,75.38600021362305,76.57705570220948,-4.615380532765468,-9.746831580053401,-6.506074672016132,-0.09977799556333197,6.906025902430275,0
HK.02589,338,73.1500015258789,76.30000305175781,-4.128442201689186,1.031968796336258,132511.65,9693227.399696732,2.861599632339516,89.48972290039063,99.35663108825683,-11.707902386108147,-50.1495578204624,1.4359854361716364,-11.428787592976096,-43.926965234183555,0
HK.02590,295,8.180000305175781,8.1850004196167,-0.06108874996431731,2.0635043432284688,11842973.95,96875530.52518882,5.558916277695336,9.71519998550415,17.92539997577667,-16.700605301574747,-36.193443838549626,-57.94344481074689,-64.52731788976435,-62.68248048948553,0
HK.02591,268,3.7850000858306885,4.079999923706055,-7.23038831842438,0.9385924934200887,11547384.5,43706851.32361996,6.826674913859702,5.93059998512268,18.356999990940093,-10.731125232289434,-56.039486216525724,-84.48770432374836,-87.55752769119712,-90.87071835645982,0
HK.02592,298,1.190000057220459,1.190000057220459,0.0,0.0,53825.0,64051.753079891205,2.5264871202322006,1.2187999963760376,2.369750002026558,1.7094103307181667,-8.461530702353649,-45.41284308350457,-73.61419075769103,-75.862066964382,0
HK.02593,427,0.9599999785423279,0.9649999737739563,-0.5181342349755989,0.46365914786967416,56080.0,53836.79879665375,1.3592395317711625,0.9470999956130981,1.0526249980926514,1.0526305882884401,-4.950496276539116,-9.433959399563019,-18.644065998710722,-30.434783923227837,0
HK.02595,243,24.700000762939453,25.5,-3.13725191004136,0.788956113239917,1248579.65,30839918.307590675,6.491800835834366,31.221599998474122,31.520699901580812,-17.11408927748736,-13.937281859466822,-18.535616716526977,10.564013403008762,,0
HK.02596,412,2.6500000953674316,2.6500000953674316,0.0,0.0,10250.0,27162.500977516174,0.22743513014820144,2.6409000539779663,2.603789224624634,0.0,1.9719701775107106,2.359689372782591,2.7503872007525665,3.540770303268497,0
HK.02597,295,39.279998779296875,42.0,-6.476193382626488,1.487603305785124,12125.0,476269.9851989746,4.065803509351789,36.94359992980957,29.278850045204162,-6.476193382626488,1.3939005612646362,69.31033399811008,159.27392586368586,180.57141985212053,0
HK.02598,492,3.430000066757202,3.5299999713897705,-2.832858511134722,0.5000947547956455,1121351.8,3846236.748858309,5.811965687150916,3.94479998588562,5.540200008153915,0.5865096898272248,-24.7806993465344,-48.18730927413715,-49.260355760009276,-68.27012087314218,0
HK.02600,492,8.125,7.994999885559082,1.626017714843622,0.9179504331547007,39631661.8,322007252.125,3.45547952169952,8.09265811920166,10.290930082798004,2.588802854484118,-8.89872600989876,-37.06820017230074,-31.89026405905304,26.543880330146376,1
HK.02601,492,28.739999771118164,28.940000534057617,-0.6910876269821943,0.7448425527694115,9598754.7,275868207.88101935,2.7828325456643905,29.06434341430664,31.413825588226317,2.629174825454888,-8.552715546176183,-8.350854062961252,-15.844811466702707,-5.214128545505316,0
HK.02602,492,19.260000228881836,19.219999313354492,0.20812131611029874,0.6526997588937393,916104.05,17644164.212679576,3.5166831450858305,17.55850996017456,17.281999979019165,12.345742470490263,1.9254402402818278,6.961080302158185,12.087389159018263,-12.982331111023978,1
HK.02603,325,12.569999694824219,12.569999694824219,0.0,0.8633582596872875,2407175.0,30258189.01538849,3.2161254520722617,12.845599918365478,14.022563438415528,4.74999745686849,-15.124920062969549,-21.337300506181574,-3.1659758067016384,-27.2828103175147,0
HK.02605,315,1.184999942779541,1.0750000476837158,10.23254792712243,0.17573939134162023,93380.0,110655.29465675354,4.929792089447406,1.1515999960899352,1.7023499941825866,-5.200004577636719,-5.952384781855513,-23.54838843648321,-56.433826091354454,-75.96348916752645,1
HK.02607,492,10.859999656677246,10.893369674682617,-0.3063332926534814,1.8882688529660945,1867439.0,20280386.8988657,1.8112388124776526,11.527787017822266,11.29219666481018,-4.802487608895797,-5.304644935296349,0.3837711565585331,-1.7852815077454627,-4.781090832832399,0
HK.02608,492,0.009999999776482582,0.009999999776482582,0.0,0.4511477674755623,40854900.0,408548.99086821824,14.477274788561562,0.010279999822378158,0.010534999864175916,0.0,0.0,-9.090910630285256,0.0,-23.076926383393687,0
HK.02609,306,2.944999933242798,2.924999952316284,0.6837600428224228,0.5361796438386585,6862075.0,20208810.416907072,4.551212669153585,2.97449999332428,4.004725003242493,-1.6694475534829814,-42.81553633577779,-9.384617438683144,-24.29306288372596,-57.3806078397275,4
HK.02610,365,25.059999465942383,24.700000762939453,1.4574845825230962,0.5785780170151159,856114.15,21454220.14178572,4.177269419235195,26.22766830444336,41.75692321777344,-3.3667195973054653,-22.252501873172466,-60.686647072612246,-48.5427332053376,-45.36361197246377,2
HK.02611,492,15.029999732971191,14.859999656677246,1.1440113070093971,1.8840554822677038,14134686.45,212444333.5691315,2.5679098614263745,14.654003162384033,14.610842471122742,5.1997176980280715,3.2214793145035636,8.283945691538177,-5.767180477519482,1.6547039295944885,1
HK.02613,415,31.0,31.0,0.0,5.882352941176471,100.0,3100.0,0.18064560428742438,31.571999816894532,30.800699977874757,-3.125,1.9736854901274317,2.6490040293054635,2.242745092414565,7.713687492664363,0
HK.02616,492,5.195000171661377,5.945000171661377,-12.615643033537651,1.4928384018722993,14442731.15,75029990.80350912,8.03791073386035,5.335399980545044,6.268950004577636,1.4648493706773826,7.55694107082424,-19.830244500459727,-2.7153553704721007,-57.866989425739554,0
HK.02617,306,9.359999656677246,9.539999961853027,-1.8867956592823552,0.44071168507659053,4467040.0,41811492.866363525,3.9971624432164723,10.27589994430542,62.275325012207034,-6.865676825496298,-70.39848384487212,-89.05903059873131,-91.73144884362773,-85.166402721046,0
HK.02618,492,10.369999885559082,10.609999656677246,-2.2620148810949656,1.1822892233540634,12272804.75,127268983.85298896,2.156790350336764,12.692800025939942,12.754600009918214,-9.90443371549352,-20.900075079121873,-19.17381179092307,-12.267342188680999,-20.779222576945998,0
HK.02619,200,1.1299999952316284,1.1449999809265137,-1.3100424405900453,6.766467065868263,22350.0,25255.499893426895,3.211136450533366,1.2716999769210815,1.6078916525840758,-12.741310217838183,-20.760337799362077,-32.27773316126864,-48.911273345332745,,0
HK.02621,322,2.809999942779541,2.815000057220459,-0.1776239552142354,1.3719512195121952,13580.0,38159.79922294617,2.1174764194461777,2.9082999897003172,3.156756966114044,-0.7067131259962189,-16.617209548855435,1.1357743742617645,-19.202823638581282,-35.82193971615488,0
HK.02623,492,3.434999942779541,3.430000066757202,0.14576897740605177,0.5758777840986462,1377462.6,4731583.952180958,6.4799078682247355,4.061499996185303,4.654125738143921,-11.469076250929403,-27.22457424854956,-16.423361771467388,-29.897961715815764,601.0203828418423,1
HK.02625,361,0.9950000047683716,1.2000000476837158,-17.083336230781228,18.34334230689584,452800.0,450536.00215911865,11.889196211983181,2.0015999984741213,3.531000003814697,-50.24999976158142,-57.65957254692129,-78.13186894377534,-77.28310550751259,-72.7397266090151,0
HK.02627,271,29.31999969482422,29.31999969482422,0.0,,0.0,0.0,0.0,29.31999969482422,36.15209983825684,0.0,0.0,-44.311493171728316,-27.137180735969206,-41.12449770279387,0
HK.02628,492,28.540000915527344,28.959999084472656,-1.4502699662394012,0.6560835887180807,50334520.7,1436547266.86063,3.5994579034572634,28.576399955749512,28.60698045730591,5.8605411153914835,-6.05163826567496,2.4951020356160543,1.5710778901572544,31.299132381418033,0
HK.02629,326,12.40999984741211,12.40999984741211,0.0,,0.0,0.0,0.0,12.40999984741211,21.651349864006043,0.0,0.0,-18.622951820248463,-71.13953523857649,-71.85940980316681,0
HK.02630,212,79.0,78.80000305175781,0.253803223980619,0.9479330937108869,92200.6,7283847.4,9.265464782018002,86.54200004577636,85.35175003051758,-4.646950567323998,34.69735369937169,-22.54901960784314,-6.0083317886949175,,1
HK.02631,265,63.79999923706055,59.29999923706055,7.588532981274724,1.8123059892956181,1693806.05,108064824.69772854,5.352442395066792,67.63900009155273,69.12994995117188,-14.591697665977128,-31.728195483626887,25.098037719726562,7.407403363895009,28.1639228637235,2
HK.02632,120,62.20000076293945,62.0,0.3225818757087954,0.5370099911852524,144234.4,8971379.790042114,14.907257595143724,69.04100021362305,,-22.249999046325684,-49.55393412534656,,123.09900514799432,,4
HK.02633,492,0.9800000190734863,0.9649999737739563,1.5544088815740913,2.1062999852526696,340747.55,333932.6054992437,1.893226321433331,1.0043059647083283,1.1156492125988007,0.13989533765243212,-7.528475127520676,-18.536993920425672,-20.43147693294343,-24.837026306559874,1
HK.02635,179,10.619999885559082,9.925000190734863,7.0025156822970285,1.4502682106153135,4599500.0,48846689.473629,6.829475457300384,10.866800022125243,,-0.281687643622014,-31.748074555510247,-77.41386690308812,-69.25304109999344,,1
HK.02637,190,198.39999389648438,192.0,3.3333301544189453,0.8103082508720724,102043.4,20245409.93717651,5.188609095339968,193.48399993896484,,-0.8000030517578125,9.492272206359463,42.52873437220989,50.4169848955334,,2
HK.02638,492,6.28000020980835,6.25,0.48000335693359375,0.5042997516468672,2321547.75,14579320.357080102,0.8638079592554609,6.281171245574951,6.249663956165314,-1.7924547436440064,0.42908849387803505,-4.199634579716483,3.947163731296481,10.010739527165107,1
HK.02643,304,12.8100004196167,11.180000305175781,14.57960706571993,18.75237271651791,2340809.0,29985764.272242546,5.533025115574111,14.430399990081787,26.977399973869325,-5.1111080028392655,-64.99999739433237,-60.26675014668954,-56.81051758085428,-83.8969202662606,1
HK.02648,298,61.0,60.400001525878906,0.9933749320586013,0.4027819049035432,655216.6,39968212.6,3.2266215516333565,66.3155192565918,70.62213043212891,-6.065509134049871,-14.016282657154827,-14.968618098810662,-4.545010641008223,10.404747157562358,1
HK.02649,130,3.9000000953674316,3.9000000953674316,0.0,,0.0,0.0,0.0,3.9000000953674316,,0.0,0.0,,-37.09677072022871,,0
HK.02650,230,9.899999618530273,8.59000015258789,15.250284547989468,4.2459802587100155,27417227.5,271430541.7911577,14.684065876352975,13.916700057983398,31.066224942207338,-7.042253773371514,-32.51534037461783,-78.77358544578468,-74.24557759569865,,1
HK.02651,295,29.18000030517578,29.299999237060547,-0.409552679212985,0.015155745223946077,109120.0,3184121.6333007812,10.608850141483664,22.604000053405763,13.743452610969543,56.04277601424534,139.1803341096399,291.29450570937985,183.4743025325168,117.26423337885848,0
HK.02652,232,10.380000114440918,10.0600004196167,3.180911346685721,0.5383795417398455,3645387.5,37839122.66718149,9.47134397863648,15.056699962615967,24.666875100135805,-36.7073149031503,-43.24767854096284,-64.81355893409858,-69.43462781426602,,1
HK.02655,184,14.65999984741211,14.550000190734863,0.7560113761874147,0.8958114296750729,1475233.4,21626921.418897245,4.5328026510876205,16.3285998916626,,-11.097634621628409,-18.64595185902979,-67.42222256130643,-62.410256801507416,,1
HK.02656,245,7.480000019073486,7.574999809265137,-1.2541226743722715,1.63616494877516,2350187.5,17579402.54482627,7.02071132657119,9.974699964523316,41.75387495279312,-22.366374246141998,-41.60812042114435,-90.43478221102204,-87.2463771108804,,0
HK.02657,176,49.58000183105469,50.900001525878906,-2.5933195584544255,1.3677019121867136,70107.3,3475920.0623703003,6.462857972216042,51.537799758911135,,-6.540994261846721,49.517497162847654,-20.958339764503034,-40.5562124797423,,0
HK.02658,191,40.380001068115234,35.459999084472656,13.87479444633422,4.9265149989933565,152627.5,6163098.613023758,7.185695852537923,39.097200088500976,,12.479106829582923,-18.42424026643387,-13.60718952066625,-14.846050975684081,,2
HK.02659,188,13.0600004196167,13.489999771118164,-3.187541577443799,1.0159591035993827,433020.65,5655249.870702696,5.221688256456908,16.968599948883057,,-18.93234062806348,-32.049943360079546,-87.12031536184584,-81.26255237957214,,0
HK.02660,492,2.299999952316284,2.3499999046325684,-2.127657631718154,0.3442087828422302,360256.9,828590.8528216124,2.72077775091149,2.3183000040054322,2.281495014429092,-1.4989329875328017,-0.43290003077767186,12.107622119796389,-2.723733721407214,1.2145665307297544,0
HK.02661,179,4.335000038146973,4.159999847412109,4.2067355085055835,1.1815444986192345,12658301.55,54873737.702125885,6.553437532190314,5.639000024795532,,-14.581276826201822,-66.57671589130936,-95.71216606965962,-94.1967868604458,,1
HK.02663,492,0.375,0.38999998569488525,-3.8461503192516595,0.5689001264222503,684500.0,256687.5,4.679977480253114,0.46810000002384183,0.342325000166893,-25.742573556263366,-2.5974001846660313,38.888883369940515,27.118649718337736,17.187502619344798,0
HK.02665,184,1.9149999618530273,1.899999976158142,0.7894729412163299,1.1017439356085315,4074975.0,7803576.96955204,4.859480381518006,2.4406000065803526,,-25.341133757002677,-42.31927709761855,-81.31707354289729,-81.49758559157567,,1
HK.02666,492,4.599999904632568,4.519999980926514,1.7699098239742965,0.9668725695279679,6210955.55,28570394.93767712,1.7517006160399695,4.661099996566772,5.212828793525696,0.2178595144281154,-5.392330745676486,-16.08155840969974,-16.64382779836046,-18.420265947474345,1
HK.02667,52,2.299999952316284,2.299999952316284,0.0,0.33319735661254796,141915.0,326404.49323296547,2.7974468860464574,2.6772000074386595,,-11.877392921050653,,,-31.343283050972186,,0
HK.02668,492,0.5799999833106995,0.5400000214576721,7.40740004880958,0.7593799146259268,24011500.0,13926669.59926486,10.077591673937999,0.47629999816417695,0.34687999967485666,22.105261176576878,75.75756371623386,100.0,211.8279406219184,114.81480009761916,2
HK.02669,492,3.3450000286102295,3.3299999237060547,0.4504536110463554,0.46054266558391804,9489707.6,31743072.19350271,2.8570100969786156,3.374509139060974,3.834750213623047,1.879506079317598,-10.664308569063499,-16.549955122382958,-22.56272856638066,-30.176501332822653,3
HK.02670,226,85.69999694824219,85.1500015258789,0.6459135789869902,1.4838132447230894,243598.0,20876347.8565979,12.438349127080262,138.58899932861328,186.15324939727782,-35.32075702019458,-68.97176207074023,-44.638245956889186,-22.090911865234375,,1
HK.02671,175,5.400000095367432,5.400000095367432,0.0,0.0,2910.0,15714.000277519226,0.7720011297755072,4.61469997882843,,-3.571425226269879,33.33332940874785,61.93567728235242,-29.593187948710792,,0
HK.02672,57,47.0,39.099998474121094,20.204608271551823,2.6545524577437214,1800327.95,84615413.64999999,13.254615133228508,58.977600021362306,,-23.139822032368347,,,-35.61643835616438,,5
HK.02675,170,34.31999969482422,35.060001373291016,-2.1106721320054938,0.4424530210346892,528302.05,18131326.19477501,5.413216829888947,37.2523998260498,,-5.08849601867345,-11.954848389269015,-43.783783581130365,-39.3639565016664,,0
HK.02676,190,158.39999389648438,157.1999969482422,0.7633568521234032,0.28390395043395106,186753.65,29581777.02014618,5.338691538236094,154.74599914550782,,0.8917158576333598,-14.006516546798467,22.981358806980705,32.220358815892524,,1
HK.02677,149,22.239999771118164,24.139999389648438,-7.870752554140574,0.09975062344139651,5652.5,125711.59870624542,7.00852733543182,24.501200065612792,,-11.040000915527344,-6.711410953141468,-65.43900497517157,-67.24595099951246,,0
HK.02678,492,5.565000057220459,5.400000095367432,3.0555547951670965,0.8791125366534129,233774.75,1300956.4971266985,2.9728819820295302,6.348000011444092,6.03934999704361,-14.12036974012007,-9.21696650362933,-13.854488787019282,15.217394308992851,14.506170871156934,1
HK.02680,491,6.099999904632568,6.199999809265137,-1.6129017372408756,0.7299270072992701,13600.0,82959.99870300293,1.2378021296249406,6.522499990463257,9.586474964618683,-7.5757576852243265,-13.841808328163108,-49.95898183254276,-38.81645194328115,31.46551896892183,0
HK.02682,492,0.12600000202655792,0.12700000405311584,-0.7874031453886305,2.20175034546292,455200.0,57355.200922489166,3.451799623742086,0.1203875944018364,0.134635513946414,6.188480186162573,-15.049210516930195,-13.425948962602158,-9.385834868803315,-9.985915134614205,0
HK.02683,491,1.0950000286102295,1.0950000286102295,0.0,0.8407437348423605,95500.0,104572.50273227692,0.7526211191715667,1.1031000208854675,1.1583300018310547,-0.45454501120513113,-8.750001241763384,-14.453120852704068,-7.203383281017627,53.90251215337162,0
HK.02685,197,4.014999866485596,3.8299999237060547,4.830285808479285,1.264020377858795,41792888.45,167798441.5467974,7.927975137390092,7.004600076675415,,-4.518431882705087,-68.60828867505407,-85.91228117022598,-85.107566755082,,1
HK.02687,190,365.0,354.6000061035156,2.9328803489778803,0.645460399227302,191700.0,69970500.0,10.087125362718782,253.69399993896485,,23.06135957145337,172.79521051939525,163.5379061371841,121.88449848024317,,3
HK.02688,492,50.349998474121094,49.47999954223633,1.7582840338188181,1.1710151805532243,3562293.95,179361494.9468708,2.497544619980761,46.70799987792969,57.076615772247315,6.673723856494,10.271569519014795,-22.186958581539347,-25.068925041845525,-16.94832547897729,3
HK.02689,492,6.090000152587891,6.15500020980835,-1.0560528839118093,0.5917049002726443,19128683.45,116493685.12930545,5.124001408828292,7.307600021362305,7.090650005340576,-23.057483487818935,-16.916777408248855,-25.550123161553824,1.8394671097584243,8.362994245542634,0
HK.02691,180,6.639999866485596,6.550000190734863,1.3740408111443903,0.9700591577763527,2379250.1,15798220.346335841,4.213086448450691,6.683199987411499,,3.8311162828742686,4.762443930821267,-19.071017938862134,-4.4145768314496205,,1
HK.02692,131,37.279998779296875,37.380001068115234,-0.26752885489792116,0.8697103283316414,341365.0,12726086.783294678,4.098699479569482,43.75579986572266,,-18.17384184463214,-42.90965231694069,-48.58365140839365,-48.58365140839365,,0
HK.02693,193,2.9800000190734863,2.984999895095825,-0.16750004013579237,1.1126564673157162,18975.0,56545.5003619194,4.255464345160239,2.953300004005432,,-0.3344478405137593,-19.24119314734617,-27.75578813710777,-29.988506017536725,,0
HK.02695,180,1.1649999618530273,1.1699999570846558,-0.4273500354724066,0.006144393241167435,143500.0,167177.49452590942,2.5431740361594364,1.4157000017166137,,-11.406850862386253,-33.806819990585176,-19.38544809509103,-45.593471881124245,,0
HK.02696,489,57.349998474121094,59.25,-3.206753630175369,0.9595108528975977,1346433.35,77217950.56800576,6.374659469417502,63.54100021362305,66.18499982833862,-12.509541107362047,-5.2066140923618285,-13.040180245755591,-2.1331058575914885,-29.93280446760947,0
HK.02697,56,312.3999938964844,340.20001220703125,-8.171668816292978,3.566236150468102,108862.45,34008628.71555633,19.1499303507276,585.8479998779297,,-51.82729469599315,,,-21.900001525878906,,0
HK.02698,210,28.959999084472656,28.600000381469727,1.2587367069973086,0.22982836862318612,2148243.4,62213126.897224426,5.1149934764675535,31.193095169067384,29.327283611297606,-7.442180547421634,2.300756021599385,0.7988622753417685,-3.2536740764566767,,1
HK.02699,492,5.800000190734863,5.704999923706055,1.6652106625637775,0.2478007501113937,269294.6,1561908.7313638686,2.8007119477094737,5.396700019836426,6.0797352743148805,3.571433741219278,-1.192499083286638,-22.666664123535156,10.476194109235491,-93.13609444883448,2
HK.02700,492,0.5899999737739563,0.5849999785423279,0.8547000709448132,0.2727331612841641,67906.75,40064.98071907461,3.5240352529044623,0.571800000667572,0.5754749992489815,13.461537579812916,-1.666674945089223,3.508768627628134,7.272720179282098,22.916663950309097,1
HK.02701,121,8.029999732971191,7.90500020980835,1.581271598294775,0.839539068791696,1948750.0,15648461.97962761,4.886324988187093,9.166199979782105,,-9.775280032009169,-31.54305160833562,,-28.62222459581163,,1
HK.02706,144,40.619998931884766,42.81999969482422,-5.137787899623395,0.43000208616629376,3384539.4,137479986.8129219,11.336262491844925,43.075799827575686,,4.907018727483238,-39.19162114347258,-48.58227983305726,-56.133909717896124,,0
HK.02714,149,37.279998779296875,38.400001525878906,-2.9166737033258396,0.7352079239149775,3940305.55,146894586.0940567,3.935450798215424,34.46599994659424,,9.325514508715074,15.84834812229886,-18.042773755279292,-6.837363137055272,,0
HK.02715,131,14.609999656677246,14.34000015258789,1.8828417100165065,0.455926142715862,3513933.4,51338565.76758671,4.204382686398838,17.835399951934814,,-17.73648947978033,-19.504132431159164,13.255814641192964,13.255814641192964,,1
HK.02718,215,41.02000045776367,40.52000045776367,1.2339585250527794,0.3096954736825048,4683479.5,192116331.23392677,10.457578301026356,67.01340042114258,187.32685009002685,9.09575032561892,-82.95095618571379,-82.87979991117295,-79.48999977111816,,1
HK.02720,147,28.399999618530273,27.739999771118164,2.379235230200961,0.21019442984760903,47625.0,1352549.9818325043,5.727794719550414,23.87080005645752,,20.033811503327705,41.15307372726906,15.447151130627404,14.60855057133095,,1
HK.02722,492,1.7200000286102295,1.690000057220459,1.775146175977735,0.6338706522896287,5693908.25,9793522.352904022,3.569750893407902,1.9259000086784364,2.34446912586689,-13.784459924854527,-35.26728904271324,-42.22552792601167,-6.6486145816221605,-1.9799453133051415,1
HK.02723,79,519.0,453.3999938964844,14.46846206144695,1.6166089223492726,224726.15,116632871.85,14.33187535132236,626.4540002441406,,-12.478920741989882,104.49172330945935,,155.6650246305419,,1
HK.02726,116,82.05000305175781,81.5,0.6748503702549846,0.6157347088054949,294431.65,24158117.78103409,8.49133830731715,102.80600006103515,,-20.4941807382918,-31.965170738070547,,-20.339802862371055,,1
HK.02727,492,2.880000114440918,2.869999885559082,0.34844004461999734,0.4119784633759379,15635721.95,45030881.00536637,2.450875659009378,3.1319000053405763,3.8894923543930053,-6.341461145331823,-24.282651283997318,-39.61581174859662,-29.966040510434773,-17.595368813988518,1
HK.02728,491,0.5,0.5,0.0,0.0,382170.0,191085.0,7.465169554589657,0.38080000042915346,0.4699999964237213,66.66666004392862,-3.8461503192516595,-7.407411086706321,0.0,-30.555558315029742,0
HK.02729,120,35.5,37.97999954223633,-6.529751374742385,0.4800926465832858,660133.3,23434732.150000002,9.580795611595452,33.356000099182125,,2.6011605941314078,24.125872470270536,,15.635176279392892,,0
HK.02738,492,0.17299999296665192,0.21899999678134918,-21.004568260621447,1.3824593532593699,3433895.0,594063.8108482212,17.55427034465038,0.06969999976456165,0.16297000054270028,239.21567882679358,332.49999208375795,-23.451329213272082,-40.34482829494229,-46.7692309808449,0
HK.02768,151,39.0,37.08000183105469,5.1779883336934045,1.539105493798898,748757.65,29201548.35,6.517784908034079,36.76659996032715,,7.615889055471949,-29.595026732031528,19.139131507901947,45.2453173887082,,1
HK.02772,492,0.029999999329447746,0.029999999329447746,0.0,0.4558160465113481,5138495.15,154154.85105437052,10.75618423393661,0.03461999990046025,0.04779499998316169,-18.918921776153955,-3.2258070330838233,-47.368422256557345,-50.819673783049964,-61.53846319169685,0
HK.02777,492,0.12300000339746475,0.12300000339746475,0.0,0.14042525616179774,4709733.0,579297.1750011519,7.011566100767697,0.19767999947071074,0.39055999733507635,-37.878785826286325,-54.44444499633928,-76.34615232517727,-76.34615232517727,-82.67605533594647,0
HK.02779,492,0.32499998807907104,0.3449999988079071,-5.797104579113893,0.06930136729724667,437300.0,142122.49478697777,7.226924833102516,0.31860000371932984,0.4565250000357628,4.838705025652108,-9.722229120907686,-40.90909435729343,-41.964288090108596,-45.83333747254461,0
HK.02788,200,16.25,16.010000228881836,1.4990616345227,0.5207441576172664,4249031.25,69046757.8125,4.858241847964583,16.720800037384034,20.776284432411195,4.703605159181266,-13.194441260435525,-35.91516172589358,-18.26679181654849,,1
HK.02789,492,0.17599999904632568,0.17299999296665192,1.734107631005545,0.255863539445629,707300.0,124484.79932546616,4.69392526759789,0.18663999944925308,0.1685676147043705,-19.266053540830413,0.0,-7.469458323315399,29.86741959648735,38.7958125150269,1
HK.02797,50,80.0,80.0,0.0,0.037964855932862945,49330.3,3946424.0,8.340886952225746,73.13040019989013,,-23.076923076923077,,,280.9523809523809,,0
HK.02798,492,0.8999999761581421,0.8799999952316284,2.272725117600642,0.33796016898008446,421250.0,379124.98995661736,6.4504196791138195,0.8225000023841857,0.9941749954223633,15.384616560249448,12.499995343387196,-22.413792926264428,-22.413792926264428,13.924044520594197,1
HK.02799,492,0.6150000095367432,0.6150000095367432,0.0,0.6653152869262824,59845875.2,36805213.81873474,3.7537605740190467,0.605599993467331,0.7370999994874,6.956525615122539,-9.558823078252045,-22.151899641474298,-27.647059731004948,-42.5233664122384,0
HK.02858,492,1.0800000429153442,1.090000033378601,-0.9174302896359119,1.9444219997257024,34530077.25,37292484.91187015,4.296424286386595,1.3008999967575072,1.8698480904102326,-15.294112697192036,-25.517240869020895,-49.99999448105102,-54.29687322648533,-60.47297111577016,0
HK.02863,492,0.8100000023841858,0.800000011920929,1.2499987892806712,0.0051762439161160915,6842800.0,5542668.0163145065,5.693241497868938,0.8070999979972839,0.5188500007987022,6.578949019519266,62.00000047683716,113.15789803903853,149.23077910609535,116.00000063578288,2
HK.02865,338,11.970000267028809,11.539999961853027,3.726172500842316,0.6846333116080268,3254841.1,38960448.83613634,4.821532949491023,16.125600109100343,26.23034999370575,-31.40401293018361,-56.377550896283545,-68.73040582879383,-45.59090787714178,-48.67066713690608,1
HK.02866,492,0.925000011920929,0.9200000166893005,0.5434777327093245,0.2999463434542658,9090557.85,8408766.119617894,2.1470026687813526,0.9148549997806549,1.033767324090004,3.351958841759854,-2.7325095359455225,-23.911717554066872,-11.822927036145105,-16.25965427950363,1
HK.02869,492,4.170000076293945,4.139999866485596,0.7246427723635771,0.5001548958793512,3117522.6,13000069.4798481,3.137183354431562,4.204200019836426,4.1985830509662625,-1.4184383571866517,-8.405587504625478,4.8343724316242636,-0.36013404533714827,-6.666450367853841,1
HK.02877,492,8.039999961853027,7.949999809265137,1.132077418203232,1.0752573679962578,2182132.35,17544344.01075826,3.8719736466303925,7.3402384090423585,7.590018043518066,13.153450343981454,12.101839260857028,3.1885756292837137,11.005889906208129,11.235297416224382,1
HK.02878,492,0.24500000476837158,0.24300000071525574,0.8230469330160306,2.298307752853207,1019600.0,249802.00486183167,2.897725385207421,0.27048000067472455,0.36939500011503695,-5.769225478877488,-28.985505618860774,-36.36363354877704,-44.31818043274327,-47.87233927876985,1
HK.02880,492,0.6800000071525574,0.6700000166893005,1.4925358528601556,0.48878271137106294,3502565.0,2381744.225052297,1.9521560651708618,0.686000006198883,0.7803196278214455,0.0,-12.859676553282856,-25.567638967941487,-9.550554893943461,-16.912717804926896,1
HK.02881,491,9.9399995803833,10.0,-0.6000041961669922,0.7284768211920529,7825.0,77780.49671649933,1.0703132335277494,10.216699981689453,7.897886407375336,-1.0945334155612507,-21.732285593172293,78.77721802697376,95.02969087250092,61.91144090742592,0
HK.02882,492,0.3799999952316284,0.38499999046325684,-1.2987000923330156,2.479673564751165,19897.55,7561.0689051210875,1.1869391171699304,0.4049999964237213,0.4840999954938889,-2.5641002128344392,-17.39130688299524,-28.30188382176906,-24.000000953674316,-49.33333396911621,0
HK.02883,492,7.860000133514404,7.864999771118164,-0.06356818498735911,1.174917493551863,15452682.15,121458083.76215565,3.8255956634845134,7.1800000095367436,7.829026482105255,6.866079036455708,4.105959403285364,-18.48234456662048,14.261148971071098,15.225379087349506,0
HK.02885,492,0.9200000166893005,0.9350000023841858,-1.6042765408167188,0.2340966921119593,388100.0,357052.00647711754,2.359685849562632,0.8301094734668731,0.7677288317680359,14.811168647547934,5.747127775503971,28.412780446231412,33.22825001445784,59.179136870714174,0
HK.02886,492,1.1799999475479126,1.1799999475479126,0.0,0.02107925245593053,184560.05,217780.8493194401,2.051906767830328,1.0884000086784362,1.0648781606554985,10.28036352369719,9.259250061011974,13.317970213635514,9.410449248423017,9.410449248423017,0
HK.02888,492,244.0,238.0,2.5210084033613445,0.49068963994223297,778016.3,189835977.20000002,1.8455421427394751,231.98099670410156,200.18125,4.452052065390703,18.09134164830888,44.93508875955242,27.63955271993416,69.50885547592763,1
HK.02889,236,83.5999984741211,84.0,-0.47619229271298363,0.842465173750402,590364.0,49354429.499176025,9.27353299362516,140.9950001525879,176.25674995422364,-51.78777311605427,-61.96542433421385,-63.652174576469086,-62.844445122612846,,0
HK.02892,491,0.6150000095367432,0.6150000095367432,0.0,0.0,22500.0,13837.500214576721,0.0,0.6181000065803528,0.528525003194809,-0.8064508376086847,-33.870967225072455,75.71429143146602,83.58208782610745,57.69231592174613,0
HK.02898,491,6.389999866485596,6.389999866485596,0.0,,0.0,0.0,0.0,6.389999866485596,6.500349912643433,0.0,0.0,-0.15625357395032685,-3.7650603166701484,-19.113926717131328,0
HK.02899,492,34.41999816894531,33.29999923706055,3.363360232868372,0.5719279217801712,51305819.95,1765946228.735238,3.5400316404663714,34.37887393951416,35.0588240814209,-1.3753677247769276,4.069652304786849,-9.143484382651202,-4.125964279335178,26.466616750898357,1
HK.02908,17,0.7599999904632568,0.7599999904632568,0.0,,,,,,,,,,0.0,,0
HK.02912,14,1.2899999618530273,1.2899999618530273,0.0,,,,,,,,,,7.4999925494197,,0
HK.02913,10,0.699999988079071,0.6800000071525574,2.9411736347271384,,,,,,,,,,9.375000582076622,,2
HK.02920,2,2.109999895095825,2.0999999046325684,0.47619004368509765,,,,,,,,,,0.47619004368509765,,1
HK.02921,5,5.945000171661377,5.989999771118164,-0.7512454286519439,,,,,,,,,,5.035341553579312,,0
HK.02922,3,3.0899999141693115,3.0850000381469727,0.16207053356608964,,,,,,,,,,7.29165942304693,,2
HK.02923,3,9.369999885559082,9.279999732971191,0.9698292583794627,,,,,,,,,,1.8478269545477777,,2
HK.02925,2,0.5,0.5,0.0,,,,,,,,,,0.0,,0
HK.03200,149,110.0,104.19999694824219,5.566221901751846,1.060514047103109,1636438.9,180008279.0,7.384034223324811,108.1129997253418,,4.166668171834486,-35.74766240605974,-1.9222075122101339,0.48515124674273463,,2
HK.03223,17,98.80000305175781,93.80000305175781,5.330490231691202,,,,,,,,,,-1.1999969482421875,,1
HK.03231,6,37.060001373291016,38.400001525878906,-3.489583592034038,,,,,,,,,,1.0359898172127708,,0
HK.03268,130,18.65999984741211,18.510000228881836,0.8103707005698655,0.30501690261910414,1561690.0,29141135.161705017,7.471675974805349,18.446472892761232,,2.0787699479913626,-9.981120648423559,,-35.91147054114612,,1
HK.03277,105,80.5,77.6500015258789,3.67031348115461,0.937039497544796,1176867.65,94737845.82499999,8.919852890498328,74.41800003051758,,21.96969696969697,-13.731307747955643,,15.353564993148511,,1
HK.03288,308,26.899999618530273,26.920000076293945,-0.07429590530084917,0.5508428295471265,3054359.1,82162258.62485448,2.444261531711579,30.749200057983398,31.9238818359375,-15.832289145467207,-14.548919918379049,-19.263603487625762,-13.800219091067282,-18.469223481673342,0
HK.03296,101,70.9000015258789,69.0,2.753625399824502,0.7547884402431905,885215.15,62761755.485731125,5.231503508917991,70.73999954223633,,-0.42134190340114563,-14.112660321253411,,14.30357909737613,,2
HK.03300,492,0.29499998688697815,0.29499998688697815,0.0,0.8625984037217859,828231.65,244328.32588938027,4.481561266789728,0.35540000200271604,0.46589999958872796,-22.3684235292789,-28.048783058498977,-44.33962211103019,-46.36363991035895,9.259250061011974,0
HK.03301,492,0.06300000101327896,0.07400000095367432,-14.864864592747242,4.350748970058435,1453950.0,91598.85147325695,14.046626198098993,0.0746799997985363,0.10512000007554889,-31.521738162140995,-9.999998935631348,-47.49999798213438,-52.63157865252946,-67.52577363139751,0
HK.03302,491,0.30000001192092896,0.30000001192092896,0.0,0.0,319000.0,95700.00380277634,3.0377670446546796,0.331700000166893,0.35814500018954276,-10.447759866236506,-23.076917198752763,-9.090909090909092,-16.666666666666664,92.30769598154855,0
HK.03303,492,0.38499999046325684,0.38499999046325684,0.0,0.049782202862476664,156500.0,60252.498507499695,2.0150698480757305,0.432700001001358,0.49223993688821793,-7.228916095257991,-24.509804379889626,-23.000001907348633,-24.509804379889626,-35.266426028091516,0
HK.03306,492,21.5,21.780000686645508,-1.2855862158773546,1.6241302643109714,1740248.95,37415352.425,3.4722368354482405,19.98180004119873,20.00664623260498,7.823467523372912,9.359105630054692,3.945605431342017,14.178599150097023,9.502109035703278,0
HK.03308,35,1137.0,1085.0,4.7926267281106,1.2024055448120385,1741365.25,1979932289.25,6.891822644063803,,,3.5078503485802583,,,18.6027438181579,,2
HK.03309,492,0.8199999928474426,0.8299999833106995,-1.2048181523292238,0.6542759577377385,289924.6,237738.16992629765,3.3972491990987805,0.8918000030517578,1.2200560855865479,-4.651165208409023,-19.464285045253977,-39.598215551909085,-50.25735629635447,-56.63461814882472,0
HK.03310,79,26.459999084472656,23.399999618530273,13.076921007807169,14.586430409239433,965900.7,25557731.637691498,6.734456831705206,27.996799926757813,,-10.000001946274141,-21.014928106051773,,-33.684215356957175,,2
HK.03311,492,7.824999809265137,7.824999809265137,0.0,0.8239053088088907,9903517.95,77495026.06980385,3.3741547731739985,7.863957195281983,8.224455411434173,-0.5487805506253133,-6.2376142132095715,-9.944025536270571,-8.873090802310605,-18.39283218930627,0
HK.03313,492,0.6700000166893005,0.675000011920929,-0.7407400212333817,0.7146254458977408,42705.0,28612.35071271658,1.4792612405972805,0.7052000093460083,1.0846500036120414,-8.219178194041364,-8.219178194041364,-44.16666749450892,-58.12499958090485,-57.32484112705166,0
HK.03315,492,0.6200000047683716,0.6100000143051147,1.6393426604503258,0.5182341650671785,204800.0,126976.0009765625,2.8243740832681867,0.6413999974727631,0.7281292068958283,-3.124997089616889,-10.144926534683554,-19.139560496965792,-21.064810809744312,-42.84003720882795,2
HK.03316,492,20.979999542236328,20.959999084472656,0.09542203548323808,0.3722711604749138,329600.0,6915007.849121094,2.2189204995102116,22.48680004119873,22.50103611946106,-7.495594091996099,-7.267382135732404,0.6519302102967914,-7.580141710490827,-7.031425643647069,1
HK.03317,176,97.75,96.3499984741211,1.4530374136486743,0.6856186697604003,1926580.0,188323195.0,7.337974000672716,118.67800003051758,,-21.54895570058753,-35.30774582958428,-15.587221568284596,100.30738018078695,,2
HK.03318,492,3.2149999141693115,3.2100000381469727,0.15575937579194332,2.888292543817957,613836.0,1973482.6873140335,4.0854857341706525,2.7125,1.9896750020980836,27.32672446499345,19.962680376327704,75.68305129914346,78.61111107431812,65.72164017230044,10
HK.03319,492,1.6150000095367432,1.6050000190734863,0.6230523579077277,0.4437443905752172,1907862.0,3081197.14819479,4.057487487287278,1.7714000010490418,2.023098326921463,-13.636363346598712,-25.917433023793844,-20.396751706602057,-27.66488357964908,-41.252649302356886,1
HK.03320,492,4.269999980926514,4.260000228881836,0.23473595087816385,0.6878722401120093,10845921.6,46312085.02513046,2.446722363898142,4.57314920425415,4.601858654022217,-10.114738015133117,-5.62164676798654,-1.0583029542057993,-0.18077024600002498,-6.4464809401780565,1
HK.03321,492,1.0049999952316284,0.9900000095367432,1.5151500555948771,1.1706352976948367,682025.0,685435.1217478514,6.613123879714229,1.0745000123977662,0.808299999833107,-3.8277477029395643,-26.642336369805662,109.37500368648527,128.40909106302854,67.4999925494197,2
HK.03322,492,0.21199999749660492,0.1899999976158142,11.578947450975964,9.56175298804781,148400.0,31460.79962849617,3.7517644777040693,0.19240000009536742,0.20667499974370002,9.844556185136039,11.578947450975964,0.47393461991798,-3.636364252114102,0.0,1
HK.03323,492,3.325000047683716,3.305000066757202,0.6051431323006671,0.5600321379296795,32645343.6,108545769.0266513,3.687973498877548,3.7682000160217286,4.8520990037918095,-13.636360258532443,-35.43689347356234,-40.56649100063158,-33.05057976331328,-32.78906335468144,1
HK.03328,492,8.125,8.024999618530273,1.2461107317540405,1.3223710648689724,35991217.05,292428638.53125,2.1986177507148383,7.475100030899048,6.93780223608017,9.427606616611502,10.083411990368631,24.499098808943113,27.535661739967622,26.480007131840093,1
HK.03329,492,0.4699999988079071,0.4699999988079071,0.0,0.7711083058597128,3164089.55,1487122.0847281113,3.8732208346382127,0.5399000030755997,0.4516000001132488,-8.73786177416297,8.045976145262136,28.767119596634966,32.394369862614646,-12.962966642261877,0
HK.03330,492,24.700000762939453,22.700000762939453,8.81057239110426,0.8049592733479278,25699767.55,634784278.0923666,6.9180741957789875,20.83580011367798,20.81640559196472,12.068964323581856,54.85894080444791,-10.674705674649458,31.24384315334329,57.01803433819278,1
HK.03332,492,0.16500000655651093,0.14900000393390656,10.738256510182143,0.052083333333333336,115500.0,19057.500757277012,1.6014023993887505,0.14162000089883806,0.28089999958872797,6.451616314521787,-8.333333333333332,-61.62790609025003,-56.57894509816101,-59.75609561079388,1
HK.03336,492,2.390000104904175,2.3299999237060547,2.5751151572007323,0.44866645244215936,2505050.0,5987069.762790203,6.7258339078760265,2.846599998474121,2.754150017499924,-21.51067175627029,-43.764703414019415,-2.4489772086439867,18.31683799362974,102.54239077473615,2
HK.03337,492,0.8949999809265137,0.9200000166893005,-2.7173951423122418,1.1280967056044573,6610435.25,5916339.422665954,5.4093644053291055,0.8149999940395355,0.9252368828654289,16.233766635888994,-6.770833236320563,-17.29158792289057,16.825624256545684,-29.728949583229753,0
HK.03339,492,3.305000066757202,3.3399999141693115,-1.0478996500457742,1.1189657986613628,8778327.25,29012372.147266567,3.666226121006755,3.163499979972839,2.957822300195694,3.2812505471520046,13.965515795559199,20.271682857415044,19.8653619936656,28.5512626232417,0
HK.03347,492,44.060001373291016,43.70000076293945,0.8238000093054169,0.7171277840856154,1971614.9,86869355.20160103,5.779270856831192,39.481200256347655,40.780179748535154,13.73257476594608,37.130326028780345,4.746019991050841,4.301759637541234,-14.296877359373283,1
HK.03348,492,1.3600000143051147,1.3600000143051147,0.0,6.666666666666667,2000.0,2720.0000286102295,0.0,1.3782000136375427,1.2622427749633789,0.0,5.492817181249559,21.584952697690127,15.70180604642856,32.84280636587787,0
HK.03355,121,41.959999084472656,39.15999984741211,7.150151297167548,2.2729494949598372,639077.6,26815695.510906983,7.3664864046042124,38.02279998779297,,16.361612552659693,14.083742460838678,,-9.755654525638784,,2
HK.03360,492,6.53000020980835,6.5,0.4615416893592248,0.7405417788664319,7541704.5,49247331.967312574,2.4495383138293376,6.5325130844116215,6.778693079948425,-4.533793338545456,3.167434824832591,-4.105795350535382,-11.426877225702887,-0.1641767618000043,1
HK.03363,491,0.35499998927116394,0.36000001430511475,-1.3888957875743526,13.333333333333334,500.0,177.49999463558197,0.0,0.3485000044107437,0.32972288355231283,-1.3888957875743526,22.92242078625081,8.460964125948433,2.435352416988251,-2.9559762108258973,0
HK.03366,491,0.1899999976158142,0.20000000298023224,-5.000002607703171,0.0,25100.0,4768.999940156937,0.2979996334074224,0.20991999953985213,0.26151499956846236,-9.523807834335413,-21.161825623517768,-21.810700799769233,-36.666669978035685,-14.027150724705498,0
HK.03368,492,0.13300000131130219,0.12999999523162842,2.3076970690102603,2.0455375624010714,218300.0,29033.900286257267,4.662126713680752,0.15413999915122986,0.15931500002741814,-16.874997322447538,-26.11111331869046,-16.35219748556485,-23.999997956412145,4.1102746835713235,1
HK.03369,492,2.430000066757202,2.4149999618530273,0.6211223660916847,0.3319035947712418,492450.0,1196653.5328745842,1.6323615550781951,2.3350467586517336,2.37602783203125,5.652179005916824,7.076307698384866,-4.46723081236174,-5.520897381740511,9.821867658093828,1
HK.03377,492,0.04100000113248825,0.03999999910593033,2.500005122274275,0.25613119673087764,19170972.45,786009.892160901,6.64011467785582,0.04755999989807606,0.0737100000679493,-17.99999895691873,-29.310340840949628,-51.764705057375174,-58.585857217524214,-65.54621832955483,1
HK.03378,179,29.219999313354492,29.299999237060547,-0.2730372893828119,0.1011261778901402,10037.5,293295.7431077957,3.9990873496621435,28.99959991455078,,0.61982917407866,8.78629430147299,64.1573065492997,71.27784424429582,,0
HK.03380,492,1.2699999809265137,1.2699999809265137,0.0,1.1665311009870518,3179737.1,4038266.056351328,3.721292114200239,1.3902999949455261,1.4042749947309494,-5.925929000184642,-19.108284172157948,-3.0534323358943007,-28.651685318009534,38.04347368348081,0
HK.03382,492,0.6200000047683716,0.6150000095367432,0.8130073421291051,0.41485223021378914,1406325.2,871921.630705881,1.7968526839344352,0.6124000084400177,0.6349682858586312,4.201676463198792,-4.034156947108913,-4.034156947108913,-1.1695145779582166,-5.405097437476532,1
HK.03383,492,0.14499999582767487,0.14499999582767487,0.0,1.2844055339858498,1014184.2,147056.70476849377,4.616867840270555,0.16383999913930894,0.23609000012278558,-20.76502887975349,-25.64102505320861,-48.21428742487819,-47.27272993276922,-68.47826234841389,0
HK.03388,77,21.260000228881836,20.360000610351562,4.420430213900336,0.8063795605716445,1273907.15,27083266.300574206,9.285339035604592,22.00979991912842,,-12.438222291421653,-4.663672841971798,,-6.754381840835768,,1
HK.03389,492,0.3199999928474426,0.28999999165534973,10.344828294942289,2.016803267531417,4363806.85,1396418.160787621,12.800437336486983,0.28529999643564224,0.21268499858677387,23.076924840374172,44.144139064615196,72.97296687753824,130.2158245616593,151.96849026367545,2
HK.03390,491,0.25,0.25,0.0,0.14035087719298245,28700.0,7175.0,1.2755994945411426,0.24205999910831452,0.26958999924361704,-1.960782480441495,0.0,-12.280700653653822,-13.793100967701989,-21.874998253770134,0
HK.03393,492,14.079999923706055,13.770000457763672,2.2512669254676885,0.6236657061816039,4372743.35,61568226.03438615,6.149239312791033,17.321799964904784,21.527833671569823,-12.43781100428667,-36.51938805239585,-47.083386528497115,-20.183612911485035,31.05923544200285,1
HK.03395,492,0.22300000488758087,0.19599999487400055,13.775515673323053,2.317421460628315,57675.0,12861.525281891227,4.313224556227023,0.22357999801635742,0.26600999861955643,3.7209307805727123,-7.08332921999187,-43.54430409353372,-20.35714145065571,-36.28571180421475,1
HK.03396,492,19.889999389648438,18.549999237060547,7.223720796229145,1.353331772721771,11154722.6,221867425.70569763,5.357371616572019,16.25079999923706,11.744584858417511,13.33333478241118,24.91213670840012,127.19012328249921,123.89385442534986,84.04485093516514,1
HK.03398,492,0.05999999865889549,0.05999999865889549,0.0,0.8700870087008701,347800.0,20867.999533563852,8.947649355652686,0.09151999980211258,0.08334000013768673,-39.39394042019017,-46.90265512982703,-11.764712649748445,1.694912364756178,-41.74757418499691,0
HK.03399,492,1.1799999475479126,1.2400000095367432,-4.838714639304418,5.944350758853289,152450.0,179890.99200367928,1.8468765859453684,1.3084999990463257,1.4086399978399278,-11.278202295289647,-14.081760778647299,-21.019257035537102,-23.398190989648505,-29.746407175938938,0
HK.03600,492,7.840000152587891,7.599999904632568,3.1578980390385336,0.7196303512604255,703039.45,5511829.395275306,4.192687695078131,7.621862430572509,6.076689085960388,-2.98278709660669,33.297434244795625,48.689786421246154,52.56625796553356,55.33231168321251,2
HK.03601,492,0.550000011920929,0.550000011920929,0.0,0.14994232987312572,84600.0,46530.00100851059,3.7824807678421086,0.694799998998642,0.8169999977946282,-18.518518191469717,-32.926827229466326,-31.24999953433872,-38.888885945449566,-47.1153815293452,0
HK.03603,492,0.08299999684095383,0.08500000089406967,-2.352945920092787,2.6751592356687897,133500.0,11080.499578267336,5.996902944594266,0.07806000031530858,0.06809000002220272,23.880589214139466,-1.190478619095182,65.99999120831502,65.99999120831502,84.44443009517867,0
HK.03606,492,54.79999923706055,56.099998474121094,-2.317289255649866,1.2805488447629376,3256836.95,178474662.3752306,2.751793353717563,55.53260009765625,59.22683881759644,-6.003430610295953,0.0,-7.79782323011086,-16.894929277196297,-20.75230604838109,0
HK.03613,492,5.840000152587891,5.804999828338623,0.6029341134241616,0.9184621138288244,1174060.3,6856512.331147385,2.0176966175714726,6.472800006866455,7.295558106899262,-9.806946121966183,-13.991160745248028,-27.840575532922017,-26.381942592744423,-31.43655992618413,1
HK.03616,492,0.19699999690055847,0.21199999749660492,-7.075472062817672,2.2382671480144403,145600.0,28683.199548721313,6.000682611889128,0.22720000088214876,0.2388500002771616,-17.916666123395153,-16.170213872245558,-12.831858261207207,-21.20000123977661,-24.230767643663246,0
HK.03618,492,6.309999942779541,6.239999771118164,1.1217976639257699,1.4314714254148804,8725942.2,55060694.78269758,2.5176313718203334,6.386999979019165,6.235192737579346,-2.623457959777167,-4.682778672787854,8.519985166589663,7.609686948631674,11.928462365289446,1
HK.03623,491,0.550000011920929,0.5799999833106995,-5.1724090091395505,0.45662100456621,20800.0,11440.000247955322,0.9726577963634587,0.573700001835823,0.7673750032484531,-7.563027651344701,10.000002384185791,-30.37974721746286,-50.45045001506225,-61.538459294069234,0
HK.03625,115,71.5,66.19999694824219,8.006047275049827,4.2107777502635155,328686.5,23501084.75,11.267409891074601,85.44799980163575,,-23.855166306579292,-32.09876739998212,,-10.625,,2
HK.03626,491,1.7799999713897705,1.8700000047683716,-4.812835997278459,0.3321678321678322,111300.0,198113.99681568146,5.261704271666436,1.6705999994277954,2.2697499936819074,11.949681385064965,-4.301077543014524,-28.5140576476972,-44.72049827409384,-85.32563928609812,0
HK.03628,491,0.22300000488758087,0.210999995470047,5.6872083768539055,0.0,25600.0,5708.80012512207,0.0,0.2005400013923645,0.20109500035643577,11.500000782310952,11.500000782310952,11.500000782310952,11.500000782310952,2.293582684904959,1
HK.03633,492,2.694999933242798,2.740000009536743,-1.6423385451576535,0.7997065297138665,1779250.0,4795078.631222248,3.0579474769275667,2.5733999967575074,2.702174656391144,7.370515676591561,1.350821376003856,-12.336418663988491,-1.2196656569856488,-26.115522594978717,0
HK.03636,169,16.639999389648438,15.829999923706055,5.116863359736196,0.3227402254607307,226973.2,3776833.909466553,6.317244010908361,15.712599925994873,,-3.926098828852679,-18.709489979889245,-45.440154696104955,-55.139682126683454,,1
HK.03638,492,2.940000057220459,2.8499999046325684,3.157900196473647,0.7727809380701943,89420.0,262894.80511665344,11.149338253075475,5.91630000114441,9.567175002098084,-46.54545350508256,-63.8376381816,-71.2328769040709,-78.84891987118398,-81.53266304565956,1
HK.03639,492,0.03700000047683716,0.03700000047683716,0.0,0.10123361428538974,19383400.0,717185.8092427254,24.822240555926996,0.030620000436902047,0.042445000261068344,12.121214173713673,-2.6315745616387045,-26.00000014901161,-30.188677521225543,-56.4705881321719,0
HK.03650,492,1.2999999523162842,1.2999999523162842,0.0,1.0329116959414903,339020.0,440725.98383426666,6.592605282912602,1.764699993133545,2.8486250054836275,-28.17679594398612,-45.60669894328701,-58.86076212005719,-63.98891994201079,-78.51239815980271,0
HK.03658,492,1.659999966621399,1.690000057220459,-1.7751532297816113,0.2821616451458632,208750.0,346524.993032217,1.8685808528765466,1.805400002002716,1.8533118546009064,-9.78261214629908,-12.235718542220967,-11.34016647440711,-9.493078685857,-11.972258890555382,0
HK.03660,492,31.6200008392334,32.720001220703125,-3.3618592311473288,0.9322373696872494,51960.0,1642975.2436065674,3.8976620298049367,45.68818111419678,56.87313941001892,-32.996240867103204,-47.393741494077304,-44.115097369861196,-57.88437486218033,-71.3839369340003,0
HK.03661,58,92.4000015258789,92.0,0.4347842672596807,1.058603208568231,347100.6,32072095.969633482,6.233008773416406,93.67600036621094,,2.099449199866195,,,-26.256983818499087,,2
HK.03662,492,0.36500000953674316,0.35499998927116394,2.816907202197346,1.285540318737756,982700.0,358685.5093717575,3.6592261744804144,0.347286536693573,0.357838542163372,8.366947578765636,15.035690800642948,-7.687409580171607,-14.053799147230464,-20.454048443828,1
HK.03666,491,0.024000000208616257,0.024000000208616257,0.0,,0.0,0.0,0.0,0.024000000208616257,0.02888000006787479,0.0,0.0,-22.580643223053922,-41.4634157422041,-35.13513540725276,0
HK.03668,492,34.20000076293945,34.34000015258789,-0.40768604841688394,0.33018363975582266,1554003.35,53146915.755610466,3.1151738780507783,32.37380546569824,33.70964241981506,5.834010831390753,4.6702853758437675,-12.777637249846771,31.871114889040324,19.24223211238502,0
HK.03669,492,0.8500000238418579,0.8149999976158142,4.294481758089831,0.8243164094152905,3051911.05,2594124.4652632293,5.235664195199872,0.845999995470047,1.1917499986290931,1.1904821881092846,14.864866606417648,-40.972222912090764,-50.29239737544372,-58.19438617195098,1
HK.03677,352,4.375,4.300000190734863,1.7441815334505686,0.7028689557807695,1746960.0,7642950.0,3.1912543191513834,5.301999940872192,7.415949981212616,-16.187736094920925,-34.210527259274144,-46.58119384427068,-47.97859596458546,-58.530806436930895,1
HK.03678,492,2.1549999713897705,2.115000009536743,1.8912511429155356,1.3489138765525424,4813100.0,10372230.362296104,3.401380709935844,2.21100800037384,2.7950669968128206,-0.9195393731027225,-14.982106099991386,-34.36308506516871,-34.36308506516871,-48.46170706360095,1
HK.03680,492,2.309999942779541,2.184999942779541,5.720823948443099,1.129983216814209,1354152.1,3128091.2735147956,4.613888149686924,2.2601000118255614,2.0172750025987627,-3.7500062088169175,10.000002270653237,5.479446686014497,45.28301221925182,3.1249970064631656,1
HK.03681,492,1.1299999952316284,1.1050000190734863,2.2624412422276623,1.5307556769812516,805050.0,909706.4961612225,5.128535541858429,1.186300015449524,1.4282750028371811,-7.3770517432794795,-5.833337472544612,-40.52631529414422,-18.705035477628318,-52.11864214147577,2
HK.03683,492,0.035999998450279236,0.03500000014901161,2.85713799145759,0.18502064495897141,2413250.0,86876.99626013637,5.947596248810079,0.040459999591112135,0.06366500055417418,-2.7027081450551504,-28.00000417232507,-50.0,-52.000003973642826,-61.702127996857435,1
HK.03686,492,0.45500001311302185,0.4650000035762787,-2.150535566956493,0.21961932650073207,620000.0,282100.00813007355,2.0387560284569806,0.5268000018596649,0.6246688571572304,-7.142856273984786,-26.715692580514844,-32.35293700625309,-32.35293700625309,-17.555144259504026,0
HK.03688,492,0.1850000023841858,0.1899999976158142,-2.6315764707211,0.3756708407871199,54900.0,10156.5001308918,4.883095814190415,0.23854000151157378,0.3033700011670589,-18.50220090809121,-33.92857085837394,-40.322580335043476,-50.0,-59.782608906916266,0
HK.03689,491,1.899999976158142,1.899999976158142,0.0,0.0,710.0,1348.9999830722809,0.40785496313299596,1.8509999799728394,1.7344616609811783,6.44257768555661,12.701480876353644,17.060105845302694,23.185340575379744,4.890487372553789,0
HK.03690,492,74.44999694824219,74.75,-0.4013418752612876,0.41798638505655067,39066934.2,2908533131.9671783,3.4639210333174573,84.1150001525879,86.36550003051758,-14.474446481091984,-4.856233931958866,-5.400254339012305,-28.82409365745666,-27.718449564813408,0
HK.03692,492,34.0,33.91999816894531,0.23585446749207484,0.5672002952662765,13134811.5,446583591.0,4.323892458977981,33.33760017395019,35.22212997436523,3.09278493608647,15.209133904292834,1.474234146927935,-6.100128372409571,-7.2062433758872935,1
HK.03696,176,50.29999923706055,50.650001525878906,-0.691021279909598,0.6129651413717628,15587532.75,784052885.4326563,6.80241800572393,45.813200073242186,,27.600206934272244,45.71262621680498,-15.391087314473051,33.84778282659512,,0
HK.03698,492,4.824999809265137,4.769999980926514,1.1530362381246804,0.6969128185121098,5534305.15,26703021.293165065,3.2884044683390927,4.84100001335144,4.1539443695545195,-0.7201712610645105,-0.9238516134944961,26.583764139997314,57.55227753655463,45.53557264130441,1
HK.03699,492,0.46000000834465027,0.46000000834465027,0.0,0.6195786864931846,82700.0,38042.00069010258,2.405066518569252,0.40969999730587003,0.3849478982388973,10.84337773352831,23.2083664934756,26.49392347182041,23.2083664934756,17.99805622870297,0
HK.03700,492,0.7850000262260437,0.8299999833106995,-5.4216816854815075,0.17996076043569448,614850.0,482657.26612508297,4.206398451711279,0.9158000040054322,0.9429500022530556,-5.4216816854815075,-46.59863871103458,17.16418010032262,-27.98165117547465,-43.928568600391806,0
HK.03708,492,0.20999999344348907,0.1889999955892563,11.111110235087505,12.155388471177945,1142200.0,239861.99251115322,4.8930348375747545,0.19107999980449678,0.2595249998569489,15.38461412500748,9.947640752195015,-22.222227741170595,-43.243245746725364,49.99999467815674,2
HK.03709,492,4.460000038146973,4.684999942779541,-4.802559389127318,0.2825248740901509,459018.3,2047221.6355101585,4.137139588465279,5.116300010681153,6.084343886375427,-13.398059115399496,-19.928188497403976,-34.583639143153405,-38.175129148588994,-38.336340711683945,0
HK.03718,492,0.38499999046325684,0.38499999046325684,0.0,0.7363136504900789,863200.0,332331.9917678833,1.7612326309414155,0.38597349226474764,0.3794975110888481,-1.6728422791549367,-5.14321085285491,8.474244951692125,7.101149145314416,11.328839201259717,0
HK.03728,492,0.05999999865889549,0.05999999865889549,0.0,8.333333333333334,136000.0,8159.999817609787,2.1066832083210176,0.05981999985873699,0.06152499996125698,-1.639347566099932,-9.090910630285256,-6.250006548361542,-3.2258070330838233,0.0,0
HK.03737,492,0.7049999833106995,0.699999988079071,0.7142850452539758,0.8822642268248542,403740.0,284636.6932618618,5.890750329575887,0.6719999992847443,0.7221499973535538,7.633589939681917,-6.000002225240072,-7.236843137199542,17.499992549419698,0.7142850452539758,2
HK.03738,492,2.9049999713897705,2.8350000381469727,2.4691334144937636,0.3410056568569907,41695288.0,121124810.44708824,6.921441957823077,2.6388999891281126,3.563874992132187,27.133473184693006,10.877866346542694,-32.44186412714296,-32.44186412714296,-46.40221530446668,1
HK.03750,330,501.0,516.0,-2.9069767441860463,3.3981107871573815,2533084.15,1269075159.1499999,2.963533324843303,609.6794812011718,591.3174032592774,-20.286396181384248,-28.761137060701213,1.1068327616880675,-1.1530877738303482,17.669453898360167,0
HK.03752,50,50.75,48.65999984741211,4.295109246078313,0.2453826173347857,216694.75,10997258.5625,8.178979416569934,57.62540023803711,,-26.7676799926018,,,15.920514881327886,,1
HK.03759,492,29.100000381469727,28.84000015258789,0.9015264476637163,0.5687309785142881,8859921.95,257823732.12479198,5.469227440426745,27.05800003051758,21.494517521858214,-7.442748450506762,89.61848441985319,56.70280527417222,48.40539484747593,25.97940338891689,1
HK.03768,492,0.3449999988079071,0.3799999952316284,-9.210525490240366,0.06802721088435375,29500.0,10177.49996483326,3.087515755251713,0.45109999656677247,0.6136749994754791,-16.86746849517443,-40.51723987324763,-49.264706591318216,-54.605262745120186,-51.40844940358835,0
HK.03773,492,2.4200000762939453,2.4200000762939453,0.0,0.603448275862069,155300.0,375826.0118484497,2.676116508411689,2.5622999620437623,2.1129249858856203,-2.419352512826054,-6.923070574652987,52.20125946486126,47.56098154894592,50.31056240943148,0
HK.03774,492,20.059999465942383,18.8799991607666,6.25000189421549,0.5575381432635118,967500.0,19408049.483299255,19.382103406096597,17.264799919128418,9.531749987602234,53.1297624564786,79.10714113894771,194.9999838716848,267.3992550511115,888.1773275203047,1
HK.03778,492,2.930000066757202,2.8499999046325684,2.807023326372626,21.176470588235293,3500.0,10255.000233650208,0.03449297960948711,2.9218000268936155,2.975450006723404,-0.6779654441774425,4.642861309100241,-5.177988733217241,-8.437499278225015,-5.412355978582125,1
HK.03788,492,3.299999952316284,3.140000104904175,5.095536371550287,1.6728300412712664,3913522.25,12914623.238388717,5.288795724750928,2.9524999856948853,3.4977750074863434,5.431304525870014,19.133573106108663,-16.666668673557044,-11.764707382312542,19.565216076772167,1
HK.03789,492,0.23199999332427979,0.23199999332427979,0.0,0.4932472108044627,349000.0,80967.99767017365,2.7699453749970284,0.21474464982748032,0.1447187197767198,15.865274024048887,29.089028176830073,104.76190851952826,220.97809606362472,265.42123733976115,0
HK.03798,492,1.2899999618530273,1.2699999809265137,1.57480167140813,1.509433962264151,28500.0,36764.99891281128,1.693986948613918,1.232099997997284,1.3239749985933305,11.206896463132214,-6.521741571708836,2.3809501283202863,-3.7313485283658054,37.23403884307891,2
HK.03800,492,0.7200000286102295,0.6949999928474426,3.5971274849026575,0.8349929860096326,355523731.55,255977096.88761556,4.464726691823937,0.6807000041007996,0.9108250024914741,0.0,-5.2631529414422,-33.944953526423944,-35.13513339358235,-51.02040717026832,1
HK.03808,492,38.720001220703125,40.86000061035156,-5.237394414297403,1.862657857189677,7094156.8,274685759.95585936,4.2973505725891075,39.43212913513184,36.22428045272827,3.0344680012205516,-11.509979020900985,9.350425967404787,46.48383852225053,85.1533182781655,0
HK.03813,492,0.35499998927116394,0.3449999988079071,2.898547970379774,0.4027764929910017,4205761.85,1493045.4116270705,3.0698971683028886,0.3277140188217163,0.37476211205124854,4.643593313392892,-1.979424589606801,-9.036688648011733,-16.778248953966273,-21.227865011968756,1
HK.03816,491,4.539999961853027,4.539999961853027,0.0,0.0,2223400.0,10094235.915184021,9.835913353995752,2.614900007247925,1.8924116183817388,81.5999984741211,136.4583366317675,66.24033083695306,839.7667466435583,1254.3696985301335,0
HK.03818,492,0.26499998569488525,0.25999999046325684,1.9230751596258298,0.4547056880450361,2432894.5,644717.007697165,2.8710420937033456,0.2838999950885773,0.3874335633218288,-8.620691958562439,-18.461539872299337,-39.77273019754198,-40.44944045971389,-42.090977727173886,1
HK.03822,492,1.0549999475479126,1.0549999475479126,0.0,3.020361990950226,20350.0,21469.24893260002,1.3647270826100084,1.0438000130653382,1.1204228579998017,-3.211016950357425,-18.21705591119148,-14.227647870883352,-12.083341197834763,10.95252318803014,0
HK.03828,492,0.75,0.699999988079071,7.142858967489158,1.4787912331930146,196306.9,147230.175,2.2527410591695793,0.719788726568222,0.7882051295042038,7.968366583269394,-0.3368831752068937,-16.710114552690868,-11.278172268209872,-9.625195835590684,2
HK.03830,492,0.19699999690055847,0.20000000298023224,-1.500003017485097,0.2783300198807157,254500.0,50136.49921119213,3.8798522686254806,0.19691999912261962,0.1572400001436472,0.0,-3.9024396980893874,9.444438373601237,173.61111858468766,166.2162085969228,0
HK.03833,492,1.9900000095367432,1.934999942779541,2.842380795019405,0.30842176817244654,3484960.0,6935070.433235168,5.241223044341674,1.8617999958992004,2.145121743679047,6.98924700171014,8.743167369903745,-12.861235317515419,-32.63944142805919,6.654221683953364,1
HK.03836,492,0.5400000214576721,0.5099999904632568,5.882359128509954,0.38186761079850795,380900.0,205686.0081732273,4.094255282299634,0.6460999965667724,0.8770499955117702,-15.6249947613104,-6.8965453455194,-54.621849118312106,-47.05882043574503,-63.999998569488525,1
HK.03838,492,0.17800000309944153,0.1770000010728836,0.564972892935831,2.7259855413313145,6032842.95,1073846.063798444,2.966372795712772,0.1663000002503395,0.16849919512867928,12.658224624809055,4.705883074796728,8.189147590687169,4.005038055323183,-4.924689524663959,1
HK.03839,492,8.5,8.529999732971191,-0.3516967633097665,80.46462513199577,56334.0,478839.0,1.4024492695677304,8.866199893951416,7.747999951839447,-2.9126226283002388,-4.386955323524613,43.09764171917294,17.40331862865844,35.78274263926463,0
HK.03848,492,2.059999942779541,2.049999952316284,0.4878044241882981,0.8967331725498794,454000.0,935239.9740219116,2.418998384805813,2.188999981880188,2.2252616548538207,-7.415728940459217,-8.035717231734662,-7.871429581338653,-7.871429581338653,-10.73799225345332,1
HK.03858,259,55.25,55.20000076293945,0.09057832675632081,0.6111586813356271,2765024.75,152767617.4375,6.714925066327682,55.254827651977536,72.04969249725342,-9.113171278783792,-35.60047960858703,-59.2565120013827,17.150066346279452,80.19674829945684,2
HK.03860,492,0.6000000238418579,0.6000000238418579,0.0,0.02877697841726619,348000.0,208800.00829696655,4.891309021969869,0.5795000040531159,0.60967500269413,4.347832396711109,3.448282949422888,-4.761900256640573,-11.764703304297399,27.65957986461249,0
HK.03866,492,5.059999942779541,5.039999961853027,0.3968250213867144,1.1022061060377337,3618347.45,18308837.8899565,2.598816653820547,4.873699979782105,4.319977242946624,6.414296971567671,10.239646504731803,24.797678099370177,38.84558482855661,17.342946273492856,1
HK.03868,492,0.7850000262260437,0.7799999713897705,0.6410326948300152,1.2430071904810935,8108988.95,6365556.538416699,2.1391228596965006,0.8373982870578766,1.0494500941038132,-2.484469658237336,-22.652209666709698,-33.76923391033891,-27.378541533431992,-40.439954501406724,1
HK.03869,491,3.4000000953674316,3.4000000953674316,0.0,,0.0,0.0,0.0,3.4000000953674316,4.224350017309189,0.0,-0.2932548449136124,-14.999997615814209,-42.37288067101817,-46.7084634109701,0
HK.03877,492,2.4649999141693115,2.450000047683716,0.6122394364758037,0.7035494914921,15909452.5,39216799.04698074,2.921851488930525,2.2465000200271605,2.228645529747009,11.286682152931693,1.3418561855436675,2.5777283115057568,23.54734649085726,38.06300139258702,1
HK.03878,492,0.19200000166893005,0.19599999487400055,-2.0408129131033443,18.152173913043477,105300.0,20217.600175738335,2.2832837363350995,0.21781999975442887,0.2310599985718727,-10.69767512779998,-17.241376209627486,-21.311475610066662,-16.521739919154076,7.865167598714749,0
HK.03880,301,19.18000030517578,18.93000030517578,1.3206550236116257,1.6762888686316215,101695.0,1950510.131034851,5.768508440474453,21.900800018310548,23.859950046539307,-14.374997179423014,-19.479426738433798,-14.374997179423014,-34.315069164248186,-45.94137386517325,3
HK.03881,181,21.520000457763672,21.84000015258789,-1.465200057639656,0.33348029981161564,1199538.5,25814069.06910515,5.646647094733735,19.621800041198732,,13.8624385826159,18.371837714639668,-6.190061217242597,-4.355553521050347,,0
HK.03882,491,0.4000000059604645,0.4000000059604645,0.0,0.0,60750.0,24300.000362098217,3.1272867600154797,0.4241000008583069,0.5125249975919723,1.265821543245696,-14.893615537231566,-24.52829668809585,-38.46153528732649,-48.71794607277208,0
HK.03883,492,0.03799999877810478,0.03700000047683716,2.7026980767031223,0.03397965100797855,3137331.6,119218.59696650952,8.3973138258767,0.03952000007033348,0.060180000085383656,-2.564107707501292,-20.833336567092246,-46.47887671272839,-45.71428769097036,-65.45454637817116,2
HK.03886,492,0.164000004529953,0.17599999904632568,-6.818178739429488,0.3526524069528628,484375.0,79437.50219419599,7.60773804022519,0.19321999996900557,0.22696512572467328,-12.765952050280957,-23.082905441666597,-33.58564204636177,-33.317838987042975,-33.85129867983328,0
HK.03887,183,2.365000009536743,2.384999990463257,-0.8385736271063432,0.7351367987021022,2670568.0,6315893.345468521,8.112462306568176,2.283700001239777,,-9.038457835214242,-23.462780736920212,-55.54511403712643,-63.44667563788764,,0
HK.03888,492,24.219999313354492,24.68000030517578,-1.8638613700698363,0.7417213522964062,10838200.3,262501203.82399848,3.4619528460043054,25.25840003967285,25.54258602142334,-5.242567216691002,2.021902050817585,-1.4175694926965223,-16.485348103032834,-25.246699188232423,0
HK.03889,492,0.0560000017285347,0.057999998331069946,-3.448270103593903,0.3340301619292515,1462031.8,81873.7833271727,7.965523057856896,0.05008000008761883,0.0737800002656877,19.148943927721124,-18.84057517187896,-35.6321800690626,-39.13043302207453,-40.42552803613944,0
HK.03893,491,1.3700000047683716,1.3700000047683716,0.0,0.0,311271.75,426442.29898425937,5.532813911357461,1.2675,1.1258249935507774,-3.8596455711112294,11.38211248161948,77.92208294861244,35.6435661093416,416.9811617823094,0
HK.03896,492,4.965000152587891,4.929999828338623,0.7099457498574083,0.6471053416373443,55051217.5,273329303.28764915,3.8012956093511074,5.595299987792969,6.473625011444092,-11.654799756388812,-14.100346498905791,-32.17213065363885,-12.588022840836368,-33.266127494590556,1
HK.03898,492,29.040000915527344,28.8799991607666,0.5540227126394939,0.7606000875823459,3615870.85,105004892.79442863,2.54296610336648,32.61787166595459,36.66174784660339,-14.92624080440682,-25.97901067085266,-25.503577758273476,-21.057198170370338,-19.195734177508093,1
HK.03899,492,7.670000076293945,7.784999847412109,-1.4771968320126851,0.6768585700578542,4307224.7,33036413.777615167,4.161604252490665,7.6979999828338626,9.203710572719574,-1.2234358251785376,-11.635946928245898,-33.321201239761784,-17.00023973462626,13.031010461433294,0
HK.03900,492,5.909999847412109,5.534999847412109,6.775067937451369,0.8549711076640378,16504261.35,97540182.06014957,5.152804699755974,6.989199991226196,8.680750014781951,-22.64397970296415,-28.536886090931862,-40.242672980266846,-29.474943118107554,-36.85897367318782,1
HK.03903,491,0.1679999977350235,0.1679999977350235,0.0,,0.0,0.0,0.0,0.1679999977350235,0.1679999977350235,0.0,0.0,0.0,0.0,0.0,0
HK.03908,492,19.969999313354492,19.850000381469727,0.6045286124870125,0.6964658336017565,19542916.25,390272024.09344435,3.9746709805650524,21.37400001525879,20.226022815704347,-2.680317408088013,-2.73808661208125,6.982951750014177,0.25012667671909783,-1.1333558827934211,1
HK.03913,492,0.13199999928474426,0.12999999523162842,1.5384647126735067,0.022400932546136412,267514.25,35311.8808086589,4.549570067173849,0.14498000025749205,0.1851300000399351,-11.409398792165911,-23.255816975627503,-38.31775779026086,-39.72602683801233,-45.45454545454545,1
HK.03918,492,3.1600000858306885,3.1600000858306885,0.0,0.6322358214819028,3229807.4,10206191.661216592,3.202443385342977,3.3552047395706177,3.8990501964092257,-8.194483329756885,-11.604658768931902,-12.76776079913518,-31.08471629253064,-44.51996335153311,0
HK.03919,492,1.3200000524520874,1.2799999713897705,3.1250064028428435,0.33590230579666924,1255780.0,1657629.6658682823,14.708978191335104,0.7767000019550323,1.1680750006437302,121.84873764380745,37.50000853712379,6.451616314521787,10.0,32.00000524520874,1
HK.03928,492,27.0,26.899999618530273,0.37174863527076235,0.6117901941233674,403835.0,10903545.0,5.904235595144608,26.596000099182127,17.99790003299713,-3.364354030386644,28.08349192466769,59.0106049934793,211.77829648655805,430.45185050284306,1
HK.03931,492,17.520000457763672,16.43000030517578,6.634206526730973,3.789510256169403,3618183.15,63390570.4442728,4.359805974369439,18.392000007629395,26.053899993896483,-12.39999771118164,-35.73000619713378,-32.873562445606765,-32.61538285475511,-40.123033763786154,1
HK.03933,492,7.675000190734863,7.900000095367432,-2.8481000242583354,0.6406373274851639,8520090.3,65391694.67757826,3.517482747127009,8.807799987792968,10.076994650363922,-11.62924789963811,-7.717459618897197,-39.14033969036505,-32.49921430458008,-54.9501978137821,0
HK.03938,492,3.015000104904175,3.015000104904175,0.0,4.9683979115141526,54187.5,163375.31818449497,0.9958534494308615,3.2047000122070313,3.0521250116825103,-2.427178360789664,-21.48437051315937,-3.0546557362093822,103.71622067894522,336.9565384524682,0
HK.03939,492,15.800000190734863,14.739999771118164,7.191319104995403,0.9745668523362904,36305258.6,573623092.8046786,6.17350627692677,12.583799991607666,11.784580965042114,22.480625255514493,44.393614834990814,1.166910706826157,103.10510822035313,88.48818773297218,1
HK.03952,56,46.220001220703125,47.279998779296875,-2.241957669123091,0.6148654210223063,99895.0,4617147.021942139,6.3725041688788435,63.57199981689453,,-26.8670875589505,,,-36.68492983465325,,0
HK.03958,492,5.699999809265137,5.679999828338623,0.35211235089708776,0.6605781160152444,7911065.6,45093072.41108398,2.5616963911772226,5.661199979782104,5.96275826215744,4.014594697553417,-2.73895997646943,2.1240928556331418,-15.14043772887116,-14.375640144872321,1
HK.03963,492,0.1120000034570694,0.11299999803304672,-0.8849509675963695,3.3333333333333335,3500.0,392.0000120997429,0.35398236506882913,0.12464000076055527,0.14456000111997128,-8.196719509400037,-28.20512747035696,-27.74193380923476,-13.846148026765237,-53.333330849806416,0
HK.03968,492,51.349998474121094,51.20000076293945,0.29296427528613395,0.6786411789306822,12785930.35,656557503.9627186,2.236447557539945,49.361800079345706,47.920147285461425,5.4414736543459785,5.617408728200624,6.9028195749362,0.6546507044056534,13.714271087826829,1
HK.03969,492,3.0850000381469727,3.0850000381469727,0.0,1.7134066056377992,1822585.45,5622676.182776117,1.608933187021269,3.1948571252822875,3.275845890045166,-3.4428762877681716,-4.204951830876805,-10.241352526994511,-2.7836583074698136,-2.203259934668285,0
HK.03978,492,2.299999952316284,2.3499999046325684,-2.127657631718154,1.7277502328735568,1015023.65,2334554.3465999006,3.8670680769674983,2.8310535764694214,3.1127695560455324,-21.488236296595435,-25.52055861015136,-22.548865096566047,-35.6199641464781,-50.81899190878043,0
HK.03983,492,1.9500000476837158,1.9450000524520874,0.2570691566473151,0.41037538406798013,5470919.45,10668293.188373769,2.453812489199779,2.0651000261306764,2.3622672069072723,-9.722223601959316,-12.946426813319636,-33.37749640124622,-15.356659558975416,-13.58588406579561,1
HK.03986,167,450.0,436.79998779296875,3.021980901081823,0.5703052105631248,2243817.35,1009717807.5,5.265626485401052,519.0280004882812,,-9.420287629409462,-37.75933609958506,23.251325430691317,102.35787767953745,,2
HK.03988,492,5.980000019073486,5.954999923706055,0.4198168881230312,0.47404803559538383,203343270.3,1215992760.2724652,2.1442597500038083,5.486500015258789,4.893148441314697,10.536047832497413,11.953755423512703,37.19332031738436,35.67904712632561,45.70790912061034,1
HK.03989,492,0.08399999886751175,0.08100000023841858,3.7037020003245145,1.3711425101707533,3083941.6,259051.0909074724,4.6674370724523655,0.08431999981403351,0.08996999993920327,1.2048217646009618,-9.677422714448333,-32.258064322305394,13.513510520219668,-2.3255860292955086,1
HK.03990,492,2.319999933242798,2.305000066757202,0.6507534078599104,0.6092036361086018,554827.4,1287199.530961275,3.713194770611241,2.547850699424744,3.214723823070526,-3.7344460324726096,-17.98449113229332,-45.682715971096826,-39.58857738851872,-45.935187464198144,1
HK.03991,492,0.5899999737739563,0.6000000238418579,-1.666674945089223,0.2063173270038342,1101800.0,650061.971104145,1.8245681484694305,0.645800005197525,0.9554499951004982,-6.349209803242228,-32.1839114321571,-47.78761272003213,-47.78761272003213,-35.86956923140913,0
HK.03993,492,15.670000076293945,15.1899995803833,3.1599770188968783,0.636491603631735,41355430.1,648039592.822169,4.085233567445753,16.745649547576903,18.399899144172668,-4.407369049002843,-21.05713158177694,-20.919639650600732,-20.370468192697118,26.90367648092388,1
HK.03996,492,1.0399999618530273,1.034999966621399,0.4830913423070096,0.6305077910274125,14370679.25,14945505.871802092,1.7190382140032736,1.0696000003814696,1.1496148455142974,-2.347426668941157,-10.44498744978786,-22.68631484767325,-0.4944282298912769,-10.44498744978786,1
HK.03997,492,1.2799999713897705,1.2000000476837158,6.666660043928621,0.04627487274409996,198800.0,254463.99431228638,6.119224944819921,1.8026000046730042,1.473649999499321,-24.926689784645102,-52.941178017421564,66.233766635889,72.97296687753824,103.17460017109372,1
HK.03998,492,4.224999904632568,4.309999942779541,-1.972158683885172,1.0001417807174786,21257302.15,89812099.55649568,2.572215271778792,4.471602096557617,4.265612412691116,-4.796233309999253,4.568074004802797,3.838529986424355,-1.2155532484768374,-2.271742371007429,0
HK.03999,491,0.5699999928474426,0.5699999928474426,0.0,0.0,18750.0,10687.49986588955,3.0612401029490077,0.5556999981403351,0.5806749984622002,1.785712575121809,3.636360089641049,-10.937499126885067,-3.389827426361236,-6.557380413054316,0
HK.06030,492,24.639999389648438,24.559999465942383,0.32573259546276234,1.0096099332948252,13391239.55,329960134.33863604,3.108725071307151,26.85680000305176,26.73662805557251,-5.738332192134661,-9.345109959559718,-0.20534509052812358,-12.032348726924628,-9.680802331688376,1
HK.06031,218,18.459999084472656,19.31999969482422,-4.451348985175992,4.253154889350059,4607547.6,85055324.47766417,3.5814022512422827,19.59280002593994,21.466659812927247,-0.5923565544388327,-15.861446512651312,-18.53867221236468,-15.589845931406671,,0
HK.06033,491,0.49000000953674316,0.49000000953674316,0.0,0.0,15350.0,7521.500146389008,1.1074337657092241,0.4859235256910324,0.5418573552370072,2.083337601895229,-14.651639684654306,-13.229168964575663,-21.11742406069234,-28.62792633727203,0
HK.06036,492,1.2100000381469727,1.149999976158142,5.217396802848253,1.3862595419847328,837250.0,1013072.5319385529,7.269119762852447,1.2923000049591065,0.8275500002503395,-24.137930003594963,-13.57142437477494,171.91012530235963,184.7058833429145,160.2150599657972,1
HK.06038,492,0.4000000059604645,0.4000000059604645,0.0,0.3495762711864407,949500.0,379800.005659461,3.517700544660698,0.3221758657693863,0.30692143730819227,34.49275423313133,22.10526612656932,20.51948530072015,34.67492443346673,120.5882568047706,0
HK.06049,492,27.18000030517578,27.100000381469727,0.2952026663466638,0.41626711443977954,674264.55,18326510.67476921,2.3581860291001018,27.87760009765625,29.713518733978272,-1.9480484183077125,-10.178453074717199,-11.088519163781545,-10.97827611378295,-17.947405120834865,1
HK.06051,492,1.184999942779541,1.1799999475479126,0.4237284282951545,0.9644568344150515,5003974.8,5929709.851670265,4.9424926134936005,1.3288999938964843,2.198875004649162,-3.658542731392981,-28.614459842949657,-50.21008883195338,-58.85417028847654,-61.774194218241604,2
HK.06055,492,22.5,22.799999237060547,-1.3157861714877137,1.0117177899872138,2687454.4,60467724.0,4.541583352073704,22.7918314743042,29.56601399421692,1.348004197403033,4.331564886799198,-39.35528593621172,-35.69012493249537,-46.0114442293818,0
HK.06058,492,0.6050000190734863,0.5799999833106995,4.3103511176128135,0.7546494992846924,528200.0,319561.0100746155,5.162584505428562,0.5839000022411347,0.5283750002086163,-1.6260146842582102,8.035717231734662,44.047628086305544,27.368426666365508,-12.318837512468384,1
HK.06060,492,10.079999923706055,9.979999542236328,1.0020078763181826,0.7466534945568253,13013694.05,131178035.03113395,3.9332903805716573,10.799000053405761,12.963700027465821,-3.3557082572283576,-8.280253561092863,-28.20512855346421,-38.98305300004456,-46.29728461441378,1
HK.06063,492,0.9750000238418579,1.0499999523162842,-7.142850655276464,2.601975962928837,8244750.0,8038631.446570158,10.21757413043725,1.0880999970436096,0.5945599989593029,-8.450706905452375,50.00000916994569,124.13793528689496,400.00003056648563,487.3494343079142,0
HK.06066,492,11.399999618530273,11.329999923706055,0.6178260838092026,0.8205895275722878,6534429.85,74492497.79731283,2.746546866100214,11.801400012969971,11.778531603813171,1.6949115052341066,-5.2040310249156345,2.6886324190424222,-11.701853410979707,-12.807821803533374,1
HK.06067,61,7.860000133514404,7.570000171661377,3.8309109019396685,0.9190971542671129,1916535.0,15063965.355885029,5.8466431112103034,7.6903000164031985,,0.833868589920048,,,-28.54545333168723,,1
HK.06068,492,0.05900000035762787,0.05900000035762787,0.0,0.07017543859649122,109000.0,6431.000038981438,5.152167529950572,0.06212000019848347,0.07307000011205673,-4.838707545359315,-10.606059579809829,-19.178080514036996,-16.901410667698975,-53.54330828765013,0
HK.06069,492,6.079999923706055,5.909999847412109,2.87648190665158,0.7385752688172043,5417175.0,32936423.586702347,4.9386265216560465,6.881956605911255,8.697017588615417,-10.653929800459236,-24.195399626954362,-37.35643602298085,-42.334359018146564,-40.85575050722171,1
HK.06078,492,9.680000305175781,9.899999618530273,-2.2222153720360716,0.4238509497835876,2748956.45,26609899.274914935,3.5529404826216235,10.012699966430665,11.401575012207031,-0.10319169907666804,7.317071107729667,-22.62190145426564,-23.71945921779615,-33.607679315301084,0
HK.06080,492,0.11900000274181366,0.12300000339746475,-3.2520329635483085,0.2463768115942029,416700.0,49587.30114251375,2.9792753178271623,0.13752000138163567,0.13350000068545342,-11.194030016720436,-24.683546034824765,-11.851853323571419,5.309738772749573,-10.526314610117844,0
HK.06082,174,32.880001068115234,32.060001373291016,2.5577032429803803,1.012048716834246,13029219.7,428400757.65270805,7.7708695957550615,37.72040004730225,,-3.6342259747574808,-40.54249272741408,4.513674586670385,-4.585020482688735,,1
HK.06083,492,0.7749999761581421,0.7400000095367432,4.7297251581536734,0.578376602037463,1187200.0,920079.9716949463,5.833339105011368,0.80049999833107,0.6699979634582997,4.026841771510837,-4.320990879385587,54.101082294000115,55.910363611607785,79.880441172778,1
HK.06086,492,0.699999988079071,0.699999988079071,0.0,0.23987128857686119,323350.0,226344.99614536762,6.435120389320695,0.7287999987602234,1.5672499984502792,7.692309808449005,-27.08333294528225,-53.94736862743991,-68.6098662739068,-85.13800461975224,0
HK.06088,492,5.244999885559082,5.130000114440918,2.2417108879674377,0.44923745925922515,23093008.25,121122825.62846494,4.865087115952847,5.377200012207031,6.283050017356873,3.9643172693875655,-34.51935411128867,-2.1455269606480356,2.6418737478942416,29.18719112021147,1
HK.06090,241,41.29999923706055,39.540000915527344,4.451184321652487,1.0623535000350433,648600.0,26787179.50515747,6.4175041425670845,41.503599853515624,64.61355008125305,-2.594344927433484,13.08871500378284,-61.75925996568468,-56.15711191609415,,1
HK.06093,491,0.6299999952316284,0.6299999952316284,0.0,0.0,19000.0,11969.99990940094,0.6123232254919881,0.715900001525879,0.7173250037431717,-9.999999148505061,-20.253167326605755,-7.3529428522066915,-16.000000635782875,-9.999999148505061,0
HK.06098,492,5.224999904632568,5.210000038146973,0.28790530471724657,0.9145619232795268,5843443.0,30531989.11772585,2.678817170862067,5.482799978256225,5.57129872083664,-2.7906994486964027,-5.68592164962935,-7.265577415412442,-5.279506917654446,-11.816962087700993,1
HK.06099,492,14.520000457763672,14.470000267028809,0.34554381349109714,0.530587878603928,5596436.75,81260264.17184544,2.887711824525543,15.056250114440918,14.248155660629273,-0.2035280333631023,-11.156830736036428,14.428395916379838,5.866271181408373,-7.552926113802629,1
HK.06100,492,2.194999933242798,2.1500000953674316,2.0930156222935334,0.08636033870601947,509796.65,1119003.612717402,6.520303037670619,2.1824000096321106,2.7200520390272143,10.301503654453604,-8.541673082444149,-18.484915963689406,-40.14055092947486,-37.963842810508034,1
HK.06106,60,67.80000305175781,67.80000305175781,0.0,0.8065394241909554,479566.85,32514633.89352188,10.770815033828503,65.70260025024415,,4.147472566700658,,,-36.0377329700398,,0
HK.06108,492,0.2290000021457672,0.2199999988079071,4.090910630285256,4.457506396514764,141472.0,32397.08830356598,5.21864321516192,0.2146600005030632,0.22453500002622603,4.566212562277839,11.165049456664603,7.00934602215942,-21.034479746495272,-41.28204857809294,1
HK.06110,492,0.9649999737739563,0.9900000095367432,-2.5252561133292604,1.482263444587215,25825763.2,24921860.810692403,2.8528083656393193,1.233262757062912,2.1808481857180597,-18.220337570415566,-60.565855407018496,-63.679075206732975,-61.92565400808954,-63.45924153634107,0
HK.06113,492,1.25,1.274999976158142,-1.960782480441495,0.9876543209876543,14800.0,18500.0,3.2881091264919324,1.3987999987602233,1.7003499919176102,-15.54054162901103,-26.470590297738518,-27.325582604204513,-37.5,-69.87951876446094,0
HK.06117,491,0.5699999928474426,0.5699999928474426,0.0,0.0,11000.0,6269.999921321869,0.08771921569070334,0.5955999970436097,0.6353157392144203,-6.557380413054316,-5.000004967053534,-15.448455899749927,-10.400607959578297,-25.886920318588935,0
HK.06118,492,0.7300000190734863,0.7200000286102295,1.3888875091517963,0.1724137931034483,46250.0,33762.50088214874,3.736005887786083,0.707700002193451,0.7979250010848046,4.285718786473254,-2.6666641235351562,2.816907202197346,-17.9775246284387,-39.66942181328949,1
HK.06119,491,0.4399999976158142,0.4399999976158142,0.0,,0.0,0.0,0.0,0.4399999976158142,0.48462500020861626,0.0,0.0,7.317073525310204,-22.80701699349358,-9.278353682891009,0
HK.06123,492,1.190000057220459,1.1150000095367432,6.72646161813726,0.17755231452124287,138800.0,165172.0079421997,3.344528111550898,1.2077000141143799,1.2420250105857848,-3.64372117922407,-16.78320972941241,-13.768111497658273,10.185186105009914,-1.652890933552547,2
HK.06127,492,22.15999984741211,22.100000381469727,0.2714907914331567,0.7236240400401396,3806227.65,84346004.14321575,5.390290620749873,23.99259998321533,21.077388157844542,-12.687152954410234,35.12743816159482,15.01836070981347,11.906647482302656,-1.9465905232658878,1
HK.06128,492,0.05299999937415123,0.054999999701976776,-3.636364252114102,0.4857042004941758,1279220.0,67798.65919940174,4.810094485184601,0.05346000000834465,0.10877500023692846,5.999997168779416,-13.114756100666625,-11.666665735344072,-75.11737113014044,-76.44444409859032,0
HK.06132,61,42.20000076293945,42.97999954223633,-1.8147947594330995,0.47119556263386236,86615.0,3655153.0660820007,8.290033454064035,42.4955997467041,,11.87698673715159,,,19.682367475236113,,0
HK.06133,491,0.27000001072883606,0.27000001072883606,0.0,,0.0,0.0,0.0,0.27000001072883606,0.2442650056630373,0.0,0.0,12.97071927969655,54.285723043947954,12.500006984919466,0
HK.06136,492,0.7799999713897705,0.7699999809265137,1.2987000923330156,0.4083931840585833,338000.0,263639.99032974243,3.769914637633425,0.77549999833107,0.6678032423555851,-3.1055944771003032,-5.409874007800405,35.36173101115706,63.56208670389392,118.082773185952,1
HK.06138,492,0.3100000023841858,0.3050000071525574,1.6393426604503258,0.6846413647031885,854550.0,264910.50203740597,2.4151858269549638,0.311800000667572,0.34132500156760215,1.6393426604503258,0.0,-11.428569239013012,-13.888891648363074,-25.301202742761642,1
HK.06158,492,0.02199999988079071,0.023000000044703484,-4.3478267911701876,0.065528190657575,52754900.0,1160607.7937111259,31.665190610934836,0.022240000069141386,0.023920000130310655,-62.068964631322146,46.66666915019359,-21.428574279558816,-24.137929262644278,-40.54054162901103,0
HK.06160,492,206.60000610351562,212.39999389648438,-2.7306911297725565,0.9254049029866979,3644559.85,752966087.2546281,2.919625298135191,206.76399993896484,191.4010001373291,-7.602862046492902,29.448620427693516,15.483517692604904,11.978323091336382,2.2772307443146658,0
HK.06162,492,0.05900000035762787,0.05900000035762787,0.0,0.5737017124032694,12268000.0,723812.0043873787,7.414779393100493,0.2372799989581108,0.27394499845802783,-32.954544684857375,-79.99999898975175,-70.20201985993661,-75.41666596817473,-74.89361680541549,0
HK.06163,491,0.7900000214576721,0.7900000214576721,0.0,0.0,33085.0,26137.150709927082,2.4712761860514965,0.6547000062465668,0.4213750031590462,25.39682975191411,77.52809756302722,163.33333002196431,182.14286360509539,219.83807323999335,0
HK.06166,218,121.0999984741211,109.4000015258789,10.694695415954374,1.11313489383016,11229272.85,1359864925.0004895,8.874470261821246,95.45244003295899,98.76871761322022,35.95119816228679,-10.553142115225638,66.19666945322106,26.420144176200456,,1
HK.06168,303,12.619999885559082,12.3100004196167,2.5182733986619588,0.3790867867112267,799539.9,10090193.44649992,3.6806490453601777,14.24600004196167,20.80732144355774,-4.176159358760111,-27.76187532009777,-41.12423937293293,-53.80323874439482,-73.83469646495324,1
HK.06169,492,0.36000001430511475,0.36500000953674316,-1.3698616715036243,0.13342019715914924,3949214.4,1421717.240493965,3.9467146782724796,0.3624000060558319,0.4476749999821186,0.0,-2.7027000903735274,-29.411760580993363,-33.33333333333333,-27.99999713897705,0
HK.06178,492,7.085000038146973,7.074999809265137,0.14134599507324422,1.2038434544902132,1763000.0,12490855.067253113,2.3287853116708446,7.4165393829345705,7.947438077926636,-0.9783391978859487,-5.8967118143237585,-9.520570501300469,-20.48478080219474,-29.5007290808457,1
HK.06181,492,374.3999938964844,355.79998779296875,5.227657881297768,0.7382196942387702,1391573.3,521005035.02651066,5.249203441960063,368.61199951171875,545.509585723877,9.345794559118584,-23.184243211951973,-39.69649022429847,-38.387654287755254,-49.25663101300373,1
HK.06182,492,0.8650000095367432,0.7350000143051147,17.687073836934992,0.2530691863495389,39231800.0,33935507.3741436,15.157563225851062,0.6431999975442886,0.7301500038802624,49.13793697014167,6.790124319835579,16.891891674197794,16.891891674197794,133.7837833483956,4
HK.06185,492,25.34000015258789,25.579999923706055,-0.9382321025566003,0.2056210609879838,11224183.3,284420806.53467447,10.150699613972636,25.983600044250487,30.662400045394897,8.568980235324652,11.925798744384949,-25.206613477838445,-27.517160136761703,-51.17533832835708,0
HK.06186,492,2.494999885559082,2.4749999046325684,0.8080800685720759,0.767093219541855,25358138.1,63268551.6574914,2.6932688998638645,2.9803266429901125,3.3010680985450747,-20.043184431599816,-18.90815699729846,-31.58540135601593,-33.452800641409716,-37.159407145093134,1
HK.06188,492,0.38999998569488525,0.38999998569488525,0.0,3.076923076923077,1875.0,731.2499731779099,0.0,0.4758999967575073,0.4548249988257885,-3.703707519273088,-40.90909542459412,5.405400180747055,-3.703707519273088,-44.28571538049349,0
HK.06189,491,0.07199999690055847,0.07199999690055847,0.0,,0.0,0.0,0.0,0.07199999690055847,0.07199999690055847,0.0,0.0,0.0,0.0,0.0,0
HK.06190,491,2.700000047683716,2.700000047683716,0.0,0.0,720.0,1944.0000343322754,0.24776517442694304,2.841600012779236,2.1864791029691695,-9.999998410542805,21.831872628771183,50.14954467035471,62.442485187833555,-18.05998774006152,0
HK.06193,492,0.4000000059604645,0.39500001072883606,1.265821543245696,0.693069306930693,20900.0,8360.000124573708,0.5273731405210987,0.3785000014305115,0.3134149995446205,1.265821543245696,8.108108325802206,50.94340662380829,33.33333002196431,95.12195582903266,1
HK.06196,492,0.8949999809265137,0.8949999809265137,0.0,0.8602044819204963,6301024.4,5639416.717817497,1.7943706084184736,0.8982999992370605,1.0237249964475632,2.285712105887277,-8.67347311149377,-16.35514606980918,-22.173913088547938,-34.19117856525836,0
HK.06198,492,7.664999961853027,7.53000020980835,1.7928253424061151,1.2209491587319972,3672217.2,28147544.69791603,2.5078366546901534,6.903629665374756,6.901899471282959,12.558179594025997,8.20172446462606,12.722695004974277,15.786684207538945,21.90524018252111,2
HK.06199,492,0.9150000214576721,0.925000011920929,-1.081080036149411,0.8987256874580818,68600.0,62769.00147199631,0.9281119035043427,0.9108482992649078,0.952775693833828,0.0,-12.10799244196958,-4.4281018051272865,-10.509953518804965,-13.64995002760744,0
HK.06600,176,41.13999938964844,43.439998626708984,-5.294657711260602,1.0242814368101287,655782.35,26978885.478742216,7.934487365563446,56.13180000305176,,-30.27118747517214,-32.056152092454404,-64.83760735927484,-55.28260935907778,,0
HK.06601,492,2.1700000762939453,2.1700000762939453,0.0,0.4951271186440678,845783.0,1835349.174528122,2.1031835239222367,2.141112976074219,2.133493012189865,-0.7097212104074989,5.146842298798203,3.294043651914585,4.677445120661571,-2.011175818734822,0
HK.06603,301,4.21999979019165,4.079999923706055,3.4313693407726165,0.05877874407595169,2755511.5,11628257.95187068,6.52812490784809,5.3195000171661375,10.63311211824417,-18.846154904224502,-48.72417952717219,-62.428184610891016,-73.08787414853349,-87.12542170517158,1
HK.06608,492,4.5,4.414999961853027,1.9252556938029315,0.5265165386200527,1130656.65,5087954.925,5.79099716379994,5.136199998855591,7.7328500127792354,-18.845808149968164,-14.933836815686844,-50.65789411768028,-64.70588235294117,-59.45946085270165,1
HK.06609,492,53.95000076293945,52.29999923706055,3.1548786805902873,0.8407310704960835,27782.5,1498865.8961963654,4.590535270545617,47.90139991760254,48.76639995574951,9.299027746821576,18.62357367184494,29.37649826348946,-1.1904720317707,-12.276421523675687,3
HK.06610,492,0.8399999737739563,0.8299999833106995,1.2048181523292238,0.7157013873596124,184440.0,154929.5951628685,6.64992234341372,0.7895999991893768,1.263299998342991,7.006362510881643,-15.151518617962168,-45.806451637712655,-40.84507048165508,-79.80769219747661,1
HK.06611,491,0.04600000008940697,0.04600000008940697,0.0,,0.0,0.0,0.0,0.04600000008940697,0.04600000008940697,0.0,0.0,0.0,0.0,0.0,0
HK.06613,295,21.479999542236328,20.979999542236328,2.3832221683008834,0.3960117439170815,9766813.0,209791138.76910782,4.496541632710151,22.324589042663575,23.467994108200074,-5.308957979521918,-18.03509371551045,-1.2569592995672185,-14.534617001953642,-16.81232645698571,1
HK.06616,492,9.96500015258789,9.925000190734863,0.4030222779276912,0.6520971639245198,2221476.9,22137017.647470474,4.517434512533867,8.829800033569336,8.37970002412796,7.208177200586794,39.76157072431229,18.772344991840345,1.2703251835532277,112.4733482091613,3
HK.06618,492,34.29999923706055,34.79999923706055,-1.436781640694753,0.6990489892134539,8874295.5,304388328.87944984,3.304659428785333,37.659599990844725,47.742750053405764,-11.825198222056951,-9.11500341392142,-30.256203692111892,-39.130434488276116,-46.280344468664936,0
HK.06622,492,2.4800000190734863,2.494999885559082,-0.6011970811066598,0.7047852262861888,169505.2,420372.8992330551,2.203579860664399,2.5441999864578246,2.917999995946884,-1.5873000855468575,-12.367488129618835,-26.843659518305866,-21.766562795390833,-36.082475620472046,0
HK.06623,491,10.899999618530273,10.899999618530273,0.0,,0.0,0.0,0.0,10.899999618530273,10.899999618530273,0.0,0.0,0.0,0.0,0.0,0
HK.06626,492,1.7799999713897705,1.7699999809265137,0.5649712187014997,0.4727355119934368,770175.95,1370913.1689650891,3.0891287487071306,1.715366837978363,1.8508582991361617,10.127687657548142,9.805678129974192,2.072181797959899,-21.675226669777615,-28.397135333372397,1
HK.06628,492,0.925000011920929,0.824999988079071,12.121215186281134,1.1286896970222358,577875.0,534534.3818888068,8.629584492500333,1.0562000012397765,1.8867500042915344,-10.628015289657275,-33.928569451886744,-55.74162440630634,-58.888888359069824,-80.84886073432529,2
HK.06633,491,3.180000066757202,3.180000066757202,0.0,0.0,225.0,715.5000150203705,0.04716976534589024,2.9721000146865846,2.8541250002384184,6.000002225240072,27.200002670288086,17.77777817023634,-3.6363602210010213,-3.927488769476313,0
HK.06636,116,71.0,71.0,0.0,1.05526515385424,217070.7,15412019.700000001,8.481420590609975,84.91299926757813,,-21.935126572456433,-23.778852563652613,,-28.999999999999996,,0
HK.06639,491,1.8300000429153442,1.8300000429153442,0.0,,0.0,0.0,0.0,1.8300000429153442,1.826200041770935,0.0,0.0,0.0,0.0,-19.02654643196573,0
HK.06651,176,55.79999923706055,53.75,3.8139520689498543,0.9703489844361419,1766123.9,98549712.2725544,5.640378710952904,63.239999771118164,,-8.524591414654841,-50.96661006970103,14.110424326939984,47.2295435105963,,1
HK.06655,492,16.139999389648438,16.059999465942383,0.49813154649043684,2.1197458376582046,3236750.0,52241143.02444458,4.146220778573258,14.836199989318848,15.938871550559998,13.342694164812338,12.083332063975124,-0.8452866871506534,-11.39252143954451,24.56400798374752,1
HK.06656,106,303.0,322.3999938964844,-6.01736794781494,1.3054697376622,302308.2,91599384.60000001,7.064757261411142,316.64400268554687,,-3.5646122762246706,-17.920262808487113,,-53.72669441128198,,0
HK.06657,492,11.779999732971191,12.609999656677246,-6.58207729027616,2.1640144035311883,95405.0,1123870.8745241165,8.16074600070592,13.979799976348877,14.6501500415802,-17.9094117085683,-9.384617438683144,-27.95107365060337,-36.53017202620343,-33.8202233826808,0
HK.06658,66,165.10000610351562,175.5,-5.925922448139246,1.591078793292347,298680.15,49312094.587998964,10.060859609473276,154.6720001220703,,14.812241029015361,28.984379768371582,,28.984379768371582,,0
HK.06660,492,1.600000023841858,1.5950000286102295,0.3134793192439665,0.6013553273476205,528500.0,845600.0126004219,8.662599852229432,1.6073000049591064,2.542325005531311,8.108108325802206,-17.948718732473942,-46.666665871938065,-53.48837217361363,-68.12748944380364,1
HK.06661,491,4.945000171661377,4.945000171661377,0.0,,0.0,0.0,0.0,4.961200094223022,4.8806562423706055,0.0,-1.000995296161227,0.1197816955187338,5.51545891935555,2.052601720063355,0
HK.06663,492,0.28999999165534973,0.33000001311302185,-12.121218141883071,0.8947368421052632,196000.0,56839.99836444855,4.061495384672929,0.2949000018835068,0.2965750014781952,0.0,-17.142858115994215,-3.3333399560713786,-3.3333399560713786,-8.288945496549378,0
HK.06666,492,1.1699999570846558,1.1549999713897705,1.2987000923330156,0.7795757393299985,20526188.65,24015639.839611545,4.372166469301545,1.0351999855041505,1.1681999921798707,13.043477760095387,5.405400180747055,1.7391288122742863,2.6315764707211,39.28571352545094,1
HK.06667,492,7.050000190734863,7.125,-1.0526289019668311,2.8876611418047884,30920.0,217986.00589752197,0.7939996109133401,7.0471999549865725,7.012192785739899,-0.1416395485230104,0.4273534172344844,-1.1909147290137352,0.318666963134714,0.318666963134714,0
HK.06668,492,1.4049999713897705,1.399999976158142,0.3571425226269879,0.7413763514673074,302050.0,424380.2413582802,1.543682207720215,1.3158999729156493,1.2924708014726638,8.07692484037417,9.765625218278734,11.786395116451493,8.546208557103705,8.602029659260728,1
HK.06669,492,6.059999942779541,5.840000152587891,3.7671195966349664,0.9115670907668533,478882.05,2902025.195598149,5.005851005381019,7.112600040435791,10.459199998378754,-1.0612254240074936,-26.00732291495519,-46.085408663876805,-55.863072506756296,-55.408389442692105,2
HK.06675,64,28.360000610351562,28.540000915527344,-0.6306948121990111,0.6002486493857316,452388.3,12829732.464115905,10.477646404552281,28.58719970703125,,-9.508613681325254,,,-31.990407454485492,,0
HK.06676,374,0.6650000214576721,0.699999988079071,-4.999995316777831,0.15537942399748883,308400.0,205086.00661754608,8.177292490964355,0.7039999997615815,1.1416999992728234,-10.135133393582352,20.909092189851844,-50.74074002123338,-60.882352776180916,-74.5210709507229,0
HK.06677,492,0.3100000023841858,0.3100000023841858,0.0,0.8330384423144975,147751.4,45802.934352266784,2.8562000928547207,0.31930000126361846,0.3654652747511864,-1.5873000855468575,-10.144926534683554,-21.8822534561814,-22.823426586397705,-33.962317814861414,0
HK.06680,492,15.630000114440918,15.449999809265137,1.165050533319992,0.5803126739452223,2211942.75,34572665.43563676,3.503545123939204,16.86659994125366,19.17800462245941,-6.013223672824203,-17.693521312135346,-26.244522536556776,-17.904954892725023,-28.03341318378112,1
HK.06681,416,1.2599999904632568,1.25,0.7999992370605469,0.7816490321206996,8529405.0,10747050.218657255,4.858835800249163,1.52989999294281,3.6913749986886977,-13.103451791189396,-45.922745419702665,-71.36363720105697,-81.47058889527634,-76.70979619221279,1
HK.06682,492,25.079999923706055,25.100000381469727,-0.07968309744902383,0.6659470842783958,5694456.7,142816973.60154745,5.519653466190699,28.048400077819824,36.55715003013611,-7.317071623480069,-13.991769358901923,-34.51697017414641,-44.291426768786216,-55.76719649693731,0
HK.06683,492,3.569999933242798,3.515000104904175,1.5647176869749324,0.21241698511081278,7151578.35,25531134.23208064,4.181551881005867,4.1497999906539915,5.516850003004074,-23.554606532771068,-29.72440970750358,-45.909091138971085,-40.30100465123548,-66.79069829541582,1
HK.06686,491,13.520000457763672,13.59000015258789,-0.5150823696708272,2.7014218009478674,7185.0,97141.20328903198,0.7793660073054378,14.640799942016601,15.581808428764344,-6.111105444990408,-4.881924547219983,-21.874270503119465,-12.029520679883591,-21.95439748021134,0
HK.06687,223,12.5,12.579999923706055,-0.6359294450813223,0.24455691454121378,822877.5,10285968.75,5.845801232235291,13.684799995422363,19.549850006103515,-6.36704387401784,-17.218545137656886,-40.476190476190474,-59.177009610059336,,0
HK.06690,492,20.700000762939453,21.040000915527344,-1.615970236659892,0.7403019200913218,11718623.55,242575516.42560026,2.133680209471997,20.86466449737549,22.15640235900879,-2.5423682391606874,-0.44195275287752733,-12.706350689918885,-14.293507699420038,-14.709134323131448,0
HK.06693,376,39.380001068115234,36.58000183105469,7.654453518051714,0.7319494467250603,8387790.8,330311210.6631271,6.285136804316413,36.12120006561279,34.93149518966675,0.7161191941720009,35.419536352930336,-0.38751794658717403,29.67803873107295,40.683244922781306,1
HK.06696,491,2.940000057220459,2.940000057220459,0.0,,0.0,0.0,0.0,2.940000057220459,2.269039435982704,0.0,0.0,-18.105846030340526,425.0000079827648,381.9672111925404,0
HK.06698,492,0.8450000286102295,0.8349999785423279,1.1976108173510196,0.019769357495881382,29710.0,25104.95085000992,4.481517310462864,0.8541000032424927,0.9437750029563904,-0.5882347166332156,5.625002002343506,-9.139782568666634,-17.15685839104855,-51.714284079415464,1
HK.06699,492,87.4000015258789,88.25,-0.9631710754913243,0.9022463796347,679021.05,59346440.8061039,4.488430944013638,83.42602981567383,69.62119461059571,0.7260276224969382,31.1814352224493,43.00415261183999,61.319932642616926,36.35509121847775,0
HK.06715,56,63.5,62.54999923706055,1.518786210274776,3.0335385299579447,270392.85,17169945.974999998,7.049206470108676,71.98799995422364,,-4.367472077163511,,,-44.29824561403509,,1
HK.06745,49,3.0799999237060547,3.0199999809265137,1.9867530847180164,0.7395917116703052,5110500.0,15740339.610099792,3.246605225737226,,,1.9867530847180164,,,8.833922499637739,,1
HK.06805,492,2.950000047683716,2.9049999713897705,1.5490559978359308,8.725701943844493,66500.0,196175.0031709671,2.297475566208218,3.011899995803833,2.879674996137619,-5.144689800935812,-10.606057869391844,16.60079371713322,20.408162868107333,33.48416274948185,1
HK.06806,492,2.450000047683716,2.434999942779541,0.6160207497603575,0.7471763844500601,10644362.1,26078687.652562737,2.4255801942088415,2.5311752223968504,2.7499227333068847,0.40983566511258146,-8.174407811968175,-12.907691456253131,-19.029191361565147,-21.368180024146504,1
HK.06808,492,1.0850000381469727,1.059999942779541,2.3584996902807536,0.9572904110049736,10407076.0,11291677.856998444,3.664103367070844,1.1093000054359436,1.3588814866542815,1.87793238046499,-1.3636350336153933,-30.739795510708056,-33.924177063203345,-40.781211429326916,1
HK.06809,148,270.20001220703125,256.20001220703125,5.464480613953608,0.8208134533664202,3001868.55,811104918.8539032,6.146069421749479,283.02399993896483,,-0.07395772705885593,-29.661803772003836,63.062518434264156,54.583261895641485,,2
HK.06810,97,55.29999923706055,53.849998474121094,2.6926663027414675,1.143401571786483,1010270.0,55867930.22922516,8.101379736613207,59.859000244140624,,-3.658540475598366,-26.560428956357633,,-34.787739095589295,,2
HK.06811,492,1.4500000476837158,1.4600000381469727,-0.6849308357518121,0.8985161434643203,2677150.0,3881867.62765646,4.117748171803483,1.316399998664856,1.1247608774900437,6.617649443524906,36.792464712923774,26.325749865194176,37.80991414838083,42.174948558155585,0
HK.06812,492,0.25,0.25,0.0,1.0909090909090908,188500.0,47125.0,2.2999969297015666,0.2520629784464836,0.25839996002614496,10.132159515684688,-10.754970145296719,-13.72981762912619,32.723369043268036,61.75660962048476,0
HK.06816,491,0.20200000703334808,0.2029999941587448,-0.49260450944384976,0.0,3400.0,686.8000239133835,0.0,0.21391999691724778,0.2054849983751774,-3.8095174571011516,6.315794509533763,-3.8095174571011516,-6.481480651084145,3.0612307736052076,0
HK.06818,492,2.799999952316284,2.7899999618530273,0.3584226021499716,0.5436606559238798,23411333.55,65551732.82366063,2.474023433463523,3.0037000036239623,3.146313538551331,-6.19765324224918,-16.061267861025392,-11.412353563046198,-18.679310372525247,-16.862079574480678,1
HK.06820,492,0.36000001430511475,0.36000001430511475,0.0,0.04085556356645037,826600.0,297576.01182460785,4.100239225275414,0.38840000092983246,0.4439239166676998,-7.692300638503319,-1.3698616715036243,-24.004082023224953,-19.961744674992072,-39.32583727870895,0
HK.06821,492,164.5,156.39999389648438,5.179032237607843,0.8581944580745885,1293821.2,212833587.4,8.586704835779871,125.27400009155274,96.62174488067627,30.039525691699602,83.8782590304523,106.66366339309847,126.59998148217628,74.27124647094433,3
HK.06822,491,0.4000000059604645,0.4000000059604645,0.0,0.0,11400.0,4560.000067949295,1.0784652932419125,0.3936000043153763,0.39937500059604647,1.265821543245696,0.0,-2.439022085483674,-2.439022085483674,-5.8823541786431095,0
HK.06823,492,12.399999618530273,12.40999984741211,-0.08058202260108256,0.6372206435660109,6487803.95,80448766.5050992,1.2356270622762764,12.35176721572876,11.610063915252686,0.08070439814723945,6.026063851257549,8.68867082066816,13.824298668784468,13.72660256090668,0
HK.06826,492,16.399999618530273,16.229999542236328,1.0474435064002536,0.8161220715166461,130676.0,2143086.350151062,3.0281227322479602,16.244232959747315,20.369781403541566,3.1986726062284982,2.3756253721514233,-28.01512814341179,-28.607593149974054,-36.07828309655259,1
HK.06828,492,0.035999998450279236,0.035999998450279236,0.0,0.1616062683643487,4011000.0,144395.99378407001,5.060499373605746,0.03382000003010035,0.035005000168457624,5.882342628954752,12.499989813659825,-10.000001862645192,12.499989813659825,-25.000003880510697,0
HK.06829,492,2.740000009536743,2.6700000762939453,2.6217202712578285,0.9042231063951581,424337.0,1162683.384046793,9.984074173753172,2.026000006198883,2.4229500037431717,53.501403964894365,19.130437667067934,2.2388037792902336,-6.802722577930842,138.26087533413587,2
HK.06830,491,0.20000000298023224,0.19900000095367432,0.5025135787766731,24.75770925110132,50400.0,10080.000150203705,1.2756637113166733,0.20341999977827072,0.22425027459859848,0.0,-15.25423653901086,-14.21826025144918,-20.609833497869705,-28.966694014228704,2
HK.06831,332,4.949999809265137,5.03000020980835,-1.5904651532064453,0.2856622019545571,6012125.65,29760020.82077804,5.889134624979207,6.087899990081787,6.504489951133728,-26.666669492368346,-24.53080304243843,-24.53080304243843,-20.40619370022992,-25.159710296638828,0
HK.06833,492,0.15000000596046448,0.14900000393390656,0.6711422819837666,0.09070294784580499,86000.0,12900.000512599945,1.0511675794789752,0.1631600007414818,0.1741390782594681,-8.536584257795896,-14.772723424286859,-17.759185285438818,-14.506728658721983,-38.48654860536907,1
HK.06838,492,0.24500000476837158,0.24500000476837158,0.0,0.035211267605633804,56900.0,13940.500271320343,1.3700380197123125,0.23107999920845032,0.23698000006377698,16.666672579826056,-9.259261098908716,24.365486610663513,-9.259261098908716,-10.909091106131052,0
HK.06839,491,0.08399999886751175,0.08399999886751175,0.0,0.0246785769592168,81141.95,6815.923708107694,1.2513276524365093,0.09674000039696694,0.12415500041097402,-14.285713199623792,-20.75471711375188,-41.66666494199516,-42.06896463132214,-58.20895682829755,0
HK.06855,492,29.979999542236328,31.1200008392334,-3.6632431434894293,0.7681587553321242,3429094.1,102804239.54828529,5.810544613279485,34.74279975891113,43.67409999847412,-13.801033368401933,-12.441594414142633,-31.238530753547977,-41.10019912869019,-62.21802127442524,0
HK.06858,491,2.940000057220459,2.940000057220459,0.0,0.0,14925.0,43879.50085401535,1.1258725214183927,2.8667999744415282,3.0168499886989593,0.0,-0.33898272208872127,-5.769225478877488,-9.538459777832031,-17.415727402371946,0
HK.06860,491,0.10999999940395355,0.10999999940395355,0.0,0.0,812450.0,89369.49951574206,3.5502294738289844,0.12527999982237817,0.17089999970048667,-8.333331781129008,-30.379750416878824,-47.11538599308071,-38.88889164836307,-39.560438660719626,0
HK.06862,492,9.515000343322754,9.654999732971191,-1.4500196118115753,0.5342119440148195,41239226.5,392391254.3058648,3.539406466194406,11.020228290557862,13.073662757873535,-14.325063926452078,-21.629623264213997,-40.29846575473617,-29.857944283709863,-24.571116014272004,0
HK.06865,492,5.900000095367432,6.0,-1.6666650772094727,0.8965121623287114,3320479.45,19590829.071665596,4.010615019783838,6.7848999977111815,8.64121752023697,-17.134828789338563,-20.80536581987639,-37.715036507579185,-38.47926934046133,-50.682561140214744,0
HK.06866,491,0.2800000011920929,0.2849999964237213,-1.754384313814067,0.0,10600.0,2968.0000126361847,2.0175601102444007,0.292899996638298,0.3213499999046326,1.8181800448205245,-11.111110059882801,-24.324324977406615,-6.666669978035689,-9.677419664956526,0
HK.06868,492,2.615000009536743,2.6500000953674316,-1.3207579083439842,1.875,3500.0,9152.500033378601,0.8590059477684406,2.629400119781494,2.6795173120498657,0.5681661889541121,-0.57034616925724,-6.811014751043014,0.7821661379206545,-10.194107584595063,0
HK.06869,492,177.0,173.1999969482422,2.1939971817051345,0.7636168920792333,23900601.75,4230406509.75,8.210183598202702,142.85205291748048,146.36509244918824,35.75142049045189,-25.356670355975393,25.560368034488786,240.73823957261556,271.9726125728612,1
HK.06871,85,30.579999923706055,27.079999923706055,12.924667687816612,2.7003471174162392,280890.0,8589616.178569794,5.856727387661296,29.036000022888185,,1.9333330790201824,-12.528602046537127,,-43.106976886128265,,1
HK.06872,81,119.80000305175781,123.0,-2.60162353515625,1.6566344003354767,93376.45,11186498.99496231,9.82569066972993,178.8720004272461,,-33.37041100201105,-51.69354715654927,,-43.222747368835165,,0
HK.06877,491,0.08799999952316284,0.08799999952316284,0.0,0.0,92950.0,8179.599955677986,0.5242245991118616,0.09518000021576882,0.1266950009018183,-7.368420392192293,-19.266053540830413,-51.6483509285757,-38.02817137887891,-60.53811767065855,0
HK.06878,491,0.03700000047683716,0.03700000047683716,0.0,,0.0,0.0,0.0,0.03700000047683716,0.03700000047683716,0.0,0.0,0.0,0.0,0.0,0
HK.06880,51,170.8000030517578,171.89999389648438,-0.6399016194200453,0.7846269810391657,139295.9,23791740.14509735,7.926157345894394,249.66000091552735,,-35.789472536933154,,,-42.21921531627247,,0
HK.06881,492,7.630000114440918,7.559999942779541,0.9259282035872661,0.7046013823953592,16799666.3,128181455.79156923,2.76769583045312,7.630700016021729,8.585861563682556,4.163826800240964,-2.718474532745281,-12.907831141687712,-24.264051737178498,-27.04730059962359,1
HK.06882,492,0.49000000953674316,0.47999998927116394,2.083337601895229,0.5616438356164384,150100.0,73549.00143146515,1.4563466522396262,0.4890999978780746,0.46654108256101606,-10.091744122626764,3.1578980390385336,12.274959910511479,5.538459721401665,-4.055943468321374,1
HK.06883,302,1.9700000286102295,1.9700000286102295,0.0,,0.0,0.0,0.0,1.9700000286102295,1.9853135174512864,0.0,0.0,0.49505140155913185,-3.3333286537130093,-2.368758206802987,0
HK.06885,492,0.6100000143051147,0.6150000095367432,-0.8130073421291051,0.058823529411764705,83800.0,51118.001198768616,5.778697162654098,0.6380000030994415,0.9671499961614609,-7.575759080925313,-30.681816180629166,-42.45282573265359,-38.999998569488525,-43.51851943834325,0
HK.06886,492,16.899999618530273,16.959999084472656,-0.35377045507811355,0.530508188372571,9781502.1,165307381.75865307,2.255171827536536,16.830422382354737,16.645022892951964,1.3705236003539316,2.3381179464340165,10.437735407874543,-10.707527946264486,-4.521930619980998,0
HK.06887,274,36.939998626708984,36.5,1.2054756896136558,0.8264656189889578,252727.4,9335749.808931733,3.827588541489319,36.73800018310547,40.39590003967285,-0.6989304594033671,6.455325113888499,-11.030832804815853,-17.2491058875888,-31.402043317677368,1
HK.06888,492,0.08799999952316284,0.08299999684095383,6.024099846401338,0.04212497074654809,211200.0,18585.599899291992,4.778904620656631,0.10779999956488609,0.12901500046253203,-18.518521073587245,-26.050422272602336,-34.814817758253945,-39.31034341011542,-44.999999068677404,1
HK.06889,492,3.0999999046325684,3.049999952316284,1.639342724524056,0.2798762269796201,168180.75,521360.3089610338,2.3558016792591925,3.0044000053405764,3.12664652466774,0.9771977863882869,5.802042116112124,0.7955288335305857,-5.411819137780335,-8.693669137790213,1
HK.06890,491,0.7599999904632568,0.7599999904632568,0.0,0.0,187100.0,142195.99821567535,5.611793131696325,0.6586057960987091,0.455500445663929,50.134159753016064,63.12654985897027,132.39944752045824,123.2258110824882,142.35943930347923,0
HK.06893,492,0.25999999046325684,0.25999999046325684,0.0,0.401801177693107,257100.0,66845.99754810333,4.611586996068643,0.21002000004053115,0.22342999950051307,14.035083476893167,19.81566782302886,13.043472063789407,-1.8867907552966041,28.71286208437288,0
HK.06896,492,1.9049999713897705,1.9249999523162842,-1.0389600738664124,0.4812155030279762,1166286.0,2221774.79663229,4.127192321119817,2.7958000040054323,2.9686033272743226,-39.71519241623718,-39.13738333105325,-31.207394473120885,-31.207394473120885,-39.48616303835294,0
HK.06898,492,0.800000011920929,0.7850000262260437,1.9108261393313575,0.0375234521575985,213600.0,170880.00254631042,4.006248309778085,0.7812441086769104,0.7287654003500939,-2.151229429138781,23.439987212497318,8.737693786980211,10.227253315743102,10.227253315743102,3
HK.06899,491,0.23000000417232513,0.23000000417232513,0.0,,0.0,0.0,0.0,0.23000000417232513,0.22961000278592109,0.0,0.0,0.0,4.545457008456409,21.05263529391835,0
HK.06908,492,0.2549999952316284,0.2460000067949295,3.6585317837822187,0.06492301984789464,3206350.0,817619.2347109318,5.720134025927943,0.35060000091791155,0.43204999826848506,-32.89473725487982,-34.61538343975055,-40.69767651395449,-45.744681727999534,-54.464286759647784,1
HK.06909,492,0.20999999344348907,0.18000000715255737,16.66665838824411,0.07598518953674442,199017.35,41793.64219514057,4.812918134026047,0.23705999672412872,0.31749225944280624,-12.863072053112933,-14.285718630076067,-39.512196440983224,-47.249012420504044,-60.2053916762175,1
HK.06911,491,2.5,2.5,0.0,0.0,13520.0,33800.0,1.2773638678176653,2.324800012111664,2.591849998831749,6.837610756387045,4.602505868937422,-0.3984059960658085,30.208336243716445,-21.8750011641532,0
HK.06913,492,0.09700000286102295,0.09300000220537186,4.30107587182406,1.087593072868736,1250900.0,121337.3035788536,9.409614443434574,0.12306000053882599,0.20317999944090842,-18.487394431849417,-31.6901410667699,-62.69230522347616,-66.5517221889087,-67.18709138614523,2
HK.06915,56,14.680000305175781,13.779999732971191,6.531208923402026,0.5504075229953305,1336350.0,19617618.407821655,12.57873839060592,13.18520009994507,,4.857145036969866,,,50.10225670748516,,1
HK.06918,492,0.11999999731779099,0.11999999731779099,0.0,7.2095379100755865,1720200.0,206423.99538606405,4.160441878860139,0.13805999964475632,0.15091500006616115,-13.04347802613167,-17.241378778793283,-24.050638104474302,-28.99408432717025,-50.617285199762016,0
HK.06919,492,3.259999990463257,3.2899999618530273,-0.9118532443044048,1.0526315789473684,31400.0,102363.99970054626,1.7864714485782651,3.3577999877929687,3.85555255651474,-0.9118532443044048,-14.435694503319024,-23.085298881793488,-15.934939026009735,-29.171123656699894,0
HK.06922,492,2.5450000762939453,2.700000047683716,-5.740739579717502,1.102904972919744,40540.0,103174.30309295654,3.643375715027592,3.4626000118255615,5.0435500025749205,-27.59601706005279,-38.52656622295086,-53.978300547259,-62.518408091428014,-54.30879716589233,0
HK.06928,491,0.1809999942779541,0.16899999976158142,7.100588481243671,0.5357142857142857,113400.0,20525.399351119995,3.138365091248026,0.1818400001525879,0.21509999953210354,1.117312343397333,-17.727274882399357,-12.560390194460153,-29.019608759779253,-21.304351741514875,1
HK.06929,492,3.809999942779541,3.815000057220459,-0.13106459674763316,0.25229357798165136,78500.0,299084.99550819397,1.5888692840938017,3.7993000078201296,3.7769407844543457,-6.845970644553237,-4.2713586803831225,9.64144759140482,8.730294702592808,-11.95938395196047,0
HK.06933,492,1.1449999809265137,1.149999976158142,-0.43478220306857157,0.16097875080489377,307400.0,351972.9941368103,4.798185842858264,1.2184000039100646,0.9423750007152557,-4.583338714307995,-31.43712512871213,131.3131252316453,59.02776880948668,189.8734050193598,0
HK.06936,443,28.719999313354492,28.84000015258789,-0.4160916733650934,0.8960956231830102,1601919.75,46007134.120049,2.253872046930836,31.500212478637696,32.898539533615114,-10.470309480631448,-5.435355746496394,-13.754554110693471,-15.666763223205113,-22.85449641358519,0
HK.06938,169,51.29999923706055,50.099998474121094,2.3952111766217072,0.8799488733317842,516592.35,26501187.160871312,7.406342875304155,53.781399993896486,,4.693875994001116,2.1912319868592043,-11.475412318081895,-37.51522510292016,,1
HK.06939,492,1.149999976158142,1.1699999570846558,-1.7094001418896263,0.8577555396711937,139500.0,160424.99667406082,3.906553646165583,1.2841000044345856,1.3910749977827073,-0.43290003077767186,-42.7860705664434,-14.81481808530281,55.40540018074706,161.3636323612583,0
HK.06951,50,128.0,124.9000015258789,2.4819843364683893,1.5033059446461976,1408739.9,180318707.2,7.757965196123879,109.3549998474121,,13.475174234940166,,,21.904761904761905,,1
HK.06955,492,2.625,2.5299999713897705,3.7549418847639124,0.24670478353548259,4975944.25,13061853.65625,8.758211899504223,4.2425,6.530474998950958,-37.05036086395116,-46.20901765489537,-62.92372841402612,-67.98780413343393,-80.27798709809811,1
HK.06958,492,0.08900000154972076,0.09000000357627869,-1.1111133186904594,0.30584106292303836,398750.0,35488.750617951155,2.8667233398883005,0.09132000029087067,0.10468000013381243,0.0,-3.2608680687633522,-19.090907243657693,-20.535715354834554,-30.468752091837715,0
HK.06959,491,3.25,3.115000009536743,4.333868059388346,0.1250488472059398,63645.0,206846.25,0.4103982275005984,3.4010000228881836,4.583750004768372,-6.6091959141632834,-18.75,-41.96428472594337,-49.21875075669958,-50.980393002993786,1
HK.06960,261,6.295000076293945,6.034999847412109,4.308206055602928,0.4878048780487805,79525.0,500609.881067276,3.9412457733349324,7.095300016403198,12.03332046031952,-19.294872790241907,-46.28839647723131,-45.02904827215642,-58.7360868089352,-65.08438416822499,2
HK.06963,492,3.744999885559082,3.7249999046325684,0.5369122533839757,0.4714147441013485,12526803.05,46912875.98867116,3.3138804587233763,3.620100016593933,3.5709182524681093,10.96295957212095,4.667211470084322,10.755887538796758,0.9668545576043892,4.393928860958943,3
HK.06966,491,0.5950000286102295,0.5950000286102295,0.0,0.0,3000.0,1785.0000858306885,0.04166662527455388,0.5547000002861023,0.5047750000655651,2.5862147812329632,12.264162401747923,23.958342064482665,19.0000057220459,19.0000057220459,0
HK.06968,492,0.0949999988079071,0.09099999815225601,4.395605205352333,0.17985611510791366,421350.0,40028.24949771166,6.961030106681823,0.10987999975681305,0.10475500043481588,-6.862744525137968,-46.62921508218493,17.28394880034615,33.80281084162281,20.25315751347164,1
HK.06969,492,9.3100004196167,9.354999542236328,-0.48101683400907774,0.544181050869921,17537061.3,163270048.06184378,4.8415175109571305,9.020620794296265,9.846852123737335,1.831948921314403,11.584355535804177,-15.190032322896055,-19.749717749963708,-49.20282896047286,0
HK.06978,492,0.4000000059604645,0.38999998569488525,2.5641078544558447,0.8077360637087599,71010.0,28404.000423252583,4.940976692305941,0.42149999499320984,1.708324990570545,5.263160784158717,-31.034479746495276,-83.05084645165957,-86.0139852925742,-92.5373135075242,1
HK.06979,492,7.489999771118164,7.5,-0.13333638509114584,0.8417931206550823,3625448.55,27154608.80970068,3.4019772487385254,7.788199949264526,8.195880720615387,-4.949242863690291,-1.5827295217200505,-20.016445145693012,-13.021327944543334,-21.592882152429695,0
HK.06980,218,31.399999618530273,31.5,-0.3174615284753224,0.696625719172757,137950.0,4331629.947376251,4.310405262919486,25.404511222839357,26.959294233322144,12.758245818169463,55.71376346374396,22.379834268107672,3.349849495048165,,0
HK.06988,492,0.05700000002980232,0.05999999865889549,-4.999997826913944,0.05711334568763861,8250150.0,470258.55024587363,13.132439577990821,0.0510199998319149,0.0874800001643598,18.749999029872328,-22.97297392538465,-35.95505726147803,-48.64864928358977,-58.69565111759252,0
HK.06989,492,0.5199999809265137,0.5350000262260437,-2.803746647517422,0.15440640932265112,345900.0,179867.99340248108,4.468234057306539,0.5381999945640564,0.6993499973416328,-1.8867907552966041,-16.129035979478314,-28.76712776165459,-36.58536762655102,-56.30252471238506,0
HK.06990,492,460.6000061035156,462.3999938964844,-0.3892707216107157,1.062488937334449,653106.75,300820973.03624725,4.442348434704882,505.1159991455078,453.1715005493164,-12.015280591496538,9.875952454895938,21.210527921977796,14.977533471254095,-12.099235476428316,0
HK.06993,492,3.7100000381469727,3.700000047683716,0.27027000903735277,0.6090346972918036,1538617.4,5708270.612693596,3.752458504234215,3.292833571434021,2.8962437117099764,16.382799970591797,22.389655284696595,47.250561432422,42.9512738811081,22.99300212016726,2
HK.06996,492,3.2799999713897705,3.3499999046325684,-2.0895503055387556,0.6050784112412654,1212185.45,3975968.2413190957,7.44760597889593,3.9568999910354616,4.129425005912781,-12.533334096272785,-7.082153031904256,-18.000000715255737,-16.112534542491524,-55.55555663242355,0
HK.06998,174,1.600000023841858,1.649999976158142,-3.0303001841675177,0.14322516999546803,838087.6,1340940.1799815653,5.620785953712741,1.7216000008583068,,0.6289302046118699,-10.614521902809397,-38.69731463023241,-44.82758719912604,,0
HK.06999,491,0.11699999868869781,0.11699999868869781,0.0,,0.0,0.0,0.0,0.11699999868869781,0.11699999868869781,0.0,0.0,0.0,0.0,0.0,0
HK.07489,123,1.8899999856948853,1.9550000429153442,-3.324811038036055,0.9006263972034819,5830712.15,11020045.880090995,5.483794640969144,2.7409000110626223,,-32.37925101594462,-58.09312882976343,,-70.9677431759551,,0
HK.07618,187,13.430000305175781,13.680000305175781,-1.8274853393491033,0.6092776169812356,2583625.05,34698085.20995979,3.6538705946228025,13.33620002746582,,10.17227865034504,-3.102448500381504,6.334126551750045,-4.00285543319651,,0
HK.07630,88,11.270000457763672,11.720000267028809,-3.8395887287741357,1.437693923951409,2370345.45,26713794.30655804,11.977626933799494,13.533399963378907,,-6.0049985579553224,-69.4414313140918,,-73.07692237592393,,0
HK.07656,51,16.290000915527344,15.470000267028809,5.30058587165122,0.41063455706779334,385384.8,6277918.744830322,10.231331223183249,25.063399982452392,,-43.51594719369099,,,-22.42856706891741,,1
HK.07666,88,13.779999732971191,14.0,-1.5714304787772044,0.732547931939273,9192210.35,126668656.16841501,10.682414446564389,12.595599899291992,,17.576786851598108,-4.239059039596304,,-42.10083960207257,,0
HK.07687,51,67.30000305175781,67.0,0.44776574889225745,1.0608507443492035,99194.45,6675786.787717437,6.991488225099671,81.2279997253418,,-17.423309138947467,,,-30.403303851416315,,1
HK.07688,83,19.790000915527344,18.600000381469727,6.397852202428752,0.6982118044081221,2733725.3,54100426.18980026,8.91052668032585,16.795,,30.45485046801708,-42.637678505717844,,-58.33684017783717,,2
HK.09600,492,0.1289999932050705,0.13300000131130219,-3.00752486225109,0.6013493693165151,280600.0,36197.39809334278,4.11792657537058,0.1447000004351139,0.1925050001218915,-15.686277374310166,-27.9329667536789,-45.79832343157456,-35.500004358589585,-48.4000027179718,0
HK.09606,351,178.1999969482422,180.39999389648438,-1.2195105447201797,0.6792518761569044,968330.55,172556501.05488968,6.373389210513755,198.83199951171875,263.2980000305176,-1.8181834995910813,-5.2631625911937725,-43.067093626759686,-39.8785423016988,-50.93612583727981,0
HK.09608,492,0.050999999046325684,0.050999999046325684,0.0,0.04160166406656266,921500.0,46996.49912118912,3.270036458161289,0.047499999925494196,0.05297000018879771,4.081633428840149,1.9999965727329765,1.9999965727329765,-20.31250527506902,-52.3364498345797,0
HK.09609,195,7.019999980926514,7.21999979019165,-2.7700805412326455,0.29925187032418954,3730.0,26184.599928855896,1.2348328555771713,7.797299966812134,,-8.89033029931635,-15.726289973322306,-23.529414514631732,-20.227274673044146,,0
HK.09611,160,20.540000915527344,20.280000686645508,1.2820523672518784,0.2046985779549121,327650.0,6729931.299972534,3.8157301652967086,22.191200218200684,,-4.465112020803053,-19.953230562474587,-15.1885114353098,-34.581536922097854,,1
HK.09615,12,80.55000305175781,81.0,-0.5555517879533179,,,,,,,,,,-19.288576564488334,,0
HK.09616,492,1.840000033378601,1.8300000429153442,0.546447553483442,1.378238341968912,162200.0,298448.0054140091,3.3838414808705126,1.8250187253952026,1.9881501644849777,1.8503190114176327,0.8803199038557754,-6.261656911972235,-16.265350771072924,-22.682974648695566,1
HK.09618,492,105.9000015258789,106.30000305175781,-0.3762949335797707,0.4507361586295441,7245178.35,767264398.3202648,1.959457150503038,116.02599960327149,113.3178957748413,-5.950263800209598,-5.866665310329862,0.8296850542643678,-7.5800901752496195,-12.878527070122162,0
HK.09626,492,118.0999984741211,121.4000015258789,-2.718289135321262,0.8174204346483847,6340590.9,748823775.6150261,3.643635252771935,135.11999893188477,177.2935001373291,-11.997018509866649,-16.4780738529739,-40.23279614057669,-40.861291798251756,-33.16355375562674,0
HK.09630,58,361.0,356.3999938964844,1.2906863586680326,1.0580360322438407,499821.2,180435453.20000002,9.322771198290274,338.76400115966794,,-4.3961879860152555,,,-29.902912621359224,,2
HK.09633,492,39.380001068115234,39.439998626708984,-0.15212363256300754,0.6161069735531919,6481433.75,255238867.99791813,2.7732128051779963,42.01560028076172,44.32672239303589,-6.549592694610215,-11.106090866090431,-9.3797855343247,-16.249504205400978,-20.638391923639897,0
HK.09636,492,27.899999618530273,27.959999084472656,-0.2145903716273832,0.6537710498065337,1103454.65,30786384.314065453,4.017443840810393,29.340400009155275,35.797562713623044,0.7220175093222523,-5.108418672259277,-21.416254326296794,-43.36931337721586,-59.436318811202696,0
HK.09637,57,24.1200008392334,23.579999923706055,2.290080225931028,1.5601199168550488,802367.9,19353114.42137394,9.10641478007818,29.890399932861328,,-27.305603925895998,,,-47.565215566883914,,2
HK.09638,491,36.0,36.0,0.0,,0.0,0.0,0.0,35.369199981689455,34.413295936584475,0.0,1.7236525031701118,4.732874783119391,30.273801561681445,49.22270354579247,0
HK.09639,476,0.9449999928474426,0.9350000023841858,1.0695176938778126,2.7809965237543453,143250.0,135371.24897539616,2.3870466640826895,0.9304000020027161,1.0558499974012374,-1.5624985448084445,-5.500000715255737,-11.682247988510454,-18.53448103107817,-27.307690191550993,2
HK.09658,492,9.399999618530273,9.350000381469727,0.5347511766912623,0.29290322727133394,385696.65,3625548.3628684045,3.563072977189302,10.41739999771118,11.646150059700012,-14.70055146950648,-10.984855634395238,-27.91411314395048,-29.163532070334163,-36.44354534972862,1
HK.09660,467,4.050000190734863,4.110000133514404,-1.4598525749495752,0.7851346550321076,108108413.35,437839094.6875434,4.038940041127824,4.686299991607666,6.6405749917030334,-15.271966255891755,-12.90322349090528,-44.59644018553988,-54.94994111405712,-58.715596151899994,0
HK.09663,492,2.2799999713897705,2.1500000953674316,6.046505593299618,0.5506248867958703,133800.0,305063.9961719513,7.885985809697848,2.5044999885559083,3.780425008535385,-6.938778489195016,-24.000000953674316,-52.892564059720506,-53.56415392575868,-61.48648746610993,1
HK.09668,492,0.8050000071525574,0.800000011920929,0.6249993946403356,1.9911632984121035,1565700.0,1260388.511198759,2.7956181247655114,0.8176999998092651,0.8567249989509582,-0.6172833601124982,7.333334287007649,-11.538463301912516,-17.010310988761145,-21.078429195524276,1
HK.09669,492,3.0,2.994999885559082,0.16694873562522985,0.6385532062047513,587683.0,1763049.0,3.737055159979334,3.2149999952316284,4.608849995136261,-4.761907645273734,-14.04011484807374,-35.62231548857187,-59.0163944037298,-62.02531691412,1
HK.09676,492,4.0,4.125,-3.0303030303030303,0.8075785784689519,373225.0,1492900.0,4.838750435059723,4.263799996376037,5.772187383174896,-12.758997454303191,-14.2191233723471,-40.739610438510645,-42.47099086398839,-54.4486409812837,0
HK.09677,491,3.015000104904175,3.015000104904175,0.0,0.0,150.0,452.2500157356262,0.3231605218587482,2.806600098609924,2.659187204837799,8.84476987959087,9.803924462966283,23.637492961825256,17.617678348173552,7.180614604393363,0
HK.09678,301,68.0,70.75,-3.8869257950530036,0.8121676386696793,3763134.15,255893122.2,10.465022899268957,73.03699981689454,250.26974979400634,-1.018918456094776,-61.25356125356125,-77.21179578053565,-83.74760970555278,-90.89082384460816,0
HK.09680,492,7.199999809265137,7.199999809265137,0.0,0.10256410256410256,750.0,5399.9998569488525,1.3846155313345103,7.028100032806396,8.14417500257492,-9.774438696040393,0.0,-14.285712663819117,-24.13066403670953,-37.50000413921128,0
HK.09686,492,1.0099999904632568,1.0,0.9999990463256836,6.8307692307692305,21800.0,22017.999792099,3.663047897050907,0.8929000091552735,0.9123249998688698,18.823524956884807,4.123707285899507,14.772726810914424,12.222224135457784,2.020200074126503,1
HK.09688,492,19.3700008392334,19.040000915527344,1.7331927932678612,0.672248634383363,7195415.7,139375208.14763317,3.8213678709498633,17.854000129699706,15.547400050163269,-4.67519128867309,41.28374022857716,30.613627369411244,42.63623673089994,-19.89247065854169,4
HK.09689,492,0.4749999940395355,0.4699999988079071,1.0638287753851585,0.8986415882967607,393200.0,186769.99765634537,5.951825308347751,0.5830000042915344,0.5730749994516373,-18.8034168440287,-24.603174978613286,-1.041665696538963,7.954544684857372,55.73769931157614,1
HK.09690,492,12.220000267028809,12.5600004196167,-2.7070074938601523,0.42174611860729555,1515988.9,18525384.762812708,4.106360477528064,12.294600048065185,13.928650012016297,4.712940763831832,-10.147059380389399,-11.062587550288274,-23.86292306598999,-39.2039799248239,0
HK.09696,492,30.700000762939453,30.139999389648438,1.8580006125791353,0.7433761783649606,4818996.95,147943210.0416029,4.771064879488341,34.58679985046387,45.800149822235106,-9.970668220885525,-36.438920811859205,-28.704134268834803,-41.35625280272775,-31.104129675047897,1
HK.09698,492,29.799999237060547,29.860000610351562,-0.20094230430194618,0.5138969562524326,4901847.7,146075057.720187,2.8410376219641975,31.606400032043457,36.617300004959105,-8.924211108509946,-6.1712877131496615,-25.57442918163313,-16.33913495043517,-8.08142837711332,0
HK.09699,492,8.640000343322754,8.8100004196167,-1.929626199737929,0.9450504119756907,2478007.9,21409989.106756497,4.293616088040868,8.290299997329711,10.336275017261505,9.090912374911527,8.270680735235093,-28.712867781316813,-20.29520090679998,-39.026109408585974,0
HK.09857,492,2.75,2.799999952316284,-1.7857126131349395,0.30427892234548337,14920.0,41030.0,1.9014139935610037,2.6776999855041503,2.948324989080429,-1.0791356726084065,34.80392408939294,-9.240923235433,-27.631578039264404,-42.82744214730977,0
HK.09858,492,4.085000038146973,4.09499979019165,-0.24419420163657043,1.2081955009611836,23676443.1,96718270.96668464,5.267104141274386,4.009200029373169,4.055050011873245,-2.0383701820580247,16.38176778478641,-8.40807167696357,-18.299999237060547,18.40579657062867,0
HK.09860,492,3.950000047683716,4.0,-1.2499988079071045,0.3130644190246839,124025.0,489898.75591397285,5.340965834878095,3.6919000053405764,4.287125005722046,8.665751253009338,1.8041219375810345,-8.13953784944677,-6.83961648795019,-45.366527838683155,0
HK.09863,492,35.060001373291016,35.86000061035156,-2.230895770898605,1.0070804331661196,7127333.5,249884322.29790306,4.231236867265974,38.09920021057129,43.37375,-13.857492098093765,-8.36381884115554,-14.3624754534845,-29.2574648874291,-44.127487851329064,0
HK.09866,492,28.420000076293945,28.68000030517578,-0.9065558790629252,0.7520106974212676,6722137.0,191043134.05285835,3.718034777055061,35.09279991149902,40.58485010147095,-18.28636839052674,-31.846523845745356,-25.71876287747034,-31.219747613275366,-40.59364551495184,0
HK.09868,492,40.41999816894531,40.380001068115234,0.09905175773177616,0.5703673898159216,12337957.0,498700199.348526,3.3205482092678906,47.071599884033205,63.19154987335205,-12.015673972080632,-27.432679326210785,-42.33951633555711,-49.69508533100511,-48.11296870704487,1
HK.09869,492,1.059999942779541,1.1100000143051147,-4.504510890198043,0.7921544898728589,623080.7,660465.5063470363,9.157943530619066,1.5806998348236083,1.1437298461794854,-32.79696407765992,-33.606639571990634,40.83189885611116,28.45106296980038,-11.55066478320626,0
HK.09876,492,3.0299999713897705,3.009999990463257,0.6644511956770989,0.9492635024549918,60600.0,183617.9982662201,2.239786018378814,2.4343273782730104,2.9313584661483763,34.02966409323905,2.979464298158243,2.2974862510551732,-13.462632922238985,-38.82408434505826,1
HK.09877,492,7.125,7.349999904632568,-3.0612232319997053,2.36417033773862,15210.0,108371.25,7.317124663670242,7.371499996185303,8.274874992370606,-4.68227303141046,-3.4552860499547005,-11.048691680316947,-22.300982107738783,-14.976134812674127,0
HK.09878,492,7.050000190734863,6.550000190734863,7.633587563970797,0.6482811806120572,490590.35,3458662.061072683,5.3227669096736285,7.908700017929077,8.306625020503997,-20.33898432935362,-1.5363080868919858,-6.125166766013029,-30.95004736146526,-53.06258338300651,1
HK.09879,492,9.125,9.005000114440918,1.332591716091636,0.9736095047839344,475450.0,4338481.25,2.5565821304593737,9.100283184051513,8.284217295646668,-0.3162436731731289,5.9856121291793585,11.093352027974156,16.5707716600742,51.657044251907216,1
HK.09880,492,77.4000015258789,76.69999694824219,0.912652679906999,0.4265590620573225,5456674.25,422346595.27622414,4.461326175679765,84.04499984741211,106.67224998474121,-9.473682425872624,-31.806166056494355,-28.597785575306663,-40.91602936955809,-27.663549975814107,1
HK.09881,314,17.700000762939453,17.700000762939453,0.0,,0.0,0.0,0.0,17.700000762939453,18.2043003988266,0.0,0.0,-25.190190713904638,10.763462265171121,67.45507354750977,0
HK.09882,491,0.7450000047683716,0.7450000047683716,0.0,0.0,46100.0,34344.50021982193,2.184226964533642,0.8255999970436096,0.8297999992966651,-6.875000791624177,-29.716976888241508,12.878784115868536,22.131145458585426,20.161290167521738,0
HK.09885,492,3.369999885559082,3.4200000762939453,-1.4619938485219444,1.1437785541521097,553780.0,1866238.5366249084,4.41416072091886,3.484300012588501,4.514927328824997,0.4470899076101363,9.061487998942008,-11.153459682596912,-35.26423093755914,-64.3887046811955,0
HK.09886,491,0.800000011920929,0.800000011920929,0.0,0.01800270040506076,492450.0,393960.00587046146,4.711790360142311,0.8228000020980835,0.9264499977231025,-3.0303001841675177,-12.087913311531134,9.589039865544988,-23.80951921415416,1.265821543245696,0
HK.09887,283,54.099998474121094,57.099998474121094,-5.253940595742156,1.3658249220125278,2226918.55,120476290.15699194,7.057229472790051,63.91679985046387,62.73089992523193,-23.207947739349116,-1.8148820829272285,-11.238723877069239,7.128709849744739,-17.781161147414505,0
HK.09888,492,88.05000305175781,88.9000015258789,-0.9561287508793327,0.5215995339210698,15785338.25,1389899081.0855293,3.067235856614152,100.25500030517578,119.17999980926514,-2.1122778887670712,-23.234520144329256,-24.9999983753419,-38.76912296026443,-9.226800977569265,0
HK.09889,492,3.134999990463257,3.140000104904175,-0.15923930808500913,0.647332988089073,197350.0,618692.2481179237,0.3892294470803951,3.281299982070923,3.2512037599086763,-4.711245385622127,-9.130436314977613,-0.8769232543646585,-3.7090117835630014,-10.1284092429831,0
HK.09890,492,9.220000267028809,9.100000381469727,1.3186800058100772,1.0361425785302294,463790.0,4276143.923845291,3.871690099335069,10.263900051116943,14.376725010871887,-5.290183952859196,-24.549917630479932,-47.554036933777574,-49.69994377847951,-42.049023535795214,2
HK.09893,492,1.565000057220459,1.600000023841858,-2.1874978812411743,22.288085358624777,352000.0,550880.0201416016,1.2537907361748664,1.6685000109672545,1.5614750009775162,-3.9877262700195732,-15.860212624507211,-5.722886223563814,64.73685019564441,165.75470219031192,0
HK.09896,492,17.43000030517578,17.520000457763672,-0.5136994876504622,0.8148544144228563,5783229.05,100801684.10640144,3.138268104486878,22.208199920654298,29.910129137039185,-17.549665050081888,-31.43194235695317,-47.435762483829535,-53.254373095818316,-63.3329163065832,0
HK.09898,492,51.70000076293945,52.45000076293945,-1.4299332489808867,1.087826550679387,153224.85,7921724.861901283,2.1638708108027114,58.28699989318848,68.47887073516846,-11.699399766661708,-14.545453284397597,-31.831803450427582,-36.52018037786499,-42.53589904383696,0
HK.09899,492,86.5999984741211,86.0999984741211,0.5807201032068358,0.5482024549683866,848158.75,73450546.45581245,3.7935803719796373,108.76899993896484,138.7962505340576,-23.700441873021063,-25.53740653335935,-41.24830253728621,-54.05835624715062,-68.30161251658528,1
HK.09900,492,5.074999809265137,5.0,1.4999961853027344,0.570173352247884,2383593.6,12096737.065365601,8.573426225576668,5.6194000148773195,5.629599995613098,-19.380464690114177,-13.099320605047549,12.030895678034513,-17.61363741920861,122.58771372578914,1
HK.09901,492,43.91999816894531,43.86000061035156,0.13679333734343302,0.5548583838782605,3348398.45,147061653.79289934,3.580076777420673,42.78360000610351,42.21836166381836,2.187060578689049,18.638567330797002,6.0378314590567195,-2.818175372491821,16.96155019491113,1
HK.09903,170,117.5999984741211,110.69999694824219,6.23306388084636,1.0886252316134866,5908055.45,694787311.9050229,9.00765988260242,144.91266632080078,,-4.130434038959048,-35.266057698211455,35.79676737438259,124.999998175368,,3
HK.09906,491,1.559999942779541,1.559999942779541,0.0,,0.0,0.0,0.0,1.559999942779541,1.6027999585866928,0.0,0.0,0.0,-10.85714612688337,3.9999961853027344,0
HK.09908,492,7.800000190734863,7.85129976272583,-0.6533895474799258,0.03134796238244514,79875.0,623025.0152349472,1.8951924978070578,8.204417457580567,8.072703847885132,-6.338715425375978,-6.504188276210292,-9.513708647810223,0.44198613455091723,5.9158992929804315,0
HK.09909,492,1.8899999856948853,1.899999976158142,-0.5263152941442201,1.0217435727981425,95624.6,180730.49263207914,3.0461744169511786,2.0577000045776366,2.3463250052928926,-8.252425330423856,-18.53448103107817,-22.540986009324513,-22.540986009324513,-15.24663813769218,0
HK.09911,492,9.515000343322754,9.494999885559082,0.21064200110302808,0.9153998626330214,10029202.4,95427864.2792534,5.229975587483567,8.625800046920777,9.41660002708435,19.16092904478083,17.035672932177803,-5.698709619123845,-19.839928938006107,-22.00819268786622,2
HK.09913,492,2.240000009536743,2.200000047683716,1.8181800448205245,2.1302140783842893,88448.85,198125.424843514,1.4349619867596586,2.2647999811172483,2.34079998254776,-3.655915544245001,-4.680846789779938,-7.438019052993552,-6.276154342405177,-9.311741555035454,4
HK.09916,492,0.3499999940395355,0.35499998927116394,-1.408449403588351,1.434878587196468,97100.0,33984.9994212389,1.987035896982176,0.3600000023841858,0.34822500109672544,-4.109593179530491,-4.109593179530491,4.477607558580467,7.692309808449005,-9.09090838719426,0
HK.09918,491,1.0199999809265137,0.9750000238418579,4.615380100950092,7.0,2700.0,2753.999948501587,0.026315764707211,0.9639000034332276,0.9912749925255775,4.081628681073312,6.250000388051082,-8.928573519295567,-0.9708728874782327,-2.857140262110586,1
HK.09919,492,0.7200000286102295,0.7250000238418579,-0.6896544920278584,0.2714578736814805,275502.15,198361.55588217976,2.344316836475893,0.7519705891609192,0.8490447530150413,-3.010492801058313,-11.190333420871616,-20.684140552403534,-25.8730307370885,-22.994305914203224,0
HK.09922,492,1.0099999904632568,1.034999966621399,-2.4154567115350485,3.106655743066097,1388119.8,1402000.9847618581,2.91759790123674,1.175,1.6135864263772965,-13.675211323945549,-32.21476617458032,-46.10889401378634,-45.53558629207038,-56.24226201506476,0
HK.09923,492,4.019999980926514,4.0849995613098145,-1.5911771692445251,0.6702983614282965,293667.1,1180541.7363987444,3.722172846677467,4.74315691947937,6.366889436244964,-15.370477409811203,-28.072420792690796,-41.98391579945859,-50.85530660961669,-64.28992466471362,0
HK.09926,492,90.4000015258789,95.25,-5.091861915087763,0.9028021283975926,14214589.95,1284998953.1697428,4.987645131787156,95.12699996948243,109.99749988555908,1.23180116072733,1.1751573247781648,-12.825454015202581,-20.211827810293798,-41.564315895801904,0
HK.09927,213,33.5,34.68000030517578,-3.4025383356172383,3.9973135192339284,1253099.0,41978816.5,3.5820483834849024,41.58239990234375,74.6828687286377,-16.542101371732464,-41.84027623707126,-60.851128327687356,-68.33761960611959,,0
HK.09928,492,0.49000000953674316,0.49000000953674316,0.0,0.24060127723711067,469169.2,229892.91247434617,1.6833048500621302,0.49400000512599945,0.49635656505823134,2.083337601895229,0.0,8.074770144265146,0.0692257681510098,-5.197573765969759,0
HK.09929,492,1.4700000286102295,1.4700000286102295,0.0,0.42529989094874593,3033000.0,4458510.086774826,5.719513101440513,1.6678999996185302,1.127065004184842,-18.333329580448193,-3.92156496088299,116.17647252177694,144.99999503294646,2061.7646304742316,0
HK.09930,492,0.7099999785423279,0.699999988079071,1.4285700905079517,0.11352322741994625,396700.25,281657.1689877361,4.112828434834789,0.7155000042915344,0.8757765373587608,-7.792208294861243,-6.578949019519266,-20.322387420756822,-32.86423076832033,-42.90816571064861,2
HK.09933,492,1.6200000047683716,1.6749999523162842,-3.283579051560902,0.07547169811320754,51800.0,83916.00024700165,1.221813009110902,1.654099977016449,1.6606749981641769,-3.5714252769540553,-4.705884745376678,-4.705884745376678,-7.428571156093053,-21.359220885097752,0
HK.09936,492,14.619999885559082,13.119999885559082,11.432926928993496,0.9958656851870525,1229750.0,17978944.85926628,7.414346370831634,13.982999973297119,13.092090163230896,4.205275579595067,-9.038256763990825,-0.9923446608895445,140.3776157613099,161.373152741905,1
HK.09938,492,0.26499998569488525,0.25,5.999994277954102,0.37374221370388117,511500.0,135547.4926829338,4.751234794515756,0.26515999883413316,0.19408499967306853,15.720516686372205,20.45453960491603,92.02897995178286,108.6613993996827,122.68905847829095,1
HK.09939,492,1.8799999952316284,1.8799999952316284,0.0,0.1717086112237002,1323450.0,2488085.9936892986,6.894628608833305,1.7778000044822693,2.3606500059366224,7.428571156093053,-19.99999695635844,-38.961037603874644,-7.843135765358715,-20.675101856043458,0
HK.09955,492,0.5,0.5149999856948853,-2.9126186624346984,0.12633590347936974,92906.85,46453.425,4.3195856649316395,0.5075999957323074,0.7227499975264072,-3.8461503192516595,-19.35483932991305,-26.470589008710782,-50.0,-63.76811581683545,0
HK.09958,492,0.1289999932050705,0.125,3.1999945640563965,0.10063443447823234,1378200.0,177787.79063522816,5.723200555267488,0.136300001591444,0.16648000039160252,3.1999945640563965,-6.521741712551626,-26.285716913184388,-14.56953701201902,-59.68750122236091,1
HK.09959,492,2.3450000286102295,2.3299999237060547,0.6437813474395276,0.7435915093202178,5836000.85,13685422.160219323,4.507949274916026,2.1331999921798706,2.113799495100975,6.108596748100095,20.95263123332629,18.58101501606496,3.822004455979234,-16.584397204983983,4
HK.09960,492,0.9300000071525574,0.9300000071525574,0.0,0.4281650780977095,506650.0,471184.5036238432,3.8903921045679772,0.9535000002384186,1.025839505493641,-0.5347588469389063,-6.999999284744263,-11.085812490511831,-12.605715430277135,-31.37495589656058,0
HK.09961,492,323.20001220703125,311.20001220703125,3.856040979849573,2.0730591321379754,3165883.85,1023213698.9660431,2.6429583230235107,345.2560021972656,416.7085005187988,-8.286033540065969,-12.411920811102641,-22.045343114072217,-44.562605110286235,-43.49650136240712,3
HK.09963,492,9.805000305175781,9.71500015258789,0.9264040264983043,0.4261704681872749,158450.0,1553602.2983551025,7.200943128172829,8.981900024414063,5.086000017821789,-7.325138224186299,-6.619044712611608,549.3377726557255,620.9558972089862,1986.17028298827,1
HK.09966,492,7.724999904632568,7.885000228881836,-2.0291733621415133,0.6036873732367397,1290164.3,9966519.094460344,5.033310944784345,8.040399999618531,8.909299993515015,-5.03995467380119,10.199709734742504,-3.5580563808429813,-19.363257138272225,-25.217812568375127,0
HK.09968,492,0.08900000154972076,0.08399999886751175,5.952384225736984,0.4918736376060267,17974900.0,1599766.1278560758,14.155435380034614,0.04642000000923872,0.0316800001822412,106.9767407609555,154.2857176308729,256.0000008940697,323.8095369029479,304.54546378171153,1
HK.09969,492,14.979999542236328,15.289999961853027,-2.0274716833886086,0.7987766207273224,8942885.1,133964414.70427208,5.520808641835737,14.359999980926514,13.151950030326843,4.975466444966912,36.67882746439319,27.164684904946274,19.839996337890625,-15.367237872657652,0
HK.09971,51,42.779998779296875,41.65999984741211,2.688427594783919,0.17895963868257853,544410.2,23289867.691436764,12.30119818824448,50.1447998046875,,-34.28571462055715,,,28.777836265207114,,1
HK.09973,239,25.139999389648438,25.239999771118164,-0.3961980284332483,0.5104186030643233,2311244.1,58104675.26332855,3.2545482092007068,25.641999969482423,27.370783977508545,-0.9456256069904254,-5.77211730851664,7.6563719297890245,-13.732313474909747,,0
HK.09976,7,193.39999389648438,179.5,7.743729190241992,,,,,,,,,,-17.20890888556627,,1
HK.09978,492,2.890000104904175,2.865000009536743,0.8726036748416639,1.4607743750595878,2123991.1,6138334.501815534,11.928765742121099,1.09640000551939,0.35409500168636443,189.00001049041748,1056.00004196167,3467.9013535773274,3467.9013535773274,3424.3902744848333,1
HK.09979,492,1.8600000143051147,1.8350000381469727,1.3623964925574428,0.7634222182250447,1509925.9,2808462.195599663,4.133441311428531,1.7964000058174134,2.175514405965805,6.896551960383053,8.41234544122754,-25.19148249426883,-27.596035836103987,-31.924462856432307,1
HK.09980,152,99.6500015258789,100.5,-0.8457696259911381,0.8923003266463406,545817.1,54390674.8478508,2.992275255082466,108.89588424682617,,-12.059819380036144,-17.67899881598358,-36.41259405332096,-46.05929175683749,,0
HK.09981,144,8.979999542236328,9.0,-0.22222730848524305,0.8338257166724394,1887990.0,16954149.335746765,3.5558867053075907,10.425999927520753,,-9.6124895525391,-34.452557173298146,-49.377751743245604,-55.913601218659956,,0
HK.09982,492,0.09700000286102295,0.10300000011920929,-5.825240049749624,0.6271735967919444,3918096.75,380055.3959597647,7.127579932222858,0.09312000021338462,0.10207999980077148,11.494259370304315,-5.825240049749624,4.30107587182406,-40.123455200302885,-11.818178739429488,0
HK.09983,492,0.2750000059604645,0.2849999964237213,-3.508768627628134,0.08975317875841436,303250.0,83393.75180751085,4.45161637545747,0.31429999887943266,0.4387249983847141,-15.384610446952324,-26.666665077209473,-43.87755089628354,-54.16666749450892,-72.40829686123027,0
HK.09985,492,6.925000190734863,6.925000190734863,0.0,0.2960544053944435,3315472.95,22959650.81112628,3.2524180732126373,7.816299991607666,9.501591913700103,-18.57730631917713,-13.111664077367042,-38.324620875143815,-36.217005861115645,-43.29977624093517,0
HK.09986,491,1.8799999952316284,1.8799999952316284,0.0,,0.0,0.0,0.0,1.8799999952316284,1.8870499950647355,0.0,0.0,0.0,0.0,-2.5906711748779943,0
HK.09987,492,328.6000061035156,331.20001220703125,-0.7850259685046074,0.5666190408911724,803864.05,264149731.73639682,2.4520895274829915,356.69758666992186,372.24607055664063,-10.975425645272347,-5.771699091186979,-19.60550001829258,-12.865420837852895,-5.293429835674647,0
HK.09988,492,106.19999694824219,107.19999694824219,-0.9328358474513907,0.3646129339663245,91585759.15,9726407342.232445,2.6760940825615713,115.49599990844726,131.0453654098511,-14.492753979294488,-2.836236063092927,-17.389922337359316,-28.64485546783811,-19.33295263319975,0
HK.09989,492,4.114999771118164,4.15500020980835,-0.9627060570480832,0.21223174949073856,520125.0,2140314.255952835,2.9758907179091487,4.313500003814697,4.658012150526047,-3.6299815105553543,3.1328260973095565,-18.411458008341718,-17.146526598803174,-27.904898874226763,0
HK.09990,492,1.6799999475479126,1.6299999952316284,3.0674817461689026,1.0791770518547095,203949.25,342634.7293024361,4.9151074326926265,1.9123000049591063,1.7940750020742415,-8.446871246693972,-12.041886025806253,16.66665838824411,3.0674817461689026,-11.111113213567734,1
HK.09991,491,7.079999923706055,7.215000152587891,-1.8711050038358459,0.08442380751371886,11835.0,83791.79909706116,3.5532099781545297,7.374399976730347,7.107899990081787,-2.8806589745659377,3.3576645587679534,10.452419535773352,-2.209942713677719,-32.69962342557624,0
HK.09992,492,152.60000610351562,152.1999969482422,0.2628181099172206,0.4541231211314659,8570980.4,1307931661.353113,2.538844471784889,156.60199951171876,178.41991027832032,1.395352892701412,-13.785307286149365,-24.682840144263086,-19.573286522268752,-49.83721462149164,1
HK.09993,492,1.0199999809265137,1.0149999856948853,0.4926103745908273,0.2331808232786428,72837400.0,74294146.61073685,5.62550539219127,1.0932999980449676,1.45617499679327,-12.820511253000738,-19.047619948671883,-29.166670805877942,-43.956046619214824,-61.65413729270692,2
HK.09995,492,73.8499984741211,75.44999694824219,-2.120607738683772,0.8565522123684857,2998127.6,221411718.68522033,4.5211835285641895,80.89099990844727,85.26324996948242,-5.259780159893324,2.3561980766312653,-13.473931113762006,0.271550501152282,-20.118982247813637,0
HK.09996,492,4.820000171661377,4.894999980926514,-1.5321717989249295,1.1496839751290997,624801.6,3011543.819254303,4.948725240896605,4.656300020217896,5.492875000238419,-0.10361943629840738,19.60297570035602,-16.896551497342617,-21.241825787696822,-36.82830800305226,0
HK.09998,492,0.5049999952316284,0.5649999976158142,-10.619469493340473,7.968932038834952,887500.0,448187.4957680702,3.622925934042087,0.39600000143051145,0.416239557415247,32.89473725487982,34.66666539510091,-8.181821038900267,36.48648343876912,121.63889028226247,0
HK.09999,492,186.8000030517578,187.10000610351562,-0.16034368892101036,0.6462335338977256,7100548.95,1326382565.5291557,3.2099049857207005,196.342861328125,194.9839814758301,-3.86057648511197,-6.739001988003721,1.8326105914815503,-18.15114538419829,-10.777029247956134,0
