code,n_rows,last_price,prev_close,gap_pct,rvol,avg_vol_20d,avg_dollar_vol_20d,adr_pct,sma50,sma200,perf_4w,perf_13w,perf_26w,perf_ytd,perf_52w,consecutive_up_days
HK.00001,493,66.05000305175781,67.9000015258789,-2.724592684163636,1.3607110723360496,5576543.85,368330738.3107612,1.699814971533072,69.26478210449218,64.28420822143555,-5.0845558504526664,2.727711769780348,15.706150445958137,26.526810546792216,37.473799796662846,0
HK.00002,493,76.0,76.05000305175781,-0.06575022978471363,1.106493335805616,3066992.8,233091452.79999998,1.3243998224448572,77.33716033935546,73.83898681640625,-3.8583212321457214,1.3492722549342984,5.849892603737224,12.516084259834892,23.072087594610043,0
HK.00003,493,7.074999809265137,7.039999961853027,0.4971569261613592,1.3195321244164728,21661611.65,153255898.29212546,1.4254204789391403,7.042679567337036,6.914829666614533,-3.4788556220337536,10.477769153744019,4.94996797888403,4.507140049294764,10.080860077966602,1
HK.00004,493,18.600000381469727,18.5,0.5405426025390625,0.5206277904576578,988387.55,18384008.807039928,2.6929447478943853,19.44804973602295,21.66214614868164,-2.668760924086928,-0.604389701656927,-12.406651296130024,-14.211879417182228,-12.646412944991937,1
HK.00005,493,142.60000610351562,149.89999389648438,-4.869905330356359,3.295179029727436,11105360.25,1583624439.4317398,1.5655386199026962,160.69900634765625,141.97481239318847,-14.096381865352035,-5.6641575877471855,16.582486668173622,19.080180499076327,39.7266090651969,0
HK.00006,493,59.29999923706055,59.29999923706055,0.0,0.6761999925363847,2730189.75,161900250.09203053,1.4639129364820318,59.32727844238281,58.347038688659666,-3.025351173597979,5.948095779766241,1.1133294341034485,12.480555762578065,24.91547689321393,0
HK.00008,493,5.079999923706055,5.114999771118164,-0.6842590220577515,0.9088659835580786,7374831.2,37464141.933345035,1.4437836134114608,5.362554931640625,5.4900976133346555,-7.299271787868723,-5.962880804613194,-5.683771787903992,-2.1085984384284826,4.2919990993724975,0
HK.00010,493,12.100000381469727,12.15999984741211,-0.49341666690194813,1.1149224555680906,711119.1,8604541.381270409,1.772169243851664,12.567898845672607,14.133459372520447,-3.044865181930194,-5.344393597798889,-14.443826917155874,-16.28915942777114,-10.622756811017382,0
HK.00012,493,26.1200008392334,25.940000534057617,0.6939101829988475,1.7053501725351996,8438563.95,220415297.4559247,1.9734284114294547,26.81666851043701,28.42959161758423,-1.3595117417910898,4.405772598659751,-6.1177042580819245,-5.663853014637999,0.6623052518464565,3
HK.00013,493,21.579999923706055,22.34000015258789,-3.401970562626861,1.2111628940698203,4884194.5,105400916.93736553,3.9139144312065013,20.61159999847412,20.777549977302552,-0.918277119532344,21.0998894123097,-6.010449546140726,3.0563484877066647,-12.061943281951509,0
HK.00014,493,15.470000267028809,15.420000076293945,0.3242554506321401,0.8366400386641825,1142298.35,17671355.77952657,1.7250867306829387,16.40711576461792,18.035936398506166,-4.091747849207114,-9.17080577675044,-14.736806086504123,-13.173681957382314,5.149512353396336,2
HK.00016,493,106.9000015258789,106.69999694824219,0.18744572010975458,1.0004459589449064,5952438.0,636315631.2826996,2.4016066135566216,115.21399932861328,121.86514816284179,-9.636518370072446,-5.39822873816026,-16.549573432889087,11.445438483840304,20.9945272839626,2
HK.00017,493,5.28000020980835,5.610000133514404,-5.882351441216902,0.8039009861089814,8384849.15,44272005.27121136,5.082482518289835,6.418700008392334,7.9259249782562256,-14.701128255251314,-19.512191221587756,-34.40993683595985,-28.552093299031167,-32.65305985911895,0
HK.00018,493,0.20999999344348907,0.20999999344348907,0.0,1.3748483623129801,102620.0,21550.19932717085,0.6312485052957115,0.21510867446660994,0.2582154342532158,-0.47393461991798,-11.980863565370422,-19.982601878261296,-27.853165896557012,-37.129187700022655,0
HK.00019,493,100.19999694824219,101.5,-1.2807911839978448,1.0742056437670773,1066094.9,106822705.72653656,2.393330640224988,101.84785461425781,84.71678091049195,-6.442578547324793,21.331644185498437,22.630627427347868,64.21339816805242,58.49080192816151,0
HK.00020,493,1.1399999856948853,1.2100000381469727,-5.785128119441005,1.566036972868361,288247383.05,328602012.55358815,3.886594566449571,1.3668000030517578,1.8174000012874603,-14.285718127044653,-18.57142820650217,-38.7096786598261,-48.64864995481323,-56.48854826374847,0
HK.00021,493,0.07999999821186066,0.07999999821186066,0.0,0.0690846286701209,3723500.0,297879.99334186316,12.38504728380789,0.08334000021219254,0.08268499994650483,3.8961021368168507,8.108104298461395,21.212119159619657,-22.330098913329206,-21.56862773743102,0
HK.00022,493,2.549999952316284,2.615000009536743,-2.4856618349295525,0.404229010135521,408862.0,1042598.0805039406,11.773274053022362,2.1341000103950503,5.724224993586541,44.06779546864607,20.85308431735616,-80.00000037398993,-68.51852058982753,-63.04347946272754,0
HK.00023,493,17.56999969482422,18.670000076293945,-5.89180705396162,1.4919458555262766,2824826.75,49632205.13543129,3.0554698697567364,17.76027339935303,14.52168752193451,-3.3021484807396106,38.01292042353723,36.13519854065805,35.64043432963102,55.47899159947536,0
HK.00025,493,4.519999980926514,4.619999885559082,-2.1645001538883593,3.1915742439958508,2179.95,9853.373958420752,0.23525726270462186,4.67015233039856,4.232091596126557,-5.439335093507464,-8.193523793142123,13.38209571299057,13.928514811049345,24.18871295759993,0
HK.00026,492,57.900001525878906,57.900001525878906,0.0,0.0,1342.8,77748.12204895019,0.11047534099322433,58.30136444091797,57.411891269683835,-1.2748874880229082,1.9237410789837344,4.0592258757798625,2.3360909708200506,3.9838012002353693,0
HK.00027,493,30.639999389648438,30.719999313354492,-0.26041642413474075,1.271039384151195,15844853.75,485486309.22906876,2.5931845902125152,32.88594799041748,33.80045072555542,-7.766411006170578,-0.5432416489226549,-6.981873138022982,-16.611076418034102,-23.790252911559467,0
HK.00028,493,3.2100000381469727,3.174999952316284,1.1023649246090406,0.12983580407777165,265115.0,851019.1601133347,1.6223039173938218,3.3952999782562254,3.9409866976737975,-4.179100611077511,-5.029587885740792,-20.98193403730384,-26.994171014447804,-32.29298485410802,1
HK.00029,493,8.885000228881836,8.84000015258789,0.5090506280225757,0.4847023886941552,60993.65,541928.5942103387,1.9419316302379408,9.252499980926514,10.825090255737305,-5.327650376195802,-13.485882834940249,-17.807586642102276,-31.468417066917354,-29.981878074228423,1
HK.00030,493,0.22200000286102295,0.2240000069141388,-0.8928589247242587,0.205199547865403,1149600.0,255211.20328903198,1.0077985903041622,0.2386400020122528,0.24913500003516675,-7.499996740370916,-19.272727982071792,-20.714285030048725,-9.016393292450003,-14.615380383101991,0
HK.00031,493,0.4399999976158142,0.4449999928474426,-1.1235944521335182,0.3571387313625567,2568980.0,1130351.1938750744,2.716205387862229,0.48269999742507935,0.5649000006914139,-8.333331781129008,-27.868854541414578,-5.376345326492771,-38.02816747696805,-40.54054162901103,0
HK.00032,493,6.829999923706055,6.849999904632568,-0.29197052853953964,1.2484422339090286,20789.95,141995.3569138527,0.8879849731004391,7.313751068115234,7.721085231304169,-8.567602201621693,-8.452953086218386,-15.374869726123547,-12.043991673267875,-15.558112814006808,0
HK.00033,492,0.4000000059604645,0.4000000059604645,0.0,,0.0,0.0,0.0,0.4000000059604645,0.4000000059604645,0.0,0.0,0.0,0.0,-2.439022085483674,0
HK.00034,493,4.5,4.695000171661377,-4.153358136989674,1.0608282517049992,148005.2,666023.4,2.249681537074536,4.630700016021729,4.660435240268708,3.448278130022205,-6.4449053319614436,6.607382504846209,8.101881602740375,33.62248200797103,0
HK.00035,493,0.6349999904632568,0.6449999809265137,-1.5503861641813224,0.7443009969993042,1954023.85,1240805.1261149764,3.3491635547104095,0.6673000037670136,0.7436750027537345,-7.299271787868723,-7.971015556898724,-19.620256554982905,-14.189191583824265,-18.589741826292496,0
HK.00036,492,0.2750000059604645,0.2750000059604645,0.0,,0.0,0.0,0.0,0.2750000059604645,0.26093500547111037,0.0,0.0,0.0,74.05062867336005,0.0,0
HK.00037,493,0.4699999988079071,0.4650000035762787,1.0752677834782465,0.19135093761959435,332464.0,156258.07960367203,1.6357228339738485,0.4858000016212463,0.5067999942600727,-4.081634763179803,-11.320750154859622,-11.320750154859622,4.444446946367871,2.173910930837298,2
HK.00038,493,8.600000381469727,8.675000190734863,-0.8645510964396123,1.3224126169631967,2281669.2,19622355.990387727,3.646924989332158,8.822042713165283,8.423167450428009,-12.23551810048266,19.229493088288756,6.040910236354915,6.167164277506735,29.1533649966787,0
HK.00039,492,0.04500000178813934,0.04500000178813934,0.0,,0.0,0.0,0.0,0.04500000178813934,0.05688500126823783,0.0,0.0,-2.1739093463565164,-44.44444240038942,-48.86363405457212,0
HK.00040,492,0.6700000166893005,0.6700000166893005,0.0,0.0553493025296015,36234.15,24276.88110472262,0.9569202454097163,0.6789775156974792,0.6949079331755638,-1.1799346493945646,-0.45332398624007747,-3.297511303945212,-8.524674343906831,1.9945434672501872,0
HK.00041,493,13.600000381469727,13.59000015258789,0.0735852006589686,1.7048819472522232,289149.6,3932434.6703018188,1.793687579865082,14.680758819580078,15.368652453422547,-8.03895931040282,-7.121182970820285,-11.658978675760059,-4.190253840869505,6.658787530481666,2
HK.00042,492,0.2199999988079071,0.2199999988079071,0.0,0.0,86200.0,18963.999897241592,3.4922805371559806,0.23307999908924104,0.3189899992197752,-3.5087725031225445,-22.80701699349358,-48.83721043059088,-22.80701699349358,-20.00000216744158,0
HK.00045,493,5.215000152587891,5.230000019073486,-0.2868043294625644,0.812305692785987,322550.8,1682102.4712173461,2.3865895959936116,5.526399993896485,5.908800001144409,-5.866422590306848,-2.523359896283014,-13.51575503919198,-11.309522940651453,-11.610168334020706,0
HK.00046,493,1.190000057220459,1.215000033378601,-2.057611149904549,7.183098591549296,17400.0,20706.000995635986,0.9550205856379812,1.2255335903167726,1.2452541303634643,-4.0322541880434235,1.3918773097062103,1.7765135294957282,-19.716667612995252,-26.139334441563992,0
HK.00048,492,0.3700000047683716,0.36500000953674316,1.3698616715036243,0.0,54200.0,20054.00025844574,0.8101036622173412,0.3705000042915344,0.31078500144183635,-2.6315764707211,7.246378564303781,45.09804379889626,160.5633751087024,126.99386446982722,1
HK.00050,493,4.699999809265137,4.699999809265137,0.0,0.44710977113882416,131577.4,618413.7549036025,1.0282865616164076,4.791223173141479,4.78680321931839,-5.050505245112611,0.1442023258301997,-2.156386166354555,2.725634483564349,-0.38099671619378045,0
HK.00051,493,5.054999828338623,5.195000171661377,-2.6949054609555745,4.017190680841439,66362.5,335462.4261081219,2.0728919610673793,4.538000040054321,4.561100027561188,14.886357244873974,13.595506629322637,12.333329518636067,17.28538040486905,20.35714423575375,0
HK.00052,493,4.320000171661377,4.369999885559082,-1.144158242725178,0.9001525165226233,78321.2,338347.59744472505,2.807621162471329,4.399274220466614,4.1765093266963955,-5.366919660199473,1.2516508426799593,9.002972054601486,-2.642642165033548,-13.317938620159135,0
HK.00053,492,71.19999694824219,71.0,0.28168584259463025,0.9331342646901993,7351.6,523433.8975646973,0.5651339432261436,71.20499984741211,70.31172542572021,-0.5586613608986063,4.552127083085229,3.563631924715909,4.118959230573043,-1.6823301864420117,1
HK.00055,493,0.11800000071525574,0.10999999940395355,7.272728504228204,2.619647355163728,53625.0,6327.750038355589,6.740619041653681,0.13696000084280968,0.14915999967604876,-24.840766386626083,-13.868609169065534,-23.376622496979856,-22.36841808581442,-34.80662737809368,2
HK.00057,493,1.4950000047683716,1.5,-0.33333301544189453,0.3576341127922971,73100.0,109284.50034856796,1.3692586809851537,1.5080907511711121,1.55959412753582,-0.33333301544189453,-1.417009204298641,-3.26544156492389,-3.26544156492389,-11.13185879362387,0
HK.00058,493,0.20499999821186066,0.20900000631809235,-1.9138794188091006,0.8813290441986515,63079.0,12931.194887205958,1.3603278353674022,0.24167999804019927,0.24775499947369098,-14.583332169180089,-16.32653297061272,-40.57971045791139,-1.9138794188091006,30.573242906383125,0
HK.00059,492,0.009999999776482582,0.009999999776482582,0.0,,0.0,0.0,0.0,0.009999999776482582,0.009999999776482582,0.0,0.0,0.0,0.0,0.0,0
HK.00060,492,0.5400000214576721,0.5400000214576721,0.0,0.0,3900.0,2106.0000836849213,0.37037055433531607,0.5400999939441681,0.4948499961197376,-6.8965453455194,11.340207325840764,0.0,20.00000794728618,17.39130688299524,0
HK.00061,493,0.20999999344348907,0.18799999356269836,11.70212799685744,1.4223992319044148,45182.25,9488.272203762084,0.8157638058239439,0.18525999754667283,0.2582549998164177,15.38461412500748,2.941175181560426,-30.000004967053535,-33.54430893085965,-34.37500058207662,1
HK.00062,493,8.510000228881836,8.529999732971191,-0.23446078212700236,0.4537996543139825,79510.0,676630.1181983948,1.6578215252912278,8.99799997329712,9.717374477386475,-4.649859417189068,-12.086777266611863,-16.10826318446094,-15.871509059853686,-15.233566032866083,0
HK.00063,493,0.04600000008940697,0.04600000008940697,0.0,0.03411381609551869,312450.0,14372.700027935207,3.3979233500865647,0.034940000213682654,0.04724499995820224,21.052635706692985,21.052635706692985,-2.127656032996879,-16.363635747885898,-29.230766497420035,0
HK.00064,493,3.880000114440918,3.859999895095825,0.5181404116228937,0.8845190661480236,239230.35,928213.7853777409,0.5071497267369838,3.8105999851226806,3.339099979400635,1.8372748743484009,14.117647223819082,25.161297864646233,29.333337148030598,34.64507599666637,1
HK.00065,493,0.3400000035762787,0.3499999940395355,-2.8571401810159034,0.1314996859006176,1149110.8,390697.67610954045,5.283544483375533,0.2880399975180626,0.2850049988925457,25.925922246627014,74.35898258841279,11.475408394405292,-4.225348210765052,-13.924052065485734,0
HK.00066,493,31.0,31.31999969482422,-1.0217104021144043,1.0663769384125819,5101446.55,158144843.04999998,1.7378271197902881,32.4438489151001,31.99687816619873,-6.344406558698052,1.2727283603278825,0.49863695839679323,6.746566581602244,22.551858750383236,0
HK.00068,120,6.860000133514404,7.119999885559082,-3.651681969433934,0.38210010776138476,7489375.05,51377113.842939444,7.130184715211807,8.687900066375732,,-38.749997764825785,-37.80598096472935,,-63.11827960848492,,0
HK.00069,493,3.7899999618530273,3.799999952316284,-0.26315764707211003,0.2353728791425226,3446250.9,13061290.77953596,3.2523961111672763,3.9788999462127688,4.278449697494507,-4.474321018175428,-4.474321018175428,-11.045654287694266,-18.087877639569825,-12.820801374122665,0
HK.00070,492,0.057999998331069946,0.057999998331069946,0.0,0.0,11025.0,639.4499816000462,0.3267455062750978,0.0572800000756979,0.052950000111013654,-14.705889442593609,11.538456027677187,15.999994933605269,15.999994933605269,-12.121214173713673,0
HK.00071,493,9.75,9.800000190734863,-0.5102060179767605,2.486172392574908,76400.45,744904.3875,0.7056407390066892,9.841147193908691,10.03595338344574,-1.8866512178402561,-2.462085290875016,-3.2321432036342315,-0.4163985987250599,5.30327586446638,0
HK.00072,493,0.2549999952316284,0.2549999952316284,0.0,1.9467401285583104,112900.0,28789.49946165085,5.313614867298603,0.24265999853610992,0.24549499854445458,15.384612791305058,-5.5555610745039266,1.9999980926513672,6.250000388051082,-17.741937654695683,0
HK.00073,492,1.850000023841858,1.850000023841858,0.0,0.0,387.0,715.950009226799,0.13513500451867638,1.899200007915497,1.8876499968767166,-7.4999988079071045,-6.091370711960225,2.7777818250068513,11.445786809692923,-2.6315764707211,0
HK.00075,493,0.12600000202655792,0.14499999582767487,-13.10344437781741,0.8094988912756256,16621.3,2094.2838336840273,0.27175160826184547,0.14108000129461287,0.1469050008803606,-3.0769179629149055,-14.864864592747242,-11.267607111799316,-10.638298097195728,-11.267607111799316,0
HK.00076,493,0.15199999511241913,0.14499999582767487,4.8275858525288555,1.0419366565509722,278702.45,42362.771037819235,3.8531011972040377,0.15128000050783158,0.1550950001180172,-6.748470688365073,10.144926753772236,-10.58823910963985,8.571424618059293,-43.70370775093251,1
HK.00077,492,0.5149999856948853,0.5149999856948853,0.0,0.0,10600.0,5458.999848365784,0.3970130875863181,0.48583017408847806,0.4162273447215557,7.2916660845900445,18.519322238492215,33.50452495329803,26.248838736393232,39.93848564820337,0
HK.00078,493,0.41999998688697815,0.41999998688697815,0.0,1.0930881692725107,83934.25,35252.383899368346,2.6979746310686235,0.4355999958515167,0.4940999989211559,-6.6666671081825655,10.526313725600916,-16.00000262260437,-22.222227741170595,-28.813558380277044,0
HK.00079,493,0.12600000202655792,0.11699999868869781,7.692310631392774,2.8865616474522575,319075.0,40203.45064662397,6.217887811832294,0.12074000045657157,0.09921500008553266,23.52941606146525,55.55555759961058,51.807237135203174,16.66666551688574,26.00000014901161,1
HK.00081,493,3.1700000762939453,3.119999885559082,1.60257027464293,0.9019235454359809,6313955.5,20015239.416716576,4.268380469256651,2.737059655189514,2.539471973180771,9.320221209938873,42.26269469319181,33.17415669283586,65.27253426411399,28.398977941376003,3
HK.00082,493,0.07999999821186066,0.0820000022649765,-2.439029265698055,0.31215851219562485,2438620.0,195089.59563940763,5.909891707807781,0.07626000002026558,0.08251500032842159,8.108104298461395,-3.6144563171994144,2.564098155475083,-2.439029265698055,-11.111116630059483,0
HK.00083,493,10.130000114440918,10.069999694824219,0.5958333806855848,1.6341705250543093,9154358.9,92733656.70463324,1.8248876215742216,10.329200057983398,11.169964008331299,-3.1548749761239523,-1.7458806774953868,-11.52838180622587,-1.3311652723823961,8.53831435731456,3
HK.00084,492,0.06800000369548798,0.06800000369548798,0.0,0.0411946446961895,97300.0,6616.40035957098,0.07462701504839318,0.06788000300526618,0.06701000098139048,0.0,1.492540300967864,-2.85713799145759,-2.85713799145759,-1.4492675377223445,0
HK.00085,493,0.7699999809265137,0.7850000262260437,-1.9108337322794828,1.9068719582778406,408105.0,314240.84221601486,2.516603502761752,0.8532000017166138,1.0887326577305794,-6.6666676299740715,-24.08853932536732,-31.8743346802241,-40.9577558925672,-48.5761084546444,0
HK.00086,493,3.9600000381469727,3.9600000381469727,0.0,1.079024639845011,211064.6,835815.8240514755,1.2275384546207497,3.974358286857605,3.9777588284015657,-1.4925358971198917,-0.7636021449162795,0.650694282764352,2.6003353370410296,10.636927672867161,0
HK.00087,493,14.520000457763672,14.8100004196167,-1.9581360812718525,0.9941245628449572,872449.05,12667960.605375482,2.342838474677204,14.94635446548462,13.152608966827392,-6.80359095720867,17.411894369947635,20.067851678942635,31.899727153136006,32.46728975865626,0
HK.00088,493,2.9549999237060547,2.9800000190734863,-0.8389293693764618,0.6241337667265373,97089.9,286900.64709262847,1.5076880933871661,3.196886644363403,3.5456827044487,-8.796298919500249,-11.215143336458741,-22.627077870851398,-13.511300111162361,-4.053294676485394,0
HK.00089,493,1.840000033378601,1.8799999952316284,-2.127657550770317,3.2403151558697254,16496.15,30352.916550618414,0.45273975698275815,1.920234375,2.1025269174575807,-2.6455001425780957,-1.620714169984954,-12.400668511459848,-13.197017471678175,-5.462108132700362,0
HK.00090,493,0.8849999904632568,0.9100000262260437,-2.7472565980538626,5.2444444444444445,28400.0,25133.999729156494,1.1278552599046259,0.9281000053882599,1.004736425280571,-3.804350607730891,-15.714282794874409,-0.9632312596791701,-20.104799038319772,-32.570706625746034,0
HK.00092,492,0.11699999868869781,0.11699999868869781,0.0,0.0,1345600.4,157435.24503551124,5.049152184615983,0.16996000051498414,0.18641500033438205,-38.09523734436072,-36.06557390397887,-43.75000179100492,-35.71428512946776,-22.516553611913352,0
HK.00093,493,0.36000001430511475,0.38999998569488525,-7.692300638503319,1.3888888888888888,20600.0,7416.000294685364,8.877640798295747,0.36190000116825105,0.42232499957084657,1.4084577986089954,-18.181814487315386,-19.99999470180921,-27.99999713897705,-24.99999534338702,0
HK.00094,493,0.05999999865889549,0.057999998331069946,3.448276526508396,1.1377689834281475,1281900.0,76913.99828083813,5.118133374021287,0.05028000012040138,0.06558217437937856,24.999996119489307,3.448276526508396,-23.076926383393687,-23.503332608553784,0.4732360648288681,3
HK.00095,493,0.1770000010728836,0.18199999630451202,-2.747250183050944,1.7672209026128265,186800.0,33063.60020041466,2.2118627367028245,0.1891600000858307,0.2283649994432926,-7.3298421967026615,-0.5617988815423003,-24.034332787703537,-35.63636464126837,-30.588233575413902,0
HK.00096,492,0.5049999952316284,0.5049999952316284,0.0,0.0,144300.0,72871.49931192398,0.33980551061738146,0.5110999929904938,0.5317102105915547,-2.884612739438744,0.9999990463256836,-3.538425946377232,-6.983473841725228,-11.713126071348558,0
HK.00097,493,0.12600000202655792,0.12700000405311584,-0.7874031453886305,1.5409318359619417,169624.2,21372.64954375327,4.024325427523274,0.14089999973773956,0.1639300002157688,-7.352944721296804,-17.64705595902317,-26.315789932322588,-30.76922825001496,-49.59999918937683,0
HK.00098,493,5.065000057220459,5.065000057220459,0.0,0.31413612565445026,9700.0,49130.50055503845,1.0657458972863618,5.8484999942779545,6.656630244255066,-8.738740844082503,-21.5944268218095,-28.27786802437644,-25.10782859501389,-28.74910417153542,0
HK.00099,493,1.2300000190734863,1.3250000476837158,-7.169813221992161,1.1238293444328824,50750.0,62422.50096797943,1.8232262914867545,1.1990320324897765,1.2511164033412934,0.40816286810733116,4.59182783909667,-4.15691754615043,1.9770404129215082,-13.870741686634549,0
HK.00100,184,207.1999969482422,240.1999969482422,-13.738551381876485,1.4847073054398148,9716708.95,2013302064.7869575,8.483299392268284,291.3319989013672,,-35.411469815279226,-42.85714466064008,-79.56607525165265,-39.94202987007473,,0
HK.00101,493,6.505000114440918,6.599999904632568,-1.439390781278188,0.8199185047218407,8723635.3,56747248.62484083,2.0802589779014946,6.978202657699585,7.95175137758255,-7.1377586271446605,-7.911809560017151,-19.844179420115424,-20.763407284529727,-18.712567161173112,0
HK.00103,493,1.7100000381469727,1.8550000190734863,-7.816710481703206,0.7012122652721654,167130.0,285792.30637550354,3.318050609295538,1.9178999829292298,2.2381154614686967,-18.181812996550917,-1.7881051111262498,-20.557486349220486,-42.70972536651427,-56.40349931294843,0
HK.00104,493,0.21699999272823334,0.2199999988079071,-1.3636391345134602,0.2928870292887029,121250.0,26311.249118298292,0.6972357596997223,0.22191595286130905,0.20681094862520694,-3.555556232546601,-1.4514747099720249,13.535172801997112,10.480403047313965,6.194532739616414,0
HK.00105,492,5.010000228881836,5.010000228881836,0.0,0.0,8600.0,43086.00196838379,0.0,5.040559635162354,5.055407562255859,9.517708219616548e-06,-0.3831275224252714,-3.7037030248000224,0.9708808773648686,0.8278032729998481,0
HK.00106,492,0.01899999938905239,0.01899999938905239,0.0,,0.0,0.0,0.0,0.01899999938905239,0.01899999938905239,0.0,0.0,0.0,0.0,0.0,0
HK.00107,493,4.994999885559082,4.914999961853027,1.6276688571100932,0.8236779631620654,1239579.25,6191698.211891413,1.9670608225990889,4.745499973297119,5.022341554164886,2.251784063936978,10.022024835443915,-8.022970563466837,1.8822583131559867,17.73060884295024,3
HK.00108,493,2.375,2.450000047683716,-3.061226376490177,0.8489634748272458,712700.0,1692662.5,5.914974949962794,1.885200002193451,2.339399993419647,5.08849601867345,38.88888579053185,-9.351141078649379,0.6355976936840391,12.559247302338841,0
HK.00110,492,0.39500001072883606,0.39500001072883606,0.0,0.0,87100.0,34404.50093448162,3.944556343700563,0.6522000032663345,0.418485000282526,-36.2903213401739,-10.227269802458014,97.50000242143867,79.54546039508396,132.35294504355392,0
HK.00111,493,0.6700000166893005,0.7149999737739563,-6.2937005224118066,4.471074380165289,269300.0,180431.00449442863,4.229743063779569,0.6319000005722046,0.684044015109539,-2.898547970379774,6.349209803242228,2.965373744905311,33.47362583994424,67.61804314107901,0
HK.00113,493,5.909999847412109,5.929999828338623,-0.33726781628115093,2.1254321300092234,52402.95,309701.4265039444,1.1650940165402701,6.073902235031128,5.814462773799896,-0.8389293693764618,-2.467881686031574,-3.53965895186372,10.11691923441259,24.155239427338966,0
HK.00114,492,0.6899999976158142,0.6899999976158142,0.0,0.3225806451612903,44250.0,30532.49989449978,0.6995165421130092,0.6571985602378845,0.6137453407049179,9.22659414759218,10.907014718776633,24.29233935929788,14.427863106216568,32.401319589364505,0
HK.00115,492,7.5,7.5,0.0,0.0,18240.35,136802.625,1.1132104791841237,5.29049997806549,6.991875003576279,80.72288741323432,16.640749614729657,-13.793101558314829,0.0,114.28571428571428,0
HK.00116,493,13.199999809265137,13.229999542236328,-0.22675535910200353,1.508641746999656,816383.1,10776256.76428728,2.233366341832659,13.142334213256836,12.019249114990235,-4.000001387162642,30.836344009180433,8.315547728924459,17.31215942489492,5.66783865831831,0
HK.00117,493,3.369999885559082,3.740000009536743,-9.89305141802637,0.32206050471786646,4593060.0,15478611.674365997,10.847817010493914,3.1450000047683715,2.098175010383129,24.81480837195346,-17.40196204469647,764.1025664538322,862.8571265570969,632.6086574837939,0
HK.00118,493,0.1860000044107437,0.1850000023841858,0.5405416290110301,0.02728354767970479,1498989.25,278812.0071116574,5.689349226703241,0.19593999832868575,0.20977499909698963,-6.999999180436147,-0.5347604236009523,-2.105259608033577,-25.599998235702515,-21.848739443184943,1
HK.00119,493,1.2699999809265137,1.2649999856948853,0.39525654451939296,2.0500921183401712,14582103.4,18519271.03986845,3.7970629781358642,1.3725999999046326,1.7866181004047395,0.7936500427734288,-16.44736862743991,-27.11383275207927,-35.17160199140362,-23.209214491765604,1
HK.00120,493,0.04500000178813934,0.04899999871850014,-8.163259255046837,0.6283514368211192,445470.0,20046.150796562433,12.946522321604725,0.052080000415444375,0.0706500001065433,-16.66666551688574,-11.764700726241704,-43.74999650754027,-50.549447580374775,-63.11475304715002,0
HK.00122,492,1.4299999475479126,1.4299999475479126,0.0,0.0,1017.1,1454.4529466509819,0.2803322985722505,1.4275000047683717,1.4450750106573105,2.1428551357619274,0.7042247017941755,-2.0548006722750554,-2.72109389685753,-26.666671149750947,0
HK.00123,493,3.315000057220459,3.305000066757202,0.30257156615033354,1.0875222945727916,7048621.8,23366181.670325372,3.680682040214219,3.425,3.9259999871253966,2.4729571783267112,-7.660163329348843,-13.671871580299843,-17.537311618184862,-32.290905875126285,1
HK.00124,493,0.1979999989271164,0.20000000298023224,-1.0000020116567312,1.5546357414663707,402917.25,79777.61506771669,1.979490825131907,0.19865999966859818,0.2171249994635582,3.1249985448084896,0.50761524989399,-4.807694787545266,-13.5371191826095,-29.285714969951275,0
HK.00125,492,0.2849999964237213,0.2849999964237213,0.0,0.0,20400.0,5813.999927043915,0.6065755560239984,0.2971999967098236,0.32237499833107,-3.389827426361236,-3.389827426361236,-14.925376321032388,-18.57142820650217,-25.974025069249763,0
HK.00126,492,0.0820000022649765,0.0820000022649765,0.0,0.0,227700.0,18671.40051573515,2.704476623502683,0.09038000121712685,0.11311500057578087,-8.888889992678562,-17.171714435048436,-30.50847307802172,-43.4482726727597,-48.74999743886286,0
HK.00127,493,1.0,1.0099999904632568,-0.9900980750178164,1.2098764553466628,203889.3,203889.3,2.2468344556021527,1.0566000151634216,1.1681500095129014,-5.213265429609397,-8.256883543354942,-18.699188252593434,-20.0,-23.664118803073162,0
HK.00128,493,0.47999998927116394,0.30000001192092896,59.99999006589293,,16800.0,8063.999819755554,0.05208328482694815,0.30360001146793364,0.3009000118076801,59.99999006589293,59.99999006589293,59.99999006589293,59.99999006589293,59.99999006589293,1
HK.00129,492,0.1720000058412552,0.1720000058412552,0.0,0.0,60262.7,10365.184752009809,1.1615962870385417,0.1772400003671646,0.20166999980807304,-3.370784917815075,-6.5217361375267044,-15.686270069819248,-31.199997663497925,-42.666666997803574,0
HK.00130,493,0.18400000035762787,0.20499999821186066,-10.243901481662448,2.683749157113958,672800.0,123795.20024061203,2.4361078181374602,0.175140001475811,0.17948000133037567,2.2222183589583624,-3.6649210983513307,6.976740760955494,18.70967673709564,41.53846700515993,0
HK.00131,493,1.309999942779541,1.3049999475479126,0.38314141245931693,2.9452054794520546,16750.0,21942.499041557312,0.8962316157101153,1.3112999844551085,1.2708065116405487,-1.5037668789816911,-1.5037668789816911,3.968250213867144,14.610679943572178,-3.257826716941613,2
HK.00132,493,0.13600000739097595,0.15000000596046448,-9.333332008785725,7.062462868266095,238917.3,32492.754565832016,3.2233590643863956,0.15481999963521959,0.18475069656968116,-12.258060422573855,-26.086952648563972,-29.49463488885416,-38.997529036610345,-43.42512807101249,0
HK.00135,493,7.494999885559082,7.375,1.6271170923265361,0.9713781245999107,9755526.1,73117667.00306864,2.061768677220487,7.161947774887085,7.155596089363098,0.9720342068161686,15.558568534646719,7.84775104169011,6.827565700382131,11.498442669024394,1
HK.00136,493,1.465000033378601,1.440000057220459,1.736109386439745,0.6872573744920472,59963417.25,87846408.27274498,4.589883423008496,1.4496000075340272,1.6732500022649766,2.0905987313805054,-5.483865906618977,-2.3333311080932617,-35.17698939997322,-50.33898272208872,1
HK.00137,492,0.6100000143051147,0.6100000143051147,0.0,0.0,19400.0,11834.000277519226,0.6671810036769621,0.655500009059906,0.6519750019907952,-7.575759080925313,3.3898375288438505,0.0,-11.594200519873441,-12.857139329520963,0
HK.00138,492,0.3149999976158142,0.3149999976158142,0.0,0.0,192570.5,60659.70704087615,7.629736368948352,0.30610000669956205,0.48812499970197676,4.999995032946466,-3.076920255401327,-46.610167522397454,-55.63380181186373,-59.09090838719426,0
HK.00139,493,0.08699999749660492,0.08900000154972076,-2.247195526169201,0.574503540103076,4117798.25,358248.4374415241,5.06790126278074,0.10498000025749206,0.13478114588186144,-17.14285694012025,-40.410959742981504,-36.95652197386833,-40.14068572242918,-68.57385919877879,0
HK.00142,493,4.775000095367432,4.78000020980835,-0.1046049000302961,1.051725930224425,3750731.9,17909745.180197667,1.9932303817742933,4.971459589004517,5.287710530757904,-4.690621213142203,-3.369824917592385,-9.408680894487299,-15.630188649359422,-21.90887812969992,0
HK.00144,493,17.18000030517578,17.110000610351562,0.40911567695601886,0.9072199307957863,4545819.0,78097171.80727386,2.2158257696333736,15.924526805877685,15.015944285392761,5.5041123944375325,30.24518609996827,14.61771383339417,18.463445802744832,23.840735955332317,2
HK.00145,493,0.20999999344348907,0.20999999344348907,0.0,0.21366585438031024,756832.8,158934.8830378175,3.550925263945299,0.2185999995470047,0.2155749998241663,-12.133891239476133,22.093015297514235,0.47846272496029263,-9.482758842169465,12.29945786868141,0
HK.00146,492,1.6749999523162842,1.5499999523162842,8.064516377126521,5.714285714285714,6000.0,10049.999713897705,0.5714782811751619,1.5175000095367432,1.654724995493889,5.678227886639715,7.371795753520419,1.5151500920837588,-11.375663227825543,8.653344858341534,1
HK.00147,493,0.1809999942779541,0.18400000035762787,-1.6304380836102534,1.2932765276843063,91628000.0,16584667.475700378,8.691295502691856,0.1413799998164177,0.11194499991834164,-6.217621340809547,201.6666638726989,120.73169424199158,6.470583749477473,-45.151519064951266,0
HK.00148,493,57.70000076293945,60.79999923706055,-5.098681764837086,1.1896029586280197,19211735.3,1108517141.4673908,6.422017808510658,51.38540023803711,50.10032729148865,8.765318742229935,-22.289561262034407,73.18061255777091,98.35563347197032,129.38867258277187,0
HK.00149,492,0.06800000369548798,0.06199999898672104,9.677427107784306,0.33957096292571454,2092396.75,142282.98673242703,5.229696951318026,0.06484000094234943,0.06669500056654215,0.0,7.9365120663333455,7.9365120663333455,-6.849308637141818,-16.049378400822103,1
HK.00150,492,0.15000000596046448,0.15000000596046448,0.0,1.3325867861142218,71160.0,10674.000424146652,2.3023724279280415,0.15317484080791474,0.1619458808004856,-6.249994179233778,-6.319503675298745,-3.947846898307043,-15.687555661684835,-24.315049593595816,0
HK.00151,493,2.7249999046325684,2.7100000381469727,0.5535006005332834,0.9151797014212706,12874695.55,35083544.145923354,2.302386430500896,3.007709069252014,3.9330887961387635,-5.872196111018233,-17.660693252262995,-37.97347314161287,-39.8289674789934,-47.36440188170496,1
HK.00152,493,5.09499979019165,5.085000038146973,0.19665195613885875,0.45482517869487304,6829390.8,34795744.69313679,2.9656491366518622,5.284899978637696,6.70284205198288,-6.684986179582462,-10.614035777511456,-24.977166634977063,-36.8274630604344,-31.062665746555002,3
HK.00154,493,0.41499999165534973,0.41499999165534973,0.0,0.31149301825993553,80900.0,33573.49932491779,3.1615264322285173,0.42199999690055845,0.4937249983847141,-7.777777189089913,5.063286172982784,-25.892858948482534,-21.698110555150944,-28.448275241925497,0
HK.00156,493,1.1799999475479126,1.190000057220459,-0.840345310226634,0.1971558653332239,276817.35,326644.4584803521,4.520997511009531,1.0523000001907348,0.9811249959468842,19.19191274554404,19.19191274554404,17.99999475479126,43.90243388300204,40.476188617768955,0
HK.00157,492,0.4399999976158142,0.4399999976158142,0.0,0.0,13500.0,5939.999967813492,0.1630436437510783,0.45250000059604645,0.4709750024974346,-3.29670660767248,-5.376345326492771,-10.204083866896262,-10.204083866896262,-18.518522197817433,0
HK.00158,493,58.25,58.349998474121094,-0.17137699526323766,13.333333333333334,625.0,36406.25,0.05573528028178952,58.30600006103516,58.69761384963989,-1.2711864406779663,3.0973451327433628,-0.07173684709947419,-2.2425981355151596,-2.783549582631501,0
HK.00159,492,0.057999998331069946,0.05299999937415123,9.433960407473664,0.0,320280.0,18576.239465475082,3.411014436786483,0.055759999826550485,0.07468500047922134,1.7543829837627665,-19.444443294663436,-27.500000465661294,-34.8314636841128,-56.716420234086115,1
HK.00160,493,0.6449999809265137,0.6449999809265137,0.0,5.727324586423275,102850.0,66338.24803829193,0.7424058109602877,0.6803554713726043,0.8544501712918282,-3.7313485283658054,-10.334858119940268,-32.5200505726842,-31.099415128719688,-38.24947515525646,0
HK.00162,493,0.03999999910593033,0.035999998450279236,11.111113410673122,3.0340854536725876,239000.0,9559.999786317348,5.820346606356129,0.03747999981045723,0.041275000125169756,5.263158926673246,17.647049800335406,0.0,-2.439029265698055,-23.076926383393687,2
HK.00163,493,0.10000000149011612,0.10000000149011612,0.0,2.972964819770566,120363.95,12036.395179356261,1.5861960163528643,0.1264599998295307,0.16984499994665384,-17.355370221506995,-34.64052067969554,-45.9459458370989,-49.748743210611664,-49.23857712515902,0
HK.00164,493,0.41999998688697815,0.41999998688697815,0.0,0.24818793849638152,610630.7,256464.88599278626,2.660982862275436,0.4467999976873398,0.4484999966621399,-9.677422869507296,-10.638300435690931,3.7037001606749893,18.30985903668985,3.7037001606749893,0
HK.00165,493,6.15500020980835,6.385000228881836,-3.602192808593912,1.0106856330181764,5079564.0,31264717.48573494,3.9015331829586666,6.092381525039673,7.064723682403565,-2.0594126176866014,12.631668225521079,1.1191758909658964,-34.32576042728444,-45.794499548734414,0
HK.00166,493,0.032999999821186066,0.032999999821186066,0.0,0.17051018902349044,939706.25,31010.30608196743,6.063464513855643,0.03291999991983175,0.03774500017985702,0.0,6.451614066167647,-21.428570795018647,-21.428570795018647,-31.250000970127672,0
HK.00167,492,6.255000114440918,6.25,0.0800018310546875,0.2527282364132247,68771.4,430165.1148702621,1.2539655033703505,6.101000013351441,5.735500001907349,18.01886583656218,-15.358589615028514,-3.7692290086012616,81.83139565105112,140.57693630280627,4
HK.00168,493,40.02000045776367,39.439998626708984,1.4705929291333877,1.155448704486016,1847856.35,73951211.97288151,1.5974137805173834,41.73440017700195,45.73041265487671,-1.0385711750937614,-9.251696502329041,-12.081422083219675,-14.52459073292352,-19.75975967247979,1
HK.00169,493,0.09000000357627869,0.0860000029206276,4.651163395125501,4.396882345663739,475100.0,42759.001699090004,1.923350812914069,0.09056000053882599,0.09881999999284745,1.1235977630846006,-9.999997764825855,-3.225804901023846,-19.642856430110296,-43.28922953212613,1
HK.00171,492,0.03799999877810478,0.03799999877810478,0.0,0.0,413400.0,15709.199494868517,5.370045152493317,0.04323999986052513,0.0621599998511374,-34.48275884216947,11.76469621464508,-54.216867199499895,-54.216867199499895,-60.82474468320439,0
HK.00173,493,1.8899999856948853,1.850000023841858,2.162160072298822,1.744727060361832,632881.0,1196145.0809465647,1.8271860230951584,2.0141497588157655,2.1726903241872786,-6.8965511166504605,-2.621399343269743,-13.207406593151525,-9.522805410848703,-7.7828688741897505,1
HK.00174,492,0.19200000166893005,0.19599999487400055,-2.0408129131033443,7.258064516129032,33800.0,6489.600056409836,2.3453470170348663,0.18496000230312348,0.20667500011622905,11.627904156080996,-11.926602619924958,-10.69767512779998,-15.418500756742676,-26.153842803289074,0
HK.00175,493,14.609999656677246,14.970000267028809,-2.4048136535071296,0.8305901920140512,37300417.4,544959085.407918,2.715205362636817,17.187599983215332,18.199064593315125,-11.987955897964204,-23.064771812701377,-28.79053616680749,-17.600483692638953,-17.736074244348917,0
HK.00176,492,0.013000000268220901,0.013000000268220901,0.0,,0.0,0.0,0.0,0.013000000268220901,0.013000000268220901,0.0,0.0,0.0,0.0,0.0,0
HK.00177,493,10.829999923706055,10.489999771118164,3.2411836034925754,1.1286650334778259,3937079.95,42638575.55812464,2.4939530821998592,9.972999992370605,9.7611580991745,7.227717966977942,12.344393547740548,15.979746374176933,18.016590798884526,21.921092171862895,3
HK.00178,493,1.2999999523162842,1.2000000476837158,8.333325054910777,4.4042935276265025,9228082.05,11996506.22497076,4.613905366342981,1.0068777322769165,0.7810269606113434,28.712867781316813,47.86410596620934,80.93898646233278,129.18936890901247,118.86011489905668,2
HK.00179,493,16.5,17.8700008392334,-7.6664844705859,3.5421271592598416,2356426.5,38881037.25,3.743477154962437,18.899599990844727,23.243076333999635,-15.644169475926695,-19.14504202643606,-26.264796154374288,-45.43594654978906,-59.16203050449155,0
HK.00180,492,0.20800000429153442,0.20800000429153442,0.0,0.0,19000.0,3952.000081539154,1.221379893434574,0.1997399988770485,0.1988299997895956,6.122453944576954,10.638303943433922,11.827956644671966,8.333334626836898,-5.45454299154359,0
HK.00181,493,0.08900000154972076,0.09799999743700027,-9.18366951291524,3.771154112219647,227136.65,20215.16220199838,8.251656845253653,0.09416000157594681,0.11132000003010034,11.250004423782329,-13.59223160513138,-31.53845783521424,-4.30107587182406,-21.92982324281815,0
HK.00182,493,0.33000001311302185,0.32499998807907104,1.53846929764635,0.6499319176621343,6883182.35,2271450.2657593205,4.165696323563157,0.3250999987125397,0.33742695771157744,-7.042247017941754,-7.042247017941754,32.985082513958496,3.8946015629185577,-16.88432342877594,1
HK.00183,493,0.14399999380111694,0.1459999978542328,-1.3698658099383398,1.3846153846153846,16680.0,2401.9198966026306,1.3328995012162994,0.14243999779224395,0.15564999900758267,-0.6896565898845777,-2.7027081450551504,2.1276532785196065,-16.27907621467201,-20.000006622738045,0
HK.00184,493,2.299999952316284,2.2699999809265137,1.3215846538256728,4.0977899146347125,37636.35,86563.60320535897,0.3533154157120531,2.3645999908447264,2.2551197028160095,-4.166672461562456,0.0,3.9301343445987436,12.754388169256078,-1.2082479636468764,1
HK.00185,493,0.057999998331069946,0.05999999865889549,-3.3333339542150635,2.2372615918116225,5963.7,345.8945900470018,1.500000106436865,0.070280000269413,0.08804999962449074,-26.582283972547536,-9.375006912159405,-40.816326685768026,-44.23077198616141,-52.4590182956333,0
HK.00186,493,0.33500000834465027,0.3199999928474426,4.687504947651288,0.6666666666666666,93000.0,31155.000776052475,4.178445899522614,0.3527199977636337,0.20282500181347132,-9.459458370988969,118.95425791436722,113.3757943647417,112.02531197890147,76.31579607807707,1
HK.00187,493,2.5350000858306885,2.4600000381469727,3.048782378890148,0.6035776971061648,1572739.55,3986894.8942393186,3.8319905563948327,2.814699983596802,3.7071750175952913,-10.424022820786732,-14.932883570287798,-42.123287223834545,-38.1707281757152,-47.83950583973425,1
HK.00188,492,0.23499999940395355,0.23600000143051147,-0.42372966970187326,0.0,17375.0,4083.124989643693,0.3404255885784311,0.22819999992847442,0.24096845850348472,2.6200861143953675,-0.8438835544059935,-5.241934175561398,-2.239997451019214,-10.672517617594405,0
HK.00189,493,10.640000343322754,11.199999809265137,-4.999995316777831,1.656914153901153,12587300.0,133928876.3215065,3.255118840867151,12.465799980163574,12.986555128097534,-18.84057496596852,-31.925782051068495,-1.7018835132611745,-0.16314870558880065,-5.801202978063044,0
HK.00191,493,0.39500001072883606,0.38999998569488525,1.282057748038625,0.7945385795401936,161941.2,63966.77573744059,4.129107665973472,0.48549999713897707,0.6417499995231628,-18.55670122097346,-40.15151590409902,-38.28124694409774,-45.138889578757436,-35.24590139906755,1
HK.00193,493,0.19900000095367432,0.19300000369548798,3.108806810000393,1.721888859900861,10407.5,2071.0925099253654,0.669406503942767,0.19433999806642532,0.2046649993956089,2.0512862835646755,1.5306153868026038,-1.4851514728801458,9.944755383847339,-2.9268279563522452,1
HK.00194,493,4.09499979019165,4.09499979019165,0.0,0.5833333333333334,24600.0,100736.9948387146,0.2902107140000916,4.194503860473633,4.294049780368805,-3.5335712464377624,-1.3556390829759781,-6.401065748940835,-1.7632841427396966,-3.0730971159861658,0
HK.00196,493,0.10000000149011612,0.10000000149011612,0.0,0.10385311275364906,578305.0,57830.5008617416,5.450220946855048,0.11055999979376793,0.1623349991068244,-1.9607810195433113,-31.034479746495276,-46.808508024354836,-41.52046826941578,-53.917048460294545,0
HK.00197,492,0.5450000166893005,0.5450000166893005,0.0,0.0,899709.35,490341.6107655197,4.2699248592024865,0.43240000307559967,0.3273900003731251,13.541672681458428,70.31250902218764,98.18181995517948,87.93104564534104,-10.65573706418013,0
HK.00199,493,2.625,2.609999895095825,0.5747166860948889,1.4960062785860269,3124027.3,8200571.6625,7.326043507786638,2.555099997520447,1.7022749999165534,12.179491294206397,15.131580392079357,185.3260817805514,150.0000113532662,1126.6355051357828,2
HK.00200,493,2.5850000381469727,2.5950000286102295,-0.3853560829674596,1.1125986586204863,3469745.5,8969292.249860287,3.568751875075784,3.1453000116348266,3.7707250010967255,-19.595642079048627,-23.746313918770724,-29.755435020280803,-39.88372270966806,-53.67383380840444,0
HK.00201,492,0.057999998331069946,0.057999998331069946,0.0,0.0,962500.0,55824.99839365482,2.3767424059540123,0.06221999980509281,0.06749500015750527,-4.918036591266588,-13.432840468172232,-15.942029298491105,-17.142859879805105,-18.309864180117675,0
HK.00202,492,0.0689999982714653,0.06700000166893005,2.985069481666457,0.25132160499176703,1031900.0,71201.09821632504,11.650286189713036,0.05535999990999699,0.08085000036284327,35.294116787706955,21.052628483138257,-23.333338300386867,-45.23809749072728,-68.20276470797879,1
HK.00205,493,0.47999998927116394,0.48500001430511475,-1.0309329662834354,0.2393015600400744,77382.5,37143.59916977584,1.4781681273440952,0.5543999987840652,0.696399999409914,-11.926610170214454,-25.0,-34.246578530178894,-31.428571793497834,62.711868002578555,0
HK.00206,493,0.19499999284744263,0.1979999989271164,-1.5151545939038447,0.8061127029608405,483900.0,94360.49653887749,3.677937856746326,0.21949999988079072,0.35147499792277814,-12.16216651604412,-36.06557761491922,-57.14285994998319,-25.0,-32.75862122120672,0
HK.00209,493,0.4099999964237213,0.41499999165534973,-1.2048181523292238,0.23936833730032972,1473120.0,603979.1947317123,4.471970672904964,2.1110000085830687,3.3148499870300294,1.2345667202249964,-92.67857136775037,-86.98412749172006,-73.71794798317744,-77.76271205837443,0
HK.00210,493,0.3050000071525574,0.30000001192092896,1.6666650109821552,2.6335403726708075,85800.0,26169.000613689423,2.8557009856707234,0.3105000019073486,0.35590790018439294,1.6666650109821552,-8.955224013376348,-21.47696414585221,-20.507544251317313,-25.12920278027308,2
HK.00211,493,0.25999999046325684,0.25999999046325684,0.0,1.601268204417899,11275.1,2931.525892472267,0.7255425461005494,0.2582799917459488,0.2571499944478273,0.0,0.0,-1.8867907552966041,-7.1428609441737585,4.417667702546728,0
HK.00212,493,28.799999237060547,28.6200008392334,0.6289252010796579,7.777777777777778,1875.0,53999.998569488525,0.11506889329500972,28.60600028991699,28.49426770210266,0.6992966885427103,2.783721508044287,3.0976980380260266,0.3484333988056807,3.8087253951326243,2
HK.00213,493,0.36000001430511475,0.36000001430511475,0.0,0.028561228132809712,140250.0,50490.00200629234,1.0800385427373074,0.3458074700832367,0.35873604863882064,-1.3698616715036243,3.715170757113442,-5.4747816985231745,6.678462920355241,-4.262915507295125,0
HK.00214,493,0.21199999749660492,0.20900000631809235,1.435402434364843,3.8944503684369676,7506.8,1591.4415812075138,1.221917470085043,0.21277999818325044,0.24023499876260757,-3.1963467523394997,17.127074142911525,-16.86274452513797,-25.614035032682693,-34.769229146855764,1
HK.00215,493,1.0800000429153442,1.100000023841858,-1.8181800448205245,2.2930629198416748,1679497.9,1813857.8040762304,0.9407076993239791,1.126375102996826,1.1076023751497268,-5.2631529414422,-2.5169543857700982,-0.7279971203581801,-0.7279971203581801,2.8174279326162432,0
HK.00216,493,0.42500001192092896,0.4300000071525574,-1.1627895694091224,0.43478260869565216,18800.0,7990.000224113464,0.5651350795491057,0.46029999732971194,0.5588250011205673,-6.593406665384184,-14.999997615814209,-35.606061358644475,-25.438593464214676,-31.45161150769563,0
HK.00217,493,0.1120000034570694,0.1120000034570694,0.0,4.745230078563412,526800.0,59001.60182118416,4.522592997977747,0.11472000002861023,0.13003655657172203,-1.7543829837627665,-10.040162517202162,-29.03789143340534,-9.326193658159843,-19.542958792730065,0
HK.00218,493,0.8299999833106995,0.8299999833106995,0.0,0.6663301362948006,238625.0,198058.74601751566,2.491639826273411,0.9343999946117401,1.0854999971389772,-12.631579607807705,-10.752690652985542,-17.8217830546708,-40.28777037031637,-51.46199036287028,0
HK.00219,492,0.675000011920929,0.675000011920929,0.0,0.0,4171.45,2815.728799727559,0.03597118908694688,0.7012000048160553,0.6930500066280365,-2.8776951269557505,-3.571425226269879,0.7462679264300778,10.65573706418013,16.379315748934953,0
HK.00220,493,7.364999771118164,7.184999942779541,2.50521683746861,1.8272411143586191,6779259.65,49929245.77060061,2.6037153131930437,7.403199987411499,7.360187246799469,1.0288039733552028,-1.2734620180029677,0.3604797542515467,-1.8808258069893293,-5.852307305198605,4
HK.00222,493,2.619999885559082,2.630000114440918,-0.3802368230680391,1.0628019323671498,21000.0,55019.99759674072,2.64245608875016,2.812900004386902,2.884547077417374,-4.029308891790279,-20.121954011817856,-5.489516882677258,-25.44172706405881,-11.996790936204642,0
HK.00223,493,0.0949999988079071,0.0949999988079071,0.0,0.1691439878088673,619985.0,58898.574260920286,5.3934247935949235,0.0832200001180172,0.11238500017672777,30.136986580993835,1.0638319795733608,-18.103446946983208,-32.14285828325213,-12.844035693886942,0
HK.00224,492,0.6000000238418579,0.5899999737739563,1.6949238156632322,15.78125,22900.0,13740.000545978546,1.4107606330458795,0.5604700148105621,0.5396891804039479,7.946030041169562,24.137931884965177,3.4482723183923683,14.942530048105057,3.4482723183923683,1
HK.00225,492,5.119999885559082,5.119999885559082,0.0,0.0,5700.0,29183.999347686768,0.0,5.214299907684326,5.397990915775299,0.392156496088299,-3.3962320509053336,-7.0339978075873475,-9.161735983030649,-6.0293927426394305,0
HK.00227,493,0.12300000339746475,0.12300000339746475,0.0,0.6703910614525139,504000.0,61992.001712322235,3.8239716698783637,0.14900000095367433,0.2025199995934963,-18.543040377806623,-29.71428257591865,-37.24489458454535,-50.7999986410141,-62.727273178823054,0
HK.00228,493,0.8799999952316284,0.8700000047683716,1.1494241848790827,0.4246652511158296,134643.75,118486.49935796857,5.107340605506865,0.8983999979496002,1.3790499994158745,14.285716497389473,-28.455286049954697,-48.83721043059088,-43.22580501266618,-35.29411867828104,3
HK.00229,492,0.8100000023841858,0.8100000023841858,0.0,0.0,40000.0,32400.00009536743,1.0795093372240427,0.7919233477115631,0.8449306645989418,-0.6280967924980841,-0.02217389676219173,-3.6263860642066907,-7.816543760320958,-8.80776079320444,0
HK.00232,492,0.48500001430511475,0.48500001430511475,0.0,0.0,20444005.35,9915342.887203842,0.8377643317488973,0.12448658026754857,0.04701313088648021,946.956772639739,1127.9122373875127,3320.2277455569993,2951.5805888542272,3820.1075061282168,0
HK.00234,493,0.03799999877810478,0.03799999877810478,0.0,1.0265877443466997,4218264.75,160294.05534572247,9.147079661771953,0.030560000240802764,0.03162500027567148,31.034482315661073,35.71427716132356,26.666665424903208,8.571424618059293,-2.564107707501292,0
HK.00235,493,0.019999999552965164,0.01899999938905239,5.263158926673246,3.2480417451999863,10214660.05,204293.19643369113,6.8713463335245635,0.020119999572634696,0.024194999886676668,0.0,-4.761905606641802,-20.000002980232196,-33.33333333333333,-37.50000436557436,1
HK.00236,492,1.0199999809265137,1.024999976158142,-0.4878044241882981,0.09036484807409917,22232.5,22677.149575948715,0.6415816736389581,1.0651000094413758,1.1526273852586746,-5.5555610745039266,-15.000004967053535,-12.961099530401432,-12.961099530401432,-15.033455332431739,0
HK.00237,492,1.8650000095367432,1.8600000143051147,0.2688169458695616,0.0,14360.0,26781.400136947632,0.36522524692627345,2.071436767578125,2.0899485474824906,-7.213929433556597,-6.035323826164838,-10.024389553762264,-5.100355298452702,-5.09337211917912,1
HK.00239,492,2.4000000953674316,2.4000000953674316,0.0,0.0,11875.0,28500.00113248825,0.41364280415827226,2.3733169794082642,2.2648868632316588,-0.35442016508591156,5.111371485094796,9.507402549112994,9.507402549112994,9.034488256592873,0
HK.00240,493,1.350000023841858,1.3550000190734863,-0.3690033329333297,1.1303692539562924,249500.0,336825.00594854355,0.9329730004595804,1.3920658445358276,1.4420189327001571,-3.2258034193497447,-0.8064421474175089,-14.841454296454451,5.548622821652835,8.607996885027996,0
HK.00241,493,2.809999942779541,2.819999933242798,-0.3546095992902228,0.7755624410133837,64156113.75,180278675.96645772,2.719916295265109,3.09641505241394,4.108874846696853,-7.868852894718184,-13.911848054115335,-36.12222351574876,-42.49774206189365,-51.75736159050649,0
HK.00242,493,0.48500001430511475,0.4950000047683716,-2.020200074126503,0.3702761188210858,1795489.25,870812.3119346797,3.220675584187342,0.4990999984741211,0.5756250020861625,-2.999997138977051,-2.999997138977051,-17.796604090879107,-26.51515226773538,-40.85365627614745,0
HK.00243,493,0.4099999964237213,0.44999998807907104,-8.88888726999726,0.8577514522208614,76597.85,31405.118226064744,1.7786574123426835,0.45749999940395353,0.4500749984383583,-13.684210196096148,-2.3809501846360366,7.894737254879816,13.888883369940519,10.810808416175734,0
HK.00244,492,0.33000001311302185,0.32499998807907104,1.53846929764635,0.038929440389294405,168650.0,55654.502211511135,2.317034341704368,0.299899999499321,0.3151300013065338,3.1250064028428435,17.857147038591133,4.76190971769537,3.1250064028428435,6.451616314521787,1
HK.00245,493,0.9649999737739563,0.9800000190734863,-1.5306168375089833,0.011539915123924263,711732.5,686821.8438340724,1.010358999706522,0.9937999963760376,1.0311999925971032,-1.5306168375089833,-5.392157664806846,-10.648154127008883,-11.4678950253965,-18.220337570415566,0
HK.00247,492,19.350000381469727,19.350000381469727,0.0,,0.0,0.0,0.0,19.350000381469727,19.51561637878418,0.0,0.0,0.0,-2.985074484136464,-0.46183086158486575,0
HK.00248,492,0.2150000035762787,0.23199999332427979,-7.327581998780159,12.86031042128603,37050.0,7965.750132501125,1.1054383294431325,0.22593999832868575,0.2678364136070013,1.4150972241034157,-13.999998569488525,-25.862065599024124,-40.61987028432438,-28.439243711182804,0
HK.00251,492,1.0750000476837158,1.0750000476837158,0.0,0.0,21731.7,23361.57853624821,0.6522626760399343,1.1745504426956177,1.2609399771690368,-10.297586772143985,-12.450443783894462,-19.954691237524646,-13.129121795079898,-4.219288369622943,0
HK.00252,492,1.7000000476837158,1.7000000476837158,0.0,,1811.75,3079.975086390972,0.0,1.6165745663642883,1.5823254984617234,4.938274239498084,8.21759207439272,8.21759207439272,8.21759207439272,8.21759207439272,0
HK.00253,492,0.6000000238418579,0.6000000238418579,0.0,0.0,6700.0,4020.000159740448,0.08333325054910776,0.6250000023841857,0.6406999993324279,-3.225803350434739,-4.761900256640573,-7.692300638503319,5.263163398397555,0.0,0
HK.00254,493,0.21199999749660492,0.21199999749660492,0.0,0.4150899553981519,3069087.55,650646.5529168613,6.450793962616497,0.18972000032663344,0.5098850017040968,0.9523829121709212,64.34109198718315,-67.38461457342788,-64.66666848791964,-25.614035032682693,0
HK.00255,493,1.3650000095367432,1.3550000190734863,0.7380066658666594,1.645152382239405,26329.55,35939.836001098156,1.03730344876014,1.386892213821411,1.3460863971710204,-2.4999976583889154,1.6394103264067983,5.702299557775575,-5.188243208018921,-4.610123991968571,1
HK.00256,493,0.10199999809265137,0.10199999809265137,0.0,0.750855727914937,2614100.0,266638.19501399994,7.314645887889013,0.09428000018000603,0.11262500002980232,1.9999965727329765,27.500000465661294,24.39023814053866,-48.74371979706865,-52.3364498345797,0
HK.00257,493,4.579999923706055,4.489999771118164,2.004457843557473,0.905574097195003,8597360.5,39375910.43407345,2.282016293069516,4.777878608703613,4.8407339763641355,-6.60248122511657,-0.7284221048895584,-11.082190704162844,0.12438205095702877,8.899332791536358,2
HK.00258,493,2.0950000286102295,2.0999999046325684,-0.23808934520945527,0.44331210191082804,376600.0,788977.0107746124,2.7742118272256437,2.1468999910354616,2.2648385226726533,-3.67815749241089,-1.643196429586826,-4.0413181588653915,-7.624840076658078,-19.919373175883038,0
HK.00259,493,2.700000047683716,2.75,-1.8181800842285156,0.5882352941176471,139400.0,376380.00664711,3.1097414394619225,2.940935297012329,3.5177964866161346,-4.761904361436843,-28.693450282087447,-12.84755461293515,-29.4266811843802,-41.959785113326994,0
HK.00261,492,0.22499999403953552,0.22499999403953552,0.0,0.0,1077860.25,242518.54982545227,1.815094760202396,0.23829999774694444,0.2390599987655878,-13.461537579812916,38.88888480077883,-18.181822122621057,-6.250000388051082,-10.000002384185791,0
HK.00262,493,0.0820000022649765,0.07999999821186066,2.500005122274275,20.57356608478803,60600.0,4969.200137257576,1.8993899479540535,0.08013999998569489,0.08379999998956919,0.0,2.500005122274275,3.7974664443312918,-17.99999895691873,17.142859879805105,1
HK.00264,493,1.5750000476837158,1.625,-3.0769201425405646,0.48084214282528215,4310400.0,6788880.205535889,7.06980864554493,1.8510000109672546,1.9639000076055526,-19.230768760515634,-19.642856273984787,-17.96874568293172,-32.40342921648899,-25.70754091015623,0
HK.00265,492,1.215000033378601,1.215000033378601,0.0,,0.0,0.0,0.0,1.3074000120162963,1.5657499885559083,-0.40983566511258146,-21.103891982137803,-23.10126579890857,-36.05262901974513,0.41322273338813675,0
HK.00266,492,1.8049999475479126,1.8049999475479126,0.0,0.0,15700.0,28338.499176502228,1.2840220762375925,1.8437999391555786,1.8763603579998016,-1.9021721877199134,0.18501370465759862,-1.9021721877199134,-7.672633350992163,-5.802881436617327,0
HK.00267,493,12.619999885559082,12.760000228881836,-1.09718135432214,1.3467706211333468,11607383.6,146485179.70364037,2.262087812778688,12.67274715423584,11.924121088981629,-6.770078171212399,16.05314069822917,13.2443577339745,7.938886479013996,19.738656680534653,0
HK.00268,493,7.139999866485596,7.375,-3.186442488330906,0.8329013807212853,26644265.5,190240052.11260676,4.287974541830957,7.990999984741211,9.264049978256226,-9.102484415680834,-2.057614487686547,-16.000001570757696,-49.54063562563395,-56.169432380572346,0
HK.00269,492,0.009999999776482582,0.009999999776482582,0.0,0.0,322500.0,3224.9999279156327,0.0,0.009999999776482582,0.009999999776482582,0.0,0.0,0.0,0.0,0.0,0
HK.00270,493,8.739999771118164,8.71500015258789,0.2868573504597115,0.6183489497722786,10692639.95,93453670.71564893,1.816439137292484,8.39911340713501,7.569942684173584,0.8256887092726632,19.973197481893344,23.74419688774613,35.503505778622326,35.60473815507471,1
HK.00271,492,0.13899999856948853,0.13300000131130219,4.511276089496149,0.0,111150.0,15449.84984099865,4.24023819548542,0.14870000034570693,0.16700000062584877,-6.08108325802206,-11.464972021884396,-15.757579972045423,-24.45652266341087,-31.188121915985338,2
HK.00272,493,0.41999998688697815,0.42500001192092896,-1.1764764455773846,0.16196419664427017,4080753.35,1713916.3534889922,3.123071186348694,0.43338235557079313,0.5092279396951198,-9.677422869507296,-1.9903942267161954,-15.602842570770076,-33.95005087953735,-36.70213382342016,0
HK.00274,492,0.49000000953674316,0.49000000953674316,0.0,,0.0,0.0,0.0,0.49000000953674316,0.49000000953674316,0.0,0.0,0.0,0.0,0.0,0
HK.00276,493,0.5450000166893005,0.550000011920929,-0.9090900224102623,4.786024342767505,117083.85,63810.70020404756,2.786662125856483,0.5401000046730041,0.5905749988555908,0.9259250061011975,-2.6785688626827135,9.000003337860107,-19.852939565185874,-18.656715953182776,0
HK.00277,492,1.1360000371932983,1.1360000371932983,0.0,,0.0,0.0,0.0,1.1360000371932983,1.4084424519538878,0.0,-25.806449101385674,-25.806449101385674,-21.768710387004166,-21.063728712193033,0
HK.00279,493,0.4099999964237213,0.41499999165534973,-1.2048181523292238,1.021292618308677,2287383.8,937827.349819678,4.821179073735473,0.3889999955892563,0.491574999243021,9.333332379659016,0.0,-17.17171869208867,-29.310343410115426,-51.76470765605512,0
HK.00280,493,0.5450000166893005,0.550000011920929,-0.9090900224102623,0.3821359223300971,623250.0,339671.26040160656,1.9414240171568076,0.5293390607833862,0.46084907084703447,4.509366496225422,8.86392032283482,30.636704387401785,30.636704387401785,32.97918593218494,0
HK.00285,493,22.139999389648438,23.739999771118164,-6.739681537049846,1.7042402852761611,6735720.2,149128841.11684266,3.587295153239546,23.917200012207033,27.66408700942993,-11.084338438414584,3.651679574011197,-23.43609826020934,-36.80439426331129,-43.555927146589,0
HK.00286,492,1.309999942779541,1.309999942779541,0.0,,0.0,0.0,0.0,1.309999942779541,1.309999942779541,0.0,0.0,0.0,0.0,0.0,0
HK.00287,492,4.369999885559082,4.369999885559082,0.0,0.0,2800.0,12235.99967956543,0.011467605204655548,4.274647798538208,4.138915476799011,3.1877154141350292,3.069378908448344,9.605490132902975,10.142774336458144,0.3523068466270567,0
HK.00288,493,6.510000228881836,6.684999942779541,-2.6177967897624597,0.7961751577252538,61045276.7,397404765.289155,2.7623320790872983,7.237292394638062,8.36228892326355,-5.546023072920483,-14.46132026997283,-31.366495691949915,-19.533138180852433,-14.763386776320928,0
HK.00289,493,12.829999923706055,12.890000343322754,-0.46548035701007945,1.8857142857142857,16600.0,212977.9987335205,0.783092069495126,12.950272998809815,13.235300612449645,-0.5959779927262593,-0.29292020686956916,-2.925547267443807,-0.11180337100008553,4.696881910426668,0
HK.00290,493,1.5950000286102295,1.6449999809265137,-3.039510814348016,0.30530556767271316,20971255.0,33449152.32499242,3.8766954846446087,1.6968000030517578,3.4877500104904176,-5.0595191423515775,-31.83760311476564,-64.15730119157861,-39.81132184113837,-18.62244910371646,0
HK.00291,493,18.8700008392334,18.56999969482422,1.6155150745252582,0.8409096820772658,9423003.35,177812081.12259912,2.2144042644906268,19.813189849853515,23.157812738418578,-0.7886415085181867,-13.6015538474947,-21.57668102598184,-25.291471409096328,-24.668421784013965,1
HK.00293,493,14.149999618530273,14.229999542236328,-0.5621920328852114,0.669932748993407,9828835.55,139078019.2830968,2.131333897761119,14.331418266296387,12.595068473815918,-2.882636136520609,5.5826853319528285,27.202424547731336,20.555283860492622,44.0504453011993,0
HK.00294,493,1.0950000286102295,1.0800000429153442,1.3888875091517963,2.37963935243592,29624.6,32438.9378475666,2.2393739744307815,0.9218095219135285,0.7914952337741852,24.12955166865294,49.41520351308138,47.59307713220819,45.81484559354038,18.722392727341816,2
HK.00295,493,0.01600000075995922,0.01600000075995922,0.0,0.06751738572682466,5185000.0,82960.00394038856,4.5242737751481705,0.01630000052973628,0.01917500026524067,-15.7894669766239,0.0,-44.82758199878016,6.66667411724743,-5.882353585690328,0
HK.00296,493,0.17299999296665192,0.1679999977350235,2.9761876779990293,0.04003000649286705,494375.2,85526.90612288714,2.3045100178526297,0.18620000034570694,0.2169049996882677,-7.486637961878209,-11.282051634741501,-27.615063465855577,-23.111112200183662,-33.461538726056126,1
HK.00297,493,1.2200000286102295,1.1950000524520874,2.092048122244283,0.9813261488745487,17302928.5,21109573.265040755,2.7143927227583027,1.2779000043869018,1.432006187438965,-12.23021286576991,-6.870222755762177,-18.606338716735227,-17.556098391312688,-5.3421845000620625,1
HK.00298,492,0.09600000083446503,0.09600000083446503,0.0,0.0,7500.0,720.0000062584877,0.5208332201517715,0.0960800002515316,0.10711000017821788,2.1276639591467217,-4.000000596046439,-12.727271495771793,-9.433960407473664,-23.19999933242798,0
HK.00299,492,0.10599999874830246,0.10599999874830246,0.0,,0.0,0.0,0.0,0.10599999874830246,0.10599999874830246,0.0,0.0,0.0,0.0,0.0,0
HK.00300,493,92.80000305175781,90.44999694824219,2.5981273441726693,1.940677319599712,5343818.0,495906326.70803833,1.8791230144901032,97.12800048828124,87.40948833465576,-5.9300541141770395,5.275100902311122,24.385391477356222,9.272494841137583,20.08989947028463,1
HK.00301,493,7.329999923706055,7.320000171661377,0.1366086312865229,0.336759131149556,969123.7,7103676.647061729,3.5896389012206003,7.032599973678589,3.448499995470047,4.939152234748327,52.07468179777099,375.97403281011293,447.0149060537412,468.21706515222195,2
HK.00302,493,0.18400000035762787,0.17499999701976776,5.142859137788145,1.4616680707666385,480800.0,88467.20017194748,6.008921237245357,0.19341999977827073,0.2618400001525879,-5.641021996560048,2.793293345499562,-24.279835466652244,-55.121950740831224,-59.11110994845258,1
HK.00303,493,51.29999923706055,51.650001525878906,-0.6776423591062102,0.3219935823670731,1145012.25,58739127.55142498,2.234488573640352,51.219000244140624,54.719300498962404,1.7857096903449863,5.153265646196295,-8.202360474006117,-11.930939591953278,-11.362299109159926,0
HK.00305,493,0.3100000023841858,0.3100000023841858,0.0,0.12774751080217922,1249750.0,387422.5029796362,4.445266931311327,0.36900000274181366,0.42928075209259986,-16.216216651604412,-20.512816985918324,-31.582435481691927,-32.31810563357417,-39.47676617453851,0
HK.00306,492,2.5,2.494999885559082,0.20040539760576132,0.0,47900.0,119750.0,0.8567500321453622,2.63769784450531,2.5490202748775483,-6.191368263221272,-5.679686244201656,12.286088285485185,-8.668710155965291,12.990303042058224,1
HK.00308,493,1.1549999713897705,1.159999966621399,-0.4310340840949625,1.0147713033501884,3492435.35,4033762.729330623,1.8822765560264718,1.159380521774292,1.1861727303266525,-2.909398531502,9.913898430142106,3.0523083285151418,-13.617913559979824,-9.127750046496699,0
HK.00309,492,0.8799999952316284,0.8799999952316284,0.0,0.0,4900.0,4311.999976634979,0.599999725818634,0.9337000024318695,1.2342750027775764,-5.376345326492771,-7.368420392192293,-35.29411867828104,-47.61904626746833,-55.102041933448135,0
HK.00311,492,0.3050000071525574,0.3050000071525574,0.0,3.2733224222585924,33350.0,10171.750238537788,0.5596867606532956,0.2922443497180939,0.2418237642943859,7.384527632405671,31.0091243988621,53.048039317730186,48.874000667409724,36.46783973522783,0
HK.00312,493,0.039000000804662704,0.0430000014603138,-9.302326790251001,2.8664495114006514,99600.0,3884.4000801444054,5.622757251865832,0.04803999990224838,0.06110500015318394,-15.217389719867077,-32.75861736745802,-36.06557316980001,-51.851851000162256,-58.06451625824801,0
HK.00313,492,0.06300000101327896,0.06300000101327896,0.0,0.0,37800.0,2381.4000383019447,0.07936523892651563,0.06268000036478043,0.07109499990940094,3.2786890251666563,5.000004035731247,-17.105259159141173,-24.99999778256527,-17.105259159141173,0
HK.00314,493,1.399999976158142,1.4600000381469727,-4.109593179530491,0.9720780500624138,762560.0,1067583.9818191528,4.1548998304912566,1.5139000010490418,1.8300250071287154,-11.392408978994343,0.7194237817389376,-36.073062119686995,-44.000000953674316,-55.69620448949717,0
HK.00315,493,4.800000190734863,4.835000038146973,-0.7238851527604778,2.7310827913673097,369931.75,1775672.4705588818,0.9507222329149797,4.837099981307984,4.858525788784027,-1.4373654305780892,0.8403352926397583,-6.066534925241547,4.373647482252344,10.305730592619094,0
HK.00316,493,146.5,144.0,1.7361111111111112,0.9536054085676563,830132.1,121614352.64999999,2.554862223445691,149.05440734863282,134.9653815841675,-1.41981398260081,18.684321878592215,8.068149060959806,21.42775205934047,21.332219639202783,2
HK.00317,493,14.520000457763672,14.5600004196167,-0.27472500480930867,0.9196943335104772,3622069.75,52592454.42805195,4.803761774350475,13.2750022315979,13.896900691986083,-1.09348970601648,13.123368940617178,15.324011917697145,12.346777199276952,-2.400593032787831,0
HK.00318,492,0.8899999856948853,0.8899999856948853,0.0,,0.0,0.0,0.0,0.8899999856948853,0.7574999928474426,0.0,-4.301077543014524,34.84847732264616,39.062500873114935,134.21052549024037,0
HK.00320,493,0.4399999976158142,0.4399999976158142,0.0,0.7638865017435709,98727.6,43440.14376461506,0.6729798302915003,0.4404741472005844,0.46077912107110025,0.4795662839687113,-4.808833646361427,-0.6246118346095548,-9.568393421696983,-27.770286031418763,0
HK.00321,493,0.8949999809265137,0.8999999761581421,-0.5555550404536735,1.9416470839327404,1415467.7,1266843.564502096,2.394072599387394,0.970969045162201,1.0672669261693954,-4.787235830152887,-12.987822149326439,-21.61712641593724,-7.919142114656294,27.82113835118174,0
HK.00322,493,12.140000343322754,11.75,3.3191518580659904,2.5996001647940123,13077095.15,158755939.61066434,2.9098974063392067,12.219200038909912,11.549341382980346,0.6633492613808493,8.199643978596557,3.2400005385145785,12.497220646224056,26.667541650977977,3
HK.00323,493,1.4950000047683716,1.534999966621399,-2.6058607637020987,1.0637149832238484,3814872.3,5703234.106690728,3.4485446834100415,1.6971000051498413,2.1859249955415727,-16.713089665112207,-7.716049360004326,-43.15589582830962,-42.72030402846115,-38.729509438151,0
HK.00325,429,66.94999694824219,63.79999923706055,4.937300546787233,1.409903903039606,544710.65,36468376.35517502,4.830494801056399,66.98969306945801,61.91316112518311,-5.371029048420936,36.57000246207517,10.060678881040296,-0.5220758244454007,-23.014229603192895,1
HK.00326,493,6.5,6.684999942779541,-2.767388846118977,2.000459324554239,2948152.75,19162992.875,6.954794034089145,6.837300004959107,5.905174998044967,10.16948974464724,-3.8461571017556353,4.83871290264477,120.33897948929449,191.47981813473706,0
HK.00327,493,3.634999990463257,3.690000057220459,-1.4905166911740286,0.5405953194364517,1824166.1,6630843.756103396,3.085145161179457,3.852007784843445,4.085344545841217,-9.011261712350334,-1.1059431544660772,-12.120207960858224,-27.70901959281895,-34.8237749513539,0
HK.00328,493,0.4699999988079071,0.4749999940395355,-1.0526305882884401,0.04900622722129301,1900046.9,893022.0407349676,6.9399432963124426,0.46849999964237216,1.0034152440726758,-20.33897971189134,-12.962966642261877,-26.562498544808445,-83.03249090093131,-91.12509480096772,0
HK.00329,493,0.16200000047683716,0.15700000524520874,3.1847102322189293,0.5540344660976002,293650.0,47571.30014002323,6.143188680526728,0.15101999983191491,0.2506699996069074,15.71428556223305,-8.47457655656729,-45.08474316003838,-46.88524699089378,-66.24999914628762,1
HK.00330,493,0.41999998688697815,0.41999998688697815,0.0,2.484900865218326,64608.05,27135.38015279323,2.978826909916311,0.49109999477863314,0.7190999962389469,-17.64705985475166,-14.285718630076067,-51.162793034795385,-64.40677919013852,-70.6293704690569,0
HK.00331,493,5.380000114440918,5.320000171661377,1.127818436908127,2.0548624795148855,111281.05,598692.0617351056,1.2855148200530686,5.1549000072479245,5.387795333862305,5.801378054688205,3.660887381997734,-2.712479017656857,-1.924219498174598,-2.7071098616656193,1
HK.00332,493,0.17299999296665192,0.17100000381469727,1.1695842732973984,4.301075268817204,79100.0,13684.299443662167,2.266170326069602,0.16900000154972075,0.2942650017142296,7.453412814832153,-34.71698026208951,-54.47368549012743,-49.11764966265963,-58.80952419810286,1
HK.00333,493,0.18400000035762787,0.19900000095367432,-7.537688705608766,7.521773555027711,21560.0,3967.040007710457,1.9395693855367075,0.19459999680519105,0.21714499965310097,1.6574619748698907,-3.1578933334086234,-15.981733761697498,-29.230766497420035,-39.67213244503524,0
HK.00334,492,0.28999999165534973,0.2849999964237213,1.754384313814067,0.053579800415243455,118500.0,34364.99901115894,2.298521080010268,0.3136000007390976,0.36840000048279764,-6.451616314521787,-19.444449963392817,-22.66666889190674,-9.375000582076622,-7.936509888789085,1
HK.00335,492,0.6449999809265137,0.6449999809265137,0.0,0.0,340900.0,219880.4934978485,1.067425580722638,0.6424283659458161,0.6403459024429321,-3.0075247948591937,2.2840238185303083,0.7342567931809079,-6.359695008223258,-3.645492332236253,0
HK.00336,493,3.305000066757202,3.309999942779541,-0.15105365887530103,0.43636720361408204,10079750.5,33313576.07539594,7.425097094088887,3.219983706474304,3.7051349020004274,3.888780303259677,9.830132279383031,-20.625775008348445,-14.885493206920259,-9.944802096748543,0
HK.00337,493,0.11599999666213989,0.12300000339746475,-5.691062229246363,1.5395360088572128,1678155.35,194666.01499855221,7.791733543211006,0.1226199996471405,0.17477499902248383,-7.200002670288086,-21.62162488703309,-41.708544670236556,-48.89867945514527,-52.65306350838285,0
HK.00338,493,1.1299999952316284,1.1200000047683716,0.8928562875609045,2.582238255126668,7761053.35,8769990.248492414,2.0556054250846274,1.1348999977111816,1.2745750004053116,-5.833337472544612,3.6697211585436476,-9.600000381469727,-18.115942091582276,-13.740454611470518,4
HK.00340,493,2.390000104904175,2.4200000762939453,-1.2396682001644102,0.5202669449826572,17696990.05,42295808.075988136,4.96574794623555,2.8171999979019167,2.758124639391899,-22.653716139449102,26.45503296263028,-20.48176323137454,-13.714248185220054,-7.480687662189813,0
HK.00341,493,5.5,5.425000190734863,1.3824849148065623,0.5450985254414684,672038.25,3696210.375,2.6460799382856566,5.362426509857178,4.615804926156998,2.040818854159396,7.139784550714776,35.36076748047014,16.139531329120523,-7.760399943861356,1
HK.00343,493,0.14800000190734863,0.14100000262260437,4.964538407478058,1.369250138967864,3661696.45,541931.0815841317,9.005428419502525,0.11960000023245812,0.13573499985039233,42.307691205535434,37.037035248488934,3.4964999987495524,-5.732486010942198,-38.333331160247276,1
HK.00345,493,6.78000020980835,6.855000019073486,-1.094089118256102,0.8140978923592218,702156.5,4760621.217318296,1.9596057619637446,6.459865818023681,6.384506297111511,5.772236680249211,6.8246580019034875,10.402521011992045,7.321518526441037,-17.8758510479648,0
HK.00346,493,0.23399999737739563,0.23000000417232513,1.7391274489167146,1.579175704989154,49375.0,11553.74987050891,3.0454877996218577,0.2430399999022484,0.3435100004822016,-9.999997707513579,-13.33333774849203,-49.67742030586668,-35.890413352485204,-44.285713170661374,1
HK.00347,493,1.090000033378601,1.090000033378601,0.0,2.5021764604549515,4956151.6,5402205.409429407,3.334311538650439,1.1523999881744384,1.4724499994516373,-6.837600567558505,-3.539819647948593,-28.758166420846198,-44.38775448141771,-47.596150319251656,0
HK.00348,492,0.0729999989271164,0.0729999989271164,0.0,0.0,189710.0,13848.829796463251,2.1754402828100514,0.07483999989926815,0.09412999993190169,4.2857123090296465,5.7971025447188715,-20.6521752334441,-47.101448727640566,-49.65517170505771,0
HK.00351,493,0.2849999964237213,0.3499999940395355,-18.57142820650217,0.6140406044355,174577.0,49754.444375663996,3.045472533828872,0.3214000016450882,0.3163749999552965,-16.17647252177695,-24.000000953674316,1.785712575121809,-3.389827426361236,-6.557380413054316,0
HK.00352,492,0.36000001430511475,0.36000001430511475,0.0,,0.0,0.0,0.0,0.36000001430511475,0.36000001430511475,0.0,0.0,0.0,0.0,0.0,0
HK.00353,493,0.3799999952316284,0.3700000047683716,2.7027000903735274,0.03672401734041328,600163.0,228061.9371381998,5.42010934189289,0.39139999985694884,0.3597999981045723,-1.2987000923330156,8.571429057997108,10.144926534683554,18.750001164153243,24.590159449260913,1
HK.00354,493,3.740000009536743,3.9149999618530273,-4.469986054187702,1.046966626185317,12178472.65,45547487.82714297,3.579319259408405,3.747100019454956,3.901317343711853,-2.477184554504787,20.2572390897623,14.546487333850713,-26.88522039635529,-37.72596657026252,0
HK.00355,493,0.07500000298023224,0.07800000160932541,-3.846152009225729,0.569511903790767,417037.05,31277.77999286726,4.311624017125489,0.07514000043272973,0.07642000034451485,1.3513540725275752,19.047621863409102,7.1428609441737585,-28.571423503006237,-39.51612564034437,0
HK.00357,493,3.825000047683716,3.950000047683716,-3.1645569238233335,0.7092651757188498,319750.0,1223043.7652468681,5.405600789946592,5.0646000003814695,6.652699995040893,-26.371512583406343,-8.711217292413952,-38.306448945889905,-64.08450530807085,-63.15028896423345,0
HK.00358,493,32.58000183105469,33.380001068115234,-2.396642335115773,0.7835944482182752,9047389.8,294763976.25026554,3.17173158030183,35.781599807739255,37.39644045829773,-17.057019237417908,10.216516981307144,-6.341347226215753,-23.795133771712827,25.29140313531737,0
HK.00360,493,0.03400000184774399,0.03400000184774399,0.0,0.19656493146725124,7657200.0,260344.81414854527,9.7694888953728,0.03420000039041042,0.041185000240802766,-22.727268109144234,-14.999993480741832,-14.999993480741832,-22.727268109144234,-26.086952648563972,0
HK.00361,493,0.041999999433755875,0.0430000014603138,-2.3255860292955086,0.011837432592397737,15126000.0,635291.9914349914,10.141279180889388,0.042440000027418136,0.057835000250488516,7.692304018451458,-14.285713199623792,-38.23529830698713,-49.39758911769952,-35.38461388568195,0
HK.00362,492,0.014999999664723873,0.014999999664723873,0.0,,0.0,0.0,0.0,0.014999999664723873,0.014999999664723873,0.0,0.0,0.0,0.0,0.0,0
HK.00363,493,13.130000114440918,13.079999923706055,0.3822644573892042,1.2898198009847244,775831.6,10186668.99678688,1.7184456232854008,13.159572257995606,13.38686496257782,-2.4783448961331342,5.408317224163013,1.8664135458224516,-1.4537779896784095,4.796199758968337,4
HK.00365,493,0.3199999928474426,0.33000001311302185,-3.0303090509739805,0.5891927083333334,571800.0,182975.9959101677,7.442064316307459,0.3671999961137772,0.4259399970620871,-5.882356034843122,-37.25490218994481,18.51851115992069,10.344828294942289,10.344828294942289,0
HK.00366,493,0.800000011920929,0.8050000071525574,-0.621117414559334,1.350293542074364,109100.0,87280.00130057335,2.455092455610735,0.8084180247783661,0.839587635397911,-2.335453339395206,5.177200563744284,-7.775656470534882,-7.775656470534882,-14.36311000009124,0
HK.00367,492,0.22100000083446503,0.22100000083446503,0.0,0.0,155847.5,34442.29763004929,0.935887879267488,0.23918000042438506,0.28126000076532365,-9.05349786668109,-11.59999966621399,-26.33333598242855,-33.03030543857141,-37.746476756748315,0
HK.00368,493,3.119999885559082,3.0950000286102295,0.8077498131745868,0.21191621159018664,1472680.0,4594761.431465149,13.403459534174244,3.8367999982833862,1.7237999936938286,-27.94457412163951,52.941173720662235,315.99998474121094,625.5813566654556,939.9999205271434,3
HK.00369,493,1.649999976158142,1.7000000476837158,-2.9411805954770314,1.0699588477366255,25600.0,42239.99938964844,0.7254709667381921,1.859594919681549,1.9745177572965622,-14.507776213164487,-14.507776213164487,-17.463591578082404,-4.552873560444191,11.666902378451582,0
HK.00370,493,0.18799999356269836,0.2329999953508377,-19.313305873839603,8.451561726753829,25286810.0,4753920.117221177,9.79969652177575,0.2629947194457054,0.5281986794620752,-36.271185790009596,-44.7058848278745,-70.15873095466017,-79.5652184617091,-85.53846150319252,0
HK.00371,493,1.5399999618530273,1.5299999713897705,0.653594160147165,0.8466416480209814,32854173.7,50595426.24471273,2.6221527293721265,1.8174033784866332,2.319073374271393,-9.144547834958928,-30.834985746663463,-39.44014062817456,-32.76620504698861,-32.2128364143273,2
HK.00372,492,0.164000004529953,0.164000004529953,0.0,0.0,186860.0,30645.040846467018,2.8460907261071244,0.16679999828338624,0.22727499946951865,28.124997453414956,-19.21181810394243,-40.36363600896411,-40.36363600896411,-0.6060618101947961,0
HK.00373,493,1.9800000190734863,1.9900000095367432,-0.5025120811725401,0.11802212619810899,168059.75,332758.30820548534,2.018588929826498,2.117800009250641,2.469926728606224,-9.174313832990853,-10.00000108372079,-26.260078089684065,-21.47542637528741,-5.191533782911369,0
HK.00374,492,2.549999952316284,2.549999952316284,0.0,0.0,300.0,764.9999856948853,0.0,2.4810063552856447,2.5336258578300477,1.9999980926513672,4.722793110437252,-3.747437653698031,-3.3922579762882106,3.8101838169100684,0
HK.00375,493,1.100000023841858,1.1100000143051147,-0.9009000301245093,1.492537313432836,115200.0,126720.00274658203,3.373095180619027,0.9303339016437531,0.9586546513438224,27.180093268012186,4.5088633214279845,30.636069904512535,36.574075718609244,-6.833181815795329,0
HK.00376,493,1.7400000095367432,1.840000033378601,-5.4347838058588644,0.5662526642160741,10952631.6,19057579.088452432,6.226125702901384,1.8976999974250794,2.4520249980688096,-13.647646702257097,3.5714323727453214,-37.85714145825831,-47.432022972314776,-66.60268720159924,0
HK.00377,493,0.8849999904632568,0.925000011920929,-4.3243265883429425,0.13509449932619808,1084510.0,959791.3396573067,19.048957795811337,3.350699987411499,1.7063749930262566,-78.9285706987186,-40.20270411771434,-6.842105098048074,-3.804350607730891,-11.500000953674316,0
HK.00379,493,0.16200000047683716,0.1599999964237213,1.2500025611371375,1.5906049304756908,9710651.0,1573125.4666303992,19.000438820652246,0.09736000001430511,0.08698000006377697,128.16900728572313,161.2903276200598,115.99999205271433,134.78261526831324,113.15790221838103,2
HK.00380,492,0.125,0.11699999868869781,6.83760803501187,0.3470031545741325,128800.0,16100.0,3.2825445084052816,0.12905999928712844,0.1356750001758337,-9.42028758593948,-4.580150674630181,0.0,-18.83116839134707,-16.66666997803569,1
HK.00381,493,0.05400000140070915,0.05700000002980232,-5.263155486885312,1.1663973598849324,6105028.0,329671.5205513686,8.486997580438594,0.07544000037014484,0.14939000042155384,-34.93975487229839,-45.99999940395356,-84.11764681390825,-74.76635466838405,-84.78873154008417,0
HK.00382,493,0.4399999976158142,0.44999998807907104,-2.222220161814694,3.7508901260090703,303599.4,133583.73527616262,1.5826221109022744,0.4721000003814697,0.8825720797479153,-5.376345326492771,-8.333331781129008,-68.79432567150128,-67.59973626745591,-68.90444626643159,0
HK.00383,493,0.8299999833106995,0.9800000190734863,-15.306125800344395,2.593465813405187,33540.0,27838.19944024086,2.3426299611249584,0.8381000030040741,0.9409249925613403,5.732478417994072,-2.352945878843816,-20.192306369719372,-19.417475110141286,-7.777777189089913,0
HK.00384,493,5.300000190734863,5.429999828338623,-2.394100215718327,0.9284093063116831,10762012.05,57038665.9176909,2.3728087751710305,5.541076946258545,6.601653819084167,-5.441566945597262,0.5056884982722641,-25.440069978926495,-27.984113478559365,-28.718032188040794,0
HK.00385,492,0.23999999463558197,0.2409999966621399,-0.41493860597842014,0.7547169811320755,16500.0,3959.9999114871025,0.39999991655349737,0.25011999666690826,0.32916834130883216,0.0,-5.88235328491722,-33.79310710535026,-47.17534988921211,-37.93103886805852,0
HK.00386,493,4.534999847412109,4.420000076293945,2.601804731519108,1.4289576409723899,101825975.2,461780781.99458927,2.1631487481522016,4.426101169586182,4.423194797039032,-5.255987384179817,13.692819669395364,6.558825150730583,2.251150389197093,18.078715303005396,4
HK.00387,492,0.6899999976158142,0.6800000071525574,1.4705868173635692,0.2132701421800948,19600.0,13523.999953269958,2.4262003453178727,0.7169695675373078,0.6978400462865829,10.131858221017591,-9.829549552749455,2.7176030534147944,7.11978712768767,2.7176030534147944,1
HK.00388,493,375.0,379.0,-1.0554089709762533,0.7537151906405419,3153479.3,1182554737.5,1.3036555545283712,398.75023864746095,396.9264469909668,-6.343654916001585,0.22829506433558666,-0.19107301419385608,-6.749002966380389,-9.870381462168226,0
HK.00389,493,0.36000001430511475,0.3100000023841858,16.129035979478314,1.3038428774575852,207993.95,74877.82497537733,8.367373720086176,0.34742000222206115,0.31609500214457514,-3.9999961853027344,101.11732066806816,20.0,-16.27906783327278,-16.27906783327278,2
HK.00390,493,3.2300000190734863,3.2750000953674316,-1.374048091100792,1.1034605607999206,15974148.55,51596500.12118271,1.7751203852076216,3.3077827167510985,3.663835083246231,-3.3858657812820803,3.2932593831088606,-18.308930715821838,-12.1873795401084,-7.244716754302262,0
HK.00391,493,0.2800000011920929,0.28999999165534973,-3.4482726727597,0.5448717948717948,1829000.0,512120.0021803379,5.9585839992419105,0.24879999935626984,0.1374150002747774,-12.49999767169351,182.82828556495156,194.7368470585578,177.22771429989882,218.18182126057053,0
HK.00392,493,29.639999389648438,29.059999465942383,1.9958703866660445,1.1283876248163438,1299349.1,38512706.53094025,2.026382009948826,29.899388694763182,30.446909589767458,-3.295269955798673,3.4714297756545944,3.4232320615229925,-2.2721622780976802,-6.820357741466256,3
HK.00393,493,1.3200000524520874,1.3200000524520874,0.0,0.5644171779141104,160400.0,211728.00841331482,0.6899915951375297,1.3003328347206116,1.2938096779584884,1.9305093587580215,2.30190684259118,2.888507158315492,0.6993869985043731,10.926669042219695,0
HK.00396,493,0.24400000274181366,0.26499998569488525,-7.9245222968617375,1.339416653087828,551600.0,134590.40151238441,4.734083692204659,0.31135999828577043,0.26209761656820774,-11.272728198815948,2.9535861530112824,-4.427977277823699,141.20556506655095,138.93002891458815,0
HK.00397,493,0.03799999877810478,0.03799999877810478,0.0,0.22557035222929486,3371467.8,128115.77228041961,9.347937355438985,0.03899999983608723,0.04286437997594476,-5.000000931322596,-5.000000931322596,-15.555561626398765,-15.555561626398765,-19.14893600157128,0
HK.00398,493,3.184999942779541,3.180000066757202,0.157228802433249,0.2855955929339678,633979.25,2019223.8749734163,1.1161723495749687,3.175519027709961,3.1729024052619934,0.23646121837929598,2.07005217249388,1.14494355463104,-3.2958589643534424,5.001245424372165,1
HK.00399,492,0.0729999989271164,0.0729999989271164,0.0,,0.0,0.0,0.0,0.0729999989271164,0.09583499940112233,0.0,0.0,-44.69697021009508,-16.09195284176285,-80.53333361943564,0
HK.00400,493,4.264999866485596,4.394999980926514,-2.957909328898621,0.5442523808662938,4946565.0,21097099.06456232,5.373889308376367,4.248299984931946,3.655924993753433,-12.061856693815578,-16.37255007374614,69.92031405141273,41.694348172711685,59.737818150386225,0
HK.00401,493,0.11100000143051147,0.0949999988079071,16.842108235134678,7.998862384016496,315032.0,34968.55245065689,0.14469746847111895,0.11227999940514564,0.12672093994915484,8.823532849172198,-1.7699085286270102,-13.281253001332374,18.085111948147762,38.75000488944362,1
HK.00403,493,0.18799999356269836,0.1889999955892563,-0.5291016137011844,4.606060606060606,204800.0,38502.398681640625,6.787244541799016,0.18923999935388566,0.16410499960184097,1.075262959423418,29.655171705057707,27.027021040439337,21.29031749471297,-6.000004619359902,0
HK.00406,492,0.5049999952316284,0.5049999952316284,0.0,0.0,8600.0,4342.999958992004,0.8707206865166222,0.5237000006437301,0.6484750016033649,0.0,0.9999990463256836,-36.87500153668222,-32.66666730244954,-31.756758280615443,0
HK.00408,493,2.5799999237060547,2.640000104904175,-2.2727340459820917,0.6260032102728732,123600.0,318887.99057006836,1.605998099714257,2.5616910648345947,2.1435377621650695,-0.2724207030887126,21.35799153175815,28.47510590201926,48.97646434856292,50.578348774798954,0
HK.00410,493,0.27000001072883606,0.2800000011920929,-3.571425150243618,2.2915378494904597,1031463.6,278495.18306640384,3.8417480247055025,0.3146000015735626,0.4208749970793724,-15.6249947613104,-25.0,-38.63636086548654,-49.0565989992717,-50.0,0
HK.00411,492,11.0,11.050000190734863,-0.4524904060796952,1.3793103448275863,950.0,10450.0,0.4166666666666667,11.217000160217285,11.857076816558838,0.0,-2.654868899744272,-13.385825470839155,-1.0628019323671498,-0.33097895821342044,0
HK.00412,493,0.5,0.5199999809265137,-3.8461503192516595,1.158458708499147,2379661.85,1189830.925,5.387940746720264,0.5486000031232834,1.0506999972462654,-17.355374506315925,7.526880893449264,-64.02877660822124,-64.78873133020865,-89.05908137377094,0
HK.00413,492,0.020999999716877937,0.020999999716877937,0.0,0.0,601385.45,12629.09427973451,1.7136036994273844,0.02257999997586012,0.02699500017799437,-8.695653582340375,-8.695653582340375,-25.000003326151948,-36.36363687676175,-40.000001064368654,0
HK.00417,493,0.7099999785423279,0.6850000023841858,3.6496315432303783,0.11249123798716616,68516.65,48646.82002979219,1.5363081619293006,0.7269000077247619,0.8016750031709671,0.7092191985804456,0.0,-1.3888957875743526,-22.826090688854105,-45.384615031925165,1
HK.00418,493,0.6399999856948853,0.6800000071525574,-5.882356034843122,0.26297335203366057,218360.0,139750.39687633514,5.307037232311616,0.6498999917507171,0.7118749985098839,3.225803350434739,-4.477616454795883,-12.328771373571856,-20.987656319619237,-9.8591542201391,0
HK.00419,493,0.41499999165534973,0.42500001192092896,-2.352945878843816,0.42637892721640647,1167214.05,484393.821010007,4.99970089638517,0.5345000022649765,0.4071349999308586,-18.627451094972404,-7.777777189089913,87.78280094496287,13.698624880055862,-28.448275241925497,0
HK.00420,493,0.6000000238418579,0.6100000143051147,-1.6393426604503258,2.275269342363799,876127.6,525676.5808885098,2.066389488017159,0.663800002336502,0.6358828985691071,-8.396938923709326,-7.692300638503319,-4.062696298815176,3.5513790264617255,-1.1555078467640487,0
HK.00422,493,0.27000001072883606,0.27000001072883606,0.0,6.8493150684931505,29400.0,7938.00031542778,2.3873223363522986,0.26189999461174013,0.2733499984443188,1.8868020014566025,5.882359128509954,-3.571425150243618,-1.8181800448205245,-33.3333308804673,0
HK.00423,493,0.6050000190734863,0.6050000190734863,0.0,3.346007604562738,92100.0,55720.50175666809,1.3555262262519776,0.6436077976226806,0.6934679087996483,-6.923070574652987,-8.372714173545788,-15.606447064626044,-14.481200924628116,-19.826126711201844,0
HK.00425,493,22.540000915527344,23.139999389648438,-2.592906179545969,0.527979654608679,3195568.55,72028118.04263039,3.6849683061090195,25.762800102233886,31.690818567276,-10.19920090452398,-21.408644784917847,-31.9230806896953,-31.073125368039218,-29.04834638596896,0
HK.00426,493,0.17599999904632568,0.15800000727176666,11.392399332993875,4.866310160427807,116600.0,20521.599888801575,2.8923867080377352,0.13404000014066697,0.1182350005209446,44.26229267920005,21.379313179769156,62.96295785282551,97.7528044738308,158.82351394343212,1
HK.00430,492,0.35499998927116394,0.35499998927116394,0.0,0.0,3500.0,1242.4999624490738,0.2807117859958429,0.3441916662454605,0.3710282462835312,4.642591309528547,4.642591309528547,-6.738070935394563,-11.23261662591891,-10.150090499935583,0
HK.00432,493,0.20800000429153442,0.20999999344348907,-0.952375816379655,4.015276802266113,144727.0,30103.216621100903,3.850705363118202,0.21878000050783158,0.238584998100996,-1.8867892699548516,-8.370041392406526,-19.999995415027158,9.473687842942386,4.522614720969393,0
HK.00433,493,0.03700000047683716,0.03799999877810478,-2.6315745616387045,0.3819050014251401,16313957.35,603616.429729101,7.276905454018974,0.048480000197887424,0.06630000030621887,-19.565216511037264,-43.93939291314316,-55.421684475799125,-53.16455851398083,-37.28813516514906,0
HK.00434,493,3.0,3.1050000190734863,-3.3816431055874103,0.8495024326556604,2172735.5,6518206.5,5.546816661887296,2.8002000141143797,2.775524523854256,-2.1207196087103912,47.78325331434128,15.14063763634557,-14.770192537533925,-51.94917842563741,0
HK.00436,493,0.050999999046325684,0.057999998331069946,-12.068964631322139,1.183431952662722,179000.0,9128.999829292297,2.2704405952703715,0.055459999665617946,0.05962717754766345,-7.272728504228204,1.9999965727329765,-18.39232582391203,-23.1927799392688,-43.22944022590441,0
HK.00438,493,1.2050000429153442,1.2100000381469727,-0.41322273338813675,0.05235602094240838,11490.0,13845.450493097305,4.227859335678424,1.1832000064849852,1.6032000005245208,3.8793170335178506,-6.589141197770621,-35.21505195442026,-39.141412560227785,-49.581590375551144,0
HK.00439,492,0.5149999856948853,0.5249999761581421,-1.9047601747403906,0.47509265474071266,168250.0,86648.74759316444,4.032612029074028,0.6043999993801117,0.7920999979972839,-8.849559669366176,-2.830186132944906,-37.19512314792194,-55.60344823156611,-68.40490876064683,0
HK.00440,493,43.47999954223633,44.70000076293945,-2.729309171991384,1.3508287190090327,215916.7,9388058.01716118,2.3203632195001775,45.82231513977051,39.929185962677,-3.42070390908175,10.986947518889314,15.650269278543739,29.94413256238002,38.919250927035655,0
HK.00442,492,0.6050000190734863,0.6050000190734863,0.0,0.0,54300.0,32851.50103569031,1.5420224231863673,0.6080000019073486,0.721450001001358,1.6806705852795165,-5.468744906829556,-25.308639840406727,-22.435892145544155,-35.63829568000118,0
HK.00444,492,0.009999999776482582,0.009999999776482582,0.0,,0.0,0.0,0.0,0.009999999776482582,0.009999999776482582,0.0,0.0,0.0,0.0,0.0,0
HK.00450,492,0.625,0.6499999761581421,-3.8461503192516595,2.91497975708502,77700.0,48562.5,1.2008130901931642,0.7004411745071412,0.7670397832989693,-8.068348705453312,-11.898843509322628,-21.480125278234873,-25.747514669379452,-25.747514669379452,0
HK.00451,493,0.4350000023841858,0.4449999928474426,-2.2471889042670363,0.6810070647586243,1790778.1,778988.4777695477,4.842760367454415,0.559099999666214,0.9207750010490418,-18.691592325194904,-44.230766879501104,-59.722223601959314,-55.61224551858229,-42.763156862800464,0
HK.00455,492,0.12099999934434891,0.11999999731779099,0.8333350407580917,0.0,159700.0,19323.69989529252,3.367623952288522,0.11182000026106835,0.10381000071763992,17.47572738282226,27.368421960735596,24.742263686024863,-12.949639863586837,-26.66666997803569,3
HK.00456,493,0.5299999713897705,0.47999998927116394,10.416663174206933,0.4209049456331112,58120.0,30803.598337173462,3.4835120318188904,0.5054000014066696,0.4970749992132187,19.10111908057222,16.483506838519297,30.864190081419206,21.839073214919686,-7.017547712211622,1
HK.00458,493,1.9450000524520874,1.7649999856948853,10.1983041482199,2.0,2750.0,5348.75014424324,0.029156721027110127,1.6987000060081483,1.7176934599876403,21.562501466833034,-2.74999737739563,12.492775220573387,18.74237975671842,1.779181590441648,1
HK.00460,493,0.7049999833106995,0.7149999737739563,-1.3986001160915125,1.8893389424242935,19566909.5,13794670.870941967,3.612083729907478,0.7972000014781951,1.1129286989569664,-9.032257419471046,-18.965519603830536,-46.73572176048293,-44.238960052008714,-51.44617125898515,0
HK.00464,493,0.6949999928474426,0.7200000286102295,-3.472227051302047,1.039236479321315,194800.0,135385.99860668182,6.316180319689119,0.7374000000953674,0.8776999981701374,-4.137935173497195,-17.2619030301938,-7.333334287007649,-54.87012921668038,-30.500000715255737,0
HK.00465,493,3.2699999809265137,3.2750000953674316,-0.1526752456584888,0.033984706881903144,51350.0,167914.49902057648,1.2034367753652622,3.5363000059127807,2.3649249958992002,-15.064933456444022,-11.859839695317767,360.56339151446423,354.16664597061026,783.7837672390324,0
HK.00467,493,0.4449999928474426,0.39500001072883606,12.658222977348501,5.801546445866686,40789406.75,18151285.712001428,4.070884085720131,0.3926999992132187,0.476424999833107,5.952382557381357,25.352114449652248,-25.83333747254461,-5.319150217845466,-14.423075159625828,2
HK.00468,492,2.2739999294281006,2.2739999294281006,0.0,,0.0,0.0,0.0,2.2739999294281006,2.2739999294281006,0.0,0.0,0.0,0.0,0.0,0
HK.00470,161,29.18000030517578,27.239999771118164,7.1218816092449,7.018547437984242,1590371.6,46407043.7733429,5.007468181101551,29.12800003051758,,4.5878161438947584,-5.259736922121343,-34.1619407063765,-35.88695516758201,,1
HK.00471,493,0.11400000005960464,0.11900000274181366,-4.201682829417396,1.2389924474698661,499345.0,56925.33002976328,4.936656340684241,0.12108000040054322,0.3567646946758032,-7.317075682329301,-24.99999754915104,-81.90476175834081,-83.94366147818012,-84.16666728754836,0
HK.00472,493,0.1899999976158142,0.18199999630451202,4.395605205352333,1.9095477386934674,109000.0,20709.99974012375,1.439160484316676,0.21100000023841858,0.272484999075532,-9.523807834335413,-23.69477945293827,-34.48275755758657,-45.714285471001446,13.095238200830225,2
HK.00474,492,0.1420000046491623,0.1420000046491623,0.0,0.0,1124710.65,159708.91752896234,2.6919262701484583,0.13868000015616416,0.12211999971419572,-6.578941305794679,24.561407521857813,18.3333398525915,18.3333398525915,215.55555334797623,0
HK.00475,492,0.2800000011920929,0.2800000011920929,0.0,0.0,6700.0,1876.0000079870224,0.0,0.32759999692440034,0.40012500002980234,5.66038351204981,-31.707316186724487,-21.12675784386655,-43.99999976158142,-41.66666511446234,0
HK.00476,493,0.8399999737739563,0.8349999785423279,0.5988018395350123,0.32187159410921456,537691.95,451661.2238984674,4.069532065947984,0.6439999938011169,0.6342249974608422,15.068486551559488,88.7640420843624,25.37312729105348,2.439022085483674,-26.956522505314922,2
HK.00480,493,0.9850000143051147,0.9850000143051147,0.0,1.7765368683867804,167575.05,165061.4266471803,1.5818586999241186,1.0236999988555908,1.1028250020742416,-1.4999985694885254,-4.368927993652047,-14.347823067288253,-10.454546094925922,1.5463902322123155,0
HK.00482,493,0.46000000834465027,0.49000000953674316,-6.122449103716459,5.607476635514018,27400.0,12604.000228643417,0.43478283404402146,0.524700003862381,0.6876368770003318,-5.1546402521829435,-19.298243137387765,-43.20987568016442,-22.409618870576455,-43.3328629134552,0
HK.00483,492,0.1770000010728836,0.1770000010728836,0.0,0.0,15858.5,2806.9545170143247,1.5600178226233548,0.18863999962806702,0.23396999843418598,0.0,0.5681829727139418,-22.026430590259288,-41.9672141239163,-39.999996969255214,0
HK.00484,492,0.6399999856948853,0.6449999809265137,-0.7751930820906612,2.121569287758882,32845.0,21020.799530148506,1.141267736972284,0.6985000026226044,0.7689749982953071,-11.111116630059483,-1.5384601277006635,-20.987656319619237,-23.809523133734164,-23.809523133734164,0
HK.00485,492,0.3400000035762787,0.3400000035762787,0.0,0.0,12031.8,4090.8120430290696,1.4705881321718957,0.36939999997615813,0.4049000014364719,-8.108108325802206,-13.924052065485734,-20.000001402462193,-19.047615668670826,11.475408394405292,0
HK.00486,493,2.740000009536743,2.734999895095825,0.18281954781364923,0.0893534773301851,259896.15,712115.4534785628,2.52878067142908,2.969199981689453,4.026699994802475,-11.038958525693783,-12.4600667937623,-35.529411540311926,-43.27122043856382,-33.49514355229341,1
HK.00487,493,0.04100000113248825,0.04100000113248825,0.0,0.5603810591202018,178250.0,7308.250201866031,1.789701047324869,0.041440000534057615,0.046850000247359275,5.128205862976375,7.894743291707789,-6.818178739429488,-14.583331716453879,-69.172931783269,0
HK.00488,493,0.6949999928474426,0.6449999809265137,7.751940061937082,1.0607851279266618,3296.75,2291.2412264198065,5.000937603863296,0.6940000021457672,0.7088500052690506,-5.442179684239737,-10.897433546167774,15.833327538437544,13.934422385080783,5.3030250349432215,1
HK.00491,493,0.02500000037252903,0.02500000037252903,0.0,0.2678231965168194,5059300.7,126482.51938473638,7.125276448486425,0.02632000047713518,0.02859000022523105,-3.846154397232281,4.166667313418449,-7.407408429434898,-28.57142781116525,-35.89743626482152,0
HK.00493,493,0.009999999776482582,0.009999999776482582,0.0,0.09046936875312533,4501794.9,45017.94799377043,0.0,0.009999999776482582,0.012425000052899123,0.0,0.0,-33.33333333333333,-33.33333333333333,-47.36842053666337,0
HK.00496,493,0.19900000095367432,0.20000000298023224,-0.5000010058283656,0.46511627906976744,2200.0,437.8000020980835,0.7808823688542241,0.17976000040769577,0.28490000031888485,11.797751398072124,3.108806810000393,-34.75409957805775,-52.04819157708794,-53.17647167720594,0
HK.00497,493,0.13699999451637268,0.13699999451637268,0.0,2.6675709279981916,995700.0,136410.89453995228,2.579783691523481,0.16498000115156175,0.19198000013828279,-16.969703592435014,-25.136614335633755,-35.07109125231197,-22.159093602999196,-27.894738823423122,0
HK.00498,492,0.07100000232458115,0.07100000232458115,0.0,,0.0,0.0,0.0,0.07100000232458115,0.10293000146746635,0.0,0.0,-41.32231181049417,-54.19354723966086,-48.17517871061226,0
HK.00499,492,0.17000000178813934,0.17000000178813934,0.0,0.0,89845.0,15273.65016065538,2.8819950642273406,0.18837999999523164,0.15854000002145768,-11.917099205675473,-6.077344109150927,47.82608582977989,45.29914845594038,54.54545700845641,0
HK.00500,493,0.06499999761581421,0.06599999964237213,-1.5151545939038447,2.004026915260311,279737.6,18182.943333053587,5.877804434943927,0.06632000081241131,0.06913500048220157,-7.1428609441737585,8.333331781129008,-9.722221647331718,-18.750001164153243,-30.10753110276842,0
HK.00505,492,0.949999988079071,0.949999988079071,0.0,0.0,20021.55,19020.472261324525,0.9945000953284728,0.9269025647640228,0.9267745831608772,-5.722953033472989,8.942371397994501,6.574050899911489,6.574050899911489,0.04911324048143781,0
HK.00506,493,3.740000009536743,3.684999942779541,1.492539148201897,0.6896457858336421,2799637.8,10470645.398699425,2.3006164401425364,3.618000011444092,3.64501639008522,-5.436154698274802,16.149067587149947,6.819472693706559,-8.333984889278147,-15.956529286396234,1
HK.00508,493,0.27000001072883606,0.27000001072883606,0.0,0.37338782804221,1608108.3,434189.2582531303,6.727463852426246,0.31090000212192537,0.44937500074505804,-12.903223015391266,-27.027025067780148,-43.74999650754027,-31.64556876070856,-34.14633827220817,0
HK.00509,492,0.17000000178813934,0.17000000178813934,0.0,,0.0,0.0,0.0,0.17000000178813934,0.17000000178813934,0.0,0.0,0.0,0.0,0.0,0
HK.00510,493,0.41499999165534973,0.42500001192092896,-2.352945878843816,4.794246903715542,13790.0,5722.849884927273,0.5433260520544224,0.48289999544620515,0.5458249989151954,-9.78261214629908,-25.892858948482534,-31.9672160781669,-16.161618655025418,-30.833337472544613,0
HK.00511,493,1.9800000190734863,2.0299999713897705,-2.4630518729541366,0.6414663298492087,698922.9,1383867.3553308963,3.4679827030732238,2.3107999849319456,2.6577499771118163,-12.775328823336032,-14.285711336814039,-28.51985441490101,-36.74121576103665,-41.420119762303734,0
HK.00512,493,4.739999771118164,4.824999809265137,-1.7616588913382452,0.9632742451271877,3956531.15,18753956.745421886,3.1069052219470574,5.047100019454956,6.053106024265289,-5.105107513178176,-7.961171197221419,-31.506736049471424,-37.12669667946354,-41.33830457343467,0
HK.00513,493,0.14499999582767487,0.14499999582767487,0.0,0.7182320441988951,18750.0,2718.7499217689037,0.6451611507695634,0.1345199988782406,0.13998999901115894,3.571425150243618,34.25925191343667,20.83333255723117,10.687022032447905,-9.375000582076622,0
HK.00515,492,0.17299999296665192,0.17299999296665192,0.0,,0.0,0.0,0.0,0.17299999296665192,0.17299999296665192,0.0,0.0,0.0,0.0,-10.362699661079658,0
HK.00517,493,6.800000190734863,6.679999828338623,1.7964126568860321,1.357401659488643,1900097.35,12920662.34241481,2.039052849460406,6.1168577766418455,5.87066912651062,5.263167995573534,31.385457013575497,18.37544315147573,19.694914082009362,30.274539101224207,2
HK.00518,492,0.15000000596046448,0.15000000596046448,0.0,0.0,67807.6,10171.140404164791,1.747582133271016,0.16810000002384184,0.19074999988079072,-1.3157823791214334,-19.35483741751987,-19.35483741751987,-22.680411579277248,-31.192656160755373,0
HK.00519,493,0.12800000607967377,0.12999999523162842,-1.5384532502413988,0.01807501129688206,496500.0,63552.003018558025,3.0787165731176924,0.14177999943494796,0.1694649999588728,-9.859153599380615,-19.49684868545044,-27.27272342428686,-39.622637928699206,-44.82758199878016,0
HK.00520,493,0.21299999952316284,0.21799999475479126,-2.293575849509752,0.9287364653649255,550450.0,117245.84973752499,4.933178821498399,0.24720000058412553,0.45109999753534796,-14.800000190734863,-26.551722188908705,-56.53061318824509,-71.21621665160441,-78.91089093719039,0
HK.00521,493,0.20000000298023224,0.19200000166893005,4.166667313418449,1.088806333677177,1766899.0,353379.80526576936,3.9408093084081206,0.19224000006914138,0.25075999908149244,8.108108325802206,-16.666663562258016,-32.20338580663828,-19.999998807907104,-28.57142781116525,2
HK.00522,493,163.8000030517578,174.5,-6.131803408734778,1.4550963642923271,2170605.15,355545130.19416124,4.358680862706823,163.88514282226564,143.18490882873536,-3.0769212711492235,-10.991840778265248,61.00466712386757,104.2300680478537,110.31680755971465,0
HK.00524,493,1.7999999523162842,1.7799999713897705,1.1235944521335182,0.45223517233928695,135958.05,244724.48351701495,4.609844796469815,1.923099992275238,1.2447249999642371,-14.691941146540314,-31.03448181364016,205.08475124202445,579.2453016917374,429.41174511266024,1
HK.00525,493,2.265000104904175,2.240000009536743,1.1160756812943915,0.48100027090116965,5590639.5,12662799.053981423,2.5635382887390246,2.303399991989136,2.1806372582912443,-7.739300395376681,2.9545479914373054,11.609669573030496,10.059533477560022,-2.9679149901569635,1
HK.00526,493,0.09000000357627869,0.09000000357627869,0.0,0.09019909800901992,908200.0,81738.0032479763,4.672874286005152,0.10422000035643578,0.1071399999782443,-18.181814487315386,-31.818178739429488,-9.999997764825855,4.651163395125501,11.111115199221167,0
HK.00527,493,0.75,0.7749999761581421,-3.225803474481751,1.3840155945419104,2991100.0,2243325.0,5.77557966910745,0.7623999965190887,0.6810999989509583,-9.090907777308086,20.96774100513042,10.294116486933829,24.999995032946465,-6.2500013969838415,0
HK.00528,493,1.190000057220459,1.190000057220459,0.0,2.899628252788104,30800.0,36652.00176239014,1.002843592827238,1.1852999925613403,1.1004776448011397,-0.8333325054910776,12.264162401747923,4.675928532862554,19.629641569247706,11.160275921786377,0
HK.00529,493,1.774999976158142,1.6749999523162842,5.970150847083444,6.190476190476191,5500.0,9762.499868869781,0.0,1.7792000222206115,1.9301167941093444,4.411760374749117,-1.9336998744680038,-4.262768331042528,-17.057142627958385,-7.699489376574253,1
HK.00532,493,0.30000001192092896,0.3100000023841858,-3.225803350434739,0.7221458046767538,301300.0,90390.0035917759,3.2937383880902935,0.30700000286102297,0.3537249983847141,-17.808218059586352,-19.99999682108561,9.090911061310528,-7.692300638503319,-1.6393426604503258,0
HK.00533,491,0.8149999976158142,0.8149999976158142,0.0,0.7068331920788907,153799.9,125346.91813331246,1.4875345601529282,0.870999994277954,0.9380303651094437,-6.8571431296212335,-10.439563282675282,-13.784542553235092,-14.673365862060143,-13.784542553235092,0
HK.00535,493,0.09700000286102295,0.09600000083446503,1.041668768609959,0.3541248781471171,1380544.95,133912.86409977078,6.6170333881198475,0.0968400001525879,0.12832500018179416,-2.999998584389708,-1.0204026552349417,-34.01360344239125,-39.37499685678624,-48.67724596574704,1
HK.00536,493,1.1299999952316284,1.1449999809265137,-1.3100424405900453,0.9199743213006959,301934.4,341185.8705602646,1.1268493654645044,1.1224101662635804,1.0544609555602074,0.6233276332965232,3.2947409852872074,13.272526594160395,18.718325166000223,22.244610005714303,0
HK.00537,65,22.18000030517578,23.899999618530273,-7.196649961537796,0.4795828535795232,1536839.9,34087109.451006316,7.077718232286574,23.92719997406006,,0.543974805705065,,,-22.98610801130157,,0
HK.00538,493,0.800000011920929,0.800000011920929,0.0,0.4746387351990496,444384.9,355507.92529748083,1.6247199057058643,0.8029000079631805,0.8163658079504966,0.0,-2.439022085483674,-3.1224728194103637,2.3200873768252137,-9.836759587698065,0
HK.00540,492,0.19200000166893005,0.19200000166893005,0.0,0.0,1800.0,345.6000030040741,0.0,0.2013599991798401,0.19882999926805497,-12.727271495771793,-3.517587563416047,12.941176264343794,1.0526337253750466,20.000003725290384,0
HK.00542,492,0.8100000023841858,0.8299999833106995,-2.4096363046584477,0.0,74144.0,60056.64017677307,1.0606598173531667,0.8059000003337861,0.9798750022053718,-5.813954777818146,24.615389553047677,-44.13793270709818,-4.705884745376678,-9.999997350904605,0
HK.00543,492,0.22499999403953552,0.22499999403953552,0.0,1.4600316340187371,63187.75,14217.24337337166,0.7097788712679721,0.2516399958729744,0.2754489434510469,-6.250000388051082,-27.41935731965221,-17.752081432307804,-19.057608148288,-28.17787635126438,0
HK.00544,493,1.0499999523162842,1.0449999570846558,0.47846846286744554,0.7333797807194455,28271.0,29684.54865193367,3.681070636004739,0.9190999972820282,1.5022750031948089,16.666664459087173,-32.69230828012472,-38.235298655024735,-44.73684392147119,-47.50000238418579,3
HK.00546,493,4.355000019073486,4.324999809265137,0.693646500147406,0.9505639115028449,6655549.0,28984916.021944523,2.4066304110850925,4.750786724090577,6.289548504352569,-7.438892886461068,-11.190111819728635,-38.37843282898824,-44.31969701652949,-48.812086474092006,2
HK.00547,493,0.2029999941587448,0.20100000500679016,0.9950194537990622,4.334229764472333,384657.0,78085.3687531203,4.371352593887122,0.22047999918460845,0.2698949988931417,-5.140190332391287,-23.396224484149887,-23.396224484149887,-47.948717537246026,-43.61111497437497,2
HK.00548,493,6.545000076293945,6.40500020980835,2.185790193592902,0.639972379281261,995592.35,6516152.006707668,2.46002878764259,6.6213999938964845,6.811793577671051,-3.7500015777699645,0.07645434969545854,-8.035504848084509,-3.9022686045103243,-6.271802390591903,2
HK.00550,493,0.4000000059604645,0.38999998569488525,2.5641078544558447,0.3893320215046207,2881400.0,1152560.0171744823,13.67693252694669,0.8475999939441681,0.7633899987116456,-56.98924700171014,-61.16504688628799,-42.02898444310127,233.33334575096796,198.50745969903215,2
HK.00551,493,12.789999961853027,12.399999618530273,3.145164155811315,0.848717697543741,3573244.5,45701797.01869154,3.1040430511585058,13.022648735046387,14.050249695777893,-3.6545820206242743,3.205687357408399,-7.321442454108302,-11.964081904013824,8.148746139254639,3
HK.00552,493,4.034999847412109,4.059999942779541,-0.6157659044279734,0.35464288256033705,8439832.6,34054723.253183745,1.9571687462289793,4.059900012016296,4.106621276140213,-0.4932177995851575,0.6234318479638697,4.7322482750972705,-7.655445791768138,-6.038909759241312,0
HK.00553,493,2.934999942779541,2.924999952316284,0.3418800214112114,5.00783626809256,1308100.0,3839273.4251499176,2.5187623055887434,3.2116000032424927,4.274459680318833,-9.413582279612747,-9.969326645228985,-41.58041710341937,-39.040434232127126,-39.665021600015606,1
HK.00554,493,0.19599999487400055,0.1979999989271164,-1.010103062602563,0.75,40200.0,7879.199793934822,2.082630199596955,0.1975399997830391,0.20818499974906446,-2.0000040233134624,-2.487567168279773,-3.448275608949183,-24.615383821831625,-27.407412190495993,0
HK.00556,493,0.3149999976158142,0.32499998807907104,-3.076920255401327,0.7464724624487938,1127000.0,355004.9973130226,6.214418189512102,0.4175422239303589,0.4866912330687046,-22.222223039844234,-43.33022684645902,-44.1636072722232,-30.280709028699913,11.895160991511139,0
HK.00557,492,0.5,0.5,0.0,,0.0,0.0,0.0,0.5335000014305115,0.5832249993085861,-1.960782480441495,-15.254233521108176,23.45678976006923,-28.571427355007227,-43.181817873942954,0
HK.00558,493,1.125,1.1549999713897705,-2.5974001846660313,0.2821701325862704,1179602.0,1327052.25,4.417586141852909,1.3343606853485108,2.3496394115686416,-15.377789510457907,-20.07902342654358,-55.21937286896391,-67.30505503813147,-75.96238498619003,0
HK.00559,492,0.12600000202655792,0.12600000202655792,0.0,,0.0,0.0,0.0,0.12600000202655792,0.11885000143200158,0.0,0.0,9.565217165955978,35.4838699340159,-35.71428299905948,0
HK.00560,493,0.5899999737739563,0.6000000238418579,-1.666674945089223,0.9927797833935018,214300.0,126436.99437975883,1.301295322960898,0.594645026922226,0.6645604187250137,0.8403261182937775,-7.692309844315773,-16.008400384381225,-20.371600276664562,-20.371600276664562,0
HK.00563,493,0.23000000417232513,0.22599999606609344,1.7699151220612817,0.502127659574468,930400.0,213992.0038819313,3.015286445998311,0.23048000007867814,0.26957999922335146,-0.8620643144412296,-3.361345011335526,-17.857141716747872,-26.984125106933572,-30.30303180819804,1
HK.00564,493,11.25,10.920000076293945,3.021977302202097,1.4838881830084516,924751.25,10403451.5625,3.2435351839798754,12.695399990081787,16.012568473815918,-13.261374183632377,-17.883210535581416,-36.36303315234542,-41.08251528465936,-47.060386849143235,1
HK.00565,493,3.819999933242798,3.859999895095825,-1.0362684699511977,0.7484133513946049,8878515.35,33915928.044295155,7.697198259045612,3.6376999950408937,2.690324995517731,-12.485678498346308,32.63888130033487,37.410070955256636,174.82014191051326,151.31578823536057,0
HK.00567,493,0.27000001072883606,0.27000001072883606,0.0,0.5363984674329502,260000.0,70200.00278949738,2.544928377489092,0.27579999804496763,0.24525499913841486,-8.47456856590309,-8.47456856590309,-49.0565989992717,190.32258529692848,200.0,0
HK.00568,493,4.074999809265137,3.509999990463257,16.096860978261997,6.903671695443381,25786971.5,105081903.94402552,5.099608352333227,4.543799982070923,5.73895002245903,-19.86234456843565,-14.21053033126028,-60.0098137677072,26.16098406197643,-1.09223489184245,1
HK.00570,493,1.215000033378601,1.2050000429153442,0.8298746976857471,1.2191524426950977,12101009.2,14702726.581914758,2.8004690838442063,1.3359999966621399,1.6822000008821487,-7.251901797748965,-14.436614781801241,-32.872924210551275,-42.68867457706566,-48.9495808842003,3
HK.00571,493,0.03799999877810478,0.039000000804662704,-2.564107707501292,1.1497069915273268,397764.5,15115.05051397346,4.789713553949654,0.042500000223517416,0.046215000059455634,-9.523811213283604,-11.627912819546511,-17.39130716468075,-13.636365945427883,-30.909092756342304,0
HK.00572,493,0.3700000047683716,0.3700000047683716,0.0,10.834173750180089,26752.5,9898.42512756586,0.0,0.3844000005722046,0.4202499996125698,0.0,-1.3333320617675781,-16.853930176305184,-21.27659453046219,-20.430107113391298,0
HK.00573,492,0.2800000011920929,0.25999999046325684,7.6923121009354265,0.4098573248228168,69575.95,19481.266082940994,1.296992438580678,0.263699996471405,0.28744999766349794,7.6923121009354265,7.6923121009354265,-3.4482726727597,-13.84615031925166,-22.22222498169641,1
HK.00574,492,0.017999999225139618,0.017999999225139618,0.0,,0.0,0.0,0.0,0.017999999225139618,0.03426236473955214,0.0,0.0,-53.84615678523883,-61.702127996857435,-66.03773691001506,0
HK.00575,493,0.8799999952316284,0.8199999928474426,7.317073525310204,2.10923911632616,67608.6,59495.56767761708,1.9958191951394095,0.8680999982357025,0.8592249977588654,6.024097942928766,-7.368420392192293,9.999997764825855,-14.563104885891246,17.333332697550453,1
HK.00576,493,5.945000171661377,5.789999961853027,2.6770330022375934,0.7920161814812018,12087463.7,71859973.77145065,1.8361997108122177,6.176800031661987,6.57035343170166,-3.333332041091732,-5.183410051894636,-11.906482262123028,-11.906482262123028,-10.537796360969653,1
HK.00579,493,1.5750000476837158,1.600000023841858,-1.562498486600839,0.9447497847518314,3385446.35,5332078.162680662,1.7686266100920327,1.66900000333786,1.9219538229703903,-5.6886174755826175,-15.322578732768088,-24.138520661712228,-23.478856464525553,-27.273296745554866,0
HK.00580,493,1.1200000047683716,1.215000033378601,-7.818932181101178,5.051546391752577,2815400.0,3153248.0134248734,4.260363653243188,1.3114404964447022,1.8059884238243102,-11.40926098831726,-41.47502695381186,-29.549190875028348,-42.42345503479109,-35.94747514082672,0
HK.00581,493,0.9549999833106995,0.9549999833106995,0.0,0.7764970388654456,3369827.7,3218185.397259933,4.284188445194122,1.0867999947071076,1.1929661992192269,-15.486726784017135,-4.500001668930054,-20.368835548662002,-23.362497110950226,-20.368835548662002,0
HK.00582,493,0.05299999937415123,0.0560000017285347,-5.357146896041653,5.614925112604525,347078.7,18395.17088278122,6.1198278815266365,0.06750000081956387,0.08922000048682094,-17.187504911271155,29.268287585861124,-52.67857344802083,-55.08474656534551,-53.50877250312255,0
HK.00583,493,0.17399999499320984,0.1720000058412552,1.1627843511822382,0.06535947712418301,92100.0,16025.399538874626,1.7893134746434196,0.18863999962806702,0.21544499911367893,-3.3333399560713786,-13.000003799796048,-23.684212762177925,-28.688527443449942,-20.909092756342307,1
HK.00585,493,4.550000190734863,4.474999904632568,1.6759840826958188,0.3666654774373052,201390.55,916327.040912199,8.902500934731783,4.686899995803833,3.0206249973177908,-1.3015171592587447,-22.750419458842437,378.9473945084044,468.7500153668222,405.5555901409677,2
HK.00586,493,7.465000152587891,7.34499979019165,1.6337694462086445,1.6509695918897236,3459238.8,25823218.16983795,2.4115002842103337,8.073199987411499,9.922981178760528,-5.326570248603596,-26.885405242929615,-34.777632841406046,-20.034660140001304,-27.7916882796291,1
HK.00587,493,0.23899999260902405,0.2329999953508377,2.5751061707756246,0.3788862653566118,701572.7,167675.87011469304,4.493918587638179,0.2613599982857704,0.4146899985522032,-14.642860145897268,-25.312500640284284,-53.13725547486203,-57.32143007294863,-62.656250320142135,1
HK.00588,493,0.675000011920929,0.6850000023841858,-1.4598526172921515,0.7171572478166444,4283700.0,2891497.5510656834,2.5342153057115118,0.6934999966621399,0.7511249974370002,-4.255315191482674,0.7462679264300778,-9.999998410542805,-11.184207843281193,-23.295452775171956,0
HK.00590,493,21.760000228881836,21.959999084472656,-0.910741639020533,0.8243877954781571,1413103.15,30749124.86743364,2.724427464975659,22.547659873962402,23.672872610092163,0.18416628357234469,-0.7327853692475343,-3.1084103988387795,-4.656720529158428,-5.004392352394061,0
HK.00591,493,0.23600000143051147,0.23800000548362732,-0.84033781808187,0.18664268045873622,428700.0,101173.20061326027,3.0027012419129995,0.24921999782323837,0.2647099988907576,-9.230765351176826,-7.450978100551869,2.164500042187702,-27.38461228094146,-38.701296811321725,0
HK.00595,493,1.0800000429153442,1.1200000047683716,-3.571425150243618,1.0812553110440413,704940.0,761335.2302527428,3.065626677109887,1.2208879280090332,0.8947759714722633,-15.6249947613104,-12.233992775821651,133.42025050231476,167.57931197180577,184.95457912711814,0
HK.00596,493,1.7699999809265137,1.815000057220459,-2.4793429683335475,0.7533989878840603,1555079.55,2752490.7738392116,4.474400971838586,2.0952999997138977,3.1702213889360427,-16.90141381090475,-32.69962342557624,-40.77676470677394,-74.28019610735615,-80.30212062324948,0
HK.00598,493,4.480000019073486,4.465000152587891,0.3359432468754085,1.4351698565958455,3856161.0,17275601.353550434,2.7380083513440194,4.519948873519898,4.558035790920258,-4.984095989592309,13.884780528929417,-0.9198556578004077,0.11221444242816239,-4.08409551937717,1
HK.00599,492,0.12399999797344208,0.11400000005960464,8.771927990007857,1.7537942664418213,129000.0,15995.999738574028,1.5206699483420283,0.12438000112771988,0.1465700002014637,3.3333339542150635,-1.5873047785303125,-16.216218665274816,-32.972974932219856,-27.485382919749146,1
HK.00600,162,22.139999389648438,20.719999313354492,6.853282448608597,0.9488110428375526,1595942.65,35334169.29691391,8.491243079277947,17.408000030517577,,27.387804710756274,63.75738639072939,16.526312577097038,-21.489365990567958,,1
HK.00601,492,0.06400000303983688,0.06400000303983688,0.0,,0.0,0.0,0.0,0.06400000303983688,0.06400000303983688,0.0,0.0,0.0,0.0,0.0,0
HK.00602,493,0.04500000178813934,0.04500000178813934,0.0,0.23255813953488372,21750.0,978.7500388920307,1.6267655511158368,0.04548000104725361,0.046005000192672015,-6.249997089616979,-6.249997089616979,12.500006984919466,-6.249997089616979,-6.249997089616979,0
HK.00603,493,0.11999999731779099,0.11800000071525574,1.694912364756178,1.744025002743821,1192744.0,143129.2768008113,3.093728275492451,0.12159999966621399,0.15756999988108875,-1.639347566099932,-7.692306369719372,-43.6619729641166,-25.0,-20.529799461939767,1
HK.00604,493,0.6150000095367432,0.625,-1.5999984741210938,0.75561060001957,4900010.95,3013506.780980146,2.97964304191789,0.6571000015735626,0.7513249972462654,-3.9062463620211116,-5.384610446952323,-12.142854284266988,-24.074073120181726,-28.488372173613634,0
HK.00605,493,0.7250000238418579,0.7300000190734863,-0.6849308357518121,0.25664057487488773,39200.0,28420.00093460083,2.208947338863898,0.797800006866455,0.8207999995350838,-10.493824480510568,-8.227847575988564,-7.051275585294708,-11.585362174906633,-36.40350588250795,0
HK.00606,493,0.23999999463558197,0.25,-4.000002145767212,1.9470404984423677,61700.0,14807.999669015408,2.913718150547293,0.247219997048378,0.27482499986886977,-7.692306369719372,-1.234570399524046,-20.000004967053535,-11.111116630059483,-12.72727656955553,0
HK.00607,491,0.25999999046325684,0.25999999046325684,0.0,0.1668325513057491,248332.5,64566.44763171673,6.699001572336602,0.32914000064134596,0.8594999976456166,-16.129035979478314,-38.823533371657945,-81.29496452237169,73.33332008785725,-23.529415373983642,0
HK.00608,493,1.034999966621399,1.024999976158142,0.9756088483765962,0.6593406593406593,18600.0,19250.99937915802,1.3168953005842465,1.0738386607170105,1.2102890130877495,-3.7209376081893564,-11.744194438655967,-8.998454729917333,-33.817059877272555,-31.319586981348596,1
HK.00609,493,1.0850000381469727,1.024999976158142,5.853664720434438,0.1095890410958904,72800.0,78988.00277709961,0.28946243205614935,1.052379117012024,1.2458217546343804,4.326930571590225,5.10024236829704,-16.861010903038217,-24.21343347125946,-23.16810473997765,1
HK.00610,492,0.8999999761581421,0.8999999761581421,0.0,0.0,147200.0,132479.99649047852,0.19051647173004796,0.91700000166893,0.8945000013709068,-1.0989065691980104,4.6511582776364895,-1.0989065691980104,-2.1739174096029172,16.8831166820555,0
HK.00611,493,0.4300000071525574,0.4300000071525574,0.0,0.1031592520954223,298700.0,128441.00213646889,2.6231197194793574,0.4537000012397766,0.4873249985277653,-2.272725117600642,-8.510636544000942,-15.68627153071743,-18.867918799126038,-12.244898207432918,0
HK.00613,493,5.074999809265137,5.074999809265137,0.0,0.5253971966820807,557970.0,2831697.6435756683,5.641116032634472,5.192200002670288,2.8705500042438508,17.205540385354908,30.798960298391904,267.7536106377533,181.94444131704014,156.3131192109742,0
HK.00616,493,0.0989999994635582,0.0949999988079071,4.210527058783669,0.4949814692252267,15006895.9,1485682.6860496737,12.949811861492428,0.10502000078558922,0.2194599998369813,-17.499998603016106,-36.94267760759872,-60.080644725187135,-73.24324373305497,-50.500001005828366,3
HK.00617,493,0.18400000035762787,0.1850000023841858,-0.5405416290110301,0.9945786023967456,299922.5,55185.740107260644,2.040892499717172,0.18668000042438507,0.20283500000834465,-5.154641788385083,11.51514730068185,5.142859137788145,-26.399999856948853,-40.64516163145218,0
HK.00618,493,0.2849999964237213,0.2849999964237213,0.0,0.420201171310765,381970.0,108861.44863396883,4.883143447357323,0.31439999878406527,0.28878500051796435,-8.064517989739157,-21.917811239116848,-3.389827426361236,38.34951266692737,67.6470549564461,0
HK.00619,493,0.29499998688697815,0.33500000834465027,-11.940304615312076,1.904157410345922,12078.5,3563.1573416143656,1.7722364920441733,0.2920999979972839,0.3315500000119209,1.72413633637985,-4.838714639304418,0.0,-24.35897494679139,0.0,0
HK.00620,493,0.23499999940395355,0.23999999463558197,-2.083331393077926,1.2278876170655566,81600.0,19175.99995136261,3.404023830798686,0.27266000032424925,0.3504349984228611,-4.081634763179803,-38.961037603874644,-9.615381529345202,-62.69841251069336,-79.74137877879328,0
HK.00621,493,0.44999998807907104,0.4399999976158142,2.272725117600642,0.12321677938720188,2119760.0,953891.9747304916,5.432783733900529,0.5050000011920929,0.5175750012695789,-14.285712663819117,-16.666672185615038,3.448272554637248,-11.76470656983444,-13.461537579812916,1
HK.00622,493,3.055000066757202,3.0999999046325684,-1.4516077180557163,0.8006914778911169,31711635.8,96879049.48598008,5.462788139792022,2.856700005531311,1.9747249963879585,9.892089863222347,42.7570054672497,64.24731415384062,307.3333422342936,499.0196321341502,0
HK.00623,492,1.8300000429153442,1.8300000429153442,0.0,0.3548795944233207,68850.0,125995.50295472145,1.4760968030795427,1.8811113381385802,1.749733523130417,-5.994296517524806,4.7213931169581205,16.674036466448282,9.494093968405586,-8.754917354212603,0
HK.00625,27,35.880001068115234,32.939998626708984,8.925326545163806,2.0160430963745566,2421897.75,86897693.85686588,6.69133453460786,,,-12.230919445596102,,,-26.020616354401575,,1
HK.00626,493,2.1549999713897705,2.1549999713897705,0.0,0.5423038221078504,3032744.0,6535563.233232498,0.9315679959781682,1.7817999815940857,1.5091270977258682,-2.0454579690270434,58.42282900531747,47.86131139093486,62.723383525155874,83.55197172575986,0
HK.00627,493,1.25,1.1699999570846558,6.837610756387045,11.696237432539816,429487.9,536859.875,8.602763665440403,0.6214000076055527,0.5601500023901462,125.22522232263726,108.33332505491077,177.7777851363761,131.48147228323418,73.61110421242564,7
HK.00628,493,0.25999999046325684,0.26499998569488525,-1.8867907552966041,1.5045646870919882,9611700.4,2499042.012335682,9.8801268492833,0.3091799995303154,0.3024299991130829,-13.333339956071377,8.333331781129008,8.78661025257282,34.71501838594794,8.333331781129008,0
HK.00629,493,0.27000001072883606,0.27000001072883606,0.0,0.016597510373443983,60300.0,16281.000646948814,2.910124861445592,0.2743800011277199,0.2834990607202053,0.0,8.000004291534424,-8.290149303771404,-11.248528106552351,-8.290149303771404,0
HK.00630,493,0.164000004529953,0.18000000715255737,-8.888889992678562,0.9086163260181459,126563.2,20756.36537332535,6.708136964744884,0.15777999952435492,0.22134999997913837,12.328771876895178,-24.074073946320638,-38.1132024970074,-34.3999981880188,-56.2666654586792,0
HK.00631,493,7.849999904632568,8.5649995803833,-8.347924235610234,1.1398688800067167,8502285.2,66742938.009158894,4.997829470357318,8.481799993515015,9.645471851825715,-22.888018965565053,13.275614705383093,-28.124225582095942,-5.216924549239502,8.862252704637271,0
HK.00632,493,0.13899999856948853,0.11100000143051147,25.225222322637254,7.365258706082672,5896878.75,819666.1378144473,10.515772290975438,0.17734000012278556,0.2461949994787574,-26.06382801649844,-42.798354666522435,-64.81012790024687,-27.604168041014205,-66.09756102879652,1
HK.00635,493,0.5,0.5,0.0,3.0132984856637712,149690.0,74845.0,0.1960782480441495,0.4817663496732712,0.47123518273234366,0.0,10.720748010424524,2.970308697046189,9.148514624749806,4.950500871490182,0
HK.00636,493,5.84499979019165,5.835000038146973,0.17137535525798156,0.37769740026757287,1109330.8,6484038.293253136,2.4397747857604424,5.796059894561767,6.197068099975586,-3.786008663287651,3.0939835974479015,-6.908012576150774,-15.159922833224682,-17.889372521387166,1
HK.00637,493,0.16599999368190765,0.17399999499320984,-4.597702035344528,0.1214574898785425,91800.0,15238.799419999123,2.8856142423407194,0.17357999920845033,0.18191500045359135,-6.214693403559054,-10.270274841846327,-7.77778495241066,9.210525670829222,-15.306123457492193,0
HK.00639,493,2.7249999046325684,2.7799999713897705,-1.9784196878860634,0.41722733340491003,20388130.5,55557653.66813636,3.0113792533977,2.701550931930542,2.692123656272888,-8.946121525116164,30.07695148522683,0.7318507595202336,-2.6484079093646797,6.607584277470709,0
HK.00640,493,2.3450000286102295,2.3499999046325684,-0.21276069043588397,0.010222335803731152,780700.0,1830741.5223360062,0.5155162972820306,2.3503999948501586,2.4437674510478975,2.401749680061002,-3.89344370419603,-4.384484371020331,-0.7192864126444372,4.658404424925566,0
HK.00641,493,0.4000000059604645,0.38999998569488525,2.5641078544558447,0.2247191011235955,36000.0,14400.000214576721,1.9128179042341213,0.3710000038146973,0.3483750012516975,8.108108325802206,5.263160784158717,42.857144377669506,35.59322838672344,21.21211820178574,1
HK.00643,492,0.14100000262260437,0.14000000059604645,0.714287158786028,0.0,354600.0,49998.60092997551,3.4186754125613685,0.18399999916553497,0.22066999927163125,-21.229051069940805,-22.09944360214919,-40.25423653901086,-32.53588595207687,-77.96874909778123,1
HK.00645,492,0.1809999942779541,0.1809999942779541,0.0,0.0,15450.0,2796.449911594391,0.30386720545754636,0.1821800008416176,0.16808000076562166,0.5555483809226732,0.5555483809226732,2.259883153008237,38.167937455161436,45.96773970651201,0
HK.00646,493,0.22499999403953552,0.23800000548362732,-5.462189556540201,6.9030712071580895,853100.0,191947.49491512775,7.4355532689762835,0.1939199984073639,0.15108999978750945,-26.229511880964253,104.54545023520127,47.05882238360927,37.19511452723251,33.92856968630128,0
HK.00648,493,0.4300000071525574,0.4650000035762787,-7.526880893449264,1.4062061542417337,612716.1,263467.92738248705,9.725165153670241,0.5522999966144562,4.122074998021126,-18.867918799126038,-56.56565626158226,-91.36546173683435,-87.71428550992694,-94.34210509804807,0
HK.00650,493,0.1940000057220459,0.1899999976158142,2.1052674507500932,0.7472016709076735,1364440.0,264701.3678073883,6.799096001465784,0.19987999886274338,0.3026749999076128,2.645508068505922,-31.92982169949994,-23.92156496088299,4.30107587182406,-34.23728327270329,1
HK.00653,493,1.6799999475479126,1.6749999523162842,0.29850718650553654,2.174277757272758,246800.3,414624.49105480907,12.429729890230394,1.5257999920845031,2.083499994724989,-29.11392284090337,33.3333301796484,-12.500000776102164,-50.87719561198283,-30.000004967053535,1
HK.00655,493,0.3799999952316284,0.3700000047683716,2.7027000903735274,11.93090379014373,392032.35,148972.29113064407,2.4551889965125215,0.4292999982833862,0.3624299982190132,-10.588238924019787,-7.317073525310204,51.99999809265137,26.66666004392862,18.750001164153243,2
HK.00656,493,4.554999828338623,4.860000133514404,-6.275726271538738,0.9602796793237237,4081645.5,18591894.551839113,2.5504174392325822,5.042399988174439,4.323900009393692,-11.381323994993767,16.794864537291293,12.747521568029438,3.7585413865881887,-15.018662035890001,0
HK.00657,493,0.03999999910593033,0.04100000113248825,-2.439029265698055,0.011148272017837236,137400.0,5495.999877154827,3.222205486663458,0.03232000034302473,0.03180000016465783,5.263158926673246,33.33333333333333,48.14814099395572,59.99999403953561,29.03225728922157,0
HK.00658,493,1.0299999713897705,1.0399999618530273,-0.9615375798129149,0.3230801538784619,131648.7,135598.1572335005,4.142853564903364,1.098099982738495,1.6079750043153762,-2.830186132944906,-13.445384717409887,-30.405408235428677,-37.57575840770488,-40.80459966985878,0
HK.00659,493,8.744999885559082,8.699999809265137,0.5172422675920304,1.4447308364764053,2622683.75,22935369.093607664,1.6361095349166386,8.052799959182739,8.118231225013734,8.971966370768152,13.571429898433681,11.118170428509991,20.86052755404246,23.273222527476957,2
HK.00660,492,0.4300000071525574,0.4300000071525574,0.0,0.0,78155.0,33606.65055900812,2.901192694387189,0.43270000219345095,0.43281499899923803,1.1764694332664312,-5.49450664614695,68.62745693856515,128.72341589158168,159.03615874620547,0
HK.00661,493,0.12800000607967377,0.13199999928474426,-3.030297899049148,0.550051583403538,18356785.0,2349668.591603264,6.108951379935188,0.1353200002014637,0.12846500013023615,-26.01155417136491,42.2222233260119,21.904771500974853,16.363642521141024,52.38096167305982,0
HK.00662,493,4.550000190734863,4.525000095367432,0.5524882837687902,0.7936507936507936,13100.0,59605.00249862671,0.4129175876557577,4.609296855926513,4.550032584667206,-1.2754469123519785,-0.20930645041191978,5.248214058615563,-0.45273878431650344,12.429853894854865,1
HK.00664,130,11.199999809265137,10.9399995803833,2.376601817682395,1.0656934306569343,7020.0,78623.99866104126,3.4973966391031333,12.994599876403809,,-10.112361356535123,-24.426450473027618,,-63.278689149950374,,1
HK.00666,493,8.414999961853027,8.270000457763672,1.7533191785162903,1.3088748630763576,2132579.45,17945655.990398552,4.018899567274957,9.884599971771241,13.075699992179871,-15.342049123823678,-31.30612276038345,-47.40625023841858,-35.958906073170624,-35.36866615979831,1
HK.00667,493,3.5350000858306885,3.5850000381469727,-1.3946987945397158,2.034448624625808,2544435.6,8994580.06439066,3.347293958307059,4.037900018692016,4.8186072778701785,-11.292341809567747,-17.599064865637516,-25.87857953930221,-43.85743133766085,-45.55872342103623,0
HK.00669,493,127.9000015258789,131.39999389648438,-2.6636168441246113,0.7830063575333334,5100967.8,652413789.4034592,2.435466270609993,133.7039761352539,117.19111530303955,-2.8853420732095167,2.562824215779424,27.653940063803713,41.240024419436,36.022519353710614,0
HK.00670,493,2.4100000858306885,2.4549999237060547,-1.8329873431293104,1.5840722658097222,9831138.0,23693043.423813343,3.476765227874175,2.791200008392334,3.9328500199317933,-12.043792794068215,-24.687498440034712,-33.2409929123636,-54.69924796866928,-21.753242028304314,0
HK.00672,493,0.07100000232458115,0.07000000029802322,1.428574317572056,1.5312767023188663,712080.0,50557.68165528774,8.763001555755032,0.07824000000953674,0.09674499977380037,-8.974357872202104,-14.457825268797658,-26.804123473783175,-34.8623816212081,-49.28571284121397,1
HK.00673,492,0.3050000071525574,0.30000001192092896,1.6666650109821552,0.7379393044922055,27723.0,8455.515198290348,2.4322250629678797,0.3364000004529953,0.5195249973237515,-6.153840510802654,-26.50602089509087,-41.346150319251656,-61.8749996740371,-30.681816180629166,1
HK.00674,493,0.04899999871850014,0.04600000008940697,6.5217361375267044,2.9411764705882355,30480.0,1493.5199609398842,2.317441188815348,0.048280000239610675,0.06692500025033951,-7.547171137518811,-31.944443294663436,-43.023259239044506,-40.243905652391895,-37.17949011857217,2
HK.00675,492,0.3700000047683716,0.3700000047683716,0.0,0.0,19300.0,7141.0000920295715,1.18508541479866,0.36290000557899477,0.3733679494261742,2.7777750183035925,1.3698616715036243,1.2987057492221545,-4.878049901722473,-2.50000058899859,0
HK.00676,493,1.0,1.0,0.0,10.0,600.0,600.0,0.0,1.0006725192070007,0.9945975172519684,-0.009798043490439756,-0.9900980750178164,0.9901019898411658,0.9901019898411658,2.010201983314977,0
HK.00677,493,0.35499998927116394,0.35499998927116394,0.0,1.3683071930773392,383700.0,136213.4958833456,2.514836322333476,0.35873667180538177,0.3423225073516369,-11.250004004687012,8.012160434898675,3.4482689743592636,6.446774079539405,6.805001761878332,0
HK.00679,493,3.7049999237060547,4.065000057220459,-8.856091720711143,1.1873397267010926,724675.0,2684920.819711685,7.9773277644899805,4.841938409805298,5.52310924321413,-37.265020808451794,-42.76639768412291,170.15957167078037,292.4423036189092,288.35436423322335,0
HK.00681,493,0.028999999165534973,0.028999999165534973,0.0,1.1366329335568384,2432834.1,70552.18686988503,3.932593939178698,0.02887999974191189,0.03131000010296702,-9.375006912159405,0.0,7.407401530749339,-17.142859879805105,-3.3333339542150635,0
HK.00682,492,0.21400000154972076,0.21400000154972076,0.0,0.0,17755.0,3799.570027515292,0.18757509310001497,0.21780000180006026,0.24937499955296516,-0.9259277783507519,-9.322033791287264,-5.726870771877531,-26.206893893966416,-34.153843261786356,0
HK.00683,493,17.489999771118164,17.6299991607666,-0.7940975400610849,0.8604407682340011,1004015.05,17560222.99469919,1.9976244865367185,18.25194076538086,20.068697652816773,-3.407891381296678,-3.041415977711509,-14.278186250795422,-8.747733445531988,-10.325586935449422,0
HK.00684,492,0.44999998807907104,0.44999998807907104,0.0,0.0,94600.0,42569.99887228012,4.30809677795498,0.41959999859333036,0.4905499964952469,12.499995343387196,5.882347166332156,-15.09433728853283,-15.09433728853283,-21.052632679679512,0
HK.00685,492,0.18000000715255737,0.18000000715255737,0.0,3.5714285714285716,1650.0,297.00001180171967,0.5210212460723695,0.18486000180244447,0.2019549998641014,-5.2631529414422,-4.255312065993758,-14.285708203607486,-23.404252081232507,-13.461536808303157,0
HK.00686,492,0.5699999928474426,0.5649999976158142,0.8849549119871483,0.057015590200445436,280025.0,159614.24799710512,4.3358869296748095,0.6868000018596649,0.9083252748847008,-14.925376321032388,-28.75000195577738,-43.41692997708161,-45.87706373480692,-51.3739250082501,2
HK.00687,492,0.33500000834465027,0.3400000035762787,-1.4705868173635692,5.217391304347826,37700.0,12629.500314593315,1.758685620525699,0.3268833315372467,0.29708381086587904,-1.4705868173635692,16.01732178107559,14.204552785824687,21.126025543851544,17.56349687117473,0
HK.00688,493,13.550000190734863,13.0600004196167,3.7519123688706983,2.132923027184566,28465011.45,385700910.57677007,3.343316879007465,12.949986667633057,13.0696515417099,6.574936633908298,7.153695610366789,20.64238937771315,12.818517342460323,1.0109839328878145,4
HK.00689,493,0.13699999451637268,0.13600000739097595,0.7352846110676616,0.9519359600948446,330147.25,45230.17143959552,4.456535037875415,0.14746000051498412,0.19715303488075733,-2.836885128958451,-27.894738823423122,-30.808083202665955,-35.37736031408837,-14.37500151339922,1
HK.00690,493,0.07000000029802322,0.07000000029802322,0.0,0.037093161432632686,2086823.25,146077.6281219218,5.838510295693914,0.06747999988496303,0.09070714918896555,2.941171314477376,-18.604653580502003,-35.82109963677518,-36.9372549501307,-51.327409192589315,0
HK.00691,492,0.25999999046325684,0.25999999046325684,0.0,0.0,16900.0,4393.9998388290405,3.682803554901131,0.26205999493598936,0.3983349970728159,0.0,-7.1428609441737585,-43.478263968105296,-55.93220304737348,-73.46938924459751,0
HK.00693,492,1.559999942779541,1.559999942779541,0.0,0.0,25095.0,39148.19856405258,0.12810764971899752,1.5616653513908387,1.6137684959173202,1.6286629773138117,-1.5275085328546698,6.026444248894807,-16.57818153931419,4.01328002142862,0
HK.00694,493,1.3799999952316284,1.399999976158142,-1.4285700905079517,0.9990749052336717,7186272.4,9917055.877733184,3.170194680317014,1.571899995803833,1.9402749991416932,-10.389608479527276,-12.101914068328181,-23.333331567269738,-50.0,-50.18050524426199,0
HK.00695,493,7.505000114440918,7.519999980926514,-0.199466310154799,0.5601244721049122,438300.0,3289441.5501594543,4.099515667968716,8.005900039672852,8.018624997138977,-4.758883179617898,-8.587087946776377,11.185186880606192,-9.578313952105558,61.051509875236476,0
HK.00696,493,8.819999694824219,8.885000228881836,-0.7315760538342428,1.217767150938415,2879599.0,25398062.301216125,1.9702116396008666,8.658899993896485,9.286054565906525,0.3984046445079865,4.750589250663438,-2.392813717294362,-12.200235456980874,-10.661399726684028,0
HK.00697,493,1.2699999809265137,1.2999999523162842,-2.307690191550995,0.9891340120151054,14133619.85,17949696.939922594,3.099678699465646,1.4596968483924866,1.6931904739141463,-6.7764443985530205,-15.611350304641041,-19.710759132925528,-39.59891783538502,-44.52159201592416,0
HK.00698,493,2.5,2.569999933242798,-2.723732881754308,0.6261811140564815,59212.3,148030.75,4.853798585896508,2.319599986076355,2.8358999991416933,-3.1007723283626447,39.66480744569251,-12.891982589295653,-37.027708262380784,-47.91666873627231,0
HK.00700,493,411.3999938964844,420.6000061035156,-2.1873542733061675,1.5538873128547925,20067768.4,8255879797.276061,2.2227984615659064,445.35199951171876,492.0799310302734,-5.207374678229407,-14.076857897838515,-13.581147949891667,-33.195316044773676,-35.373726519037454,0
HK.00701,492,0.09300000220537186,0.09300000220537186,0.0,0.0,59248.5,5510.110630664974,0.16245942078069425,0.09420000031590461,0.13930999968200922,1.0869587224068356,-5.102036084075091,-47.15908936971475,-52.791876310375606,-55.07246319431221,0
HK.00702,492,0.03400000184774399,0.03400000184774399,0.0,,0.0,0.0,0.0,0.03400000184774399,0.03400000184774399,0.0,0.0,0.0,0.0,0.0,0
HK.00703,492,0.09700000286102295,0.09700000286102295,0.0,0.0,60869.35,5904.327124148607,1.8824187651321482,0.10050000011920929,0.11492499958723784,-3.9603965508681735,-18.487394431849417,-13.392857261648283,-26.515148949524576,-41.21212181418831,0
HK.00704,492,0.13300000131130219,0.13300000131130219,0.0,,0.0,0.0,0.0,0.13300000131130219,0.1339100005477667,0.0,0.0,0.0,32.99999932944775,133.33333551186567,0
HK.00707,492,0.05999999865889549,0.05999999865889549,0.0,,0.0,0.0,0.0,0.05999999865889549,0.05999999865889549,0.0,0.0,0.0,0.0,0.0,0
HK.00708,492,0.17000000178813934,0.17000000178813934,0.0,,0.0,0.0,0.0,0.17000000178813934,0.17000000178813934,0.0,0.0,0.0,0.0,0.0,0
HK.00709,493,1.3049999475479126,1.2949999570846558,0.7722000613628688,0.5050404609676231,638733.65,833547.3797470868,0.889927436839327,1.323420021533966,1.340261285305023,-1.731936741521958,-1.378450710049411,-1.3037092386882234,0.7814216811190091,-5.225412647972569,1
HK.00710,493,3.7049999237060547,3.7799999713897705,-1.9841282606185044,0.9424965675956787,1430910.9,5301524.775330162,3.5071816612891564,3.983900046348572,4.2881757152080535,-9.413208178934477,-10.290561233855945,-2.9368846928693864,-28.820380922525185,-30.493681547111866,0
HK.00711,493,0.4399999976158142,0.4399999976158142,0.0,0.6441683057450922,302358.75,133037.84927912056,1.6643539415503659,0.4328228932619095,0.42196977078914644,2.3255791388182447,6.642890797786727,5.40285709533044,5.40285709533044,7.4774226762696845,0
HK.00712,493,0.0560000017285347,0.054999999701976776,1.8181855126846134,1.6454134101192925,195325.0,10938.20033762604,3.2996787724406307,0.060939999893307686,0.08585999999195337,-6.666661699612825,-8.196719509400037,-41.05262901974513,-45.63106634590109,-61.111108236658595,1
HK.00713,492,0.3100000023841858,0.3050000071525574,1.6393426604503258,2.84375,73100.0,22661.00017428398,1.0111951117517695,0.333000003695488,0.37784999936819075,-3.124997089616889,-13.888891648363074,-16.216216651604412,-22.500000558793538,-36.082475620472046,1
HK.00716,493,0.3799999952316284,0.3799999952316284,0.0,0.6630943854970959,1748960.75,664605.0766603053,3.0253060803930225,0.4152162712812424,0.520715334713459,-10.514783989363972,-11.520238087307561,-34.69350669066266,-41.22415361328988,-37.66198336901158,0
HK.00717,493,0.05700000002980232,0.05700000002980232,0.0,2.9642715187916795,3866550.0,220393.35011523217,4.163222146878449,0.06450000010430813,0.07984000017866492,-14.925375209005463,-8.064514578443138,-32.94117714088268,-38.70967884072814,-48.64864928358977,0
HK.00718,492,0.03200000151991844,0.03200000151991844,0.0,5.258620689655173,73250.0,2344.000111334026,1.5826623888709959,0.030400000251829623,0.0319000003952533,0.0,-3.030297899049148,-5.882353585690328,0.0,-46.66666294137629,0
HK.00719,493,5.664999961853027,5.804999828338623,-2.4117118109487237,0.21842911660124295,2390635.0,13542947.183804512,4.090685240109103,5.809199991226197,6.157199764251709,0.08834124692077763,-4.3491072737606045,-10.235321282670542,-13.174037936952992,-18.509714810622548,0
HK.00720,493,0.25,0.25,0.0,0.195852534562212,4378750.0,1094687.5,1.9037403500536347,0.2724999988079071,0.30456000193953514,-9.090911061310528,-26.470589008710782,-36.70886247858288,66.66666004392862,33.68983497004388,0
HK.00722,492,0.4050000011920929,0.4050000011920929,0.0,0.0,26928.65,10906.103282101452,2.596150911355413,0.4271999979019165,0.45165272802114487,-3.5714252769540553,-9.999997350904605,-11.956523077136378,-13.117036740384759,-9.536177986572696,0
HK.00723,493,0.2160000056028366,0.21199999749660492,1.8867962988045544,1.3563634093875483,974602.0,210514.03746053576,3.1565757197516877,0.23757999777793884,0.24555999882519244,-15.294113865910584,8.000001192092878,1.8867962988045544,-26.779655862970735,-12.903222123802454,1
HK.00725,493,0.949999988079071,0.9399999976158142,1.0638287753851585,0.1864801864801865,21450.0,20377.499744296074,1.158620417391308,0.9667647063732148,0.8894029781222343,-4.522614720969393,-7.714278699913183,30.77921853075143,25.874996544793298,27.4683445599429,1
HK.00726,492,0.03400000184774399,0.03400000184774399,0.0,0.0,158900.0,5402.60029360652,2.7419444445859513,0.03743999987840652,0.03855000015348196,-2.85713799145759,0.0,-5.5555463573075095,3.0303091878076893,-27.65956805970864,0
HK.00727,493,0.4099999964237213,0.4099999964237213,0.0,9.090909090909092,7000.0,2869.999974966049,0.17725485561663076,0.48889999866485595,0.637671090066433,-8.88888726999726,-26.78571523604344,-31.66666997803569,-45.33333381017049,-68.70228898225838,0
HK.00728,493,4.525000095367432,4.525000095367432,0.0,0.6571590336207059,41820497.25,189237754.0445634,1.7974587768809571,4.529191856384277,4.709929189682007,-0.5494526224051414,3.806257026898184,0.367365885909275,-12.29322909388279,-10.991455863046188,0
HK.00730,493,5.989999771118164,6.0,-0.1666704813639323,0.2364465461915217,18564.0,111198.3557510376,2.7885536699945805,5.985799951553345,6.106084613800049,2.39316014987848,-6.406254970934168,-3.1869091922472705,-1.637898890292925,-5.421058619121285,0
HK.00731,493,0.26499998569488525,0.2750000059604645,-3.6363709268489552,5.735528412108338,115150.0,30514.748352766037,1.9299194250004745,0.2920000010728836,0.2982250002026558,-8.620691958562439,-31.16883317944497,-1.8518610500991368,23.25580524972752,45.60439070092198,0
HK.00732,493,0.8299999833106995,0.8299999833106995,0.0,0.3436254980079681,1158900.0,961886.9806587696,2.0139979550170817,0.8221999979019166,0.9244772556424141,0.6060600368335035,-6.741573409952315,-6.502816781875051,-19.488535471997107,-22.4504919865278,0
HK.00733,492,0.1899999976158142,0.1899999976158142,0.0,0.0,5700.0,1082.999986410141,0.27382759365537623,0.2018599995970726,0.23786000065505505,0.0,-0.5235612714294887,-22.76423074483816,-25.490195620110374,-46.478872293518805,0
HK.00736,493,0.2280000001192093,0.21899999678134918,4.109590625631726,1.784699240599456,619795.2,141313.30567388533,15.276392864896568,0.18923999965190888,0.38270499885082243,20.634923513283912,-2.978723107446313,-53.93939435901647,-66.95652160767722,-64.37499918509273,1
HK.00737,493,1.9199999570846558,1.9149999618530273,0.2610963619440614,0.8767739258274204,167490.85,321582.42481207254,1.6195839288372247,1.842123041152954,1.769926317334175,2.497955911844053,13.38182962448285,9.269540307632104,13.38182962448285,13.994703598413402,3
HK.00738,493,0.30000001192092896,0.28999999165534973,3.448282949422888,0.7060121345835632,91400.0,27420.001089572906,2.3038338767336226,0.3292999994754791,0.2977250006794929,-15.492951834492505,3.448282949422888,-16.666666666666664,26.050422272602336,22.950823176166594,1
HK.00743,493,1.590000033378601,2.069999933242798,-23.188401707445653,,10975.0,17450.250366330147,0.07861627557648375,2.060399935245514,2.04838997900486,-23.188401707445653,-23.188401707445653,-21.905696318669616,-21.905696318669616,-21.905696318669616,0
HK.00745,493,5.204999923706055,5.074999809265137,2.5615787059456476,1.5601115941088692,198209.25,1031679.1311278343,5.3756254628887445,5.149699974060058,2.918874998986721,5.257831001395605,23.928575240025076,654.3478176363925,622.9166273441595,782.203416114086,1
HK.00746,493,4.445000171661377,4.449999809265137,-0.11235141164164218,1.1051546391752578,116250.0,516731.26995563507,2.156087701742796,4.499816665649414,4.724044156074524,0.5656130075996191,4.230590802527741,-6.20609876016273,-8.716829723137593,-7.657449853880925,0
HK.00747,492,0.06400000303983688,0.07000000029802322,-8.571424618059293,0.10727056019070322,246700.0,15788.80074992776,4.568689553621506,0.06848000027239323,0.08542000064626336,-23.809519163470085,-9.859153599380615,-34.02061736891587,-22.89155966779745,-7.246370082441217,0
HK.00750,493,0.19499999284744263,0.19499999284744263,0.0,1.564384800965018,111118.0,21668.00920522213,4.653803746884945,0.1948199999332428,0.22097499981522561,3.72340400235692,-7.142857649699376,-13.333334216365131,-18.410042310570386,-29.090913228752107,0
HK.00751,493,3.065000057220459,2.875,6.608697642450748,11.156027899433,1915015.1,5869521.391078044,3.701294877955328,4.014299974441529,5.358224983215332,-24.414298718325163,-31.123591267600382,-52.03442689731755,-40.83011276462737,-33.078600255951194,1
HK.00752,493,2.0899999141693115,2.0950000286102295,-0.23866894380115683,0.8545773509849162,468988.65,980186.2382463813,1.3746703522025014,2.1814999961853028,2.3443647766113282,-2.107731920138374,-6.067415561779561,-13.117120935177114,-15.710649314235775,-13.450005726494712,0
HK.00753,493,3.684999942779541,3.700000047683716,-0.4054082354286782,0.8363739389835462,17327353.75,63851297.577270865,3.051354997597856,3.9050999879837036,5.12857500076294,-3.4076045213911144,-13.90187471639053,-19.891303930931585,-48.171591088872724,-33.60360691642394,0
HK.00754,492,2.640000104904175,2.640000104904175,0.0,,0.0,0.0,0.0,2.640000104904175,2.7998000705242156,0.0,0.0,-2.222220063700145,-10.2040798121586,-22.80701619852041,0
HK.00755,492,0.2549999952316284,0.26499998569488525,-3.7735815105932082,0.8766162612316458,10477.5,2671.7624500393867,0.6140350326826911,0.28089999556541445,0.327289999127388,0.0,-33.766233364111,-30.136989433158213,-30.136989433158213,-34.61538343975055,0
HK.00756,492,0.6000000238418579,0.6000000238418579,0.0,0.0,34820.0,20892.000830173492,0.7440592921045458,0.7328000074625015,0.6313000066578388,-45.45454446934474,3.448282949422888,-30.23255652772732,55.844165897224876,5.263163398397555,0
HK.00757,493,0.050999999046325684,0.050999999046325684,0.0,1.0334190231362468,386850.0,19729.34963107109,3.4505468351608433,0.05813999988138676,0.07098499989137054,-14.999999689559134,-19.047621863409102,-36.24999976716935,-36.24999976716935,-51.8867927843797,0
HK.00759,493,0.20100000500679016,0.21199999749660492,-5.188675764013119,1.9957537154989384,51300.0,10311.300256848335,3.827331244850086,0.21646000027656556,0.22031999945640565,-4.285708913186613,-15.546218329554826,-6.511627133309113,-11.061943139145924,-21.176467150827804,0
HK.00760,492,0.11800000071525574,0.11800000071525574,0.0,0.0,2137.5,252.22500152885914,0.0,0.12000000044703484,0.15497000075876713,1.724141474711444,-23.87096786598261,-34.44444665202379,-26.249997904524157,-32.57142701440925,0
HK.00762,493,5.559999942779541,5.554999828338623,0.09001106382416202,0.847704905171556,39410750.95,219123773.02689877,2.4638361447198727,5.892400007247925,6.930245027542115,-3.722946303678136,-12.578619087116271,-19.57043633179609,-29.649083007477245,-35.711058710300485,3
HK.00763,493,20.700000762939453,21.719999313354492,-4.696126071182218,2.1068728868637283,5857385.7,121247888.45883064,2.5329468782577043,23.507999992370607,24.99031720161438,-11.839858745721665,-10.775861714597843,-4.188450522088609,-23.559049798359947,-37.096895162631824,0
HK.00764,492,0.20000000298023224,0.1899999976158142,5.263160784158717,0.0,12028.2,2405.6400358468295,0.5000000323938281,0.25092000007629395,0.5338549964129925,-23.076919109158116,-29.824559477227524,-62.26414834404792,-79.79797969155379,-79.59183682778735,1
HK.00765,492,0.17599999904632568,0.1899999976158142,-7.368420392192293,0.0,36900.0,6494.399964809418,1.7270813174516868,0.1445800006389618,0.20009499981999398,30.370364483492107,25.714284497864398,-27.27272727272727,-42.29508363313166,-51.11111331869046,0
HK.00767,493,0.4749999940395355,0.47999998927116394,-1.041665696538963,1.362577786816767,924251.45,439019.43324103206,4.2379612474043205,0.452799996137619,0.4632499980926514,-1.041665696538963,-1.041665696538963,-4.040406168924137,-5.0000011920928955,-20.83333747254461,0
HK.00769,492,0.699999988079071,0.699999988079071,0.0,,0.0,0.0,0.0,0.699999988079071,0.699999988079071,0.0,0.0,0.0,0.0,0.0,0
HK.00771,492,0.7200000286102295,0.7200000286102295,0.0,0.0,25024.4,18017.56871595383,1.2651595966085885,0.7156000065803528,0.7428263413906098,-3.9999961853027344,-7.692300638503319,-3.793099823094442,3.333338751101268,-12.812495195685115,0
HK.00772,493,19.639999389648438,19.559999465942383,0.40899757612646925,1.530705521648504,3765499.15,73954401.0077217,3.787437108868503,20.306399879455565,26.045749959945677,-2.2885621049309326,-5.1207793923795615,-23.1611901407983,-41.58239139317128,-49.69262569397881,1
HK.00775,493,0.5199999809265137,0.5299999713897705,-1.8867907552966041,0.6293754257170968,1621682.0,843274.6090688705,2.1716540439969814,0.5634000015258789,0.6938000008463859,-6.306310950447061,-13.333339956071377,-22.388064481548582,-37.34939862861918,-44.08602398631887,0
HK.00776,493,0.23999999463558197,0.25999999046325684,-7.692306369719372,0.8513969760728092,2101350.0,504323.9887274802,7.042526970364979,0.24037999898195267,0.6914686332643032,3.448276526508396,-46.66666644590872,-70.37037111985721,-81.10236234330549,-73.91304453458135,0
HK.00777,493,8.039999961853027,8.279999732971191,-2.898548053842058,0.7898410216257803,1630585.05,13109903.739798117,4.516079216536862,7.504583921432495,7.911651592254639,7.8470830869727966,12.086875345138203,2.348725450127408,-15.42612016450601,-38.213763036465345,0
HK.00780,493,9.845000267028809,9.770000457763672,0.7676541018535835,0.8190906859693856,8516914.5,83849025.52676153,2.8288705337332587,11.896900024414062,16.462089667320253,-11.065939128870609,-24.32743970923856,-44.97933106852726,-56.493621103699645,-55.332418799892935,1
HK.00784,493,0.5600000023841858,0.5699999928474426,-1.754384313814067,0.18461538461538463,314000.0,175840.00074863434,2.688419220138512,0.6026999998092651,0.500255000256002,-12.49999767169351,-18.84057908417722,43.589749467913904,551.162771355984,723.529370515819,0
HK.00788,493,9.079999923706055,8.975000381469727,1.169911284384075,1.555274091084267,20707502.4,188024120.21214294,1.387072733962581,9.127220783233643,9.91431746482849,-0.3293055334991463,2.4697933732956487,-9.434770970866195,-17.57632725723286,-16.864556847075917,3
HK.00789,493,1.6950000524520874,1.75,-3.142854145595005,0.045690474449886685,109432.0,185487.24573993683,8.32748517909312,1.0897999966144563,1.5967249980568885,99.41176528336678,13.000003496805826,2.727277390556298,-13.076922512618761,-43.49999825159709,0
HK.00794,492,0.36500000953674316,0.36500000953674316,0.0,0.0,14900.0,5438.500142097473,1.000000340597976,0.3226999998092651,0.26049499966204165,4.285718786473254,40.38462420187085,47.177425605651095,82.50000204890964,69.76744347227269,0
HK.00797,493,1.0199999809265137,0.9950000047683716,2.512560405862701,0.4648629017613946,542200.0,553043.9896583557,4.018363067470014,0.9815000009536743,0.8306249991059304,-8.928573519295567,-14.285720010049644,43.6619734863421,103.99999618530273,106.0606002223795,1
HK.00798,492,0.12999999523162842,0.12999999523162842,0.0,0.0,404770.35,52620.14356990456,3.3845275260712437,0.14143999993801118,0.18014414332807063,0.7751954102572899,-13.333339956071377,-37.68429918843857,-37.97280250049715,-44.17551669381483,0
HK.00799,493,2.9600000381469727,3.0,-1.3333320617675781,1.5601826796989995,972344.25,2878139.0170919895,2.1986320176704024,3.135261583328247,3.0239860153198244,-4.36187364185185,-14.179311855107832,4.710635022567144,-5.274658048423598,-16.65887415229135,0
HK.00800,227,12.170000076293945,13.5,-9.851851286711517,3.139453617146313,1489656.9,18129124.586651802,4.843729107553517,15.295200061798095,18.336099977493287,-24.409939205336975,-15.603328627570075,-38.597375057114604,-47.90239829488262,,0
HK.00804,493,16.200000762939453,16.0,1.250004768371582,0.3290814021739716,416448.5,6746466.017724991,6.80574721230848,13.677499961853027,6.123124980926514,15.714291163853236,389.4260133834219,326.3158149005967,321.87502929785666,482.73384639068144,1
HK.00805,428,12.800000190734863,12.890000343322754,-0.6982168362354798,1.7411600665116054,4222642.6,54049826.085405156,9.125004217437839,9.559399948120117,4.141549981832505,56.574922227423855,97.53086655955,966.6666401757144,1261.702151404295,1032.7433844909979,0
HK.00806,493,1.875,1.899999976158142,-1.31578823536055,2.8976560239220603,1145850.0,2148468.75,2.3887770916402666,2.016700007915497,2.139740183353424,-8.536583238382647,-8.536583238382647,-1.9064902793274905,-22.160616180945844,-23.094690796322855,0
HK.00807,493,0.9649999737739563,0.9599999785423279,0.5208328482694815,0.7951475819775836,323870.1,312534.6380061686,0.8454756607024407,0.9571999955177307,1.024384090602398,2.116400114062477,-0.5154695555459969,-9.728721364958623,-10.556901344396646,-13.723021812763653,1
HK.00809,492,0.3700000047683716,0.36000001430511475,2.7777750183035925,0.03817813919749551,194930.0,72124.10092949867,2.4943354569615037,0.3801000034809113,0.5298750005662441,-5.1282004256688785,-2.6315764707211,-37.288131997421445,-42.187497962731825,-63.36633581564058,1
HK.00811,493,7.929999828338623,8.029999732971191,-1.2453288662260922,0.5259495989430452,5247033.65,41608975.94378698,3.541119975371125,8.571199979782104,9.450462338924408,-1.6738965786562592,-10.698201282197918,-19.263527949171955,-17.42315530017895,-20.66923253714834,0
HK.00813,493,0.06800000369548798,0.06499999761581421,4.615394138020521,3.1219470360438883,95845195.75,6517473.665194768,10.685662565824058,0.05446000039577484,0.12995000017806888,61.90477288634343,-13.924049916624234,-61.142854369416476,-64.39790375769057,-82.33766094028574,5
HK.00814,492,0.26499998569488525,0.23199999332427979,14.224135051796951,0.17937219730941703,26800.0,7101.999616622925,1.8154226906686333,0.2818799942731857,0.2942800014466047,-8.620691958562439,-1.8518610500991368,-17.187502619344798,-15.87301977757817,-22.05882855662007,1
HK.00815,493,0.210999995470047,0.21799999475479126,-3.2110089234717356,1.160947420043209,15664800.0,3305272.729039192,3.988086115850514,0.2590799978375435,0.43186499796807765,-18.84615261173808,-30.81967523872637,-53.62637595844757,-71.48648746610992,-57.8000009059906,0
HK.00816,493,2.1500000953674316,2.180000066757202,-1.3761454344538677,1.1480269892365391,232837.75,500601.1847051382,2.8686241944620954,2.2096488523483275,2.289803978204727,-4.867252015929315,-0.7377069300465735,-4.164779861514435,-10.062323782472147,-17.95160195269232,0
HK.00817,493,1.3200000524520874,1.315000057220459,0.38022775772322054,0.7872123336495243,53977269.15,71249998.10922043,4.718347919918705,1.330847532749176,1.420080664753914,7.023409334738022,1.03329310419238,2.5641018515971314,10.068788003704558,-8.52390984638938,3
HK.00818,493,0.32499998807907104,0.3199999928474426,1.5624985448084445,0.37347378501316736,394150.0,128098.74530136585,3.0676508290508666,0.33780000150203704,0.41764999970793726,-1.515159040990203,-20.731709533188774,-21.686748285773973,-35.00000238418579,-36.27451094972407,1
HK.00819,493,3.674999952316284,3.7100000381469727,-0.9433985302105254,0.7761416557736823,6158910.85,22633997.080070242,3.048532272504587,4.307400016784668,5.7448436284065245,-4.421328349258599,-22.631579951236123,-46.867106711095786,-45.00671019397198,-52.40580889919196,0
HK.00821,493,0.574999988079071,0.625,-8.000001907348633,1.6259661388223026,6498460.0,3736614.42253232,11.72280007243827,0.3845000010728836,0.3231800004839897,30.681816180629166,82.53968013687498,98.27586366362014,74.24241370625008,24.999995140925783,0
HK.00822,493,0.29499998688697815,0.28999999165534973,1.72413633637985,0.5351287895200972,128847.05,38009.87806042582,2.7519744111444804,0.3301000040769577,0.34655000165104866,-3.278695092153664,-19.178087896109595,-1.666674945089223,-23.37662488458373,-9.230769936149668,1
HK.00825,493,0.2549999952316284,0.25,1.9999980926513672,0.9509212980323785,374706.05,95550.04096326232,3.774951859373276,0.26669999957084656,0.30427500084042547,-5.5555610745039266,-13.559319807927558,-22.72727724277594,-7.272731016490004,-25.00000219134721,1
HK.00826,493,2.9200000762939453,3.055000066757202,-4.418984861318042,0.9027768172361887,8916317.3,26035647.196261026,3.5032241419624475,3.0155999994277956,3.34669065117836,-9.737243555383458,-21.08108003614941,-11.349069974947291,-7.446204108578883,17.25938946908857,0
HK.00827,493,0.032999999821186066,0.03799999877810478,-13.157892414985195,2.795403875836049,1329200.0,43863.59976232052,4.042226659718858,0.04378000058233738,0.04207000024616718,-26.66666997803569,-34.000001341104486,-36.53846319169685,17.85713858066178,-2.941182271212952,0
HK.00828,493,0.1550000011920929,0.16099999845027924,-3.7267064074160765,2.1925643469971403,116400.0,18042.000138759613,3.186175987253796,0.17079999953508376,0.20972999908030032,-4.320987200086537,-10.4046199458683,-28.89908031124562,-39.21568467038631,-46.551722188908705,0
HK.00829,493,0.2290000021457672,0.23000000417232513,-0.4347834819205834,0.13829738517195586,1728700.0,395872.3037093878,6.227540809759424,0.19025999873876573,0.20395499862730504,0.8810590616390804,49.67320681565491,-4.583330306534898,-16.727273751881473,-22.372877177956344,0
HK.00830,493,0.6100000143051147,0.6100000143051147,0.0,3.485207100591716,396500.0,241865.005671978,4.200387198105396,0.7134720051288604,0.8533519804477692,-19.871793014791,-3.846153123428026,-32.574166689176856,-47.61960233673412,-48.471314104339264,0
HK.00831,493,0.38499999046325684,0.3799999952316284,1.31578823536055,0.8561643835616438,365400.0,140678.99651527405,2.1215573691565135,0.38231898069381715,0.33695755526423454,1.31578823536055,12.857144479564605,17.495101587655864,34.01786053297762,29.956697719500415,1
HK.00832,493,0.03799999877810478,0.041999999433755875,-9.523811213283604,0.22852789944772425,255500.0,9708.999687805772,8.894712685639886,0.03578000005334616,0.04889500034041703,11.76469621464508,-7.317078711020517,-24.000003576278633,-45.71428769097036,-61.6161626424124,0
HK.00833,493,0.4950000047683716,0.5099999904632568,-2.941173720662243,0.9910123612978045,379610.0,187906.95181012154,5.5457839444351045,0.6388491618633271,0.6712919898331166,-16.68806465664001,-46.06648156990044,-8.052277213340473,-20.59060384715785,-12.649666737594076,0
HK.00834,493,0.22200000286102295,0.22100000083446503,0.4524896030688031,9.473684210526315,33600.0,7459.200096130371,1.5648894403764353,0.2495200002193451,0.300040000975132,-11.19999885559082,-19.272727982071792,-27.213115522983845,-44.50000011175871,0.0,1
HK.00836,493,19.719999313354492,19.829999923706055,-0.5547181582187538,1.1589833928137134,8743756.8,172426878.09213868,1.9702653357985946,18.673423652648925,18.101347970962525,4.6764720801056106,15.06604331838029,10.899885506328259,18.07095796935876,18.74448712836354,0
HK.00837,493,5.349999904632568,5.429999828338623,-1.4732951424518126,2.171985815602837,62525.0,334508.74403715134,1.1028332441484376,5.880799989700318,6.676627902984619,-9.856782540641431,-11.570252298079174,-23.30962329397047,-28.26679255833449,-27.532010439486303,0
HK.00838,493,0.6949999928474426,0.7049999833106995,-1.4184383971608912,2.0050335570469797,1297000.0,901414.9907231331,2.496658119996216,0.7287506759166718,0.7936825862526894,-3.540126532716186,-14.449276108779655,-5.775797247900289,-13.53544199559749,-34.96028673294525,0
HK.00839,493,1.9199999570846558,2.0799999237060547,-7.692306369719372,2.339512120014102,4374795.75,8399607.652254134,4.480691580501035,1.869800000190735,2.342499997615814,3.783780126522939,4.918027981350978,-29.15129409380003,-38.6581505787706,-39.81191465063457,0
HK.00840,492,0.1720000058412552,0.1720000058412552,0.0,0.0,58500.0,10062.000341713428,1.4745342112984228,0.1724400007724762,0.19681000016629696,10.25641172595275,-2.824856045944068,-21.818178739429488,-19.99999861384549,-20.370369731603187,0
HK.00841,493,0.15800000727176666,0.17000000178813934,-7.05882022950067,0.07874015748031496,76500.0,12087.00055629015,2.1144489833738023,0.16926000118255616,0.1864350002259016,-4.242423640357147,25.39682915121213,-11.235952516529824,-42.54545314646953,36.2069067397954,0
HK.00842,493,0.8149999976158142,0.8299999833106995,-1.8072272284938358,0.5039297272306981,207750.0,169316.2495046854,2.2871319542354764,0.8883000016212463,0.9638250005245209,-10.928964098006189,-24.537040256423587,48.18181453657552,-61.190474541549435,-51.48809386539752,0
HK.00844,493,0.3199999928474426,0.33000001311302185,-3.0303090509739805,0.6896551724137931,42000.0,13439.99969959259,2.014274693769054,0.3903000009059906,0.4261750003695488,-22.891566438103197,-22.891566438103197,-8.571429057997108,-37.25490218994481,-20.000002980232196,0
HK.00845,492,0.009999999776482582,0.009999999776482582,0.0,,0.0,0.0,0.0,0.009999999776482582,0.009999999776482582,0.0,0.0,0.0,0.0,0.0,0
HK.00846,493,0.09200000017881393,0.0860000029206276,6.976740760955494,1.0131524866420059,511250.0,47035.000091418624,11.246068939017261,0.08214000016450881,0.09641500007361174,13.580246800021634,2.2222183589583624,-9.803919706698395,-15.596328080377686,-44.24242634965908,1
HK.00848,493,0.17499999701976776,0.17599999904632568,-0.5681829727139418,0.7195023968367172,5737800.0,1004114.9829000235,1.4547645828808087,0.11251999974250794,0.11838500019162894,76.76767471517522,74.99999441206462,48.3050813211925,38.88888428976514,35.658919564105204,0
HK.00851,492,0.24899999797344208,0.24899999797344208,0.0,0.0,14000.0,3485.999971628189,0.87128203072727,0.1811999997496605,0.21841999948024748,46.470585502555245,41.477272342428684,16.9014077609725,-2.352940145248341,12.162159803809434,0
HK.00852,493,0.20800000429153442,0.2160000056028366,-3.703704214717449,0.25794208279019637,2418933.0,503138.07438093424,17.001645157398432,0.1863799959421158,0.17109499424695968,25.301212173602845,25.301212173602845,25.301212173602845,25.301212173602845,25.301212173602845,0
HK.00853,492,6.074999809265137,6.074999809265137,0.0,,0.0,0.0,0.0,6.349699878692627,8.500524973869323,0.0,-8.920543631528846,-38.821756066828264,-43.48837386730106,-55.06657097946581,0
HK.00854,492,5.34499979019165,5.190000057220459,2.9865073460943776,2.2222222222222223,1250.0,6681.249737739563,0.05458131826287886,5.291999998092652,5.483549981117249,5.216532883179024,-2.106231632817924,7.979797901954955,-8.003445045912198,-16.874029037529755,1
HK.00855,493,4.28000020980835,4.230000019073486,1.182037600695213,0.807354380886697,894161.1,3827009.6956024645,1.9661838759264798,4.4251000022888185,4.809085597991944,-3.4949207434273077,-4.677050601664448,-11.13866965966166,-16.69250589875142,-24.161455684592884,1
HK.00856,493,8.510000228881836,8.8100004196167,-3.405223342179086,1.0503951962722111,1994471.8,16972955.47449837,3.5299212820831647,9.59290002822876,8.946798210144044,-15.74257517361121,-7.999997525601773,0.7792182564416938,9.748450298428473,-8.749740899421322,0
HK.00857,493,9.829999923706055,9.585000038146973,2.5560759998332436,1.0759557832704696,67282464.2,661386617.9527553,2.2905812222923196,9.631902961730956,9.380543613433838,-2.956998307785036,10.982297855864413,-6.3775517618728585,22.41243964292984,46.68832753209514,1
HK.00858,493,0.07999999821186066,0.07699999958276749,3.8961021368168507,1.5724606884827879,2530500.0,202439.9954751134,6.904363053590451,0.07816000059247016,0.07865000043064356,5.263158926673246,11.111113410673122,1.2658158607009335,-2.439029265698055,-29.824563008743127,1
HK.00859,493,0.10599999874830246,0.10400000214576721,1.9230736166063123,0.1366742596810934,265200.0,28111.199668049812,9.282129789121235,0.11907999947667122,0.11899000026285649,-8.620688104813743,19.101120115244573,-21.481485528710287,-9.401709456136903,5.999997168779416,1
HK.00860,493,0.5899999737739563,0.6050000190734863,-2.479346252335911,0.2726097291430662,234277.85,138223.92535581888,5.131820209745559,0.5501999986171723,0.5762999975681304,9.259250061011974,22.916663950309097,15.68627153071743,-11.940304615312076,-11.940304615312076,0
HK.00861,493,2.1600000858306885,2.255000114440918,-4.212861365365511,0.11057556664261421,1472714.0,3181062.3664040565,6.886161627366874,2.0461000037193298,2.228053095936775,21.008410432582806,18.03278880745961,7.41180466759025,-17.220237532868595,-28.275508211937282,0
HK.00862,493,0.8100000023841858,0.9200000166893005,-11.956523077136378,58.8235294117647,32500.0,26325.00007748604,0.9009255980116206,1.0560999989509583,0.761624998897314,-20.97560768535911,-36.2204712953413,118.91891674197794,76.08695384572725,76.08695384572725,0
HK.00863,493,10.319999694824219,10.59000015258789,-2.549579356688598,0.35849967010684886,2435615.4,25135550.184709165,6.42130299350665,11.187999992370605,13.216100006103515,-1.714288620721726,-9.790209148954848,-26.808514782830777,-39.22261499975849,-30.50505434530613,0
HK.00864,492,0.1469999998807907,0.1469999998807907,0.0,,0.0,0.0,0.0,0.16718000084161758,0.18878000006079673,-5.7692327898516975,-23.834198411350947,-32.568805771698344,8.088229332364467,-13.017751427116833,0
HK.00865,492,0.050999999046325684,0.050999999046325684,0.0,0.0,24440.0,1246.4399766921997,1.2309368282784094,0.04950000040233135,0.04444500014185906,0.0,-8.928575942634788,34.21052812167818,37.837833483955876,27.500000465661294,0
HK.00866,493,1.8899999856948853,1.875,0.7999992370605469,0.7038785142622614,1910300.0,3610466.9726729393,3.329112615554279,1.9990000009536744,2.577600001692772,-14.090911603170925,28.571425095939144,-47.05882294014191,-28.40909429571832,-36.577182094028764,1
HK.00867,493,10.4399995803833,10.649999618530273,-1.9718314147315734,0.5413612603390481,5176261.8,54040171.01995411,4.081027865385057,11.19273099899292,12.214436116218566,-6.618968735178809,-10.879163480813894,-20.688420780526002,-18.087052494135516,-24.587165038849847,0
HK.00868,493,8.020000457763672,8.015000343322754,0.062384456977391554,0.8313838375595417,9981956.8,80055298.1053772,2.8164748572494602,8.729482698440552,9.163440623283385,-11.771173562847451,-4.423112395736717,-17.535035386689295,-1.896799377800995,-4.044218997318125,3
HK.00869,493,0.4699999988079071,0.47999998927116394,-2.083331393077926,8.893219124246832,350257.65,164621.09508246035,0.6383450531479126,0.4586999988555908,0.448274999409914,-2.083331393077926,4.444446946367871,9.302323486045513,17.499997951090364,-17.5438588235737,0
HK.00871,492,0.05000000074505806,0.05000000074505806,0.0,0.0,119950.0,5997.500089369714,1.1855619573842933,0.048599999994039536,0.06935500012710691,0.0,-25.373135075241965,-37.499997671693514,-21.875002546585044,-13.79309968311909,0
HK.00873,493,0.3449999988079071,0.36000001430511475,-4.166670805877945,1.5639002840012621,838150.0,289161.74900084734,5.5409553088497026,0.3911000007390976,0.5248750020563603,0.0,-21.590908936971477,-38.39285761802172,-41.52542133161429,-50.71428504525397,0
HK.00874,493,13.029999732971191,13.010000228881836,0.15372408714457308,0.8975600940775209,986244.9,12850770.7836442,1.6067573600998328,13.916266174316407,15.705423250198365,-4.261571920183694,-13.309684964490012,-18.637786329092215,-23.79297016184089,-23.029625404077784,1
HK.00875,493,0.38499999046325684,0.3199999928474426,20.31249970896169,5.130589301982702,2655628.75,1022417.0434239507,9.752154135720499,0.30591999799013136,0.7366299990564584,11.594200519873441,-27.358488444120756,-23.000001907348633,-73.44827739293733,-39.84375014551916,3
HK.00876,493,1.6399999856948853,1.7699999809265137,-7.344632578107678,1.0456357997341603,23750.0,38949.999660253525,3.133329651268936,1.9207000017166138,4.572025002837181,-15.897438687607234,-16.32653297061272,-73.54838651375267,-56.842105098048066,-40.36363688382236,0
HK.00878,493,6.03000020980835,6.050000190734863,-0.3305781867105094,0.41939711664482304,26587.5,160322.6305782795,0.5811088510759246,6.156100053787231,6.476557796001434,-0.3305781867105094,-5.039365348506017,-9.772983838112568,-2.8985479425590137,1.1139073423805639,0
HK.00880,493,1.2799999713897705,1.2899999618530273,-0.7751930820906612,1.7245281145105888,6934559.0,8876235.321600676,2.906283949656534,1.428599991798401,1.9058500009775161,-9.8591542201391,-15.231789438814767,-38.755979715027046,-47.10744086628304,-59.1054337191804,0
HK.00881,493,2.444999933242798,2.4649999141693115,-0.8113582808481975,0.8335125477856773,14258284.7,34861505.139656805,4.728017890774334,3.718399977684021,7.254849988222122,-26.4661684758155,-53.86792744805939,-70.43531078710531,-79.01287542229764,-82.57305787756412,0
HK.00882,493,2.005000114440918,2.0199999809265137,-0.7425676548133289,1.4216478190630049,184000.0,368920.0210571289,1.290278212592343,2.0397891116142275,2.1963074296712874,-1.857678357195207,0.29666516015380623,-14.475165541024987,-12.380685654855805,-17.116855006091377,0
HK.00883,493,24.040000915527344,23.520000457763672,2.2108862569857046,1.5569215211854588,51068263.7,1227681106.102392,2.232777655919207,23.696834869384766,23.576209897994996,-3.3762062561339117,14.546659971690246,-11.775410214169192,16.637258765989767,33.35202507769065,3
HK.00884,493,0.032999999821186066,0.03500000014901161,-5.7142866266017025,2.4317942045026535,103906682.0,3428920.4874200374,9.442979934969776,0.03611999981105327,0.07017499975860118,-13.157892414985195,-17.499998603016106,-54.16666494199516,-79.37499965075403,-85.65217425106604,0
HK.00887,493,0.30000001192092896,0.3050000071525574,-1.6393426604503258,1.4696387394312067,6820000.0,2046000.0813007355,3.9993066174381626,0.28347200334072115,0.27230130836367605,0.0,21.285628895251378,5.627851260378283,39.46534955249522,11.091369048637244,0
HK.00888,492,0.032999999821186066,0.032999999821186066,0.0,2.193112285890851,190245.85,6278.113015981391,1.1741390509658474,0.039559999704360964,0.06010000001639128,-17.499998603016106,-25.0,-44.0677972522764,-62.5,-65.2631576470721,0
HK.00889,493,0.3799999952316284,0.3700000047683716,2.7027000903735274,1.3607085346215781,264600.0,100547.99873828888,5.952726338806881,0.388699996471405,0.4097000007331371,-1.2987000923330156,-28.30188382176906,22.58064268034779,2.7027000903735274,0.0,1
HK.00893,493,0.06300000101327896,0.061000000685453415,3.2786890251666563,0.034818941504178275,143850.0,9062.550145760179,5.217468131894722,0.06940000049769879,0.0773050002939999,-9.999998935631348,-5.970150083602185,-24.99999778256527,-23.170732593763283,-21.249996973201565,1
HK.00894,493,1.8600000143051147,2.0299999713897705,-8.374382240422943,0.40317862808018307,4804470.0,8936314.268728495,10.924289547636697,1.876500005722046,1.8474750033020972,-7.4626854164099115,-47.308781037388286,135.44303339044566,138.46154904224503,181.8181727871754,0
HK.00895,493,1.659999966621399,1.5950000286102295,4.075231150171564,1.0615402766881932,15411166.25,25582535.46059683,5.741991682819057,1.6445999932289124,1.9781999868154525,3.4267879684925022,-4.597703590624888,-22.42991190433934,-23.14815274727179,-31.9672160781669,1
HK.00896,493,0.2800000011920929,0.2800000011920929,0.0,3.067823983598941,36456.35,10207.778043459355,3.2805095132254642,0.26659999787807465,0.25408499903976917,9.803924089392945,1.8181800448205245,13.360327159526708,15.226337599971155,12.000000476837158,0
HK.00897,492,0.3799999952316284,0.3499999940395355,8.571429057997108,0.8068891466538203,995978.9,378471.9772508025,2.411143562789019,0.31980000019073485,0.33612500086426733,22.58064268034779,20.634920034218744,8.571429057997108,-2.5641002128344392,-10.588238924019787,1
HK.00898,493,0.9100000262260437,0.9100000262260437,0.0,5.333333333333333,34200.0,31122.000896930695,0.0,0.9239055132865905,0.9560330075025558,1.185239050337434,-0.9449737444214803,-8.297586815745703,-3.757878042996347,-10.82152806715833,0
HK.00899,493,0.36500000953674316,0.35499998927116394,2.816907202197346,0.49562323980253764,627171.4,228917.56698117257,8.903353544482421,0.22235999912023544,0.20644999891519547,92.1052705878367,48.97959282973167,100.54945986155184,108.57143757294652,55.319153388305295,1
HK.00900,493,9.050000190734863,9.069999694824219,-0.2205017063095179,0.6896308450945785,82246.9,744334.4606873512,0.9246299847954147,9.019400062561035,8.070570187568665,-0.821915717974101,8.513189750082446,23.153856196630613,29.06659489056332,36.03350545833406,0
HK.00901,94,59.150001525878906,58.599998474121094,0.9385717851182276,1.7886519666438514,187825.6,11109884.526599122,6.128037011850261,67.52100021362304,,-14.33743821627084,-7.06991342045826,,-3.3496719142231672,,1
HK.00902,493,6.125,6.139999866485596,-0.24429750507765574,1.2289727288499286,15415879.35,94422261.01875,2.1776528582130488,5.755699977874756,5.74498349905014,3.9016118713767556,10.559567548287509,10.684864460102352,13.743512464047422,22.18459200511984,0
HK.00907,492,0.061000000685453415,0.061000000685453415,0.0,,0.0,0.0,0.0,0.061000000685453415,0.059555000457912684,0.0,0.0,7.017545006245089,15.094342275037622,45.23809882822766,0
HK.00909,493,0.8349999785423279,0.8550000190734863,-2.3391859748531147,0.7313471908660675,7532137.1,6289334.316877872,6.338026136356782,1.1379000008106233,1.9392473557591439,-21.596250358747184,-38.14815082994831,-58.50695931559967,-73.74172025797002,-75.15106279283891,0
HK.00910,492,1.4550000429153442,1.8200000524520874,-20.05494500096186,1.0230463254282318,74004.7,107676.84167593718,22.21109934232862,3.2695000171661377,2.9173749685287476,-68.36956362868524,-48.035711868076866,-48.035711868076866,-48.035711868076866,-48.035711868076866,0
HK.00911,493,0.36000001430511475,0.39500001072883606,-8.860758347611412,0.2817447495961228,38147.5,13733.100545704365,0.9639343625118708,0.4831000018119812,0.4768999996781349,-19.10111908057222,-58.13953391663639,35.849069335275466,28.57143313300851,30.909093273572637,0
HK.00912,493,1.1050000190734863,1.0750000476837158,2.7906948892152084,0.1606425702811245,25100.0,27735.500478744507,0.34994167538456633,1.065989305973053,1.0314009103178978,5.741632961997332,8.106218122970402,14.465412921272868,8.106218122970402,-7.747042866309023,1
HK.00914,493,15.979999542236328,15.800000190734863,1.139236388155341,0.8307428616921562,6031189.8,96378410.24314041,2.517694677045238,16.820396118164062,19.357961683273317,-5.833823283299055,-5.03430979492561,-22.963991293531425,-26.354661573040822,-27.62880145175651,1
HK.00915,493,0.04399999976158142,0.04699999839067459,-6.382976025140478,0.7661574618096357,77150.0,3394.5999816060066,4.408537304529006,0.046719999983906746,0.05262499982491135,-20.0,0.0,-24.137929262644278,-12.000001788139317,-42.10526160999013,0
HK.00916,493,5.340000152587891,5.275000095367432,1.2322285506220714,1.5880279470633925,13212489.1,70554693.81006584,2.37905376502894,5.413599987030029,6.307367751598358,-2.8207413321068917,4.5009787292374055,-27.933410495803408,-20.151079046409777,-30.360361816944902,1
HK.00917,331,6.425000190734863,6.625,-3.0188650455114976,0.819688832756767,4037433.3,25940509.722579286,5.969865129767003,8.073499937057495,15.057024943828583,-18.152862817956994,-32.93319162940733,-60.290481646779796,-72.542733780017,-89.95308817187959,0
HK.00918,493,1.4600000381469727,1.5199999809265137,-3.9473647060816504,0.7628111805435953,1083124.3,1581361.519317913,13.686044963890048,2.105899990797043,1.1973249983787537,-26.07594832799467,47.474749907341874,94.66667175292969,156.14036078378226,124.61539872299336,0
HK.00919,493,0.07999999821186066,0.08100000023841858,-1.234570399524046,20.08968609865471,87000.0,6959.999844431877,2.788049728358049,0.07983999997377396,0.08584500025957822,0.0,-5.882356034843122,-9.090910630285256,2.564098155475083,-3.6144563171994144,0
HK.00921,493,21.399999618530273,21.100000381469727,1.4217973063356426,1.754489759696106,632713.75,13540074.008638859,2.871717575441584,22.16359992980957,22.106624174118043,-4.464285790312048,-6.794423031999928,15.442760634257159,-3.9770597890651525,-9.643482858273776,2
HK.00922,493,0.10100000351667404,0.10300000011920929,-1.9417442720587457,0.3199992685731004,418500.0,42268.50147172809,1.021476484597585,0.10420000031590462,0.11713500045239926,-2.8846140069192967,-1.9417442720587457,-25.73529556780324,-12.17391157871386,-33.98692457168413,0
HK.00923,493,0.014000000432133675,0.013000000268220901,7.692308794464562,0.4506621898899459,5214200.0,72998.8022532314,6.3856276494549835,0.015880000609904528,0.018629999789409338,-17.647060757070985,-26.31578482997039,-26.31578482997039,-33.333330376753686,-26.31578482997039,1
HK.00924,492,0.12399999797344208,0.12399999797344208,0.0,,0.0,0.0,0.0,0.12399999797344208,0.14283999994397165,0.0,-1.5873047785303125,-38.30846025638003,-10.144926753772236,-58.666668984624984,0
HK.00926,492,2.3350000381469727,2.3350000381469727,0.0,0.0,455.0,1062.4250173568726,0.01070688299621185,2.385500030517578,2.456125031709671,-1.0593160194965792,-3.909466090550589,-5.846773379489119,-2.3012579223048752,-13.197026450635214,0
HK.00927,493,0.42500001192092896,0.42500001192092896,0.0,0.6220095693779905,42800.0,18190.00051021576,4.03924637807775,0.4460804402828217,0.5202375057339669,-2.2988483697581654,-9.490737302895646,-14.814813487381445,-32.118052977171736,-37.037036382939434,0
HK.00928,492,1.3600000143051147,1.375,-1.0909080505371094,0.15086459036759764,805642.25,1095673.4715248048,12.328952121241747,0.7484677338600159,0.5607924871146679,69.99469237215501,275.6335365125879,202.45813863025134,137.64591436649235,111.72092717693509,0
HK.00929,493,0.5099999904632568,0.5299999713897705,-3.7735815105932082,1.2056173820879703,377650.0,192601.49639844894,3.633177022277571,0.5326999950408936,0.6300786237418652,0.9900980750178164,-16.393446147009282,-10.297402902247068,-33.8443391485257,-44.28996890247388,0
HK.00931,493,0.3050000071525574,0.3050000071525574,0.0,1.3290377829142161,1440525.1,439360.16580343846,3.9663171189265003,0.30639999866485595,0.3654999998211861,-4.687495634425334,3.3898375288438505,-20.77921695905455,-37.11340244194692,-28.235294447638164,0
HK.00932,493,0.029999999329447746,0.029999999329447746,0.0,0.14852492370295015,1973800.0,59213.99867646396,3.4784943363769734,0.0293999994546175,0.030730000007897617,3.448276526508396,7.142851440882373,-3.2258070330838233,-21.052630804995065,-3.2258070330838233,0
HK.00933,493,0.3400000035762787,0.3449999988079071,-1.449273985189887,0.30094458554309234,2004721.1,681605.1811694413,5.3543702304720675,0.3347000026702881,0.4896308450400829,1.4925358528601556,-9.333332379659016,-39.317988544545365,-45.95508255932241,-42.35209279687858,0
HK.00934,493,3.765000104904175,3.755000114440918,0.266311322463055,1.2989343015453587,1262203.7,4752197.062910438,1.857065790153203,3.6633325910568235,3.7590290439128875,-0.9210486276657786,6.910714580698064,-2.0075065159522154,-4.3351188211660885,-6.98632380061575,3
HK.00936,493,0.26499998569488525,0.2750000059604645,-3.6363709268489552,1.1552346570397112,364250.0,96526.24478936195,9.566388059997946,0.28499999940395354,0.2921599993109703,-10.169492381566323,-7.017547712211622,-8.620691958562439,-28.37838316764853,-50.0,0
HK.00938,493,0.39500001072883606,0.38999998569488525,1.282057748038625,5.2727272727272725,27200.0,10744.00029182434,1.758860857230099,0.3934999978542328,0.403274999409914,-1.2499987892806712,-1.2499987892806712,2.597407925529181,36.206904170629606,-35.24590139906755,1
HK.00939,493,9.664999961853027,9.630000114440918,0.36344597088451164,1.3102107773074896,172741439.65,1669546007.627687,1.888035716595809,9.371800003051758,8.374944381713867,0.5723236955327651,16.727056443815165,20.80028788517396,27.614652490292734,38.34707488969043,1
HK.00941,493,79.4000015258789,79.05000305175781,0.4427558008972284,1.7543015437911869,9421531.2,748069591.6561157,0.7744007243573098,79.3254476928711,77.22493530273438,0.5699868208123319,4.8388419361935835,8.258568111110511,1.6424044179521498,-0.21108182455470162,2
HK.00943,492,0.16300000250339508,0.16200000047683716,0.617285199762023,0.0,79741.05,12997.791349623352,4.797283825620736,0.16061999946832656,0.18318499989807605,14.788730399070923,4.487178936101052,-15.104166100758857,-16.41025206041038,-31.79916002338797,3
HK.00945,493,325.20001220703125,334.6000061035156,-2.8093226912782203,1.2935479443997882,7792.35,2534072.3151214602,0.7289350346130664,341.04502868652344,306.82459228515626,-4.745161681041245,0.9509774321553585,23.559868854040523,15.135073227916825,37.40179994272429,0
HK.00947,493,0.16300000250339508,0.15700000524520874,3.821654176899746,0.3650621957815035,74600.0,12159.800186753273,5.341667638415763,0.17152000069618226,0.18441499948501586,-8.42696648025705,-4.1176465947735315,-23.11320545840787,23.484851050475424,-8.938548695203583,1
HK.00948,492,0.29499998688697815,0.29499998688697815,0.0,17.23285774588434,54627.9,16115.229783663153,1.1576284954504845,0.2576999950408936,0.2673499996215105,17.99999475479126,18.951609559768016,11.320755777939622,40.476188617768955,39.81042332716807,0
HK.00950,493,1.1399999856948853,1.1799999475479126,-3.389827426361236,1.0755476678959903,363522.05,414415.13179977535,3.258170566607715,1.139611005783081,1.2094390219449997,-4.213133951084159,10.697088588341435,-7.737372854448209,-22.618444879654977,-47.851561413632474,0
HK.00951,493,1.1399999856948853,1.1349999904632568,0.440528217941891,1.2338370462688892,319650.0,364400.9954273701,2.9835321635617187,1.2081999945640565,1.4079564678668977,1.785712575121809,-12.307690191550995,-16.216511729190547,-16.216511729190547,-18.527785540000817,2
HK.00952,493,0.09000000357627869,0.09200000017881393,-2.1739093463565164,0.5607476635514018,45500.0,4095.0001627206802,0.9559492237064704,0.09540000006556511,0.11726499971002341,-9.090904985905985,-1.0988951607495545,-35.714283433495744,-36.619717866460206,-35.59713423253688,0
HK.00953,493,0.125,0.12999999523162842,-3.8461503192516595,0.1721001818945012,1381000.0,172625.0,4.630923317089753,0.1674400007724762,0.21962500020861625,-26.470589008710782,-27.32558386342913,-47.257384735590215,-58.33333498901785,-54.54545553065526,0
HK.00954,493,0.2849999964237213,0.2199999988079071,29.545453621828848,4.336283185840708,46000.0,13109.99983549118,1.434609299084514,0.23355999886989592,0.2914900001883507,30.733946459169587,5.555550036607185,-17.391305098987335,0.0,-13.636368151866849,2
HK.00956,493,3.380000114440918,3.299999952316284,2.424247372139546,0.9110414415948849,6320008.8,21361630.467267606,2.2079724333297004,3.264200005531311,3.4685649049282072,-1.024885733618514,11.551159945741281,-10.100536743008268,-8.293519515611434,-14.721547096655282,3
HK.00959,492,0.7200000286102295,0.7200000286102295,0.0,,0.0,0.0,0.0,0.7200000286102295,0.7200000286102295,0.0,0.0,0.0,0.0,0.0,0
HK.00960,493,5.289999961853027,5.269999980926514,0.37950628081401805,1.7805427923372126,28559565.4,151080099.87653902,5.605292480496991,6.116399984359742,7.825854029655456,-13.064914894167229,-16.164817593915952,-31.209363816765805,-38.94502719312429,-52.56707134683468,1
HK.00966,493,18.75,18.989999771118164,-1.2638218747278713,0.8890522997240049,5319967.7,99749394.375,2.818575861385733,20.71599998474121,20.399077863693236,-12.790697674418606,-0.7411296674003918,-0.013517459645195674,3.5592814310699334,35.39129832974841,0
HK.00968,493,1.875,1.9149999618530273,-2.088770895552491,1.2392182000114562,30252596.75,56723618.90625,3.2638554794439263,2.1717453598976135,2.714125238060951,-13.394917642622767,-5.212377887106678,-37.67047489535621,-38.48524034365515,-43.472922842026115,0
HK.00969,493,0.11599999666213989,0.11599999666213989,0.0,0.00816284883424315,1430500.0,165937.99522519112,9.942308831083748,0.09616000056266785,0.10307500027120113,-20.0,44.999999068677404,-1.694918678807493,-1.694918678807493,-10.07751723076806,0
HK.00970,493,0.30000001192092896,0.30000001192092896,0.0,0.013199142055766375,588100.0,176430.00701069832,6.559591309350093,0.34160000026226045,0.4099750006198883,-23.076917198752763,-13.04347450506333,-34.065933346158154,-42.307687899064575,-44.44444444444444,0
HK.00974,492,0.7350000143051147,0.7350000143051147,0.0,0.0,11600.0,8526.000165939331,3.452689174324216,0.7742999923229218,0.8904750016331673,0.6849308357518121,-6.962026032742867,-22.6315764707211,-33.181818329598286,-35.526313725600914,0
HK.00975,493,8.345000267028809,8.385000228881836,-0.4770418695428164,0.8840389062843751,2397563.8,20007670.551218603,4.128489993448749,9.161100034713746,9.703125019073486,-18.025540109404613,23.997031848116666,-24.95503279756333,-22.227394007049902,-27.6235866409828,0
HK.00976,492,0.4300000071525574,0.4300000071525574,0.0,,0.0,0.0,0.0,0.4300000071525574,0.4300000071525574,0.0,0.0,0.0,0.0,0.0,0
HK.00978,493,0.23899999260902405,0.23999999463558197,-0.41666752037904586,5.2644108144873325,723800.0,172988.1946504116,3.3399416263215653,0.23909999907016755,0.2574349992722273,0.420162648048981,1.7021247724323192,0.420162648048981,-9.81131867523834,-16.140352418217983,0
HK.00979,493,0.36000001430511475,0.3700000047683716,-2.7027000903735274,0.925351071692535,655800.0,236088.00938129425,9.121526021341584,0.3288999992609024,0.3204749995470047,5.882356034843122,-5.2631529414422,44.0000057220459,30.909093273572637,24.137939539307464,0
HK.00980,493,0.24500000476837158,0.25,-1.9999980926513672,0.5669849886353229,1235140.0,302609.3058896065,8.227672272944094,0.31670000195503234,0.31967500135302546,-35.526313725600914,-14.03508496746789,-16.949147234288798,-23.43749679857858,-42.352941671457245,0
HK.00981,493,56.79999923706055,60.900001525878906,-6.732351701298563,2.083359627388968,39104804.2,2221152848.7254024,3.397367900128641,65.8120002746582,69.23499996185302,-12.61538578913762,-25.065967084095853,10.505831811041574,-24.367509465884467,-22.1384487824448,0
HK.00983,493,0.7149999737739563,0.800000011920929,-10.625004610046677,0.6581562007173903,224625.8,160607.44110895394,6.671652092259994,0.44839999556541443,0.3696000002324581,33.64484835966354,138.33331512080372,116.66665010982156,110.29410772154498,70.23809430888448,0
HK.00984,493,0.25999999046325684,0.27000001072883606,-3.7037110623015317,0.6301875192130342,32855.0,8542.299686670303,2.737400088223567,0.24465999782085418,0.30420999772846696,6.122443021609968,19.266053540830413,-23.529415373983642,-32.46753327177799,-37.34939862861918,0
HK.00986,493,0.10499999672174454,0.10199999809265137,2.941175181560426,0.24763399316363943,3024317.3,317553.30658551527,16.47796323813937,0.25194000095129016,0.4912200003117323,-61.1111138705853,-52.272728504228205,-84.0909102197849,-88.06818212605705,-90.86956531316437,1
HK.00987,493,0.210999995470047,0.21799999475479126,-3.2110089234717356,1.1150858021922139,611017.05,128924.5947821215,3.4758443895208573,0.20621999979019165,0.1655764028057456,3.431372262568984,4.975119509533852,69.56751271175253,86.01808399128393,65.07567266730443,0
HK.00989,493,0.5299999713897705,0.5649999976158142,-6.194694933404732,0.2915591542285449,96435.4,51110.75924096107,6.680528235864864,0.5648000073432923,0.6653250016272068,-4.504510890198043,-35.36585658380918,-23.188409678101227,-26.388895787574352,-24.285717083483373,0
HK.00990,493,0.574999988079071,0.5550000071525574,3.603600120498037,2.6419281446236527,9824794.15,5649256.5191293275,3.796010824281511,0.5665000009536744,0.7071499988436699,-4.958682652664732,4.545450112051311,-33.13953738202265,-20.138893717968713,-12.878793146874958,2
HK.00991,493,2.690000057220459,2.7200000286102295,-1.1029401130226768,1.4933920872550526,15002998.15,40358065.881978445,2.448539203903705,2.5210041332244875,2.438772772550583,-4.440497245439683,17.873424587637572,13.019376319185524,32.1139657451719,38.486245553197946,0
HK.00992,493,32.31999969482422,35.15999984741211,-8.077361106123337,1.3646217447478064,67679226.35,2187392574.977939,4.87368072110818,31.56801700592041,18.25264669418335,-0.3084468839263568,46.76873821063793,254.91639142037977,243.02386735240452,187.10163032161336,0
HK.00993,493,0.08900000154972076,0.09200000017881393,-3.2608680687633522,1.7793453871585643,90426.4,8047.949740135669,3.145923033237704,0.09634000018239021,0.11059500001370907,-3.2608680687633522,5.952384225736984,-21.92982324281815,-40.2684569127935,-53.64583292911347,0
HK.00994,493,0.30000001192092896,0.30000001192092896,0.0,3.2288157553770405,866800.0,260040.01033306122,8.678388285136359,0.27848000198602674,0.32507000051438806,29.310353686778612,-4.761900256640573,-9.090909090909092,1.6949238156632322,-16.666666666666664,0
HK.00995,493,15.600000381469727,15.300000190734863,1.9607855359147823,2.0648533069585504,1041148.85,16241922.457166767,2.460021299014186,15.416800022125244,14.40732578754425,-0.8894497565706889,5.9063195266149595,12.514549426228822,27.93354126129669,41.080427331460456,2
HK.00997,493,0.01899999938905239,0.01899999938905239,0.0,1.3710233428543288,492450.0,9356.54969913885,3.4489069917412447,0.019499999787658453,0.023214999795891346,-20.833336567092246,5.555556705336561,-9.523811213283604,-42.42424396361859,-40.62500472937223,0
HK.00998,493,8.3100004196167,8.260000228881836,0.6053291688786292,1.6888273642443077,21674875.4,180118223.66913965,1.9906314804416898,8.101099996566772,7.488336079120636,-0.9535151422219338,18.54493792138187,8.646477981477274,21.129258643647987,30.518598337853874,1
HK.00999,434,9.09000015258789,9.345000267028809,-2.7287330888647885,0.4943697574231556,7310851.3,66455639.432547376,5.2258897738530985,8.074132690429687,7.466151993274689,13.696063573517318,34.861924570158884,39.49372483156651,9.579728599342124,-4.063597162678558,0
HK.01000,493,0.46000000834465027,0.4699999988079071,-2.127657550770317,0.1486528336946423,81325.0,37409.50067862868,14.183333523750683,0.47259999573230743,0.582949998229742,15.000000372529025,-14.814816654464272,-34.28571197451373,-9.80391824580021,-29.230765351176824,0
HK.01001,493,0.36000001430511475,0.35499998927116394,1.4084577986089954,1.0526315789473684,4000.0,1440.000057220459,0.3472222912090769,0.36725051879882814,0.3793150302767754,0.0,-9.004364471403893,-1.820494226803219,-6.729469894501171,-3.2167098413630364,1
HK.01002,493,0.04600000008940697,0.04500000178813934,2.2222183589583624,1.8577075098814229,806800.0,37112.80007213354,6.579729905458417,0.050460000187158585,0.054030000176280735,-9.803919706698395,-16.363635747885898,-9.803919706698395,-11.538463191696843,-9.803919706698395,2
HK.01003,493,0.2460000067949295,0.2460000067949295,0.0,0.4510609868402482,2149010.65,528656.6345023758,5.1066261407770766,0.216039999127388,0.24244999900460243,21.782177341368847,17.70334897527427,13.888889080519043,-24.30768744056729,-27.64705758606275,0
HK.01004,493,0.1850000023841858,0.210999995470047,-12.322271869220062,0.8059641345960105,129075.0,23878.87530773878,6.717249890433173,0.16760000109672546,0.2754050002247095,14.906834885044018,40.15151771714209,-41.26984006843749,-64.42307515962582,-38.33333498901784,0
HK.01005,492,0.38999998569488525,0.38999998569488525,0.0,0.0,8000.0,3119.999885559082,1.4102566453832228,0.4027999937534332,0.40989999860525134,1.2987000923330156,5.405400180747055,-12.359552367771112,-12.359552367771112,-23.52941313966888,0
HK.01007,492,0.6700000166893005,0.6700000166893005,0.0,,0.0,0.0,0.0,0.6700000166893005,0.6700000166893005,0.0,0.0,0.0,0.0,0.0,0
HK.01008,492,0.16899999976158142,0.16899999976158142,0.0,0.0,522600.0,88319.39987540245,2.085870384908925,0.1616000011563301,0.17083015128970147,11.184213944605128,0.0,1.7030743901257952,-1.8924889791874222,-23.822400183878386,0
HK.01009,492,1.2000000476837158,1.1549999713897705,3.896110598149913,0.0,104900.0,125880.00500202179,1.9086159718923457,1.431900019645691,1.264925008714199,-19.99999682108561,-17.24137874335655,11.11111111111111,0.8403352926397583,-1.6393426604503258,1
HK.01010,493,0.03999999910593033,0.04500000178813934,-11.111116630059483,0.2038820566009779,2710400.0,108415.99757671356,20.45570119195603,0.04176000017672777,0.06928499998524786,-14.89361600942768,-13.043480373510564,-50.0,-57.446808004713844,-57.446808004713844,0
HK.01011,493,0.4099999964237213,0.4099999964237213,0.0,0.3704561241028016,54987.5,22544.874803349376,1.8891668779800779,0.3809999990463257,0.5848250000178814,5.1282080672902834,-2.3809501846360366,-43.05555831502974,-51.76470765605512,-60.57692197476614,0
HK.01013,493,0.45500001311302185,0.4449999928474426,2.2471956014182424,0.249944208881946,279062.5,126973.44115935266,4.454262680302035,0.36939999878406526,0.46429999858140947,12.345681919446163,13.750001583248354,33.82353186091747,139.4736941171156,145.9459498644397,1
HK.01020,493,0.23800000548362732,0.24400000274181366,-2.45901524211669,0.9856303487035382,12377320.0,2945802.22787261,3.986444359750209,0.23391999959945678,0.27766500107944014,-4.417667702546728,8.675803187909565,-31.01449092579749,5.309738772749573,76.29629335285716,0
HK.01021,131,8.15999984741211,7.909999847412109,3.1605563188701162,0.8801610514883725,12303979.65,100400472.0665617,15.22597417290772,9.59619990348816,,-16.178735129023273,-46.103040539157305,-55.652173822904125,-55.652173822904125,,2
HK.01022,493,0.26499998569488525,0.29499998688697815,-10.169492381566323,3.2087628865979383,113775.0,30150.37337243557,4.919158927162333,0.35630000054836275,0.49534999787807465,-30.263160784158714,-41.111112730002745,-48.039217519558505,-55.833337472544606,-65.13158039207936,0
HK.01023,493,0.38999998569488525,0.41999998688697815,-7.142857649699376,0.27286292901300363,231400.0,90245.99668979645,1.7198597913660456,0.4469000035524368,0.4785235258936882,-17.021279428921556,-16.129035979478314,-19.587634187256896,-23.411626598445714,-8.92857441114295,0
HK.01024,493,28.540000915527344,29.700000762939453,-3.9057232916289744,1.3604409635020296,30536869.35,871522279.2063389,3.0234922290106585,34.93560001373291,49.76353594779968,-11.6955408879605,-35.10686400048989,-35.51757608644876,-56.18115079453398,-61.60054536167473,0
HK.01025,493,0.19499999284744263,0.20000000298023224,-2.5000050291418283,1.0634475070920804,3314530.5,646333.4237926304,4.612920384727663,0.19812000006437303,0.23804088972508908,3.174601797994651,-5.797105935377192,-7.142857649699376,-14.51605275115551,-31.578949019519264,0
HK.01026,493,0.10400000214576721,0.1379999965429306,-24.637677716597832,0.7656967840735069,339000.0,35256.000727415085,6.957490402350573,0.0760599996894598,0.08716500006616115,67.74194168622745,73.3333407839141,-6.306305580659314,-0.952375816379655,-16.129029156886276,0
HK.01027,493,2.440000057220459,2.5199999809265137,-3.174600171093715,0.9189460837102448,18211.25,44435.451042056084,1.9569485307440608,3.1401000213623047,3.0938749933242797,-12.857139329520963,-21.03559466031871,-20.261434547476075,-30.48432866524245,6.086961208985396,0
HK.01028,493,0.8050000071525574,0.8399999737739563,-4.166662823113064,0.9420330439652759,849800.0,684089.0060782433,7.399566464888392,0.9483999979496002,0.8673999992012977,-20.68965334995138,-8.522725964257532,15.000002980232289,11.805552106212824,296.5517390719982,0
HK.01029,493,0.3799999952316284,0.38499999046325684,-1.2987000923330156,2.3590717052839705,106239.35,40370.95249341131,0.5081790250959886,0.4272999978065491,0.4866249983012676,-9.523807834335413,-9.523807834335413,-32.14285828325213,-23.23232493513931,-37.70492027536954,0
HK.01030,493,1.4249999523162842,1.4450000524520874,-1.3840899245549594,0.7953148298211,21849431.7,31135439.130637906,3.839390451933696,1.424700002670288,1.858974999189377,0.0,4.7794071564316,-32.78301748867849,-31.159420373317438,-42.07317356833522,0
HK.01033,493,0.6600000262260437,0.6399999856948853,3.1250064028428435,1.1301070086850973,22436640.0,14808182.988424301,3.2708271876956614,0.656899995803833,0.767374997138977,-7.042247017941754,10.0,-31.2499957314381,-4.347821955569661,-13.157890196322017,1
HK.01036,492,1.7949999570846558,1.7899999618530273,0.2793293485019055,0.0,52500.0,94237.49774694443,1.3518272453236673,1.774399983882904,1.6480466508865357,-0.27777752022683677,14.331203637933307,21.09072883625509,12.345285602646944,21.820184389383805,1
HK.01037,493,0.6100000143051147,0.6150000095367432,-0.8130073421291051,1.0170221934927817,460800.0,281088.0065917969,1.2973326071706393,0.6225000083446502,0.5869750002026558,-1.6129016752173695,34.065933346158154,28.42105725465395,-19.736839215841286,-27.380948410688223,0
HK.01038,493,64.80000305175781,65.19999694824219,-0.6134876000100165,0.476821334061844,1145769.7,74245880.05661163,1.7756434458561188,64.10290763854981,61.23781600952148,-2.2624433347748245,10.068805752240715,7.581761072409584,18.226891585638665,31.59367966668482,0
HK.01039,493,0.05400000140070915,0.05999999865889549,-9.999995653827888,0.737379466817924,164150.0,8864.100229926407,2.50980064983256,0.05058000020682812,0.0532600000500679,0.0,10.204087373417103,0.0,5.882357667611771,28.571433639850813,0
HK.01044,493,19.40999984741211,19.389999389648438,0.10314831559174437,1.280192450243203,4965808.4,96386340.28627777,2.0435033735895765,21.38127021789551,24.044400358200072,-9.129216794097077,-12.170295429691002,-24.855452914692908,-26.3976993309605,-16.666618898304897,2
HK.01045,493,1.940000057220459,1.9500000476837158,-0.5128200112166769,0.6354055424545186,762293.25,1478848.9486187696,2.5285972804763945,2.0715956544876097,2.903515755534172,-13.883053590004405,-9.716112738272647,-39.52180833059692,-46.636890170083575,-2.644864661531791,0
HK.01046,493,1.4500000476837158,1.399999976158142,3.571433741219278,0.9098546701897983,26791149.5,38847168.05250156,11.066439393162819,0.8493999952077865,0.4775750005245209,47.959185659463344,291.8918997288794,332.8358243477851,253.65855130037346,383.3333300219643,2
HK.01047,493,0.3400000035762787,0.3400000035762787,0.0,8.032128514056225,104700.0,35598.00037443638,0.6532393668618506,0.35120000064373014,0.3459500001370907,0.0,-8.108108325802206,4.615389553047677,-8.108108325802206,13.33333002196431,0
HK.01049,492,0.7300000190734863,0.7300000190734863,0.0,,0.0,0.0,0.0,0.831599988937378,1.0819999927282333,-6.410250532086098,-28.431369340772616,-44.69697044955356,-34.82142714593484,-17.045451928515064,0
HK.01050,493,1.8700000047683716,1.909999966621399,-2.0942388770709415,1.0279083851585762,2413626.05,4513480.725009065,3.526590601329887,1.9097436451911927,2.2771154695749285,-10.09615031925166,-4.3142848777417075,-14.183216545414679,-24.952378501070026,-22.40301054631077,0
HK.01051,493,6.320000171661377,6.15500020980835,2.6807466487180673,0.6258924589328346,24616.9,155578.81222577096,4.814599004700466,7.472700004577637,9.073050203323364,-16.12474718454073,-22.738387091960316,-40.520026538459675,-44.359093970993015,-31.942386929324325,3
HK.01052,493,3.359999895095825,3.305000066757202,1.6641400068892507,1.2788532171834932,1809089.25,6078539.690218985,1.83848851730627,3.4604000091552733,3.931614577770233,-3.1700326399841696,-8.943093685836166,-10.898786142838501,-25.43031308571487,-21.975382666549294,3
HK.01053,493,0.8399999737739563,0.8399999737739563,0.0,1.09747764119277,5546460.0,4659026.254538298,3.4011033345876336,0.8837999987602234,1.0422500017285348,-8.19672633058898,-3.4482794057458057,-26.31579084959939,-30.578516752746935,-35.87786179656961,0
HK.01055,493,2.8299999237060547,2.880000114440918,-1.7361176648623016,1.1148093330404678,9958098.9,28181419.127257347,2.97428563209493,3.133799991607666,4.236400002241135,-8.116883317944497,-17.49271520039359,-28.53535615039251,-51.70648704390344,-27.806125800344393,0
HK.01057,493,3.734999895095825,3.805000066757202,-1.8396891046846775,1.2260037520237799,2976525.0,11117320.562750101,2.8333875244491096,3.8868669271469116,4.719233677387238,-4.840765847865376,7.401370478159075,-30.110142032460942,-23.191748258276373,-26.460184809466288,0
HK.01058,493,0.3199999928474426,0.3449999988079071,-7.246378564303781,9.390609390609391,14710.0,4707.199894785881,0.728525571421724,0.3914999979734421,0.37310000002384186,-14.666668574015299,-17.948716773083888,-5.882356034843122,-11.111116630059483,-31.914894966153124,0
HK.01059,493,0.41999998688697815,0.4000000059604645,4.999995157122685,4.894179894179894,56460.0,23713.199259638786,3.979735366149066,0.39550000071525576,0.4135750006139278,4.999995157122685,-7.692313234582195,2.439022085483674,-2.3255860695907784,9.09090838719426,1
HK.01060,493,0.4300000071525574,0.42500001192092896,1.1764694332664312,0.8692422605697795,53535756.5,23020375.67791757,3.2078940973506533,0.4946999961137772,0.6447749987244606,-13.131312523164532,-13.131312523164532,-31.746030094101542,-51.685391678200276,-58.252425330423854,1
HK.01061,493,2.0850000381469727,2.0899999141693115,-0.23922852763973013,0.299521187960092,221845.0,462546.83346271515,3.1499238134822076,2.2247872352600098,3.0507193386554716,-3.023258341267682,-25.25171523298868,-39.40567405675997,-42.74552182379475,-57.806660653698486,0
HK.01063,492,0.30000001192092896,0.30000001192092896,0.0,0.0,22697.5,6809.250270575285,2.6572952249872257,0.30679999887943266,0.41927499637007715,-10.447759866236506,25.00000776102163,-42.85713799145735,-35.48386890028983,-53.12499708961689,0
HK.01064,493,0.06199999898672104,0.05900000035762787,5.084743408319849,0.1037117903930131,719500.0,44608.99927094579,12.305474635631239,0.06291999980807304,0.0674650003015995,-24.39024722661231,3.3333339542150635,-16.216218665274816,-6.0606070868568365,-27.05882548873398,1
HK.01065,493,3.5999999046325684,3.6649999618530273,-1.7735350040111568,1.0615618881879487,472800.0,1702079.9549102783,1.3630037008566764,3.7037000036239625,3.9246139299869536,-4.1278350222214995,1.4084493799404276,-10.609884794184499,-9.550759508555437,2.057693998745662,0
HK.01066,493,3.259999990463257,3.25,0.30769201425405646,1.2425723560813848,7255859.75,23654102.71580273,3.0269680288035854,3.310900020599365,3.924822281599045,0.7728005000968046,-1.212120073667007,-12.022270345825287,-34.14736212463301,-39.14840627521125,1
HK.01068,492,0.07500000298023224,0.07500000298023224,0.0,0.20240539747726605,321150.0,24086.250957101583,4.686128413400996,0.07678000077605247,0.0980550005659461,0.0,-8.536584257795896,-32.43243061831495,-31.818178739429488,-48.275858525288555,0
HK.01069,492,0.24799999594688416,0.24799999594688416,0.0,0.0,986821.0,244731.60400030017,4.62721028517399,0.2658999970555305,0.33111806474626065,-0.40160724285009064,-18.68852782589034,-21.269841960648446,-40.952380073854414,-39.51219558290327,0
HK.01070,493,17.18000030517578,18.0,-4.555553860134549,0.7385417665819568,4527730.9,77786418.24375382,3.5527351332386603,16.660599956512453,13.684247789382935,2.6897834743114446,13.77483358383599,44.21297991877594,70.52117877421884,70.84752989742815,0
HK.01071,493,4.28000020980835,4.230000019073486,1.182037600695213,0.9363046868671195,6824129.9,29207277.403759435,1.9524957270764234,4.056100001335144,4.115551714897156,4.645477998337948,11.74935496256766,5.776476494407022,9.703816070639697,8.840103960494188,3
HK.01072,493,17.649999618530273,17.969999313354492,-1.7807440570485131,1.3610795655670713,2992252.85,52813261.661046125,3.0254094856409925,20.606399879455566,28.003203086853027,-16.587902902613266,-22.040635625633957,-48.57749155144922,-29.92540063310109,13.470830995078492,0
HK.01073,492,0.10000000149011612,0.10000000149011612,0.0,0.0,232575.0,23257.500346563756,0.5546372967102515,0.10134000092744827,0.10564562804996967,0.0,-4.761900369272073,-17.07855941608282,-3.9041273166552886,-20.90569869287709,0
HK.01075,492,1.6799999475479126,1.6799999475479126,0.0,0.0,34800.0,58463.99817466736,0.515500626198891,1.7480000042915345,2.3780840170383453,-10.160430841495822,-5.617978957818797,-40.76888735865383,-44.55362334806095,-46.103364463635415,0
HK.01079,493,0.17800000309944153,0.1770000010728836,0.564972892935831,0.7878293941863624,382100.0,68013.80118429661,4.3077789322607805,0.20594095915555954,0.2622102400660515,-17.972346053317455,-35.27272754858347,-30.196075910607057,-39.66101321637083,-47.647058462601635,1
HK.01080,493,0.050999999046325684,0.04600000008940697,10.86956292869689,0.5235796509468994,384000.0,19583.999633789062,5.74535519341798,0.05157999992370606,0.07139000026509165,-10.526317509367635,-17.741935677694606,-40.00000175307777,-41.37930975421476,-40.00000175307777,2
HK.01081,87,34.619998931884766,34.720001220703125,-0.28802501527197294,2.7580023907557445,3228350.0,111765473.55175018,8.965184439756007,32.492378616333006,,28.95035842613476,-24.479942895364143,,-47.681888727384504,,0
HK.01082,492,1.0950000286102295,0.9700000286102295,12.886597558053078,0.4653150372726841,431020.0,471966.9123315811,3.379766520542061,1.0223999905586243,1.3353499960899353,12.886597558053078,-5.603443093234513,-26.999998092651367,-26.013512533890072,-30.25477757787233,1
HK.01083,493,2.984999895095825,2.9800000190734863,0.1677810735012472,0.31958761474595865,5693587.75,16995358.836468875,2.546984264031214,3.06891535282135,3.283964266777039,-1.6474526959091695,-2.141430522235825,-6.357882458022406,-16.044998282341947,-16.48803417321133,1
HK.01084,493,0.6399999856948853,0.6399999856948853,0.0,0.5076142131979695,60600.0,38783.99913311005,2.5715407045043563,0.6696000003814697,0.6553035205602646,-5.18518897895126,-8.571429057997108,0.23031445255161023,1.7964086616393315,6.802785099716517,0
HK.01085,493,1.434999942779541,1.4249999523162842,0.7017537402020417,0.365296803652968,22300.0,32000.498723983765,3.938978022948082,1.6852000069618225,1.5899500000476836,-20.71823269917502,-21.584704419270658,10.384615031925167,-9.748433166362858,-11.963193436965454,2
HK.01086,493,1.3849999904632568,1.3799999952316284,0.36231849629747176,0.9923790298360122,10315801.6,14287385.11762085,4.264992502035201,0.9175808191299438,0.807448747754097,54.04519690936984,106.64600186845823,81.34951555723717,56.11828401361447,38.10463157566908,3
HK.01087,493,1.5299999713897705,1.6100000143051147,-4.9689467207783045,0.15809132901709638,280571.05,429273.69847279787,6.335537046774712,1.5451000094413758,1.1396000024676323,5.517235936222868,-21.53846492428743,200.0,35.39822812797001,0.657894117680275,0
HK.01088,493,43.41999816894531,42.10100173950195,3.1329336000235584,1.8410010644727821,9020270.75,391660139.44839096,2.3976339723896034,43.306284713745114,41.98841798782349,-4.8342254233919695,7.664622049833763,-3.825999655431812,15.864699317849068,27.670224000421744,2
HK.01090,493,0.5299999713897705,0.5199999809265137,1.9230751596258298,4.350580781414995,111900.0,59306.99679851532,2.9192391108442592,0.6574000155925751,0.75450000166893,-19.696977222808385,-25.352114449652248,-31.16883317944497,-37.64706393839152,-40.44944045971389,1
HK.01091,493,0.5400000214576721,0.5350000262260437,0.93457850215429,0.5071206944029454,7926731.65,4280435.261089209,5.660146332123931,0.4183999985456467,0.49167499780654905,44.0000057220459,31.707323455583676,-19.402983879612854,-3.571425150243618,36.70886247858288,2
HK.01093,493,9.28499984741211,9.8149995803833,-5.399895625369895,1.1405311696505238,74920799.7,695639613.7824932,3.694709881782025,9.157900009155274,8.627218098640443,2.0329610789807884,18.431118197711278,2.2972367111953265,11.947922748796529,6.036886048903383,0
HK.01094,493,0.4000000059604645,0.4000000059604645,0.0,2.762353755444837,4937723.4,1975089.389431125,6.317733615595428,0.39230000019073485,0.35694999925792215,6.66666825612386,53.84616178168377,-5.8823541786431095,14.285717934978315,-3.6144544569876715,0
HK.01097,493,0.061000000685453415,0.061000000685453415,0.0,0.6380956785506622,3535487.05,215664.71247341167,4.5495358705522255,0.06558000080287457,0.06674000024795532,-4.687503456079702,-16.438353997297785,3.389831043563671,-46.49122749687746,-25.609757316424513,0
HK.01098,493,0.4950000047683716,0.5,-0.9999990463256836,0.6376360808709176,64200.0,31779.000306129456,2.285052763277466,0.5126999896764756,0.5953499992191792,-4.8076878990645735,-0.9999990463256836,-22.656247526174354,-25.000002257751607,-31.250002069605635,0
HK.01099,493,14.699999809265137,14.850000381469727,-1.0101048373827992,0.8304290913110605,4483409.05,65906112.17985758,1.6844091569917046,15.876599922180176,17.769769377708435,-6.369426828972722,-14.435392618494308,-24.27323203526079,-21.70167319149887,-15.026079173475374,0
HK.01100,493,1.274999976158142,1.284999966621399,-0.7782093947869452,0.13333333333333333,29600.0,37739.999294281006,1.5868616689064492,1.3358462834358216,1.3517364263534546,-0.0614181509931557,-12.469902891327473,-9.575568513607575,6.800508705327765,-8.968699900963706,0
HK.01101,492,0.019999999552965164,0.019999999552965164,0.0,,0.0,0.0,0.0,0.019999999552965164,0.019999999552965164,0.0,0.0,0.0,0.0,0.0,0
HK.01102,493,0.07599999755620956,0.07999999821186066,-5.000000931322596,0.1219111426784408,1862520.0,141551.51544839144,5.924367139642635,0.11212000027298927,0.07277000030502677,-23.232325284824785,-20.0000015685433,31.034482315661073,76.74417436090698,49.01960583798288,0
HK.01104,493,1.8700000047683716,1.9500000476837158,-4.1025662030301655,1.5246523966890047,2788506.15,5214506.513796633,4.434792410037136,1.7536516785621643,2.030564017891884,-3.767896713420328,29.519947051599427,-15.252385507472813,-21.993669863196125,43.21531391756182,0
HK.01105,492,0.1860000044107437,0.1809999942779541,2.762436624783151,0.21969055016790634,50726.0,9435.036223739386,5.470064278389353,0.1802600008249283,0.1898149999976158,1.639347599471766,7.514457787635704,0.5405416290110301,-6.999999180436147,-31.11111221490079,1
HK.01107,492,0.013000000268220901,0.013000000268220901,0.0,,0.0,0.0,0.0,0.013000000268220901,0.014955000183545054,0.0,0.0,-7.1428580931862715,0.0,-38.09523598339549,0
HK.01108,493,2.0399999618530273,2.115000009536743,-3.5461015293396327,0.25763351023625886,7459180.0,15216726.915454865,4.715621587152071,2.288300004005432,3.1614750063419343,-7.900675354288408,-12.068964631322139,-46.456693110478916,-45.60000101725261,-50.8433755428044,0
HK.01109,493,30.600000381469727,29.760000228881836,2.8225811361811664,1.4592000231409639,28989096.8,887066373.1384629,3.5935505324052137,31.292286148071287,30.823588333129884,2.584739189612421,-4.529495489446016,12.947085665245842,14.658407101908766,7.303539913035993,3
HK.01110,493,0.3799999952316284,0.375,1.3333320617675781,0.5531953358040315,2151000.0,817379.9897432327,5.2901526609566485,0.416700000166893,0.46124999836087227,-6.172840959723081,7.042255412962399,-24.000000953674316,-28.30188382176906,-28.30188382176906,1
HK.01111,492,0.2409999966621399,0.2409999966621399,0.0,0.0,134800.0,32486.799550056458,1.3583756220802818,0.2437200003862381,0.2527399980276823,-1.6326563381145176,13.145538592328574,-22.25806619076524,-16.896550483850994,-29.117648786120743,0
HK.01112,493,19.84000015258789,19.299999237060547,2.7979323154086697,1.2258603939145034,1923848.1,38169146.59755593,4.428664321984028,16.66794906616211,13.686406197547912,15.483118743663452,41.793731515183616,75.13421029458833,60.20648744022602,62.05645621766368,2
HK.01113,493,44.79999923706055,45.400001525878906,-1.3215909001156003,0.9238554770292038,4866310.95,218010726.8472994,1.9394837899051924,46.34001686096192,45.143450546264646,-6.0562573708201155,1.4524903091868702,6.185840870394614,15.355233445014473,28.137156351637643,0
HK.01114,493,1.7400000095367432,1.7549999952316284,-0.8547000419168391,1.2349040473279236,16973963.9,29534697.347876333,2.9989596555153026,1.7973448729515076,2.329001325964928,-4.657536215128018,6.8708023464137185,-17.235398911326488,-45.908147254342005,-44.68496280037109,0
HK.01115,493,0.5299999713897705,0.5299999713897705,0.0,0.6655706877479557,10302002.9,5460061.242257333,5.318899797314764,0.4470999985933304,0.49734999865293505,35.897433546167775,13.978487594318741,9.278341393273893,-5.357148369051949,1.9230751596258298,0
HK.01116,493,0.2199999988079071,0.2150000035762787,2.3255791388182447,2.2346368715083798,39800.0,8755.999952554703,1.61235360202649,0.21833999931812287,0.25271999910473825,-1.7857178494485173,12.244900286520448,-15.384612739438744,-33.333336343668805,-24.137929262644278,1
HK.01117,493,1.4500000476837158,1.4249999523162842,1.7543927160695634,1.746293391676878,11092838.7,16084616.643947767,3.948542526868685,1.5408999991416932,1.3935749956965446,-13.173647608051267,40.77670756895679,2.8368852488815253,-10.493824480510568,16.000003814697266,2
HK.01118,492,1.1699999570846558,1.1699999570846558,0.0,,0.0,0.0,0.0,1.1327550292015076,1.1140422451496124,-1.0188827502335278e-05,4.347819153160622,11.003853427476201,7.1761272379977274,27.35661924641672,0
HK.01119,493,0.35499998927116394,0.36500000953674316,-2.7397315080268676,0.33612317056796315,1765020.0,626582.0810633898,7.2106548150981,0.3737999987602234,0.43367499858140945,-25.26315921561541,16.39343637575627,-12.345681919446163,-37.71929934634618,-64.5000010728836,0
HK.01120,493,0.5400000214576721,0.5400000214576721,0.0,7.359813084112149,117100.0,63234.002512693405,1.2329438876561012,0.6046000134944916,0.8052000033855439,-10.0,-34.93975514267808,-46.534650835987605,-43.15789176486532,-44.32989633707962,0
HK.01121,493,0.3700000047683716,0.3799999952316284,-2.6315764707211,0.0830702774547267,120780.0,44688.60057592392,3.4289527983350463,0.37060000240802765,0.9290499976277351,2.7777750183035925,-33.92857085837394,-71.0937489813659,-71.31782823955413,-75.49668827117951,0
HK.01122,493,0.4399999976158142,0.46000000834465027,-4.347828340440215,2.7839741162718203,973965.7,428544.9056778848,2.9934477018912258,0.5245999991893768,0.8395999988913536,-10.204083866896262,-38.02816747696805,-51.64835330383624,-54.1666658905645,-50.0,0
HK.01123,493,0.13500000536441803,0.13500000536441803,0.0,0.2915951972555746,116700.0,15754.500626027584,1.2026511424163893,0.12950469806790352,0.11601229831576347,-3.571425150243618,26.240045113514288,26.240045113514288,18.68722041739997,11.98713415153837,0
HK.01124,492,0.10999999940395355,0.10999999940395355,0.0,,0.0,0.0,0.0,0.11233999982476234,0.16517499964684249,0.0,-5.172411578305348,-50.0,-53.97489422357403,-62.71186295133725,0
HK.01125,493,0.5899999737739563,0.6899999976158142,-14.492757128607561,91.2,2780.0,1640.1999270915985,1.0079096968713064,0.6945000100135803,0.8501750019192695,-13.868617267091372,-19.178087896109595,-32.954548071484936,-37.89473882342312,-39.17526222970523,0
HK.01126,493,5.5,5.679999828338623,-3.1690111580737894,2.016904017598703,459775.0,2528762.5,3.8658133414712985,6.121690855026245,6.880698714256287,-9.67796598887961,-14.456554629327478,-10.720330642507728,-29.62046865642408,-52.767268498585885,0
HK.01127,493,1.184999942779541,1.184999942779541,0.0,0.37383177570093457,167600.0,198605.99040985107,0.8659687396050361,1.1787827563285829,1.21355082988739,-1.2500086923436844,-0.40984197820588036,-0.6792140943693842,-5.029023925176571,0.08479595105878146,0
HK.01128,493,4.900000095367432,5.025000095367432,-2.487562141844296,2.4060168171414817,4770011.6,23373057.294903755,2.3166059284114877,5.406079425811767,5.315971539020539,-12.578053903782003,-2.9111046213299288,-3.865693590173089,-11.556439757771052,-23.645841599548714,0
HK.01129,492,0.16300000250339508,0.16300000250339508,0.0,,0.0,0.0,0.0,0.16300000250339508,0.26838500030338763,0.0,0.0,-62.954544684857375,-42.80701594779804,-84.17475659892878,0
HK.01130,492,0.4099999964237213,0.4099999964237213,0.0,0.0,97777.7,40088.85665031969,1.7816961166315834,0.5358000057935715,0.5901999981701374,-25.454547720507108,-34.92063499572266,-34.92063499572266,-25.454547720507108,-21.153843949532288,0
HK.01132,492,0.07800000160932541,0.07800000160932541,0.0,0.0,171250.0,13357.500275596976,4.03245613472382,0.08826000019907951,0.07188500005751848,-10.344823156610696,9.859153599380615,23.80952437268182,20.000006877459263,2.631584365034542,0
HK.01133,493,13.229999542236328,13.699999809265137,-3.4306589311844613,0.8886996799130569,4041685.9,53471502.60686302,3.5365653806209325,15.639199943542481,18.762676739692687,-16.529973351271636,-11.267607795900645,-40.4894969302415,-23.467199045989435,15.257087429458036,0
HK.01134,493,0.2160000056028366,0.2280000001192093,-5.263155486885312,0.01137009664582149,1055200.0,227923.2059121132,3.1922657156396874,0.23928000062704086,0.28489000111818313,-9.623425823201895,-34.54545544855519,-31.42856913088669,-12.195122098960546,18.03279102334499,0
HK.01137,493,0.9800000190734863,0.9800000190734863,0.0,1.0630782169890665,310200.0,303996.00591659546,3.1071686846595576,1.0239999783039093,1.186749995648861,-3.92156496088299,-6.666660611591367,-25.19083497102031,-29.49640077992035,-30.98591206400565,0
HK.01138,493,20.899999618530273,20.299999237060547,2.9556670148752526,1.7702977641714888,21594867.35,451332719.37721187,5.240860732869468,16.849704990386964,15.355606455802917,12.523807396659187,64.84754381707695,19.726664507621997,128.43401971547112,151.58962968337363,6
HK.01141,493,0.7350000143051147,0.75,-1.9999980926513672,0.7374912960318173,2459511.25,1807740.8039335907,6.921019116319642,0.7061000001430512,1.7252749940752983,5.7553988301194705,-86.53846137051382,-54.06249979045242,0.6849308357518121,-29.326919109158116,0
HK.01142,493,0.029999999329447746,0.03200000151991844,-6.250006548361542,2.574583023400519,170422588.0,5112677.5257227495,24.605889927191622,0.0780000003054738,0.11871500008739531,-66.6666687362723,-64.70588351306617,-71.96261765215218,-86.95652226729067,-99.13043481406358,0
HK.01145,493,0.1289999932050705,0.12999999523162842,-0.7692323563367534,0.3687343960053774,251150.0,32398.348293453455,3.2343289269234465,0.1395399996638298,0.147250000461936,-7.194248537649339,13.157888717213279,-18.867925942913182,-20.370374799156263,-29.891308176987895,0
HK.01146,492,0.05000000074505806,0.05000000074505806,0.0,0.0,432700.0,21635.000322386622,2.3332137793293195,0.05534000001847744,0.04458338807336986,-12.280700493130402,0.0,26.84123965546456,75.33934851616796,10.398856543957248,0
HK.01147,493,0.11500000208616257,0.11800000071525574,-2.5423717041599243,0.42382337545123877,4551283.75,523397.6407447178,7.1039529474363565,0.112000000923872,0.12894500069320203,13.861384239632498,-17.266184698072454,-2.5423717041599243,-12.213737028169223,-27.215191902898,0
HK.01148,493,0.20800000429153442,0.20800000429153442,0.0,0.04398826979472141,267150.0,55567.20114648342,3.3920818413938942,0.22513999938964843,0.26368999868631365,-5.45454299154359,-9.565217165955978,-21.509428105773285,-36.96969817383116,-44.53333218892415,0
HK.01150,493,0.11800000071525574,0.06599999964237213,78.78788084038034,618.848,1986900.0,234454.20142114162,3.879243684171491,0.07760000094771385,0.11593499988317489,59.45945837098897,31.11110669595241,-6.349207287803033,-30.994153167899658,-59.99999797950347,1
HK.01152,493,0.20399999618530273,0.20800000429153442,-1.923080780625969,0.3971571906354515,1342800.0,273931.1948776245,4.719314478603264,0.2117600005865097,0.2714249996840954,-11.304351093638312,-32.000003973642826,-21.538460127700667,-28.421053071871803,-33.11475691760742,0
HK.01153,493,0.33000001311302185,0.33500000834465027,-1.4925358528601556,1.0344827586206897,6100.0,2013.0000799894333,2.2936357602712976,0.3650000047683716,0.3731500016152859,-8.333333333333332,-9.589039865544988,-8.333333333333332,-33.99999737739563,-35.29411386591058,0
HK.01156,493,0.26499998569488525,0.28999999165534973,-8.620691958562439,1.8228373636737107,1711256.65,453482.98777027725,8.622338992089919,0.27799999684095383,0.2334149994701147,-7.017547712211622,17.77777453999452,29.901956201103737,47.222208424851296,77.85233469687289,0
HK.01157,493,5.610000133514404,5.65500020980835,-0.7957572877874461,0.5479897502658984,4596126.35,25784269.43714907,2.6785153573948737,6.381800003051758,7.6363007974624635,-8.780487048443941,-20.425532173926925,-31.62297733141944,-24.6784338804385,-14.048344990054758,0
HK.01159,493,1.9900000095367432,2.0999999046325684,-5.238090480536075,8.053333333333333,20640.0,41073.60019683838,1.486832902805186,2.4930999946594237,2.4804250037670137,-19.758064748717395,-26.022306051807913,-30.41957753393317,-0.4999995231628418,-25.46816656653682,0
HK.01161,492,1.2799999713897705,1.315000057220459,-2.6616033694073624,0.857449088960343,87000.0,111359.99751091003,1.3021054965204837,1.3052999901771545,1.0720543470978736,1.9920299803290422,2.3999977111816406,39.28571405407155,46.09380947330518,46.09380947330518,0
HK.01162,493,0.24899999797344208,0.24400000274181366,2.0491783505917076,0.5718085106382979,618800.0,154081.19874596596,1.377649476781767,0.23285999834537507,0.1984199994802475,-2.352940145248341,26.39594004619814,43.103451228926204,33.87096347781557,5.957446214892626,2
HK.01163,493,0.1889999955892563,0.16699999570846558,13.173652961762015,7.123287671232877,49500.0,9355.499781668186,1.8046723838587453,0.16500000089406966,0.16914500065147878,21.153840826754614,5.586586690999124,7.3863617121434295,18.124999883584675,39.99999116968261,1
HK.01164,493,2.0799999237060547,2.2149999141693115,-6.094807932030358,0.708815240215523,51824015.35,107793947.9741414,4.895270197084018,2.4602999973297117,3.347049980163574,-20.0,-16.800003051757812,-49.01244006991322,-35.47871019426013,-35.07795272590455,0
HK.01165,492,0.024000000208616257,0.024000000208616257,0.0,,0.0,0.0,0.0,0.024000000208616257,0.024000000208616257,0.0,0.0,0.0,0.0,0.0,0
HK.01166,492,0.25999999046325684,0.25999999046325684,0.0,0.0,719221.0,186997.45314097404,9.918788733509103,0.22247999995946885,0.4122849979251623,53.846148420150676,67.74192804104338,-46.938778489195016,-68.67469931430958,-47.474749907341874,0
HK.01167,493,5.820000171661377,6.110000133514404,-4.7463167842227625,0.9574582430036249,1280904.8,7454866.155881882,5.2945616291141135,5.667300004959106,6.022975015640259,-5.057095220100405,17.813767292465556,-19.390576997414446,-9.345792795985892,-37.01298359494354,0
HK.01168,493,5.0,5.0,0.0,0.8700593155806763,267150.8,1335754.0,2.5344445093104175,5.297000007629395,4.347400015592575,-1.960782480441495,36.23977918412255,29.19897022884981,-1.57480167140813,-30.069931002664486,0
HK.01170,493,0.4050000011920929,0.4050000011920929,0.0,1.7073170731707317,35400.0,14337.000042200089,0.5664754324021797,0.3983146286010742,0.4410408453643322,1.2499987892806712,-0.9838988891537016,-7.441471287165129,-18.121297447931926,-11.439996079508301,0
HK.01171,493,11.65999984741211,11.390000343322754,2.370496013616359,1.6610225500506268,20011964.6,233339504.18241656,2.9930309765799255,12.324087429046632,12.485446882247924,-14.011803196229527,8.290164664627117,-20.186313812732188,25.573538508878446,18.752853749612093,4
HK.01172,492,0.02199999988079071,0.020999999716877937,4.761905606641802,0.2014225467363253,3964750.0,87224.49952736497,10.296519695956778,0.019280000030994414,0.020434999922290444,22.222226821346243,10.000001862645192,10.000001862645192,-15.384617588929125,-4.3478267911701876,1
HK.01173,492,0.027000000700354576,0.027000000700354576,0.0,0.0,622000.0,16794.000435620546,2.149470521131707,0.026380000598728658,0.030180000169202685,8.000001192092878,-15.625001818989318,-15.625001818989318,-15.625001818989318,-12.903222123802454,0
HK.01176,493,0.01899999938905239,0.01899999938905239,0.0,0.7686122093412853,10224600.0,194267.39375330508,10.606721280108001,0.019839999824762346,0.02850000009406358,-5.000000931322596,35.71427716132356,-32.14286141933822,-60.41666828354613,-68.3333336437742,0
HK.01177,493,5.485000133514404,5.675000190734863,-3.3480185169096113,1.2057488989557634,67410716.95,369747791.47105175,3.994154750864127,5.341359663009643,5.55375723361969,-2.2281639398410014,15.277304813717413,-3.9326397279919663,-11.636157147179851,-29.308926803825873,0
HK.01179,493,32.959999084472656,33.099998474121094,-0.42295890061111224,0.9101515066431196,1197802.3,39479562.711379245,1.8705133607082043,34.45265563964844,36.78410181999207,-4.130313960227067,-0.9061418523902502,-13.583971440381825,-11.08050023500165,10.057065506585419,0
HK.01180,493,0.9399999976158142,0.925000011920929,1.6216200542241166,1.7396471616623104,431662.0,405762.2789708376,2.027492468590545,0.9390999960899353,0.7107861158251763,-0.5291000285156192,25.333333015441895,118.83436502220871,54.573475799657835,8.20144154394799,1
HK.01181,492,0.09700000286102295,0.09700000286102295,0.0,0.0,344400.0,33406.800985336304,5.2760583080565935,0.09964000016450882,0.14709999952465297,-4.901956201103737,-11.009169545962974,-42.94117538780491,-53.80952100499678,-46.99453347232399,0
HK.01182,492,0.6700000166893005,0.6700000166893005,0.0,0.0,3375.0,2261.2500563263893,0.0,0.6595000064373017,0.7557250010967255,-3.597118908694688,-8.219178194041364,-22.093022611090927,4.687504947651288,44.08602398631887,0
HK.01183,493,0.1120000034570694,0.1120000034570694,0.0,0.3392055267702936,355050.0,39765.60122743249,2.6130396172699353,0.12628000050783159,0.14724000096321105,-11.111109797075754,-21.12676071117993,-32.12121272327922,-17.03703777289682,-28.20512747035696,0
HK.01184,493,8.050000190734863,8.010000228881836,0.4993752897633959,0.4284031273428296,45185.0,363739.2586183548,1.7615186799369735,7.96786301612854,5.840596127510071,-4.759058737937254,28.684329317625405,93.64275969431142,93.64275969431142,97.12400121902947,2
HK.01186,493,4.329999923706055,4.340000152587891,-0.23042001221757835,0.5772284666697526,3903697.95,16903011.825671483,1.4411293418283528,4.469999990463257,4.772294745445252,-2.5871820813077586,-2.0296073229854863,-12.526438817371242,-13.66245358390931,-13.66245358390931,0
HK.01187,108,27.31999969482422,28.040000915527344,-2.5677646119634017,1.2454535434806568,47505.0,1297836.5855026245,3.166652831777624,30.929955673217773,,-11.49910869177974,-8.42334275959915,,-28.19825366466644,,0
HK.01188,492,0.012000000104308128,0.012000000104308128,0.0,,0.0,0.0,0.0,0.012000000104308128,0.012000000104308128,0.0,0.0,0.0,0.0,0.0,0
HK.01191,72,113.0999984741211,130.39999389648438,-13.266868276156949,1.3157159231546343,1633269.75,184722806.23282814,12.143367852207096,118.11099960327148,,-26.51071932452838,-35.29748484007035,,-31.454546379320547,,0
HK.01193,493,16.450000762939453,16.360000610351562,0.5501231615538222,0.5613780561371444,2999136.4,49335796.06815948,2.362354186401474,16.138962078094483,17.82959505081177,-3.6093713921429993,10.00691837087672,-9.27064842402301,-18.590406821517107,-10.394820013290328,4
HK.01195,493,0.017999999225139618,0.017999999225139618,0.0,0.09716159897413135,7877200.0,141789.5938962698,9.089702266739854,0.016019999850541353,0.01721999981440604,0.0,38.4615296442835,0.0,-5.263158926673246,-37.93103536867786,0
HK.01196,493,3.559999942779541,3.9000000953674316,-8.717952417277008,1.4389470933205062,18827963.75,67027549.87265527,12.490228973761472,2.6122000098228453,2.969337505698204,30.522456189547448,38.7914176749495,9.538459777832031,5.952382557381357,18.469211554152672,0
HK.01198,493,0.12700000405311584,0.125,1.6000032424926758,17.05799151343706,98250.0,12477.750398218632,9.844966504064823,0.08690000027418136,0.10095500037074089,47.674418302437246,98.43749690771816,29.591844259749443,1.6000032424926758,-19.108280375683886,1
HK.01199,493,6.269999980926514,6.255000114440918,0.23980601456689848,1.0808862121885205,9034704.5,56647597.04267669,2.4099819254779673,5.470215892791748,5.310648078918457,10.484577448350766,32.672052056843434,26.517057631457863,17.7217415609273,18.78039542267303,1
HK.01200,493,1.6549999713897705,1.7599999904632568,-5.965910206956811,1.563573883161512,646000.0,1069129.9815177917,3.553031135031999,1.9584999918937682,2.4500299698114394,-9.065938258628737,-25.113124759154086,-44.55074071091889,-24.608465571688054,-11.395515842057323,0
HK.01201,493,2.0,2.0199999809265137,-0.9900980750178164,0.9692009476631488,138240.0,276480.0,5.185422277803102,2.1440999794006346,2.2673249822854995,-4.30621616580701,-11.89427238745225,-25.925927234121126,52.67176239385368,124.71910473554222,0
HK.01202,493,1.4500000476837158,1.4199999570846558,2.112682500403171,0.23255813953488372,58600.0,84970.00279426575,1.4093127035504702,1.5090000104904175,1.358075744509697,-2.3569000864809198,-5.844150415498571,6.646282249073337,69.89000257276152,60.555389018224815,1
HK.01203,492,0.6549999713897705,0.6549999713897705,0.0,1.7344527987254248,43858.55,28727.348995196822,1.596468463271989,0.6577999985218048,0.7219091027975082,-0.7575840359983141,-3.6764758087977683,-11.049388172313522,-22.4267955153694,-23.826824057331407,0
HK.01204,493,1.2999999523162842,1.3799999952316284,-5.797104579113893,1.7391304347826086,17500.0,22749.999165534973,4.611302646983577,1.778900020122528,1.778125,-29.347829960131623,-34.34343738417734,-22.619048041416146,-35.00000238418579,-23.529416714572438,0
HK.01205,493,0.6000000238418579,0.6200000047683716,-3.225803350434739,1.3605949692489427,9094641.0,5456784.8168331385,3.7500559989256868,0.5255999964475632,0.5066499967873096,16.504862234565465,25.00000776102163,13.207557779396225,51.89873608731431,55.844165897224876,0
HK.01206,493,0.15299999713897705,0.16899999976158142,-9.467457186494999,3.240274599542334,253900.0,38846.69927358627,1.5055558456804383,0.19307999938726425,0.26583999909460543,-19.473684705855778,-35.983262815716024,-47.24137877879328,-60.2597400184666,-61.75000128522513,0
HK.01208,493,8.5,8.619999885559082,-1.3921100597705982,0.6281340465156584,31840576.7,270644901.95,3.5753852461883633,8.929199981689454,8.84344999551773,-13.087932187318414,20.910380459742907,13.636363346598712,-6.798244444507186,35.78274263926463,0
HK.01209,493,37.31999969482422,36.86000061035156,1.2479627695488227,1.4024783707511141,3951877.15,147484054.0319828,2.7303349339506906,38.48542617797852,41.21940128326416,-5.353655941025096,1.0225221704115501,-11.077713088423522,-8.806126513327968,-3.1374349040969705,2
HK.01211,493,72.9000015258789,74.55000305175781,-2.2132816342520605,1.1280364635465772,16270496.05,1186119186.8718069,2.564653460702313,85.18300003051758,92.45308055877686,-10.880197058486116,-15.084446334784593,-30.76750576638633,-25.824829780148377,-31.2225573825621,0
HK.01213,492,0.5,0.5,0.0,0.0,2400.0,1200.0,0.09803912402207475,0.49201550185680387,0.48155212447047235,3.092780464424631,6.9175674065256025,22.564044495647085,-8.63408490184213,46.60781224235059,0
HK.01215,493,0.02199999988079071,0.02199999988079071,0.0,0.1954706654379939,3616100.0,79554.19956892729,6.4883802271649635,0.018560000248253345,0.020999999968335032,22.222226821346243,15.789476780019736,0.0,-4.3478267911701876,-15.384617588929125,0
HK.01216,493,0.2849999964237213,0.28999999165534973,-1.72413633637985,0.4329004329004329,315850.0,90017.24887043238,2.2170227651819108,0.2882999950647354,0.3091999997198582,0.0,5.555550036607185,-13.636368151866849,-12.307690191550995,-17.391305098987335,0
HK.01218,493,1.1799999475479126,1.2000000476837158,-1.666674945089223,26.748434237995827,3582.8,4227.703812074661,0.7980223433353087,1.2005000019073486,1.3538000059127808,-8.527133144027744,-1.666674945089223,-18.339106940133593,-26.018813392995277,-30.58824032648198,0
HK.01220,492,0.0560000017285347,0.0560000017285347,0.0,,0.0,0.0,0.0,0.0560000017285347,0.0560000017285347,0.0,0.0,0.0,0.0,0.0,0
HK.01221,492,1.3899999856948853,1.4550000429153442,-4.4673577528025445,0.0,4425.85,6151.931436687709,0.7486775431856552,1.5457999920845031,1.5940521878004075,-10.897433546167774,-11.464972021884396,-17.2619030301938,-8.990175995366839,-2.4148550274343443,0
HK.01222,493,0.019999999552965164,0.019999999552965164,0.0,1.001191074415249,1283696.05,25673.920426143148,1.4199136707357438,0.021359999775886537,0.021899999864399434,-9.090910630285256,-4.761905606641802,-4.761905606641802,-16.666669253673795,-31.034482315661073,0
HK.01223,493,1.225000023841858,1.274999976158142,-3.92156496088299,1.132342972726046,5197948.0,6367486.423928738,5.811246660790986,1.3193968868255614,1.3742852646112442,-9.259259095734858,-6.835874196342807,-11.527587972453828,-21.6709220502554,-18.558506136854398,0
HK.01224,493,1.1699999570846558,1.1749999523162842,-0.42553152634363073,4.177498879426266,66475.0,77775.74714720249,0.3817169756293494,1.1936999988555907,1.20292503118515,-1.2658216387505659,-4.0983664223788265,-2.5000074505803007,-2.5000074505803007,-2.5000074505803007,0
HK.01225,492,0.26499998569488525,0.26499998569488525,0.0,0.0,5748.0,1523.2199177742004,0.0,0.24535999506711959,0.22646999806165696,9.504126913560027,12.765951645541577,47.222208424851296,33.83837733879559,29.268286832381634,0
HK.01228,493,1.8899999856948853,2.015000104904175,-6.203479538539977,0.6343214210471622,803589.6,1518784.3325045586,5.528738637401505,1.9873000073432923,2.254524998664856,0.0,-12.50000413921128,-28.13688580022518,-19.915251283596184,-19.574465430014808,0
HK.01229,493,0.15600000321865082,0.15299999713897705,1.9607883240342294,1.411764705882353,44000.0,6864.000141620636,2.326382717892269,0.16355999946594238,0.18697500005364417,-10.344823156610696,11.428573253203405,-28.11059518604581,-29.090907243657693,-30.666663399449014,1
HK.01231,493,0.30000001192092896,0.3199999928474426,-6.249994179233778,12.523364485981308,17400.0,5220.000207424164,0.46875002910383107,0.30910000324249265,0.3119000041484833,-6.249994179233778,-1.6393426604503258,0.0,-1.6393426604503258,11.11111111111111,0
HK.01232,493,0.4749999940395355,0.41499999165534973,14.457832190515981,0.9499237516560055,121054.2,57500.74427846074,8.858344838250222,0.4217999964952469,0.398449999243021,-1.041665696538963,41.791039464946024,46.153849680748344,35.714286322496385,-35.81081244351655,2
HK.01233,493,0.054999999701976776,0.05999999865889549,-8.333331781129008,1.2346452307582263,9671440.7,531929.2356176861,12.34577007975478,0.04153999980539083,0.05906500020064413,14.583331716453879,83.33333643774199,-21.428572188834753,-50.0,-62.068964631322146,0
HK.01234,493,2.7750000953674316,2.8299999237060547,-1.9434568841471016,0.20474406991260924,802900.0,2228047.576570511,2.091585988690188,2.986341509819031,3.198879727125168,-4.310344685839137,-16.518652738661117,-20.005121676236932,-9.227365321204521,-12.628069921000998,0
HK.01235,493,0.25,0.2549999952316284,-1.960782480441495,2.5906735751295336,109000.0,27250.0,1.8801788751037176,0.19466844499111174,0.17896314151585102,30.208332201517713,41.52016870518768,47.05446519783554,46.237503139005945,51.28018430030006,0
HK.01236,105,26.100000381469727,26.399999618530273,-1.1363607628614363,2.502864984072879,1245127.7,32497833.44497852,9.424764501347784,32.49799995422363,,-14.705882169612783,-26.437427513493635,,-56.499999364217125,,0
HK.01237,492,0.7200000286102295,0.7200000286102295,0.0,0.0,3360.0,2419.200096130371,0.5625002002343507,0.7496000123023987,0.7770000049471855,-8.860758347611412,2.857148695965302,9.090909090909092,-19.99999470180921,-28.712867781316813,0
HK.01238,493,0.17499999701976776,0.17100000381469727,2.339177260723956,1.372271051885455,518900.0,90807.49845355749,7.080637503707638,0.17611999988555907,0.22201999872922898,9.375000582076622,-17.06161100623801,-23.913046154272756,-31.372548905027593,-41.66666997803569,1
HK.01239,493,0.24799999594688416,0.24799999594688416,0.0,5.714285714285714,8000.0,1983.9999675750732,0.04032266302020825,0.2700000017881393,0.39027499958872797,-0.8000016212463379,-31.11111497437497,-22.499999534338702,-59.34426391294517,-4.615382675588413,0
HK.01240,493,0.18000000715255737,0.18000000715255737,0.0,3.107142857142857,79125.0,14242.500565946102,7.326147854540002,0.1814600023627281,0.17958500124514104,-3.225804901023846,11.111115199221167,-9.999997764825855,-5.2631529414422,-4.255312065993758,0
HK.01241,493,0.16899999976158142,0.1720000058412552,-1.7441895219716312,0.37209302325581395,60100.0,10156.899985671043,2.7864597489100817,0.15619999974966048,0.15934000063687562,9.032257072139116,43.22033791287266,-7.142855388403277,6.289311771571001,-31.85483769210331,0
HK.01243,492,0.02800000086426735,0.02800000086426735,0.0,0.0,813400.0,22775.200702995062,2.911661258770947,0.031200000420212745,0.0334200004208833,-12.500001455191454,-15.151512072762822,-15.151512072762822,-15.151512072762822,-28.20512747035696,0
HK.01244,493,2.309999942779541,2.309999942779541,0.0,2.4208772903942255,48175.0,111284.24724340439,4.822137467391051,2.458200011253357,3.4360500061511994,0.21691435477366217,2.6666641235351562,-40.46392075654883,-53.70741385300878,-68.39945333978771,0
HK.01245,493,0.24899999797344208,0.2800000011920929,-11.07142967381039,0.7713625390072913,806900.65,200918.2602147691,8.551492562417609,0.2344200000166893,0.1934318745881319,11.659189469062284,33.87096347781557,55.32163269782933,30.837444324952408,40.211162868361356,0
HK.01247,493,0.949999988079071,0.9700000286102295,-2.0618597877583125,0.7255723960012899,119240.0,113277.99857854843,3.912617099372785,0.9884999907016754,1.6815749999880791,-2.564106169380135,-17.391303671780953,-52.73631877679169,-67.90540622175827,-64.2857158862686,0
HK.01250,493,0.9750000238418579,0.9850000143051147,-1.015227443454557,0.02935603141682482,33964.55,33115.43705977798,2.281755743656326,1.1148000037670136,1.4409999999403953,-8.878506911520308,-7.142850655276464,-42.98245601804731,-44.91525229669832,-47.29729668775383,0
HK.01251,493,0.26499998569488525,0.26499998569488525,0.0,0.9324870167339873,899400.0,238340.9871339798,6.905408053262866,0.1912600001692772,0.23070999965071678,54.97074841123997,5.999994277954102,0.0,40.211635914953,-8.620691958562439,0
HK.01252,492,0.23999999463558197,0.23999999463558197,0.0,,0.0,0.0,0.0,0.23999999463558197,0.24598499484360217,0.0,0.0,0.0,-9.433959399563019,-30.434783923227837,0
HK.01253,493,0.16099999845027924,0.17399999499320984,-7.471262595977611,2.912621359223301,70200.0,11302.199891209602,3.36322116321432,0.11393999993801117,0.14163000006228685,71.276599960718,57.84313868715508,3.205125082350406,-23.333331677648705,-19.50000197440383,0
HK.01255,492,1.9500000476837158,1.9500000476837158,0.0,0.0,9200.0,17940.000438690186,0.6599964349923277,2.1021999883651734,2.020899988412857,-5.797096107684116,-34.9999984105428,25.806458559542584,23.417721184719994,549.9999900658929,0
HK.01257,493,0.7250000238418579,0.7350000143051147,-1.360542893691104,0.8318247782049939,172802.5,125281.81661993265,1.096267986897204,0.7471351993083953,0.7982255625724792,-3.413605730634453,0.4498468495772982,-8.521793933632608,-19.003670760271884,-23.768161611360505,0
HK.01258,493,15.279999732971191,15.630000114440918,-2.2392858535321003,0.8068519763011202,7267368.5,111045388.73940325,3.811248157069707,15.689689388275147,14.015299677848816,-13.72105859470078,29.101353835607025,36.28619329858323,3.918226367877181,18.053586326620668,0
HK.01259,492,0.03099999949336052,0.029999999329447746,3.3333339542150635,0.5290244673816163,701820.0,21756.41964443028,2.755633041337364,0.033480000384151935,0.032740000393241646,-8.82353585690328,-3.1250061845636785,-3.1250061845636785,-6.0606070868568365,-3.1250061845636785,1
HK.01260,493,0.36000001430511475,0.3700000047683716,-2.7027000903735274,0.8108108108108109,218000.0,78480.00311851501,3.412939230565963,0.39200000107288363,0.448274998664856,-8.860758347611412,-12.195117696277553,-22.58064268034779,-14.285708203607486,-16.27906783327278,0
HK.01262,492,3.194999933242798,3.200000047683716,-0.15625357395032685,0.4580152671755725,12100.0,38659.499192237854,2.4229998487397717,3.187499985694885,3.236125009059906,2.4038477703429897,16.18181575428356,-18.908632313656216,65.5440424908862,61.36363143763271,0
HK.01265,492,0.1550000011920929,0.1550000011920929,0.0,0.0,159000.0,24645.00018954277,1.719141781574679,0.14878000050783158,0.1687300005555153,3.3333300219643105,3.3333300219643105,-20.103094525590055,-13.888891648363074,-28.240742050213463,0
HK.01268,493,0.36500000953674316,0.36000001430511475,1.3888875091517963,0.13153531808457325,4165485.4,1520402.2107251643,12.095577466685128,0.33771872758865357,0.824933933019638,17.741937654695683,-20.185246516363716,-71.53459770742211,-67.43558251411127,-79.1253734634081,1
HK.01269,492,0.04699999839067459,0.04600000008940697,2.1739093463565164,0.13073848567479734,538420.0,25305.739133507013,8.648857070675295,0.048559999763965606,0.046049999929964544,2.1739093463565164,14.634139249893737,-2.083337537219918,-14.545457008456408,-14.545457008456408,1
HK.01270,493,0.4399999976158142,0.44999998807907104,-2.222220161814694,0.9253023200310055,788889.35,347111.3121191412,1.1687178162265912,0.46570000171661374,0.4957824535667896,-4.347828340440215,-6.3829789932306245,-16.755179898845135,-5.824041154854786,-3.8822672273423198,0
HK.01271,492,0.3050000071525574,0.3050000071525574,0.0,0.0,41450.0,12642.250296473503,4.5534560194929945,0.29618000000715256,0.5148199992626905,5.1724192858027385,-15.277779157514871,-48.30508123557807,-75.98425104463008,-70.95237895204357,0
HK.01272,493,1.0750000476837158,1.0800000429153442,-0.4629625030505988,2.4879227053140096,43450.0,46708.75207185745,0.45973221052006064,1.0776000213623047,1.0607875993847846,-1.8264822286714992,8.5858623563799,-5.475168473253397,5.496459314492963,0.13223634206451476,0
HK.01273,492,0.7200000286102295,0.7149999737739563,0.6993083943600166,23.75,14000.0,10080.000400543213,0.38513846558835113,0.6963315749168396,0.6179269635677338,0.6993083943600166,6.09110667703373,27.668954321416283,25.541125811069044,45.88685842130768,1
HK.01274,493,1.965000033378601,1.9900000095367432,-1.2562802029313505,0.35902666472388167,166610.0,327388.6555612087,9.283958058361979,2.5208999943733215,3.970074992775917,-14.379086359258036,-42.20588299229894,-35.99348286294589,-68.1006480186177,-75.12658215623466,0
HK.01276,342,48.439998626708984,49.13999938964844,-1.424502994778041,1.9195347431595908,4308876.0,208721947.5226593,4.385411974728937,49.60599983215332,60.959835090637206,5.441880876649676,-18.03722524981104,-25.95751546446936,-34.400948764956574,-44.31971174168373,0
HK.01277,493,1.875,1.8300000429153442,2.459013990675489,0.8242187367095092,7862850.85,14742845.34375,3.457161987117298,1.9262266778945922,1.789029471874237,-11.971835715504191,20.76574096418706,-9.62064279817079,47.95437042605795,59.79072006014259,1
HK.01278,493,0.06499999761581421,0.06800000369548798,-4.411773406819428,0.2925222076254689,258562.25,16806.545633539557,2.9018798146860045,0.0682190591096878,0.07224090112373233,-7.1428609441737585,1.315722697520119,-16.313033682170037,-7.38642986427741,-32.56293262958007,0
HK.01280,493,2.759999990463257,2.8399999141693115,-2.816898807176702,0.44560830763173437,2438555.0,6730411.776744127,8.790497415966156,1.9699999856948853,2.1397999930381775,-7.382551248393275,82.78145747646721,33.33333717260204,-17.61193823777208,-39.07285071450308,0
HK.01281,492,0.09099999815225601,0.10199999809265137,-10.78431386871551,2.8660094925155164,313150.0,28496.64942137897,2.441055289988209,0.09779999986290931,0.10117499995976686,-1.0869587224068356,-7.142856599811896,-13.33333238722783,-18.01802073919424,-15.740744637220546,0
HK.01282,493,0.09099999815225601,0.09200000017881393,-1.0869587224068356,0.5457333573876962,734430.0,66833.12864296138,7.454863344353706,0.09211999982595444,0.09681500017642974,-9.900995065576542,21.33332604832148,-7.142856599811896,-18.01802073919424,-39.33333697583926,0
HK.01283,493,1.75,1.75,0.0,0.8291636883488206,347750.0,608562.5,2.612614943873015,1.6281679034233094,1.6359776282310485,-1.7601059165989765,10.212875090016798,21.614204477156058,-2.5742518010577546,19.488506769710675,0
HK.01284,493,0.5899999737739563,0.6200000047683716,-4.838714639304418,0.1957040572792363,1050500.0,619794.9724495411,8.010851032832665,0.5161191993951797,0.40427723377943037,17.99999475479126,41.16182134137398,78.41286194590113,66.82761136544795,91.72725437054176,0
HK.01285,493,1.524999976158142,1.5199999809265137,0.3289470588401375,0.11996572407883462,38400.0,58559.999084472656,1.3517313696181532,1.3465107107162475,1.042091813981533,-3.4810095065640563,60.546430997596815,54.30369137686437,62.79747228334534,67.40496419329405,1
HK.01286,493,6.699999809265137,7.034999847412109,-4.7619054074351626,0.8176936058180555,2585876.0,17325368.706783295,4.194993682934692,7.951214666366577,7.896587910652161,-20.569063711207306,-18.35640626173005,-16.0112304477355,34.9463928064538,69.01700837547857,0
HK.01288,493,6.590000152587891,6.574999809265137,0.2281421103863186,0.7869413426628195,95251337.75,627706330.3067007,2.046947933880352,6.296900033950806,5.746319971084595,4.603173858304285,16.637168873522448,25.11626020558556,15.888130085009477,32.9191685170365,4
HK.01289,493,2.1449999809265137,2.1549999713897705,-0.4640366865901994,0.17391304347826086,9650.0,20699.249815940857,1.0384213484033578,2.0199999976158143,2.172179302573204,15.322578732768088,-0.23256345205247336,-5.613960030419961,-19.004373347660884,-8.204953705994678,0
HK.01290,492,0.5899999737739563,0.5899999737739563,0.0,0.0,12500.0,7374.999672174454,3.6169749223492205,0.5642999947071076,0.535975900888443,2.6086932184114295,17.99999475479126,15.443737115650435,15.443737115650435,2.1960908529734158,0
HK.01292,493,1.809999942779541,1.8600000143051147,-2.6881758677971552,0.8888888888888888,47000.0,85069.99731063843,0.08175929706933156,1.9343000030517579,2.6166035604476927,-2.6881758677971552,-10.837439985755957,-33.65297498417508,-51.25524788347834,-58.0499619273492,0
HK.01293,492,0.0860000029206276,0.0860000029206276,0.0,,0.0,0.0,0.0,0.0860000029206276,0.0860000029206276,0.0,0.0,0.0,0.0,0.0,0
HK.01298,492,1.4800000190734863,1.399999976158142,5.714288876981205,0.0,1550.0,2294.000029563904,0.4248189496561714,1.1449000096321107,1.0472250047326088,32.735426584291446,48.00000190734863,35.77981410569577,51.02040717026832,51.02040717026832,1
HK.01299,493,69.25,68.80000305175781,0.6540653027350269,1.9239931515959503,31153830.05,2157402730.9625,2.361918910857485,74.44017776489258,78.95177776336669,-10.00649415674614,-5.378202139805401,-16.485898201105268,-14.831665901471155,-1.0526852817011803,1
HK.01300,493,3.109999895095825,3.299999952316284,-5.757577574723816,0.5339674157016663,16001005.0,49763123.871427774,14.697348136044186,2.3064999961853028,1.728575007468462,46.35293623980354,34.0517234734916,293.67086210420536,687.3417242084107,887.301561471406,0
HK.01301,493,0.29499998688697815,0.30000001192092896,-1.666674945089223,2.007574973611772,94534.0,27887.528760373592,7.002067972124111,0.3129000037908554,0.3398750025033951,-4.838714639304418,-11.940304615312076,-10.606068131899294,-19.178087896109595,-47.32143113731729,0
HK.01302,493,1.309999942779541,1.3049999475479126,0.38314141245931693,1.4166819692329564,17634900.0,23101717.990922928,4.107426376390931,1.3744000005722046,1.6186499971151351,-2.9629689152511154,-7.746480114756574,-25.568184666027722,-17.088613468491516,-25.568184666027722,1
HK.01303,493,0.14000000059604645,0.14300000667572021,-2.097906251484906,0.6637168141592921,34900.0,4886.000020802021,1.465956557033914,0.17948000073432924,0.22255500026047229,-19.54022722729975,-35.77981469517008,-45.098037955303525,-34.57943944756522,-45.098037955303525,0
HK.01304,310,118.0,124.19999694824219,-4.991946135736146,1.7485510258981194,171099.0,20189682.0,5.221437803109526,116.98000045776367,124.51755435943603,-0.3378391222330155,-12.397919321898039,24.388420425490303,-14.151303558382624,-34.40400746173958,0
HK.01305,492,0.8899999856948853,0.8899999856948853,0.0,57.7319587628866,18850.0,16776.499730348587,1.0392060579373936,0.8230999958515167,0.767325000166893,9.87654112039807,1.136362558800321,20.270266787164704,30.88234946080149,-9.183676696627934,0
HK.01308,493,49.5,48.97999954223633,1.0616587640334014,1.024690474471399,5151779.6,255013090.2,2.875500972983596,44.508073501586914,34.266818609237674,9.756101274379596,52.37254249444637,53.88492756118751,92.13185184790343,88.51429580486464,2
HK.01310,493,5.710000038146973,5.71999979019165,-0.17482084635430886,1.0568953203684563,551976.0,3151782.9810562134,1.5783218399717505,5.7677999782562255,6.502611708641052,3.0685934560382817,-4.194630845635492,-25.59946398133776,-6.552925367124327,-17.448944933070827,0
HK.01312,493,0.032999999821186066,0.03099999949336052,6.451614066167647,0.1554605518849592,768000.0,25343.9998626709,6.169730735222322,0.03178000025451183,0.029974999828264116,-2.941182271212952,10.000001862645192,6.451614066167647,17.85713858066178,0.0,1
HK.01313,493,0.9150000214576721,0.9049999713897705,1.1049779429876614,1.0578253574947938,10036107.65,9183038.715101508,3.167391224903185,1.0045858645439147,1.311793629527092,-9.495550168537875,-10.800897804332903,-38.56287547370068,-40.86676646014604,-46.846532569790625,1
HK.01314,492,0.1850000023841858,0.1850000023841858,0.0,0.0,381700.0,70614.50091004372,2.1416025902363667,0.18441999942064286,0.1653250003606081,3.351953679533639,1.6483550223013894,20.129872328978937,6.9364219106338565,2.7777750183035925,0
HK.01315,492,0.13600000739097595,0.13300000131130219,2.2556436466883176,3.54757039799365,247053.75,33599.311825968325,3.978476992555971,0.10010000050067902,0.11075000002980233,40.20618905118011,38.77552137529815,22.522527602051472,0.7407422124603064,-2.85713799145759,3
HK.01316,493,4.5,4.614999771118164,-2.4918694869252587,0.9523471132486838,5536520.85,24914343.825,3.392332556564136,4.77189998626709,5.292351108789444,-7.120739012003208,11.94029903858004,-5.875350155421831,-30.0424911118557,-41.760377228893425,0
HK.01317,493,0.16300000250339508,0.16500000655651093,-1.2121236203895922,0.1982651796778191,241500.0,39364.50060456991,5.124889291581725,0.17292000055313111,0.2475249982625246,-6.321834946169982,-6.857139840417928,-33.46938802817621,-58.20512603020519,-59.753085920095195,0
HK.01318,449,45.86000061035156,44.70000076293945,2.595077914123571,2.4917861338936276,1010612.95,46346710.50382919,3.340594437868022,48.99563789367676,65.29646400451661,-4.450358778374774,-17.75815888756227,-36.39367979226813,-42.81195699081865,-55.89645587519271,2
HK.01319,493,0.27000001072883606,0.27000001072883606,0.0,5.9375,33200.0,8964.000356197357,0.36375625873242046,0.2800255936384201,0.27417445063591006,-3.571425150243618,-6.349208810415309,4.056441826024216,4.056441826024216,19.747490885635667,0
HK.01321,492,0.7699999809265137,0.7699999809265137,0.0,0.0,13700.0,10548.999738693237,2.136181051547105,0.732099997997284,0.6833999982476234,28.33332505491078,18.461539872299337,60.41666627861558,28.33332505491078,-14.444444297272478,0
HK.01323,492,0.19699999690055847,0.19699999690055847,0.0,0.0,337300.0,66448.09895455837,3.28938623785029,0.19455999940633772,0.15345499970018864,7.650272512112689,3.141359826921842,38.73238764131311,66.94914890376704,28.758170316574688,0
HK.01326,492,0.027000000700354576,0.027000000700354576,0.0,,0.0,0.0,0.0,0.027000000700354576,0.027000000700354576,0.0,0.0,0.0,0.0,-3.5714290465931358,0
HK.01327,492,1.5049999952316284,1.5049999952316284,0.0,0.0,7130.0,10730.64996600151,0.0,1.6026999735832215,1.007324992120266,-8.787877758891334,5.244758771657432,168.7499980043088,106.16437752176631,128.03029324671274,0
HK.01328,492,3.0999999046325684,3.240000009536743,-4.320990879385587,0.42977890263120194,20441.0,63367.09805059433,2.64285389832755,3.5361999893188476,3.679450000524521,-9.620995793059073,-31.11111323038737,14.39113878213328,1.639342724524056,-55.137482299749095,0
HK.01330,493,6.034999847412109,5.894999980926514,2.3748917207560702,0.5668392794893031,982917.6,5931907.566018676,2.8631555508319537,5.800300025939942,5.52569301366806,-2.2672119675852676,13.439843095483322,16.65699311292747,20.687370868125694,25.91668890251228,1
HK.01332,493,0.14900000393390656,0.14800000190734863,0.6756770362637876,0.336471331564791,921984.35,137375.67177700027,3.2704930670050474,0.1507200014591217,0.15409500032663345,-6.289302399771178,-7.453412814832153,-8.58895604568897,-41.56862481563465,49.00000171363351,1
HK.01333,354,13.149999618530273,17.600000381469727,-25.28409469595617,4.89548714794496,2486910.0,32702865.551319122,10.72682569304559,12.496600017547607,17.790550022125245,9.31005744322209,-18.119551333629847,-31.794610216799647,-53.03571564810616,-71.52447048152911,0
HK.01334,493,0.8650000095367432,0.8399999737739563,2.976194826586312,0.015654351909830933,769250.0,665401.2573361397,4.475692654543349,1.0392999923229218,1.2465549024939537,-13.065326091319108,-21.363637201056974,-35.110369621103516,-22.90889812726363,0.2184292403206428,1
HK.01335,492,0.09799999743700027,0.09799999743700027,0.0,0.0,149900.0,14690.199615806341,3.2677173566683537,0.10432000041007995,0.11643000014126301,-10.909092756342305,-4.854371530506945,-17.6470628747595,-27.407412190495993,-29.496403995998342,0
HK.01336,493,44.81999969482422,44.220001220703125,1.3568486150113077,1.424605362600341,4583995.25,205454665.70607567,2.1308933146792994,46.8807999420166,49.31784173965454,-6.81912449760594,-3.6604030959749276,3.714472348501567,-16.105702598765944,11.256796304878227,1
HK.01338,493,0.03200000151991844,0.03099999949336052,3.2258130416166604,0.270625136771464,2778900.0,88924.80422370136,8.91373683634185,0.03099999975413084,0.03266999960877001,3.2258130416166604,10.34483600243968,-5.882353585690328,-11.111103062644071,-27.27272342428686,1
HK.01339,493,5.329999923706055,5.340000152587891,-0.18727019842854478,1.1056610466637184,31142016.35,165986944.7695527,2.747909023344569,5.4300150680542,5.535807056427002,-6.7786475130314345,7.655033738810313,2.338534512024651,-19.15255351636724,-10.820422244735104,0
HK.01340,493,0.4699999988079071,0.47999998927116394,-2.083331393077926,0.2612244897959184,77062.5,36219.37490813434,3.930363665346427,0.5125999963283538,0.46639999955892564,-3.0927866092331895,-16.071429141626066,19.897962015266543,36.62790199021462,19.897962015266543,0
HK.01341,493,0.02500000037252903,0.026000000536441803,-3.846154397232281,5.465460450011598,27445400.0,686135.0102242082,5.664321389743578,0.016720000691711902,0.03777000037021935,56.24999490682991,56.24999490682991,-21.875002546585044,-69.13580210007031,-90.38461488864476,0
HK.01343,492,0.12700000405311584,0.125,1.6000032424926758,0.05419281232173417,1757750.0,223234.25712436438,8.373677677053152,0.1385199999809265,0.12875999983400108,-2.3076856065781524,5.833339076489338,-3.7878751960010706,4.098362808216622,69.33333200878572,1
HK.01345,492,2.075000047683716,2.119999885559082,-2.12263397662868,0.0,11950.0,24796.250569820404,0.4011277838198501,2.1922999954223634,2.2224808406829832,-5.681818058668092,-6.108596748100095,-6.3527114162203455,-5.520298438050591,10.718407967793992,0
HK.01346,493,1.350000023841858,1.3600000143051147,-0.7352934086817846,1.9056069507013527,127747.85,172459.6005457461,0.35833085530250625,1.3396365761756897,1.355635924935341,0.0,-1.4521179192499911,-4.309600446891234,-1.032538269573142,-7.9665593327145015,0
HK.01347,493,95.5999984741211,105.30000305175781,-9.211779958704183,1.800919298403779,15666711.95,1497737638.5144947,4.7526052885254115,118.49599990844726,117.55100025177002,-14.336917758749108,-48.629771446141234,17.300611624688457,17.58916960096485,40.07325783754007,0
HK.01348,493,0.1469999998807907,0.16699999570846558,-11.97604571355149,2.0389938979014732,849280.0,124844.15989875793,7.782646219283029,0.18744000047445297,0.2113799998164177,-20.108695872240684,-52.580645564443486,-23.036649132966964,13.076927132860591,-8.695651369097417,0
HK.01349,493,2.5450000762939453,2.549999952316284,-0.19607357316996205,0.8064,1077350.0,2741855.832195282,3.5194755175369172,2.542000012397766,2.721799999475479,0.19685490220520294,6.041665631863847,-11.631945306780127,-9.751768207760998,-26.65705892477344,0
HK.01351,493,0.32499998807907104,0.3199999928474426,1.5624985448084445,0.3398961700460378,2033000.0,660724.9757647514,13.10826862382708,0.22778000056743622,0.29901500076055526,95.7831328005001,29.999995231628418,-4.411769217479552,-9.722229120907686,-45.83333747254461,4
HK.01354,493,2.9000000953674316,2.950000047683716,-1.6949136104436064,1.067496409765438,61335.0,177871.50584936142,2.609508695511327,2.517500002384186,2.646424995660782,1.7543927160695634,49.48453658926256,0.6944437545758981,-7.936507696227189,-42.11576920397322,0
HK.01355,493,0.20000000298023224,0.19900000095367432,0.5025135787766731,0.7722007722007722,1200000.0,240000.0035762787,5.458313547451868,0.17003999948501586,0.14740619491785764,44.92754202208546,37.931040507009456,27.388532674164196,60.00000238418579,47.05881772878705,1
HK.01357,493,3.5999999046325684,3.7049999237060547,-2.834008670328296,0.7614162304406195,49729591.6,179026525.01741657,4.675945979989537,4.280886902809143,5.074039880037308,-18.735890651655588,-14.901006264510288,-14.604296984310869,-50.34865292038951,-57.44988442888618,0
HK.01358,493,0.9100000262260437,0.8899999856948853,2.2471956014182424,6.90419365837027,364300.0,331513.0095541477,1.5533769575334404,0.9335999965667725,1.1083403491973878,-7.142856273984786,-16.513761618394014,-10.86448205270481,-28.691585642163847,-39.182657413658575,1
HK.01359,493,0.8799999952316284,0.8849999904632568,-0.5649712187014997,1.2901356596072526,24251890.75,21341663.744357973,2.4439633261821343,0.915499997138977,1.063304398059845,-2.222220161814694,-7.368420392192293,-19.449111678478,-30.517166939425206,-28.888667327497597,0
HK.01361,493,4.400000095367432,4.385000228881836,0.3420721939031833,1.073494157084836,1993396.3,8770943.910105085,2.2369785848566055,4.4726707649230955,4.907818933725357,-2.222220102945964,9.400041163719209,-21.64951526126525,-12.183373722931165,-16.37992125413412,1
HK.01362,492,0.8299999833106995,0.8299999833106995,0.0,0.0,3200.0,2655.9999465942383,0.8801471102587021,0.8269999861717224,0.7409812362492084,4.40251143228309,1.219511042741837,19.99999827649219,52.7272693372326,124.00000321721467,0
HK.01364,409,23.399999618530273,22.360000610351562,4.651158228042459,2.1625683386497943,3551997.4,83116737.80502053,3.380459022184951,23.44480007171631,24.611780700683592,-2.5000015894571943,9.38288998585765,-13.167801347461461,-3.5433702012128134,13.34078816972157,3
HK.01368,493,3.4700000286102295,3.450000047683716,0.5797095840604812,0.38299867407440163,11433957.6,39675833.19912815,2.459844246670762,3.463533182144165,4.13058516740799,0.0,-1.8324206517401835,-17.220238613899905,-30.21743099577169,-35.07187036211235,3
HK.01370,493,0.1379999965429306,0.1340000033378601,2.985069481666457,0.3443693303287687,2627400.0,362581.19091689587,21.94012844102518,0.13760000035166742,0.20518500052392483,-13.750000232830647,10.399997234344482,-41.02564184205355,-56.87500011641532,-47.92452679532573,1
HK.01371,492,1.1050000190734863,1.2699999809265137,-12.992123175675447,1.247594673910943,38481.2,42521.72673397064,4.80076472560668,1.171800003051758,1.6048999965190887,-12.992123175675447,-3.070172549174617,-39.617486712561586,-51.53508627458731,-71.66666687044324,0
HK.01372,493,1.100000023841858,1.184999942779541,-7.172989286253206,0.6447786485914001,1124550.0,1237005.0268113613,7.062893153939761,1.289100000858307,1.1825749969482422,-15.708807045643821,20.879120015389788,-5.1724090091395505,-29.487175372460268,-8.333334989017844,0
HK.01373,493,0.6399999856948853,0.6399999856948853,0.0,0.6981371185738166,326360.75,208870.87533137202,2.1380658159627544,0.6364286863803863,0.6769727805256843,1.2658254111966198,3.6392394525335416,-10.366061539396492,-7.876228633771086,-13.110779241430068,0
HK.01375,493,1.5,1.5449999570846558,-2.9126186624346984,2.4232807590999967,4979950.0,7469925.0,2.4725090887814485,1.6749386286735535,1.8551853722333909,-13.599444967137622,-10.201471113296162,-16.99703283590793,-28.90949923304435,-38.08246098031064,0
HK.01376,492,0.09600000083446503,0.09600000083446503,0.0,,0.0,0.0,0.0,0.09600000083446503,0.11125000081956386,0.0,0.0,0.0,-33.79310096770199,-70.90909181219155,0
HK.01377,65,253.1999969482422,271.79998779296875,-6.8432640471250705,0.8331806358687439,134602.6,34081377.909225464,7.004138484215522,316.7017654418945,,-22.499575921455424,,,-31.886015606637407,,0
HK.01378,493,20.959999084472656,20.979999542236328,-0.09533106863709664,0.800928281393878,21272953.15,445881078.54802966,2.755604193664935,22.68,28.62775382041931,-14.309076578101019,-0.19048055013020831,-38.113003106436565,-34.91132447460611,-11.285383477963503,0
HK.01379,492,1.8300000429153442,1.8300000429153442,0.0,0.0,4525.0,8280.750194191933,0.0,1.7420000100135804,2.548200740814209,5.780348135222196,1.6666717440995042,-39.639337726158544,-39.82796637800109,-46.36475752122748,0
HK.01380,493,0.35499998927116394,0.38999998569488525,-8.974358386541944,0.32610148930550165,305653.0,108506.81172069907,4.310694970996504,0.4267999964952469,0.6103499983251095,-14.457832190515981,-39.83050761843367,-48.55072601481012,-49.28571495474603,102.85714018101591,0
HK.01382,493,0.8650000095367432,0.8600000143051147,0.5813947847045612,1.3838818221752058,396153.55,342672.82452801464,3.3224054346582377,0.9336030900478363,1.0851198440790177,-7.978722156308363,-3.998857958676547,-19.708135650685186,-29.903924132378062,-37.02687247773008,1
HK.01384,233,20.940000534057617,23.420000076293945,-10.589237976760806,1.0271405647214693,1879263.8,39351784.97563515,6.480766807920581,32.02479988098145,53.95799996376038,-39.65417846208779,-43.709677138181355,-30.199998219807945,-68.22458262639874,,0
HK.01385,493,24.15999984741211,25.65999984741211,-5.845674235852654,1.8844292639068194,2344419.5,56641174.762269974,4.328691254499352,26.01439998626709,36.59303031921387,-6.933741527507113,-25.20123709572328,-38.597261220636305,-48.735735157955304,-41.98074226442601,0
HK.01388,492,0.23499999940395355,0.23499999940395355,0.0,0.0,28150.0,6615.2499832212925,1.3656444457282557,0.260860002040863,0.3246650032699108,-12.962966642261877,-14.545456614376054,-33.802815068692674,-36.48648746610993,-42.6829264746898,0
HK.01389,492,0.5199999809265137,0.5199999809265137,0.0,0.0,135960.0,70699.1974067688,2.162793072947611,0.494200000166893,0.41476499900221825,7.216487750324138,14.285706800044828,107.99999237060547,44.4444334065477,-20.0,0
HK.01392,77,20.65999984741211,22.799999237060547,-9.385962549375652,0.18041419470662737,4929932.0,101852394.36775208,13.973073412781636,24.670400161743164,,3.299999237060547,20.11627285463764,,-22.621725628978552,,0
HK.01393,493,0.026000000536441803,0.02500000037252903,4.000000596046439,0.01278324158264778,2156900.0,56079.401157051325,10.574079856578123,0.03146000005304814,0.0499099999666214,-7.1428580931862715,-31.57894375664364,-55.93220274772359,-58.73015854243939,-55.93220274772359,1
HK.01395,493,0.17000000178813934,0.13500000536441803,25.925922246627014,39.111111111111114,33250.0,5652.500059455633,4.296235893320451,0.12810000136494637,0.14876000098884107,26.865669816075194,37.09677787619754,3.6585348124734343,6.250003492459733,5.590064238813971,1
HK.01396,493,10.75,10.800000190734863,-0.46296472085026064,0.8818739926557725,3505073.85,37679543.8875,5.185164727056614,10.764800071716309,9.465000042915344,-8.898306557310937,-5.4529453984123375,88.5964975389346,107.93036443639694,98.70610541962024,0
HK.01397,493,0.75,0.7549999952316284,-0.6622510282393388,0.1750291715285881,69160.0,51870.0,0.7703515119756161,0.7918000030517578,0.9871468707919121,1.3513500451867637,-18.47826234841389,-20.0,-30.434782608695656,-27.927926276677823,0
HK.01398,493,7.565000057220459,7.579999923706055,-0.1978874226460663,1.8055090656890735,135597787.95,1025797273.6007175,1.8382837082375214,7.475900001525879,6.780720076560974,0.26507595393342304,10.923751712715827,15.432575070494833,22.71538157553074,39.94270844818841,0
HK.01399,493,0.33000001311302185,0.36000001430511475,-8.333333333333332,0.7447973713033954,90300.0,29799.001184105873,6.248295642898903,0.3519999998807907,0.2933899999409914,-15.384608918628043,-16.455695151977128,74.6031856160428,75.53192787901143,81.31869220529249,0
HK.01400,493,0.03099999949336052,0.032999999821186066,-6.0606070868568365,0.19051752048950316,77617267.15,2406135.242326028,16.44676793335595,0.024559999853372573,0.01965999972075224,40.90908936971475,72.22222682134625,82.35292828619343,72.22222682134625,47.6190471966791,0
HK.01401,493,0.27000001072883606,0.27000001072883606,0.0,1.9001835947828607,2177527.0,587932.3133623302,5.185915642373633,0.2514799991250038,0.5447100015729666,14.40678351365843,1.8868020014566025,-68.23529374640707,-59.09090909090909,-63.01369812681386,0
HK.01402,493,0.5,0.5400000214576721,-7.407411086706321,0.26471366804906027,5698000.0,2849000.0,11.898341945704967,0.4307999992370605,0.3021649996191263,31.578949019519264,96.07843503911701,85.18517782658735,108.33333798994632,100.0,0
HK.01405,493,29.459999084472656,29.239999771118164,0.7523916384287961,0.7999140441386732,230825.4,6800116.072673035,3.277852829032024,33.02839992523193,47.92779979705811,-2.9644318438255937,-12.164584733704794,-40.24340864020432,-59.196675443640856,-65.11545275421604,4
HK.01406,492,0.35499998927116394,0.35499998927116394,0.0,,0.0,0.0,0.0,0.35499998927116394,0.35499998927116394,0.0,0.0,0.0,0.0,0.0,0
HK.01407,493,0.699999988079071,0.6949999928474426,0.7194237817389376,0.5628220372572335,250900.0,175629.99700903893,3.662006954847831,0.6496000015735626,0.5871612799167633,4.477607558580467,22.80701699349358,32.13564547206166,16.972537967354008,15.08588727217743,1
HK.01408,493,0.4350000023841858,0.45500001311302185,-4.395606626909715,1.1868256672345259,355700.0,154729.5008480549,4.418200404421229,0.3691000026464462,0.3584932835400105,17.567566696791175,31.818177302678606,13.528856325057555,85.20597156356611,84.42450678164965,0
HK.01410,493,1.149999976158142,1.090000033378601,5.504581737815471,0.6567278653947558,2085100.0,2397864.950287342,6.552522580856951,0.8568999981880188,0.7410249972343445,41.97530528064037,43.74999487772592,71.64178321079538,134.6938681175491,270.9677313914781,2
HK.01412,492,1.0449999570846558,1.0449999570846558,0.0,0.0,96800.0,101155.99584579468,0.9857855897907583,1.0512904453277587,1.123411990404129,0.48076878990645744,0.48076878990645744,-6.907532762012739,-30.32701835059627,-33.664640783847524,0
HK.01413,493,0.21199999749660492,0.21299999952316284,-0.4694845205617836,2.111083186730334,397200.0,84206.39900565147,5.367760710639783,0.21119999915361404,0.27400572948157786,-11.297069434051386,12.169313462489875,-28.135590874508274,-44.93506422129703,-61.10091908172103,0
HK.01415,493,22.0,23.34000015258789,-5.741217411428826,1.398784457119449,1615780.65,35547174.3,3.5920017135380298,23.209599990844726,26.104553003311157,-10.204081632653061,-5.57939604990541,-4.411234195350265,-21.020635103230294,-39.54348114366103,0
HK.01416,493,0.17900000512599945,0.18000000715255737,-0.5555566593452297,0.3373493975903614,620000.0,110980.00317811966,1.7614124214173303,0.18624000042676925,0.1891449999064207,-3.2432417193845575,-3.2432417193845575,-2.185788656584579,-3.2432417193845575,10.493829999459143,0
HK.01417,493,5.414999961853027,5.664999961853027,-4.413062695206528,0.6719754423520159,767443.0,4155703.815724373,8.492478334650833,6.170999956130982,2.4078449863940476,12.81249472250562,39.92248377213443,2466.3507479182513,2541.4634190663774,2065.999984741211,0
HK.01418,492,0.11299999803304672,0.11299999803304672,0.0,0.0,146300.0,16531.899712234735,3.9390091360202195,0.1271799996495247,0.16643217019736767,-2.586205789152674,-23.12925297640558,-38.14997646970546,-49.82980655240473,-43.79973744115252,0
HK.01419,492,0.7900000214576721,0.7900000214576721,0.0,0.0,35100.0,27729.00075316429,1.7267222353022158,0.7578000009059906,0.7875999993085862,3.2679785921928044,2.597407925529181,-4.819272609316895,-1.2499987892806712,-14.622392533666307,0
HK.01420,493,0.2549999952316284,0.25,1.9999980926513672,0.030349013657056147,256200.0,65330.9987783432,4.890163620886904,0.23481999903917314,0.2280349985510111,-5.5555610745039266,32.81249636202123,-7.272731016490004,48.25580614629561,46.5517256144631,3
HK.01421,492,0.6549999713897705,0.6449999809265137,1.5503861641813224,0.01686435437629996,878700.0,575548.4748601913,5.469714082405077,0.6359999978542328,0.4723999987542629,9.166657560401854,67.94871677308389,74.66665903727213,65.82277306301697,67.94871677308389,2
HK.01425,493,0.5600000023841858,0.5600000023841858,0.0,0.20847048496818082,1284600.0,719376.0030627251,1.3748608811029137,0.5843999946117401,0.5986752292513847,-7.438019052993552,-11.111110059882801,-6.976743495271827,-4.023620922742989,-4.023620922742989,0
HK.01427,493,0.19099999964237213,0.1899999976158142,0.5263168626875233,0.16260162601626016,17550.0,3352.049993723631,8.341503392290264,0.20471999943256378,0.21333999946713447,4.3715854558802665,-19.067797252276407,-4.500001601874804,-23.600000143051147,-7.729469781417245,1
HK.01428,493,6.53000020980835,6.735000133514404,-3.0437998462085147,3.157163516647738,4026573.15,26293523.514308665,3.0244832615728794,7.110699987411499,8.762675018310548,-9.868870766663337,-9.05291969457716,-48.37944342509766,-22.995276387877357,-30.679403854342546,0
HK.01429,493,0.1940000057220459,0.1940000057220459,0.0,0.7483461549974556,2631360.0,510483.8550567627,7.02670534332143,0.18088000044226646,0.20193499952554703,-5.825240049749624,-3.9603965508681735,-37.41935347419128,102.08333753721992,288.0000056624412,0
HK.01431,493,0.29499998688697815,0.2849999964237213,3.508768627628134,5.84780903283649,553400.0,163252.9927432537,3.645659294217659,0.3044000017642975,0.2941250012814999,-9.230769936149668,15.68627153071743,-11.940304615312076,13.461537579812916,5.357137725365427,1
HK.01432,493,0.3050000071525574,0.3149999976158142,-3.174600171093715,2.4278493061088526,969552.9,295713.64143478277,4.272715603672082,0.3581000018119812,0.3442750018835068,-14.084502430904152,-3.174600171093715,-10.294116486933829,-10.294116486933829,0.0,0
HK.01433,492,0.08100000023841858,0.08100000023841858,0.0,,0.0,0.0,0.0,0.08100000023841858,0.08535500016063452,0.0,0.0,3.846152009225729,-14.736840784384587,-16.49484757802371,0
HK.01440,493,20.18000030517578,20.0,0.9000015258789064,0.7311488450183613,2433750.0,49113075.74272156,11.716294632207946,15.49420000076294,13.020150001049041,77.95414491745419,45.809249152373724,49.37083614576661,169.0666707356771,119.58652041999444,4
HK.01442,492,0.2800000011920929,0.2800000011920929,0.0,0.0,51250.0,14350.00006109476,0.0,0.28069999933242795,0.29904999971389773,0.0,-6.666669978035689,5.66038351204981,-13.84615031925166,-30.00000074505805,0
HK.01443,493,0.11800000071525574,0.1289999932050705,-8.527126410253478,0.07363537864363633,8773700.0,1035296.6062754393,18.72565283376913,0.06751999944448471,0.05636499989777803,66.19717866460205,162.22221339190483,140.8163342884015,63.88889693735593,103.4482829494229,0
HK.01446,492,0.28999999165534973,0.28999999165534973,0.0,0.0,9000.0,2609.9999248981476,1.6875309147237252,0.30529999792575835,0.36005000174045565,-4.918037752603991,-13.432840468172232,-21.62162488703309,-39.58333372138442,-33.333335617036184,0
HK.01447,493,0.5299999713897705,0.5299999713897705,0.0,4.148148148148148,146200.0,77485.99581718445,0.8473116038555982,0.5547000026702881,0.5428416784107685,-1.8518610500991368,-11.666674945089223,-1.7170374839081275,20.963638974322418,11.188799995998568,0
HK.01449,493,1.524999976158142,1.9850000143051147,-23.173805281205702,1.9053972913469879,1540350.0,2349033.713275194,10.571838175093298,1.2345999956130982,0.5151349968463182,4.8109918335494255,425.8620758756873,464.814783540774,475.4717201811442,475.4717201811442,0
HK.01450,493,0.574999988079071,0.6100000143051147,-5.737709082829153,0.15148280452599072,736652.0,423574.89121842384,8.112004762849187,0.7695999991893768,0.8075240516662597,-26.28205010641722,-25.324675023083255,-22.29729990962647,-46.15339059691157,-38.61486658249852,0
HK.01451,493,1.4199999570846558,1.4249999523162842,-0.35087687010102087,0.14061207609594706,241000.0,342219.98965740204,5.424188416149329,1.2621000075340272,1.2148250022530556,15.447149192265003,43.4343377177466,17.355364654308836,15.447149192265003,62.14770770345096,0
HK.01452,493,0.15800000727176666,0.18799999356269836,-15.957440062851196,15.747224594363791,102750.0,16234.500747174025,3.9016002556516285,0.18322000056505203,0.15205000016838313,-23.671494906790358,5.333333995607138,39.82301771860185,37.39130817874837,46.29629923462533,0
HK.01455,493,0.3100000023841858,0.3199999928474426,-3.124997089616889,0.42386831275720166,1224250.0,379517.50291883945,7.293480439403412,0.25881058633327486,0.22693323493003845,19.230774521122513,42.586576782026526,51.089449174822576,41.97199192515985,32.81250418954343,0
HK.01456,493,3.490000009536743,3.5299999713897705,-1.1331434044538888,0.7837569263142034,1488251.35,5193997.225693071,3.2572810875518927,3.799200005531311,4.371181335449219,-9.935483624858241,-9.11458105353323,-17.2550789235765,-32.38557676824944,-38.265091335953805,0
HK.01458,493,1.0700000524520874,1.0549999475479126,1.4218109620800314,1.2074483597537504,1457408.5,1559427.171444118,4.398710586622364,1.2035999941825866,1.417200002670288,-16.078425689368636,-15.748026100639676,-24.647881352837427,-34.75609379357908,-46.23115340078942,2
HK.01459,492,0.19499999284744263,0.19499999284744263,0.0,0.0,38100.0,7429.499727487564,1.5401023929339583,0.20766000032424928,0.22556999944150447,3.174601797994651,-4.87805143982653,-11.764709451968331,-19.08713877668019,-23.52941313966888,0
HK.01460,492,0.25,0.25,0.0,0.0,56800.0,14200.0,0.2207470375872816,0.2446599954366684,0.24529499925673007,-5.660372265889812,-7.407411086706321,19.04762276446209,-12.280700653653822,-26.470589008710782,0
HK.01461,493,0.6150000095367432,0.6449999809265137,-4.651158492543967,5.265092178210338,138497.7,85176.086820817,2.838416146984434,0.671300003528595,0.6329302659630776,-9.558823078252045,9.821429806856472,-4.0234927843125945,-5.47769227887063,-18.980869553473198,0
HK.01463,493,0.36500000953674316,0.36500000953674316,0.0,3.076923076923077,37500.0,13687.500357627869,1.1558994632020168,0.3570000040531158,0.2999249990284443,-3.9473647060816504,19.672131467909935,25.862075875687317,43.13726131845477,46.000003814697266,0
HK.01466,493,1.7000000476837158,1.784999966621399,-4.761900309643631,0.8624737469297257,3040255.0,5168433.644970655,9.294262156260633,1.2030000054836274,0.7808750024437905,36.000003814697266,49.12281307157064,165.6250133877623,198.2456261431413,203.57143579393014,0
HK.01468,492,0.18000000715255737,0.18000000715255737,0.0,0.0,333020.0,59943.60238194466,3.2488340642076707,0.1818600007891655,0.3506700000911951,-6.735749375135645,-5.759158382414196,-46.2686559197419,-73.52941099128923,-81.99999928474426,0
HK.01470,493,0.11999999731779099,0.12300000339746475,-2.439029265698055,1.8918918918918919,81000.0,9719.99978274107,3.812140266491644,0.12587999984622,0.14073500096797942,15.384610424909468,-17.241378778793283,-17.241378778793283,16.504851630006193,-5.511816151121705,0
HK.01471,492,9.899999618530273,9.899999618530273,0.0,0.0,2805.0,27769.498929977417,1.1155550797515605,8.65009997367859,16.65405681371689,23.749995231628418,-15.384617265629846,-75.08508496207837,-43.986496198966854,-24.090305382736258,0
HK.01472,493,0.0949999988079071,0.0949999988079071,0.0,0.05875440658049354,318150.0,30224.249620735645,1.4483591483099796,0.10317999958992004,0.09352500010281802,-5.940598514708368,-5.940598514708368,23.376622496979856,61.01694615604344,33.80281084162281,0
HK.01473,493,1.4450000524520874,1.5449999570846558,-6.472485916521552,1.3251330602685008,1483911.1,2144251.617334235,6.879567087726218,1.2535028600692748,0.8919038861989975,21.94093858457824,9.993471101115357,232.4802904609129,248.3126795579634,204.7736082970869,0
HK.01475,493,6.619999885559082,6.739999771118164,-1.7804137927911843,5.26562771109043,46402.95,307187.5236896038,1.4938198656639974,6.625199956893921,6.823018817901612,1.611665713358284,2.9548998801381154,-6.154897746213552,-1.9508558817038182,-0.8040836592254911,0
HK.01476,492,1.090000033378601,1.0950000286102295,-0.4566205571678748,0.0,50.0,54.500001668930054,0.0,1.2047000074386596,1.4337588614225387,-9.166667494508921,-6.034477177329475,-27.840458584382098,-39.66989136918115,-43.09067219553802,0
HK.01477,493,5.050000190734863,5.21999979019165,-3.2566974384982807,0.6493577294770853,421340.5,2127769.6053643227,5.041112505725227,5.2536000156402585,6.366299996376037,-5.8713810591207,3.2719903602831493,-33.28929886105211,-33.11258194493725,-38.036804575390235,0
HK.01478,493,4.835000038146973,5.019999980926514,-3.6852578382957804,1.2537363074812236,3850001.7,18614758.36636591,3.263724946035861,5.792994976043701,7.4056544637680055,-13.34419550890489,-27.99553986532961,-30.63645619195907,-40.018569893418324,-66.00561130210089,0
HK.01480,493,1.0,1.0,0.0,0.12558869701726844,60800.0,60800.0,2.2715432403132096,1.0760999846458434,1.1562182584404945,-4.30621616580701,-21.259841337126502,5.471841637737775,-14.743593782872102,-16.141241183622377,0
HK.01481,493,1.375,1.375,0.0,2.4,14000.0,19250.0,0.12662325647412456,1.4527000069618226,1.997575000524521,-5.821920268910022,-8.333333333333332,-48.50187413070981,-25.675676633529704,83.33333333333334,0
HK.01483,493,1.1699999570846558,1.2050000429153442,-2.9045713347868625,0.8813379346960446,391700.0,458288.98319005966,5.231392472106123,1.1589999961853028,1.1591999977827072,3.539819647948593,10.37736040029132,-2.5000074505803007,7.339442317087295,11.42857240170853,0
HK.01486,492,0.3799999952316284,0.3799999952316284,0.0,,0.0,0.0,0.0,0.4047999942302704,0.5769250005483627,-2.5641002128344392,5.555550036607185,-44.927536732658226,-40.62499941792338,0.0,0
HK.01488,493,1.0199999809265137,1.0099999904632568,0.9900980750178164,2.1739130434782608,5100.0,5201.99990272522,0.0,0.9208000171184539,0.7917000046372413,9.677416460405757,17.241376475403356,27.49999571591622,69.99999006589293,69.99999006589293,1
HK.01489,493,3.4600000381469727,3.5450000762939453,-2.397744324898136,0.1882223030881006,4667580.0,16149826.978054047,20.29652380885613,2.2086000096797944,0.8867500007152558,41.224488604322,552.8302311175848,810.5263372537504,787.1795295023135,932.8358065553542,0
HK.01490,492,0.25999999046325684,0.2549999952316284,1.960782480441495,0.41208791208791207,144400.0,37543.99862289429,1.5309903445008033,0.2556399953365326,0.23994499802589417,4.417667702546728,-5.454550971669479,0.0,37.56613573065953,28.71286208437288,1
HK.01496,493,0.20200000703334808,0.19900000095367432,1.5075407363300193,3.8095238095238093,100000.0,20200.00070333481,1.297135382712265,0.18310439914464952,0.1680058328062296,6.315794509533763,26.320700292011978,19.102379000433764,36.22821839379628,37.31754713988105,1
HK.01497,492,6.300000190734863,6.300000190734863,0.0,0.0,18560.0,116928.00354003906,3.7646735484534304,5.976827363967896,5.824257986545563,-2.9275745313403254,0.016457373887613244,27.150226775264212,16.78824541900737,-7.6667435408236715,0
HK.01498,493,0.24500000476837158,0.24500000476837158,0.0,0.1757647456481325,67962.5,16650.812824070454,3.129397343426025,0.2676800000667572,0.3049700008332729,-5.769225478877488,-18.333334989017843,-19.672131467909935,-29.99999744551518,-45.55555305363213,0
HK.01499,493,0.11599999666213989,0.12399999797344208,-6.451614066167647,0.5556385362210605,666100.0,77267.59777665138,4.098350530847512,0.11706000059843064,0.14512000016868115,-7.9365120663333455,4.504500150622547,-28.83435896896765,-36.61202310380279,-66.37681244551898,0
HK.01500,493,0.3400000035762787,0.3449999988079071,-1.449273985189887,0.14402304368698993,1035250.0,351985.0037023425,7.008084220627783,0.33505609691143035,0.22294353645294904,0.5772088843249522,56.770137275644906,86.16453321823671,214.81480996018422,469.44441082180805,0
HK.01501,493,32.84000015258789,33.2400016784668,-1.2033739641416181,0.8546833367493338,195820.0,6430728.829879761,3.147504062627217,33.632800254821774,32.83947051048279,-2.145414753397905,9.393736348511347,1.1616010021364166e-05,12.969290934987612,8.881584002285692,0
HK.01502,493,1.8650000095367432,1.8600000143051147,0.2688169458695616,1.7892425905598244,93500.0,174377.5008916855,0.8220112465425478,1.9613000106811525,2.0025962698459625,-3.367872527341392,-5.8080812337848275,-6.001387560300202,-0.4448140923233758,-14.726991814207551,1
HK.01508,493,1.2300000190734863,1.2000000476837158,2.499997516473233,1.0971858482360164,9195815.75,11310853.547896266,2.421427647029452,1.2499000167846679,1.338267184495926,-2.7667958116357503,5.128210614497419,-14.699970147434966,-25.721883634175175,-8.817212587198393,1
HK.01511,98,50.0,51.79999923706055,-3.4749020532276944,0.6445144753509005,364524.65,18226232.5,4.745125118899615,57.27000007629395,,-6.803357729856302,-18.0327868852459,,-13.043478260869565,,0
HK.01513,493,21.219999313354492,21.739999771118164,-2.3919064546380464,1.4772907744450097,1785201.3,37881970.36019955,3.466160833778965,22.62559986114502,25.442077674865722,-0.0941641147796442,-18.258859546544745,-17.764565379381782,-21.03790097230334,-32.893931200752284,0
HK.01515,493,2.299999952316284,2.315000057220459,-0.6479526796290845,0.6865820263878516,936375.0,2153662.4553501606,2.2325770134456424,2.4609135246276854,2.6462573444843294,-8.421894411721514,-3.5427392029129257,-8.680100781419505,-23.99461598600547,-28.855426178306082,0
HK.01516,493,0.7400000095367432,0.7400000095367432,0.0,0.866890222904694,3576478.5,2646594.124107957,3.302071020003075,0.805499997138977,1.022452541589737,-8.074533793574973,-6.329115261120019,-12.94549369515812,-46.523659234249834,-52.91391501571402,0
HK.01518,492,0.20000000298023224,0.1899999976158142,5.263160784158717,0.017969451931716084,27750.0,5550.000082701445,2.342020029329909,0.24377999901771547,0.4762949979305267,-19.6787130088395,-47.36841960792064,-62.96296388278769,-69.69697044955356,-71.42857051625542,1
HK.01519,493,8.6899995803833,9.03499984741211,-3.8184866945805966,1.0205332448269828,32493935.3,282372284.1220021,3.0319595104000063,9.592500038146973,9.835025029182434,-9.620387028124615,-8.814272572135758,-4.295158002199333,-16.52257725494967,-12.133475442694348,0
HK.01520,493,0.5849999785423279,0.6899999976158142,-15.217394121202505,4.601437949359175,586950.0,343365.73740541935,5.591839120890368,0.609799997806549,0.6892750008404255,-21.47651344992802,18.18181270848079,-12.686572541742155,-46.33027884145635,-62.25806473941387,0
HK.01521,493,1.159999966621399,1.149999976158142,0.8695644061371431,0.29304029304029305,54100.0,62755.99819421768,1.8578395217330506,1.1990999960899353,1.0662250006198883,-1.694913713180618,8.41120651938861,5.454540134461573,14.851482928167314,-7.200002670288086,1
HK.01522,493,0.20900000631809235,0.21299999952316284,-1.8779310863967928,1.2410197723949392,380600.0,79545.40240466595,2.624860857923415,0.2186000007390976,0.2679825919121504,-5.429861751611939,-18.03921167596577,-24.76000131320947,-33.611760836818945,-34.57391174384913,0
HK.01523,493,7.699999809265137,8.015000343322754,-3.9301374992459253,1.5386042014692496,484305.0,3729148.407626152,3.202868297047484,7.544432916641235,7.574935021400452,7.093181474074085,2.2854374621767852,10.175617043550975,31.0910751865105,18.21262235645168,0
HK.01525,493,2.1700000762939453,2.1449999809265137,1.1655056218990303,1.1437095972153157,98525.0,213799.25751686096,1.0699769140540907,2.3159220123291018,2.2383363258838656,-5.535631662819235,-2.1917564441869173,8.088426527958388,-15.707167230184659,-20.58588332503707,1
HK.01526,493,0.8650000095367432,0.9200000166893005,-5.978261538568189,0.025220680958385876,73000.0,63145.00069618225,4.843067442453745,0.909300000667572,0.8959083396196366,4.216870714434931,-17.6190429696148,-2.7847144097190824,-17.32158782655521,-13.268711695746644,0
HK.01527,492,2.3299999237060547,2.3499999046325684,-0.8510630526872615,0.0,9570.0,22298.099269866943,1.6036894098382666,2.138899998664856,1.9936250007152558,6.8807271722693395,19.487172652827223,21.989526933217395,19.487172652827223,4.01785329402407,0
HK.01528,493,1.0299999713897705,1.0199999809265137,0.9803912402207475,1.3920996868204671,1938702.65,1996863.674033272,3.160155064507638,1.0557999873161317,1.2095499902963638,-6.7873345148538,4.040400148253006,-19.531250436557468,-17.60000228881836,-25.362320655886055,2
HK.01529,493,1.0700000524520874,1.065000057220459,0.4694830951162475,0.021378941742383754,177300.0,189711.0092997551,5.943453418346799,0.7375000053644181,0.5372500021755695,19.553081034081337,164.19754303768082,125.26317176396185,81.35594915501319,109.80393577657841,1
HK.01530,493,14.989999771118164,15.699999809265137,-4.522293291544985,1.9435833902869388,18638650.8,279393371.2259514,4.492101945178394,16.60820001602173,20.07129498004913,-7.1826617635404935,-14.060162108568322,-37.35028167384951,-38.11492133136265,-47.69136061964131,0
HK.01532,493,0.14900000393390656,0.14399999380111694,3.4722294083535084,1.7921146953405018,45600.0,6794.400179386139,2.3747206364104443,0.1453399994969368,0.11906000059098006,-0.6666679912142757,40.56604310695119,24.166672720263538,43.269231595848424,24.166672720263538,1
HK.01536,493,0.46000000834465027,0.36500000953674316,26.027396253627717,1.07592152779409,40036025.35,18416571.99508663,31.514430419937987,0.3288078594207764,0.2444419640302658,107.1176501766903,215.06850349677188,109.09091401691282,215.06850349677188,167.4418562341215,4
HK.01538,493,0.8600000143051147,0.8500000238418579,1.1764694332664312,0.5926058197521701,991927.25,853057.4491896331,6.2472617492618845,0.739900006055832,0.6587400549650192,6.172840959723081,1.1764694332664312,40.7473191404432,127.36106593852664,106.21118687077112,1
HK.01539,493,0.2800000011920929,0.2849999964237213,-1.754384313814067,0.5380134886572655,1326800.0,371504.00158166885,5.025342851542038,0.32119999945163724,0.3359949994087219,-12.49999767169351,-21.12675784386655,-28.20512526604305,-3.4482726727597,-25.333333015441895,0
HK.01540,493,0.5,0.5,0.0,0.21401358637338275,1265187.75,632593.875,4.973569677764414,0.4043206977844238,0.28865071006119253,23.614656146134116,70.58823050924664,99.32863340280498,113.2352881365583,118.31231153938191,0
HK.01541,493,3.1649999618530273,3.25,-2.61538578913762,1.0836165873555403,299430.0,947695.938577652,5.7009087478396285,3.376900010108948,4.2240250158309935,-6.911768438906714,-11.344537225856195,-29.19462840249197,-47.94407892157001,-72.06531347603264,0
HK.01542,492,0.6200000047683716,0.6200000047683716,0.0,0.0,28650.0,17763.000136613846,4.943110516477757,0.6460000014305115,0.9695500054955483,-8.148149063884787,-37.373737495367095,-43.63636442452421,-45.61403398698716,-54.411764834785124,0
HK.01543,492,0.1889999955892563,0.1889999955892563,0.0,0.0,18100.0,3420.899920165539,1.170212799685744,0.18601999580860137,0.2143299988657236,0.5319159897866804,13.855423363100646,-18.884120446152288,-39.03225995623481,-40.00000094610548,0
HK.01545,493,0.17800000309944153,0.17900000512599945,-0.5586603340340764,0.8695652173913043,365500.0,65059.00113284588,2.775130078681029,0.15948000013828278,0.12820500012487174,11.94969142880492,32.835819899677375,61.81818551268461,89.36171190886576,140.54054162901105,0
HK.01546,493,0.1459999978542328,0.13899999856948853,5.035970760276549,0.04457321149988857,703520.0,102713.91849040985,9.024383297497259,0.13263999968767165,0.18545499943196775,24.786324350904774,3.5460958429988323,-45.92592886936506,67.81609431647429,131.74602461269694,1
HK.01547,492,0.2370000034570694,0.23999999463558197,-1.2499963523198345,30.967741935483872,31600.0,7489.200109243393,0.2572568613397624,0.2156895551085472,0.2086302487552166,10.689935065499961,18.24925127696663,24.313315682002482,23.679063084965353,0.5854583291777938,0
HK.01548,493,40.70000076293945,42.900001525878906,-5.128206724217316,2.3730081487916865,34035930.8,1385262409.5273542,7.3305604416692125,33.007200164794924,17.98755003929138,20.843231574094943,206.70685274262928,270.00000693581325,218.2173642246266,159.5663263444253,0
HK.01549,493,0.07699999958276749,0.07599999755620956,1.315792182517271,0.11320754716981132,426400.0,32832.799822092056,4.409611579610796,0.07250000059604644,0.08974500022828578,4.054052149230698,2.666662030750035,-11.494250806418323,-26.66666477445566,-36.885246952849975,1
HK.01551,492,1.4900000095367432,1.4900000095367432,0.0,0.0,5900.0,8791.000056266785,0.6785618750594524,1.476800000667572,1.4816427797079086,5.673762043203308,-0.6666660308837891,1.4149214232754184,1.4149214232754184,-5.429031176576472,0
HK.01552,493,0.29499998688697815,0.2849999964237213,3.508768627628134,3.11046511627907,188000.0,55459.99753475189,1.7578015806918097,0.2726999968290329,0.253589998036623,7.272720179282098,11.320755777939622,17.99999475479126,31.69641865236829,82.0987568016442,2
HK.01553,493,1.590000033378601,1.590000033378601,0.0,0.8450704225352113,7400.0,11766.000247001648,0.0,1.5139000034332275,1.4794250059127807,6.000002225240072,-0.6249993946403356,8.163265471621946,5.298016120569697,6.000002225240072,0
HK.01555,493,0.028999999165534973,0.028999999165534973,0.0,0.05086058091875804,12463500.0,361441.48959964514,11.220048367406969,0.02634000010788441,0.03009500017389655,3.5714223942892365,15.999994933605269,-29.268296671934774,11.538456027677187,-17.142859879805105,0
HK.01556,493,0.23899999260902405,0.2370000034570694,0.8438772669962988,2.5974025974025974,53500.0,12786.499604582787,0.35459420903683747,0.25252000004053116,0.2926551789790392,-6.274510949724066,-8.076922547887749,-18.400725199449692,-26.560647448737427,-26.560647448737427,1
HK.01557,493,0.4699999988079071,0.4699999988079071,0.0,1.1111111111111112,25600.0,12031.999969482422,1.7391611926448742,0.5474000054597855,0.43760000050067904,-9.615381529345202,0.0,22.077924792250712,40.29850361208586,137.37373805790455,0
HK.01559,492,0.04899999871850014,0.04899999871850014,0.0,0.0,76500.0,3748.4999019652605,2.904163541395172,0.05038000009953976,0.061665910184383395,-3.9215693435775414,0.0,-16.949155217818355,-43.023259239044506,-25.757577296951922,0
HK.01560,493,0.25,0.27000001072883606,-7.407411086706321,0.07398861327782097,1590440.0,397610.0,11.496345983804854,0.2576199994981289,0.16462500043213368,-21.874998253770134,111.86440549544719,73.61111858468765,111.86440549544719,71.2328792289445,0
HK.01561,493,0.10199999809265137,0.11299999803304672,-9.734513391034234,1.5336780071586102,5869200.0,598658.3888053894,5.655548275216136,0.05663999997079373,0.05513500003144145,70.00000062088174,108.1632668576803,117.0212799685744,49.99998904326443,13.333326710595289,0
HK.01563,493,0.12700000405311584,0.12399999797344208,2.4193597812124956,0.009128251939753538,212950.0,27044.65086311102,5.852707717037133,0.12633999988436698,0.14949500054121018,0.7936523892651562,-5.925926661785709,-20.125780799787524,-27.840906397000804,-40.37558481810929,2
HK.01565,493,0.14900000393390656,0.1550000011920929,-3.8709659432521484,0.6582730246852384,514100.0,76600.90202242136,5.045750294302223,0.17320000022649765,0.18231089241802692,-12.865496719304653,-31.01851848658016,-24.34947967301298,-23.214720270550973,-28.902522813224962,0
HK.01566,493,6.15500020980835,4.695000171661377,31.096911283612066,3.9579408342411297,5213785.0,32090847.768895626,10.81107898026093,3.0823000359535215,0.8294800078868866,48.85126648403478,11968.62808804658,11968.62808804658,11968.62808804658,11968.62808804658,2
HK.01568,493,0.6600000262260437,0.6700000166893005,-1.4925358528601556,0.3360116873630387,277000.0,182820.0072646141,2.371658415356317,0.6590999972820282,0.6803785610198975,-0.7518789579387514,4.76190971769537,-1.2820449956747786,-3.950098990800413,1.53846929764635,0
HK.01569,493,0.09700000286102295,0.10400000214576721,-6.730768404151578,0.09487666034155598,105900.0,10272.30030298233,2.7333307069024446,0.10948000013828278,0.141820000000298,-17.094013719512002,-10.185184865801594,-35.761584567843606,-44.571425992615325,-53.80952100499678,0
HK.01570,493,10.380000114440918,10.399999618530273,-0.19230293098973975,0.041848299912816043,268350.0,2785473.0307102203,6.274693761274988,11.475799961090088,9.969599995613098,-10.362692721686043,-18.460326098193846,44.36717707695907,102.33917900354979,636.1702383095209,0
HK.01571,493,3.509999990463257,3.555000066757202,-1.265824907142504,0.43701888902663405,316869.9,1112213.3459780933,1.6727996341958402,3.6072480058670044,3.647659374475479,-2.456179012504778,-4.742361922430478,-8.53397716966411,3.4694436365900727,-0.9501101510681667,0
HK.01572,493,0.0729999989271164,0.07000000029802322,4.2857123090296465,0.028182245185533115,411800.0,30061.39955818653,4.704155371971926,0.0744000007212162,0.08794500038027764,4.2857123090296465,-6.410259716727021,-17.045455315142625,-27.00000216066834,-26.26262694679345,1
HK.01575,493,0.052000001072883606,0.05000000074505806,4.000000596046439,1.1343283582089552,1230400.0,63980.80132007599,8.020514073188279,0.03852000035345554,0.046540000084787606,40.54054162901103,40.54054162901103,-11.86440549544719,23.809528033209013,8.333334626836898,1
HK.01576,493,1.7200000286102295,1.6799999475479126,2.3809572804273027,8.794788273615636,22100.0,38012.00063228607,1.1146941756458506,1.6858000040054322,1.6548226970434188,1.1764694332664312,4.87805143982653,10.941509987722808,3.017114154001825,1.8973648111152293,1
HK.01577,493,1.0449999570846558,1.0299999713897705,1.4563093312173492,3.3333333333333335,13300.0,13898.499429225922,2.0344682136895864,1.033999969959259,0.9910632386803627,2.4509781005518687,-5.000005960464348,8.377284115216192,11.628597877360518,31.327757781864353,1
HK.01578,493,1.9950000047683716,2.0,-0.2499997615814209,1.3582554517133956,84950.0,169475.25040507317,1.287351467147851,2.1178999972343444,2.189587076306343,-6.338032977429261,-2.205880290496682,-9.110222329008351,-16.921063937121765,-15.266113732437688,0
HK.01579,493,14.34000015258789,14.039999961853027,2.136753501068163,1.9819603573020195,1743730.8,25005099.938072205,2.644413606081929,14.471746673583985,14.132840094566346,0.9148495009988078,1.8447990105803156,-6.204656962504207,18.967023764953776,24.051919286202626,3
HK.01580,493,0.41999998688697815,0.4650000035762787,-9.677422869507296,0.48877549019011923,7332711.15,3079738.5868459987,15.528309989339038,0.31149999916553495,0.30768499940633776,90.90908598308718,82.60868663823913,2.439022085483674,134.63685746340454,202.15826705711285,0
HK.01581,493,0.28999999165534973,0.29499998688697815,-1.694913713180618,0.44025157232704404,158000.0,45819.99868154526,4.4732936342802825,0.3114000028371811,0.27781999953091147,3.571425150243618,0.0,31.221715185678917,45.72863832440861,71.59762844051501,0
HK.01582,493,0.5049999952316284,0.5149999856948853,-1.9417457749564655,0.6322028317418505,1159500.0,585547.4944710732,8.299546398215881,0.4686000007390976,0.3995749995112419,10.989006742333125,32.89473725487982,46.37681071784811,42.25352408275375,40.27777087909231,0
HK.01583,492,1.0,1.0,0.0,0.09899764880584086,40005.0,40005.0,3.6863570170727047,0.9779000008106231,1.054269180893898,2.5641000560833844,14.94252810564519,-12.265746492949816,-21.57089919066249,-21.57089919066249,0
HK.01585,493,8.5649995803833,8.170000076293945,4.834755206863281,1.5406766141214085,12169034.55,104227775.8144199,4.174489763488204,9.257599983215332,10.493610320091248,-4.087354001331086,-9.460892750048918,-29.271569189299147,-21.732917619436336,-32.34440944460745,2
HK.01586,493,1.2999999523162842,1.315000057220459,-1.14069233851448,17.14412122552815,11940.0,15521.999430656433,1.7996706242992642,1.5101000142097474,1.7172250056266785,-7.142858967489158,-26.553674218923216,-22.155689477638443,-40.639273134712155,-53.57142948374458,0
HK.01587,492,0.4699999988079071,0.4699999988079071,0.0,0.0,272800.0,128215.99967479706,3.8515897207229823,0.49370000064373015,0.5622428093850612,-6.000000238418579,-21.66666997803569,-19.623197080406552,-22.215992826577178,-19.623197080406552,0
HK.01588,493,4.190000057220459,4.15500020980835,0.8423548891643438,0.2601190241595397,30015.0,125762.85171747208,1.347968339260897,4.224811406135559,5.519988764524459,-5.590225810298721,-0.1643804177339521,-35.254523601598265,-44.604897300771746,-57.26071117595427,1
HK.01591,492,0.12800000607967377,0.12800000607967377,0.0,0.0,115400.0,14771.200701594353,2.101193100898522,0.12427999958395958,0.13635499961674213,10.34483600243968,-1.5384532502413988,-1.5384532502413988,-3.7593948739333762,-27.27272342428686,0
HK.01592,493,0.16300000250339508,0.16099999845027924,1.242238554265263,1.069767441860465,631500.0,102934.501580894,4.335824778277377,0.18377999991178512,0.184952200204134,-7.3863617121434295,-31.79916002338797,0.0,13.986010415390169,-41.78571363949046,1
HK.01593,493,1.1150000095367432,1.065000057220459,4.694830951162475,0.9720972097209721,651500.0,726422.5062131882,7.45167560343904,1.0778999876976014,1.181474996805191,1.3636350336153933,7.211543311028969,-11.507935081269514,-10.799999237060547,-28.064513300757664,1
HK.01596,493,0.32499998807907104,0.32499998807907104,0.0,0.06331785563528915,233600.0,75919.997215271,6.928140417920417,0.2912599977850914,0.5189644560962915,29.999995231628418,-16.666666666666664,-55.6791694343842,-51.825181954509105,-53.832469098986365,0
HK.01597,493,5.099999904632568,5.199999809265137,-1.9230751596258298,0.32025620496397117,62950.0,321044.9939966202,4.601518991977286,5.621099987030029,4.772925004959107,-13.486006426907496,-28.270044882380507,98.44358121042612,103.99999618530273,120.77922211962999,0
HK.01598,492,0.11100000143051147,0.11100000143051147,0.0,,0.0,0.0,0.0,0.11100000143051147,0.11100000143051147,0.0,0.0,0.0,0.0,0.0,0
HK.01599,493,0.9449999928474426,0.9449999928474426,0.0,0.39325842696629215,163050.0,154082.24883377552,1.5464439180615417,1.0110999822616578,1.1388058644533157,-6.4356433890658415,-9.999996594020145,-18.886566623244413,-25.447211801619645,-25.991391467256854,0
HK.01600,493,2.7300000190734863,2.680000066757202,1.8656698160751943,0.7908536061205192,599075.0,1635474.7614264488,3.149716549254359,2.695300030708313,2.7762287306785582,1.1111100318500724,0.3676467043408923,-1.9698323801380022,-12.691889204642932,-8.56554642435865,1
HK.01601,493,0.6800000071525574,0.6800000071525574,0.0,0.011834319526627219,154200.0,104856.00110292435,1.7424790264869174,0.7343999850749969,0.7603790012001991,-4.895100406320293,-8.108108325802206,-11.652609771865084,-13.707206769386934,-15.668406470565493,0
HK.01606,493,1.5149999856948853,1.5149999856948853,0.0,0.958930276981853,2020000.0,3060299.971103668,1.830683904972808,1.4816999912261963,1.448681230545044,-1.3029303818510494,13.909769684971089,16.31682129824629,-7.340834827315712,-3.525464968303723,0
HK.01608,493,0.03500000014901161,0.03500000014901161,0.0,3.9145117953015998,2032400.0,71134.0003028512,8.502607026363023,0.050919999927282335,0.09712999988347291,-25.531912026711762,-59.770113613649876,-67.5925932952365,-75.86206816818992,-85.77235805599457,0
HK.01609,109,68.4000015258789,76.3499984741211,-10.41256988490556,0.38414502423729135,433293.7,29637289.741153717,12.298563972242519,121.20199951171875,,-39.30789407448537,-61.464787872744274,,-68.18604580191678,,0
HK.01610,493,1.090000033378601,1.0750000476837158,1.3953474446076042,0.8825663134403724,12021011.8,13102903.263244558,3.7534705749377735,1.1223000073432923,1.315124998688698,-12.799997329711916,5.82524889858715,-16.153840510802656,-30.57324860109422,-38.06817958608638,1
HK.01611,493,1.8949999809265137,1.8849999904632568,0.5305034755357873,0.9123082972866693,164137.5,311040.55936932564,4.029182291938095,1.969500002861023,2.2761749958992006,-7.334967714977769,-6.188118870311386,-14.253396008290494,-30.07380242613335,-63.83587664695376,1
HK.01612,493,0.7149999737739563,0.6800000071525574,5.147053860772492,7.203042427920746,137655.65,98423.7861398369,2.997280555148525,0.6736352801322937,0.7894634464383126,6.716411337870699,-1.777778542001663,-16.55382447148372,-8.51082036804772,-20.067347358980015,1
HK.01613,493,0.7450000047683716,0.6150000095367432,21.138210278980747,0.9826645109708645,1645939.0,1226224.5628484488,9.430979472715856,0.8727000057697296,0.3976604421436787,-15.340908090314583,33.03571457081303,348.7952006769077,325.71429568894075,209.1286369654162,1
HK.01615,493,0.4650000035762787,0.44999998807907104,3.3333368654605247,0.1637513956084853,650750.0,302598.75232726336,5.253237136704929,0.41539999783039094,0.3581049982458353,17.721516695222824,20.7792246999177,50.0,34.78261019797467,97.03389862613821,1
HK.01616,492,0.05999999865889549,0.05999999865889549,0.0,,0.0,0.0,0.0,0.05999999865889549,0.05999999865889549,0.0,0.0,0.0,0.0,0.0,0
HK.01617,493,0.2549999952316284,0.2800000011920929,-8.928573519295567,2.1535970390932224,3531200.0,900455.9831619263,5.684261301076621,0.27599999874830244,0.3899599976837635,-7.272731016490004,-28.16901325682895,-46.87499980597446,157.57575415492164,102.38094534147726,0
HK.01618,493,1.3049999475479126,1.2949999570846558,0.7722000613628688,1.1718026787350238,8802292.5,11486991.250801384,2.8180155407683345,1.3890999960899353,1.597425001859665,-6.115110720988939,-8.741259061886213,-22.78107080692977,-31.315791372447155,-44.70338959506926,1
HK.01620,493,0.17100000381469727,0.1850000023841858,-7.567566696791175,1.5963659961064245,790500.0,135175.5030155182,5.717929622969872,0.15806000038981438,0.1183650003746152,-13.636361241778491,58.33333275844287,83.87096748350397,71.00000126659867,40.16393597801663,0
HK.01621,493,0.22699999809265137,0.2280000001192093,-0.4385973798399445,0.2661596958174905,1016000.0,230631.9980621338,5.092007009126857,0.20521999955177306,0.17456999968737363,10.194173703848536,29.71428683339335,33.52940923821145,81.5999984741211,141.48936794186264,0
HK.01622,492,0.12800000607967377,0.14100000262260437,-9.219855532716503,1.2466943709860219,275600.0,35276.80167555809,5.469980335369264,0.13676000028848648,0.158610000051558,-3.030297899049148,-28.88888833699405,-15.7894669766239,-34.35896883349427,56.097564078171494,0
HK.01623,493,0.24300000071525574,0.24400000274181366,-0.409836891524983,0.5578930964625214,320050.0,77772.1502289176,5.417707418250983,0.23445715337991715,0.22536281011998655,-5.447470275662206,12.25414672083425,-0.06643463670683732,36.57587098926854,17.06504068017152,0
HK.01626,493,23.760000228881836,22.81999969482422,4.119196085137625,0.8965777386596451,675270.0,16044415.354557037,9.01646106133775,22.832400093078615,12.272700018882752,3.304348821225374,19.63745971134306,430.3571457081303,724.9999751647323,828.1250296859077,3
HK.01627,493,0.3700000047683716,0.3700000047683716,0.0,0.28031687995124926,315600.0,116772.00150489807,2.4852419874787515,0.43758599817752836,0.5061000011861324,-20.430107113391298,-21.27659453046219,-30.94437878564042,-42.115146059813334,-42.95405259214046,0
HK.01628,493,0.10700000077486038,0.10999999940395355,-2.727271495771795,0.4844550081622316,285112.4,30507.027020922305,3.1306097287394232,0.11100000068545342,0.12702999990433456,-4.464287971317394,-16.406253365130237,-33.95061700005408,-5.309732179315302,-58.03921459776213,0
HK.01629,492,0.20000000298023224,0.20499999821186066,-2.439022085483674,0.1724137931034483,70200.0,14040.000209212303,0.7164005296997767,0.18273999869823457,0.17179500043392182,4.712043641210308,21.21211820178574,11.731842040703144,37.931040507009456,11.731842040703144,0
HK.01630,493,0.20900000631809235,0.2280000001192093,-8.333330610167913,0.14111006585136407,1857600.0,388238.41173648834,7.9608525423509855,0.27736000061035154,0.21481000032275915,-33.65079114286325,-36.66666726873376,91.74312967592297,397.6190693710264,354.3478389388559,0
HK.01631,493,1.2999999523162842,1.315000057220459,-1.14069233851448,0.1834862385321101,54000.0,70199.99742507935,1.1705437507275835,1.3348000073432922,0.9310499975085258,0.0,-5.109492861930496,170.8333294528225,136.3636225708263,233.33333333333334,0
HK.01632,492,0.050999999046325684,0.050999999046325684,0.0,,0.0,0.0,0.0,0.050999999046325684,0.06945499956607819,0.0,0.0,-41.37930975421476,-53.6363642521141,-53.21100892347174,0
HK.01633,493,0.4000000059604645,0.4099999964237213,-2.439022085483674,0.32683694467982083,1178550.0,471420.0070247054,8.868805196695643,0.43649999916553495,0.33161000020802023,-15.789471372673027,1.265821543245696,56.862750368730694,238.98305384395658,400.00001862645195,0
HK.01635,493,2.0850000381469727,2.059999942779541,1.2135968962066677,1.5980477902670251,3356205.0,6997687.55302906,2.5268871681526828,2.276199989318848,2.833953776359558,-11.087419500687448,-11.276590520842147,-35.21199822700461,-38.20797762206613,-25.763748197599924,1
HK.01636,492,0.3100000023841858,0.3100000023841858,0.0,,0.0,0.0,0.0,0.3100000023841858,0.40247500091791155,0.0,0.0,-12.676053027315803,-34.73684078438459,-68.36734731114937,0
HK.01637,492,0.6299999952316284,0.6499999761581421,-3.076920255401327,0.14901198574667962,309800.0,195173.99852275848,3.8964654857870142,0.6011000013351441,0.4288766870647669,-6.666669021418023,65.78947450975964,55.55555392031153,178.33209501685914,267.7444601851535,0
HK.01638,493,0.01899999938905239,0.019999999552965164,-5.000000931322596,4.622328332531192,67527885.8,1283029.7889439997,9.937129244636855,0.035760000124573706,0.06571000020951033,-47.22222164733172,-62.000001788139315,-78.40909148635697,-80.61224501432602,-89.50276243662478,0
HK.01640,492,0.44999998807907104,0.44999998807907104,0.0,0.0,76700.0,34514.99908566475,3.867453520643363,0.44449999868869783,1.6031250010430813,-1.0989065691980104,-15.09433728853283,-80.26315816991988,-88.52040869079495,-90.32258110000075,0
HK.01641,182,3.4700000286102295,3.5,-0.8571420397077287,11.238938053097344,8825.0,30622.750252485275,1.4197741564797217,3.88969997882843,,-8.322326290022431,-22.71714464372722,-44.07756210079924,-69.40178877021313,,0
HK.01643,493,0.6700000166893005,0.699999988079071,-4.285710271523855,4.024458032240133,320550.0,214768.5053497553,10.417579317870047,0.7967999982833862,1.353899997472763,-19.277104799832877,-34.95145288351076,-68.3962239218419,31.37255474862033,-5.633797614353404,0
HK.01645,493,2.75,2.880000114440918,-4.513892683165894,1.3437746775467228,3117000.0,8571750.0,4.176226075980774,2.676300005912781,2.9789250034093855,0.5484499261251069,-0.36231849629747176,-32.92682770814728,-17.910445424277615,161.90477379865982,0
HK.01647,492,0.06400000303983688,0.061000000685453415,4.918036591266588,1.8295904887714662,804500.0,51488.00244554877,5.635413159280382,0.05972000010311604,0.06594000015407801,6.66667411724743,6.66667411724743,-13.513510520219668,-15.7894669766239,-32.631574902177796,2
HK.01650,493,0.17299999296665192,0.17000000178813934,1.764700674680745,0.1898315633874042,2540100.0,439437.28213459253,4.39235137956449,0.14974370539188386,0.13050852429121731,17.778403593743676,27.09900289890612,46.401362397132964,47.57257106322101,102.70959050153098,1
HK.01651,493,48.2599983215332,50.599998474121094,-4.624506369866122,0.840404044061539,2403688.45,116002000.56248875,5.6047373602438135,51.145050811767575,47.46576862335205,-8.943399393333578,-24.654568900343868,40.84064854254492,42.39193281109361,64.79433353391386,0
HK.01652,493,0.9350000023841858,0.9399999976158142,-0.5319143876925793,1.0704960835509139,80300.0,75080.50019145012,4.999544289729967,0.9060000002384185,0.9893500012159347,21.428574746084205,-6.499999761581421,-24.596774581195657,16.87499855645003,33.57143118673446,0
HK.01653,493,1.434999942779541,1.399999976158142,2.4999976583889154,0.07593014426727411,242000.0,347269.9861526489,3.2691121039083657,1.538899998664856,2.4332749980688093,5.904053326933275,-28.25000286102295,-53.85852118379811,-34.174316567148786,74.9999945483556,1
HK.01655,493,0.1679999977350235,0.164000004529953,2.439020179624407,0.270623069820752,1534450.0,257787.5965245068,3.8486510682324475,0.16544000029563904,0.1980749999731779,7.0063644091186745,-4.545455315142628,-32.258064322305394,-11.578947450975964,-5.617980443984276,2
HK.01656,492,3.9800000190734863,3.9800000190734863,0.0,,0.0,0.0,0.0,3.9570000410079955,3.2583308482170104,0.0,-4.487636334008938,72.51206413481738,77.1123919461236,77.90307016071493,0
HK.01657,492,5.0,5.0,0.0,0.22935779816513763,108000.0,540000.0,7.848736943984649,4.991760005950928,3.2836650109291075,8.131486194357956,7.526879515147885,210.55900345181234,244.82757486713095,218.4713269398179,0
HK.01658,493,5.360000133514404,5.364999771118164,-0.09318989407370934,1.3485171307010195,28328485.3,151840684.99026084,1.987187542444207,5.183000011444092,4.9808754014968875,0.5628557267875132,13.080177053468137,11.368692166249904,4.580503300769119,4.335835837368889,0
HK.01660,493,0.19599999487400055,0.19599999487400055,0.0,17.80165430203803,8764000.0,1717743.9550757408,4.327306438415648,0.20363999933004379,0.3069049997627735,2.0833297761985303,-17.6470628747595,-39.6923070574653,-59.58763111485261,-15.517241157830536,0
HK.01661,493,1.850000023841858,1.8550000190734863,-0.26954151914918884,1.0175700427379417,145610.0,269378.50347161293,3.6974812538531174,1.937999997138977,1.730200000703335,-7.4999988079071045,25.85033930855694,58.11966595721854,115.11627826386366,110.22727657571313,0
HK.01662,493,0.5849999785423279,0.6000000238418579,-2.5000074505803007,0.7172799254774104,107300.0,62770.49769759178,7.29117753539518,0.5587000012397766,0.969025000333786,12.5,-5.645165476913102,-29.518073457196575,-73.16513942072818,-82.05120378921573,0
HK.01663,492,0.0560000017285347,0.05299999937415123,5.66038186756396,0.005794530021604905,1329712.4,74463.89669845402,5.332128514889004,0.05335999980568886,0.0699200001358986,-15.151512072762822,-1.7543829837627665,-34.8837211317085,-9.67741509071863,-1.7543829837627665,1
HK.01666,493,3.0399999618530273,3.0799999237060547,-1.2987000923330156,0.49606671538494607,1132300.0,3442191.956806183,2.445816564677604,3.208299994468689,3.6242805242538454,-4.702197262596012,-9.523807834335413,-17.452323019505844,-27.305986951583026,-32.61765673586999,0
HK.01667,492,0.36000001430511475,0.36000001430511475,0.0,0.0,2000.0,720.0000286102295,0.2777779157514871,0.35000000417232513,0.36800000324845317,12.500006984919466,5.882356034843122,9.090909090909092,-12.195117696277553,18.03278880745961,0
HK.01668,492,0.10700000077486038,0.10700000077486038,0.0,,0.0,0.0,0.0,0.10700000077486038,0.10700000077486038,0.0,0.0,0.0,0.0,0.0,0
HK.01669,493,1.4299999475479126,1.4600000381469727,-2.0548006722750554,0.43656207366984995,73000.0,104389.99617099762,1.4608616185515975,1.4182471060752868,1.086508464217186,1.1005784684593267,17.021934145567464,63.254468869471445,76.09468416323416,74.13808195808187,0
HK.01671,493,0.7599999904632568,0.8050000071525574,-5.590064135337639,0.3037974683544304,40100.0,30475.9996175766,2.717623927981604,0.7177000069618225,0.6795989985764027,7.042255412962399,11.764703304297399,9.953699471871127,21.794879387508736,-4.618470035162105,0
HK.01672,493,7.545000076293945,8.449999809265137,-10.710056253242634,1.9305091947044495,2257431.95,17032324.234978393,7.6834637152326355,9.508100032806396,12.690124983787536,-25.000002369965895,-32.39247151026123,-55.16933980691013,-34.505210273588624,-27.030948114584056,0
HK.01673,493,0.23499999940395355,0.23000000417232513,2.173910930837298,0.14833127317676142,81500.0,19152.499951422215,2.564509620507216,0.269239998459816,0.2729749993979931,-11.320750154859622,-20.33897971189134,-21.66666997803569,-0.42372966970187326,-3.6885259166916393,2
HK.01675,493,3.690000057220459,3.865000009536743,-4.527812467903709,0.9640434161654418,3494428.85,12894442.656452823,4.628054389254172,4.202399988174438,5.709282984733582,-6.463875293724744,-19.43231181902343,-35.37086484966036,-51.12580359731177,-64.2120817118877,0
HK.01676,493,0.41999998688697815,0.4399999976158142,-4.545457008456409,0.06965017041075028,3974940.0,1669474.747876525,7.904611368661279,0.3298600000143051,0.30848180964589117,-1.1764764455773846,105.88235036312086,84.21052046815004,-34.37500058207662,-28.813558380277044,0
HK.01679,492,1.3049999475479126,1.2000000476837158,8.749991307656316,0.62402496099844,33050.0,43130.24826645851,2.5840465970970117,1.2570999908447265,0.9622749981284141,-1.8797063579510669,-27.900553104776403,141.66664735034738,189.9999960263569,35.93749757468074,1
HK.01680,493,0.15800000727176666,0.15700000524520874,0.6369439446808172,0.04160031416557258,103746.4,16391.93195441961,6.864389223503983,0.12549999937415124,0.19241499889642,30.578519113972025,42.342347059047796,-26.511625747154604,-49.032256110773886,-70.74074055677579,2
HK.01681,493,14.729999542236328,14.850000381469727,-0.8080864387258808,1.6801443651025079,1608623.5,23695023.4186306,3.0042458870393225,13.622522487640381,14.589784560203553,12.015208893843644,11.743685683091767,-8.32133844761625,0.2274687274301173,-2.4084487090235225,0
HK.01682,493,0.1379999965429306,0.13099999725818634,5.343511016223952,0.42105265927978025,657999.95,90803.9908252485,6.305502037341845,0.15493999987840654,0.1745423499122262,-6.756760294285848,-31.68317240694539,2.222215599484177,-27.368421960735596,-42.738589853013956,2
HK.01683,493,0.12800000607967377,0.12999999523162842,-1.5384532502413988,0.396873120865905,1316000.0,168448.00800085068,9.868533791963493,0.13994000136852264,0.20976500034332277,-9.859153599380615,-22.89155966779745,-56.61016550190093,-65.86666504542032,-77.93103279951207,0
HK.01685,493,0.6100000143051147,0.6100000143051147,0.0,1.8435251798561152,97150.0,59261.5013897419,4.189218295521035,0.6403000044822693,0.6040247194468975,-0.8130073421291051,-33.695651821806216,21.979674388790663,114.51598923657782,88.51403917328373,0
HK.01686,493,5.400000095367432,5.579999923706055,-3.2258034193497447,1.0250797674783954,3173088.8,17134679.822609328,2.6802835907368743,5.251399984359741,5.623649988174439,-4.929572912559228,6.719370680489038,-2.5270734196678286,13.44537469982301,-15.501920838057984,0
HK.01688,73,5.179999828338623,5.465000152587891,-5.215010362155413,0.9948934490109972,7372764.0,38190916.25438118,3.584019836211066,6.153924150466919,,-18.385227243102438,-31.23199731593757,,-46.458689799062256,,0
HK.01689,493,0.41999998688697815,0.3050000071525574,37.704910504116526,5.054368203974503,334100.0,140321.9956189394,3.3068039101354842,0.29159999787807467,0.33277499824762347,47.368418300801224,44.827585852528856,13.513508506549263,0.0,-16.00000262260437,1
HK.01690,493,0.1379999965429306,0.13699999451637268,0.7299285157550963,0.2857142857142857,149500.0,20630.999483168125,0.5632315943872668,0.13160790130496025,0.10755679171532392,-4.293670232005374,11.657382806156104,34.99546481376947,127.45811217358394,159.4443853023902,2
HK.01691,493,1.6649999618530273,1.6549999713897705,0.6042290414578944,0.17799704489057896,3294314.7,5485033.849831868,5.196072009910999,1.5271000099182128,1.62917500436306,9.539472549080505,21.532843507875164,-1.4792955337853222,-15.051024007777311,-9.016397660814143,1
HK.01692,492,1.2400000095367432,1.2400000095367432,0.0,0.0,14800.0,18352.0001411438,0.11851169897044118,1.2446589970588684,1.4588667261600494,-2.745095472618093,-8.86429446949738,-16.33443210403033,-24.370111072293145,-24.370111072293145,0
HK.01693,492,6.199999809265137,6.199999809265137,0.0,0.0,5300.0,32859.998989105225,0.0,6.306800003051758,5.741650012135506,-3.1250044237821637,-8.82353477412014,39.95485439082544,163.82978982437578,105.9800607610939,0
HK.01695,493,0.08100000023841858,0.07999999821186066,1.2500025611371375,2.2468354430379747,175750.0,14235.750041902065,1.4888999604936888,0.07783999994397163,0.08843500021845102,6.578951109190517,1.2500025611371375,-20.588233575413902,-14.736840784384587,-19.000000968575463,1
HK.01696,493,1.9249999523162842,1.9700000286102295,-2.284267799005637,0.6267711285214203,116800.0,224839.994430542,4.266352439070186,2.0478080797195433,2.9029062402248385,-5.637255474862033,-13.123614317433145,-39.29120343576915,-53.01790292937982,-61.971093634825166,0
HK.01697,493,0.22499999403953552,0.22300000488758087,0.8968561022960015,0.5665349143610013,129960.0,29240.999225378036,2.2191864563016104,0.23565999895334244,0.3086399998515844,-4.255321442460307,-16.666672185615038,-30.769230063850333,-37.50000413921128,-45.783132876206395,1
HK.01698,493,30.8799991607666,31.100000381469727,-0.7073994148058211,0.6027232414504454,1669572.05,51556383.50283938,2.3676167000047244,33.48080013275146,43.76245070457458,-2.030460938141998,-12.322549430763138,-16.943727599448906,-55.52047594975659,-65.6541144258883,0
HK.01701,492,0.06700000166893005,0.06599999964237213,1.5151545939038447,0.0,280600.0,18800.200468301773,1.2689853551262331,0.07185999944806098,0.09081999994814396,-4.2857123090296465,-11.842100232467926,-31.63264957021933,-45.52845543229388,-52.48226920373903,2
HK.01702,493,1.7999999523162842,1.940000057220459,-7.2165000399412556,1.6,5400.0,9719.999742507935,0.520296554569943,1.6360000157356263,1.6956065768003463,0.0,13.207541794288705,-7.692312394843655,-2.29133210302566,31.208786243297048,0
HK.01703,493,0.29499998688697815,0.28999999165534973,1.72413633637985,2.9361476328046696,460025.0,135707.36896768212,3.8427480899440356,0.45259999930858613,0.6812500004470349,-6.349209803242228,-58.45070481655075,-64.88095284555776,-59.5890439480548,-38.54166802484545,1
HK.01705,493,0.8999999761581421,0.8899999856948853,1.1235944521335182,0.8109875735775016,291400.0,262259.9930524826,2.8935991450690683,0.8410271096229553,0.5617780466377735,5.7334742319938785,30.404623698371424,68.62668062778579,154.03498464971608,159.98389251113684,1
HK.01707,492,0.041999999433755875,0.041999999433755875,0.0,,0.0,0.0,0.0,0.041999999433755875,0.04265999974682927,0.0,0.0,-2.3255860292955086,19.999997871262696,-71.03448231566108,0
HK.01708,492,0.24300000071525574,0.23800000548362732,2.100838284212721,2.2988505747126435,9700.0,2357.1000069379807,1.1934152933989572,0.24527999758720398,0.3033699971437454,14.622643200336485,-11.636365291500844,-28.529412306097544,-2.799999713897705,-13.214285828325211,1
HK.01709,493,0.8500000238418579,0.9200000166893005,-7.608694736696163,1.2565196570199881,4483744.95,3811183.3144008103,4.852201077724092,0.940969705581665,1.2430816933512687,-6.593406665384184,-18.096718994754863,-30.994906624678336,-61.562955408865186,-72.78370126886439,0
HK.01710,493,1.784999966621399,1.8200000524520874,-1.9230815836259365,0.6582932636696575,6280425.0,11210558.4153682,16.785465890316793,1.2584730172157288,0.5796397046744823,5.415421310316109,487.5613646804505,451.4037930020528,649.8168793945347,729.6584314456113,0
HK.01711,492,0.15299999713897705,0.15299999713897705,0.0,0.0,20500.0,3136.4999413490295,0.340908857597386,0.148680000603199,0.1441450008004904,7.746473330752564,3.3783751129669097,10.071941520553098,29.661013738617974,79.9999947407667,0
HK.01712,493,9.21500015258789,9.149999618530273,0.7103883799730469,0.5129419787189425,573550.85,5285271.170266914,4.705499216021394,7.968300008773804,7.763625001907348,-6.63626890137587,93.18658678061442,-2.2799591265112147,36.316565689112906,29.24263681180127,3
HK.01713,493,1.6200000047683716,1.649999976158142,-1.8181801105005106,0.6531881804043546,53800.0,87156.00025653839,0.5144759600186056,1.7394999957084656,2.0340555971860885,-6.628242569946136,-9.999997350904605,-32.15031101561354,-28.225123759029465,-28.225123759029465,0
HK.01715,493,0.35499998927116394,0.36500000953674316,-2.7397315080268676,0.6521739130434783,475000.0,168624.99490380287,2.2718248251071333,0.42979999840259553,0.45957499906420707,-17.441864333454436,-17.441864333454436,-37.71929934634618,-27.551024007777315,7.575750049918888,0
HK.01716,493,3.2049999237060547,3.375,-5.03703929759838,1.2673915585174793,438550.0,1405552.7165412903,8.114172464492247,4.159900026321411,3.7872500044107436,-29.32745244666363,-49.92187693831508,-10.22409009417534,462.2806954251762,540.9999847412109,0
HK.01717,493,1.0199999809265137,1.0199999809265137,0.0,0.7081807081807082,41750.0,42584.999203681946,1.6043459176794221,1.1433000016212462,1.5317945742607117,-11.688311152148007,-17.741937654695683,-44.66196305619258,-47.41509922255116,-58.712636498956186,0
HK.01718,493,0.4749999940395355,0.5350000262260437,-11.214958737433308,7.719836400817996,112800.0,53579.99932765961,5.003653087825076,0.692200009226799,0.4478900035470724,-20.83333747254461,31.94443754575898,23.37662488458373,72.72726681606841,79.24529044557735,0
HK.01719,492,0.23000000417232513,0.23000000417232513,0.0,0.0,20200.0,4646.000084280968,0.0,0.23771999925374984,0.2819200013577938,7.981222857849637,-2.127657550770317,-23.333334989017846,-30.30303180819804,-29.230765351176824,0
HK.01720,493,0.29499998688697815,0.3199999928474426,-7.812502037268178,0.5723645579009179,2995500.0,883672.460719943,7.969041808664781,0.3032199987769127,0.3956699980422854,-7.812502037268178,-13.235298887049812,-50.83333747254461,154.31034084094964,79.87803581621199,0
HK.01721,492,0.14000000059604645,0.14000000059604645,0.0,,0.0,0.0,0.0,0.14000000059604645,0.15927499964833258,0.0,0.0,0.0,-25.925923881870844,-72.54901897765177,0
HK.01722,493,0.11699999868869781,0.125,-6.400001049041748,0.28169014084507044,1502500.0,175792.49802976847,8.024760029120722,0.11037999972701072,0.09110000021755696,14.70588321229305,11.428573658677255,55.99999205271434,49.99999522398689,101.72414147471144,0
HK.01723,493,0.5400000214576721,0.574999988079071,-6.086950842960002,0.2253840791222079,1715248.25,926234.0918052346,14.458945458664733,0.485773001909256,0.9382932475209236,22.72727826902692,-39.99999602635691,-43.74999650754027,-58.46153528732649,-69.31818043274328,0
HK.01725,493,0.24799999594688416,0.25,-0.8000016212463379,1.3146693176017226,2742670.0,680182.1488836408,5.653648758584113,0.28413999766111375,0.5530100009590387,-11.428573253203405,-36.410255117058945,-59.34426391294517,-75.20000040531158,-72.13483146819904,0
HK.01726,493,0.2549999952316284,0.25999999046325684,-1.9230751596258298,0.20600858369098712,517750.0,132026.2475311756,10.452264839561442,0.8260999956727028,1.0959749976545572,-70.00000140246219,-73.7113414731564,-78.92562089319084,-82.41379401062953,-81.38686172670914,0
HK.01727,493,0.23899999260902405,0.2280000001192093,4.824558107045367,0.5496828752642706,75300.0,17996.69944345951,3.8702319399839125,0.23368000090122223,0.2995949998497963,5.752210959830623,-2.8455341433143975,-30.724639584101247,-36.26666863759358,-49.148937613783836,1
HK.01728,492,0.14300000667572021,0.14300000667572021,0.0,,0.0,0.0,0.0,0.14300000667572021,0.14300000667572021,0.0,0.0,0.0,0.0,0.0,0
HK.01729,493,15.520000457763672,16.15999984741211,-3.9603923000712657,1.7828469380663632,9550142.15,148218210.53970814,5.539488456199799,16.504327507019042,17.26527419090271,-19.124535860244112,3.445354055246159,-2.511404091215477,-11.830163284779486,0.2471142895581215,0
HK.01731,493,0.7450000047683716,0.7400000095367432,0.6756750225933819,0.22540983606557377,141600.0,105492.00067520142,0.43971036608011077,0.7560999941825867,0.7318599832057953,-0.6666660308837891,-3.246750230832539,0.9485134576873641,11.861861136214868,7.503614553167261,1
HK.01732,493,0.18199999630451202,0.1899999976158142,-4.210527058783669,1.4492753623188406,122000.0,22203.999549150467,0.7785378069370896,0.21587999880313874,0.22076999939978123,-15.740744637220546,-9.000003203749609,-23.849371576239893,-32.592596639821394,-13.33333238722783,0
HK.01733,493,0.6800000071525574,0.675000011920929,0.7407400212333817,0.6049487934682627,584638.45,397554.15018166,3.557611182011312,0.7053212797641755,0.7388293421268464,-8.108108325802206,14.093957919321914,-14.773182206883536,-22.265655129407488,-14.773182206883536,1
HK.01735,493,10.119999885559082,10.960000038146973,-7.6642349421917615,1.4267583658829504,14733615.5,149104187.17387152,6.068823744602099,8.958499965667725,8.51232501745224,22.518155025875053,20.619779159045702,25.714281314013903,23.114349839517036,14.350276263812384,0
HK.01736,492,0.4000000059604645,0.4000000059604645,0.0,0.0,39082.5,15633.000232949853,0.5298918108094838,0.4077000033855438,0.477250002771616,-5.8823541786431095,-23.076919109158116,-9.090907243657693,-33.33333498901784,-41.17647033042974,0
HK.01737,493,0.19300000369548798,0.1940000057220459,-0.5154649469395781,0.3434065934065934,728000.0,140504.00269031525,4.9614296930967825,0.16392000019550323,0.13023500010371208,27.814577836268402,14.880956129472997,91.08910591634356,94.94949973866524,80.37383392321739,0
HK.01738,492,0.05700000002980232,0.05700000002980232,0.0,,0.0,0.0,0.0,0.05794000007212162,0.08562000013887883,0.0,-1.7241350517969516,-47.22222356363331,-44.11764598463369,-54.76190546585228,0
HK.01739,492,0.125,0.125,0.0,0.0,453741.5,56717.6875,7.101302603343351,0.13122000008821488,0.19006499998271464,-0.7936523892651562,-32.432433303208825,-44.933920242157654,-45.65217489894259,-36.54822235195393,0
HK.01740,493,0.17000000178813934,0.17499999701976776,-2.8571401810159034,1.008795548375516,1442250.0,245182.50257894397,6.4673591517162805,0.16840000092983246,0.13478000074625016,3.6585348124734343,-3.9548018318157303,77.08333365670923,80.85107192457856,71.71717445384046,0
HK.01741,492,0.14499999582767487,0.14499999582767487,0.0,0.0,143600.0,20821.99940085411,3.1816925526982773,0.15317999958992004,0.1921100004762411,-7.643317844984648,-15.697679707348136,-28.21782634703726,-9.375000582076622,-31.603774745328963,0
HK.01742,492,0.1289999932050705,0.13099999725818634,-1.5267206831875426,2.3255813953488373,227750.0,29379.748452454805,3.2191284528768773,0.13766000032424927,0.16721499972045423,-11.034484884826865,-19.875779846725358,-32.105265882206794,4.032254284955151,53.57142255267716,0
HK.01745,493,2.994999885559082,3.0,-0.1666704813639323,0.8074433656957929,50084.0,150001.57426834106,4.441635251525247,2.3809000205993653,4.366975009441376,15.41425250631212,36.136355483827685,-49.237290895796775,-40.69307381306738,-64.76470722871667,0
HK.01746,492,0.5199999809265137,0.49000000953674316,6.122443021609968,3.5830931796349663,413600.0,215071.99211120605,4.707798185522834,0.4920999997854233,0.42946000054478645,-1.8867907552966041,16.853930176305184,0.0,82.45613594794862,92.59257787539694,1
HK.01747,493,3.7300000190734863,3.799999952316284,-1.84210352950477,0.03508771929824561,57100.0,212983.00108909607,2.253101241889946,3.78239999294281,4.134120280742645,1.9125664371920468,-4.358976208638504,-19.133496492059813,-13.975720371881467,-8.338207977636632,0
HK.01748,492,1.7599999904632568,1.7599999904632568,0.0,,0.0,0.0,0.0,1.7599999904632568,1.7599999904632568,0.0,0.0,0.0,0.0,0.0,0
HK.01749,492,0.4399999976158142,0.4399999976158142,0.0,0.0,100.0,43.99999976158142,0.0,0.4609000015258789,0.6266999991238117,-11.11111244903803,-2.222220161814694,-27.868854541414578,-41.33333365122478,-46.3414632373449,0
HK.01750,493,0.15299999713897705,0.15700000524520874,-2.5477757787232687,0.16192733017377567,5094000.0,779381.9854259491,8.799469487908095,0.1031199999153614,0.09719000022858382,75.86207073735572,77.90696737555474,42.99065049626089,88.88888480077884,205.99998971819895,0
HK.01751,493,0.6499999761581421,0.6700000166893005,-2.985080601935728,0.14515066474056135,151566.65,98518.31888636947,3.5187044504503455,0.7265054750442504,1.3036666405200958,-8.45070481655075,-38.679244222060376,-56.95364369116804,-68.44660222266306,58.53658093362245,0
HK.01752,492,0.11500000208616257,0.11500000208616257,0.0,0.44835164835164837,1082000.0,124430.0022572279,4.944130558793815,0.09904000088572502,0.0921150003373623,30.681821260570512,33.720928117060744,35.29411867828104,26.373631232114004,99.39516307440857,0
HK.01753,493,0.4699999988079071,0.46000000834465027,2.173910930837298,0.5660298534898003,9056980.0,4256780.5892032385,16.71912318348707,0.3814799991250038,0.2204049998149276,-32.85714188400578,275.9999990463257,207.18954744880426,113.63636425211409,67.85714171674788,1
HK.01755,492,2.799999952316284,2.799999952316284,0.0,,0.0,0.0,0.0,2.799999952316284,2.799999952316284,0.0,0.0,0.0,0.0,0.0,0
HK.01756,492,0.36000001430511475,0.3799999952316284,-5.2631529414422,5.454545454545454,16300.0,5868.00023317337,2.739738830244851,0.38179999589920044,0.5023999953269959,-5.2631529414422,-18.181814487315386,-36.842101960961465,-42.85714015398434,-53.24675023083254,0
HK.01757,493,4.869999885559082,5.144999980926514,-5.344997014322816,0.7494145199063232,21850.0,106409.49749946594,2.838168279915428,5.265300016403199,11.07837499320507,-5.893725486654918,-69.07936580597408,-73.81720545333523,66.78081364093902,1216.2161683235147,0
HK.01758,492,0.09300000220537186,0.09300000220537186,0.0,0.0,15100.0,1404.300033301115,0.10874685099206319,0.09943999975919723,0.10627500023692846,-1.0638240534235182,-29.545452492952997,-22.49999642993005,-5.102036084075091,-43.29268314844082,0
HK.01759,493,0.7799999713897705,0.800000011920929,-2.5000050291418283,0.2695871946082561,57400.0,44771.99835777283,1.1002773778337127,0.7183000040054321,0.8624749997258186,16.417903277677127,18.181809150811755,-22.772279331209912,-21.212124861012807,-29.729733212835296,0
HK.01760,493,1.1299999952316284,1.1799999475479126,-4.237284282951545,1.3601213040181956,683400.0,772241.9967412949,4.653144875783358,1.302699990272522,1.7818954384326935,-12.062254896185404,-39.893617122461485,-29.51385960990805,-42.036776771875125,-31.212317496292524,0
HK.01762,493,0.8949999809265137,0.8999999761581421,-0.5555550404536735,0.6932776888345236,2804300.0,2509848.4465122223,4.648711668867924,1.0746999883651733,1.250624996125698,-16.35514606980918,-8.67347311149377,-47.35294377515053,29.71014261145572,-11.386139665604956,0
HK.01763,493,12.890000343322754,13.020000457763672,-0.9984647455476888,1.206040546131568,88760.0,1144116.4304733276,3.8685931917869967,15.315000019073487,18.4171643781662,-7.664754239973832,-26.51083426163428,-35.09906697506604,-38.92033771864576,-17.3184184276892,0
HK.01765,493,0.13099999725818634,0.13199999928474426,-0.7575772969519223,2.5721869219013915,1374900.0,180111.8962302804,3.3238563069796987,0.14076000034809114,0.15753000050783159,-6.42857378538773,-1.503762431125545,-22.48520861361183,-27.62430861902949,-40.45454637817115,0
HK.01766,493,5.224999904632568,5.289999961853027,-1.228734549890057,0.8942081287076233,12761995.1,66681423.1804213,2.1541302157546327,5.157307596206665,5.155442180633545,-2.971222236744282,16.344212040505077,9.065783944297477,-7.459334276901468,-5.551283178441706,0
HK.01767,493,0.38999998569488525,0.4000000059604645,-2.5000050291418283,0.1695873374788016,889000.0,346709.987282753,3.97751089863256,0.34139999985694885,0.3298276299238205,14.705876939024536,20.0,13.83688153271914,30.912406360395394,37.80253954093157,0
HK.01768,171,354.6000061035156,337.20001220703125,5.160140351893365,1.6656874439694453,270824.05,96034209.78297882,4.008933045227052,381.51600158691406,,-5.991517861115898,-7.026740488161236,-4.677417714108703,-11.349998474121094,,2
HK.01769,493,0.7049999833106995,0.6850000023841858,2.919705234584303,1.4032812398677128,785700.0,553918.4868872166,6.658329604169216,0.8677999973297119,1.4127499988675118,-18.965519603830536,-30.88235328491722,-56.48148263977934,-67.209304556323,-72.6744184434704,1
HK.01770,65,76.0,75.05000305175781,1.2658186670385976,0.24760569960289652,21255.0,1615380.0,9.668337994549676,84.86800003051758,,11.929305290271488,,,-5.0,,5
HK.01771,492,0.1599999964237213,0.1599999964237213,0.0,0.0,13250.0,2119.9999526143074,0.35192095877292473,0.16787999957799912,0.19828999899327754,-5.882356034843122,-6.432752716716907,-6.976749424421009,-37.25490218994481,-48.38709832478263,0
HK.01772,493,29.34000015258789,29.899999618530273,-1.8729079367456842,1.845648752017779,6621304.7,194269080.90833092,3.696449272111236,36.40600009918213,55.476592493057254,-20.702702290302998,-33.013697114947895,-60.54378066187376,-45.62917926856579,-21.05578643475855,0
HK.01773,493,0.7749999761581421,0.7950000166893005,-2.515728315886917,0.38465897278347416,7648027.7,5927221.285156811,7.5755417273415695,0.978300005197525,1.7273433789610864,-8.28402959550385,-36.4754132800318,-65.5555566151937,-67.81279829686108,-72.23286959188388,0
HK.01775,492,0.33000001311302185,0.32499998807907104,1.53846929764635,0.1092896174863388,67800.0,22374.00088906288,0.5883301574438633,0.33590000331401826,0.38295000076293945,0.0,-13.157890196322017,-31.2499957314381,-8.333333333333332,-9.589039865544988,1
HK.01776,493,16.600000381469727,17.040000915527344,-2.582162619819321,1.6310598619180217,3769995.0,62581918.43813896,2.8784775672920446,17.253506469726563,16.463279757499695,-6.9856761133966705,1.9143288706878914,17.86852684605388,-2.7929008014532397,-2.521682398434197,0
HK.01777,493,0.03099999949336052,0.032999999821186066,-6.0606070868568365,0.7200677260750662,5651423.25,175194.11788676586,16.18355475833392,0.09160000056028367,0.2922499991208315,-56.94444329466344,-89.12280705882132,-92.53012045380822,-91.7333334684372,-93.67346961428254,0
HK.01778,493,0.1379999965429306,0.1379999965429306,0.0,2.12575397550722,567800.0,78356.398037076,2.534300239356872,0.15034000039100648,0.18040999993681908,-9.210525670829222,-4.166664941995158,-34.90566123938723,-18.823532299186912,-31.34328701222236,0
HK.01779,87,95.0,98.05000305175781,-3.110660843271777,0.12443303205650154,142738.3,13560138.499999998,9.231705544465123,110.95700012207031,,-16.885391545456304,-0.05260710168581922,,-27.921094233439785,,0
HK.01780,493,6.184999942779541,6.03000020980835,2.570476410914051,3.558434645310188,9787235.7,60534052.24446987,6.916976059404072,5.429900016784668,2.5321750065684316,24.07221217904245,67.1621584613625,713.8157921567189,851.5384876375376,326.5517061644026,1
HK.01782,492,2.184999942779541,2.180000066757202,0.229352104093111,0.0,9500.0,20757.49945640564,1.7181094817311553,2.3943999814987182,3.517750002145767,-4.793033980723728,-32.769232529860275,-43.974361811555674,-42.348285889922835,-47.727271949482635,1
HK.01783,493,4.525000095367432,4.400000095367432,2.840909029334046,1.57359314520131,6193000.0,28023325.590610504,4.211638597155528,4.589864921569824,3.8144359505176544,2.6077154633646327,-2.873118051536868,48.229587785446334,37.867038743670605,21.27875192045834,1
HK.01785,492,1.9550000429153442,1.9550000429153442,0.0,0.0,11250.0,21993.750482797623,0.25000035762786865,1.992700011730194,1.9394446808099746,-3.4567925508855866,3.4391564927213896,2.3287028206187506,2.8303131968397217,1.8319624392809128,0
HK.01786,493,0.6850000023841858,0.6800000071525574,0.7352934086817846,1.1513197181416457,199075.0,136366.3754746318,1.5201189783392735,0.7062000024318695,0.7719169008731842,-2.8368767943217823,-2.1428551357619274,-19.2820236847044,-20.178894012628557,-25.93918430717097,1
HK.01787,493,18.420000076293945,18.950000762939453,-2.7968372839437086,0.7267272686524443,21236309.55,391172823.53120184,4.718912508708236,22.82083164215088,28.908032789230347,-28.49378915904807,-2.377587669154387,-42.78371233292734,-47.72991129539893,-47.431399268434504,0
HK.01788,493,2.884999990463257,2.880000114440918,0.17360679943269625,1.729861140244233,11785596.75,34001446.51135379,0.4401963589116095,2.770700006484985,2.509780993461609,0.0,40.73171012533491,24.432183935467762,10.292154785325012,-33.52253617770297,1
HK.01789,493,4.735000133514404,4.735000133514404,0.0,0.6231072737540697,2533690.0,11997022.488284111,2.904793565919199,5.244299993515015,5.6932164216041565,-3.4658525794556008,-12.63837515013332,-21.616749583338006,-16.337049462422122,-7.55563503876327,0
HK.01790,493,0.550000011920929,0.5049999952316284,8.910894478060415,42.142857142857146,20250.0,11137.500241398811,5.425821075463031,0.5022999954223633,0.5196249890327453,17.021279428921556,7.843141608951449,5.769236941309597,-3.508768627628134,22.222228109100875,1
HK.01792,493,1.4600000381469727,1.4850000143051147,-1.6835000617720857,0.40623702514467647,855266.65,1248689.3416258337,9.883125772271775,1.1216000032424926,1.11423224568367,46.73367147237849,50.51546341073744,41.747580456435024,46.000003814697266,108.57173948917382,0
HK.01793,493,2.390000104904175,2.505000114440918,-4.590818534250231,0.4781685641064398,3581270.0,8559235.675690174,14.005508598138533,1.2633811485767366,0.536524080261588,112.44445376925998,519.9051981765633,812.3133198381581,1014.1153220160359,1146.2010841990843,0
HK.01795,493,0.44999998807907104,0.5,-10.000002384185791,12.352941176470589,16500.0,7424.999803304672,0.5830473493154563,0.4632000035047531,0.5265499994158744,-8.163269526359606,-5.263159215615413,-13.461537579812916,-25.000004967053535,-38.356167627199575,0
HK.01796,493,0.30000001192092896,0.3100000023841858,-3.225803350434739,0.4922566371681416,1701700.0,510510.0202858448,12.149670972604854,0.3398599997162819,1.3218100044131278,-16.666666666666664,-13.04347450506333,-86.60714238197828,-89.05109449354892,-90.62499976716936,0
HK.01797,493,25.739999771118164,24.959999084472656,3.1250028656080273,0.9569912581513346,5865963.6,150989901.72138748,5.3153190990042996,24.02980007171631,24.109700012207032,1.1792422592873968,12.2057505312764,-5.9897715117479935,42.288554748496736,1.739132598127059,1
HK.01798,493,0.9800000190734863,1.0199999809265137,-3.92156496088299,1.1061635835191097,10236909.75,10032171.750253558,4.168634763452724,1.1068999922275544,1.5433266386389732,-14.410477257782336,-20.96774100513042,-38.88092389560436,-51.51611730538178,-61.908584338884594,0
HK.01799,493,3.6700000762939453,3.8399999141693115,-4.427079210290593,2.224763457786496,1555858.45,5710000.630202579,4.232635617332585,3.9366000080108643,5.434650009870529,-6.257979257887909,-9.382718433205008,-32.660546702132855,-51.06666564941407,-53.54430339252734,0
HK.01800,493,3.325000047683716,3.3450000286102295,-0.5979067490418887,1.8701893470366553,8699807.15,28926859.188589133,1.6028864446516071,3.569500026702881,4.266717339754105,-5.807363324859906,-11.35464711027965,-28.034222039203787,-33.25526700073665,-30.865537280395184,0
HK.01801,493,92.5999984741211,97.5,-5.025642590645032,1.4638483719832704,10444510.45,967161651.7329417,3.5616631236628096,97.58600021362305,87.55775001525879,-5.702646281213897,7.424596000533172,7.549361341688865,17.512683867916984,-0.6970525746690683,0
HK.01802,492,0.04500000178813934,0.04500000178813934,0.0,,0.0,0.0,0.0,0.04500000178813934,0.04500000178813934,0.0,0.0,0.0,0.0,4.651163395125501,0
HK.01803,492,0.7350000143051147,0.7350000143051147,0.0,0.0,7687.5,5650.31260997057,0.8003500658746274,0.7633999943733215,0.8024999994039536,-3.2894705884013753,-16.477270649114907,-8.124999580904847,-16.477270649114907,-30.660372265889812,0
HK.01808,493,1.8849999904632568,1.7999999523162842,4.722224466594708,2.5569127279164454,14115.5,26607.717365384102,2.569818348374062,2.0515000009536744,2.262524998784065,-2.83505490386447,-18.749998073125653,-30.185186771371864,-35.00000246639901,-39.968155175562245,1
HK.01809,493,6.289999961853027,6.380000114440918,-1.4106606735661065,1.3302540415704387,53650.0,337458.4979534149,2.009320679798459,6.781599969863891,7.1183633661270145,-10.142857687813896,-4.13534364613549,-13.598904112962721,-15.122349842789806,-4.812346388146035,0
HK.01810,493,23.65999984741211,23.940000534057617,-1.169593485376795,0.9204730331072306,104734173.15,2478010520.7478337,3.2249291930299613,26.78720001220703,30.638900022506714,-10.310839271745637,-6.482211221754089,-26.930206711110205,-41.26117039612999,-56.706314388283815,0
HK.01811,493,2.130000114440918,2.055000066757202,3.6496372383124145,2.2748537537088507,4390375.15,9351499.571938563,2.823078881313283,2.0848737144470215,2.3484833920001984,0.8875047048217689,0.19332415946383333,-11.400681314431074,-9.649703874400108,-16.877727228194107,2
HK.01812,493,0.6050000190734863,0.6150000095367432,-1.6260146842582102,1.5270139113555483,528137.5,319523.1975734234,2.8635123387110024,0.6261000084877014,0.8166250002384186,-9.701491939806427,-5.468744906829556,-49.15966470736024,-19.33333079020182,-27.108429971255482,0
HK.01813,493,0.09300000220537186,0.09300000220537186,0.0,8.82387818137086,941260.0,87537.18207582831,6.380387422761155,0.09610000059008598,0.1399849997088313,-3.1249985448084896,-15.45454299154359,-38.815786055394874,-41.13924181952224,-63.52941021787251,0
HK.01815,493,1.6349999904632568,1.6799999475479126,-2.6785689577155414,0.5585473322458852,11580314.95,18933814.83281151,7.372688759667582,1.7920999932289123,1.5189249989390374,-18.250000476837158,159.52380997433596,30.79999923706055,-35.62992066856325,20.220586269526766,0
HK.01816,493,3.200000047683716,3.0850000381469727,3.727715011822779,3.056963054757847,41295011.9,132144040.04909961,2.403481335264147,2.9631000089645387,3.048442552089691,3.059582223080853,16.788322501675673,-7.581406788743167,11.4643088518791,16.174072593318,2
HK.01817,493,0.550000011920929,0.3799999952316284,44.7368470585578,6.021820117083555,244475.0,134461.2529143691,13.186216692459816,0.2760199996829033,0.2692049995809793,120.00000476837158,160.66351835491176,96.42857484975637,80.32786853209006,48.64864995481323,1
HK.01818,493,17.1200008392334,17.469999313354492,-2.0034258035347854,0.8316500668902439,13915489.8,238233197.05434382,4.021594826366469,21.490400009155273,26.479495906829833,-22.323048420691165,-7.659115459399402,-46.05033040360504,-46.05033040360504,-41.34306813189227,0
HK.01820,493,2.799999952316284,2.799999952316284,0.0,2.5,900.0,2519.9999570846558,0.0,2.8219999742507933,2.5957964807748795,0.0,-28.753183085142425,14.05445008056323,14.966882554947745,11.835493978583749,0
HK.01822,493,0.12999999523162842,0.13199999928474426,-1.5151545939038447,0.8686337406999857,881717.5,114623.27079564333,4.8050241836972685,0.13101864084601403,0.14032032057642937,-7.1428609441737585,-7.1428609441737585,-7.801423536436509,-10.344828294942289,-24.855491030749537,0
HK.01823,493,1.0499999523162842,1.090000033378601,-3.669732095175381,1.3930348258706469,64500.0,67724.99692440033,2.7284130565935185,1.1801000046730041,1.3452750006318093,-9.871245777023569,-22.222227127954216,-37.50000088697391,-6.2500046566128535,14.130427529208056,0
HK.01825,493,1.5,1.0,50.0,,12750.0,19125.0,0.4999999205271403,1.01,0.9965000000596046,50.0,50.0,50.0,23.96693824052611,-9.638552399916438,1
HK.01826,493,0.7300000190734863,0.7300000190734863,0.0,0.301656536384166,5629603.2,4109610.4433761598,11.552511906344634,0.38158000111579893,0.20200812056660652,65.90909614296987,513.4453800453422,356.25002211891166,676.5957915631842,928.1690072857231,0
HK.01827,492,0.800000011920929,0.800000011920929,0.0,0.0,23250.0,18600.0002771616,0.32812468882184354,0.7654399716854096,0.7655599722266198,-1.234559452473166,-1.234559452473166,-5.437345933258013,-6.432742708207923,-11.111107431811954,0
HK.01828,312,32.47999954223633,33.86000061035156,-4.07560851517925,0.473390697869455,1234765.9,40105195.86676902,3.5049702222376897,32.0947998046875,32.80029987335205,-3.6201815818496486,11.845724925131314,7.692306719369189,-14.973824886025936,-29.051986875707858,0
HK.01830,493,1.1649999618530273,1.2200000286102295,-4.508202087491409,3.5348738099709625,244557.2,284909.1286708832,2.181912902224384,1.2920449900627136,1.1876537442207336,-11.068701317563006,-3.4396995115531244,7.571562451911763,-4.194079003802443,-7.489366850131159,0
HK.01831,492,0.7549999952316284,0.7549999952316284,0.0,,0.0,0.0,0.0,0.7542999982833862,0.5063599990308285,0.0,-4.430382946251475,64.13043076859086,264.7342932224553,164.9122823528526,0
HK.01832,492,1.5199999809265137,1.5199999809265137,0.0,0.5263157894736842,6750.0,10259.999871253967,0.9303887165236936,1.2787999939918517,0.9640499964356423,16.923079744598674,46.153849680748344,100.0,149.18031889852185,137.5000023283065,0
HK.01833,493,5.960000038146973,6.010000228881836,-0.8319498973491029,0.924097337318051,7753042.3,46208132.40375509,3.3739454390479007,6.674900007247925,10.320574989318848,-3.6378319598084476,-22.997413250750558,-48.92887747058442,-59.12208457246676,-66.66666488875026,0
HK.01835,493,3.994999885559082,4.0,-0.12500286102294922,0.08669267446900737,92680.0,370256.5893936157,6.181543472131042,4.253499965667725,2.3326250007748603,-11.222224765353733,-4.880950786088797,222.17740764789116,273.36445698332994,90.2380984278224,0
HK.01836,493,12.300000190734863,12.050000190734863,2.0746887638410394,1.2578840013513617,991642.5,12197202.939140797,2.034090849696871,12.4738791847229,13.045833139419555,4.502971217996814,1.7131198523815407,-3.531156462137272,-10.747328246968918,-10.453539895971158,1
HK.01837,493,1.309999942779541,1.3250000476837158,-1.1320833482532375,1.998020423945629,1456079.15,1907463.6031824825,3.2510504998331626,1.4912999987602233,1.377158760726452,-8.391609032863334,-23.837213895977143,-3.847407091635614,27.313143563258112,46.27467702557713,0
HK.01841,493,0.47999998927116394,0.48500001430511475,-1.0309329662834354,0.5780346820809249,133500.0,64079.998567700386,1.9069349915540168,0.4359999990463257,0.29549999989569187,6.6666671081825655,95.91835915471371,104.25531510154062,111.45374154375507,118.18181448731539,0
HK.01842,493,0.03200000151991844,0.03400000184774399,-5.882353585690328,1.4262476035554523,2882700.0,92246.40438146889,10.88870022934159,0.03879999995231628,0.04428500005975366,-25.581394341457496,-13.513510520219668,-34.69387274119107,-40.740739463206374,-45.762709617032584,0
HK.01843,493,0.33500000834465027,0.3499999940395355,-4.285710271523855,3.4246674903699397,610000.0,204350.00509023666,4.600419264570251,0.31899999946355817,0.20738500025123358,-12.987008664193306,48.230094768090126,123.33333002196431,201.80180543003678,148.14814446884924,0
HK.01845,493,0.25999999046325684,0.24799999594688416,4.838707545359315,0.14738393515106854,205050.0,53312.998044490814,17.941181462219465,0.21306000262498856,0.20386000007390975,44.4444334065477,19.266053540830413,8.333331781129008,94.02983879612854,63.5220123428478,1
HK.01846,493,2.5199999809265137,2.5199999809265137,0.0,4.924669732178136,8681.55,21877.505834412572,0.5953557751186069,2.4768999814987183,2.6607194554805758,7.2340460933135855,9.565218833533967,-5.833435417346918,-15.56398080034766,-20.593088076709197,0
HK.01847,492,0.3799999952316284,0.4000000059604645,-5.000002607703171,3.8983050847457625,34250.0,13014.999836683273,4.331741933755573,0.42579999804496765,0.46819999918341637,-8.433734247587214,-20.83333255723117,-22.44898207432918,-25.490195620110374,-42.4242454345779,0
HK.01848,493,3.440000057220459,3.440000057220459,0.0,1.8406175037960388,136237.25,468656.147795558,1.9892507268512056,3.5373495292663573,3.7610147392749784,-7.898255586638984,0.24634979252688244,-3.721138674359862,-20.14397368522424,-17.1405377076324,0
HK.01849,492,0.05000000074505806,0.05000000074505806,0.0,,0.0,0.0,0.0,0.05000000074505806,0.05000000074505806,0.0,0.0,0.0,0.0,0.0,0
HK.01850,493,0.38499999046325684,0.38499999046325684,0.0,0.23577621270320473,1141945.0,439648.8141095638,2.9981104018855618,0.4543000018596649,0.8764249971508979,-2.5316506313829312,-9.411769490753356,-68.69918825259343,-37.903227822217424,-39.84375014551916,0
HK.01851,493,7.849999904632568,9.024999618530273,-13.019387961913893,1.4528521536670547,1343800.0,10548829.871845245,12.973007888598282,6.696799993515015,5.291900012493134,2.0806221875366426,15.952731562020631,86.90476812202672,154.0453114136378,416.4473686274399,0
HK.01853,492,1.2100000381469727,1.1950000524520874,1.2552288733465697,0.8,3250.0,3932.500123977661,0.0,1.2691999936103822,1.5082102584838868,-5.836570460902089,13.084110171214613,-29.565850364966035,-21.987491978909247,-31.522350561673434,1
HK.01854,493,0.9350000023841858,0.9350000023841858,0.0,0.04048582995951417,1477500.0,1381462.5035226345,3.512269121170218,1.1102999913692475,1.1721749904751777,-10.952376681390339,-18.695650280986666,-18.695650280986666,-31.250000547836805,3.8888919059141984,0
HK.01855,493,0.14800000190734863,0.14900000393390656,-0.6711422819837666,1.0492332526230832,125900.0,18633.200240135193,3.940024598449491,0.17323999971151352,0.5221450014412403,-9.202454212069117,-27.450978100551872,-58.30985735768572,-88.52713129582165,-95.33123033610852,0
HK.01856,493,1.5449999570846558,1.5449999570846558,0.0,1.0075732630885743,152150.0,235071.74347043037,1.7472243360709356,1.5853000044822694,1.6820249938964844,-7.761193966116663,18.846154904224502,-2.830193418192852,-17.819151010460423,-9.649127332249527,0
HK.01857,493,1.2799999713897705,1.2699999809265137,0.787400835704065,0.6014492753623188,138700.0,177535.99603176117,1.2572015541774566,1.319052357673645,1.4087823057174682,-2.2900742519207253,-1.5742556069415454,-10.658075797809714,-15.87935671875044,-11.269998593530936,1
HK.01858,493,7.505000114440918,7.284999847412109,3.0199076408623466,0.722290888373218,535165.05,4016413.76149478,3.2117264529934895,8.366899967193604,10.992614164352418,-7.573888913618129,-16.42538422032129,-39.05650828610337,-49.35511060087288,-49.433225500820384,1
HK.01860,493,11.239999771118164,12.550000190734863,-10.438250196871051,1.7391518580607173,12961297.9,145684985.42939433,6.927448663227756,11.205000038146972,13.321500015258788,13.135372887601878,-2.2608715554942256,-17.836260815977113,-28.407643900192696,-40.24455029108615,0
HK.01861,492,2.299999952316284,2.299999952316284,0.0,0.0,8400.0,19319.999599456787,0.0,2.2973999881744387,2.1258807903528214,4.545450112051311,-14.81481808530281,25.922519051087463,19.497895479681862,55.1098514679395,0
HK.01862,492,0.01600000075995922,0.01600000075995922,0.0,,0.0,0.0,0.0,0.01600000075995922,0.01586500070989132,0.0,0.0,0.0,0.0,33.33333850734759,0
HK.01865,493,0.4350000023841858,0.41999998688697815,3.5714323727453214,1.3908755523600043,13872980.0,6034746.333075762,6.2308433306083915,0.4188999992609024,0.4237299994379282,3.5714323727453214,-7.446807768615783,-23.684209150400612,74.6987975600635,64.15095315704453,1
HK.01866,493,10.640000343322754,10.449999809265137,1.818186961966829,0.9510153853298021,4933174.65,52488979.96967111,5.037868872372207,10.208400020599365,10.003217387199403,-3.184708235528925,26.066361046424845,-3.7328799332497518,21.279760659191652,52.18117019996743,2
HK.01867,492,0.18299999833106995,0.18299999833106995,0.0,0.0,52000.0,9515.999913215637,1.4384015910738643,0.21982000172138214,0.2228049999475479,-20.087337722126534,-6.632651470877694,-23.109246170307745,-28.23529343016556,10.909085490487055,0
HK.01868,492,0.15299999713897705,0.15299999713897705,0.0,0.0,20800.0,3182.3999404907227,1.1877604422911108,0.17736000150442124,0.292225002348423,-18.6170200117846,-30.454546378171155,-52.923076076620404,-61.26582456120231,-59.73684235292789,0
HK.01869,493,0.05000000074505806,0.04800000041723251,4.166667313418449,0.6237517283760946,2036500.0,101825.00151731074,6.206847667477831,0.052239999994635584,0.09342499999329448,-10.714287139779408,-50.98039050977165,-51.92307719861614,-56.1403502465652,-59.67741809498504,1
HK.01870,493,0.17499999701976776,0.16300000250339508,7.361959712928677,0.25602735712864866,3367587.45,589327.7937138074,9.814982439304485,0.19909999877214432,0.38005999885499475,-8.854169011141877,-47.76119622070977,-52.70270411771434,-66.98113085536943,-37.50000133046081,1
HK.01871,493,0.47999998927116394,0.5149999856948853,-6.796115999206506,0.6631430696166141,1523602.1,731328.991653523,8.241229295018922,0.34900000333786013,0.33812000051140784,62.711868002578555,41.176465947735316,33.33332505491078,84.61538726056126,109.60698025043061,0
HK.01872,493,3.984999895095825,3.9600000381469727,0.6313095128289665,1.3764836672115923,606765.5,2417960.453847766,5.371254495102471,4.137300019264221,5.600275001525879,-6.455406549548304,-11.444446775648329,-30.574911951267573,-42.82639863628673,-22.47081714769549,1
HK.01873,493,1.524999976158142,1.690000057220459,-9.763318075485294,1.4255750319416685,6596350.2,10059433.897730757,6.890212692718678,1.4450000047683715,1.6798500049114227,12.96295920190177,24.999995114373494,-23.366835736189245,-13.352273612414024,-36.7219949441413,0
HK.01875,493,3.5799999237060547,3.690000057220459,-2.9810333823480573,1.2091724106861288,458900.0,1642861.9649887085,4.13141697973243,3.767799997329712,3.889649987220764,-5.789474509759633,-0.5555550404536735,-36.74911625054339,43.19999694824219,56.331877001831145,0
HK.01876,493,5.739999771118164,5.675000190734863,1.1453670167169439,0.6209337537422438,15167726.95,87062749.22138281,2.6572797734984945,6.122800006866455,6.829020302295685,-5.045497126987137,-6.969210694630397,-14.581558165977981,-21.50738349446477,-24.237562576780288,3
HK.01877,493,17.459999084472656,17.889999389648438,-2.403579205400025,1.0948421021867616,1911764.6,33379408.165727235,5.075234810927777,18.382599906921385,20.81559994697571,-1.0204099285933628,-5.621626570418075,-24.35009037179828,-21.63375876851714,-41.44869462388645,0
HK.01878,493,1.8700000047683716,1.8799999952316284,-0.5319143876925793,0.2818517588840678,210522.5,393677.0760038495,4.976688406762688,1.7627999997138977,1.9177499932050706,2.185790213933768,11.309527568603707,-7.425741464083657,-4.1025662030301655,-17.62114447220743,0
HK.01879,113,254.1999969482422,275.0,-7.5636374733664775,0.7365301320286873,398112.1,101200094.60505828,8.567040056688372,309.0280017089844,,-31.556273256403944,-27.205043510269444,,-71.30925542344896,,0
HK.01880,493,44.900001525878906,45.36000061035156,-1.0141073154387927,1.1898782530849097,443289.55,19903701.471406173,2.658446232919904,48.499999923706056,62.55774475097656,-8.104787218593861,-6.458330154418945,-29.082436641077873,-43.6882887587811,-25.925571167334382,0
HK.01882,493,17.530000686645508,17.719999313354492,-1.0722270545789125,0.7176705064585689,2222225.65,38955617.170381255,2.0907819205918594,18.675200004577636,20.73424217224121,-2.4485177714057964,-10.697904044327444,-13.89980274493316,-18.098823724830083,-14.727776591736374,0
HK.01883,493,2.375,2.384999990463257,-0.4192868135531716,0.891090842202231,2706991.0,6429103.625,1.180939448189258,2.453509097099304,2.49350218296051,-1.6563131463710423,-3.7740128537376343,-7.847648417831768,2.144764090715757,5.975192064950215,0
HK.01884,493,0.1120000034570694,0.1120000034570694,0.0,0.7782101167315175,27600.0,3091.2000954151154,0.13353344085224433,0.1163600017130375,0.1121550004184246,0.0,3.703704214717449,6.666673289405183,-7.438013170286715,-11.811023714434626,0
HK.01888,493,50.150001525878906,53.599998474121094,-6.436561653836426,1.1472921861466563,60937468.95,3056014160.825699,7.056886868910224,43.31959991455078,37.09496877193451,4.479169845581055,-24.868911571716996,152.43563060605766,276.39957296693143,342.75575720024176,0
HK.01889,493,0.17000000178813934,0.17499999701976776,-2.8571401810159034,47.407987470634296,21020.0,3573.400037586689,0.36210090802392325,0.17651999920606612,0.29538000069558623,-11.917099205675473,27.819548956420153,-48.48484999001622,-65.99999964237213,-61.3636357478859,0
HK.01890,493,0.8199999928474426,0.8299999833106995,-1.2048181523292238,0.6789858186506231,228800.0,187615.99836349487,2.148769378481579,0.8519999969005585,0.9981760036945343,-2.3809501846360366,6.81818499455323,-29.92727212346289,-31.56960206429514,-37.99930433911044,0
HK.01891,493,0.20000000298023224,0.20900000631809235,-4.306221562578494,2.529290144727774,642200.0,128440.00191390514,3.8182448059982312,0.18098000049591065,0.1642600003629923,5.820109866500572,16.959063461168448,35.13513540725276,44.92754202208546,52.671761195578206,0
HK.01894,493,0.5099999904632568,0.5149999856948853,-0.9708728874782327,0.15935603816372812,2368600.0,1207985.9774112701,4.758855104336203,0.5590000021457672,0.48913056448102,-22.72727724277594,0.0,-21.538460127700667,9.664209926631031,-4.957666052332722,0
HK.01895,492,0.2709999978542328,0.2709999978542328,0.0,,0.0,0.0,0.0,0.27096599221229556,0.354475137591362,0.0,0.03692011843921189,-36.93325415703318,-39.56102964478579,-44.21018235152898,0
HK.01896,493,3.690000057220459,3.6649999618530273,0.6821308493217983,1.227741565479049,2878375.4,10621205.39070196,3.005119833225058,4.238899993896484,5.398564083576202,-14.186048987364257,-31.41263980058635,-32.01374749778936,-43.60907170302332,-50.657939537940734,1
HK.01897,493,0.46000000834465027,0.46000000834465027,0.0,0.36250203881911597,11931.8,5488.6280995666975,0.0,0.4648999977111816,0.46726516768336296,4.545457008456409,7.226111614493266,-10.301233673093309,-0.7588154046618999,3.1932669622125065,0
HK.01898,493,10.359999656677246,10.149999618530273,2.0689659708320343,1.2462319267117299,11569469.8,119859703.15593778,2.9290435497530702,10.872401103973388,11.407001609802245,-10.458081850151302,4.207986468905899,-22.081795398892258,7.233956904241948,14.852915382402454,1
HK.01899,493,0.9900000095367432,0.9800000190734863,1.020407170268328,1.8873856252540975,195212.7,193260.5748616934,2.0267617599407672,1.0658999836444856,1.162037574350834,-5.714280524221172,-10.00000108372079,-16.806725887968916,-9.432923155979504,-13.399374473327,1
HK.01900,493,0.1459999978542328,0.15000000596046448,-2.6666719648571027,0.0990507635163021,121750.0,17775.499738752842,3.630035948947382,0.17470000058412552,0.23377499863505363,-17.9775307235987,-27.00000216066834,-46.90909284008431,-41.365462231929456,-48.77192993463461,0
HK.01901,492,0.14000000059604645,0.14000000059604645,0.0,0.0730816077953715,164800.0,23072.000098228455,2.302763819075953,0.16020000100135803,0.2837099988758564,-11.392408764108122,-28.571426399247585,-61.11111249084821,-67.05882431314065,-63.636362580791385,0
HK.01903,493,1.9600000381469727,2.0,-1.9999980926513672,0.5981308411214953,54800.0,107408.0020904541,3.5891823434944023,2.3285999941825866,2.4293499940633776,-15.151511398369383,-26.037737071280674,-17.647061180608674,5.376345326492771,38.028175871988694,0
HK.01905,492,1.2000000476837158,1.2000000476837158,0.0,0.0,3214301.35,3857161.773269832,3.8604360465801206,0.9463168346881866,0.773155072927475,28.325570651453376,72.2726754647325,69.21193461432172,73.60707140197516,65.03386968948878,0
HK.01906,493,1.4850000143051147,1.4600000381469727,1.7123270893795304,1.0280158436644102,9446150.0,14027532.88512826,8.51057295294613,0.8494000029563904,0.6014499989151955,78.91566797167329,174.99999172157746,165.17857285406515,209.37500989530258,156.03449259232426,2
HK.01907,493,1.6449999809265137,1.7400000095367432,-5.4597717292842,0.32088383701434403,8347557.1,13731731.270282984,4.507029086158423,1.8317123174667358,2.3804694199562073,-16.637105485089325,-12.226370914737403,-51.024056711788944,-28.74315497408229,-29.04766473573414,0
HK.01908,493,13.510000228881836,13.300000190734863,1.5789476325967597,1.2600690156512309,7721378.2,104315821.24928322,4.814315608572177,13.894600048065186,14.200525088310242,7.64940257814259,-5.059728295966902,11.063076482832425,-6.845664875619299,-17.9430820740519,1
HK.01909,493,1.7599999904632568,1.7450000047683716,0.8595980317419155,0.47387349270150203,21295.0,37479.199796915054,1.312029578006372,1.804599997997284,2.0468499940633773,-4.864866606417649,-12.000000476837158,-28.455286049954697,15.032681266298752,-21.428572188834753,1
HK.01910,493,12.59000015258789,13.329999923706055,-5.551386161691941,0.9917283661924642,2881245.85,36274885.69114323,2.7689036787399264,12.934799995422363,15.043910331726075,0.4788541172815456,-7.290130903388016,-8.57488331700689,-33.30537881620838,-21.535733721138396,0
HK.01911,493,3.319999933242798,3.384999990463257,-1.9202380326022794,0.5210879275678149,361020.0,1198586.3758993149,6.703935010946687,3.389699993133545,3.6679749941825865,-20.574161014682137,8.496731873370125,-1.4836781606593201,-26.222223705715603,-52.63908951722858,0
HK.01912,493,3.1500000953674316,3.0950000286102295,1.7770619143386317,0.6162220453436722,574380.0,1809297.0547771454,10.0979265439254,2.5921000027656556,1.267500000447035,-4.833832331663155,69.35484253446383,774.9999917215774,343.66199867140404,231.5789615678657,1
HK.01913,493,37.040000915527344,36.97999954223633,0.16225358040495827,0.8819068503131806,1457346.35,53980110.138240434,3.4296013716437477,40.1852001953125,39.1680161857605,-6.653224217097804,-7.952287846577888,5.758042094685431,-13.64276556203183,-15.161135331765196,2
HK.01915,492,0.26499998569488525,0.26499998569488525,0.0,,0.0,0.0,0.0,0.26499998569488525,0.26499998569488525,0.0,0.0,0.0,0.0,0.0,0
HK.01916,493,0.5849999785423279,0.5849999785423279,0.0,0.9089445726243495,484800.0,283607.98959732056,1.8406756935994344,0.5947999930381775,0.6167769294977188,-1.6806806028663923,4.061757183285139,-8.180799049351739,-6.810363604633299,-12.060482553702249,0
HK.01917,493,0.07000000029802322,0.07699999958276749,-9.090908211265567,6.349206349206349,166000.0,11620.000049471855,2.6062719568552044,0.07904000043869018,0.10127499993890524,-10.25641172595275,-17.64705933914052,-45.31250236468611,-41.17647169311623,34.615382411070875,0
HK.01918,493,0.6050000190734863,0.6449999809265137,-6.201544656725289,0.9056515853403111,289391462.5,175081840.3322041,7.274884037527564,0.5933000004291534,0.9102249929308891,4.3103511176128135,2.542380672253542,-42.38094794777225,-52.73437245341478,-61.70886059235999,0
HK.01919,493,16.8700008392334,16.350000381469727,3.18043086013022,1.2681177008680211,14084645.05,237607973.81380454,2.6611228125650728,16.116016750335692,14.313699913024902,2.8798723112025937,24.472851768442702,17.829164384727772,29.357776361227295,48.23356769006153,1
HK.01920,493,0.3199999928474426,0.3449999988079071,-7.246378564303781,2.784116841624829,492000.0,157439.99648094177,5.071336289897344,0.3993999981880188,0.6325499975681305,-20.000002980232196,-36.000001430511475,-67.6767687106203,-20.987656319619237,-23.809523133734164,0
HK.01921,493,3.2100000381469727,3.125,2.720001220703125,1.6207031760554176,787200.0,2526912.030029297,5.622603675218574,3.5124000215530398,4.758999999761581,-4.321907007516403,5.592107842998853,-52.79411841016325,-56.79676834037368,-47.804878237889014,3
HK.01925,493,1.25,1.2450000047683716,0.4016060411629196,0.15748031496062992,12800.0,16000.0,0.2830075263892892,1.2674999928474426,1.2354749953746795,-0.3984059960658085,0.0,1.6260146842582102,11.60714238197828,27.571517297553445,1
HK.01927,493,0.32499998807907104,0.3449999988079071,-5.797104579113893,0.9438377535101404,655000.0,212874.99219179153,5.042466969208907,0.2873799982666969,0.20239500008523464,16.071423819782805,44.44444297272478,109.67741005130422,138.97056648295143,116.66665010982156,0
HK.01928,493,11.020000457763672,11.270000457763672,-2.2182785256923405,1.719186144139096,23530960.15,259311191.6246187,2.524466463100134,13.045167140960693,14.963352074623108,-16.83852314047654,-15.303045395551354,-27.55833263850534,-40.71965396591104,-44.1837274905325,0
HK.01929,493,10.800000190734863,10.989999771118164,-1.7288406218407908,0.7964192497509264,11875595.95,128256438.52509016,2.600054337069906,11.988534412384034,11.797642688751221,-11.037892213280848,-3.247482000866316,3.637870481180426,-10.075244724614981,-25.26305973572133,0
HK.01930,493,0.32499998807907104,0.3149999976158142,3.174600171093715,0.7802874743326489,101200.0,32889.99879360199,4.4706840659933595,0.33050000309944155,0.36700349375605584,1.5624985448084445,-15.584416589722485,-17.16697297768644,-13.939709128387406,-10.450782332842525,2
HK.01931,493,0.36000001430511475,0.3799999952316284,-5.2631529414422,0.8593987245672638,308000.0,110880.00440597534,4.487753995416713,0.5292999947071075,1.0690249997377395,-29.411760580993363,-44.61538038310199,-66.3551404992819,-85.59999942779541,-95.99109095037367,0
HK.01932,492,0.16599999368190765,0.17599999904632568,-5.681821260570511,1.1505922165820643,122800.0,20384.79922413826,2.466428810952993,0.14578000247478484,0.2051049993932247,21.167883449856067,-7.77778495241066,-32.24490185669681,15.277778352668282,15.277778352668282,0
HK.01933,493,0.23199999332427979,0.23499999940395355,-1.2765983350139942,0.49145299145299143,137600.0,31923.1990814209,1.9514258168531806,0.22817999839782716,0.20306499905884265,22.105261176576878,20.207248125406934,7.906971844291047,79.84496553846388,38.92215526118078,0
HK.01935,492,0.75,0.7799999713897705,-3.8461503192516595,10.344827586206897,17200.0,12900.0,0.5495512513111817,0.7675999975204468,0.93625,-9.090907777308086,-5.063293717874323,-33.03571457081303,-17.582419957678084,-15.730335724171665,0
HK.01936,493,2.444999933242798,2.365000009536743,3.382660608180086,1.5078685124227804,2384900.0,5831080.340790749,11.587986884521726,1.1218999993801118,0.8591749987006188,181.0344735450609,191.0714297118236,194.57831113323584,249.28571069727133,276.15384968074835,1
HK.01937,493,0.15199999511241913,0.14399999380111694,5.555556705336561,0.5676126878130217,154000.0,23407.999247312546,2.7742722310995553,0.1487800008058548,0.17022000025957823,-1.935487778452229,22.580643223053922,11.76469621464508,-12.643678456225954,-36.6666672875484,2
HK.01938,493,0.1850000023841858,0.18799999356269836,-1.5957400432101987,1.3636363636363635,424400.0,78514.00101184845,5.154032966879883,0.2256599995493889,0.28737500071525574,-18.14159044052251,-27.450978100551872,-49.315069164248186,-33.92857085837394,-57.95454468485737,0
HK.01939,493,0.6899999976158142,0.7049999833106995,-2.127657595741337,0.1453294988179185,2948470.0,2034444.2929702997,10.630248129605002,0.4943999993801117,0.6471249993145466,49.99999676061719,64.28571884729438,30.188685823225658,-30.303031215253203,-90.48275865357498,0
HK.01940,493,1.149999976158142,1.1699999570846558,-1.7094001418896263,0.974477958236659,90100.0,103614.9978518486,2.0977061248970057,1.215800006389618,1.2267000076174737,-9.090909947605397,27.777778513637607,-15.441179113095165,27.777778513637607,69.11764177380967,0
HK.01941,493,0.6899999976158142,0.699999988079071,-1.4285700905079517,2.351168048229088,145400.0,100325.99965333939,2.6731151996287554,0.6321999943256378,0.41490999698638914,5.343515687761191,30.188685823225658,126.22950210971125,206.66667373092108,220.93022611090927,0
HK.01942,493,0.05900000035762787,0.05900000035762787,0.0,0.5888997372460238,2205910.6,130148.72618889512,4.870253966148596,0.0719599998742342,0.16435035495087505,-21.33333598242855,-25.316458680732357,-69.74358845039228,-81.56249947613105,-85.78313215807812,0
HK.01943,493,1.190000057220459,1.1549999713897705,3.0303105365945693,1.3457556935817805,1995250.0,2374347.614169121,5.130886715843086,1.1456999969482422,0.7826749990880489,0.8474669590729236,65.27777915751487,83.0769385952927,147.91668412896533,58.666674296061196,1
HK.01945,493,1.3600000143051147,1.3799999952316284,-1.449273985189887,0.2631578947368421,16920.0,23011.20024204254,3.7691783450548813,1.4103999972343444,1.5676999986171722,-3.2028439858360693,-12.820508705793602,-18.072286647503653,-12.258060893952798,5.426360815665099,0
HK.01947,493,0.5350000262260437,0.5350000262260437,0.0,0.3076923076923077,131000.0,70085.00343561172,1.4282389421286994,0.546000006198883,0.4544000016152859,-3.603600120498037,8.080812337848274,44.59459981925294,40.78948235247615,50.70423729432514,0
HK.01948,493,3.549999952316284,3.549999952316284,0.0,0.4166666666666667,2150.0,7632.499897480011,1.0610214170736765,3.851300010681152,4.239923359155655,-11.250001192092896,-12.345684317803828,-15.832893084029187,-14.430108129995986,-17.570284692879152,0
HK.01949,493,0.6299999952316284,0.5899999737739563,6.779664955205086,1.3013420089467262,78370.0,49373.09962630272,2.596564309326981,0.6106000018119812,0.6633500005304813,4.999995032946466,6.779664955205086,-19.230766879501108,-16.000000635782875,-33.684210196096146,1
HK.01950,493,0.0989999994635582,0.10000000149011612,-1.0000020116567312,0.05286110744020087,248480.0,24599.51986670494,3.1153577253860543,0.10474000006914139,0.12394000019878149,-7.476636685391298,-9.174310233434214,-34.00000298023212,-46.48648746610993,-56.57894762640514,0
HK.01951,493,2.2300000190734863,2.2899999618530273,-2.6200848811800905,1.7704098983730576,9446456.8,21065598.844176866,3.3826624660570834,2.169000005722046,2.267654709815979,0.6772056652562117,7.211543311028969,-2.6349253936430013,-5.069067081847283,-19.20770619733941,0
HK.01952,493,28.799999237060547,28.739999771118164,0.2087664106479165,1.3415526553897075,4768245.2,137325458.1221176,5.459954009264578,29.33080017089844,33.31520005226135,-7.7514417985870345,6.8249266137683975,-23.809524290085328,-24.010559162127446,-47.5887191315847,1
HK.01953,493,1.184999942779541,1.1950000524520874,-0.836829224570041,0.9623430962343096,942000.0,1116269.9460983276,3.873653996934766,1.1952000117301942,0.8254597545415163,-9.88593983149337,0.4237284282951545,111.60713173829176,677.8276284913554,677.8276284913554,0
HK.01955,493,0.6700000166893005,0.6449999809265137,3.8759746514837765,69.06528189910979,591400.0,396238.00987005234,3.656688198023119,0.5982254219055175,0.5574403724074364,15.741265580932193,31.627321375312523,26.660250685261524,10.049064575583982,8.274084279313074,2
HK.01956,73,64.5999984741211,69.4000015258789,-6.9164307582441715,0.6577148337856866,241612.5,15608167.131328583,8.512215854025614,78.7920004272461,,-18.279574977594386,-22.355768216784853,,-42.16651724345665,,0
HK.01957,493,0.25999999046325684,0.26499998569488525,-1.8867907552966041,0.03396354579418091,221200.0,57511.99789047241,1.4535873655332021,0.28069999933242795,0.24400499895215033,-11.864406094746942,0.0,37.56613573065953,15.555554378179826,0.0,0
HK.01958,493,0.6949999928474426,0.6949999928474426,0.0,0.38745199913718753,6601283.75,4587892.159033939,5.264112991411865,0.7706999993324279,1.2800749996304512,-2.112674105382526,-19.18604868756812,-52.06896758674859,-64.72081305817329,-66.9047607424037,0
HK.01959,493,4.360000133514404,4.494999885559082,-3.0033316013730365,1.0966292134831461,221300.0,964868.0295467377,4.291421598282548,4.3056999731063845,3.4196749955415724,0.0,131.9149013070728,-5.217386436822859,30.930937940143615,2269.5652853479232,0
HK.01960,493,0.39500001072883606,0.42500001192092896,-7.058823611909541,2.051877661633759,375950.0,148500.25403350592,5.853624588808815,0.3673999989032745,0.38730999946594236,3.947372548798166,23.43750611180453,-1.2499987892806712,46.29629445664684,49.0566158685117,0
HK.01961,492,0.0989999994635582,0.0989999994635582,0.0,,0.0,0.0,0.0,0.0989999994635582,0.18250499840825796,0.0,0.0,-81.32075380986163,-63.33333498901784,-59.2592595999351,0
HK.01962,492,0.47999998927116394,0.4699999988079071,2.127657550770317,0.0,107300.0,51503.99884879589,0.7835806151580917,0.4591759938001633,0.42849419847130776,0.0,13.191522467384253,18.94260078876947,17.663646223432924,11.66039838446578,1
HK.01963,493,8.289999961853027,8.109999656677246,2.2194859777531644,1.6885397760465468,1126932.75,9342272.454510927,2.3239672658448884,8.302299938201905,7.810644612312317,-1.426871435628003,12.027025067780146,8.07727902266762,9.303887855532233,20.573195650640606,1
HK.01965,493,0.125,0.125,0.0,0.021141649048625793,47350.0,5918.75,2.4931461581707746,0.13669999897480012,0.1396550005674362,-3.8461503192516595,-4.580150674630181,-14.965986325599697,-10.714286094417377,-11.34751937943534,0
HK.01966,493,0.04399999976158142,0.04399999976158142,0.0,2.389309348835509,591420.0,26022.479858994484,5.405792919687678,0.04628000020980835,0.06127500034868717,-4.3478267911701876,-18.518521073587245,-29.03225728922157,-43.58974505928608,-56.86274452513796,0
HK.01967,493,0.2549999952316284,0.26499998569488525,-3.7735815105932082,2.185716756008992,64130.0,16353.14969420433,2.6107555112395273,0.28239999532699583,0.35634999617934227,-13.559319807927558,-15.000004967053535,-36.250002142041886,-37.804878669292854,-44.56521943352394,0
HK.01968,493,0.17800000309944153,0.17800000309944153,0.0,3.6824324324324325,133600.0,23780.80041408539,3.0799874686697497,0.16693999946117402,0.17272999979555606,5.952384225736984,1.1363659454278836,-2.197798508950481,6.586830942306629,12.658224624809055,0
HK.01969,493,0.9700000286102295,1.0099999904632568,-3.9603923000712657,0.1657874905802562,65000.0,63050.00185966492,3.2562956081643715,1.0316000068187714,1.726000002026558,-1.5228411651818354,5.4347838058588644,-31.205670101218836,-73.0555540470429,-78.20224561379446,0
HK.01970,493,8.414999961853027,8.454999923706055,-0.4730923975631957,0.47680367521664985,294180.0,2475524.6887779236,2.500098279535153,8.482000045776367,8.179000015258788,-1.0000004487879137,3.3783735495276206,9.002593141833797,3.2515381070722382,3.2515381070722382,0
HK.01971,492,0.33500000834465027,0.3449999988079071,-2.898547970379774,0.0,22850.0,7654.750190675259,3.196431921259023,0.32149999916553496,0.34945000112056734,8.064517989739157,1.5151500099837776,3.0769294253470134,-12.987008664193306,-8.219178194041364,0
HK.01972,493,23.860000610351562,23.959999084472656,-0.41735591795534766,1.546415280917025,2379708.85,56779854.61345901,1.9852422292105594,24.084627990722655,22.93032509803772,-3.945247730339605,14.304981241738608,6.1904305532058155,18.53582176671695,18.423887910399507,0
HK.01973,492,2.890000104904175,2.9000000953674316,-0.3448272460139292,0.0,23300.0,67337.00244426727,4.377961566671603,2.0565000104904176,2.468175005316734,55.79515230127265,19.42148817325661,80.62500386498863,-18.59154524724645,-3.9867071740625932,0
HK.01975,493,0.5199999809265137,0.5199999809265137,0.0,0.11179429849077697,357200.0,185743.99318695068,3.207413301897229,0.4570999991893768,0.4109077785909176,6.122443021609968,25.301202742761642,40.54053357432941,47.115311083008,63.86436684542923,0
HK.01977,493,0.9200000166893005,0.9150000214576721,0.546447553483442,1.6264294790343075,83400.0,76728.00139188766,0.5146400924916339,0.9094706296920776,0.9134723222255707,-1.6297678850778565,1.9944068747823083,2.844381219537385,9.625328067258858,10.843393653483098,1
HK.01978,493,0.20000000298023224,0.2029999941587448,-1.4778282092789605,8.82882882882883,77800.0,15560.000231862068,3.9018605508866746,0.2347999969124794,0.2990500002354384,-6.54205535892754,-28.57142781116525,-37.499997671693514,-44.444445824181535,-46.666665871938065,0
HK.01979,493,1.5099999904632568,1.5,0.6666660308837891,0.9955555555555555,226800.0,342467.99783706665,2.6233182714441505,1.5929130434989929,2.1160287356376646,-5.2835810092159115,-20.74748941598909,-30.511481395739224,-26.348580337088972,-23.52774371611346,3
HK.01980,493,0.6299999952316284,0.6299999952316284,0.0,0.6037414965986394,116550.0,73426.49944424629,2.7873361108175696,0.5799274778366089,0.6001621174812317,2.7450968193543637,26.096247944305823,0.7811612056767343,5.2273773970394775,10.084035363884187,0
HK.01981,493,0.6499999761581421,0.6800000071525574,-4.411769217479552,0.7817033623485237,296500.0,192724.99293088913,2.0431458594716965,0.6713000023365021,0.7500552576780319,-5.109492861930496,-2.985080601935728,-17.200161420806808,-25.04435228141977,-53.15272178588594,0
HK.01982,493,0.7450000047683716,0.7350000143051147,1.360542893691104,0.014879107253564786,392050.0,292077.2518694401,1.2152244525414282,0.7779000055789947,0.9306749919056893,-4.487175372460269,-5.6962044894971715,-26.23762259377227,-29.04761537132333,-7.605468260559578,1
HK.01983,493,2.0899999141693115,2.0799999237060547,0.48076878990645744,2.807017543859649,3250.0,6792.499721050262,0.19230751596258297,2.14659996509552,2.0960602450370787,3.465343262562358,-9.130436630465397,11.834318092341027,3.0730995059693798,-4.415110448636763,1
HK.01985,493,2.200000047683716,2.325000047683716,-5.376343975757394,0.042666666666666665,187900.0,413380.0089597702,2.9005827290070516,2.7208000111579893,2.023500002622604,-17.757006097187613,-34.32835491602755,81.81818002690781,76.00000381469727,48.64864995481323,0
HK.01986,493,1.0,1.0,0.0,1.3170237514539793,660850.0,660850.0,5.28860174004037,0.9410468745231628,0.8690525960922241,1.0101000370632516,30.24013185779951,16.04450817115186,27.648963402873488,32.62230291549506,0
HK.01987,493,0.2150000035762787,0.2150000035762787,0.0,1.6842105263157894,34200.0,7353.000122308731,0.5825071410929539,0.2303600001335144,0.2077024983614683,-2.272725117600642,3.8647348907086223,22.266897363946313,16.09179458155911,11.044328359644819,0
HK.01988,493,3.450000047683716,3.4000000953674316,1.470586791583039,0.7933106510675523,29129449.35,100496601.6465004,2.735550289164961,3.4021658658981324,3.4835325157642365,-0.2890170622255947,8.061782068315354,-5.143068596885464,-8.010286325222902,-10.270471884082415,1
HK.01989,137,115.0,125.5,-8.366533864541832,0.7538771325027693,2273298.45,261429321.75000003,8.601937356945367,122.27699935913085,,-9.874607072723855,-18.957008494382205,14.928178656663762,20.315434021105297,,0
HK.01991,492,0.6650000214576721,0.6650000214576721,0.0,0.0,146360.0,97329.40314054489,4.9428283504768,0.7383000004291534,0.7112999963760376,-11.333330472310383,5.5555597604688,25.47170893498415,-20.833328307147852,-52.49999765838892,0
HK.01993,492,0.4350000023841858,0.49000000953674316,-11.22449103716459,0.7383627608346709,16150.0,7025.2500385046005,4.817564721675737,0.48609999716281893,0.5706999962031841,-11.22449103716459,-20.909092189851844,-27.500002483526764,-16.34615031925166,-39.58333540293897,0
HK.01995,493,1.6950000524520874,1.7100000381469727,-0.8771921263311704,0.5008797321616367,2551098.3,4324111.752310431,2.4966308859579245,1.6996917724609375,1.657698403596878,-3.4188001676673565,6.192892726192641,12.47046884016214,10.497292139694181,7.971637446461982,0
HK.01996,493,0.02500000037252903,0.026000000536441803,-3.846154397232281,0.02424830261881668,355650.0,8891.25013248995,6.4358133369825685,0.025400000084191562,0.0270550002111122,-13.79309968311909,25.00000465661298,-3.846154397232281,-26.470591135606476,-44.444445824181535,0
HK.01997,493,30.040000915527344,30.280000686645508,-0.7926016039491439,0.6427307183901734,3796778.7,114055235.62405473,2.35865438789039,30.44645263671875,25.402212200164794,-5.356014076401272,37.540613687278736,39.81580966045404,26.07796917729977,45.439128946830394,0
HK.01999,493,2.7100000381469727,2.7200000286102295,-0.3676467043408923,0.5438228334985137,12748877.2,34549457.698331065,3.3081631281059565,2.983299984931946,3.7828894329071043,-10.11608809767839,-10.855260784441054,-35.41742613429236,-39.87139274029909,-31.251775549817886,0
HK.02000,493,0.3100000023841858,0.3149999976158142,-1.5873000855468575,0.1140818569918733,223437.8,69265.71853271722,6.2388773118059255,0.27179999828338625,0.2933749988675117,19.230774521122513,12.727271150951577,12.727271150951577,-12.676053027315803,3.3333300219643105,0
HK.02001,493,0.47999998927116394,0.4699999988079071,2.127657550770317,1.751769893974801,790006.6,379203.1595241487,3.6955331845371515,0.5216000008583069,0.706199997663498,-4.950496276539116,-18.644065998710722,-37.66233751154163,-50.515466483141715,-58.97435838654195,1
HK.02002,493,1.6050000190734863,1.6050000190734863,0.0,1.0321692757612249,299526.0,480739.23571300507,4.329751205350127,1.157200002670288,1.147999994456768,40.78947712399847,78.33334017682976,63.77550896283542,12.237767688429255,-8.806816603957612,0
HK.02003,493,1.2200000286102295,1.2200000286102295,0.0,1.9872476089266737,41380.0,50483.6011838913,3.7099700850232002,0.9977000045776367,1.4288250026106835,34.065933346158154,28.42105725465395,-23.74999934807421,-53.787879540462654,-63.76482736346462,0
HK.02005,493,2.7750000953674316,2.740000009536743,1.2773753908346155,1.01523914217506,4291124.65,11907871.312983537,2.9026586573315405,2.5840040969848634,2.5127131140232084,5.113645292018522,21.579938338825176,14.32678665655073,0.3357515004423182,-1.0481966060241676,1
HK.02007,493,0.17900000512599945,0.18700000643730164,-4.278075420272495,1.3616004898656715,315714752.8,56512942.36955365,5.310840081742282,0.1826800012588501,0.25721000038087366,-3.763440386423953,-3.763440386423953,-44.06249714782455,-54.683544236944,-68.59648993470991,0
HK.02008,493,1.2999999523162842,1.2050000429153442,7.883809628014597,0.3970880211780278,24940.0,32421.998810768127,1.3282011692444589,1.2961999917030333,1.5899499952793121,-3.703708936484497,0.7751930820906612,-30.107529982898594,-28.571433249971985,-40.36697649050706,1
HK.02009,493,0.6100000143051147,0.6050000190734863,0.8264454667762735,1.248280767119242,7682959.05,4686605.13040561,2.586146071176469,0.601700006723404,0.6650842976570129,1.6666650109821552,7.017547712211622,-12.553759377584473,-10.190345602253556,-18.952262931000348,1
HK.02011,493,1.100000023841858,1.0399999618530273,5.769236941309597,0.9375,13400.0,14740.000319480896,0.8055144017924805,1.2593000173568725,1.3464250093698502,-8.333334989017844,-15.384610446952324,-3.508768627628134,-26.17449551669066,-20.863306822845132,1
HK.02012,493,0.19900000095367432,0.17499999701976776,13.714288195785254,4.343710915052564,1108856.0,220662.3450574875,6.9839602114739705,0.1782200002670288,0.29990500018000604,16.374266967455167,-8.294927363016951,-53.17647167720594,-54.25287359471774,-59.797979992587344,2
HK.02013,493,0.75,0.7799999713897705,-3.8461503192516595,1.314330872010517,19500782.7,14625587.024999999,3.8522596945949643,0.9854000031948089,1.4770500001311302,-13.793103920766105,-38.52459160559471,-48.27586376993035,-60.732983606974834,-71.37404455115244,0
HK.02015,493,43.02000045776367,43.5,-1.103447223531789,0.6853562146917297,8054416.85,346501016.57401943,3.394555539580082,47.592600173950196,59.46720001220703,-9.659803816251427,-11.335531632543393,-37.47093234080238,-36.78178026672048,-57.02297591054843,0
HK.02016,493,2.365000009536743,2.3499999046325684,0.6383023622513776,0.9096734332825454,6055052.1,14320198.274245476,2.2174304348089544,2.355100016593933,2.3531270110607148,-2.2727299596382973,8.486235647448053,-3.772463454596781,-0.7297013623493912,-3.4023558869029387,3
HK.02017,493,0.7149999737739563,0.800000011920929,-10.625004610046677,1.7288521788664197,735300.0,525739.4807159901,11.967084653389994,0.5462000030279159,0.30640499986708164,18.181810121085107,235.68073961249146,248.78047805396938,210.86954817542085,120.0,0
HK.02018,493,37.2400016784668,39.7599983215332,-6.3380199935814066,2.9450779978001855,3297077.95,122783188.39203587,3.6902532915641677,40.92559997558594,39.29430736541748,-12.335211676637591,-4.561760016439761,11.140707669303488,-6.978869521244679,-16.42179283890774,0
HK.02020,493,71.80000305175781,71.3499984741211,0.6307001923762298,0.8642730690444168,6455977.6,463539211.3820801,2.2060622940603505,73.26459106445313,75.46288150787353,-2.312921018016582,0.6988485989964538,-0.7404568252834512,-9.284781820577624,-18.266486668822843,1
HK.02022,493,0.04500000178813934,0.04500000178813934,0.0,0.6778340475262953,492200.0,22149.000880122185,6.663016935547011,0.04902000002563,0.05155000004917383,0.0,-6.249997089616979,-11.764700726241704,-11.764700726241704,-34.78260447037007,0
HK.02023,493,0.7599999904632568,0.7900000214576721,-3.797472174628627,3.076923076923077,12200.0,9271.999883651733,1.5032053202588134,0.7621999990940094,0.7617499980330468,2.0134208857554183,-1.2987000923330156,-6.172840959723081,-3.797472174628627,-3.797472174628627,0
HK.02025,493,12.640000343322754,12.579999923706055,0.47695087424947424,0.7709637046307884,394600.0,4987744.135475159,1.3283466712575143,12.158199996948243,12.872101821899413,4.032927902690366,3.947372548798166,2.5152113720562457,10.181569303320677,74.77076009187662,1
HK.02026,227,45.599998474121094,47.36000061035156,-3.7162206789452235,0.761610142526995,874633.75,39883297.66541481,4.537304838000154,56.47619995117188,80.43704988479614,-17.166214157869707,-15.162793536518896,-36.92946535358074,-60.72351500996322,,0
HK.02028,493,3.8399999141693115,3.8949999809265137,-1.412068473081716,0.5197248730736197,36187561.6,138960233.4379967,14.376982509672894,2.823300018310547,1.0528300046920775,23.47267021534718,102.10526117657687,2809.090859830872,5019.999682108574,3628.155252160198,0
HK.02030,493,1.1749999523162842,1.2899999618530273,-8.914729685073075,20.755676709075647,64700.35,76022.9081648469,1.710658322766619,1.2820591974258422,1.3268763780593873,-8.203126673470289,-9.328884200254407,-7.990133452669866,-19.722940860033336,-22.329334940654512,0
HK.02031,493,0.48500001430511475,0.49000000953674316,-1.020407170268328,0.1664355062413315,181750.0,88148.7525999546,1.672159212715831,0.44743333220481873,0.35713408276438713,18.687434640009258,27.47909749821713,45.43390670188654,69.27552355959676,54.116519774935846,0
HK.02033,492,0.2280000001192093,0.21799999475479126,4.587158534414711,0.06493506493506493,123600.0,28180.80001473427,2.153776684194682,0.2262599989771843,0.2828849982470274,4.109590625631726,-10.588233575413902,-21.37930804143756,-30.909093618392834,-35.551208935475984,1
HK.02038,493,13.90999984741211,14.460000038146973,-3.80359743626491,0.8013572623988586,581106.3,8083188.544330216,5.114525886754582,16.575999813079832,20.42255871295929,-17.886662285244544,-25.134553796932657,-29.65865933884688,-27.29577437267978,-17.729428679564982,0
HK.02039,493,7.269999980926514,7.355000019073486,-1.1556769262616557,0.7560657913192285,2402096.0,17463237.874183655,4.4272312269636895,7.76379997253418,8.902999410629272,-11.449452531703281,-1.2228281379787895,-27.050612765867044,-19.943127429528896,-3.7668982208518944,0
HK.02041,22,6.835000038146973,7.059999942779541,-3.186967513543425,0.5451306072013563,292580.0,1999784.3111610413,4.380655907900403,,,-23.202243470706016,,,-28.50418683955438,,0
HK.02048,493,0.06199999898672104,0.06400000303983688,-3.1250061845636785,0.2574567097256969,8561068.6,530786.2445252492,14.719462407373316,0.04948000017553568,0.05286000011488795,-23.456791599718755,210.0000018626452,-1.5873047785303125,-11.428573253203405,-34.73684235292789,0
HK.02050,321,22.860000610351562,24.0,-4.74999745686849,1.6054204342606881,4044435.0,92455786.56852722,3.3942059558237836,25.25989818572998,30.01451657295227,-9.782190351127777,-17.489247125653783,-17.858896626753758,-41.94322681700983,-38.323088347372696,0
HK.02051,493,0.3400000035762787,0.33500000834465027,1.4925358528601556,1.0151368178844549,2232450.0,759033.0079838634,6.922054905468918,0.358299999833107,0.5119250011444092,-8.108108325802206,-23.5955035862575,-46.031745055605455,-34.6153815293452,-52.77777915751487,1
HK.02057,493,154.1999969482422,155.10000610351562,-0.5802766730213799,0.5727126054257455,2054849.35,316857763.49909747,2.062776344281016,168.06199951171874,178.9943818664551,-5.398774878379027,-15.921481962929295,-19.399533703898786,-7.31187448717556,4.328900733290462,0
HK.02068,493,1.690000057220459,1.7000000476837158,-0.5882347166332156,0.5949297916320179,2128200.0,3596658.121776581,2.8270498196827134,1.7967000102996826,2.2634249955415724,-6.887052124473674,-4.5197697496119975,-43.4782591361162,-34.99999541502716,-25.550657646672065,0
HK.02076,493,58.45000076293945,59.20000076293945,-1.2668918755648346,0.06495790210925312,3536899.5,206731778.47344017,2.5743684450073268,61.913324966430665,61.052885093688964,-9.388611090150375,5.985885949178322,14.122803188937183,-26.05015107233267,-34.69915480582883,0
HK.02078,492,0.13300000131130219,0.13300000131130219,0.0,0.0,9850.0,1310.0500129163265,2.2719570112393552,0.13172000095248224,0.12979000013321637,-0.746270150483932,15.65217295531291,4.724407139134367,2.3076970690102603,-3.6231850412206086,0
HK.02080,493,0.4449999928474426,0.4650000035762787,-4.301077543014524,2.748212867355044,141600.0,63011.998987197876,4.731618687614755,0.34849999845027924,0.3138749985396862,41.26984006843749,61.818175709937364,56.14035032682692,23.611104212425648,-17.592597191716237,0
HK.02086,492,0.5400000214576721,0.5,8.000004291534424,0.0,3850.0,2079.0000826120377,0.3912415723652616,0.5244000005722046,0.48287499845027926,0.93457850215429,21.34832137914167,20.00000794728618,16.129035979478314,0.0,1
HK.02088,492,0.03799999877810478,0.03799999877810478,0.0,,0.0,0.0,0.0,0.03799999877810478,0.03799999877810478,0.0,0.0,0.0,0.0,0.0,0
HK.02096,493,10.979999542236328,11.399999618530273,-3.684211318842949,1.1587074300560365,4155763.05,45630276.38664264,3.350856969300711,11.708400058746339,11.614990453720093,-5.099396440363125,-5.67010980772894,-10.65015959923987,-4.9711406321575815,-10.14899514899515,0
HK.02097,396,170.5,172.8000030517578,-1.3310202610754038,1.6934868362424804,165942.65,28293221.825,3.047731127414389,204.70337097167967,285.3579753112793,-13.251686830637166,-19.002510338446626,-39.12398901714712,-57.3508790639115,-55.58202127918383,0
HK.02098,493,0.06599999964237213,0.06700000166893005,-1.492540300967864,0.5631868131868132,449100.0,29640.599839389324,6.585484571767888,0.07080000013113022,0.08952000020071864,-13.157892414985195,-20.481925115198997,-37.142855520962,-34.65346797589346,-57.14285714285714,0
HK.02099,493,210.0,215.1999969482422,-2.416355493486759,0.705154958371791,1779723.0,373741830.0,4.22973461994227,231.63200042724608,183.57048362731933,-24.023153170311605,48.51485789577621,34.805073448242425,30.139383991634805,58.319948813269896,0
HK.02100,493,0.26499998569488525,0.2849999964237213,-7.017547712211622,9.219467401285582,138500.0,36702.49801874161,1.6182676081764626,0.2979999953508377,0.3912959082424641,-5.357148369051949,-32.05128322691612,-37.835123944553104,-35.64107272454469,-49.347141045492606,0
HK.02101,493,0.9300000071525574,0.925000011920929,0.5405400180747055,0.6273062730627307,27050.0,25156.500193476677,2.439507456785083,0.9808010935783387,0.9093764781951904,-1.5873000855468575,13.503757134080892,5.607849473115156,-6.577669187896659,-6.7079489341958105,1
HK.02102,493,0.33500000834465027,0.35499998927116394,-5.633797614353404,0.25252525252525254,200500.0,67167.50167310238,3.0188297659727192,0.31579999983310697,0.29006038516759874,3.0769294253470134,24.07407223442462,17.069892613102013,30.077658459002237,53.34357512310508,0
HK.02105,493,7.599999904632568,7.920000076293945,-4.040406168924137,1.5147006501277613,1610475.0,12239609.846413136,7.463710590056828,6.806400051116944,11.077450001239777,14.457832190515981,4.972377691923669,-49.36709001503641,-44.076528187637074,-48.924732216521754,0
HK.02107,493,0.36500000953674316,0.375,-2.6666641235351562,0.047345282380791345,249000.0,90885.00237464905,1.4157973698170836,0.39299999713897704,0.26250499971210955,-6.410250532086098,40.38462420187085,140.1315929430059,57.327594844609145,43.13726131845477,0
HK.02108,493,0.4099999964237213,0.4099999964237213,0.0,0.8373590982286635,119400.0,48953.999572992325,1.6078022387670754,0.40259999871253965,0.3891471605747938,3.7974646297370884,-5.747127775503971,-0.4774109473482872,50.156887793247776,45.06682916757791,0
HK.02110,493,0.6499999761581421,0.7049999833106995,-7.801419638944644,3.5714285714285716,23000.0,14949.999451637268,3.0754175852897423,0.6882999980449677,0.902424995303154,8.333325054910777,-28.571433249971985,-35.6435661093416,-36.893204445326106,-48.41269991445314,0
HK.02111,493,2.5,2.565000057220459,-2.534115234714488,0.2504728411561649,661216.3,1653040.75,3.075828337150381,2.4269375801086426,2.598036513328552,-2.7529808896794217,5.058029709078981,3.8954553565793257,-15.999417125472073,-19.662239637563136,0
HK.02112,493,0.039000000804662704,0.03799999877810478,2.631584365034542,0.32960199004975127,306300.0,11945.700246468186,6.084251817505308,0.03641999989748001,0.05622999999672174,8.333340232019367,-2.4999958090483205,-44.2857133733983,-27.777778161038086,-31.57894599250589,2
HK.02113,493,0.699999988079071,0.7400000095367432,-5.405408235428679,0.10935871293140757,8097680.25,5668376.078468129,45.89877090381659,3.852399972677231,2.3792999836802484,-90.54054082354287,-78.12500069849192,-44.4444449700586,-45.31249970896169,-59.77011584813504,0
HK.02116,493,0.7400000095367432,0.7400000095367432,0.0,0.35685320356853206,122300.0,90502.00116634369,2.7664359777797056,0.7100999963283539,0.6825749993324279,7.246378564303781,5.714288876981205,0.0,45.09804379889626,64.44445092001096,0
HK.02119,493,0.4449999928474426,0.4449999928474426,0.0,0.13802622498274672,29180.0,12985.099791288376,0.6075301361784665,0.4524772310256958,0.4699981039762497,-3.2608728750215663,-1.6089852990596933,-2.9861739079926406,-13.569504678979866,-16.602145507278625,0
HK.02120,493,10.5,10.479999542236328,0.19084407096647615,5.611678832116788,21010.0,220605.0,0.6613285130946713,9.25401665687561,8.56198604106903,6.0606101473648435,51.22814644342413,32.52986799131759,13.34967098882898,4.057880502379049,1
HK.02121,493,3.369999885559082,3.365000009536743,0.14858472535419684,0.2721997578123026,1621962.9,5466014.787381076,7.397860426840802,3.61970000743866,4.515375000238419,-15.644556142772808,-14.249368236275842,-33.13492239948244,-39.497310921017366,-55.599475391182374,1
HK.02122,493,0.08500000089406967,0.09200000017881393,-7.6086948599335384,0.14652014652014653,82500.0,7012.500073760748,1.9053897550562287,0.10478000059723853,0.17216499973088503,-4.494382680899675,-39.285713905582625,-54.301075871824054,-70.68965402071879,-69.6428569527913,0
HK.02125,492,0.2460000067949295,0.24899999797344208,-1.2048157441481375,5.364583333333333,24350.0,5990.100165456533,2.216025406737579,0.2884999990463257,0.3569000005722046,-18.000000993410705,-21.90475915655075,-39.99999781934225,-48.21052423540572,-59.000000496705354,0
HK.02126,493,2.7699999809265137,2.934999942779541,-5.621804602039174,0.7597790652696432,2312058.65,6404402.416400981,8.007127749128964,2.1390000009536743,2.1614000010490417,38.499999046325684,55.61797895781879,44.270835564627056,10.799999237060547,-32.43902328395898,0
HK.02127,492,0.019999999552965164,0.019999999552965164,0.0,,0.0,0.0,0.0,0.019999999552965164,0.019999999552965164,0.0,0.0,0.0,0.0,0.0,0
HK.02128,493,3.184999942779541,3.130000114440918,1.7571829497663498,1.1162367026322542,8107510.2,25822419.523084547,3.7565980373692174,3.600199999809265,4.459261318445206,-5.067066328687901,-15.51724246967246,-35.33591314754566,-28.089075107692587,-30.486111176155863,1
HK.02129,493,0.2849999964237213,0.29499998688697815,-3.389827426361236,0.11512780389841583,1896669.8,540550.8862169803,6.08226110389781,0.24431999832391738,0.18823999993503093,27.80268617814425,41.791039464946024,88.7417281282029,87.50000367627344,124.40943884106046,0
HK.02130,492,3.0999999046325684,3.0999999046325684,0.0,0.0,5250.0,16274.999499320984,0.9015233437391804,3.113229990005493,3.2101357305049896,0.32362429582607755,-0.6379499401757154,-4.87607402088472,-6.02215063684906,-8.502505770516782,0
HK.02131,492,0.45500001311302185,0.45500001311302185,0.0,,0.0,0.0,0.0,0.45500001311302185,0.45500001311302185,0.0,0.0,0.0,0.0,0.0,0
HK.02132,493,0.16099999845027924,0.16500000655651093,-2.4242472407791844,1.1557788944723617,138400.0,22282.399785518646,2.9177798423743138,0.16399999916553498,0.15029499974101782,8.053687382247077,19.259253372380996,16.666668466323863,28.79999876022339,-23.333331677648705,0
HK.02135,492,0.10999999940395355,0.10999999940395355,0.0,0.0,29183.1,3210.140982605517,1.4404492410842265,0.11114000007510186,0.13155000019818544,-3.5087725031225445,0.0,-24.657533547515413,-23.076927084766137,-9.836067075499969,0
HK.02136,493,0.5649999976158142,0.5649999976158142,0.0,0.28668748225943796,174150.0,98394.74958479404,2.0423375991253234,0.5932999980449677,0.6115966188907623,-4.237284282951545,-5.833337472544612,-11.71874839928929,39.83277822868659,33.663683186768,0
HK.02137,493,0.8450000286102295,0.8700000047683716,-2.8735604621977067,1.581153018461887,454825.0,384327.1380126476,5.207867800584745,0.9241000008583069,1.2251249992847442,-6.111105444990408,-21.02803858058063,-39.20863040960398,-40.49295393324767,-54.81283280986431,0
HK.02138,493,0.550000011920929,0.5600000023841858,-1.785712575121809,0.15243742875455674,877310.3,482520.67545835377,5.661626450660232,0.466999996304512,0.48437499746680257,26.436783656653134,48.64864995481323,18.279571546434806,-3.508768627628134,-25.67567502259338,0
HK.02139,493,0.24300000071525574,0.24300000071525574,0.0,0.43969693205812943,405800.0,98609.40029025078,1.9124929377191482,0.2446799984574318,0.21124796487390995,-4.705880290496682,-0.5345744197442431,16.29803846393303,51.187442455667394,48.22298253022594,0
HK.02142,493,11.789999961853027,12.819999694824219,-8.034319481201159,1.9788805715357187,10471550.7,123459582.35354203,7.1676234006766855,14.163199939727782,12.734899983406066,-18.351798445550447,3.693932106607873,-5.755397712675848,-2.40066195103135,-15.84582605824833,0
HK.02145,493,21.1200008392334,21.219999313354492,-0.4712463588920156,0.543910644916707,1092591.85,23075540.788939573,4.207499981541215,23.906799964904785,44.30169498443603,-7.368414272121439,-22.975927131769897,-59.75159896421722,-69.00177429252255,-78.1047362344513,0
HK.02146,493,1.9600000381469727,1.899999976158142,3.1578980390385336,69.66292134831461,9975.0,19551.000380516052,0.9840262251882889,1.9741000056266784,1.4959249991178512,-1.9999980926513672,29.80132784939019,84.90567395762717,39.00709819472322,46.2686559197419,1
HK.02147,493,0.6000000238418579,0.6000000238418579,0.0,0.084917624317726,774395.0,464637.01846301556,9.96942039044699,0.5664779394865036,0.6143944846093654,15.384624201870853,-1.6393426604503258,-6.249994179233778,-36.17021006769376,-21.052627451201833,0
HK.02149,493,32.58000183105469,32.70000076293945,-0.36696920209484035,1.4541953790028375,41327.0,1346433.735671997,3.1079063026118225,32.30079990386963,36.618200073242186,-0.6707238143996218,7.666892216208618,-1.808313648591195,-24.373258016973807,-39.44237491993922,0
HK.02150,493,0.699999988079071,0.6650000214576721,5.263152705571259,1.3101181725164466,1434975.3,1004482.6928937614,3.272602881914531,0.708500007390976,0.8337749987840652,4.477607558580467,4.477607558580467,-19.540231696270077,-36.36363882663816,-40.17093899530611,1
HK.02152,492,4.465000152587891,4.465000152587891,0.0,6.666666666666667,100.0,446.50001525878906,0.0,4.624000091552734,4.496514151096344,-6.784964756855853,4.566748771250941,4.600950567984869,-14.11711800703093,-17.448154631883362,0
HK.02153,493,0.800000011920929,0.8149999976158142,-1.8404890477013416,0.8736803785948307,142150.0,113720.00169456005,7.801360287489315,0.8419000005722046,0.8929749929904938,-10.11235676635287,-4.761900369272073,-14.893615537231566,-19.999998807907104,-27.927927782798527,0
HK.02155,493,6.755000114440918,6.920000076293945,-2.384392486038732,0.8011226327754655,1294298.5,8742986.515620708,3.319553240367183,7.200000019073486,8.232443141937257,-3.499998365129743,-23.672318381085656,3.099334582738888,-24.588914445400746,-35.80245940099537,0
HK.02156,493,2.505000114440918,2.5899999141693115,-3.2818456581167674,1.4822338336252017,683029.3,1710988.4746665002,1.9248369273249206,2.590099992752075,2.568444724082947,-7.564572723999971,-4.389304432874975,2.074723868053566,-2.0082616594443286,-11.063599655283301,0
HK.02157,493,3.8450000286102295,3.9149999618530273,-1.7879932037002075,1.5306317894241108,8695249.25,33433233.615023077,5.540497722990521,4.166999983787536,4.667049994468689,-7.237634588582713,-8.669833877184418,-28.927908742003062,-22.791164379843117,-45.14978740273815,0
HK.02158,493,3.265000104904175,3.325000047683716,-1.8045095314010173,1.1083611150020074,2105085.85,6873105.521082294,3.042956764784236,3.8617349672317505,5.063082567453384,-9.05291969457716,-37.51621820260429,-33.35062545097969,-38.33376097060722,-40.662881057752024,0
HK.02159,493,1.6799999475479126,1.6799999475479126,0.0,0.25380710659898476,27920.0,46905.59853553772,1.3766132919824574,1.7203000092506409,1.5686750036478043,-3.1700326399841696,7.006362510881643,-16.00000262260437,29.23076993614967,38.84296649450613,0
HK.02160,492,1.2799999713897705,1.2799999713897705,0.0,,0.0,0.0,0.0,1.2658999872207641,2.6321749967336654,0.0,6.666660043928621,-59.74842941764314,-77.73913093235181,-80.00000074505806,0
HK.02161,493,1.5950000286102295,1.625,-1.846152085524339,2.1748482805293703,194351.8,309991.1265604496,1.7507870549891873,1.7402461242675782,2.2371929621696474,-8.8571412222726,-20.5962808439595,-37.13873103942852,-37.375943819236035,-41.4578732416465,0
HK.02162,493,75.5999984741211,77.5,-2.4516148721018145,1.3309379529468408,1612640.4,121915611.77930602,4.646572851844546,77.39500045776367,66.98675004959107,-1.0471243923821496,-9.946395208649179,25.685779810986354,41.44059381667914,7.539111226583023,0
HK.02163,492,0.6000000238418579,0.6000000238418579,0.0,,0.0,0.0,0.0,0.6000000238418579,0.6000000238418579,0.0,0.0,0.0,0.0,0.0,0
HK.02165,493,1.965000033378601,2.0,-1.7499983310699463,0.7476139978791092,195650.0,384452.2565305233,3.2523982360790975,1.606199996471405,1.7331000030040742,28.852463219634245,33.67346905675611,2.34375402602997,3.4210556861106434,-5.072459094223601,0
HK.02166,493,3.509999990463257,3.694999933242798,-5.00676444172982,1.2893840711475517,301820.0,1059388.1971216202,5.088208077634189,4.181451697349548,3.5635104471445085,-15.319662084083244,-28.090277577648738,31.855820985701055,72.28331217728345,91.2254549249721,0
HK.02167,493,4.400000095367432,4.53000020980835,-2.869759567768715,0.10989010989010989,11880.0,52272.00113296509,2.7245320405986133,4.304599990844727,3.7576146399974824,-13.72548671283884,37.071652432359684,35.22918621286369,1.5734889826380578,2.4926996962140606,0
HK.02168,493,0.8999999761581421,0.9399999976158142,-4.255321442460307,1.927710843373494,7962.5,7166.249810159206,2.2189382304520295,0.9938999915122986,1.0640749993920326,-14.285712663819117,2.272725117600642,-18.181822122621057,-28.57142992300783,-56.09756111744115,0
HK.02169,493,0.5400000214576721,0.5400000214576721,0.0,0.9229093795280241,171900.1,92826.05768857598,2.7840729201485717,0.5154000103473664,0.580225002169609,0.0,8.000004291534424,-8.47456856590309,-31.64556876070856,-34.14633827220817,0
HK.02170,493,1.2400000095367432,1.2649999856948853,-1.9762827225969646,0.425531914893617,49875.0,61845.000475645065,2.020735795107496,1.354699990749359,1.6749249911308288,-10.791365302292034,-12.676053027315803,-39.51219324977673,-37.05583799348863,-59.47712311359087,0
HK.02171,493,12.0600004196167,12.380000114440918,-2.5848117275132187,1.1374701966783591,2057666.45,24815458.250431202,5.190293493056023,13.410599994659425,15.865449962615967,-10.201041358361685,-18.51351172842191,-30.76922866361761,-21.279369061011753,-35.2656953146076,0
HK.02172,492,8.055000305175781,8.055000305175781,0.0,,0.0,0.0,0.0,8.395900173187256,10.048207249641418,0.0,-13.48012951531733,-22.664260664259565,-28.139357720219703,-36.46124806253101,0
HK.02175,493,2.25,2.259999990463257,-0.44247745599357413,2.616822429906542,48400.0,108900.0,1.8733333910700964,2.3717999935150145,2.8485999965667723,-4.6610127112467,-23.20819287590655,-29.90654288905084,-33.035712194990076,14.795916133103738,0
HK.02176,493,0.46000000834465027,0.46000000834465027,0.0,0.2597402597402597,39000.0,17940.00032544136,0.8712950874026706,0.5206000071763992,0.8844486345350743,-2.127657550770317,-37.83783751129669,-56.451997611087045,-67.3389963653378,-71.44393000685344,0
HK.02177,493,2.4000000953674316,2.259999990463257,6.194694933404732,0.8366013071895425,7970.0,19128.00076007843,1.7516319246667351,2.2201000165939333,2.2980176043510436,4.575164077686847,11.11111111111111,11.934288075786347,-7.110089944124851,19.965439263975497,1
HK.02178,493,0.2029999941587448,0.20000000298023224,1.499995566904611,0.9223154430105044,1496486.0,303786.6492586434,7.320358475380094,0.24755999833345413,0.18870999921113252,-20.392157664806845,14.044938552802599,-40.29411999308937,305.99998226761846,194.20289745528112,1
HK.02179,493,4.414999961853027,4.409999847412109,0.11338128376245074,0.7142857142857143,725.0,3200.874972343445,0.22727250560256557,4.845200061798096,4.825250029563904,-9.897961715815763,-14.6034836228113,7.946205309051092,24.36619777902681,-41.9078945098161,2
HK.02180,493,4.699999809265137,4.704999923706055,-0.1062723596598798,0.3859827323514474,23637.5,111096.24549150467,1.1184556235984844,4.917299995422363,5.125110630989075,-4.471550073522086,-7.297837275516218,-0.3834533235703879,-6.705273284651966,-5.98206234996436,0
HK.02181,492,0.5,0.5,0.0,0.0,34800.0,17400.0,4.686293909395664,0.43349999785423277,0.4616249977052212,12.359552367771112,24.99999813735488,-9.090911061310528,0.0,-31.50685110466183,0
HK.02182,492,0.48500001430511475,0.4300000071525574,12.790699125045412,0.5095541401273885,32200.0,15617.000460624695,1.651681374520211,0.3730000013113022,0.35402500033378603,44.776120066881745,46.96969546452923,29.333337148030598,27.631584313437617,27.631584313437617,1
HK.02185,493,1.284999966621399,1.375,-6.545456972989169,2.060101375814627,60620.0,77896.6979765892,5.986124811093888,1.85349999666214,3.674324994087219,-28.412256415402474,-60.3395073197815,-68.34975407064495,-78.40336121321482,-76.37867733262556,0
HK.02186,493,1.7649999856948853,1.7899999618530273,-1.3966467425095275,1.2757787686216258,25078112.5,44262868.20375472,4.232082578647107,1.9479000091552734,2.3434250009059907,-5.361931545871543,-9.487182434102023,-27.06611859294423,-36.281588525335465,-45.858895985945296,0
HK.02187,493,0.4699999988079071,0.47999998927116394,-2.083331393077926,0.2029720913374411,257300.0,120930.9996932745,3.240858367913161,0.4669999992847443,0.6565249970555306,13.253014038186759,-20.33897971189134,-46.59090893697147,-9.615381529345202,16.049382080121152,0
HK.02188,492,0.07599999755620956,0.07699999958276749,-1.2987039376318668,1.1428571428571428,35900.0,2728.3999122679234,2.6087711460038685,0.08309999957680703,0.13056499972939492,11.76469621464508,-36.6666672875484,-48.648650961648435,-59.57446800078564,-72.36363785128945,0
HK.02189,493,0.47999998927116394,0.4699999988079071,2.127657550770317,0.37452745169181073,43520.5,20889.83953307569,0.680370014784822,0.46484200060367586,0.44046350076794627,6.382981393561152,12.228191435285238,13.475180652810396,13.475180652810396,16.054156642189035,1
HK.02190,493,20.520000457763672,21.6200008392334,-5.087883158050471,0.7398329381203751,522783.6,10727519.71131134,3.118795617181016,20.59580005645752,21.53188178062439,-2.285712105887277,6.431533853507913,-12.809376501852269,-8.90873778910775,-9.543519063403256,0
HK.02192,493,6.605000019073486,6.425000190734863,2.8015536652931283,0.7255949641686923,758774.95,5011708.559222483,2.7139507598529606,7.1954556083679195,8.202803428173064,-3.628698893521028,-8.401494811131043,-18.271502594342127,-29.911362092853643,-43.84912360183124,1
HK.02193,493,0.42500001192092896,0.4000000059604645,6.2500013969838415,1.2103746397694524,73600.0,31280.00087738037,1.4116201459064046,0.40269999802112577,0.3250699996948242,6.2500013969838415,28.78787728271105,49.12281307157064,75.61984058836188,104.32692459238876,1
HK.02195,493,0.25,0.25,0.0,0.6651884700665188,46600.0,11650.0,3.0207491540876577,0.26689999639987944,0.3489749984443188,-3.8461503192516595,-15.254233521108176,-32.432433303208825,-47.3684203921923,-52.8301861329449,0
HK.02196,493,17.81999969482422,18.190000534057617,-2.0340892158888955,1.0483814271864564,3452038.1,61515317.888521574,3.477892639845369,17.091399955749512,18.02633131504059,3.06534847445212,12.230688377289136,-7.364249158398721,-8.24650064281774,-25.590145812161314,0
HK.02197,493,1.7899999618530273,1.850000023841858,-3.2432465521935314,0.25612845765761383,2712809.1,4855928.185514546,5.763016800201519,2.1053999972343447,2.222299997806549,-16.35514606980918,15.48387205935669,-35.144928694272146,-24.47257180222323,-15.962447620672254,0
HK.02198,493,3.809999942779541,3.694999933242798,3.1123142520821943,0.7981987331749802,2004000.0,7635239.8853302,4.1688747448699,3.56523334980011,3.8528384482860565,-7.020680472577488,35.12563405548943,-22.732183524565194,26.39333997030998,53.934311347049416,2
HK.02199,493,2.384999990463257,2.440000057220459,-2.2541010437457043,0.7479610105430674,250600.0,597680.9976100922,4.965887205882462,2.458233733177185,2.115451640486717,-8.26922777136391,38.1992758343385,25.344517097169984,3.0725536585117057,19.01833636805801,0
HK.02202,493,2.630000114440918,2.7950000762939453,-5.903397400683097,1.204373258577731,55079240.7,144858409.34431887,6.5881890963190095,2.464200010299683,2.922200005054474,9.812114212355597,15.859036851950464,-9.310343863706134,-21.958450927228988,-51.47601333173332,0
HK.02203,493,0.1509999930858612,0.15800000727176666,-4.430388521353127,0.714694110920526,347300.0,52442.2975987196,6.2969206995672735,0.13619999900460245,0.17883999962359667,23.770484745150146,-7.926836027445031,-11.176475589663047,-26.34146614488857,-47.01754562082055,0
HK.02205,492,0.3499999940395355,0.33500000834465027,4.477607558580467,0.0,4950.0,1732.4999704957008,1.1363635747885898,0.5724000072479248,0.979200000166893,-35.77981957401163,-63.15789490195193,-68.18181941331908,-73.07692254788775,-43.54838849230437,1
HK.02208,493,8.305000305175781,8.720000267028809,-4.7591737287231926,1.142644257879423,10690193.95,88782064.01713829,3.1346808786492417,9.561300029754639,12.568788490295411,-10.409925619579642,-17.115769203973226,-43.155143262560976,-47.711140815544,-36.51756919033006,0
HK.02209,493,3.1700000762939453,3.200000047683716,-0.9374990919605033,0.8081450843143494,302500.0,958925.0230789185,3.753633326862993,3.4762000036239624,3.2160942924022673,-9.943179162757934,33.19327411203108,11.031895332289983,-20.22950672337419,-47.83263212865808,0
HK.02210,492,2.0,2.0,0.0,0.6825938566552902,36320.0,72640.0,2.7095440847570624,1.9439999890327453,2.234736441373825,2.040814340536656,11.111114054550438,-18.086503483658962,-23.467680941385126,-24.56886741817174,0
HK.02211,493,0.4399999976158142,0.4399999976158142,0.0,0.4970280142035667,633544.0,278759.3584895134,8.949540313078796,0.6171512198448181,0.8435878048837185,-32.82442491070223,2.3255791388182447,-15.384612739438744,-73.65269407647598,-76.3440863316232,0
HK.02212,492,0.1599999964237213,0.1599999964237213,0.0,0.0,42500.0,6799.999848008156,0.0,0.1562600016593933,0.16419000044465065,6.666660043928621,-4.191616445885584,0.0,-15.789474509759632,-3.0303090509739805,0
HK.02215,493,0.22499999403953552,0.23499999940395355,-4.255321442460307,0.8005875872199779,420600.0,94634.99749302864,6.918824193832967,0.23999999821186066,0.23681499652564525,10.294116787706951,55.17241414747115,-13.461537579812916,-22.413792926264428,-54.54545618745576,0
HK.02216,493,0.6700000166893005,0.699999988079071,-4.285710271523855,0.23869077395840776,1051650.0,704605.5175513029,7.2784808210149015,0.652900002002716,1.1872250047326087,8.943090455232165,-15.18987360873143,-41.73912777567175,-71.61016752239746,-76.07142756788096,0
HK.02218,493,22.440000534057617,21.760000228881836,3.1250013695920074,0.6050194572787984,1693920.25,38011571.31465101,9.731088168773502,21.68020004272461,17.562983798980714,-14.99999674883751,34.7747810701658,52.91551411616046,68.703249556644,42.61945173989633,4
HK.02219,493,2.384999990463257,2.369999885559082,0.632915849303355,4.236975210206226,228862.9,545838.0143173933,2.645144307815176,2.5063000106811524,2.5164476406574248,-6.2868401192224015,-5.731224607360877,0.29489667236882444,-4.146215657372247,-0.09085632057170068,1
HK.02221,493,0.6000000238418579,0.6499999761581421,-7.692300638503319,0.5780346820809249,63480.0,38088.00151348114,4.621123919719009,0.6117000019550324,0.8155749997496605,13.207557779396225,-6.249994179233778,-38.77550896283541,-40.59405648443067,-46.42856952791312,0
HK.02222,492,0.574999988079071,0.550000011920929,4.545450112051311,1.9120458891013383,11460.0,6589.499863386154,0.043478220306857156,0.6059000039100647,0.6489250037074089,-7.258067152130472,-11.538460127700665,-12.878793146874958,-11.538460127700665,-28.12500256113704,1
HK.02223,493,0.48500001430511475,0.4950000047683716,-2.020200074126503,8.795180722891565,23900.0,11591.500341892242,0.6534398193651331,0.5148999983072281,0.7631249991059303,-8.490558398834718,-25.384610446952323,-47.84946122849274,-37.82050870579361,42.64706153048773,0
HK.02225,493,4.485000133514404,4.590000152587891,-2.2875820388434236,1.612286787639589,7434166.6,33342238.193568323,9.975411484992334,5.11039999961853,3.336999997496605,-30.73358765139764,30.758018840350125,116.66668010410714,261.69355637263055,398.3333613695929,0
HK.02226,493,0.6349999904632568,0.6299999952316284,0.7936500427734288,0.30930287889602665,106650.0,67722.74898290634,4.488964456968751,0.585699999332428,0.5318999990820885,-2.307690191550995,24.509804379889626,56.790120640536536,26.999998092651367,26.999998092651367,1
HK.02227,493,0.33000001311302185,0.32499998807907104,1.53846929764635,0.8817635270541082,52100.0,17193.00068318844,1.8915766556558842,0.3421000039577484,0.2746650010347366,-11.999996503194172,10.0,26.92308662205794,126.02740956372868,189.4736955618264,1
HK.02228,493,7.139999866485596,7.300000190734863,-2.191785206421494,1.3969539907817483,61238764.55,437244770.71074283,5.887967286839326,7.543500022888184,8.9257750082016,-1.7205781458667537,-7.272726709755408,-23.14316581481,-28.528528227519395,-41.28289509801984,0
HK.02230,493,0.18000000715255737,0.19300000369548798,-6.735749375135645,16.09865470852018,179000.0,32220.00128030777,1.096429947824758,0.19728522807359694,0.21625478900969028,-8.322340627137145,-5.959516709170546,-19.27497953238201,-21.362694672899533,-30.241987550781257,0
HK.02231,493,0.017000000923871994,0.01600000075995922,6.250000727595727,0.3006370901513315,10542500.0,179222.5097399205,12.288803298479312,0.014920000080019235,0.0365750002162531,-10.526308049950654,13.333342025677558,-54.0540521492307,-78.48101247915605,-90.90909072798785,1
HK.02232,493,6.635000228881836,6.630000114440918,0.07541650610272439,0.7401416661262313,1759604.35,11674975.264991475,2.997861374505891,6.680674228668213,6.273608520030975,-2.997074841123997,15.131716831958265,18.65191219627998,7.146270564545626,4.7652491420901155,4
HK.02233,493,1.850000023841858,1.8049999475479126,2.4930790915023455,1.1901351266705769,8952958.0,16562972.513455153,3.4697492645657793,1.8357999968528746,2.259439971446991,-5.612245518582295,22.51655864410248,-13.328367613258685,-39.1631762126595,-39.55067694687959,3
HK.02235,492,6.989999771118164,6.945000171661377,0.6479423807706306,0.9057020571586359,32495.0,227140.04256248474,1.999591416559348,6.984600009918213,7.344549999237061,4.640717825536844,-3.319505495465793,-1.82584433329257,-9.689922767163736,-12.951432085144235,2
HK.02236,493,0.49000000953674316,0.49000000953674316,0.0,0.9332405880283836,306709.0,150287.41292500496,1.3361155061775385,0.4583000034093857,0.48050000026822093,1.0309268214748768,0.0,-10.909091106131052,34.24657444766908,0.0,0
HK.02237,493,0.1889999955892563,0.18400000035762787,2.717388707559934,0.5744125326370757,145000.0,27404.99936044216,2.7366388051181585,0.19618000090122223,0.27350000143051145,-6.896551217898366,-9.999999290420874,-39.03225995623481,-48.21918064354725,-46.00000034059797,1
HK.02238,493,2.190000057220459,2.3299999237060547,-6.0085781575011605,1.0931115347285103,26986210.05,59099801.55366333,5.103703688302349,2.269000000953674,2.8976500070095064,0.6896600107140379,-1.7937202471256661,-26.999998092651367,-44.6969687847468,-33.23170499015178,0
HK.02239,492,1.350000023841858,1.350000023841858,0.0,0.0,12100.0,16335.00028848648,2.075603838031728,1.320099985599518,1.058175258934498,8.000001907348633,35.00000238418579,61.587745117728645,63.53458218728939,63.53458218728939,0
HK.02245,493,19.299999237060547,20.299999237060547,-4.926108559523279,0.9451947144560132,3489816.0,67353446.13748169,6.9488948029776925,17.160799942016602,17.5737570476532,9.162889728064735,30.58186458560043,8.231132206650143,-17.322228530943708,-0.1915236223482037,0
HK.02246,493,1.149999976158142,1.1399999856948853,0.8771921569070334,0.03289568367510578,49186.0,56563.89882731438,1.7814954282945974,1.1796999955177307,1.6893249982595444,-0.862068168189925,-11.538460127700665,-40.72165246191755,-46.51163138848099,-68.83468947628162,1
HK.02249,64,22.139999389648438,24.299999237060547,-8.888888540036818,1.981222427567993,785702.7,17395457.298445128,4.703824795811337,29.03839984893799,,-19.8986979792041,,,-31.455108629707563,,0
HK.02250,493,0.3100000023841858,0.3100000023841858,0.0,0.020508613617719443,45160.0,13999.60010766983,3.838602843834825,0.32110000133514405,0.5542250020802021,-11.428569239013012,-6.060609070941536,-50.0,-67.36842039219229,-77.20588241739257,0
HK.02251,493,8.5,9.25,-8.108108108108109,0.9360293737394632,99495.0,845707.5,10.15050933852932,9.175800046920777,10.884949996471406,-3.409093002642436,-19.047619047619047,-18.97044627776997,-31.672023418684887,-39.67352797765004,0
HK.02252,492,21.18000030517578,21.18000030517578,0.0,,0.0,0.0,0.0,22.07000011444092,24.99840001106262,0.0,-16.08557647685953,-17.715615798330262,-13.338789515732467,-24.357141767229354,0
HK.02255,493,0.1459999978542328,0.15600000321865082,-6.410259716727021,0.7270303368522222,8684250.0,1267900.481365621,7.935975846078438,0.24784000098705292,0.3937849998474121,-27.00000216066834,-55.076922089390465,-69.89690854681423,-68.2608706074536,-83.21839114321571,0
HK.02256,493,8.104999542236328,8.65999984741211,-6.408779618415737,1.868330384442175,1133090.65,9183699.199562263,5.4386384286428315,9.417299957275391,11.337474970817565,-8.158643428783977,-27.698487826445227,-34.372475369334495,-37.749621679902376,-52.18289570843201,0
HK.02257,493,3.755000114440918,3.950000047683716,-4.93670711110867,0.6405067745908851,42440.0,159362.20485687256,5.347723677134005,3.9030999898910523,5.867375013828277,-0.6613718819595913,-17.833698612842152,-40.30206459119439,-53.062498569488525,-74.03181117195822,0
HK.02258,493,0.3700000047683716,0.36500000953674316,1.3698616715036243,0.15037593984962405,79600.0,29452.000379562378,4.802500193241276,0.3332000041007996,0.26902749337255955,23.33333002196431,7.246378564303781,100.79284380110234,66.74534881081621,97.68778754670151,1
HK.02259,251,136.1999969482422,139.10000610351562,-2.0848375471064355,0.6254557950884557,4539448.35,618272851.416703,4.089039570872692,144.96372009277343,153.63703720092772,-16.544117956425495,31.831674668602446,-21.833678306549892,-5.73438078038093,,0
HK.02260,493,1.2000000476837158,1.2000000476837158,0.0,0.5882352941176471,3500.0,4200.000166893005,0.10775852102374063,1.2321000170707703,1.2372309517860414,-2.834005361618721,-1.6393426604503258,-0.160238258699293,5.003898660894736,-18.796992602508176,0
HK.02261,44,16.280000686645508,16.6299991607666,-2.1046211171604154,0.8007459812771549,328880.05,5354167.439824008,5.085966386134896,,,2.261310355692962,,,-4.795319745798396,,0
HK.02262,492,0.3799999952316284,0.3799999952316284,0.0,0.0,62100.0,23597.999703884125,0.9210525490240367,0.4243000000715256,0.6525750018656253,-5.000002607703171,-28.30188382176906,-52.50000130385158,-52.50000130385158,-63.46153757981291,0
HK.02263,492,0.3400000035762787,0.3449999988079071,-1.449273985189887,0.775623268698061,174000.0,59160.00062227249,2.070758235143346,0.3169999998807907,0.3146999990940094,4.615389553047677,0.0,21.428572188834753,17.241383917124878,33.33333722906182,0
HK.02265,493,1.1050000190734863,1.1150000095367432,-0.8968601235628331,0.7038748666903661,699000.0,772395.013332367,3.5005141490831657,1.1639999985694884,1.2844499939680099,-4.741374925044588,-10.887095921369554,-31.3664590524609,1.3761454344538677,10.500001907348633,0
HK.02266,493,0.41999998688697815,0.3799999952316284,10.526313725600916,0.7837837837837838,76900.0,32297.99899160862,3.943160374943421,0.3801000010967255,0.3713419492542744,19.999998297010123,13.513508506549263,7.683914907091238,28.270551319421216,28.270551319421216,1
HK.02268,493,82.25,84.0,-2.083333333333333,1.308142995120122,4173520.9,343272094.025,3.8970945542596667,71.53500015258788,62.3978501701355,10.55107300151142,41.0806193419549,43.66812227074236,34.066833000321964,10.40268456375839,0
HK.02269,493,54.099998474121094,56.70000076293945,-4.585541893886157,1.4259593782748374,25442814.65,1376456233.7423458,3.8358324186532315,49.01120010375976,38.78430006980896,10.769857299548946,51.710596482369866,72.5127468787846,66.25690519973469,38.504855535192924,0
HK.02270,492,5.949999809265137,5.949999809265137,0.0,0.0,100.0,594.9999809265137,0.0,6.802899980545044,4.976825009584427,-12.500005259233216,8.181814713911576,45.476762525310846,49.87404953112915,98.99664850459322,0
HK.02271,493,3.869999885559082,3.8499999046325684,0.5194800369332062,0.3808370603284964,1018960.0,3943375.083389282,6.147984824903813,3.0730000066757204,2.74662895321846,39.20863040960398,14.83679575606425,37.4639359439357,103.67692300453135,-3.468265225109499,2
HK.02272,73,53.650001525878906,55.150001525878906,-2.7198548658174224,0.5139682396868955,213785.4,11469587.036210632,11.720167130910426,91.9570002746582,,-38.92999151083292,-54.10607286091261,,-55.366054169718105,,0
HK.02273,493,26.520000457763672,26.420000076293945,0.37850257827763817,0.8050902547191031,388683.4,10307883.94592514,2.1633016284255295,26.289822998046876,26.642706203460694,2.784418386988774,-5.949807900189675,3.5449547657456772,-2.0250497780256254,-6.598500631146677,3
HK.02276,493,35.060001373291016,38.18000030517578,-8.171814842709182,0.837974059440708,1920084.35,67318159.9478346,5.578468850638055,39.52256908416748,45.795274295806884,-20.145410078960808,8.991393365054805,-33.03282719907551,-34.4563372744433,-12.834025686867786,0
HK.02279,493,2.0899999141693115,2.015000104904175,3.7220747077183605,1.5748561333130036,133770.3,279579.91551840305,3.7640402685170598,2.2163000106811523,1.990802720785141,3.7220747077183605,4.499995708465576,21.357463908451557,27.78226057138576,1.9858403397908928,1
HK.02280,492,0.20600000023841858,0.20600000023841858,0.0,,0.0,0.0,0.0,0.20600000023841858,0.2064850003272295,0.0,0.0,0.0,7.85340346813215,-26.428571656650423,0
HK.02281,493,0.5699999928474426,0.574999988079071,-0.8695644061371431,2.8519195612431445,86400.0,49247.99938201904,1.6814754623859518,0.6058000040054321,0.6571981012821198,-5.000004967053534,-10.094638825468857,-8.752775317349172,-17.38426837229952,-19.558361452399023,0
HK.02282,493,9.210000038146973,9.385000228881836,-1.8646796640058627,0.8018595752692722,5418303.6,49902576.36269188,2.765185688365892,10.0281854057312,10.933349590301514,-12.034385833300467,-9.783709999587098,-11.643377721533025,-24.96484202609382,-38.573235981380485,0
HK.02283,493,1.4299999475479126,1.434999942779541,-0.34843173735210153,1.2582791602620733,244478.75,349604.59967657924,1.966755847332389,1.5832213163375854,2.0248935449123384,-10.344832482923923,-26.16842108113817,-31.339075058354045,-39.416828894045466,-36.94405367896428,0
HK.02285,493,31.260000228881836,31.540000915527344,-0.8877637238991382,1.4164374840368599,3536684.45,110556756.71648283,6.531541507156743,22.610091438293455,19.958144369125367,56.30000114440919,65.03835733028711,97.70295706837003,67.04583780312856,53.24300648054309,0
HK.02286,493,0.2800000011920929,0.2800000011920929,0.0,0.06629834254143646,40350.0,11298.000048100948,4.209078993337221,0.30628000020980833,0.20969499982893466,-18.84057908417722,89.18918755648345,91.78082555291984,17.647056613767546,20.171676729214237,0
HK.02288,492,0.15299999713897705,0.15299999713897705,0.0,0.0,27250.0,4169.249922037125,3.6820317185541613,0.13673999965190886,0.14813999999314548,-0.6493519688159334,9.28571177684532,1.3245060560887627,-5.555557599610584,25.409832311250074,0
HK.02289,492,5.494999885559082,5.494999885559082,0.0,0.0,25.0,137.37499713897705,0.0,5.577999954223633,5.854343683719635,-0.09091117165305397,-24.726030931707122,0.5110745911080558,-20.113636434534513,0.16627087262698503,0
HK.02290,87,4.59499979019165,4.28000020980835,7.359802919201395,1.374966929921367,2349241.0,10794761.902109623,6.106997230370079,3.9386999797821045,,17.369089015693607,24.18918191820632,,63.52312753595496,,1
HK.02291,493,13.350000381469727,13.0,2.6923106266902046,0.8585634629355322,209832.0,2801257.2800445557,6.161994238350623,12.016600017547608,12.81389422416687,23.49676099219884,29.990260822020794,-11.013439945646232,-14.529631163513354,-29.700615858901553,1
HK.02293,492,0.4000000059604645,0.4000000059604645,0.0,52.81553398058252,75000.0,30000.000447034836,2.134313118436785,0.36930000424385073,0.41990000203251837,3.8961080178621965,-9.090907243657693,-11.111107431811954,-19.999998807907104,-25.068872261313636,0
HK.02295,493,5.510000228881836,5.5,0.18182234330610794,0.18382352941176472,105750.0,582682.5242042542,5.154295756229639,5.994200029373169,4.177800009250641,17.234052180596706,10.865200432319583,47.32620895271962,39.49367499660932,28.139534522676048,1
HK.02297,493,0.15000000596046448,0.1599999964237213,-6.249994179233778,7.4264576360753916,386250.0,57937.502302229404,7.445831478728351,0.18271999984979628,0.23899499900639057,-9.638547186997283,-37.49999611948919,-46.42856952791312,-41.176467150827804,-58.333333333333336,0
HK.02298,493,0.24300000071525574,0.24400000274181366,-0.409836891524983,0.6756225940765181,603650.0,146686.95043176413,3.8606777507444554,0.2824599960446358,0.32854999996721745,-14.736840784384587,-22.857142046195303,-24.0888612733817,-21.75312832427188,-19.269102496622732,0
HK.02299,492,5.599999904632568,5.800000190734863,-3.448280681469336,4.108761329305136,19950.0,111719.99809741974,0.30294796087138376,5.500070028305053,4.973849279880524,3.4174274339776733,-0.19856524163289188,21.879975935451217,19.627577255661173,36.118279131201966,0
HK.02302,493,3.130000114440918,3.2249999046325684,-2.945730015532324,0.9593638070093022,253450.5,793300.0940051079,4.450439933263893,3.804800009727478,5.157300001382827,-18.806741920764384,-25.476184367052003,-44.1071398617053,-38.142289528929176,-26.869159789572215,0
HK.02306,493,1.9049999713897705,1.899999976158142,0.26315764707211003,0.273224043715847,97200.0,185165.9972190857,2.544483063613621,1.9445999956130982,2.0825999999046325,-4.750001430511475,-3.787881159658325,-1.2953355874389971,-25.29411737206622,-23.18548561538046,1
HK.02307,492,0.16099999845027924,0.16099999845027924,0.0,0.0,51200.0,8243.199920654297,3.0696602293446196,0.15606000244617463,0.2124149999767542,-2.4242472407791844,11.034484884826865,-32.916665812954285,-39.24528032403336,-10.055869363271736,0
HK.02309,493,1.2450000047683716,1.315000057220459,-5.323197673469906,1.4059380081386434,4267193.6,5312656.052347564,9.669463496652499,1.8428000020980835,2.1584500002861025,-31.593408302874376,-41.27358151059321,-44.91150398132655,-40.71428279487441,-34.47368313731248,0
HK.02310,492,0.1809999942779541,0.18000000715255737,0.5555483809226732,0.0,84700.0,15330.699515342712,0.9104799390584494,0.1898200011253357,0.11640000039711594,-5.235604912639797,29.285709648108018,115.47618656928167,432.3528954159867,352.4999958090483,1
HK.02313,493,34.41999816894531,33.959999084472656,1.3545320873785862,0.762378349824169,5664127.4,194959254.736673,2.3717693605037637,37.490779113769534,46.879819316864015,-4.335745950912967,-18.148001324437228,-24.716922822254766,-41.66775599255302,-39.21682156851927,3
HK.02314,493,3.305000066757202,3.2899999618530273,0.45593024553490547,1.199150311995178,2519303.25,8326297.409431636,2.5844649653990976,3.759746584892273,3.3492936754226683,-12.101061831385689,9.453887111529276,-0.3038744422909337,20.32290955905795,27.81554629391691,1
HK.02315,493,70.0,77.75,-9.967845659163988,2.0715725373147804,1589672.8,111277096.0,7.781581127475315,62.95319999694824,51.67244993209839,14.84823482162019,50.2145971933323,22.270742358078603,101.49682388584547,144.75524149067428,0
HK.02317,493,0.6949999928474426,0.7200000286102295,-3.472227051302047,5.155651576156339,40985.6,28484.991706848145,1.0015053358344996,0.6993883419036865,0.651643362045288,-1.4566129156437442,0.5682456721550909,10.83109598996717,20.906652260383204,19.102066881912176,0
HK.02318,493,51.29999923706055,51.5,-0.38835099599893813,1.0206000725002764,26872833.65,1378576345.7426548,1.4420949330097548,54.45743118286133,58.37052713394165,-7.4842226668689245,-2.793876413079007,-8.056338656015923,-18.929918500013958,3.3488820472873853,0
HK.02319,493,17.549999237060547,17.299999237060547,1.4450867689314282,1.28565805680555,10660008.25,187083136.65455914,2.4113051015455698,18.209200019836427,16.624420890808107,-3.5714368056648667,-0.28409740525814825,5.040995223683424,21.996699776080384,23.821262798026265,2
HK.02320,493,0.19599999487400055,0.20999999344348907,-6.666666193613915,0.03448882632412458,2358600.0,462285.5879098177,10.875674968418195,0.2272599983215332,0.11421999944373966,-12.888888859454495,172.22222682134625,130.58822683809547,133.3333303767537,120.22470950689043,0
HK.02321,493,0.5049999952316284,0.5,0.9999990463256836,1.0566037735849056,69750.0,35223.74966740608,0.8325230402082233,0.5067108786106109,0.49068142428994177,0.9999990463256836,-1.251464474744833,0.6847757975137111,28.373085709341915,20.821730957016456,1
HK.02322,493,0.05400000140070915,0.05700000002980232,-5.263155486885312,1.6809012313335079,1956500.0,105651.00274048746,7.269980501281663,0.06384000048041344,0.09083500020205974,-12.903222123802454,-30.769230401845142,-34.93975487229839,-58.4615358604481,-57.14285672048863,0
HK.02325,493,0.45500001311302185,0.45500001311302185,0.0,0.7083690374178806,240825.0,109575.37815794349,4.485746578451683,0.543999999165535,0.7401500000059604,-10.784309486020957,-29.999995415027158,-43.82715904027692,-54.04040315858857,-65.53030340659497,0
HK.02326,493,0.013000000268220901,0.014000000432133675,-7.1428580931862715,1.3006233289088882,19538050.0,253994.65524051338,8.675346785227656,0.010699999891221524,0.010209999810904265,30.000005587935576,30.000005587935576,30.000005587935576,30.000005587935576,18.181821260570512,0
HK.02327,493,0.2160000056028366,0.20200000703334808,6.930692119816249,0.09815950920245399,240000.0,51840.001344680786,2.70036041956342,0.23258585959672928,0.25208274327218533,-9.243697215924708,-14.987382570047439,-13.320464116993543,-22.444626521144176,-23.781787570379066,1
HK.02328,493,15.9399995803833,15.550000190734863,2.5080346293552482,1.544747111466995,20344257.45,324287455.2162098,2.0235764532223124,15.986836013793946,14.878787598609925,-2.89301447677916,9.832701667581812,16.920204901172585,2.4908494807884014,-1.5267439568238428,1
HK.02329,493,0.08399999886751175,0.09700000286102295,-13.402065577396934,2.832694010032458,146900.0,12339.599833637476,7.353389503332379,0.09548000022768974,0.10550000037997961,-12.500001940255348,-16.000002384185755,-19.230771986161407,-41.66666494199516,-53.84615353125187,0
HK.02330,493,0.22100000083446503,0.2029999941587448,8.866998617568587,0.15849953770968167,121420.0,26833.820101320744,3.4797161852802643,0.251959998011589,0.28262500040233135,-14.999996561270368,-21.071428609441735,-28.709677698460872,5.238098921148801,68.70229424425006,1
HK.02331,493,12.279999732971191,12.399999618530273,-0.9677410423445254,0.8571685038564287,17102293.15,210016155.31519502,2.4418387679162206,13.301877822875976,17.036872639656067,-8.152581614942257,-14.804486202727338,-38.75651863228721,-30.70510611340016,-24.123119535149463,0
HK.02333,493,6.909999847412109,7.114999771118164,-2.881235844001127,0.9333779791486941,15019696.9,103786103.28717613,2.8392579740264323,7.948299989700318,10.644455211162567,-9.849968926267225,-21.118725264073067,-38.89801797997117,-52.11253382054034,-56.06441140678642,0
HK.02335,75,22.639999389648438,21.860000610351562,3.5681553408901334,0.8213293995140576,449000.0,10165359.725952148,5.782713642564009,26.114200019836424,,-13.056841038171877,-44.9148412890967,,-38.64499064106967,,1
HK.02336,492,0.19900000095367432,0.1979999989271164,0.5050515313012816,0.0,240354.6,47830.56562922001,4.424735405288679,0.22451999992132188,0.2268299988657236,-18.775511395678006,-18.10699573336218,-18.10699573336218,-21.960782480441495,-14.224135051796951,1
HK.02337,493,1.4049999713897705,1.4049999713897705,0.0,0.9628466771323915,189000.0,265544.9945926666,2.0790685459125386,1.3876999926567077,1.4101749968528747,3.6900333293332968,4.0740701167835995,-5.70470051026376,-18.786129716794562,-15.3614458047629,0
HK.02338,493,28.399999618530273,30.860000610351562,-7.971487178117928,1.6835013044049991,17759070.55,504357596.84545225,4.392566597168019,31.40818363189697,30.69315758705139,-14.819503911496094,-15.878599209303593,3.3017935580489417,54.68055342593943,112.74180897945212,0
HK.02339,493,4.724999904632568,5.260000228881836,-10.171108383449582,0.9803927454088505,2605428.4,12310648.941526985,9.066138016511061,4.930799975395202,5.016099979877472,5.941700991457773,-13.777374303158622,11.70212490134938,28.048775917682146,483.3333198425701,0
HK.02340,492,0.14499999582767487,0.1459999978542328,-0.6849329049691699,0.0,10569.0,1532.5049559026957,1.4122905265468106,0.1431199997663498,0.1572399999946356,-1.36054697601207,-12.650601598499685,-16.666666666666664,-13.690477510377816,-25.64102505320861,0
HK.02342,493,1.0099999904632568,1.0800000429153442,-6.481486080605124,0.7485712986616883,33610013.65,33946113.46596993,11.020906507204732,0.833543758392334,1.4616867679357528,39.31033893090811,5.581821046880169,-32.42763570889143,-59.2937571160905,-68.12624311501911,0
HK.02343,493,3.8399999141693115,3.9000000953674316,-1.538466146946781,1.1121334980388142,13512254.4,51887055.736233905,3.487714375831911,3.950931038856506,3.1319854617118836,-13.318283002971999,30.408260625323162,38.92729069077182,72.48177100735586,67.51315648107827,0
HK.02347,493,0.7649999856948853,0.7649999856948853,0.0,0.9142212189616253,179300.0,137164.49743509293,2.1900847338776943,0.7323281753063202,0.7086187508702279,3.3783751129669097,10.071941520553098,14.928056297740172,14.928056297740172,14.05399328982815,0
HK.02348,493,0.9599999785423279,0.9599999785423279,0.0,1.2921834438996251,174950.0,167951.99624598026,0.714098796654023,0.9811750078201293,1.0464326256513596,-1.0231237558853474,-2.5077749224565813,-5.610615270237151,-15.75162754583068,-15.75162754583068,0
HK.02349,493,0.0989999994635582,0.10199999809265137,-2.941175181560426,0.17337461300309598,122320.0,12109.679934382439,4.750729570051238,0.09156000033020974,0.08869000010192395,8.791210410704666,28.57142857142857,22.22222120019471,31.99999403953576,15.116274536558741,0
HK.02350,493,0.7149999737739563,0.7149999737739563,0.0,0.7235294117647059,304550.0,217753.2420128584,3.4799337792400373,0.6826999986171722,0.7924537935853004,-8.917203836109252,15.32257552821732,-19.662923003790187,-15.882358386029683,19.166657560401852,0
HK.02352,492,4.0,4.0,0.0,0.0,940.0,3760.0,1.1141389500377032,3.62060001373291,4.502649981975555,5.263159215615413,-11.504424405327622,-9.297049015834022,-33.44426210206314,-40.298505763110995,0
HK.02355,493,2.799999952316284,2.7200000286102295,2.9411736347271384,0.7039337474120083,50000.0,139999.9976158142,1.519205327792128,3.0230999755859376,3.648847131729126,-4.273504343171475,-17.159767529196397,-27.04148155842297,-27.95346270325728,-30.72448402234173,2
HK.02356,493,13.710000038146973,14.40999984741211,-4.857736409975394,1.8898557641508382,1183355.55,16223804.635641433,2.9262658897734677,14.358964805603028,12.2656955909729,-4.192874660207717,13.911802203914814,19.758471700851256,34.797388212035806,50.19091493952759,0
HK.02357,493,3.055000066757202,3.059999942779541,-0.16339464430830172,0.8532463090075174,17706832.5,54094374.4695586,3.191131195220808,2.9694000005722048,3.4020718801021577,1.1589432467463363,3.559322622924374,-6.360316812239983,-26.23666257369225,-23.717916051600547,0
HK.02358,492,0.010999999940395355,0.010999999940395355,0.0,0.0,9314000.0,102453.99944484234,6.461870320706951,0.012880000006407499,0.01211500006262213,-15.384617588929125,-15.384617588929125,0.0,0.0,0.0,0
HK.02359,493,209.0,218.39999389648438,-4.304026629661773,2.271132508139163,3728001.8,779152376.1999999,3.4140709774735893,197.35596557617188,142.0670600128174,8.178055538991853,43.174162591501116,86.12560201613746,110.26663380472716,97.36924562557418,0
HK.02360,493,1.6799999475479126,1.6749999523162842,0.29850718650553654,0.7922326420137396,305614.85,513432.93196986313,1.3923430071067935,1.5987611150741576,1.6380733966827392,-0.03636689150253213,10.453643458266914,4.965264221172104,-6.92734707301682,-9.59929249025904,2
HK.02361,493,3.940000057220459,4.09499979019165,-3.7850974581841736,0.821917808219178,1900.0,7486.000108718872,1.214863755947982,4.555399999618531,4.8815810060501095,-13.97379644425232,-21.19999885559082,-21.61534388191538,-27.31604388845551,14.217643165167097,0
HK.02362,493,0.7099999785423279,0.7699999809265137,-7.792208294861243,3.2578932446131836,47278107.2,33567455.09752188,4.740810047701925,0.6557799804210663,0.6409449782967568,11.635220685736467,11.635220685736467,11.635220685736467,11.635220685736467,11.635220685736467,0
HK.02363,492,0.2800000011920929,0.2800000011920929,0.0,0.6534452902930702,38740.0,10847.200046181679,1.6613051574025615,0.2620199990272522,0.3155049993097782,12.000000476837158,-27.272725161582777,-12.49999767169351,-25.333333015441895,-19.999998297010123,0
HK.02367,493,22.84000015258789,22.760000228881836,0.3514935101122578,1.359253633671279,2427206.0,55437385.41036224,3.7539468473825983,26.55160015106201,28.713120260238647,-12.288788980154493,-12.086218033005208,-14.475552614291374,-30.020909450042893,-55.7768350189837,1
HK.02368,493,2.8949999809265137,2.950000047683716,-1.864409012480768,7.422680412371134,13300.0,38503.49974632263,0.8007673498604807,2.862706437110901,3.053160214424133,-1.864409012480768,6.806861423698006,-4.084628844747799,-18.55230966476916,-14.406913533114047,0
HK.02369,493,0.48500001430511475,0.49000000953674316,-1.020407170268328,0.15210345662899658,831922.95,403482.64265075326,6.060389371113008,0.5947000002861023,0.7154249995946884,1.041671905356266,-29.71014261145572,-19.16666749450892,-48.404253666462424,-62.1093730354914,0
HK.02370,492,1.190000057220459,1.190000057220459,0.0,0.0,311075.0,370179.2677998543,2.6427135437827847,1.2173000025749205,0.9540249982476234,-0.41840962444885654,8.181821038900267,33.70787374691278,88.888899401172,240.00002213886842,0
HK.02371,492,0.164000004529953,0.164000004529953,0.0,0.0,13050.0,2140.2000591158867,0.6892397898819569,0.19282000184059142,0.23664000019431114,-15.463917684144551,-14.136123121975835,-35.68627153071743,-48.74999743886286,-53.14285505061244,0
HK.02372,492,0.9150000214576721,0.9350000023841858,-2.139035387755625,3.1627906976744184,48400.0,44286.00103855133,2.5451089526305335,0.9860000002384186,0.6549999997019768,-12.01922547887749,-9.40593761411929,131.64556876070856,226.7857205578867,333.6493085790436,0
HK.02373,493,18.06999969482422,18.049999237060547,0.11080586487010267,0.2919853014202006,251700.0,4548218.923187256,4.610090621170919,18.46091911315918,20.255436730384826,1.4029180936103605,7.640513549475192,-2.7331258541371217,-28.784120934672874,-48.285106812704534,1
HK.02376,493,2.5,2.549999952316284,-1.960782480441495,0.14637391882900866,227100.0,567750.0,1.8191887510915463,2.2432999849319457,2.3857760113477706,8.459866706951303,20.772950754813664,32.80143995213669,-7.369807696520785,-17.367996174537666,0
HK.02377,493,0.75,0.7599999904632568,-1.31578823536055,0.031105037564517032,95497.4,71623.04999999999,0.8773640110053392,0.8065000081062317,0.8626683506369591,-4.458601918054626,-7.4074076799480775,-20.057799193545723,-20.057799193545723,-23.103212551833735,0
HK.02378,493,91.05000305175781,94.25,-3.3952222262516574,1.9617272243576116,95803.45,8722904.414868927,1.7188645226659547,105.5132339477539,112.4175207901001,-14.596210907843373,-14.915178301524126,-14.435825646798184,-23.184450621473726,-13.627422087328892,0
HK.02380,493,2.740000009536743,2.734999895095825,0.18281954781364923,0.8370560364993381,13577550.2,37202487.67748561,1.9871846396176416,2.7583999967575075,3.000512204170227,-4.028021322888234,-2.1428551357619274,-9.828392633862439,-11.752787559012154,-10.663319272796924,1
HK.02381,493,0.4300000071525574,0.375,14.666668574015299,1.0833285211064272,7024500.0,3020535.0502431393,10.898848028042645,0.2875694200396538,0.18903929568827152,8.860758347611412,113.86079236988458,281.465320462634,210.07998067534842,273.4061698146693,4
HK.02382,493,60.04999923706055,65.05000305175781,-7.686400584361161,1.2850108236614806,6806562.65,408734081.93950486,3.4790031019295293,63.58099983215332,62.83423608779907,-13.72126357245749,4.5256717834516245,14.988942125636386,-10.310314661906842,-28.30100996906172,0
HK.02383,493,0.3700000047683716,0.3700000047683716,0.0,0.40756914119359533,70100.0,25937.000334262848,1.7134118502702258,0.36670000791549684,0.38820000380277636,1.3698616715036243,-1.3333320617675781,-7.500000186264512,-10.843370552245663,-18.68131997691532,0
HK.02385,493,4.579999923706055,4.695000171661377,-2.449419462206924,0.8836833602584814,246500.0,1128969.9811935425,6.045128619093005,5.538199996948242,5.6061000061035156,-8.673977155743767,-25.285483879248343,-14.392523264528851,-26.129031216068615,-29.102168782342442,0
HK.02386,493,5.25,5.264999866485596,-0.28489775623884606,0.5904341664980016,8043709.55,42229475.137499996,3.1925619010390967,5.220696268081665,5.874124462604523,-9.518631355692627,2.9376847330709386,-5.809267249768353,-26.452118433617315,-16.72587851924282,0
HK.02388,493,48.47999954223633,50.900001525878906,-4.754424186828728,1.6746294063272207,10546149.3,511277313.236356,2.2167761287482177,50.95346572875977,44.30836223602295,-5.719820361773531,7.834782105493058,25.02274685166751,25.95482422060829,39.05347611779817,0
HK.02389,493,0.07199999690055847,0.06499999761581421,10.769230063850333,0.03705991352686844,419700.0,30218.39869916439,2.3417950611857106,0.07941999956965447,0.07115500018000603,-10.000001862645192,-10.000001862645192,12.499989813659825,10.769230063850333,-15.29412218443658,1
HK.02390,493,9.050000190734863,9.0,0.5555576748318142,0.1758100737888996,75690.0,684994.5144367218,3.522719336803206,8.235700044631958,8.460575003623962,20.50599087774353,9.167674696972574,27.464793130912152,2.724174343780631,-33.65102666463533,1
HK.02391,492,13.039999961853027,13.020000457763672,0.1536060167911131,0.8902077151335311,2770.0,36120.799894332886,0.9621384377986129,13.730800075531006,16.283761825561523,-8.29817357958697,-22.056184586661693,-30.601387299149803,-22.37299957670689,-37.17507169985398,1
HK.02392,493,0.9300000071525574,0.9700000286102295,-4.123713430708066,0.6702898550724637,54250.0,50452.50038802624,3.8874032714422198,1.0161999833583832,1.2062499913573266,-8.823527005579463,-11.428566725075436,-30.07518968841471,-16.96428542918697,-25.59999942779541,0
HK.02393,492,0.0729999989271164,0.07199999690055847,1.3888917633414033,0.0,117620.0,8586.25987380743,2.970320635316991,0.061460000053048136,0.08286000000312925,23.72881099089438,32.727271495771795,-24.74227136703556,-27.00000216066834,-42.51968771860413,1
HK.02396,195,3.9100000858306885,3.9549999237060547,-1.1377961755609558,0.08717762440973484,27620.0,107994.20237064362,6.9907285656641,4.337099995613098,,-11.035265010253354,0.25641000560833843,-46.43835638808273,-75.59300890072191,,0
HK.02399,493,0.33500000834465027,0.33500000834465027,0.0,0.26686567164179104,3373600.0,1130156.0281515121,4.615129422601652,0.31209999799728394,0.4372249998152256,6.349209803242228,3.0769294253470134,-30.927835368289102,-51.44927398518989,-4.285710271523855,0
HK.02400,493,37.560001373291016,38.58000183105469,-2.6438579817345422,0.7600732487840073,1911424.85,71793119.99094258,3.687314876984107,41.499600143432616,57.69760019302368,-8.923375740542877,-23.221580582285643,-40.38095020112537,-42.568806579571024,-52.18332283381052,0
HK.02402,493,9.880000114440918,10.289999961853027,-3.9844494551220238,0.48232556056901077,2266073.1,22388802.487331487,8.113762280882142,11.79729995727539,17.677024917602537,-19.082718398252048,-20.959999084472656,-50.3267952859623,-52.08535542034327,-64.1249100000194,0
HK.02405,492,0.36000001430511475,0.3199999928474426,12.500006984919466,0.0,57400.0,20664.000821113586,1.6651679289543548,0.3555999994277954,0.6621499982476234,16.129035979478314,-37.931030230346266,-56.626503428452054,-66.66666666666666,-70.4918027981351,1
HK.02407,493,4.315000057220459,4.545000076293945,-5.0605063853163115,0.4695222405271829,11760.0,50744.4006729126,3.585365106531223,4.65040002822876,5.637949993610382,-4.111109839545356,-14.723318062921583,-18.5849075106888,-46.397516087182176,-51.46231844117487,0
HK.02408,206,4.119999885559082,4.070000171661377,1.228494147146317,0.6543385490753911,154875.0,638084.9822759628,3.1678721362532434,3.786000018119812,4.201775571107865,2.999997138977051,18.731984195665387,-10.333022656507906,-5.226706862175904,,1
HK.02409,493,6.460000038146973,7.005000114440918,-7.780157992723213,2.4871827962035264,234542.5,1515144.5589470863,5.217821944794876,4.420600028038025,4.277300002574921,49.01960741177633,45.16854640525845,56.79612178606538,54.54546180482872,51.288057775243075,0
HK.02410,493,3.75,4.050000190734863,-7.4074117680579405,0.18940217050381947,2608494.6,9781854.75,13.735252508635337,5.301199994087219,8.992449990510941,8.695650671590574,-44.933920242157654,-63.48588283494024,-70.9976804989022,-75.88424466879198,0
HK.02411,493,1.6200000047683716,1.559999942779541,3.8461579608730645,0.7282467732971036,3238000.0,5245560.015439987,4.029696044498797,1.4503999996185302,1.589387955069542,16.129034187686525,7.284769205287714,-10.181514102205755,-8.667717123897836,-9.177952079373242,7
HK.02415,492,0.8500000238418579,0.8700000047683716,-2.2988483697581654,0.0,115587.5,98249.37775582075,1.3664401447985186,0.7782000017166137,1.0416500049829482,6.2500013969838415,7.594936804365715,-34.108523335080505,-34.108523335080505,-44.41068867105119,0
HK.02416,493,2.8499999046325684,2.8299999237060547,0.7067131259962189,0.869050869050869,101040.0,287963.9903640747,4.67317167183785,3.2957000064849855,3.0932250034809115,-11.627907320596483,-3.0612296202803058,-5.000003178914389,24.999997385761162,36.36363740068982,2
HK.02418,493,2.5999999046325684,2.700000047683716,-3.703708936484497,27.346698113207548,299775.0,779414.9714112282,1.673830774120944,2.810399990081787,3.2387787902355196,-13.621265353146631,-10.344833823077964,-7.5130649831312875,-72.34126164462054,15.60866877108589,0
HK.02419,493,53.599998474121094,56.599998474121094,-5.300353499782643,1.623188892655402,584980.35,31354945.867390823,4.570334789474804,55.43600006103516,61.28280002593994,-11.331682716897404,13.080161916993156,-17.72832353222573,-22.655128262997216,-28.818066000237902,0
HK.02420,493,5.039999961853027,5.324999809265137,-5.352110002261955,0.6495828367103695,324700.0,1636487.987613678,8.349558826689698,4.697499985694885,3.9431630182266235,-3.076920255401327,32.98153067497244,34.92385418748994,40.26385616435174,73.15960763700402,0
HK.02421,493,0.6000000238418579,0.5799999833106995,3.448282949422888,2.3133341349044128,223850.0,134310.0053369999,2.6176990695254867,0.5724999964237213,0.5975749984383583,6.194694933404732,-1.6393426604503258,7.1428609441737585,-7.692300638503319,-11.764703304297399,2
HK.02422,493,1.774999976158142,1.9550000429153442,-9.20716433789851,3.8001273074474855,738400.0,1310659.9823951721,5.734806404160223,2.3182000041007997,1.6269750021398068,-11.250001192092896,6.927711557175685,7.5757576852243265,116.46341361473316,285.8695530344951,0
HK.02423,493,44.84000015258789,44.15999984741211,1.5398557688528411,1.1225202635455434,10593359.5,475006241.5964184,3.299727218442429,44.62279983520508,43.72518392562866,-0.26690154432456015,11.045069258292692,14.953591832467636,7.11833228185251,-10.196097276546407,3
HK.02425,493,1.7999999523162842,1.7799999713897705,1.1235944521335182,0.6006935006464964,31800.0,57239.99848365784,0.5586967509872756,1.814399995803833,2.036850002408028,2.857140132359096,0.0,-21.739130885479366,-15.887856818732034,-1.6393491746190008,1
HK.02427,493,2.430000066757202,2.5,-2.799997329711914,0.6022752621012715,228150.0,554404.5152306557,6.506866434762462,2.5057000064849855,2.9775250110030176,1.6736384977954262,-9.999999116968242,-35.37233848615489,358.4906033834747,273.84617782908873,0
HK.02429,493,1.725000023841858,1.7450000047683716,-1.1461307089892208,0.3875598086124402,93075.0,160554.37721908092,5.242286942623429,1.8800999999046326,2.2303250008821487,-12.213740735876202,-32.35293897652979,-25.965661788601913,-29.303279369308612,-44.3548362287348,0
HK.02431,438,1.7100000381469727,1.8550000190734863,-7.816710481703206,0.6079572601462003,1043323.0,1784082.369799614,9.664900748555219,3.0776999974250794,9.058925011754036,-26.609438019762756,-79.24757177614671,-81.51351310111382,-87.76823966996045,-93.81331376299744,0
HK.02432,440,19.549999237060547,20.780000686645508,-5.919159812037131,1.2872075585200184,1189757.25,23259753.329787254,4.498406681024303,23.13799991607666,30.76620002746582,-14.404557327266785,-24.80769524207482,-37.936510358537944,-48.741479942533495,-67.95082092285156,0
HK.02433,492,0.06599999964237213,0.06199999898672104,6.451614066167647,5.859676175790285,126100.0,8322.599954903126,2.5062375057859154,0.06946000091731548,0.07423500023782253,0.0,10.000001862645192,-8.333329883990316,-9.589040257018498,-24.137929262644278,1
HK.02436,493,17.450000762939453,17.299999237060547,0.8670608814685307,0.9329612621124563,678495.0,11839738.267650604,5.685942754483049,19.45819999694824,16.310349926948547,-5.1630373656861135,-22.92402282078673,51.73913706903872,279.3478505372555,226.16824437378935,2
HK.02438,493,0.27000001072883606,0.2800000011920929,-3.571425150243618,2.0246913580246915,515200.0,139104.00552749634,2.5955158235439155,0.3154000037908554,0.44532499969005584,-12.903223015391266,-28.94736470608165,-35.71428115270561,-54.23728428295155,-60.8695635272785,0
HK.02439,493,0.210999995470047,0.20999999344348907,0.4761914560854606,0.08830603010299934,11396700.0,2404703.6483734846,6.814162343184435,0.2621000009775162,0.29824500024318695,-31.93548585572177,-38.84058081184809,-28.474574627392656,-11.71548033676376,-24.642859081528616,1
HK.02440,493,0.824999988079071,0.824999988079071,0.0,1.543139427148066,83763.55,69104.92775146068,3.9086526273872484,0.8830999994277954,1.3560250008106232,-5.17241568306443,-10.326089879008403,-45.00000079472859,-55.40540662449235,-73.03921557169426,0
HK.02442,493,39.5,45.81999969482422,-13.793102874110494,1.175129651792329,445250.0,17587375.0,22.509838230023718,88.10800003051757,48.08169997692108,-72.08480565371025,-46.62162162162162,53.10077972118702,103.29387225731517,1248.1228361785295,0
HK.02443,493,1.100000023841858,1.0700000524520874,2.80373550646287,0.3559133252328878,337270.0,370997.0080411434,11.162397888070021,1.2969000089168548,1.8906749990582465,-4.347822030685715,-34.13173340661969,-44.999998807907104,-60.71428419375904,-73.99527142123287,4
HK.02450,493,16.75,15.4399995803833,8.484458906858197,1.995071780587101,176752.0,2960596.0,12.006615197380487,9.652999973297119,5.394849984645844,109.375,272.22222222222223,366.57382731096175,415.3846153846154,529.6992278016849,2
HK.02451,493,13.760000228881836,13.899999618530273,-1.0071898812270645,0.1867871345078666,1661747.5,22865645.98034382,6.73730589357228,13.701399936676026,13.049549975395202,8.346460122333138,6.832298964456307,10.344827058775934,12.786888885293068,36.507939811796916,0
HK.02453,493,0.699999988079071,0.7300000190734863,-4.109593179530491,1.6108931456265867,77260.0,54081.99907898903,4.021876245782959,0.7684000039100647,1.1753500005602837,-6.66666825612386,-11.392408978994343,-44.88188987464439,-61.748635428231346,-76.19047705934855,0
HK.02455,493,0.7200000286102295,0.7200000286102295,0.0,0.5787515502273667,242300.0,174456.0069322586,3.0324314439219595,0.6918000066280365,0.6822785624861717,5.109492861930496,4.347830593924006,23.076932481995577,-5.44089227956208,6.21707204607302,0
HK.02457,493,0.49000000953674316,0.4950000047683716,-1.0101000370632516,0.47554347826086957,745750.0,365417.5071120262,8.038241109899907,0.4249000012874603,0.3471500010788441,28.947372548798167,36.11110835163693,60.65573706418013,68.96552539183632,84.90567395762717,0
HK.02458,493,6.40500020980835,6.400000095367432,0.07812678697516343,0.018917768514076845,148149.0,948894.3760828972,0.44472717440210846,6.43649998664856,5.883774998188019,2.1531137048247175,20.621474177561407,21.537006318590016,0.39185101753908685,1.8283028402665256,2
HK.02459,493,0.625,0.625,0.0,0.8169463294887678,209160.0,130725.0,6.572623324424817,0.6291999971866608,0.7991999951004982,-17.218542523532783,13.636361173361838,-30.555553715905976,-38.72548905027593,-53.703704521325704,0
HK.02460,483,7.224999904632568,7.25,-0.3448289016197468,0.5947804255916557,694031.65,5014378.605061985,2.3394928399763955,7.409063405990601,8.316663148403167,-0.8100012202421946,0.530654873097649,-13.895781087775946,-24.775681252209278,-31.0387002658701,0
HK.02465,478,9.4399995803833,9.194999694824219,2.6644904153394395,8.17876771122482,3025100.0,28556942.730617523,4.288392234561246,9.501699886322022,12.261824946403504,2.3861096202049037,-15.412188983386581,-26.708078443265894,-33.23904277809234,-16.68138001809035,1
HK.02469,493,0.30000001192092896,0.3050000071525574,-1.6393426604503258,0.39737299473874804,2914676.2,874402.8947456479,7.717684926133073,0.32839999854564667,0.9858749975264073,0.0,-35.48386890028983,-73.91304190082222,-86.23853198467165,-89.20863255365597,0
HK.02473,493,0.38999998569488525,0.4000000059604645,-2.5000050291418283,0.8463934092763554,28404449.05,11077734.723171098,6.394520039898814,0.43890000104904175,2.2638999840617178,-9.302330416818046,-40.0,-64.22018589430424,-95.00640219523375,-96.58493885210683,0
HK.02475,65,50.79999923706055,52.150001525878906,-2.588690794473773,1.5099561379345343,2395987.05,121716140.31200694,4.06391711019962,58.72642189025879,,-17.746773453452512,,,-18.274877640135053,,0
HK.02476,118,193.8000030517578,204.0,-4.999998504040288,1.3999961538780876,2618710.35,507506073.8216698,5.882737053413371,215.1520004272461,,-8.325445294641161,-21.854837479129916,,-38.47618950737847,,0
HK.02477,493,0.19300000369548798,0.19300000369548798,0.0,0.7509056721428943,156763960.0,30255444.85931933,4.914257233109468,0.2187200003862381,2.0077474965155124,-7.655503415752437,-34.57626702558767,-95.96234319614756,-93.73884817876049,-92.49757028528765,0
HK.02479,492,65.0,65.0,0.0,,0.0,0.0,0.0,65.0,65.0,0.0,0.0,0.0,0.0,0.0,0
HK.02480,493,15.0,15.989999771118164,-6.191368263221272,1.3953488372093024,920.0,13800.0,1.2264609736066603,13.68720006942749,18.648050031661988,11.69024318055419,17.73940556894908,-34.66898694197174,-37.238492722108155,-40.47619227829608,0
HK.02481,492,2.5399999618530273,2.5299999713897705,0.39525654451939296,0.0,1650.0,4190.999937057495,0.0,2.5443999862670896,2.5176686358451845,1.5999984741210938,-4.868918004727653,-1.8649337246012316,6.535735489368409,-0.4375184807073564,2
HK.02482,493,0.27000001072883606,0.27000001072883606,0.0,1.7128463476070528,42100.0,11367.000451683998,2.0972526828701024,0.3187000042200088,0.5212750019133091,-10.0,-50.90909002241026,-50.90909002241026,-63.51351253389007,-67.8571405763528,0
HK.02483,492,1.6799999475479126,1.7999999523162842,-6.6666671081825655,0.22727272727272727,8900.0,14951.999533176422,0.0,1.740961833000183,1.666911141872406,-2.8658476108436504,-2.8658476108436504,3.172945272922329,5.586346778262289,4.365695732005978,0
HK.02486,493,4.0,4.010000228881836,-0.2493822521457671,0.7836216025414755,28340.0,113360.0,4.910334239672822,3.952400007247925,5.275200009346008,12.044820022352578,37.93102994685239,-39.84962492276493,-47.5753612057043,-49.87468683659956,0
HK.02487,493,0.8500000238418579,0.8700000047683716,-2.2988483697581654,0.4539752005835157,698540.0,593759.0166544914,13.404887539344527,1.7287999975681305,3.604799998104572,-48.01223065444661,-67.9245285565168,-81.31868157780065,-81.4814815776723,-90.2634585519793,0
HK.02488,493,6.900000095367432,6.949999809265137,-0.7194203635955471,0.33392097894846,191030.0,1318107.0182180405,2.258333293980579,6.915707359313965,7.354071822166443,-1.3581099606273608,3.9407088226222395,-7.244539546589937,-12.544856697899146,-30.306685570903557,0
HK.02489,493,0.8100000023841858,0.8100000023841858,0.0,1.488381025542539,419700.0,339957.0010006428,3.4208511323485222,0.8174938607215881,0.9273947578668594,-1.6691977385039556,27.38307594966372,-17.57564946679546,-22.868960931224734,-56.21206328126143,0
HK.02490,493,4.244999885559082,4.110000133514404,3.2846653931673067,0.32122117733377475,1652775.0,7016029.685854912,5.568415285276048,4.458199996948242,4.799636416435241,-0.8177645451759178,-0.3521207163571255,-5.456567885260018,1.1792143230982461,-40.922200337647716,1
HK.02493,104,20.360000610351562,20.899999618530273,-2.5837273590184147,1.5430642655773545,181990.0,3705316.511077881,4.58745242362529,21.318800048828123,,-1.1650474110381597,-10.701748720863366,,-21.752497109289315,,0
HK.02495,493,25.100000381469727,25.799999237060547,-2.71317393911122,0.8968465198806356,12280.0,308228.00468444824,5.031964132096175,30.382800064086915,47.138300018310545,-14.27595699163444,-37.06118427981282,-51.73076849717361,-66.17250483314966,-62.19879547489591,0
HK.02496,493,2.2049999237060547,3.190000057220459,-30.877746578245013,60.0,40.0,88.19999694824219,0.0,3.3740999841690065,4.996274988651276,-33.18181952825922,-41.97368549012743,-46.610172818250696,-71.94656633268856,-67.57353144327244,0
HK.02497,493,0.5849999785423279,0.6150000095367432,-4.878053744586638,0.4864036767522022,994300.0,581665.4786646366,8.79949040039171,0.5717999964952469,0.569924997985363,15.841581003185132,-5.645165476913102,-0.847456856590309,32.95454129822981,-4.0983664223788265,0
HK.02498,493,15.399999618530273,16.06999969482422,-4.169260043668433,1.0726878761372354,2727653.95,42005869.78948259,4.365764293909114,19.00139991760254,28.900949907302856,-14.01451842694748,-33.62069348234329,-55.491328619425715,-58.713136907442255,-61.480740883298026,0
HK.02499,493,5.539999961853027,5.559999942779541,-0.3597118908694688,0.8387096774193549,3230.0,17894.19987678528,1.2731876278164456,5.712499980926514,5.840925014019012,-2.1201393779886573,-5.29914440740511,-3.6521745764690894,-8.429755583526498,-8.278145747646722,0
HK.02500,493,1.1399999856948853,1.1449999809265137,-0.4366808135300151,0.6912986961830858,514965.0,587060.0926333666,7.537297020912535,1.1151000034809113,1.8052750012278558,-5.785128119441005,-28.75000195577738,-38.04348016224643,-53.65853788548698,-64.48598217609462,0
HK.02501,493,2.049999952316284,2.0199999809265137,1.4851471125267248,0.4267774525540553,3229400.0,6620269.846010208,9.292344469680758,1.662900002002716,1.1973749953508377,7.894735686336514,97.11538726056126,72.26889527254046,122.82607773132285,95.23809956314902,4
HK.02502,493,0.5249999761581421,0.6000000238418579,-12.5000074505803,16.164874551971327,100900.0,52972.49759435654,3.504819977032101,0.6064999997615814,0.5409249992668629,-12.5000074505803,-6.2500046566128535,0.9615375798129149,22.093015680318395,38.15789019632202,0
HK.02503,493,0.27000001072883606,0.27000001072883606,0.0,3.8697925585478012,11596394.0,3131026.50441581,7.063152821185429,0.2660199961066246,0.3133302278071642,3.846161781683767,50.83799050105111,21.62162488703309,-45.99999785423279,-53.4482726727597,0
HK.02505,493,0.6700000166893005,0.6700000166893005,0.0,0.11551155115511551,59450.0,39831.50099217892,6.086143505224928,0.633500006198883,0.8839500024914742,26.415104312632455,-20.238090760988843,103.03030001996756,-53.146850261205905,-75.13555984997016,0
HK.02506,437,64.25,66.0,-2.6515151515151514,1.5903236454090401,25236.35,1621435.4874999998,3.3686571937595016,67.91200035095216,76.13200006484985,-6.477433982413079,-9.443266013287943,-4.104477611940299,-16.122713733856635,-36.69950738916256,0
HK.02507,493,41.18000030517578,42.5,-3.105881634880515,1.4760034798384039,313882.75,12925691.740789413,4.17316891009369,44.52680000305176,45.11583176612854,-9.454703782631368,8.999474949009471,14.067013574019946,-30.206778232739158,-26.95778073131872,0
HK.02508,318,2.609999895095825,2.684999942779541,-2.7932979248437135,0.6660137120470128,329950.0,861169.4653868675,4.90992472268087,3.095199990272522,3.9524000024795534,-12.416111463405228,-20.426831772503316,-43.26087066942444,-32.73196345067869,-56.57238276708989,0
HK.02509,493,17.0,17.290000915527344,-1.677275304635221,0.21444236861343513,122890.0,2089130.0,3.4309456131681757,16.85760004043579,17.76579999446869,4.039166715109119,8.280256092536295,-10.052908237455423,-13.176710591210863,-42.17686999803491,0
HK.02510,476,13.4399995803833,13.180000305175781,1.9726803428480797,1.2913550026115552,2246305.2,30190340.94541283,4.069292090785466,11.975130786895752,8.782524678707123,-4.613204862777842,77.65448137943832,89.5741910211865,85.20824305059764,79.9726852073266,2
HK.02511,493,3.359999895095825,3.4800000190734863,-3.4482794057458057,0.5208446707418672,578341.25,1943226.5393295884,5.801003692751822,3.3075999879837035,3.0768499964475633,-8.446871246693972,28.244276406860774,12.374578072874593,10.891086693796026,-13.846158642740528,0
HK.02512,493,2.700000047683716,2.700000047683716,0.0,8.947368421052632,5450.0,14715.000259876251,1.0157691400562878,2.7059999823570253,3.092250002026558,-2.5270734196678286,-6.896553141608629,-14.556962837108584,-21.965317401276106,-42.91754679078009,0
HK.02513,185,643.0,696.0,-7.614942528735632,0.6820697188359867,6591332.65,4238226893.9500003,8.563081457606605,932.49,,-29.611384783798577,-64.76712328767124,-12.338104976141787,388.97338403041823,,0
HK.02515,493,3.4800000190734863,3.5899999141693115,-3.064064003502296,2.8651510432886953,493985.0,1719067.8094220161,8.813150382894046,3.4241000032424926,1.6805249997973442,0.28818416083016385,192.43696233106843,222.2222111843255,282.41757349236116,648.3870951202318,0
HK.02516,493,0.6200000047683716,0.6050000190734863,2.4793364003288203,0.0968054211035818,410400.0,254448.0019569397,4.886973675092678,0.7284000051021576,1.025150001347065,-15.068494716579107,-38.61386033439504,-47.45762437898777,-36.734694622298754,-1.5873000855468575,1
HK.02517,493,1.3849999904632568,1.375,0.7272720336914062,1.0730914521424473,7848002.8,10869483.803155612,3.574476750658713,1.6573821234703063,2.7376235657930375,-15.770055630720012,-24.014781321361497,-66.10024797874622,-58.80171813906754,-53.97787113891699,2
HK.02518,492,40.459999084472656,40.459999084472656,0.0,0.0,3442.5,139283.54684829712,1.7275377543353823,42.69399993896484,39.42277278900146,-4.800002154181985,11.214947489194225,19.997049386237265,-5.497444032495488,-27.815287210716743,0
HK.02519,470,3.9000000953674316,3.9000000953674316,0.0,0.29069767441860467,5235.0,20416.500499248505,0.40000021457672114,3.909500017166138,4.678225011825561,-2.3779672819278592,-9.302327386619773,-10.755144221966503,-35.85526078444106,-43.23143871420824,0
HK.02520,492,2.4100000858306885,2.4100000858306885,0.0,0.0,21800.0,52538.00187110901,0.391798865128647,2.307200016975403,2.121520810723305,7.111114925808376,1.6877722448568986,24.313918355460316,3.683102203257703,13.857610868219684,0
HK.02521,493,0.7900000214576721,0.8100000023841858,-2.4691334404499927,4.030482641828958,1058625.0,836313.7727156281,2.5152175020422143,0.9355999946594238,0.9729499956965446,-17.277483218483606,-24.03845668897103,-27.52293603065669,27.41935731965221,90.3614547813662,0
HK.02522,493,4.914999961853027,5.025000095367432,-2.1890573418260004,0.9182099564186706,471550.0,2317668.232011795,4.674448642187517,4.956800012588501,6.376700005531311,-8.643125328933433,-5.298653031512872,-17.671689537944776,-40.71170103172837,-70.67422497176817,0
HK.02525,261,15.65999984741211,15.760000228881836,-0.6345201777755402,6.325201581067926,2093554.5,32785063.150548935,1.2139930614878316,17.005200176239015,20.401350021362305,-2.24719475695831,-4.730038951105038,-14.309164572931845,-30.631232256166502,-44.81057322497935,0
HK.02526,131,292.20001220703125,240.0,21.750005086263023,5.701774423903177,124693.05,36435310.73213196,14.291316648691192,413.0940002441406,,-31.760858506058405,-35.92104995459841,39.4083987109818,39.4083987109818,,1
HK.02528,493,0.8299999833106995,0.8399999737739563,-1.1904750923180183,0.3115264797507788,65200.0,54115.998911857605,1.2694182837262276,0.8856999993324279,0.5983000013232231,-6.741573409952315,-11.70212921107609,90.80459281875022,196.42856420606986,245.8333341094355,0
HK.02529,492,2.549999952316284,2.549999952316284,0.0,6.153846153846154,850.0,2167.4999594688416,0.3135767349101403,2.7286999654769897,2.7589354860782622,-6.4220168235154755,-6.593408992659677,-7.509809405164451,-7.202533557656943,-1.3002138815660704,0
HK.02530,429,0.7200000286102295,0.7200000286102295,0.0,2.19484882418813,388000.0,279360.01110076904,1.3490601358978398,0.7317000126838684,0.6514813180267811,0.6993083943600166,-2.7027000903735274,26.021951713408153,18.02055326329439,19.924111707883686,0
HK.02531,493,3.049999952316284,2.799999952316284,8.928571580624096,0.4424778761061947,5450.0,16622.49974012375,3.9065952691191086,4.355999994277954,5.185650000572204,-35.78947468807823,5.172408690208939,-49.58677923701328,-57.6388884289765,-71.73308653290773,1
HK.02533,493,8.359999656677246,9.444999694824219,-11.487560330378239,2.9400677242875664,4670276.9,39043513.28058767,5.921502259561977,10.583899955749512,15.347575063705444,-15.169964028428884,-28.424662343778678,-47.28877782063767,-57.1940636827844,-57.498730939240716,0
HK.02535,493,0.5899999737739563,0.5950000286102295,-0.840345310226634,3.539491298527443,2119000.0,1250209.9444270134,6.857569632748424,0.626499999165535,0.7169749967753887,-15.10791656893363,13.461537579812916,-36.55914309286961,-32.954548071484936,5.357137725365427,0
HK.02536,493,0.5899999737739563,0.5799999833106995,1.72413633637985,0.00392580233585239,1018500.0,600914.9732887745,8.07637739661802,0.7080074989795685,1.4703543820977212,-1.666674945089223,-44.84757212593347,-72.17309385736355,-71.7883927026282,-73.26672644990005,1
HK.02539,208,8.395000457763672,8.380000114440918,0.17900170785086764,2.6582278481012658,3535.0,29676.32661819458,2.548079030362301,9.87470006942749,17.862031135559082,-6.462394418428706,5.997479506237536,-47.84195301128306,-76.4583939069713,,2
HK.02540,493,0.8050000071525574,0.8149999976158142,-1.226992698467561,1.6974726518294982,28135.0,22648.6752012372,1.1828998848913985,0.7861000049114227,0.9792249944806098,0.0,1.8987323148685442,-26.8181827541225,-38.076920255401326,-45.23809581734348,0
HK.02543,266,33.599998474121094,34.08000183105469,-1.4084604787086623,1.34394341290893,23005.0,772967.9648971558,2.5262232423072155,31.95925704956055,29.977520360946656,-3.2875503022251014,26.00449454147394,26.50906436120882,0.8435997849869852,-34.90594511311891,0
HK.02545,492,0.46000000834465027,0.4650000035762787,-1.0752677834782465,0.7419354838709677,127500.0,58650.00106394291,3.6530437664476665,0.42359999775886537,0.4232999995350838,10.84337773352831,17.948724414705293,0.0,10.84337773352831,-5.1546402521829435,0
HK.02546,196,20.15999984741211,20.979999542236328,-3.9084829014100744,0.8317303442673323,597142.5,12038392.708883286,6.74003623366147,19.788200073242187,,3.75707427056432,36.30831574989591,41.71679490767821,105.48218388413606,,0
HK.02549,493,3.8499999046325684,3.8499999046325684,0.0,0.006563833278634723,72275.0,278258.7431073189,2.893413308398581,3.8837000226974485,4.3027479565143585,-0.7732012609147162,-8.333331441122303,-18.06542073335697,-13.24574063575962,-12.290298516947702,0
HK.02550,493,2.119999885559082,2.1600000858306885,-1.8518610500991368,0.7838300787941076,728225.0,1543836.9166612625,4.12792318778943,2.005600004196167,2.1643999952077864,5.472631622772936,7.070700259442761,11.578942745346053,-32.484082333373706,-28.13559826130627,0
HK.02551,471,1.4800000190734863,1.4049999713897705,5.338081794373899,2.972972972972973,20250.0,29970.000386238098,2.0205768543715132,1.5548000121116639,2.1025109577178953,-6.031747665655116,-24.873096569568183,-34.56249393201133,-46.396939163737784,-48.0547681921531,1
HK.02552,493,2.2899999618530273,2.359999895095825,-2.966098998066082,1.544585413536897,990913.5,2269191.87719965,3.6306567953484166,2.4378999996185304,2.8688749897480013,-7.6612925709348145,-8.032130398301694,-35.12747930840781,-24.9180328637738,-40.51948003693321,0
HK.02553,89,11.680000305175781,11.869999885559082,-1.600670448316114,0.9996999329756834,904217.5,10561260.675945282,11.609431713855486,21.13140007019043,,-38.912134976432974,-70.14314768895356,,-44.53940835058264,,0
HK.02555,493,4.025000095367432,4.114999771118164,-2.187112533575595,1.0826692425340094,492960.0,1984164.047012329,2.317650002477311,4.400500011444092,5.314423096179962,-5.070747343319623,-16.320163342007938,-27.614640592958782,-33.90404045703343,-48.410921557441846,0
HK.02556,493,46.279998779296875,53.25,-13.089204170334506,2.080107763104403,4033324.2,186662239.05250856,7.312090215512621,52.304599838256834,41.06149995803833,-23.059023100131775,32.228567940848215,40.24242054332387,24.87856736198254,-4.891083180391358,0
HK.02558,493,1.0800000429153442,1.1349999904632568,-4.845810397360801,7.819548872180451,9250.0,9990.000396966934,0.20965588043621933,1.12930002450943,1.2198058491945267,-2.7027000903735274,-6.8965453455194,-17.658019409181076,-19.409974105362974,-18.250404498074534,0
HK.02559,493,1.1399999856948853,1.1649999618530273,-2.145920770536129,0.5668245677962671,592750.0,675734.9915206432,5.440350911784671,1.193899997472763,1.6235250028967858,8.571432139597944,-52.892564059720506,-13.636368151866849,-49.779735891029055,-66.86046608336362,0
HK.02560,430,1.3350000381469727,1.340000033378601,-0.3731339632150389,0.6467259498787389,42650.0,56937.751626968384,1.634273343347196,1.4067999958992004,1.4903712975978851,-3.956830799564157,-7.931034879650416,-10.05739118059356,-12.17369399959282,-18.412723159808102,0
HK.02561,382,18.809999465942383,18.5,1.675672788877745,0.24277456647398843,8575.0,161295.74542045593,1.912625986155133,19.464199905395507,25.456749982833863,-1.5183293703422873,-7.248526483882857,-25.769536887625556,-44.05115983479932,-54.87044307049447,1
HK.02562,478,0.4749999940395355,0.5199999809265137,-8.653843949532288,1.192591529484591,3582664.4,1701765.568645656,7.454350728823746,1.000100000500679,2.242675002962351,-30.147060434814126,-67.90540622175827,-84.11371262459862,-75.26041642413475,-96.95902690448366,0
HK.02563,477,4.300000190734863,4.829999923706055,-10.973079530910699,0.0403327451474666,37740.0,162282.00719833374,5.176405154523636,3.8867000102996827,3.7731749987602234,7.500004768371582,16.847829150285918,13.157901176125138,1.6548503864240967,-50.0580678025914,0
HK.02565,340,4.860000133514404,5.045000076293945,-3.666995837102978,0.6297056530746173,4092338.5,19888765.656386137,6.005240300678012,5.659900007247924,30.750775015354158,-12.90322222286788,-11.956519016170914,-91.27468569668665,-92.98194926568317,-91.1636361208829,0
HK.02566,457,5.644999980926514,5.309999942779541,6.308852010488263,4.96100942222255,135094.1,762606.1919232846,2.341789521724718,5.385399990081787,6.853248662948609,8.97683722003191,-9.09822952898164,-19.363410564732256,-24.979363408195397,-49.38767170830898,1
HK.02567,488,0.36000001430511475,0.375,-3.9999961853027344,1.0177953136323374,643900.0,231804.00921106339,4.5619125095265725,0.3525000023841858,0.4573500004410744,4.347830593924006,-8.860758347611412,-16.27906783327278,-44.61538038310199,-71.42857007699217,0
HK.02569,378,1.4850000143051147,1.4950000047683716,-0.6688956810275186,1.0838445807770962,456500.0,677902.5065302849,3.7179845538769185,1.3188000178337098,1.1238500082492828,9.191176373911153,23.74999627470985,53.09278046442463,54.68750494765129,90.38462420187085,0
HK.02570,451,5.059999942779541,5.735000133514404,-11.769837402274367,0.9137643857811512,237609.35,1202303.297403884,15.429971120361468,12.25950005531311,34.99362498521805,-44.42613731821531,-76.74632403696646,-87.29281772586945,-92.28658527366325,-96.83155914873345,0
HK.02571,425,16.299999237060547,16.299999237060547,0.0,2.0,5500.0,89649.99580383301,0.9049047275598867,15.78120002746582,14.314700021743775,1.874995231628418,2.6448307279147376,26.35658696955561,24.427471468758867,28.144645399979773,0
HK.02573,330,4.894999980926514,4.900000095367432,-0.10204314986942933,10.513833992094861,3860.0,18894.699926376343,1.684448261695841,5.26100001335144,5.649799993038178,-11.00000034679066,4.148939990954297,22.374999523162842,-38.65914825530483,-51.77339739018323,0
HK.02575,242,8.420000076293945,8.4350004196167,-0.1778345296565563,1.2081846222524166,3304479.8,27823720.1681118,9.51782700007203,10.184500026702882,31.39802489280701,-11.970721947940447,-39.029689931554366,-73.7858021286059,-87.08588884907769,,0
HK.02576,493,4.610000133514404,4.900000095367432,-5.918366453241495,0.8689568835376855,280310.0,1292229.1374254227,6.1321826300493,5.201100015640259,4.929474995136261,-7.984033474918747,-25.64515684943528,-3.958334368136153,15.538850187863682,0.43572941746499666,0
HK.02577,437,37.20000076293945,38.02000045776367,-2.1567587715711745,2.080845333245868,3465135.8,128903054.4036888,4.379859188756303,42.82360008239746,57.76184991836548,-17.222959724723832,-32.972971598307296,-27.906973133736933,-50.3005991699504,-55.635060894579965,0
HK.02579,220,21.34000015258789,21.239999771118164,0.47081159391397737,1.4787020571969265,465847.5,9941185.721082687,3.435871512700327,23.682164039611816,30.20787257194519,-11.299126239423654,-10.42305853014088,-34.46654839572781,-31.83711734210532,,1
HK.02580,271,8.449999809265137,8.5,-0.588237538057215,0.3136087334077658,802670.0,6782561.346902847,3.369576109865185,9.440443534851074,9.760597982406615,-12.886598191538509,-8.999935296818144,-1.353676859026136,-27.848968652924928,-36.2633640264929,0
HK.02581,195,2.8399999141693115,2.799999952316284,1.4285700905079517,2.159383033419023,21275.0,60420.9981739521,3.8809254694210558,2.7301000118255616,,2.5270734196678286,0.35335656299810947,-18.155622744857425,-33.489463071307036,,2
HK.02582,466,3.4000000953674316,3.815000057220459,-10.878111549895728,0.9950743089674984,477718.3,1624242.2655587674,8.458530504281633,7.294999957084656,21.06994996905327,-37.037036382939434,-73.70456291477088,-86.36728138508076,-86.92307655627911,-94.77726547609826,0
HK.02583,251,38.900001525878906,39.20000076293945,-0.7653041612799477,2.3122699521720924,491285.0,19110987.24964142,11.743601540964468,60.33099998474121,97.90840015411376,-50.759491739393795,-20.838416750014517,-63.474176971005726,-76.84523718697685,,0
HK.02585,456,31.0,28.520000457763672,8.695650429280503,1.8608440606159362,596910.0,18504210.0,7.467408473618516,28.641600036621092,20.45613477230072,6.529208225509693,44.85981566633805,48.07472846165045,122.21620941328331,105.32258167413622,2
HK.02586,451,8.550000190734863,8.579999923706055,-0.3496472405355604,0.5926101668606613,11017868.2,94202775.21149158,9.007526024751735,5.60879997253418,6.763049983978272,118.9500705090136,40.1639397443543,15.384620334653462,14.611262024318183,-9.331920317732315,0
HK.02587,437,0.6349999904632568,0.6650000214576721,-4.511282710736697,0.4295410288566369,3319050.0,2107596.7183470726,9.190463053999336,1.402700003385544,3.4003250059485435,-39.234448177894485,-73.97541083721855,-86.98770541860927,-86.13537115630723,-92.39521004247563,0
HK.02588,493,67.9000015258789,68.6500015258789,-1.0924981548868187,1.381740564821024,862434.2,58559283.49597015,2.3543548423687115,72.1243504333496,75.14066841125488,-6.963624214451213,-13.902327323637795,-7.946380908909337,-2.9502620296002173,3.6603693634648167,0
HK.02589,353,64.05000305175781,66.4000015258789,-3.53915424716549,0.859088686029952,239768.5,15357173.156715393,5.527311591255243,82.5900244140625,97.71966529846192,-20.43477881769216,-27.752696097731206,-11.242254595648872,-22.4472138532931,-43.812075331728245,0
HK.02590,310,6.929999828338623,7.320000171661377,-5.327873417716571,0.662853022402908,7947206.25,55074137.94827163,4.377992348351696,9.051100006103516,16.66797498703003,-25.88235780104539,-38.94273484208246,-60.66969637760739,-69.94796188710399,-74.98195076727056,0
HK.02591,283,3.619999885559082,3.5199999809265137,2.840906397000803,0.5405546613100075,9167229.9,33185371.188893795,7.1786318289588955,4.669599967002869,15.705400010347367,-5.6062620716889535,-52.80313103584447,-82.46124034589548,-88.09993465982888,-91.34799265689014,1
HK.02592,313,1.190000057220459,1.190000057220459,0.0,0.0,925.0,1100.7500529289246,0.1890759417232894,1.1818000125885009,1.8888000065088273,2.1459310030935064,-0.8333325054910776,-28.742509712523578,-73.61419075769103,-74.84143652385107,0
HK.02593,442,1.0199999809265137,1.0449999570846558,-2.392342314337228,0.7435987372851631,114760.0,117055.19781112671,3.5198728270695074,0.971999990940094,1.0394499942660331,6.250000388051082,8.510636544000942,12.087906761570357,-13.559319807927558,-13.559319807927558,0
HK.02595,258,28.15999984741211,32.060001373291016,-12.164695442365055,1.6790259720327174,4173547.9,117527108.22716713,7.832777101957313,29.388799934387208,31.62799991607666,7.0722458718954995,-14.563104885891246,-10.716553487641905,26.051923254575378,-26.282724384832644,0
HK.02596,428,2.634999990463257,2.6050000190734863,1.1516303712136065,0.7766990291262136,10700.0,28194.499897956848,0.12310616408634256,2.640900049209595,2.6096999049186707,-0.18939826675118485,-0.5660416741266188,1.7802908734260856,2.1687771888698437,2.1687771888698437,1
HK.02597,310,35.0,36.119998931884766,-3.1007723283626447,1.984732824427481,14400.0,504000.0,3.659651070271455,37.81119995117187,30.905800042152404,0.0,5.421684324386681,33.58778236948894,131.02310812728197,75.0,0
HK.02598,493,3.315000057220459,3.305000066757202,0.30257156615033354,0.6159293094192712,497225.2,1648301.5664514543,4.463987130834961,3.6711999940872193,5.293500008583069,-10.526312402605525,-21.071423624648304,-44.00337813347252,-50.9615392754389,-63.491188490369254,1
HK.02600,493,7.670000076293945,7.630000114440918,0.5242458879826414,1.0873343676086942,29096690.0,223171614.51990128,2.862214984762408,8.107176523208619,10.104020552635193,-13.820220168048136,4.205481239373055,-29.939978504391373,-35.70441377224082,7.6418911810927925,1
HK.02601,493,27.739999771118164,27.579999923706055,0.5801299777183228,1.5988816306527032,7361938.45,204220170.917986,2.0005915567241597,28.94963863372803,31.258420429229737,-5.324230397826065,0.9018186298747941,-7.534004282856735,-18.772976044428106,-3.3392980785961304,1
HK.02602,493,19.479999542236328,19.950000762939453,-2.355895753027904,0.9112200304222904,620408.0,12085547.555999756,2.9446599003396345,18.238372383117675,17.295227031707764,-1.417007507096331,13.249426552477628,30.76014103171677,13.36771877260277,-11.767040998992067,0
HK.02603,340,11.569999694824219,12.100000381469727,-4.38017082592134,0.4664824172901465,2107875.0,24388113.1067276,3.470626724229205,12.469199924468994,14.000341472625733,-9.60937873111101,-23.731050516574633,-18.203859553904472,-10.869557870682947,-33.218375809378806,0
HK.02605,330,1.1799999475479126,1.1699999570846558,0.8547000709448132,0.5194805194805194,45100.0,53217.99763441086,5.26708166592984,1.1693999886512756,1.5577499943971633,3.508768627628134,10.28036352369719,-39.487183656761374,-56.61764944352491,-72.685187484747,3
HK.02607,493,10.899999618530273,10.859999656677246,0.36832378561295315,0.8373271859939603,1763668.9,19223990.337213706,1.8882668565976244,11.287056312561035,11.264791254997254,-4.285837149024713,-3.8339204107312113,-1.4235333385656856,-1.4235333385656856,-3.9529332752486748,1
HK.02608,492,0.009999999776482582,0.009999999776482582,0.0,0.018444257146204755,24912150.0,249121.49443170056,3.2727278438358334,0.010279999822378158,0.010429999846965075,-9.090910630285256,0.0,0.0,0.0,-16.666669253673795,0
HK.02609,321,2.9549999237060547,2.9649999141693115,-0.33726781628115093,0.6954925555782174,1688340.0,4989044.57118988,3.6222116854247046,2.9846999835968018,3.8383749997615815,4.78723381769788,-0.1689227829891568,-18.5950459904827,-24.035993727078644,-59.959351248195546,0
HK.02610,380,22.81999969482422,23.0,-0.7826100225033968,0.2748501087964005,520490.45,11877591.910158921,3.689396430601573,25.534262809753418,40.38671122550964,-15.979382094883993,-8.716734935660158,-58.44722884904652,-53.1422650608374,-41.82611958049561,0
HK.02611,493,14.020000457763672,14.220000267028809,-1.4064683931748307,0.7989020760287967,10953151.25,153563185.53895473,3.2555267604336886,14.63318609237671,14.58345425605774,-6.781911613540223,-4.0371280950088195,8.58293523011645,-12.099521203360048,-1.9436925656479067,0
HK.02613,430,31.040000915527344,31.020000457763672,0.06447600731310166,3.1578947368421053,310.0,9622.400283813477,0.6024590977634916,31.474799880981447,30.888099966049193,0.12903521137852822,1.305488034748606,-2.999997138977051,2.374674234663772,11.735061728954506,1
HK.02616,493,5.239999771118164,5.784999847412109,-9.42091772980337,0.9435391700858909,10786075.6,56519033.67526321,7.068483479942392,5.560699996948242,6.250425007343292,-15.004058336714637,1.3539592609522206,-40.114288330078125,-1.8726662661472775,-29.664430801709855,0
HK.02617,321,10.069999694824219,10.069999694824219,0.0,0.7699023970402571,5639240.6,56787151.12104034,5.933326038871472,10.264699954986572,48.94187491416931,7.127660675359712,-5.799812066380374,-85.53160931667479,-91.10424031245472,-92.96787715822097,0
HK.02618,493,10.0600004196167,9.96500015258789,0.9533393434433336,1.0847128135015294,9307180.55,93630240.2384484,1.950831403987462,11.666700057983398,12.599275021553039,-7.536761821682715,-19.712684485179878,-26.029410754108127,-14.890011172996848,-21.590019645839696,3
HK.02619,215,1.1050000190734863,1.1150000095367432,-0.8968601235628331,0.176522506619594,57150.0,63150.751090049744,2.6355407185216078,1.2298999834060669,1.5611358481645583,-12.301585124042944,-23.79310463895125,-36.008278720609056,-50.041553835338156,,0
HK.02621,336,2.9200000762939453,2.9200000762939453,0.0,0.0,10480.0,30601.600799560547,1.9342633451845928,2.773077254295349,3.022568359375,7.398251829626436,-8.08554249364303,-7.743240890775634,-13.842862883210817,-26.92747529692466,0
HK.02623,493,3.6449999809265137,3.619999885559082,0.6906103910986882,1.5549051290205067,1003340.35,3657175.5566128013,5.7873191927144445,3.7657999753952027,4.55695073723793,1.673638553447659,-21.10389456242552,-37.47855868565029,-25.61224673500359,399.315052834209,3
HK.02625,376,0.7900000214576721,0.7900000214576721,0.0,0.09225700164744646,1208900.0,955031.0259401798,12.08055174497271,1.566200007200241,3.242800005376339,-56.47382939108554,-67.35537204331415,-83.0835115941881,-81.96347030099311,-86.37931042278848,0
HK.02627,286,29.31999969482422,29.31999969482422,0.0,,0.0,0.0,0.0,29.31999969482422,35.301699810028076,0.0,0.0,-4.990281545914072,-27.137180735969206,-40.647775730402536,0
HK.02628,493,26.760000228881836,26.84385108947754,-0.3123652426628593,1.06672892384322,35629956.6,953457646.77105,2.9953457404509867,28.261766090393067,28.318422260284425,-7.819365220594743,-6.487094103799052,14.404950532107344,-3.287359844553317,32.905964364773396,0
HK.02629,341,12.40999984741211,12.40999984741211,0.0,,0.0,0.0,0.0,12.40999984741211,18.651099886894226,0.0,0.0,-1.3513519660170512,-71.13953523857649,-79.23012577838978,0
HK.02630,227,81.0,82.4000015258789,-1.6990309465458149,0.9018970189701897,93670.0,7587270.0,6.830131520093132,90.7550001525879,86.00850006103515,-1.0989029415274458,51.6853889240911,3.8461538461538463,-3.628795884611244,,0
HK.02631,280,64.94999694824219,66.0,-1.5909137147845642,1.710766213399796,1303736.7,84677694.68631133,5.8924726154996225,67.56499984741211,69.97469989776611,-0.07692777193509616,-15.867876274934137,34.30520291254815,9.343426396959442,11.597931437830825,0
HK.02632,135,59.95000076293945,60.599998474121094,-1.0726035108057284,0.09892747126484731,79187.35,4747281.692915154,9.231123052856494,68.95700012207031,,-2.042483634668442,-19.74564496371084,27.553193112637135,115.0287036138169,,0
HK.02633,493,0.9750000238418579,0.9750000238418579,0.0,1.0363209964868154,387130.6,377452.34422991273,2.3128787964386137,0.9841359424591064,1.0960585257411004,1.0362746465984924,-5.44472773760112,-16.97585335098529,-20.837438390269856,-28.27273415303496,0
HK.02635,194,9.069999694824219,9.779999732971191,-7.259714289698377,0.24604719508431913,4025469.0,36511002.60152435,7.7240959881317615,10.436800003051758,,-9.254629327923421,-30.444787412903167,-81.2603317998356,-73.74059219915414,,0
HK.02637,205,155.0,154.89999389648438,0.06456172205045822,1.0133383327855294,82133.4,12730677.0,4.937723281050069,188.5479998779297,177.94949981689453,-19.396777150189887,-23.645320197044335,-1.89873417721519,17.513273064777092,,1
HK.02638,493,6.184999942779541,6.204999923706055,-0.3223204056796878,0.5183867631311165,2349880.6,14534011.376538754,0.725233934901093,6.281922073364258,6.269456624984741,-2.7515752682565084,1.441941433437159,1.1009981502975417,2.374710231066134,9.810710089027804,0
HK.02643,319,11.8100004196167,12.65999984741211,-6.714055592734961,0.25435113412211496,3557849.45,42018203.497433044,8.08090230202029,13.485599956512452,24.331999988555907,-10.190108272135,-34.93112579705369,-53.540517764866536,-60.18206176542802,-76.75196732876947,0
HK.02648,313,62.599998474121094,60.599998474121094,3.3003301161040284,0.9963188495544776,318962.5,19967052.01330185,2.969765083190835,64.39735580444336,70.2677258682251,3.9004124051802385,-6.731478255531956,-12.911190739518169,-2.04127560294868,10.986911695879538,1
HK.02649,145,3.9000000953674316,3.9000000953674316,0.0,,0.0,0.0,0.0,3.9000000953674316,,0.0,0.0,5.69105785611174,-37.09677072022871,,0
HK.02650,245,6.690000057220459,6.429999828338623,4.04354954623715,1.426087433680521,36212920.0,242264436.8721199,18.160297150583286,9.897400007247924,28.289599964618684,-7.083330077153578,-76.07296038526806,-76.32696389583447,-82.59625313156984,,1
HK.02651,310,26.979999542236328,28.360000610351562,-4.866012124172967,1.551901551901552,50540.0,1363569.176864624,3.9939489510647546,22.175799674987793,12.825608801841735,9.74915635702651,66.45759378213319,203.44769147435656,214.5224104574501,163.14243480544974,0
HK.02652,247,5.75,6.639999866485596,-13.403612716586588,11.129756837069301,3417727.75,19651934.5625,10.247302257662847,12.686800003051758,22.549250078201293,-38.07215837916654,-67.04871204239757,-74.7807009104913,-83.06831520902766,,0
HK.02655,199,14.529999732971191,15.34000015258789,-5.280315590349264,0.42274251754974124,1025571.7,14901556.52714281,5.296967309289448,15.787399959564208,,-7.1565489639562285,-21.79763297828384,-65.155876577622,-62.74359042827899,,0
HK.02656,260,3.365000009536743,3.569999933242798,-5.742294889060227,0.8957361920891366,10820374.5,36410560.29569113,13.571081628579496,8.264499988555908,37.87577495574951,-63.34422769420257,-67.45648007853701,-96.57157416482617,-94.2625747280638,-88.23426585785305,0
HK.02657,191,60.0,59.0,1.694915254237288,0.9782699999353851,76391.5,4583490.0,6.465183276121772,52.162125701904294,,14.973572797283552,44.3205415250137,0.17727752320485968,-25.83820448245679,,2
HK.02658,206,50.150001525878906,52.0,-3.5576893733097954,0.7405697677788496,192602.1,9658995.608887482,7.690264419965828,40.46980018615723,45.85795001983642,31.973688225997122,7.988809235313353,15.766393996237083,5.757071831186688,,0
HK.02659,203,11.699999809265137,11.609999656677246,0.775195135652988,2.956847560052812,423641.0,4956599.619196892,7.505293067435205,15.192799968719482,56.431349892616275,-25.949369189716663,-40.18404842169334,-87.10033053701014,-83.2137728528836,,1
HK.02660,493,2.4100000858306885,2.4200000762939453,-0.41322273338813675,1.2034188034188034,294650.0,710106.5252900124,2.265071542651159,2.3398999881744387,2.2968470096588134,2.5531993035336478,9.049775757081463,4.782614599779681,1.9286151917533225,13.401093929761206,0
HK.02661,194,3.619999885559082,3.619999885559082,0.0,0.6952190610816249,17840658.45,64583181.54729867,9.388167347120154,4.861200003623963,,-18.468472096703433,-56.80191126345117,-97.69573536287847,-95.15394908507521,,0
HK.02663,492,0.35499998927116394,0.36500000953674316,-2.7397315080268676,0.2842809364548495,606000.0,215129.99349832535,3.29208859944242,0.4417999994754791,0.34950000047683716,-19.318183819370834,-13.414636007878572,26.78570991420018,20.338984763132647,12.698410145429659,0
HK.02665,199,1.5199999809265137,1.5700000524520874,-3.1847178251670543,1.1535243689876764,3254374.95,4946649.861927724,5.837985252531917,2.1972000002861023,,-27.098323591523688,-49.33333396911621,-78.947368073453,-85.31401038740184,,0
HK.02666,493,4.505000114440918,4.46999979019165,0.7830050535140394,1.070782489951525,5389384.75,24279178.915516138,1.8277942262134368,4.587299995422363,5.110030469894409,-4.148929845482434,-1.8518526213784272,-16.4049585058404,-18.365310197166586,-17.953016039755617,1
HK.02667,67,2.049999952316284,2.1449999809265137,-4.428905802096795,1.5141156264069768,78011.25,159923.05878013372,3.555248409404494,2.4955999994277955,,-14.583338714307995,-34.29487091314625,,-38.80596983058331,,0
HK.02668,493,0.4099999964237213,0.41499999165534973,-1.2048181523292238,0.6137396208679304,24992500.0,10246924.910619855,8.45401627421172,0.49059999763965606,0.3724449994042516,-17.17171869208867,-17.17171869208867,32.25806234530432,120.43010037694329,98.06762895533143,0
HK.02669,493,3.2899999618530273,3.265000104904175,0.7656923781197326,0.6630685860799727,6477294.85,21310299.80941081,2.1521682445514476,3.342363224029541,3.733964287042618,-4.189330923774081,1.1017087178304403,-12.133208105827855,-23.83598867457689,-29.099358396992336,3
HK.02670,241,5.849999904632568,6.179999828338623,-5.339804739036198,0.4163208008198252,6946554.55,40637343.455024935,15.953453011579386,11.134600086212158,17.988349990844725,-32.87435683067165,-66.12623190752308,-76.12244936884666,-46.81818268515847,,0
HK.02671,191,6.860000133514404,7.010000228881836,-2.1398015758889373,0.02824858757062147,10635.0,72956.10141992569,2.113298276838918,5.271599998474121,,37.75100616948765,90.55556431228754,87.01662062248818,-10.557271936621428,,0
HK.02672,72,68.94999694824219,74.69999694824219,-7.697456807105407,0.5617428038420622,1848736.25,127470358.7956047,14.089658552902268,57.57639999389649,,116.41555438589602,5.67049340726772,,-5.5479493859696065,,0
HK.02675,185,32.779998779296875,33.13999938964844,-1.086302404893863,0.951412455979901,378972.4,12422714.809387207,5.006710601269269,36.142799835205075,,-13.188558695979626,-18.009006616753734,-40.29144286299345,-42.08480624909435,,0
HK.02676,205,161.0,172.39999389648438,-6.612525696102618,1.649541865520943,132434.95,21322026.950000003,4.679515439963734,159.22399963378905,154.37549991607665,0.625,-14.724577649575934,38.91285408141334,34.39064766170527,,0
HK.02677,164,22.299999237060547,22.559999465942383,-1.1524833113331598,0.746268656716418,2567.5,57255.248041152954,6.965292200889498,23.383599967956542,,-5.4283320219974405,-23.10345090668777,-41.71458385948274,-67.15758654502932,,0
HK.02678,493,5.320000171661377,5.255000114440918,1.2369182836330799,0.209506768689812,189420.85,1007718.954516244,4.068410505810112,6.063100032806396,6.104324998855591,-7.478257884149967,-14.743583865419433,-8.904109029793176,10.144932830130264,9.6907273457857,1
HK.02680,492,5.75,5.989999771118164,-4.006674128359155,0.4519774011299435,16000.0,92000.0,1.1721843005438648,6.365099992752075,9.181574974060059,-12.878786619920248,-16.424419994835187,-55.769230769230774,-42.32698248749821,1.5901087458339933,0
HK.02682,493,0.14000000059604645,0.14000000059604645,0.0,0.37521815008726006,458000.0,64120.00027298927,2.1447485842892355,0.12370262950658799,0.1335175573825836,17.647056613767546,9.437409464561359,-1.9327161915840076,0.6824045106274813,-3.189990874641312,0
HK.02683,493,1.1200000047683716,1.1299999952316284,-0.8849549119871483,0.9370816599732262,75300.0,84336.00035905838,1.228623715555651,1.0569672441482545,1.1035754242539406,7.714066901388267,4.377788798545259,-0.8849653681224687,-0.04499189847938235,54.20897217145202,0
HK.02685,212,3.615000009536743,4.190000057220459,-13.723151308622091,0.43045001514786013,31092486.05,112399337.36727105,8.865816662432016,4.047300000190734,17.802724987268448,-3.8563824812310363,-77.83568284545085,-82.56991297284935,-86.59124580008326,,0
HK.02687,205,282.3999938964844,282.0,0.14184180726396275,1.1116841896449117,124945.0,35284467.23739624,9.42837979057468,293.80400024414064,182.57350028991698,-17.763541375713608,99.15372906826155,106.58376020550139,71.6717288124525,,2
HK.02688,493,49.13999938964844,49.439998626708984,-0.606794590197416,1.0967905922872616,3821289.65,187778171.0686699,2.3650790621815534,48.40440002441406,55.60122909545898,-4.489798520965153,17.447416850951008,-18.898096253829465,-26.869650659434562,-18.369793235045712,0
HK.02689,493,5.224999904632568,5.230000019073486,-0.09560448226927076,0.9732216996209927,10029963.4,52406557.808468156,3.527432270124104,6.775000009536743,7.057150001525879,-20.471845234194173,-29.48717932217822,-21.898357848393868,-12.625419933659035,-4.826955874929343,0
HK.02691,195,5.875,5.864999771118164,0.17050689295985072,0.8056124332852203,1155593.75,6789113.28125,3.6080555024952963,6.634499998092651,,-14.855073640587383,-3.530380085401611,-22.168380108463477,-15.42705234835238,,2
HK.02692,146,30.459999084472656,34.439998626708984,-11.556328980657247,3.7390061140021555,238438.25,7262828.876703262,4.703933998944028,40.57439979553223,,-21.210555600890306,-41.02614097850342,-50.853397559702444,-57.989753693420184,,0
HK.02693,207,2.8550000190734863,2.8550000190734863,0.0,0.0,14120.0,40312.60026931763,1.9329932481915404,2.9317999839782716,3.709305639266968,-4.194630845635492,-12.691130405922578,-23.463801804555317,-32.92522973961536,,0
HK.02695,195,1.2000000476837158,1.1799999475479126,1.6949238156632322,0.5433376455368694,70250.0,84300.00334978104,2.0992518792652786,1.2857999968528748,,1.6949238156632322,-27.710839047420095,-23.494503884278476,-43.95893693154229,,2
HK.02696,490,50.650001525878906,57.0,-11.140348200212445,2.0761059202182155,1102605.2,55846955.06244201,6.705062850973527,63.454000549316405,65.5249998664856,-24.627970496948357,-20.36163091027676,-27.27925281227801,-13.566548046503895,-29.210343304612117,0
HK.02697,71,278.0,280.0,-0.7142857142857143,0.7737464195835667,176679.65,49116942.699999996,13.34511649456092,506.17199951171875,,-5.1194539249146755,-27.110643825691337,,-30.5,,0
HK.02698,225,26.0,25.760000228881836,0.931676121839001,1.806329075497077,824537.75,21437981.5,4.355928924193379,30.736049880981444,29.23590863227844,-13.333333333333334,-1.905622497040399,-17.10942811687888,-13.142107958118038,,1
HK.02699,493,5.599999904632568,5.550000190734863,0.9008957149438354,1.9332843821225225,777187.65,4352250.76588161,5.026546752576897,5.586599988937378,5.950910274982452,1.8181800842285156,11.999998092651367,-13.846155313345102,6.666664850144159,-94.4139651824114,3
HK.02700,493,0.6000000238418579,0.6000000238418579,0.0,0.44052135702604034,45400.75,27240.45108243823,1.0544871772828688,0.5764000070095062,0.5801000007987023,2.56411040166298,3.448282949422888,3.448282949422888,9.090911061310528,29.03226219942035,0
HK.02701,136,7.005000114440918,7.494999885559082,-6.537688840559776,1.2798565416142007,2047190.0,14340566.184282303,4.572649212905136,8.53379994392395,,-17.588233947753906,-46.444952941130154,-46.444952941130154,-37.733332316080734,,0
HK.02706,159,36.380001068115234,39.119998931884766,-7.004084710074711,0.40949904030430384,1170761.05,42592288.24950772,8.027537626611272,44.8517998123169,,-28.666664572323068,-15.355976138704452,-31.99999800352293,-60.712741179707095,,0
HK.02714,164,36.15999984741211,37.02000045776367,-2.3230702315434653,0.6227925755196247,1590337.5,57506603.757333755,3.0779076282341506,35.7507999420166,,-8.269909875595575,16.419834092598524,-5.82459944944044,-9.636238061804782,,0
HK.02715,146,13.010000228881836,13.800000190734863,-5.72463732560977,1.0972148472629772,1888627.45,24571043.55677252,4.03258285950302,16.27179992675781,,-14.632543147818645,-32.485729528666155,7.609595241378201,0.85271793491801,,0
HK.02718,230,31.799999237060547,37.13999938964844,-14.378029726290844,2.2606168725150395,1402930.3,44613182.46964913,7.330836769917928,43.22220001220703,175.15455001831054,-33.44495594495594,-80.18691636320216,-84.04415516802469,-84.10000038146973,,0
HK.02720,162,22.100000381469727,23.020000457763672,-3.99652501302913,1.994609164420485,37450.0,827645.0142860413,3.784659244422165,24.9788000869751,,-19.98551879087083,16.315791481419613,-12.37113012224653,-10.815174458893752,,0
HK.02722,493,1.5750000476837158,1.625,-3.0769201425405646,1.3840080251141482,4911662.7,7735868.986706329,3.3403671119463603,1.851500015258789,2.3278541934490202,-14.864863384544998,-25.35544426592554,-33.436422792735875,-14.518352302536936,-6.652993919683069,0
HK.02723,94,584.0,735.5,-20.598232494901428,0.9596371512202195,177352.8,103574035.19999999,15.293138428946124,628.1019989013672,,-15.85014409221902,31.82844243792325,,187.6847290640394,,0
HK.02726,131,85.69999694824219,93.0,-7.849465647051411,0.4869747066060863,263420.95,22575174.611103058,9.520823331190469,98.49899993896484,,-17.990433542351976,-11.007274940394861,-16.79611946772603,-16.79611946772603,,0
HK.02727,493,2.7950000762939453,2.869999885559082,-2.613233876506814,0.9892039895248907,11413122.8,31899679.09675217,3.245823000826318,3.0356999969482423,3.8031014573574065,-9.838704442630412,-16.31736083475058,-28.391927492541612,-32.03301585475769,-26.90009050908006,0
HK.02728,492,0.36000001430511475,0.3799999952316284,-5.2631529414422,0.12028731484345465,278000.0,100080.0039768219,3.9018528174470886,0.38000000298023223,0.4593999968469143,-5.2631529414422,-21.739128744669838,-33.33333333333333,-27.99999713897705,-47.05882198257844,0
HK.02729,135,19.3799991607666,22.139999389648438,-12.466126038703845,0.36193325717163305,931151.25,18045710.443546772,13.978131439325168,32.29080005645752,,-46.226418788971245,-34.747479249396044,-33.26446780377219,-36.872968471838526,,0
HK.02738,493,0.1550000011920929,0.16200000047683716,-4.320987200086537,0.04101748370242816,3229500.0,500572.503849864,16.330235195787754,0.10732000060379505,0.15552500102669,-37.49999849786679,287.50001164153247,-25.837322245728984,-46.551722188908705,-48.33333498901784,0
HK.02768,166,39.7400016784668,40.779998779296875,-2.5502627071143076,1.100350562177733,787647.6,31301116.946040343,6.580030863905943,37.71199981689453,,8.519942210772342,-27.01560859202924,6.232900802038999,48.00126043119761,,0
HK.02772,493,0.03400000184774399,0.03400000184774399,0.0,0.06942253520803802,6276570.05,213403.39329749456,8.200319649474078,0.03549999982118607,0.04482000004500151,-10.526308049950654,9.677427107784306,-17.073168515591792,-44.26229267920005,-55.844153205225275,0
HK.02777,493,0.2199999988079071,0.21299999952316284,3.2863846480821435,4.4626460779580475,4333148.25,953292.6098344848,9.69434228390638,0.17487999990582467,0.35432999704033136,66.66666666666666,0.9174330739619837,-45.000001117587075,-57.69230636971937,-67.16418010032262,3
HK.02779,493,0.3499999940395355,0.33000001311302185,6.06060003993511,0.21680216802168023,259350.0,90772.49845415354,6.193514141746511,0.3291000020503998,0.43920000076293947,6.06060003993511,12.903223015391266,-39.65517170505771,-37.50000133046081,-48.52941318263643,1
HK.02788,215,14.710000038146973,14.859999656677246,-1.0094187213717198,0.4241601157823139,4269336.85,62801945.22636227,4.524199438319026,16.495200004577637,20.703234004974366,-19.264541204646687,-6.30573110283689,-49.558515485510334,-26.012584892526387,,0
HK.02789,493,0.1720000058412552,0.1720000058412552,0.0,2.6870007262164126,289300.0,49759.601689875126,3.521653418150425,0.18897999972105026,0.1709826146811247,-3.370784917815075,2.9940181205263054,-8.42777299574377,26.91589233080108,33.144894348975974,0
HK.02797,65,94.1500015258789,102.0,-7.696076935412837,3.9344262295081966,25100.0,2363165.0382995605,8.86451474840019,89.71300018310546,,0.5876101076111444,,,348.33334059942337,,0
HK.02798,493,0.8149999976158142,0.8799999952316284,-7.386363405457212,1.2313653378866487,306403.2,249718.60726947786,3.9198022598714815,0.8504999983310699,0.9733249941468238,-1.8072272284938358,14.788735527718973,-15.979384167286268,-29.741377494210386,-0.6097555213709185,0
HK.02799,493,0.6100000143051147,0.6050000190734863,0.8264454667762735,0.9794721103617852,28021090.55,17092865.636344917,3.136301925080618,0.6181999969482422,0.7095000007748604,-4.687495634425334,7.017547712211622,-23.74999934807421,-28.235294447638164,-36.458330422950226,1
HK.02858,493,1.0,1.0,0.0,1.0194772140991026,21276121.1,21276121.1,3.629827488353333,1.1876999974250793,1.7713750118017197,-13.793100967701989,-34.640521653627665,-50.076807584918626,-57.682291706078104,-60.60605918299282,0
HK.02863,493,0.7950000166893005,0.7950000166893005,0.0,0.06432591798445457,163900.0,130300.50273537636,2.3744364017132438,0.7980999982357025,0.551175000667572,1.2738840928875717,-6.470588895276324,127.14286577944867,144.61539872299335,133.82353186091746,0
HK.02865,353,11.100000381469727,11.199999809265137,-0.8928520490927705,0.8781481471512721,1936232.4,21492180.378614042,5.17868023440468,14.491200065612793,25.87079999446869,-19.155129267675346,-40.863078791889265,-59.753443030546,-49.54545281150124,-42.427385963952496,0
HK.02866,493,0.875,0.8600000143051147,1.7441843541136839,0.9122934753510046,6010671.4,5259337.475000001,2.2540076389339356,0.8924309456348419,0.9900040993094444,-6.778364495767769,4.2699272422109535,-20.89867336661322,-14.245300598703054,-18.79864108901389,1
HK.02869,493,4.175000190734863,4.050000190734863,3.086419607731402,0.9617972084499552,2738196.6,11431971.327269554,2.3851854186212225,4.205100021362305,4.190330296754837,-2.453271353418649,3.8557266304420668,3.7310237580215637,-0.240659051683474,-9.235351523423319,1
HK.02877,493,7.340000152587891,7.375,-0.47457420219809326,1.294248030766236,2288935.3,16800785.451263808,3.0591018825280196,6.738282070159912,6.7592199778556825,0.4135239662814103,21.31682432317409,9.699599003537902,15.06951185280344,21.140665289713105,0
HK.02878,493,0.21899999678134918,0.2240000069141388,-2.2321473118106465,1.4679735582402553,921800.0,201874.19703304768,3.3758133754095585,0.2522400006651878,0.3538600004464388,-12.048193347894182,-30.476190971769533,-38.309858197187786,-50.22727318908557,-60.89285788411388,0
HK.02880,493,0.6549999713897705,0.6499999761581421,0.7692300638503318,1.926067111400913,1490030.0,975969.6073698997,1.7278954406013414,0.6807000052928924,0.7705739405751229,-3.6764758087977683,-3.6764758087977683,-20.887317221017952,-12.875906862459448,-24.364794970407218,2
HK.02881,492,9.600000381469727,9.545000076293945,0.5762211077648971,0.0,6300.0,60480.00240325928,1.2858960811407039,10.15859998703003,8.224908120632172,-8.30945428243023,-12.727269259366123,35.679919646046876,88.35867060486675,87.64787667617644,1
HK.02882,493,0.35499998927116394,0.3799999952316284,-6.578949019519266,1.8545091140508585,22579.15,8015.598007752002,0.6856932800354733,0.4040999990701675,0.47112499609589575,-11.250004004687012,-6.578949019519266,-30.392157664806845,-29.000002145767212,-48.55072601481012,0
HK.02883,493,7.75,7.340000152587891,5.585828867694972,0.9495467570112766,15767631.5,122199144.125,3.9436235165120475,7.345200004577637,7.86165766954422,0.8458042642086151,17.96042309752684,-13.513163745374984,12.662072453408587,21.654681660106856,1
HK.02885,493,0.9200000166893005,0.9200000166893005,0.0,0.13344453711426188,171300.0,157596.00285887718,1.4635856104011167,0.8661231613159179,0.7906449148058892,5.747127775503971,15.471003048845718,18.425113395499903,33.22825001445784,57.124229726750094,0
HK.02886,493,1.149999976158142,1.184999942779541,-2.95358382375132,0.3164832382564938,167144.6,192216.2860149622,1.2280883891261405,1.119800000190735,1.074804748594761,-2.95358382375132,7.47662801723432,13.476548738199792,6.628830186476953,10.437007488662257,0
HK.02888,493,218.0,230.0,-5.217391304347826,4.8756750859355655,836301.25,182313672.5,2.170001546243687,236.1115237426758,205.1995140838623,-10.140150653178049,-1.2713990835356368,37.05416272752869,14.038616774367402,49.175251617796555,0
HK.02889,251,55.099998474121094,52.0,5.96153552715595,2.784961984253927,623959.45,34380164.74291343,10.979299547250303,122.15299987792969,167.39774990081787,-49.72627806456459,-54.08333460489909,-45.391479047709424,-75.51111178927951,,1
HK.02892,492,0.6100000143051147,0.6100000143051147,0.0,1.8181818181818181,1200.0,732.0000171661377,0.040983566511258146,0.6154000091552735,0.5492500041425228,-0.8130073421291051,-1.6129016752173695,54.43037917380571,82.0895519732473,58.441566081890905,0
HK.02898,492,6.389999866485596,6.389999866485596,0.0,,0.0,0.0,0.0,6.389999866485596,6.451399903297425,0.0,0.0,0.0,-3.7650603166701484,-19.521412840864247,0
HK.02899,493,31.280000686645508,32.36000061035156,-3.3374533477622252,1.2189074144441865,34042087.05,1064836506.298846,2.8629921709730533,34.912399978637694,35.15574178695679,-16.80850543604528,6.723739213891183,-5.946747085820768,-12.87216552266992,5.941490777737733,0
HK.02913,25,0.7200000286102295,0.7099999785423279,1.4084577986089954,0.25391451544646637,11865.0,8542.800339460373,2.896537627810918,,,20.0,,,12.500006984919466,,2
HK.02920,16,1.6749999523162842,1.6799999475479126,-0.2976187730795046,,,,,,,,,,-20.23809388651593,,0
HK.02921,19,5.940000057220459,5.920000076293945,0.33783751129669093,,,,,,,,,,4.947000306658534,,2
HK.02922,18,3.575000047683716,3.6500000953674316,-2.054795773263284,,,,,,,,,,24.131941167568847,,0
HK.02923,18,0.6650000214576721,0.7350000143051147,-9.52380836531305,,,,,,,,,,-92.77173874734254,,0
HK.02925,16,0.38999998569488525,0.38999998569488525,0.0,,,,,,,,,,-22.00000286102295,,0
HK.02934,2,1.0950000286102295,1.4550000429153442,-24.74226829463128,,,,,,,,,,-24.74226829463128,,0
HK.02936,4,5.289999961853027,5.0,5.799999237060547,,,,,,,,,,5.799999237060547,,1
HK.03200,164,87.0,96.4000015258789,-9.751038772914795,1.8066976243557793,1085999.35,94481943.45,6.35189163439401,103.4670002746582,,-18.69158878504673,-34.733684915056166,-15.859401459347744,-20.525380377576198,,0
HK.03223,32,80.55000305175781,88.0,-8.465905623002486,1.403792898823064,339267.0,27327957.885360718,4.961358070390267,,,-19.409699338490636,,,-19.449996948242188,,0
HK.03228,7,75.0,79.80000305175781,-6.015041188212185,,,,,,,,,,-2.6606138488803657,,0
HK.03231,21,35.20000076293945,35.58000183105469,-1.0680186862260488,0.22008514334511264,365606.45,12869347.318935586,8.594954625177788,,,-4.034895119745925,,,-4.034895119745925,,0
HK.03268,145,16.18000030517578,18.049999237060547,-10.360105323690286,1.158575166304701,465750.0,7535835.14213562,5.001288379458587,18.617999992370606,,-21.07316924304497,-7.01162297163623,-27.762804611678387,-44.429129974171246,,0
HK.03277,120,65.0,71.5999984741211,-9.217875160299869,2.626241526756177,1116613.5,72579877.5,7.832393639693041,75.82399955749511,,-20.049203493117687,-24.242426936990274,,-6.857369881308655,,0
HK.03288,323,26.34000015258789,25.34000015258789,3.9463298894174366,1.3169623228364642,2485392.2,65465230.92724076,2.1535518768672195,29.234400062561036,31.59366123199463,-5.659025499242697,-12.316912949982514,-26.523745184982133,-15.594710985412895,-16.26663594567842,3
HK.03296,116,58.95000076293945,63.0,-6.428570217556423,2.8175969533119263,698322.05,41166085.38027745,4.363683546530253,71.23699989318848,,-20.819337569722627,-14.379081961639825,,-4.961975599710631,,0
HK.03300,493,0.3199999928474426,0.3149999976158142,1.5873000855468575,0.27058823529411763,1485900.0,475487.989372015,5.146341192798315,0.3367000013589859,0.4471749997138977,3.225803350434739,-17.948716773083888,-31.914894966153124,-41.81818437970369,20.75472080058264,1
HK.03301,493,0.0820000022649765,0.09300000220537186,-11.827956644671966,1.9055053804765565,2242375.0,183874.75507892668,14.567288276096424,0.08309999980032444,0.10020500002428889,7.894743291707789,54.71698723258653,-23.364484419478266,-38.345863566538,-60.57692280138386,0
HK.03302,493,0.3700000047683716,0.3700000047683716,0.0,1.4502065167508031,221000.0,81770.00105381012,3.327319592894856,0.32810000240802767,0.3565000006556511,21.31147412836026,8.82352966957026,4.225356605785697,2.7777750183035925,8.82352966957026,0
HK.03303,493,0.3499999940395355,0.35499998927116394,-1.408449403588351,0.07504004089682229,82509.75,28878.412008203566,1.5573114507857846,0.4068999981880188,0.476414937376976,-12.500002793967683,-27.83505490386447,-21.348314681990463,-31.372548905027593,-33.962261710738865,0
HK.03306,493,22.079999923706055,21.760000228881836,1.4705868173635692,0.8353845822208191,2603000.55,57474251.94540682,3.3948121923066026,19.385486946105956,18.65034254550934,22.292810273024585,29.149122362720448,12.05408008440636,27.227683707467786,39.72988941736961,4
HK.03308,50,999.5,1071.0,-6.6760037348272645,1.3320809529819784,1410498.2,1409792950.8999999,6.1906430750856725,1099.2366040039062,,-14.791133844842285,,,4.2598438401484815,,0
HK.03309,493,0.7749999761581421,0.7900000214576721,-1.8987398597600829,1.616007017589693,504182.35,390741.309229356,3.8039629584404224,0.848199999332428,1.1571439599990845,-6.6265070190933795,-22.50000238418579,-38.045060002557804,-52.98713656020677,-57.48836682526752,0
HK.03310,94,24.940000534057617,25.81999969482422,-3.4082074793478903,0.32636631320953824,1339592.0,33409425.19541931,7.360208231148102,27.009199867248537,,-6.5917609685044605,-19.183408811431335,,-37.4937353877501,,0
HK.03311,493,8.65999984741211,8.664999961853027,-0.05770472548102221,1.0087712506534754,6979403.5,60441633.24502754,2.628604175546328,8.155102529525756,8.202294456958771,4.883370879125956,20.819460241513372,11.056153773573772,0.8509841965472186,-5.865622695082514,0
HK.03313,493,0.675000011920929,0.6949999928474426,-2.8776951269557505,0.20665560198131058,388102.5,261969.19212654233,1.5330465322190368,0.707400004863739,1.0321500024199486,0.0,-6.25000206960564,-42.30768917266814,-57.81249988358468,-57.54716995278187,0
HK.03315,493,0.5899999737739563,0.5899999737739563,0.0,3.2119764827461,148192.6,87433.6301134944,2.024435431249616,0.6239000010490418,0.712615247964859,-5.600004196166992,-13.235298887049812,-23.052166420605,-24.88425936465585,-37.527504527707244,0
HK.03316,493,20.81999969482422,21.100000381469727,-1.3270174482622652,0.6567411192182153,227525.5,4737080.840564728,2.070958385590027,21.938800048828124,22.302647590637207,-2.801122219106629,-5.791858210639466,-5.413881574768707,-8.28496361453335,-7.896676849577967,0
HK.03317,191,84.55000305175781,90.1500015258789,-6.211867309301742,1.072790131324478,1084506.25,91695006.74715042,6.348166245047249,115.82600036621093,,-24.977812474486885,-22.92615733467199,-58.594513067897644,73.25820568363324,,0
HK.03318,493,3.0,3.059999942779541,-1.960782480441495,0.5939233624682089,745081.1,2235243.3,5.154783781400172,2.8781999921798707,2.0927000045776367,-2.1207196087103912,13.207543095731083,87.49999720603232,66.66667108182565,52.28426174777275,0
HK.03319,493,1.6549999713897705,1.649999976158142,0.30303001841675176,0.2699554650174615,2875367.25,4758732.716485083,3.6304571296853836,1.7332999992370606,1.973965541124344,-0.30120453808230596,-4.335262824094223,-0.8770889542910603,-25.87330346796952,-38.09576679913311,1
HK.03320,493,4.340000152587891,4.289999961853027,1.1655056218990303,0.8210026780007043,7382037.05,32038041.923409462,1.9554277662820423,4.490339241027832,4.590031852722168,-0.559074146729349,-1.9859242688013659,-19.725457614741043,1.455614589854305,-3.2632461895775253,1
HK.03321,493,0.9449999928474426,0.9399999976158142,0.5319143876925793,0.31492033499650635,1213162.5,1146438.5538227856,8.665886622897325,1.048600014448166,0.8554750010371208,-5.0251268021419335,-26.171873908606337,105.43477732709326,114.77272681091442,85.29411970950332,1
HK.03322,492,0.20900000631809235,0.20900000631809235,0.0,0.0,108800.0,22739.200687408447,4.01057762530856,0.19695999950170517,0.20575999990105628,10.00000470562991,16.759776722339012,0.4807701951564923,-4.999996613372438,5.555559318475069,0
HK.03323,493,3.065000057220459,3.1449999809265137,-2.5437177803252893,0.9087026264351963,35310619.45,108227050.63473986,3.8665313028743062,3.5750000047683717,4.716207469701767,-11.416184293976444,-30.182228919425054,-35.787170642782534,-38.28572213126157,-39.808086961122484,0
HK.03328,493,8.350000381469727,8.204999923706055,1.7672207082505091,0.93932551327321,31977762.75,267014331.1610484,1.9317207431767132,7.808300008773804,7.0494922614097595,5.8301713912325654,21.190138509085894,22.478960930394763,31.06742451442753,33.927385974626695,1
HK.03329,493,0.38999998569488525,0.38999998569488525,0.0,0.26804994444907143,1597500.9,623025.3281475663,3.693273334271261,0.4727999985218048,0.4537000001966953,-16.129035979478314,-50.0,13.04347450506333,9.8591542201391,-26.41509306647245,0
HK.03330,493,18.43000030517578,19.200000762939453,-4.010418891492728,1.0421149544582289,14233797.05,262328883.97531015,5.458827390573291,22.007200088500976,21.128840532302856,-23.716885672290662,21.011167820886058,-32.02638600495819,-2.0719030503906737,5.650421300417271,0
HK.03332,493,0.210999995470047,0.20800000429153442,1.44230342144982,0.027567195037904894,72500.0,15297.499671578407,2.777466935423317,0.16140000015497208,0.26665999919176103,40.666658057107206,54.01460139827281,-44.47368470585578,-44.47368470585578,-43.7333345413208,1
HK.03336,493,2.255000114440918,2.390000104904175,-5.648534917895728,0.9845672983004493,955800.0,2155329.1093826294,4.580002290131238,2.6442999982833864,2.7994750171899794,-8.519261948906074,-24.83332951863607,7.894746748694829,11.633670085809445,92.73505958579763,0
HK.03337,493,0.7799999713897705,0.800000011920929,-2.5000050291418283,0.6769949564942714,3435220.1,2679471.579717565,3.8608192563631722,0.8216999995708466,0.9252417635917664,-18.750001164153243,0.0,-23.8770046943441,1.8145089605087805,-39.21521831928316,0
HK.03339,493,3.0999999046325684,3.140000104904175,-1.273891685835697,0.7235969982201538,5250805.65,16277497.014244152,2.7924946148623135,3.2320000028610227,2.986209625005722,-12.921349593837872,9.540635625633957,9.833033177116945,12.43043971061121,13.195268106065408,0
HK.03347,493,44.220001220703125,45.36000061035156,-2.5132261338380126,0.8571182229497694,1242537.35,54945003.13376923,5.022606305560096,41.97040023803711,41.304861812591554,2.455980947726008,27.951387336684657,8.675173486875973,4.680521895976783,-0.5230346254603015,0
HK.03348,493,1.100000023841858,1.1299999952316284,-2.6548647359614446,9.333333333333334,28600.0,31460.000681877136,1.9315472009523924,1.3322000050544738,1.2603891777992249,-19.11764615650409,-19.11764615650409,-1.659228338607145,-6.417655830212306,1.791323720773023,0
HK.03355,136,35.20000076293945,37.52000045776367,-6.183367981127416,0.9509430659489738,561085.0,19750192.428073883,6.613897468509237,39.03400016784668,,-16.11057785755469,4.824296734810167,-17.36129681808355,-24.29454006532638,,0
HK.03360,493,6.179999828338623,6.300000190734863,-1.9047675994156248,1.6524699288687374,6329498.3,39116298.40746961,2.5152950740871383,6.578606195449829,6.702376012802124,-5.456115699477005,11.17508533240027,-4.591538104164135,-16.174293115889935,-1.9374252920109154,0
HK.03363,492,0.33500000834465027,0.33500000834465027,0.0,0.0,500.0,167.50000417232513,0.0,0.34910000681877135,0.3282320158183575,-6.944445824181537,3.0769294253470134,5.452019513351989,-3.3356480237345347,-11.90083849399472,0
HK.03366,492,0.20100000500679016,0.20000000298023224,0.5000010058283656,0.0,24000.0,4824.000120162964,0.46497089627770855,0.20641999959945678,0.2539549995213747,2.03046099957596,-14.102561000196518,-36.19047411805466,-33.00000099341071,-12.987013154564128,1
HK.03368,493,0.13099999725818634,0.12300000339746475,6.504059869714183,0.2834061713680307,181600.0,23789.59950208664,4.689326422619778,0.1439800001680851,0.15680000003427266,-2.2388104514517955,-18.124999883584675,-14.379085158287344,-25.142857434798266,-8.391614585547668,1
HK.03369,493,2.424999952316284,2.315000057220459,4.751615221465622,2.8495799286454138,440775.0,1068879.3539822102,2.0718534007064413,2.3645999956130983,2.3669200801849364,-1.2219947992700022,10.066262545900228,6.412604226671524,-5.715303271612337,-8.080863855902075,2
HK.03377,493,0.03500000014901161,0.039000000804662704,-10.25641172595275,2.157854002375693,32282240.8,1129878.4328104288,8.860966567591941,0.04440000005066395,0.06839000007137656,-22.22222498169641,-31.372547444129413,-54.545454105632786,-64.64646430438106,-77.98742051425127,0
HK.03378,194,28.559999465942383,28.899999618530273,-1.1764711317500756,0.5683836589698046,10017.5,286099.7946500778,5.121403813482865,29.171999855041506,,0.9900946693721161,-0.970876162150029,-7.512952583793478,67.4091463071728,,0
HK.03380,493,1.215000033378601,1.274999976158142,-4.705877953059588,1.104606378061932,4654700.0,5655460.655367374,4.4116805393294305,1.339599997997284,1.3827499943971633,-9.328357976591388,-11.956519016170914,-5.078120270627445,-31.741570061376713,7.522127301385455,0
HK.03382,493,0.6100000143051147,0.6150000095367432,-0.8130073421291051,1.2666801384326474,1130256.75,689456.6336684525,1.423191759696678,0.6146000099182128,0.6330753394961357,-3.9370041785203256,1.6666650109821552,-4.193491644349639,-2.7635531329557863,-6.93082020557771,0
HK.03383,493,0.16500000655651093,0.1589999943971634,3.773592686022495,2.8592968413643147,4461039.05,736071.4724988512,8.101318775472304,0.1606399993598461,0.21890000004321336,3.1250064028428435,10.0,-32.65305985911895,-39.99999891627921,-59.25925776028558,4
HK.03388,92,25.600000381469727,27.760000228881836,-7.780979213266792,1.0026098920282547,1104861.5,28284454.821471214,7.342189904399464,24.107600059509277,,16.363638097589668,28.385153940917917,,12.28070718466465,,0
HK.03389,493,0.3499999940395355,0.3700000047683716,-5.405408235428679,0.8624612772313435,6027416.4,2109595.704073799,6.813041507144921,0.31249999612569807,0.22915499836206435,6.06060003993511,20.689656589884578,92.30769293749626,151.79855945434736,173.43748235580364,0
HK.03390,492,0.24799999594688416,0.24699999392032623,0.4048591300291646,0.0,16600.0,4116.799932718277,0.8245082371726876,0.24681999891996384,0.268369999229908,-0.8000016212463379,4.641346974413575,-6.415090817240452,-14.482757557586567,-22.499999534338702,1
HK.03393,493,12.210000038146973,12.720000267028809,-4.009435677480249,1.0157850346725803,3023137.25,36912505.937823534,4.015018337953597,15.627400054931641,21.449550619125365,-18.05368892115878,-39.91141623266349,-57.5545841307595,-30.78422623037886,4.491989616674564,0
HK.03395,493,0.22499999403953552,0.20200000703334808,11.386131784832255,1.206896551724138,34100.0,7672.499796748161,3.639436828699832,0.2124599999189377,0.2642449986934662,21.621616832351467,-3.846155315696387,-22.413792926264428,-19.642859613712943,-38.356167627199575,1
HK.03396,493,22.020000457763672,24.440000534057617,-9.901800423128584,1.2517646677482996,12073729.4,265863526.9149147,6.588983959491005,19.47199996948242,12.845302336215973,16.01686506241693,60.14545787464488,176.92254552471755,147.87043379712335,106.98221198460725,0
HK.03398,493,0.0860000029206276,0.08399999886751175,2.380957238190364,0.023228803716608595,213000.0,18318.000622093678,13.633584791748026,0.08153999976813793,0.08397500006482005,38.70968439700588,-27.731091647774125,56.363642521141024,45.762715931083896,-18.86792081494733,2
HK.03399,493,1.2000000476837158,1.2100000381469727,-0.8264454667762735,0.7098121085594989,91600.0,109920.00436782837,1.5197048866903728,1.2718000102043152,1.3824468874931335,-5.5118058499284555,-9.774435416307956,-10.198441022533778,-22.099848685503193,-28.15874897265954,0
HK.03600,493,7.409999847412109,7.849999904632568,-5.60509633841905,1.5370332029689815,317903.4,2355664.145491791,3.687949867965506,7.789241666793823,6.296927676200867,-3.200527180682782,9.054763963629641,22.32949346827768,44.19845997983435,49.19955439536284,0
HK.03601,493,0.5249999761581421,0.550000011920929,-4.545460949259217,4.132397191574724,58100.0,30502.498614788055,1.924642527846552,0.6342000019550323,0.7903999975323677,-13.934432156333795,-30.000003178914387,-38.235298655024735,-41.666667770456414,-53.12500232830642,0
HK.03603,493,0.07800000160932541,0.08399999886751175,-7.142853975093241,0.9064609450337512,160050.0,12483.900257572532,3.472907867032973,0.07672000035643578,0.07032000005245209,-8.235293189547063,-13.333334989017844,47.16981609506772,56.00000089406966,90.24390110935508,0
HK.03606,493,53.04999923706055,54.849998474121094,-3.2816760020691866,1.1617576854196232,2620747.95,139030676.748028,2.4204728301123324,54.909542083740234,57.2677952003479,-2.564397370121201,4.583390895261006,-3.782504110958768,-17.843967127990478,-25.99819437952469,0
HK.03613,493,5.559999942779541,5.465000152587891,1.7383309705245715,0.8412158513827064,1562266.9,8686203.87460637,2.388735761465708,6.103099985122681,7.082859003543854,-7.023412624654443,-15.372910235806492,-22.543547546993516,-29.911578034719604,-33.09380758097256,1
HK.03616,493,0.22300000488758087,0.23000000417232513,-3.043477894678465,0.5767599660729432,353800.0,78897.40172922611,8.188705974723115,0.21616000086069107,0.22646000027656554,9.8522223174037,1.3636391345134602,2.293582684904959,-10.799998044967651,-50.44444204554139,0
HK.03618,493,6.309999942779541,6.264999866485596,0.7182773703583251,1.1967207885418993,10139131.5,63977919.18483424,2.63631172053004,6.366099967956543,6.259176166057586,-0.8640978839966402,1.6103044125327852,-5.620977729723407,7.609686948631674,9.906760932845811,1
HK.03623,492,0.5899999737739563,0.5899999737739563,0.0,0.0,3200.0,1887.9999160766602,0.04385960784535167,0.605,0.720425002425909,-1.666674945089223,25.531909632002826,-20.270274841846327,-46.846849894564215,-55.97015230765604,0
HK.03625,130,52.5,61.20000076293945,-14.215687343925435,0.34061712548145484,600464.25,31524373.125,16.096390215921755,79.74300025939941,,-13.934426229508196,-38.27160715320523,,-34.375,,0
HK.03626,493,2.009999990463257,2.2249999046325684,-9.66291790492531,0.45863309352517984,218700.0,439586.99791431427,6.487785515987131,1.8597000074386596,2.1523749947547914,1.0050241623450802,16.18496926605391,-7.373275585498877,-37.57764060235787,-80.25540343607534,0
HK.03628,493,0.20999999344348907,0.2070000022649765,1.44927108487291,2.7970897332255458,282000.0,59219.99815106392,1.5412569896404968,0.20810000121593475,0.20252500019967556,1.44927108487291,3.9603891740559583,13.513508506549263,4.999995157122685,0.9615332262933276,2
HK.03633,493,2.674999952316284,2.6449999809265137,1.134214427451975,0.6309625491243394,1409764.9,3771121.040277171,3.2653882113699537,2.5936999988555907,2.6875318479537964,-4.293385356066836,0.18726126889400213,0.9740511906055069,-1.9527286817396996,-17.747574583522322,2
HK.03636,184,15.800000190734863,16.729999542236328,-5.5588725460129345,1.9780336393059903,184800.0,2919840.0352478027,5.429994296624158,16.677999877929686,,-16.578670827788276,20.795109196438975,-26.61263709272397,-57.404263404254664,,0
HK.03638,493,2.484999895095825,2.5,-0.6000041961669922,0.22237046920169,41620.0,103425.69563388824,8.635106657493157,4.411500024795532,8.736075010299682,-24.23780741550115,-68.93750131130219,-72.5717463575906,-82.12230242234655,-85.45933368690153,0
HK.03639,493,0.03999999910593033,0.04500000178813934,-11.111116630059483,0.7953983732530445,2149500.0,85979.99807819724,10.884061337659459,0.03400000013411045,0.041560000237077475,-13.043480373510564,33.33333333333333,-9.090910630285256,-24.52830268251129,-45.9459478507693,0
HK.03650,493,1.3250000476837158,1.4249999523162842,-7.017537402020417,0.3719929684504312,588413.45,779647.8493077396,7.220212453727218,1.6004999923706054,2.651675003170967,-7.665498221746233,-35.0490160558554,-54.467353656263505,-63.29639650450615,-76.79509564217607,0
HK.03658,493,1.7000000476837158,1.7000000476837158,0.0,1.0335195530726258,34300.0,58310.00163555145,1.1495404906505646,1.7489999985694886,1.8356434220075608,1.4925430495003955,-5.555550404536735,-7.312184552084922,-7.312184552084922,-12.334681225019798,0
HK.03660,493,24.579999923706055,25.360000610351562,-3.0757124127478273,1.2729683652206858,26920.0,661693.597946167,2.1681713143553525,38.705585975646976,53.43991545677185,-26.975638635970327,-57.23293731125344,-51.0525469389665,-67.26115938032004,-79.15125053031898,0
HK.03661,73,72.44999694824219,82.6500015258789,-12.341203132879496,3.9505370255557506,322239.3,23346236.301603697,6.116840115879378,91.23300048828125,,-18.59550904691889,-36.22359337905552,,-42.17877479355273,,0
HK.03662,493,0.3700000047683716,0.375,-1.3333320617675781,0.09619246950381599,926870.0,342941.90441966057,5.197032454223126,0.34744016885757445,0.3523609361052513,-0.26646187313779945,-0.26646187313779945,26.32913746917614,-12.876455083634852,-20.21317206229048,0
HK.03666,492,0.024000000208616257,0.024000000208616257,0.0,,0.0,0.0,0.0,0.024000000208616257,0.02746000005863607,0.0,0.0,-19.99999751647308,-41.4634157422041,-33.33332988399032,0
HK.03668,493,31.81999969482422,31.739999771118164,0.2520476505448834,0.4790828635939316,852400.4,27123380.46786804,2.7521859869922434,32.69168922424316,34.020524444580076,-12.774122549033448,8.745726933491097,-32.73365746850069,22.694115260737178,16.26940045533873,4
HK.03669,493,0.7549999952316284,0.7699999809265137,-1.9480501384995235,0.8701173902731337,3034485.35,2291036.4247804466,5.13166590731318,0.8176999950408935,1.1236749973893165,-6.790124319835579,-0.657894117680275,-46.4538997798179,-55.8479544801778,-60.88082819945851,0
HK.03677,367,4.440000057220459,4.380000114440918,1.3698616715036243,1.9314762942213923,1145420.0,5085664.865541458,5.030637978273409,4.956999959945679,7.079249982833862,-3.3732261163982904,-18.532106190676426,-47.26840834929398,-47.20570585281619,-60.638296433266426,1
HK.03678,493,2.009999990463257,1.9950000047683716,0.7518789804026501,1.3887307911212294,2538200.0,5101781.9757938385,2.841184051550022,2.202800009250641,2.70275965988636,-11.45374416951036,-10.082380700823103,-32.41091350501229,-38.77948949207363,-48.87932057477718,1
HK.03680,493,2.440000057220459,2.4700000286102295,-1.2145737264080234,1.024585947947742,937800.0,2288232.0536613464,3.632584309314788,2.399400010108948,2.066550003886223,1.2448120465286208,21.39303824862693,25.128205002804172,53.459119874085005,10.40724050241806,0
HK.03681,493,1.0700000524520874,1.0549999475479126,1.4218109620800314,2.553741120029523,701505.0,750610.3867954016,4.734672002487825,1.1489000129699707,1.3941750037670135,-4.464281437804522,-6.140345098349234,-37.79069565965914,-23.021578168061943,-39.2045421448867,5
HK.03683,492,0.03200000151991844,0.03200000151991844,0.0,0.0,2907500.0,93040.00441916287,8.296951431789275,0.036899999789893626,0.0596900004055351,-11.111103062644071,-41.81817873942949,-50.7692266251207,-57.333333002196426,-64.04494273852195,0
HK.03686,493,0.48500001430511475,0.4699999988079071,3.1914926670751487,2.1153846153846154,57500.0,27887.500822544098,0.41625466790159066,0.497200003862381,0.6141953030228615,2.1052674507500932,-14.912277124374922,-20.783524585296234,-27.892691045886743,-13.471230788650187,2
HK.03688,492,0.16500000655651093,0.16500000655651093,0.0,0.0,8150.0,1344.750053435564,2.278934565461732,0.20944000154733658,0.2865450013428926,-10.810808416175734,-31.2499957314381,-45.90163846324768,-55.40540420808787,-60.24096147608105,0
HK.03689,492,1.7799999713897705,1.7799999713897705,0.0,0.0,520.0,925.5999851226807,0.5952382557381357,1.8394999742507934,1.7407358467578888,-6.3157898039038525,16.339869586593085,-2.6975603102918666,15.405213395415673,7.878787703641079,0
HK.03690,493,69.4000015258789,70.1500015258789,-1.0691375391108422,1.0028465289503536,22061737.7,1531084630.0435402,2.4778238879381176,80.22800003051758,84.25924995422363,-10.79691670486267,-14.215080077991459,-17.577192350091,-33.652005221540186,-31.013913937849857,0
HK.03692,493,32.18000030517578,33.91999816894531,-5.129710960192642,1.3657193861605263,8753365.95,281683318.9423153,3.8451826158251405,33.64303279876709,34.45240878105164,-6.781625542281522,0.996248884252132,-1.3085130739580664,-10.408491392324914,-6.2940791541112375,0
HK.03696,191,48.2400016784668,53.0,-8.981128908553213,1.892921546735737,15777512.65,761107236.7180312,7.244219407601614,49.33480003356934,,-8.981128908553213,30.378382914775127,-17.81941899237015,28.36615042046935,,0
HK.03698,493,4.670000076293945,4.599999904632568,1.5217428937526971,1.8974868255684099,4037833.15,18856681.11856222,2.820755455310326,4.826300010681153,4.268075455427169,-4.693877848919501,3.318586194699153,8.401230990463853,52.49102118162674,55.341318043413466,2
HK.03699,493,0.5199999809265137,0.48829999566078186,6.491907750856001,1.0545129579982127,117800.0,61255.99775314331,2.310169420340192,0.433100089430809,0.38893726497888564,27.020469682180636,35.162812654421096,48.92650680050017,41.190068801446834,40.35424833678126,1
HK.03700,493,0.6650000214576721,0.6800000071525574,-2.2058802260453536,2.454522463283776,449206.0,298721.99963891506,5.205740812529837,0.8355000042915344,0.9236750021576882,-21.76470555236184,-46.79999828338623,9.016394403729805,-38.99082558773732,-48.04687216237647,0
HK.03708,492,0.2549999952316284,0.25999999046325684,-1.9230751596258298,2.4329619370839795,2365202.3,603126.5752218366,11.463200609069176,0.20753999829292297,0.24675499960780145,40.10989033482009,32.81249636202123,-3.7735815105932082,-31.08108325802206,15.909089369714744,0
HK.03709,493,4.355000019073486,4.360000133514404,-0.11468152036242248,1.00441663885245,320252.5,1394699.6436083317,5.524212681583948,4.879100036621094,5.848738107681275,-7.043755127780655,-13.7623791170638,-29.813742112775277,-39.63064766049266,-38.00998766389458,0
HK.03718,493,0.38999998569488525,0.38999998569488525,0.0,0.3625632377740304,450400.0,175655.99355697632,1.4399017309704105,0.3841364920139313,0.379560419768095,1.2987000923330156,2.094237284062865,4.52285501049204,8.49208086274822,7.135925743964008,0
HK.03728,493,0.0560000017285347,0.05700000002980232,-1.7543829837627665,0.6015037593984962,137000.0,7672.000236809254,1.08928574612175,0.05949999995529651,0.06131999986246228,-9.67741509071863,-6.666661699612825,-6.666661699612825,-9.67741509071863,-24.32432296373621,0
HK.03737,493,0.7599999904632568,0.7799999713897705,-2.5641002128344392,1.5609756097560976,425350.0,323265.9959435463,3.9016376972462954,0.7000999975204468,0.7345249983668327,7.042255412962399,11.764703304297399,-3.797472174628627,26.66666004392862,15.151509130844202,0
HK.03738,493,2.930000066757202,3.184999942779541,-8.006275686140238,1.5248648874382975,27807212.9,81475135.65333173,6.585038116913886,2.902599983215332,3.458499994277954,-12.797614338209964,19.59183713189267,-16.997164574943234,-31.860466586247526,-46.33699548926025,0
HK.03750,345,476.79998779296875,486.3999938964844,-1.9736854901274317,0.7845623464685436,2956503.55,1409660856.5498686,3.323338551947927,572.9076837158203,592.3916633605957,-15.160144520824065,-23.889427293074903,-23.417428287636074,-5.927731451476361,-8.764968529197661,0
HK.03752,65,52.5,47.939998626708984,9.511892999409653,2.8680935744530855,61165.25,3211175.625,7.373406435013117,57.8310001373291,,0.0,,,19.917774015166774,,1
HK.03757,7,419.79998779296875,443.79998779296875,-5.407841518732966,,,,,,,,,,1.3030873494253172,,0
HK.03759,493,31.260000228881836,32.15999984741211,-2.7985062898024102,1.5663485899423955,5212842.65,162953462.432125,4.896816435292339,29.28199993133545,22.194885983467103,8.768268885986942,54.59941291014718,73.03334925792292,59.42105209914404,22.91289108297408,0
HK.03768,492,0.33000001311302185,0.33000001311302185,0.0,0.0,17950.0,5923.500235378742,1.7237307585493116,0.4060999989509583,0.584349999576807,-15.384608918628043,-36.53845668897103,-49.23076535117683,-56.57894509816101,-52.85714018101591,0
HK.03773,493,2.4200000762939453,2.4200000762939453,0.0,1.0778443113772456,96500.0,233530.00736236572,1.9239467864584803,2.5097999954223633,2.1760999894142152,-2.2222153720360716,-7.279686836727023,35.19553786966202,47.56098154894592,47.56098154894592,0
HK.03774,493,25.799999237060547,28.739999771118164,-10.22964703365143,1.0212986767931693,860190.0,22192901.34372711,14.59506841779174,20.01679988861084,11.144299974441529,48.70316236197694,56.079843710497954,283.3580856454799,372.5274552528503,1189.9999618530273,0
HK.03778,492,2.880000114440918,2.880000114440918,0.0,0.0,1800.0,5184.000205993652,0.0,2.91340003490448,2.9527500116825105,1.0526389758675214,-3.9999961853027344,-6.493500461665078,-9.999997764825855,-5.57376526338179,0
HK.03788,493,3.015000104904175,3.2249999046325684,-6.511621889561554,1.3450544889168943,2045123.55,6166047.717791999,4.124817684105765,3.166599979400635,3.4514500033855438,-9.595200287331917,31.086963800491745,-23.670884341579338,-19.38502413860611,-27.349396732068428,0
HK.03789,493,0.24799999594688416,0.25999999046325684,-4.615382675588413,0.6410256410256411,353600.0,87692.79856681824,4.521105180459264,0.22849581271409988,0.15778720818459988,3.3333339542150635,31.556871379132435,153.90474901711633,243.1145207472158,309.5238229987283,0
HK.03798,493,1.3849999904632568,1.3849999904632568,0.0,0.7778998648398985,52620.5,72879.3919981718,3.6800374189769927,1.255,1.313899999856949,14.462805520591877,0.36231849629747176,6.538464712673507,3.3582056689353497,41.32652688850623,0
HK.03800,493,0.7200000286102295,0.7149999737739563,0.6993083943600166,1.4469361848864342,139908087.6,100733827.07480249,3.8777208735918034,0.7169000029563903,0.8798250040411949,-3.35570147625903,16.129035979478314,-19.10111908057222,-35.13513339358235,-42.85714015398434,1
HK.03808,493,34.65999984741211,35.7599983215332,-3.0760585172027812,0.8900820089152757,6507579.5,225552704.47702217,3.509355640505568,38.67125915527344,36.895576086044315,-20.24850304289261,-12.182858227568667,-10.760892144455624,31.124216445397796,62.52842397044051,0
HK.03813,493,0.36500000953674316,0.36500000953674316,0.0,0.9023070779929997,1236819.7,451439.2022952318,2.8106659270560765,0.3444254517555237,0.3711653217673302,3.3994404592630945,13.739382584680685,-0.7011518790528211,-14.433969454955802,-18.75548849987217,0
HK.03816,493,5.795000076293945,5.139999866485596,12.743195074364797,2.996715830549169,1979845.0,11473201.926050186,6.7337236138925975,3.459400005340576,2.228417603522539,39.30289155897329,218.40658842214523,134.61538498663745,1099.5481088671945,949.6045628837751,4
HK.03818,493,0.2800000011920929,0.2849999964237213,-1.754384313814067,0.1283259717065125,2590254.05,725271.1370878234,3.230095112051169,0.2797999966144562,0.37297499790787697,3.70370002440479,-6.666669978035689,-32.53011883801963,-37.078650406162126,-41.26058368664129,0
HK.03822,492,1.1299999952316284,1.149999976158142,-1.7391288122742863,0.34711587544665645,19330.0,21842.899907827377,1.4028377513532064,1.100000011920929,1.1148500019311904,5.60747101292574,9.70874044850008,-4.237284282951545,-5.833337472544612,23.59374878782547,0
HK.03828,493,0.7200000286102295,0.7149999737739563,0.6993083943600166,3.0136986301369864,69550.0,50076.00198984146,1.854056603831827,0.7167154932022095,0.7793371909856797,3.649636038604946,-3.080856135969269,-5.591418035408935,-14.827035987485923,-20.04170679332625,1
HK.03830,493,0.20000000298023224,0.20800000429153442,-3.846154397232281,0.4628501827040195,352500.0,70500.00105053186,2.5431219749677565,0.1990400007367134,0.16810000037774445,-2.439022085483674,6.382983951290322,33.33333002196431,177.77779387471188,170.27027081450552,0
HK.03833,493,1.8600000143051147,1.899999976158142,-2.1052611765768803,0.9883622439759635,1423173.1,2647101.9863586547,3.814744485900283,1.9340999984741212,2.1336083006858826,-11.848336171569182,30.06993584122456,-11.797806670977243,-37.03987974523823,-21.878058598925115,0
HK.03836,493,0.49000000953674316,0.5149999856948853,-4.854364437391164,0.9423913632178513,235630.0,115458.70224714279,4.42153429181074,0.5832999950647354,0.8463499948382378,-5.769225478877488,-37.97468402182858,-58.4745736171444,-51.960782480441495,-68.789809352462,0
HK.03838,493,0.17299999296665192,0.17499999701976776,-1.1428594783861208,0.17236740555871338,7703755.65,1332749.673266805,2.519102751843796,0.16792000085115433,0.16880926735699175,-1.1428594783861208,2.9761876779990293,5.150120485114025,1.0835423526109358,-7.126284311571879,0
HK.03839,492,7.949999809265137,7.909999847412109,0.5056885287565968,0.17889087656529518,62635.0,497948.23805332184,1.2006506396606376,8.555599908828736,7.820799949169159,-7.45052772938476,-17.956654762304293,17.083944829589353,9.80663067116808,-6.249997188460001,1
HK.03848,493,2.115000009536743,2.109999895095825,0.23697226016643425,1.364755539922617,284600.0,601929.0027141571,1.8868661524294488,2.1492999505996706,2.214026540517807,2.173916799284606,-4.729730527941422,-5.411683142494093,-5.411683142494093,-5.580136024503527,1
HK.03858,274,43.34000015258789,44.119998931884766,-1.767902987715585,0.7705194561727097,1904837.9,82555674.87665519,5.666531839800363,54.893374862670896,73.07235967636109,-23.59974309365831,-8.065750268609383,-59.77670381790821,-8.103458944372253,66.57529060782942,0
HK.03860,492,0.6000000238418579,0.6000000238418579,0.0,0.0,38000.0,22800.0009059906,2.2374321654834533,0.5794000065326691,0.6065000039339066,0.0,0.0,0.0,-11.764703304297399,20.000004768371582,0
HK.03866,493,5.050000190734863,4.900000095367432,3.061226376490177,2.676538077519119,1845228.55,9318404.529449416,2.6190070357652036,4.967899980545044,4.410152677297592,-2.1317763552340825,10.989010528354413,22.532859798655203,38.57119324031854,23.67801868865508,3
HK.03868,493,0.7850000262260437,0.7850000262260437,0.0,0.7341262811552273,7045322.55,5530578.386520937,1.8987279489800286,0.808558976650238,1.0255826073884964,-0.632910771622848,-10.620335603118122,-33.23511325851879,-27.378541533431992,-34.294876432042386,0
HK.03869,492,3.384999990463257,3.384999990463257,0.0,,0.0,0.0,0.0,3.3970000743865967,4.027000020742417,-0.4411795436303884,-0.4411795436303884,-14.303798744300664,-42.62711973308111,-50.147275265382,0
HK.03877,493,2.440000057220459,2.384999990463257,2.3060824728355267,1.6539973980920253,11686865.65,28515952.854727816,2.2202280924395152,2.3162000131607057,2.261124150156975,2.521005877919275,13.488369720442584,7.664649315935472,22.29434523944669,38.820603626228234,1
HK.03878,493,0.19699999690055847,0.19900000095367432,-1.0050271575533463,0.09062075215224287,221700.0,43674.89931285381,2.053897049749072,0.20665999978780747,0.2279049988090992,5.913974316647585,-14.718618348889457,-12.831858261207207,-14.347828988316778,-1.500003017485097,0
HK.03880,316,20.65999984741211,20.780000686645508,-0.5774823641392768,0.7719185077675643,91825.0,1897104.485988617,5.927005618454941,21.189400100708006,23.325000047683716,3.5588925178970485,-8.584073014654766,-3.9069774538971656,-29.24657771367693,-32.48366147105321,0
HK.03881,196,19.600000381469727,20.31999969482422,-3.5433037606682927,0.37603239277568373,646283.2,12667150.966537476,6.436980622594854,20.057000007629394,,-5.405400429540081,-10.502279804217192,-21.095007000522294,-12.888887193467882,,0
HK.03882,493,0.4350000023841858,0.41999998688697815,3.5714323727453214,1.4134275618374559,15150.0,6590.250036120415,1.9886718847886655,0.4281000012159348,0.4913749977946281,8.749998975545182,8.749998975545182,-12.999999523162842,-33.076920255401326,-49.41860521529544,1
HK.03883,493,0.03700000047683716,0.03799999877810478,-2.6315745616387045,2.3945938427838036,4397851.4,162720.50389705898,8.97844114217913,0.038699999824166297,0.05607500007376075,0.0,-17.777779985357125,-38.333331160247276,-47.14285668669915,-66.96428630824141,0
HK.03886,492,0.16300000250339508,0.15600000321865082,4.487178936101052,0.018526237784261962,537575.0,87624.72634576261,4.464550054524866,0.1792600005865097,0.22074252776801587,-6.321834946169982,-21.256038299583164,-35.54376603120299,-33.72443834256945,-36.78331271716615,1
HK.03887,198,2.134999990463257,2.305000066757202,-7.3752742460051435,0.4146290796975924,3185249.2,6800507.011623097,7.121376334544167,2.4898999977111815,,-21.794872690592946,15.405403402619704,-46.35678441629082,-67.00154467238374,,0
HK.03888,493,24.579999923706055,25.0,-1.6800003051757815,0.6529892840102994,5771776.0,141870253.63964844,2.635823521250192,25.391200103759765,25.254261598587036,2.246252028343009,1.069079901909576,8.282835089691082,-15.244005142315697,-26.173727262915502,0
HK.03889,493,0.06700000166893005,0.06300000101327896,6.349207287803033,0.35149731838843773,579231.8,38808.53156669736,15.308630086023465,0.055560000091791156,0.07231500027701258,3.0769294253470134,8.064520586975977,-23.863634054572117,-27.173911370970806,-28.723400039281998,1
HK.03893,492,1.2999999523162842,1.3049999475479126,-0.38314141245931693,0.0,187900.0,244269.9910402298,0.9138497061866838,1.3147999882698058,1.147699992954731,-9.722229120907686,7.438009200986462,38.29786761846407,28.712867781316813,44.44444297272478,0
HK.03896,493,4.730000019073486,4.869999885559082,-2.8747406524738253,1.460123131610039,28948527.7,136926536.57314935,3.3750333913771096,5.505499982833863,6.381025009155273,-11.173705380353091,-15.53571250669807,-34.66850595848882,-16.725349260142632,-43.556086462069764,0
HK.03898,493,27.15999984741211,28.0,-3.000000544956752,0.9487531577568497,2511532.2,68213214.16877061,2.2045411597666416,31.07231430053711,36.01709953308105,-11.47327386815521,-22.35696056926785,-22.516777909966713,-26.167815413498047,-28.813998059735475,0
HK.03899,493,7.054999828338623,7.034999847412109,0.2842925566497468,0.8643468110097773,3915481.2,27623719.19386311,3.5088201489063615,7.582799959182739,9.159620568752288,-12.087225374464248,-7.048752483448285,-30.819465889534325,-23.65537306392101,-7.024885727647405,2
HK.03900,493,6.369999885559082,6.295000076293945,1.1914187189222616,1.1317001024728972,11114848.85,70801585.90250649,4.962944885008241,6.683200016021728,8.476600017547607,9.262435144420317,-9.388340036297956,-30.1535091503065,-23.98568259465872,-31.652359504940687,1
HK.03903,492,0.1679999977350235,0.1679999977350235,0.0,,0.0,0.0,0.0,0.1679999977350235,0.1679999977350235,0.0,0.0,0.0,0.0,0.0,0
HK.03908,493,19.549999237060547,20.200000762939453,-3.2178292144990976,1.00875320011737,12914741.05,252483177.67433453,3.0124822494941466,20.81539993286133,20.315181846618653,-4.354213668018887,-10.321101278641072,13.756458144475983,-1.8582890619105414,3.481393938696403,0
HK.03913,493,0.11599999666213989,0.11800000071525574,-1.694918678807493,0.5076396057062444,1017454.35,118024.70120387971,5.922925228377511,0.1398000003397465,0.17714499991387128,-18.88112500218828,-14.705889442593609,-37.297299909626474,-47.03196421598356,-51.86722063537563,0
HK.03918,493,2.575000047683716,2.559999942779541,0.5859416109161438,2.706255677975728,3175613.6,8177205.171425057,3.8228882489108234,3.212061200141907,3.759235634803772,-19.405317637356152,-29.678711941241342,-30.382405391639107,-43.84276187756561,-53.428227867620194,1
HK.03919,493,0.7350000143051147,0.7850000262260437,-6.369428057385982,0.38987304758887886,700765.0,515062.28502452374,15.630042707483277,0.9108999979496002,1.1714750003814698,-18.333329580448193,-25.0,-42.125982256400974,-38.750001241763385,-27.941173720662242,0
HK.03928,493,26.479999542236328,26.860000610351562,-1.4147470568886955,1.6380249811384022,310150.0,8212771.858024597,3.4481261475290195,27.008800048828125,19.370150027275084,-2.718588500313115,5.9199981689453125,60.87485428365497,205.7736721571585,382.3315236103019,0
HK.03931,493,15.850000381469727,16.049999237060547,-1.246098847961371,1.8677999651235777,5285029.8,83767724.34607887,5.0959072714567055,17.968799953460692,25.259349989891053,-8.487294106556918,-31.086954863175105,-51.55868034796753,-39.03846007127028,-48.771816070194866,0
HK.03933,493,7.510000228881836,7.610000133514404,-1.3140591705402114,0.6162024929645946,5038753.4,37841039.187279135,3.464717535790368,8.386199998855592,9.739786839485168,-11.281747271015647,-18.898487653831474,-20.127616392144017,-33.95037088933676,-47.72185482781478,0
HK.03938,493,2.700000047683716,2.7249999046325684,-0.9174259751845185,0.532825880114177,214500.0,579150.010228157,2.1077085307636123,2.995600018501282,3.1633000123500823,-11.620294969430525,-27.41935411510144,-20.353983358946333,82.43243330320882,280.28170834976305,0
HK.03939,493,12.550000190734863,12.920000076293945,-2.863776187106766,0.8048920446462267,21698553.35,272316848.68117064,5.0805673297461125,13.729200019836426,12.233819015026093,-18.770224299881132,36.85932482354946,-6.71236235698003,61.32715924898374,33.858171844560644,0
HK.03952,71,41.599998474121094,43.13999938964844,-3.569775005367458,1.5998469046024304,53830.0,2239327.9178619385,5.704838539488795,55.35260009765625,,-25.84670302030194,-60.076775726985396,,-43.01370072038206,,0
HK.03958,493,5.59499979019165,5.699999809265137,-1.8421056594214744,0.8438630868337728,4777240.15,26728657.636945132,2.762420888887108,5.708399982452392,5.899618511199951,-4.195211575254373,0.810803565951388,5.518790577094253,-16.703640528027915,-18.111464799012165,0
HK.03963,493,0.13199999928474426,0.11100000143051147,18.918916741977938,13.043478260869565,19000.0,2507.999986410141,1.7462837076131756,0.11866000071167945,0.1408150013163686,8.196719509400037,-8.333329883990316,-19.01840659051838,1.5384647126735067,-46.98795166302646,1
HK.03968,493,51.650001525878906,50.95000076293945,1.373897453302154,1.4562291652507446,8765895.35,452758508.2031948,1.9000810538783157,50.451400146484374,48.03774045944214,-0.38572218732466923,12.97025403947394,7.309707832967701,1.2427072434950674,18.685354566209345,1
HK.03969,493,3.0250000953674316,2.990000009536743,1.170571428730906,2.8559753878944254,2869234.7,8679435.241131544,2.62882669713125,3.1370000076293945,3.254095126390457,-3.508768594272646,1.6605145503047185,-6.068062799317234,-4.674411910925759,-7.421550782804817,1
HK.03978,493,2.3499999046325684,2.309999942779541,1.7316001231106875,0.562566850084385,1048357.5,2463640.025020838,4.753510171200089,2.687498288154602,2.9886645746231078,-3.8602166248649823,-22.496547120162578,-25.173348492074226,-34.2203994553767,-50.72735609145105,1
HK.03983,493,1.8849999904632568,1.850000023841858,1.8918900632614695,1.1854087603160426,2933916.75,5530433.0457699895,1.9155672678681814,1.9960000228881836,2.3276898086071016,-7.823964785402302,-9.374997134391974,-31.393328591942204,-18.178106655108905,-13.94594252180722,1
HK.03986,182,398.79998779296875,431.0,-7.471000512072217,1.0505388819898296,1548893.75,617698808.5926056,5.434837654807585,478.1520001220703,,-16.985846615372488,-48.375406110942556,6.776114022397047,79.33404255202355,,0
HK.03988,493,6.03000020980835,5.985000133514404,0.751880957227668,1.464832970821073,141204061.8,851460522.2797912,1.8086922815888553,5.7273000049591065,5.014359652996063,1.944213841030955,18.467584067606328,26.74133409556904,36.81349164361708,51.47392336423802,1
HK.03989,493,0.07999999821186066,0.08399999886751175,-4.761905606641802,1.9029726118904475,2443200.0,195455.99563121796,3.9696911952243688,0.08343999952077866,0.09107999991625547,-2.439029265698055,-6.976749424421009,-29.203540173102706,8.108104298461395,-9.090910630285256,0
HK.03990,493,2.3350000381469727,2.365000009536743,-1.2684977280675322,0.4706013695247688,356884.55,833325.4378640652,2.993192078202834,2.4358506774902344,3.088038355112076,-2.910600169460592,-12.530430857537056,-27.321206472276728,-39.1979835511663,-41.38088924934236,0
HK.03991,493,0.5799999833106995,0.5799999833106995,0.0,0.5551400315798222,600300.0,348173.9899814129,1.8976717275384032,0.6121000003814697,0.9144249954819679,-4.1322371858884575,-21.62162488703309,-48.67256763201927,-48.67256763201927,-48.67256763201927,0
HK.03993,493,15.0,15.319999694824219,-2.088770895552491,0.6663533013876585,29419854.8,441297822.0,3.4456198975866785,16.518434123992918,18.270570187568666,-15.73033346670487,-0.01066729865219508,-5.66651976640219,-23.775177326480488,9.999458697121737,0
HK.03996,493,1.0399999618530273,1.0499999523162842,-0.9523800873701953,1.7323029009285784,8717531.4,9066232.323452568,1.573289905957679,1.0522999835014344,1.1455554831027985,-1.4217996626207445,-2.803746647517422,-17.33382934698369,-0.4944282298912769,-7.356876354274131,0
HK.03997,492,1.2000000476837158,1.159999966621399,3.448282949422888,2.2076215505913273,149600.0,179520.0071334839,4.583227860295045,1.4812999892234802,1.5035749965906142,1.6949238156632322,-63.63636166596213,31.86813330768369,62.16216651604412,100.0,1
HK.03998,493,4.269999980926514,4.085000038146973,4.528762326853251,1.267615894131145,28566440.65,121978701.03063838,2.721668843871124,4.3140300750732425,4.220424426794052,-0.9280733731803988,-3.986935126381412,14.243382328316889,-0.16340940449719807,0.7271381561371826,4
HK.03999,493,0.5899999737739563,0.5799999833106995,1.72413633637985,27.692307692307693,3550.0,2094.499906897545,0.38354728220558143,0.5650999915599823,0.5784249958395958,3.508768627628134,5.357137725365427,0.0,0.0,-6.349209803242228,1
HK.06030,493,23.540000915527344,24.0,-1.9166628519694011,0.504706262658374,7181095.75,169043000.52948952,2.613963803934006,25.91,26.601100311279296,-8.830359435495714,-14.212826321521838,0.6228360273867506,-15.959470665614742,-10.660739352608974,0
HK.06031,233,16.110000610351562,16.950000762939453,-4.955752889548653,0.9431318404077773,4255643.05,68558412.13293839,3.2998874314175364,18.845,21.13534050941467,-20.48370963300485,-16.181055224294578,-20.74067011795229,-26.335444149142845,,0
HK.06033,492,0.4650000035762787,0.4650000035762787,0.0,0.38910505836575876,10050.0,4673.250035941601,0.5595266976074964,0.4774000000953674,0.5338911788165569,-5.102041933448131,-10.170458843777379,-13.322368366231013,-25.14204616329988,-28.453557391094293,0
HK.06036,493,1.100000023841858,1.090000033378601,0.9174302896359119,0.6162695152013147,353600.0,388960.00843048096,3.4858345779890914,1.273100004196167,0.8805250003933907,-6.382972895154462,-10.569105139490373,136.55914309286962,158.8235277618092,136.55914309286962,1
HK.06038,493,0.375,0.4000000059604645,-6.2500013969838415,2.8380634390651087,335000.0,125625.0,2.2220683924670226,0.35495862245559695,0.32371293179690835,0.0,24.285715132343533,7.407407091260231,26.25773977498813,115.14773407225802,0
HK.06049,493,27.239999771118164,27.1200008392334,0.44247392393575474,3.7167784181541146,574768.1,15656682.912446022,1.9712544597576458,27.70760009765625,29.28112936973572,-2.7142865317208424,0.9636776623172801,-5.818707802471796,-10.78176191840135,-14.897096648633394,1
HK.06051,493,1.1799999475479126,1.1749999523162842,0.42553152634363073,0.5144015315205365,3244292.55,3828265.0388300833,4.884686307929177,1.2495999979972838,2.063800004720688,1.2875524623216772,-26.250004377216037,-50.83333747254461,-59.027781227120514,-64.02439152924948,1
HK.06055,493,23.440000534057617,22.579999923706055,3.8086829639386934,1.7324089808562793,1357740.0,31825426.32511139,3.9106996339864204,23.474410820007325,28.79525583267212,-0.5093333387304716,16.86090215018048,-30.35316382681686,-33.00340704134963,-46.76615038344382,2
HK.06058,493,0.5199999809265137,0.5299999713897705,-1.8867907552966041,0.48439554356099923,282320.0,146806.39461517334,5.183492830566502,0.5789000022411347,0.5333999997377395,-11.864406094746942,-11.864406094746942,11.82795202736225,9.473681568769173,16.853930176305184,0
HK.06060,493,9.390000343322754,9.604999542236328,-2.238409257263911,0.8307225761518974,7199984.45,67607856.45741849,2.821195357625784,10.598799972534179,12.56225001335144,-12.242985881252572,-6.567162536181502,-27.378189314009465,-43.159805792197375,-45.40697716970323,0
HK.06063,493,0.8999999761581421,0.9449999928474426,-4.761906564010437,0.5198829402651058,5679200.0,5111279.864597321,8.791625227226657,1.1211999952793121,0.6536649987846613,-33.57933848786669,0.0,73.07692484037418,361.53846624099776,378.7234079654319,0
HK.06066,493,11.029999732971191,11.260000228881836,-2.0426331370819564,1.1724120384691583,3656259.9,40328545.72067327,2.4837169074406593,11.60779998779297,11.728768467903137,-6.998313218658147,-8.159870751325418,5.923176938922921,-14.567669658895383,-10.111250781663735,0
HK.06067,76,6.420000076293945,6.755000114440918,-4.959289895951381,0.8823438816970348,1716610.0,11020636.33096695,6.141277870321131,7.498300008773803,,-14.056221464375252,-32.84519043408839,,-41.63636294278232,,0
HK.06068,493,0.0560000017285347,0.05700000002980232,-1.7543829837627665,0.22535211267605634,178000.0,9968.000307679176,7.790822785202818,0.06067999996244908,0.07031500011682511,-5.084743408319849,-3.448270103593903,-23.287667737577074,-21.12676071117993,-58.208954974919344,0
HK.06069,493,6.0,6.090000152587891,-1.477834980835688,0.9372751332430818,4149100.0,24894600.0,4.323953662735872,6.470000009536744,8.40466460943222,-3.3816431055874103,-20.330361271382596,-30.49541105211892,-43.09311673803104,-40.26643738337917,0
HK.06078,493,9.489999771118164,9.420000076293945,0.7430965420093533,0.9803981056529936,1013729.1,9620288.926975822,2.7413217624141275,9.867799949645995,11.203350005149842,-7.6848247312619,-0.7322243245397448,-17.04545350341526,-25.21670539857087,-31.03197955477549,3
HK.06080,493,0.11299999803304672,0.11800000071525574,-4.237290382967418,0.9302325581395349,159300.0,18000.899686664343,1.5585232474070314,0.13106000170111656,0.1332850006595254,-5.833332867672036,-22.602739935745376,-12.40309768589575,0.0,-31.09756407817149,0
HK.06082,189,30.360000610351562,34.439998626708984,-11.846684608150051,3.90932119212579,16399722.05,497895571.447596,7.67038736162587,37.28240016937256,,-20.56515007669318,-35.89526980767031,7.052186025941016,-11.897848470833285,,0
HK.06083,493,0.5699999928474426,0.6150000095367432,-7.317075770973953,1.9386909693454846,506000.0,288419.99638080597,7.06300636545521,0.7323999989032746,0.674487919807434,-32.94117919301484,-48.18181995517948,11.159268825708478,14.669559841798671,19.256336801485297,0
HK.06086,493,0.8399999737739563,0.8799999952316284,-4.545457008456409,1.237653698851038,249625.0,209684.99345332384,5.65553593853717,0.7378000009059906,1.4050999996066094,15.068486551559488,11.999996503194172,-37.31343635447326,-62.33184006325897,-79.51219528505733,0
HK.06088,493,4.664999961853027,4.90500020980835,-4.8929712067168225,1.3613373870443901,19092739.05,89067626.93991981,4.8885876915051565,5.2338000011444095,6.279350008964538,-17.506635034923786,-24.3922219745726,-36.18331055582449,-8.708418004586783,-27.674417057315825,0
HK.06090,256,41.099998474121094,41.34000015258789,-0.5805555819567957,0.5155061734623096,506742.4,20827111.86677246,6.395464379789023,42.355599822998045,59.87704997062683,-3.2485901200237755,42.5103961742978,-17.76710914255023,-56.36942695794001,-60.404626911593255,0
HK.06093,492,0.6800000071525574,0.6800000071525574,0.0,0.0,8400.0,5712.000060081482,0.46840606413070024,0.6841000032424926,0.7113250032067299,1.4925358528601556,-1.449273985189887,0.0,-9.333332379659016,-13.924052065485734,0
HK.06098,493,5.190000057220459,5.21999979019165,-0.574707551283062,0.6372647454275252,6779728.2,35186789.74593916,2.190454241041633,5.397099990844726,5.524723966121673,-6.233058711879733,-0.574707551283062,-5.132545053289962,-5.91399550429395,-11.181635042693404,0
HK.06099,493,13.720000267028809,13.970000267028809,-1.7895489994372844,1.367137993517428,3236730.6,44407944.69630032,2.923300225151002,14.766560802459717,14.289940910339356,-8.715898131845254,-15.004275644799966,9.783420901858642,0.033417567947838,-8.654025525508175,0
HK.06100,493,2.0299999713897705,2.0250000953674316,0.2469074462651643,1.2843389639242515,299010.0,606990.2914452553,5.798271381675093,2.1749000120162965,2.6173341208696366,-16.115706306151516,2.525250092658129,-17.886449365282488,-44.640235263673596,-40.30122843865926,3
HK.06106,75,56.650001525878906,59.54999923706055,-4.869853481671997,0.7576593791746811,447758.4,25365514.0432251,8.649804471574662,65.08000053405762,,-19.929326465188826,-30.914632285513527,,-46.5566023340765,,0
HK.06108,493,0.2150000035762787,0.21699999272823334,-0.9216540179609126,5.793182563094067,119512.0,25695.08042740822,2.8825349834776914,0.21887999951839446,0.22124000035226346,-1.376142775547768,6.4356416288562,6.96517324415767,-25.862065599024124,-43.421050980480736,0
HK.06110,493,1.0299999713897705,1.0299999713897705,0.0,0.3901870391149729,21427782.65,22070615.516446218,3.1634121237884614,1.1072692036628724,2.0439859193563463,-5.936078129875197,-35.59949545546935,-56.83042985275733,-59.361060779118546,-61.365893608881414,0
HK.06113,493,1.2000000476837158,1.1950000524520874,0.41840962444885654,1.941747572815534,33600.0,40320.00160217285,8.690083445468103,1.370400002002716,1.6432999938726425,-10.780667497556875,-14.8936116247491,-5.5118058499284555,-39.99999761581421,-76.56249854480845,2
HK.06117,493,0.5699999928474426,0.5799999833106995,-1.72413633637985,92.0,2800.0,1595.9999799728394,0.0,0.5857999980449676,0.6288008120656013,0.0,-1.72413633637985,-10.400607959578297,-10.400607959578297,-19.95787394407605,0
HK.06118,492,0.6800000071525574,0.6700000166893005,1.4925358528601556,0.0,23350.0,15878.000167012215,2.3742346714538827,0.7129000055789948,0.7792250016331672,-6.20689864958077,-1.449273985189887,-16.049382080121152,-23.5955035862575,-36.44860057770824,1
HK.06123,493,1.1200000047683716,1.1200000047683716,0.0,2.0,24600.0,27552.00011730194,1.45794797840859,1.201900007724762,1.2506250101327896,-2.6086932184114295,-0.8849549119871483,-13.178291636571709,3.70370002440479,0.9009000301245093,0
HK.06127,493,30.079999923706055,29.5,1.9661014362917106,2.3967858532871924,4409464.25,132636684.30358458,6.85835698148715,25.325599975585938,21.917100610733034,32.86219405756419,67.39010057363751,55.725084784088786,51.90216475217938,31.253990219317558,1
HK.06128,492,0.05700000002980232,0.057999998331069946,-1.7241350517969516,0.0,1240600.0,70714.20003697276,3.3881764379257793,0.05328000001609325,0.09057500023394822,3.636364252114102,-3.389831043563671,-8.064514578443138,-73.23943654581848,-80.34482701035938,0
HK.06132,76,37.380001068115234,38.36000061035156,-2.554743291562598,1.1443832955649078,63280.0,2365406.467590332,5.722101359193497,41.300400009155275,,-12.417992500383884,10.591721632731096,,6.012486805160595,,0
HK.06133,492,0.27000001072883606,0.27000001072883606,0.0,,0.0,0.0,0.0,0.27000001072883606,0.24740000672638415,0.0,0.0,12.500006984919466,54.285723043947954,5.882359128509954,0
HK.06136,493,0.75,0.7549999952316284,-0.6622510282393388,0.5458658687878567,681750.0,511312.5,4.638293981319638,0.7757999968528747,0.6934066504240036,-1.960782480441495,-2.5974001846660313,2.0137788882293126,57.27124298395743,98.65841872444868,0
HK.06138,493,0.3050000071525574,0.3100000023841858,-1.6129016752173695,1.4126773502092478,1010000.0,308050.00722408295,2.4881725516791677,0.3096000027656555,0.3365250016748905,-4.687495634425334,-1.6129016752173695,-10.294116486933829,-15.277779157514871,-29.88505621129038,0
HK.06158,493,0.02500000037252903,0.027000000700354576,-7.407408429434898,1.6355543233835443,6499500.0,162487.50242125243,11.963394476794829,0.02686000019311905,0.02332500013522804,-7.407408429434898,108.3333346268369,-3.846154397232281,-13.79309968311909,-37.499997671693514,0
HK.06160,493,213.0,217.0,-1.8433179723502304,1.2235701258964498,2991380.85,637164121.0500001,2.651214040803628,214.3679998779297,192.71600021362303,2.109297108218167,16.013068038738705,24.4885987152653,15.447154471544716,8.56269282011746,0
HK.06162,493,0.032999999821186066,0.03500000014901161,-5.7142866266017025,0.3793517406962785,19949600.0,658336.7964327335,11.52241727195208,0.1073200010508299,0.2369799986295402,-54.79452012850925,-87.54716920657441,-82.06521752334442,-86.24999976716936,-86.53061258003444,0
HK.06163,492,0.7900000214576721,0.7900000214576721,0.0,0.0,21500.0,16985.00046133995,0.06249993946403356,0.7053000092506408,0.4594000045955181,13.669069005455755,5.333336194356283,154.8387146393044,182.14286360509539,218.54840095516445,0
HK.06166,233,110.80000305175781,114.30000305175781,-3.062117153588452,1.9703632863431468,7757813.9,859565803.7949692,7.709896373560418,102.6635935974121,101.4393738937378,-6.577968737395745,11.058542580395173,49.705871862679594,15.667651007609429,,0
HK.06168,318,11.600000381469727,11.520000457763672,0.6944437545758981,6.957724633732263,312765.0,3628074.119310379,3.815580105226983,13.016505699157715,18.05449445724487,-9.1293279056638,-20.860337596694677,-37.985379139909696,-55.79199662952319,-72.45320582335583,1
HK.06169,493,0.36500000953674316,0.36000001430511475,1.3888875091517963,0.2265176683781335,1277200.0,466178.01218032837,2.2987332475304703,0.3612000048160553,0.4352750007808208,1.3888875091517963,4.285718786473254,-22.34042330584735,-32.40740832723213,-40.16393426604503,2
HK.06178,493,6.724999904632568,6.824999809265137,-1.4652001088236746,1.0801585893333012,973195.8,6544741.662188817,2.788344868415963,7.2760999965667725,7.807717099189758,-9.731542593208225,-6.826103323431057,-10.21423973615108,-24.525075703184434,-32.042411854387474,0
HK.06181,493,321.3999938964844,321.20001220703125,0.062260797588085295,0.7196322286183747,684410.0,219969369.82269287,3.5416624651688005,360.67999938964846,523.2434651184082,-19.85037558691163,-20.759371533525584,-46.72404771246419,-47.109487556940124,-51.79176341148172,1
HK.06182,493,0.6650000214576721,0.675000011920929,-1.4814800424667633,0.32628801892227915,6543000.0,4351095.140397549,8.15870050974889,0.6420999997854233,0.733025004118681,0.7575750049918888,-13.636358710359813,-10.135133393582352,-10.135133393582352,30.392163508399577,0
HK.06185,493,35.959999084472656,38.0,-5.3684234619140625,2.0204254766349967,5718512.9,205637718.6485451,7.606807022402363,28.599599952697755,30.16970004081726,25.471037250266104,56.75674911639624,10.646151029146635,2.8604119742215497,-23.42419125735706,0
HK.06186,493,2.6649999618530273,2.7300000190734863,-2.3809544603050536,0.9663002849674851,21168624.95,56414384.68423104,2.555412574859873,2.851310977935791,3.209244577884674,3.495142233114479,-9.678831077543727,-17.920230514368964,-28.918520285892306,-27.478890651808403,0
HK.06188,493,0.35499998927116394,0.36500000953674316,-2.7397315080268676,19.82998454404946,64225.0,22799.874310940504,5.319215940904502,0.4215999937057495,0.4462999987602234,-7.792208294861243,-34.2592638583829,-4.054058190241914,-12.345681919446163,-24.46808719753734,0
HK.06189,492,0.07199999690055847,0.07199999690055847,0.0,,0.0,0.0,0.0,0.07199999690055847,0.07199999690055847,0.0,0.0,0.0,0.0,0.0,0
HK.06190,493,2.799999952316284,2.674999952316284,4.672897279559292,14.444444444444445,310.0,867.9999852180481,0.6249998403446988,2.834000005722046,2.2671065598726274,1.8181800842285156,3.7037001061669086,32.13974887930925,68.4588676841955,-12.707675150278316,1
HK.06193,493,0.35499998927116394,0.3499999940395355,1.4285700905079517,1.9534883720930232,23600.0,8377.999746799469,1.2425282200665067,0.3875000011920929,0.3237649999558926,-6.578949019519266,2.898547970379774,31.481472283234197,18.333325054910777,77.49999199062599,1
HK.06196,493,0.8500000238418579,0.8349999785423279,1.7964126568860321,2.0651149440711345,4115192.6,3497913.808113837,1.814540885219356,0.8905999982357025,0.9983999937772751,-7.10382470945342,-2.2988483697581654,-20.560749329503484,-26.086952916165078,-34.108523335080505,2
HK.06198,493,7.619999885559082,7.460000038146973,2.144770061581026,2.5873281751985138,3120224.25,23776108.427918673,2.837857189090962,7.1828944206237795,6.952650752067566,0.48368978282911645,19.362909735611602,15.60306236784657,15.106917782347393,13.032559631167064,1
HK.06199,493,0.9350000023841858,0.925000011920929,1.081080036149411,1.1614401858304297,45550.0,42589.25010859966,0.6791180178554871,0.9167000114917755,0.9478085711598396,1.6304331981279736,2.6435930597273973,3.7017760404274838,-8.553888840374222,-10.981655181884783,2
HK.06600,191,44.5,46.79999923706055,-4.914528364434664,0.23901500144295804,579492.9,25787434.05,9.209868396422106,51.72839988708496,,-4.833187345287955,-33.283355268320214,-54.10005012815338,-51.63043478260869,,0
HK.06601,493,2.2300000190734863,2.2249999046325684,0.22472425416771766,0.4492874329076439,1077100.0,2401933.020544052,2.5230557364463504,2.194730143547058,2.149440803527832,2.0595001131533515,9.809775564563695,4.765531726098556,7.571749497034999,7.571749497034999,3
HK.06603,316,4.239999771118164,4.400000095367432,-3.6363709268489552,1.1070841478720341,393841.5,1669887.8698568344,5.099234338242988,4.697500004768371,9.72422490477562,8.717940190683507,-35.56231276169882,-61.003333340057964,-72.96032864368007,-86.03601733257258,0
HK.06608,493,5.46999979019165,5.715000152587891,-4.286970356165225,1.5910659156155371,1351261.75,7391401.488994002,6.440169642809317,5.061700010299683,7.399625010490418,11.860939458939006,11.632646606744132,-33.292683933832215,-57.09804086124196,-49.72426716309154,0
HK.06609,493,58.400001525878906,62.349998474121094,-6.335199751258483,1.518269108333205,64419.15,3762078.458295822,5.269086954297486,51.07939994812012,49.38609992980957,15.52918379287167,38.783267549147766,22.79226206809042,6.959712743506595,-8.176096026728793,0
HK.06610,493,0.75,0.7599999904632568,-1.31578823536055,1.5033400821987561,211107.5,158330.625,4.298113526903976,0.7940999948978424,1.1584249955415726,-21.05263058828844,-7.4074076799480775,-6.2500013969838415,-47.18309699531298,-80.15873000855468,0
HK.06611,492,0.04600000008940697,0.04600000008940697,0.0,,0.0,0.0,0.0,0.04600000008940697,0.04600000008940697,0.0,0.0,0.0,0.0,0.0,0
HK.06613,310,20.860000610351562,21.760000228881836,-4.1360276151822495,2.358234315958166,5232336.15,109146535.28256455,3.8819034216983113,22.307654876708984,23.278182287216186,-10.70529897868297,-9.393271622893545,3.1700944446629853,-17.00149071243578,-25.156750227096385,0
HK.06616,493,9.329999923706055,9.319999694824219,0.10729859666615095,0.5100771165756218,1822126.9,17000443.837982748,5.411346110893243,9.371800003051758,8.43005001783371,-8.078815030960122,15.470297175778466,28.335625146961934,-5.1829290749320505,109.19282161222705,2
HK.06618,493,35.36000061035156,35.34000015258789,0.05659439071113664,0.7340531157697507,6794651.25,240258872.347126,3.1486256819532485,36.99720001220703,45.85515007019043,0.2836139919986559,-5.251873259646574,-26.11784337774621,-37.24933173407139,-45.178293627361924,4
HK.06622,493,2.369999885559082,2.4800000190734863,-4.4354892205000755,2.356037578799382,136555.2,323635.80837249756,1.9417917158914895,2.50529999256134,2.8675749945640563,-4.6277671787309504,-8.846154904224504,-19.932437330549636,-25.236598469427967,-33.798884467415505,0
HK.06623,493,4.449999809265137,4.565000057220459,-2.51917297949266,0.5644295035009548,124057.8,552057.1863378525,5.982372134057695,9.774099683761596,10.618524634838105,-59.17431224768095,-59.17431224768095,-59.17431224768095,-59.17431224768095,-59.17431224768095,0
HK.06626,493,1.75,1.7699999809265137,-1.1299424374029994,0.57708793557912,559659.9,979404.8250000001,2.4948176266063258,1.7510005736351013,1.809089651107788,-4.109591546526568,12.562857225449614,11.634024503105284,-22.995305881454414,-27.43788131400131,0
HK.06628,493,0.8500000238418579,0.8999999761581421,-5.555550404536735,2.1011638282304257,1179802.75,1002832.3656286895,12.164187918704206,1.0239999997615814,1.7620500048995018,-13.265305377701244,-22.72727223467237,-68.7499994521632,-62.22222116258409,-79.16666569273454,0
HK.06633,493,2.509999990463257,3.130000114440918,-19.80830994596963,0.7272727272727273,1425.0,3576.749986410141,0.009960387370350399,3.070500054359436,2.840075007677078,-20.317463032632766,-12.847226016499228,-17.43420980396032,-23.939393129339987,-26.822159136682867,0
HK.06636,131,74.6500015258789,74.0999984741211,0.7422443496404352,0.32610589788908495,196557.95,14673051.26742363,6.817291222070118,83.29699966430664,,2.260276062847817,-15.458664840450616,-25.349998474121094,-25.349998474121094,,3
HK.06639,492,1.8300000429153442,1.8300000429153442,0.0,,0.0,0.0,0.0,1.8300000429153442,1.8300000429153442,0.0,0.0,0.0,0.0,-12.01922547887749,0
HK.06651,191,52.45000076293945,57.95000076293945,-9.49094034096613,1.0947043093996214,997545.0,52321236.01106644,5.741053231668312,61.40899978637695,,-14.784725567700402,-34.2319739649662,23.122071928716377,38.39049776060169,,0
HK.06655,493,15.380000114440918,14.8100004196167,3.8487486743701997,1.2575344975827754,1942085.3,29869272.136254024,3.338523969431985,15.261999988555909,15.840559496879578,-9.741788215362037,20.250196718629613,-1.7752101691238142,-15.564864811942794,9.86971726587886,3
HK.06656,121,225.0,244.60000610351562,-8.013084879164243,1.8044003442426788,303768.05,68347811.25,7.35953039899617,318.3160021972656,,-32.065219895175076,-31.527694515891014,,-65.63863446382325,,0
HK.06657,493,13.260000228881836,14.079999923706055,-5.823861500479207,0.22675550437333772,363165.0,4815567.983121872,8.971350330508063,14.1296000289917,14.530750041007996,-1.6320424393574895,-6.6854314336020195,-14.4516114265688,-28.556031193783443,-24.228570120675222,0
HK.06658,81,180.6999969482422,188.0,-3.8829803466796875,0.23320042433332114,316263.2,57148759.27484131,10.559594815905458,163.65399993896483,,28.429282777251498,9.184288186249056,,41.17187261581421,,0
HK.06660,493,1.7649999856948853,1.8899999856948853,-6.613756663815104,1.161825726141079,183990.0,324742.34736800194,5.313054364158097,1.6621000051498414,2.4168250066041947,1.1461307089892208,5.059526238142844,-40.77181293966426,-48.691861734414736,-55.76441149182328,0
HK.06661,492,4.949999809265137,4.949999809265137,0.0,,0.0,0.0,0.0,4.950200099945068,4.900217449665069,0.10110490253188469,-0.9009024489478749,0.22100770321712374,5.622140221252034,2.353370830719671,0
HK.06663,493,0.41999998688697815,0.4000000059604645,4.999995157122685,1.897810218978102,213000.0,89459.99720692635,4.368031539594417,0.30899999976158143,0.3031500016152859,61.53846242018709,27.272718241720845,64.70588029049668,39.99999006589293,49.99999467815674,1
HK.06666,493,1.1399999856948853,1.1799999475479126,-3.389827426361236,0.9453714055559727,25480216.4,29047446.33150258,5.699816186625548,1.1301999807357788,1.153949991464615,-6.172843261177539,51.99999809265137,1.785712575121809,0.0,3.636360089641049,0
HK.06667,493,7.175000190734863,7.269999980926514,-1.3067371449916192,1.5715823466092573,123320.0,884821.0235214233,3.5251833658207126,7.0772999668121335,7.012497370243072,0.0,5.514705727669611,1.3932463917181213,2.097366683862628,2.097366683862628,0
HK.06668,493,1.399999976158142,1.3899999856948853,0.7194237817389376,0.31725888324873097,145650.0,203909.9965274334,1.072878244411649,1.3546999716758727,1.300983391404152,1.449273985189887,10.23622025071122,10.563473033654024,8.15992347792323,9.750521438873177,1
HK.06669,493,5.855000019073486,5.769999980926514,1.4731375810736802,1.1486312237420808,472471.5,2766320.6415116787,4.778636617176139,6.516900033950805,9.969375,1.3852800412978128,-30.380497915524185,-54.961538314819336,-57.35615284572814,-52.66774395116447,1
HK.06675,79,20.719999313354492,21.68000030517578,-4.428048792933379,0.7269957857129362,359633.1,7451597.585059547,8.844549519543353,29.238399810791016,,-26.158233400883567,-17.12000274658203,,-50.311753155244,,0
HK.06676,389,0.6600000262260437,0.6600000262260437,0.0,0.5474665113570181,81175.0,53575.5021288991,8.054087892886704,0.7131999981403351,1.0445500001311303,-6.38297278722401,48.31461501895093,-45.0,-61.17647013449753,-70.40358652103248,0
HK.06677,493,0.2800000011920929,0.2750000059604645,1.8181800448205245,4.694050991501417,214700.0,60116.000255942345,3.339487592128702,0.3063000029325485,0.3541294461488724,-11.111110059882801,-17.64705933914052,-23.871668508717057,-30.292127478665265,-42.14246825414958,1
HK.06680,493,14.899999618530273,15.260000228881836,-2.359112745425832,1.1014800832627796,1494617.9,22269806.139848515,3.4907730172382285,16.14817111968994,18.58913480758667,-9.389930078949707,-13.169662755245518,-20.681798797823085,-20.188120410139888,-28.684470297242566,0
HK.06681,431,1.0299999713897705,1.059999942779541,-2.830186132944906,1.0086456504438657,8070009.0,8312109.0391151905,5.39299656551954,1.3689999961853028,3.3290499985218047,-18.89763883001431,-43.71584987785608,-75.59241652609198,-84.85294202207278,-85.96730313382052,0
HK.06682,493,24.579999923706055,25.639999389648438,-4.134163382119008,1.3699770322470408,3880894.9,95392396.34591122,5.0769739538245275,27.622800064086913,35.1875500202179,-13.57243508392032,-11.263540625629615,-32.583651835103794,-45.402044260825306,-59.37190095255197,0
HK.06683,493,3.75,3.7300000190734863,0.5361925153952565,0.2953363810773609,6959775.0,26099156.25,5.685560101723234,4.052300004959107,5.319424998760224,-0.26595719384628963,-11.137436340258809,-38.524589202827535,-37.2909700996789,-64.95327040330531,3
HK.06686,492,12.380000114440918,12.390000343322754,-0.080712095276295,0.5181347150259067,8910.0,110305.80101966858,0.8231091198042798,13.895800037384033,15.368411173820496,-8.970589947122969,-24.262810164421026,-26.654511887042247,-19.44715183607278,-23.430545036723505,0
HK.06687,238,11.5,11.720000267028809,-1.8771353414361474,1.8564677981211248,295681.05,3400332.0749999997,4.476251971548784,13.604399967193604,18.39729999542236,-9.874609767089716,-17.7396253465085,-37.73686828626423,-62.442848841254595,,0
HK.06690,493,20.200000762939453,19.719999313354492,2.43408451469824,0.8956786669149557,8884541.3,179467741.0383671,2.06086543527213,20.84327880859375,21.7604204082489,-4.083564695211386,4.133760909071065,2.2221252718404516,-16.363712751151866,-13.753698846468065,1
HK.06693,391,33.880001068115234,34.720001220703125,-2.4193551931300297,1.0231145727081428,3649748.75,123653491.54835224,4.361622064491267,38.10879997253418,35.41166427612305,-14.702920375400005,20.741274814480434,-16.35232606457383,11.566581298981085,16.821258760832496,0
HK.06696,492,2.940000057220459,2.940000057220459,0.0,,0.0,0.0,0.0,2.940000057220459,2.4532250398397446,0.0,0.0,1.7301020934717943,425.0000079827648,345.454536423539,0
HK.06698,493,0.8399999737739563,0.8399999737739563,0.0,0.5224071702944942,16185.0,13595.399575531483,2.83164518037826,0.8504000043869019,0.918250002861023,1.2048181523292238,0.0,-19.230768789906456,-17.64705985475166,-51.162793034795385,0
HK.06699,493,83.19999694824219,83.19999694824219,0.0,0.48383162300127447,426300.65,35468212.77903366,3.7576617423479486,87.00564331054687,71.94192825317383,-9.150474683623393,16.780503810479843,28.377139920168588,53.567707885934055,48.803090683908515,0
HK.06715,71,58.79999923706055,60.79999923706055,-3.289473725487982,0.9421397434868232,179469.35,10552797.643075753,6.446408816710511,68.06399375915527,,-21.516938499771282,-24.016397677141978,,-47.67795899984752,,0
HK.06727,13,33.540000915527344,32.36000061035156,3.6464780065495854,,,,,,,,,,-24.62921142578125,,1
HK.06731,7,28.299999237060547,28.700000762939453,-1.3937335025977822,,,,,,,,,,21.982751320715565,,0
HK.06745,64,2.819999933242798,2.799999952316284,0.7142850452539758,0.561480905889283,1926325.0,5432236.371403933,2.800441287723103,3.0558998441696166,,-9.145839601609913,,,0.4853532982063167,,1
HK.06802,6,111.0,118.69999694824219,-6.486939466055492,,,,,,,,,,-48.42007361798586,,0
HK.06805,493,2.8350000381469727,2.8350000381469727,0.0,0.632183908045977,100200.0,284067.00382232666,1.1862453234336288,2.9433000183105467,2.920475001335144,-6.589787216726724,-9.424922220702166,0.5319186262152056,15.714285019187828,21.673825363808344,0
HK.06806,493,2.325000047683716,2.3550000190734863,-1.2738841251293587,1.4874785295714676,5523605.2,12842382.35338602,2.4130008247031465,2.488399987220764,2.7077642607688905,-8.823525836860915,-6.779806351061161,-12.85938691405257,-23.160354987203974,-22.528289358647427,0
HK.06808,493,1.0099999904632568,1.0149999856948853,-0.4926103745908273,0.6720495856026282,6712208.7,6779330.72298739,3.115934091757297,1.067699990272522,1.3154531341791154,-5.607482153980293,-5.607482153980293,-31.831492963371783,-38.491633004923074,-39.86328496390836,0
HK.06809,163,273.3999938964844,291.0,-6.048112063063789,0.8008287335389201,2509439.2,686080661.9635987,6.006205005902362,276.1238656616211,,0.8145492650725206,-14.869113261087586,65.92089562162475,56.534531476012994,,0
HK.06810,112,53.79999923706055,52.599998474121094,2.281370337928521,1.236464093917822,1004082.3,54019626.973946005,7.633662845018923,57.98700004577637,,-1.1029453529204944,-23.416371192796376,,-36.556606956460094,,1
HK.06811,493,1.559999942779541,1.5800000429153442,-1.265829088137235,1.0039422990771436,2254600.0,3517175.870990753,3.1137824422329197,1.3835181832313537,1.116182070672512,7.569838620105066,39.289148099804905,56.30819985624817,54.887224630498146,60.73203902038195,0
HK.06812,493,0.24799999594688416,0.2460000067949295,0.8130036978502531,0.09512485136741974,211250.0,52389.99914377928,0.8440815389578405,0.24464638262987137,0.26352968320250514,-0.8000016212463379,-11.468931831016125,-8.307113193761202,31.66157993914913,54.662700431704415,1
HK.06816,492,0.2029999941587448,0.2029999941587448,0.0,,0.0,0.0,0.0,0.21633999794721603,0.20447999827563762,0.49504311414783325,6.84210352950477,6.84210352950477,-6.018523660594329,2.5252501306673802,0
HK.06818,493,2.8299999237060547,2.7950000762939453,1.252230642459149,1.0968610939998824,14517812.85,41085409.25787878,1.704484224434775,2.919600009918213,3.0957583343982695,0.711743107963571,-5.980068681976942,-10.186851070739428,-17.80801808546557,-8.005301490290432,3
HK.06820,493,0.35499998927116394,0.36000001430511475,-1.3888957875743526,0.16901408450704225,68700.0,24388.499262928963,2.729288199470286,0.3714000028371811,0.43544354125857354,-1.3888957875743526,-25.26315921561541,-22.71769545829957,-21.073392631649114,-39.18769543364892,0
HK.06821,493,163.0,165.5,-1.5105740181268883,0.7379705641607684,765366.3,124754706.9,7.20337086883881,137.45000045776368,102.95253837585449,16.096871143868,48.858447488584474,106.18441211142107,124.53372025285552,78.0784510075664,0
HK.06822,493,0.3799999952316284,0.3799999952316284,0.0,1.042830540037244,56500.0,21469.999730587006,1.5282508364111487,0.39260000348091123,0.39760000169277193,-1.2987000923330156,-3.797472174628627,-5.000002607703171,-7.317073525310204,-10.588238924019787,0
HK.06823,493,11.850000381469727,11.930000305175781,-0.6705777171803344,0.9354589999656608,6261662.55,74200703.6061347,1.233388140505143,12.385222320556641,11.695772762298583,-4.358353082242208,2.0021960766801152,4.640366442628261,8.77564710808358,11.358715806978868,0
HK.06826,493,16.06999969482422,15.5,3.6774173859627015,1.2115262745877704,83777.0,1346296.3644332886,3.3250536982407333,16.198266773223878,19.626243014335632,-4.174124888681131,1.8781718246475338,-24.781994047951176,-30.044147379346136,-34.61818961785671,1
HK.06828,493,0.03400000184774399,0.032999999821186066,3.0303091878076893,5.0718849840255595,1210000.0,41140.002235770226,2.444060572138109,0.03512000046670437,0.03484500023536384,-8.108104298461395,13.333342025677558,3.0303091878076893,6.250000727595727,-38.181814487315386,1
HK.06829,493,3.799999952316284,3.8499999046325684,-1.2987000923330156,0.7032644427452797,896566.5,3406952.657248378,11.061605829855989,2.382700011730194,2.4560250037908555,48.72797859215839,85.3658556441762,58.33332505491078,29.2516965427847,251.85183345535728,0
HK.06830,492,0.1850000023841858,0.1860000044107437,-0.537635485400107,0.36523009495982467,83240.0,15399.400198459625,3.2857816280873644,0.19958000004291535,0.2201517777144909,-7.500000186264512,-11.483255123628657,-21.64788635329204,-26.56409613340518,-27.976325217771265,0
HK.06831,347,4.815000057220459,4.880000114440918,-1.3319683544291427,0.39951720346113656,1285745.7,6190865.619070959,2.853766129391187,5.694600000381469,6.457956736087799,-6.231746005804134,-21.194763469654387,-37.969918645998135,-22.576929968673586,-16.000929349784563,0
HK.06833,492,0.1420000046491623,0.13899999856948853,2.15827777737279,1.9817767653758542,193000.0,27406.000897288322,2.9985804149999367,0.1559800010919571,0.17103726230561733,-12.345676400497588,-19.318178739429488,-23.801841877207014,-19.066370363123017,-31.78451042514264,1
HK.06838,493,0.4300000071525574,0.4350000023841858,-1.1494241848790827,0.8828945943018092,758980.0,326361.405428648,8.748989190274274,0.2700399985909462,0.2435149997472763,86.95652145744496,75.51020358513416,82.97872691199811,59.259255579960346,50.87719738538471,0
HK.06839,493,0.07800000160932541,0.07100000232458115,9.859153599380615,0.8123689727463312,198550.0,15486.90031953156,3.9808192073742035,0.08978000000119209,0.11672500021755695,-8.235293189547063,-21.212119159619657,-37.59999871253967,-46.206893893966416,-60.99999977648258,1
HK.06855,493,28.020000457763672,28.8799991607666,-2.9778349307268526,1.198098918441986,2381968.35,66742754.25737858,5.421078380954288,32.713599853515625,41.2828999710083,-18.02223461794211,-19.48275554005317,-39.871241684000616,-44.95088483736575,-61.45804451998514,0
HK.06858,493,2.890000104904175,2.869999885559082,0.6968717819720989,0.17673048600883653,16375.0,47323.75171780586,1.831148214693338,2.8934000062942506,2.9854999947547913,0.6968717819720989,2.120147802673658,-3.66666316986084,-11.076919849102314,-17.663814451385605,1
HK.06860,493,0.10999999940395355,0.11400000005960464,-3.5087725031225445,3.8866719872306463,299000.0,32889.99982178211,3.101119611342118,0.1183200004696846,0.16486000001430512,-4.347828340440215,-22.535214223598633,-44.44444444444444,-38.88889164836307,-43.877549856739776,0
HK.06862,493,9.234999656677246,9.210000038146973,0.2714399394867244,0.24032175589881807,22251861.75,205495935.62167954,2.7914815285657824,10.491074924468995,12.793660326004028,-10.686658410097658,-14.231355707323019,-32.39121859332444,-31.92203498834879,-23.89422588365221,1
HK.06865,493,5.264999866485596,5.349999904632568,-1.588785788077698,1.4434787667065803,2556651.55,13460770.06940019,3.8638035407355766,6.518400011062622,8.305484318733216,-18.181819529101258,-15.624999044797324,-41.06295657305601,-45.10057059780512,-52.274097279968416,0
HK.06866,493,0.25,0.2549999952316284,-1.960782480441495,2.0809248554913293,19100.0,4775.0,2.7277729395586237,0.28229999899864194,0.3198250003159046,-12.280700653653822,-21.874998253770134,-23.07692025540133,-16.66666997803569,-20.634920034218744,0
HK.06868,493,2.5399999618530273,2.559999942779541,-0.7812492724042223,1.0,25200.0,64007.99903869629,1.0402132556437769,2.618416657447815,2.6820305836200715,-2.681989887215219,-2.687625704858352,-7.584798619002593,-2.1083375861505607,-11.602847519000123,0
HK.06869,493,167.60000610351562,179.6999969482422,-6.733439649535244,1.1551612637763726,15891444.15,2663406136.5336776,7.064361585503417,155.99458374023436,156.97232639312745,-8.074247737788038,11.109735368905778,-14.180355708424758,222.64254820379398,235.778976812436,0
HK.06871,100,27.059999465942383,28.5,-5.052633452833744,0.29707415798278375,384035.3,10391995.012903022,7.338779480651883,29.025600090026856,,3.8372986204657926,-9.377096742049307,,-49.65581494708394,,0
HK.06872,96,108.0,114.5,-5.676855895196507,0.5763954922501773,146320.65,15802630.2,8.566746893555829,158.90400024414063,,-27.903873297863267,-47.41966737621771,,-48.81516587677725,,0
HK.06877,492,0.09200000017881393,0.09200000017881393,0.0,0.0,93450.0,8597.400016710162,1.4780404655439487,0.0956400004029274,0.12201500080525875,-7.070706386539887,-8.000001192092878,-37.837838518131896,-35.21126960092908,-60.68376016669942,0
HK.06878,492,0.03700000047683716,0.03700000047683716,0.0,,0.0,0.0,0.0,0.03700000047683716,0.03700000047683716,0.0,0.0,0.0,0.0,0.0,0
HK.06880,66,140.8000030517578,157.39999389648438,-10.546373245505784,2.890099466808281,131653.15,18536763.921773527,6.983240671938729,216.15799987792968,,-26.666665077209473,-52.36806490374316,,-52.36806490374316,,0
HK.06881,493,6.920000076293945,7.159999847412109,-3.351952182022866,1.7935790782470755,8804762.2,60928955.09575004,2.2984511752209023,7.579500017166137,8.390065138339997,-10.536522859116785,-4.419885427355438,-18.403140201410643,-31.31156488910203,-30.871364353263463,0
HK.06882,492,0.4950000047683716,0.4950000047683716,0.0,1.5261044176706828,22500.0,11137.50010728836,0.10258859712097587,0.49610000014305117,0.46797679618000987,2.0618536429497536,8.791206703858654,17.159760475392524,6.615381731789599,-1.282056768343014,0
HK.06883,317,1.9700000286102295,1.9700000286102295,0.0,,0.0,0.0,0.0,1.9700000286102295,1.9837317901849747,0.0,0.0,0.0,-3.3333286537130093,3.3742660753128506,0
HK.06885,493,0.5699999928474426,0.6100000143051147,-6.557380413054316,0.12082853855005754,172050.0,98068.4987694025,3.74234141881843,0.6254000031948089,0.9076499950885772,-5.785128119441005,-24.000000953674316,-45.19230636971937,-43.00000071525574,-39.361702734768905,0
HK.06886,493,16.299999237060547,16.68000030517578,-2.2781838199206783,0.9561180011852144,5845009.75,95273654.46561146,2.0373027970459425,16.85111125946045,16.569592542648316,-6.707778632912498,2.4002835514119365,10.400292578614517,-13.877676970165792,-7.96127605206919,0
HK.06887,289,40.41999816894531,41.099998474121094,-1.6545020204902154,0.2646990995361569,448263.8,18118821.975204468,4.165097384660379,38.42719993591309,40.052399997711184,9.24323829444679,10.016320964501617,-8.676006096276033,-9.45340788172524,-17.778685324643853,0
HK.06888,492,0.07500000298023224,0.07999999821186066,-6.249994179233778,6.373292867981791,43450.0,3258.750129491091,2.0615604667049796,0.09661999955773354,0.1253200003132224,-13.793097542147592,-37.49999611948919,-52.53164586807324,-48.275858525288555,-50.331121579862625,0
HK.06889,493,3.069999933242798,3.0999999046325684,-0.9677410423445254,3.6209813874788495,39690.0,121848.29735040665,1.21031077387826,3.0634999799728395,3.110453028678894,1.6556275705983468,2.3333311080932617,-6.601087420031818,-6.3271877851911045,-8.070228520196686,0
HK.06890,493,0.7200000286102295,0.7300000190734863,-1.3698616715036243,0.5970149253731343,6300.0,4536.000180244446,0.0,0.7079427850246429,0.4908831040561199,-8.860758347611412,33.935486617867284,117.19266928649104,111.477095240442,126.36983865830906,0
HK.06893,493,0.3700000047683716,0.3700000047683716,0.0,0.41394101876675604,941200.0,348244.00448799133,6.870432343530118,0.24837999820709228,0.22784499943256378,49.79757646784435,112.64368702011194,73.70892281534285,39.62265084586868,86.86869028952279,0
HK.06896,493,1.9199999570846558,1.9149999618530273,0.2610963619440614,0.3258655804480652,320300.0,614975.9862542152,2.0028979808617184,2.443800015449524,2.8896951127052306,-10.280380235279019,-39.04762225536703,-43.2383389468409,-30.665720922299645,-38.834418641038035,1
HK.06898,492,0.699999988079071,0.7599999904632568,-7.894737254879816,0.011940298507462687,1173200.0,821239.9860143661,5.57597031299472,0.7455505776405335,0.7293586593866348,10.23622025071122,-17.404133756053916,-3.55115642843862,-3.55115642843862,-8.56148547699686,0
HK.06899,492,0.23000000417232513,0.23000000417232513,0.0,,0.0,0.0,0.0,0.23000000417232513,0.2292700031399727,0.0,0.0,0.0,4.545457008456409,21.05263529391835,0
HK.06908,493,0.28999999165534973,0.2750000059604645,5.454540134461573,1.8557376672204753,2289087.5,663835.3558983654,6.421015783788206,0.32549999982118605,0.4154999988526106,0.0,-22.66666889190674,-32.558142597318096,-38.29787395938374,-51.666669978035685,1
HK.06909,492,0.21899999678134918,0.21899999678134918,0.0,0.0,82050.0,17968.9497359097,2.488571183659845,0.2265399968624115,0.30112113021314146,0.45871653698099185,-15.76922891760712,-38.558305650757234,-44.988254900915656,-53.617545526432195,0
HK.06911,493,2.3499999046325684,2.299999952316284,2.1739110153428576,3.668122270742358,1355.0,3184.24987077713,0.0,2.320600001811981,2.569949994683266,-6.000003814697266,-6.000003814697266,-23.202616059595297,22.395831102039615,-21.666669845581055,1
HK.06913,493,0.07900000363588333,0.08299999684095383,-4.819269105196906,4.623810896511963,1247800.0,98576.20453685522,7.937950606164638,0.10876000016927719,0.18769999973475934,-28.8288264704761,-47.33333300219643,-64.41441323523806,-72.75861865204092,-74.09836007106438,0
HK.06915,71,10.529999732971191,10.739999771118164,-1.9553076594256678,1.0192531343029243,893275.05,9406186.037969828,10.67527255586562,14.194800052642822,,-36.181819800174594,150.11875623654294,,7.668711865824846,,0
HK.06918,493,0.13300000131130219,0.1379999965429306,-3.6231850412206086,2.5053326364254787,2378566.65,316349.3675690196,5.279447991000201,0.13465999975800513,0.14932000022381545,-3.6231850412206086,-11.333335982428551,-11.333335982428551,-21.301774260986168,-29.9999984314567,0
HK.06919,493,3.299999952316284,3.2750000953674316,0.7633543884232387,2.332773922565555,31781.3,104878.28848454951,1.5140635722657818,3.344199986457825,3.7789628314971924,-5.9829070859700035,4.430375401359936,-14.473687218777128,-14.90346686589657,-28.893383354339814,5
HK.06922,493,3.0,3.0199999809265137,-0.6622510282393388,0.8116055675357773,49150.0,147450.0,2.686040281788891,3.134800000190735,4.799850002527237,7.526883190618305,-23.857869126113624,-46.14003756654853,-55.81737824956801,-48.364887615389875,0
HK.06928,493,0.30000001192092896,0.2750000059604645,9.090911061310528,6.384720327421555,773600.0,232080.00922203064,8.05049984197684,0.18538000106811522,0.2105349999666214,68.53932960514099,50.00000372529024,54.639176841445504,17.647065698344395,22.44898207432918,2
HK.06929,493,3.7950000762939453,3.7699999809265137,0.6631325064698708,0.8305921052631579,58300.0,221248.504447937,1.8750355050172036,3.764323740005493,3.7010391640663145,1.243141907823323,1.243141907823323,7.968100493038135,10.65982168604876,-8.165063733650609,2
HK.06933,493,1.0,1.0750000476837158,-6.976748312273766,3.1727574750830563,116400.0,116400.0,4.698223754185294,1.159700005054474,0.9853500010073185,-13.793100967701989,-25.925927234121126,75.43859869269237,38.888883369940515,163.15789803903854,0
HK.06936,458,29.100000381469727,28.920000076293945,0.6224076926034643,0.43069470911950375,1255511.55,36535386.58393965,2.0603026461501215,30.61995674133301,32.499978389739994,-3.6860789002695022,-6.18536161951589,-9.780961564139224,-14.550930325608363,-16.4508442216581,1
HK.06938,184,54.25,53.599998474121094,1.2126894484758932,1.2373868046571799,311030.0,16873377.5,5.941928181371066,54.812999954223635,,-5.97920401615554,-2.428054876205523,-4.824561403508771,-33.92204505691891,,1
HK.06939,493,1.1050000190734863,1.1100000143051147,-0.4504500150622546,3.066666666666667,199500.0,220447.50380516052,5.4867102543389485,1.1510000026226044,1.427949998676777,-7.916668736272306,-46.87499713439197,-40.591397280913036,49.32432497740662,145.5555662991091,0
HK.06951,65,122.4000015258789,133.3000030517578,-8.177045218556106,0.9125426560274039,1503533.65,184032521.05421028,8.216044956172873,118.86099990844727,,5.154639107685953,,,16.571430024646578,,0
HK.06955,493,2.990000009536743,3.2799999713897705,-8.8414623287375,0.5482135943163424,1953840.0,5841981.61863327,9.626687354717825,3.610999984741211,6.018750004768371,6.216694449700287,-39.83903147365235,-57.22460504375032,-63.536584401400134,-76.15629969192669,0
HK.06958,493,0.07999999821186066,0.08100000023841858,-1.234570399524046,0.0222667557336896,224750.0,17979.999598115683,2.1323507518735476,0.08822000071406365,0.10222000021487475,-15.789474509759632,-19.19192056025356,-21.56862773743102,-28.571432372745086,-34.959352843798705,0
HK.06959,493,2.819999933242798,2.8499999046325684,-1.0526306103030627,0.0020858319862335087,95530.0,269394.5936226845,1.0313376143371407,3.2678000116348267,4.346100009679795,-10.333864853886936,-11.875003399327348,-40.88050430777889,-55.93750169966367,-57.97317560043462,0
HK.06960,276,5.679999828338623,5.605000019073486,1.3380875826925382,0.4630757981964416,57020.0,323873.5902118683,3.1760369076598995,6.753500003814697,11.279908983707427,-9.841275295642813,-33.411488790748756,-52.6912907550212,-62.76743177105506,-67.04703579920259,1
HK.06963,493,3.515000104904175,3.434999942779541,2.3289712796879725,1.0272358630337792,5825322.0,20476007.441100597,2.8076855722015783,3.6039000129699708,3.584279500246048,-7.499996078641742,-4.483694534234737,3.3810409853854777,-5.2340413332637405,2.8145694094175715,2
HK.06966,492,0.6000000238418579,0.6000000238418579,0.0,0.0,159000.0,95400.00379085541,0.8333334989017844,0.5769000136852265,0.5121250019967556,0.8403352926397583,13.207557779396225,23.711341473156402,20.000004768371582,23.711341473156402,0
HK.06968,493,0.08799999952316284,0.09300000220537186,-5.376346842624273,0.44950379451255107,349900.0,30791.19983315468,5.120541347471069,0.1,0.10592000033706427,-11.11111111111111,-44.65408639993462,37.49999272404273,23.94365724224219,3.529410114750335,0
HK.06969,493,9.25,9.229999542236328,0.21668969399348403,0.937337799769049,5819445.85,53829874.1125,3.5458170197537093,9.415240383148193,9.635120432376862,-4.14507393101011,18.674601612654868,5.007960046574798,-20.266908984371725,-44.53549259611893,3
HK.06978,493,0.4000000059604645,0.41499999165534973,-3.6144544569876715,1.4744766106166303,80780.95,32312.380481491982,6.891236974133486,0.39219999611377715,1.5114749903976916,2.5641078544558447,-29.824559477227524,-85.61151042888329,-86.0139852925742,-90.24537462174204,0
HK.06979,493,7.914999961853027,7.900000095367432,0.1898717253736698,1.29935369496471,3053462.05,24168152.009269666,4.0945963353503325,7.814699993133545,8.179132361412048,1.9317462710443163,6.671157418724971,-14.57401200958931,-8.08595366643229,-13.181188634599572,1
HK.06980,233,26.540000915527344,27.479999542236328,-3.420664637436479,0.5097801223098828,103435.0,2745164.994697571,5.5319140850999755,27.570329093933104,25.7677894115448,-20.806020165871004,44.47831564327803,17.113135855524654,-12.646333326720674,,0
HK.06988,493,0.05299999937415123,0.05000000074505806,5.999997168779416,0.5608181741973343,1531900.0,81190.69904126227,10.40091968623174,0.053059999868273734,0.08290500013157726,-24.285715502135602,12.765959976430802,-38.372095843919006,-52.25225343142862,-62.93706510494168,1
HK.06989,493,0.49000000953674316,0.49000000953674316,0.0,0.21908243329911642,136899.25,67080.63380557299,2.3205076458414595,0.5252999925613403,0.6688249969482422,-13.274334229301918,-7.5471630211864165,-20.96774100513042,-40.24390075477653,-57.758618652040916,0
HK.06990,493,445.79998779296875,468.6000061035156,-4.865560822359498,1.00621537731703,596985.1,266135950.2925842,4.884055454451098,494.06999938964844,455.4195004272461,-7.318089855931653,-7.00876231357875,-2.1939447713504876,11.28307064423094,-8.309342533882859,0
HK.06993,493,2.4200000762939453,2.440000057220459,-0.8196713302251629,1.0114906122013139,2627832.95,6359355.939487744,6.316383936982607,3.1546296739578246,2.8895110368728636,-36.215357506884196,-15.534329280287912,-10.0374448979997,-6.754145034548002,-20.89979979113316,0
HK.06996,493,3.309999942779541,3.5,-5.428573063441685,1.1816179354877645,851975.0,2820037.2012495995,6.533296538757027,3.727799997329712,4.057550009489059,-4.057973999106725,-15.345271863943605,-32.31083776780526,-15.345271863943605,-44.36974707754911,0
HK.06998,189,1.7000000476837158,1.6649999618530273,2.102107305259987,0.9368245587686185,1376612.6,2340241.4856420043,4.199347951009017,1.6611000037193298,,-3.954798530910498,-5.555550404536735,-37.9562028552278,-41.379310628321726,,1
HK.06999,492,0.11699999868869781,0.11699999868869781,0.0,,0.0,0.0,0.0,0.11699999868869781,0.11699999868869781,0.0,0.0,0.0,0.0,0.0,0
HK.07489,138,1.8350000381469727,1.9550000429153442,-6.138107526045095,0.5056190269432889,6203374.65,11383192.719389964,5.906539059498284,2.440300009250641,,-23.541668115390614,-43.883790555036995,-65.70093325500726,-71.81259641119622,,0
HK.07618,202,13.020000457763672,12.65999984741211,2.843606751110285,0.39511847464650457,2557237.1,33295228.212610245,3.460783103893275,13.269200019836425,13.289949989318847,-1.3636314704726171,6.285718022560586,4.662386631386848,-6.933519150993981,,1
HK.07630,103,12.699999809265137,14.489999771118164,-12.353347067823291,0.3215756429753029,8280690.0,105164761.42058372,13.743958385180305,13.424999923706055,,1.2759158524627803,-35.07157384447678,,-69.66077490661921,,0
HK.07656,66,15.600000381469727,16.850000381469727,-7.418397458166526,0.8576215346259679,194488.65,3034023.014191532,8.775470355986167,21.746200008392336,,-3.6442256524127608,-25.714283897763206,,-25.714283897763206,,0
HK.07666,103,15.699999809265137,16.860000610351562,-6.880194300670536,0.7020422860140457,8957655.2,140635184.93146285,10.64155872252285,14.285999927520752,,-14.53457217196123,20.769229302039513,,-34.03361213214817,,0
HK.07687,66,60.0,66.30000305175781,-9.502266609007012,1.3016617612733907,90709.65,5442579.0,5.56417548789994,75.29899993896484,,-12.344773301643201,-37.952428238323044,,-37.952428238323044,,0
HK.07688,98,17.729999542236328,18.399999618530273,-3.6413048379588093,0.8330804029542268,1301295.0,23071959.754314423,9.091702768789292,17.847399978637696,,-13.764591426152256,-14.84149950951274,,-62.67368517423931,,0
HK.09600,493,0.12700000405311584,0.12700000405311584,0.0,0.019305019305019305,287880.0,36560.76116681099,5.284577220279774,0.14044000029563905,0.18649000015109776,-11.188812500468917,-5.925926661785709,-38.34951266692737,-36.49999891966583,-47.08333046175533,0
HK.09606,366,186.6999969482422,196.5,-4.987278906746978,1.1062544732310657,756588.85,141255135.98607406,6.070874979184766,190.21,253.46650009155275,1.5225683222882045,-10.24038608257587,-35.173612170749244,-37.010795953846795,-44.40142830995318,0
HK.09607,7,39.599998474121094,39.97999954223633,-0.9504779201255052,,,,,,,,,,-0.9504779201255052,,0
HK.09608,493,0.05000000074505806,0.052000001072883606,-3.846154397232281,0.04602991944764097,434500.0,21725.000323727727,2.5240669621334466,0.04987999975681305,0.05118000013753772,2.0408205157368053,21.951217960914253,2.0408205157368053,-21.875002546585044,-48.453608999686615,0
HK.09609,211,6.760000228881836,6.909999847412109,-2.1707615317307187,0.4046242774566474,3530.0,23862.80080795288,1.1323299255883295,7.516699953079224,8.10372498512268,-11.16951234848437,-9.866663614908854,-9.746322624083982,-23.181817245877497,,0
HK.09611,175,19.649999618530273,19.770000457763672,-0.6069845040710363,0.6368290412659013,261640.0,5141225.900192261,3.4212239915180533,21.790000228881837,,-9.779618920862813,-12.433158864202817,-10.234929897961237,-37.416128664636396,,0
HK.09615,27,79.55000305175781,82.0,-2.9878011563929117,0.7748447051620103,134154.0,10671951.109405518,5.131630405779684,,,-3.282671061692629,,,-20.290580541864355,,0
HK.09616,493,1.75,1.7799999713897705,-1.6853916782002771,1.6362740266140956,82920.0,145110.0,1.9379942709241451,1.8253206300735474,1.9586082708835602,-3.581270257368579,-2.1910182430278757,-18.094927565098907,-20.361068754137897,-22.505195507770352,0
HK.09618,493,105.19999694824219,104.9000015258789,0.28598228598621345,1.002365540377392,5585090.3,587551482.5156571,1.626956987854145,112.1779998779297,112.54854175567627,-1.0348128616515924,-2.952033701653376,-6.484807414820364,-8.190990638044122,-20.247422704263414,3
HK.09626,493,115.69999694824219,117.4000015258789,-1.448044766219173,0.6827659939960139,3429341.05,396774749.01948166,3.113730298679155,128.00199981689454,170.88550006866456,-7.44000244140625,-19.59694103151115,-33.16002722781398,-42.06309528475904,-43.50586170694438,0
HK.09630,73,290.0,329.0,-11.854103343465045,1.1769744958540465,298726.5,86630685.0,7.092491377768829,339.60000091552735,,-18.355858661690835,-28.6065998806043,,-43.689320388349515,,0
HK.09633,493,40.439998626708984,39.7599983215332,1.710262409159879,1.044688930078592,4684809.85,189453703.9003927,2.2220058627294494,41.35560005187988,43.735849933624266,-0.34500541653145705,-0.7850826987280941,-8.134677188946702,-13.995179201200566,-20.453781965342017,2
HK.09636,493,26.540000915527344,27.139999389648438,-2.2107534547327266,1.3235232638670276,808508.8,21457824.292211916,4.101278597223414,28.48159999847412,34.046313505172726,-10.939591963072704,-12.119204486589128,-5.679892780439317,-46.12980303349525,-60.398926075967466,0
HK.09637,72,27.0,28.579999923706055,-5.528341245359847,0.9365335370675731,685976.8,18521373.6,8.490860787366955,29.077999992370607,,4.895105827839332,-18.032783467976866,,-41.30434782608695,,0
HK.09638,493,26.0,35.599998474121094,-26.966289004477556,,195.0,5070.0,0.15384600712702823,35.756399917602536,35.20878576278687,-27.77777777777778,-22.341695473442336,-32.25762431008965,-5.913365538785621,4.910757473806151,0
HK.09639,492,0.9100000262260437,0.9049999713897705,0.5524922645682319,0.683111954459203,136250.0,123987.50357329845,2.3887428151211014,0.9375000059604645,1.0330749985575676,-3.191486326155476,1.111116703645831,-17.27272668160684,-21.551719619742908,-18.01801671185343,1
HK.09658,493,8.954999923706055,9.104999542236328,-1.647442351144053,0.7052359353577872,176495.95,1580521.2187844277,2.7097665039585226,10.028899974822998,11.278675060272217,-5.187927866071608,-8.993904625591734,-23.91674107540752,-32.51695844164879,-37.94178978295616,0
HK.09660,482,3.950000047683716,3.994999885559082,-1.1264039840909454,1.2707494459810977,75081122.65,296570438.04764694,3.4212635650768743,4.545199999809265,6.335149999856949,-9.610980523438457,-10.430834821872661,-41.911765633982334,-56.062289785882605,-59.278349223153604,0
HK.09663,493,2.375,2.380000114440918,-0.21008883195337735,0.09987515605493133,40250.0,95593.75,4.927603642550276,2.3775999927520752,3.587100006341934,0.21097530305316634,-18.103450969056393,-45.27649961984873,-51.62932639902667,-58.186618454622774,0
HK.09668,493,0.7300000190734863,0.7350000143051147,-0.680271446845552,1.5576330584112397,2468775.0,1802205.7970881462,3.1077518453256303,0.8133000016212464,0.8420249989628792,-16.091952290524272,-6.410250532086098,-9.87654112039807,-24.74226829463128,-28.431369340772616,0
HK.09669,493,3.2950000762939453,3.2899999618530273,0.15197916410010393,5.807877242623102,805785.35,2655062.7897265432,3.672143594186468,3.1630000019073488,4.29354999423027,6.807132432747413,-6.657220878200322,-21.5476136683334,-54.986338811162916,-59.371144071737945,3
HK.09676,493,4.135000228881836,4.119999885559082,0.3640860130926524,1.8356112376613516,148500.0,614047.5339889526,3.3648838871907767,4.315400009155273,5.566982436180115,-9.518597952730518,6.847554293518292,-34.14503877721549,-40.52938351381169,-44.301771712209806,1
HK.09677,492,3.0299999713897705,3.0299999713897705,0.0,0.0,50.0,151.49999856948853,0.0,2.8825999975204466,2.6682580697536467,0.4975079921621575,9.58388317528467,19.094936876710285,18.202835698151297,9.58388317528467,0
HK.09678,316,64.55000305175781,66.5999984741211,-3.078071275271654,0.5434637143059925,1739506.9,112285175.70355377,6.024226116337437,72.47600006103515,214.22674987792968,-26.017188479360676,-7.255740708444107,-77.38261932998837,-84.57217877786871,-86.72357025275609,0
HK.09680,492,7.699999809265137,7.699999809265137,0.0,0.0,680.0,5235.999870300293,1.716106547548797,7.463000011444092,7.983299999237061,-1.2820561413384426,28.547581026497497,-16.304348164109523,-18.86196001079692,-33.043479919433594,0
HK.09686,493,0.9850000143051147,0.9850000143051147,0.0,0.4363001745200698,57950.0,57080.7508289814,1.476211845539642,0.9278000116348266,0.915049999654293,-1.0050241623450802,9.444448933189417,9.444448933189417,9.444448933189417,-0.5050500185316258,0
HK.09688,493,19.190000534057617,19.889999389648438,-3.5193508148377726,1.1503400882129262,5861983.3,112491462.65763684,3.8408978162596563,19.241800060272215,15.923650035858154,-4.049997329711914,25.016287017318106,36.97359186688041,41.31075583114262,-21.093746813896416,0
HK.09689,492,0.5299999713897705,0.5299999713897705,0.0,0.0,34800.0,18443.999004364014,0.9563058506346234,0.5325999999046326,0.5822999982535839,12.765951645541577,-23.188409678101227,-24.285717083483373,20.45453960491603,70.96773139147811,0
HK.09690,493,11.399999618530273,12.1899995803833,-6.480721813348797,1.884143275132231,1071590.8,12216134.711220551,6.104711014291117,11.856999988555907,13.528250012397766,-8.800003051757812,-13.897282359488262,-13.962267029960202,-28.971961617251086,-40.62500434617184,0
HK.09696,493,27.219999313354492,27.360000610351562,-0.5117006355040113,1.2047363909960784,2853198.2,77664053.04486428,3.4861319608294945,33.38639987945557,44.42594985961914,-22.050398795377095,-25.137516896506718,-43.054393833023035,-48.0038202354284,-32.38946734184095,0
HK.09698,493,29.760000228881836,29.579999923706055,0.6085203030427498,1.0766406895835432,3948708.7,117513571.8157877,3.1480414287917333,31.43720027923584,36.44430005073547,-4.554201611275256,-6.119875354469002,-26.409492483942472,-16.45142863201332,-24.54360733996527,1
HK.09699,493,8.630000114440918,8.369999885559082,3.106334915612355,0.4632404429178573,4355746.55,37590093.22497563,4.035446368999198,8.503299913406373,10.13877500295639,0.5827528109495151,6.543206271738769,-21.474064657210914,-20.387453939466667,-36.07407322636357,1
HK.09856,12,29.8799991607666,32.5,-8.06154104379507,,,,,,,,,,-13.341068568852354,,0
HK.09857,492,2.700000047683716,2.700000047683716,0.0,0.0,6470.0,17469.00030851364,1.9651001665769128,2.7476999950408936,2.880674993991852,-5.263153051515313,44.38502891972733,-6.896553141608629,-28.947366274624954,-39.99999894036187,0
HK.09858,493,3.8499999046325684,3.799999952316284,1.31578823536055,1.2004918710722863,12618110.05,48579722.48914325,4.073522967153598,4.153500032424927,4.052275009155274,-13.190530906305636,25.407165744328452,-4.228857639316813,-23.000001907348633,37.499998935631325,1
HK.09860,493,4.21999979019165,4.800000190734863,-12.083341197834763,0.16911616670022145,123175.0,519798.47415685654,4.872623838063519,3.87550000667572,4.213625005483627,8.20512017946683,1.442306369719372,26.34730235438353,-0.47169768882415103,-37.57396971435198,0
HK.09863,493,34.0,35.08000183105469,-3.078682367965592,0.8859112534233815,5418365.85,184224438.89999998,4.074694222307011,37.72920021057129,42.15625001907349,-3.954806399811722,-7.8091132990913925,-29.693962839358967,-31.396289229476587,-48.32826987370222,0
HK.09866,493,27.0,27.15999984741211,-0.5891010615280053,0.7725594844598016,4543130.25,122664516.75,2.815120623581623,31.92559986114502,39.54555005073547,-9.152084038347464,-31.88698179684947,-38.044977362162335,-34.65634027247574,-52.29681850195621,0
HK.09868,493,37.5,38.0,-1.3157894736842104,0.8323224038405954,8111145.95,304167973.125,2.9206297279445423,43.31240005493164,60.18749996185303,-11.347516131525353,-28.092044289987207,-43.9042619955826,-53.32918393013051,-58.70044191669878,0
HK.09869,493,0.8799999952316284,0.8949999809265137,-1.675976091011433,0.13289160911149794,519545.0,457199.5975226164,7.536979640290012,1.3171350431442261,1.1471772474050521,-32.224023589278026,-51.33107841584036,9.035002983628447,6.638623493238602,-18.452814210424044,0
HK.09876,493,3.0,3.174999952316284,-5.5118096045518055,0.7619047619047619,71500.0,214500.0,2.1144751725236737,2.579997491836548,2.86494141459465,5.263161417079773,14.99233440001053,9.634264401915768,-14.319437727846998,-28.532803348934337,0
HK.09877,493,7.269999980926514,7.494999885559082,-3.0020001076462286,9.79256535743997,31777.55,231022.78789389133,7.077134839691321,7.278799982070923,8.158249988555909,-0.4109617674589348,-8.207071832145616,-24.74119983682889,-20.719739144596787,-16.244242795803835,0
HK.09878,493,6.949999809265137,7.079999923706055,-1.8361598282739655,1.3169475265043151,302376.55,2101516.96482625,6.350374883616619,7.824900016784668,8.079925019741058,-9.446258807197626,-2.797206761324065,-13.771719014430891,-31.929483023523066,-55.016181908964654,0
HK.09879,493,9.164999961853027,9.0600004196167,1.1589352910953876,0.9865757511186874,463400.0,4247060.982322693,1.78525041461217,9.166240997314453,8.39467078447342,1.4950191901879055,5.0018984081233295,18.732917439027243,17.08176633619266,45.61583806884365,1
HK.09880,493,69.19999694824219,74.4000015258789,-6.9892533212220105,2.057173178460261,3312781.9,229244497.37019196,4.122233859558585,81.89899993896485,103.94424995422364,-19.111637078053477,-21.630810241671217,-21.094641555025508,-47.17557484867009,-48.242334683798966,0
HK.09881,329,17.700000762939453,17.700000762939453,0.0,,0.0,0.0,0.0,17.700000762939453,18.580200457572936,0.0,0.0,-14.657661724818883,10.763462265171121,64.95807565757313,0
HK.09882,492,0.7549999952316284,0.7549999952316284,0.0,0.0,2100.0,1585.4999899864197,0.23178825461651792,0.7880999982357025,0.8404749992489815,1.342280590503612,-22.959185659463344,0.6666660308837891,23.770488119035747,25.833327538437544,0
HK.09885,493,3.4000000953674316,3.549999952316284,-4.225348139821283,1.0309319888418669,379444.5,1290111.3361866474,4.208777204469449,3.426000003814697,4.292074037790298,-3.954798530910498,-19.811314176774342,-31.102183673798706,-34.68794407704611,-62.738190621896514,0
HK.09886,493,0.824999988079071,0.824999988079071,0.0,1.4396270396270396,250425.0,206600.62201470137,4.646570709997676,0.8019000017642974,0.9070749992132187,3.7735812276712197,-12.23404359876867,-7.303370636019074,-21.428568995728675,4.430375401359936,0
HK.09887,298,45.15999984741211,49.599998474121094,-8.951610409878466,1.4453235712747716,1675778.65,75678163.57829647,6.643815227975043,61.50480003356934,62.71934995651245,-28.54430490150566,-9.171362150715831,-38.59959486931278,-10.574257727896812,-28.203499599547765,0
HK.09888,493,82.1500015258789,84.75,-3.0678448072225297,0.6569306712062122,13758431.5,1130255168.7187004,2.417091887429832,93.73300033569336,116.7574998474121,-10.900212315630545,-30.144555619227553,-22.206436824891593,-42.872044657529855,-36.367159068908975,0
HK.09889,493,3.1500000953674316,3.1600000858306885,-0.316455385811424,0.04622017524243501,304354.75,958717.4915255308,0.6855964895627451,3.21550000667572,3.247868444919586,-1.562498486600839,-7.624632959500935,-0.10885002821995765,-3.248286128390103,-6.455517995692952,0
HK.09890,493,10.149999618530273,10.789999961853027,-5.931421182441256,2.4132498326046714,549510.0,5577526.290378571,5.558439887934479,10.015700035095215,14.039325008392334,1.703407656227723,-3.973510770294587,-34.30420877776666,-44.62629754076893,-27.24014510889833,0
HK.09893,492,1.4450000524520874,1.440000057220459,0.34722187728794907,0.042440318302387266,944500.0,1364802.5495409966,3.284133962937721,1.567147662639618,1.566713479757309,-5.560620163566625,-15.814040157438317,-13.337985701439223,55.07939517503324,108.479372192142,2
HK.09896,493,17.790000915527344,17.399999618530273,2.2413868134901294,0.6108960540283215,3837221.2,68264168.66108094,2.520370237426196,20.20439998626709,28.38808919906616,-3.6816373746992213,-23.84417615278646,-41.95199366686831,-52.28888520585112,-58.770891194059736,3
HK.09898,493,49.70000076293945,50.099998474121094,-0.7983986494296151,0.7010403738582653,142711.45,7092759.173880196,1.9890137369331047,55.145199890136716,66.3945997428894,-5.51330379336118,-17.85123840836454,-25.288648282389037,-38.97587935989053,-48.02351799355421,0
HK.09899,493,82.1500015258789,82.0999984741211,0.06090505808422648,1.0099694019318888,332137.6,27285104.346801754,3.0425772473586776,98.26199981689453,130.567000541687,-5.9530590029520996,-31.54166539510091,-36.46558423282103,-56.419097333751246,-68.74048502978019,1
HK.09900,493,6.494999885559082,5.659999847412109,14.752651248369824,1.6645585367623563,3624007.35,23537927.323515274,6.488920943406449,5.555299997329712,5.671624994277954,24.06876255796395,0.5417933003936786,47.61363056326714,5.438312442291865,132.79569800586356,1
HK.09901,493,44.68000030517578,44.58000183105469,0.22431240469674954,0.9668030459875626,3113303.1,139102383.4581047,2.075135684408474,44.252800140380856,42.44465612411499,1.0859717962692779,15.871365959348346,4.20496233170978,-1.1365178725171432,13.557861156183781,5
HK.09903,185,92.25,99.19999694824219,-7.006045526259808,1.6577426146532899,5548001.95,511803179.8875,9.181581263802094,126.4189991760254,,-16.791943799944892,-50.580358489435504,15.312500000000002,76.49872534858318,,0
HK.09906,492,1.559999942779541,1.559999942779541,0.0,,0.0,0.0,0.0,1.559999942779541,1.5885499542951584,0.0,0.0,0.0,-10.85714612688337,3.9999961853027344,0
HK.09908,493,7.789999961853027,7.699999809265137,1.1688331794449738,0.02982848620432513,66775.0,520177.2474527359,0.687923720464322,8.028148136138917,8.070443272590637,1.6361130652884925,-6.733914314340601,-8.11174890469105,0.31321141325221563,3.3453544763243324,1
HK.09909,493,2.005000114440918,2.0399999618530273,-1.7156788267935739,2.6759620638241084,157374.6,315536.0910100937,5.208515282145215,1.9962000060081482,2.309250003695488,7.795704248420366,-3.605760193082377,-17.14875821361831,-17.82786608927681,-9.684680693626223,0
HK.09911,493,9.0600004196167,9.1850004196167,-1.3609144723938553,1.0898521419554397,6192450.3,56103602.31645555,4.111237030137533,8.808400049209595,9.418000030517579,1.285642579272781,-2.3706823241907,13.81910020349445,-23.67312125555282,-29.163405421120288,0
HK.09913,493,2.319999933242798,2.3299999237060547,-0.42918415410722577,0.48836606441891567,192832.1,447370.4591270685,1.7842193589617281,2.2854999685287476,2.3333749759197233,7.159352153387835,2.202641089709455,0.8695644061371431,-2.928877346814324,-5.306127016765692,0
HK.09916,493,0.36000001430511475,0.3700000047683716,-2.7027000903735274,0.5982905982905983,112200.0,40392.001605033875,2.3198755404878963,0.3635000044107437,0.35155000165104866,-2.7027000903735274,-2.7027000903735274,5.882356034843122,10.769239233796018,7.462688160516194,0
HK.09918,493,0.9800000190734863,0.9300000071525574,5.376345326492771,2.8793774319066148,11760.0,11524.8002243042,1.0201403269541327,0.9661000049114228,0.9861749961972237,0.5128200112166769,0.0,5.376345326492771,-4.854364437391164,-8.411217660443162,1
HK.09919,493,0.7049999833106995,0.7099999785423279,-0.7042247017941755,5.497832442412062,100593.35,70918.31007116735,1.996585753984016,0.7411565220355988,0.8333957952260971,-6.869219057865483,-6.264479334369649,-18.249002920049477,-27.417347199140295,-23.10549737511923,0
HK.09922,493,0.9549999833106995,0.9900000095367432,-3.5353561503925115,0.9313529396980714,1522484.8,1453972.9585907937,3.3528600110989073,1.102799994945526,1.5592639756202697,-11.16279619071445,-24.803149791073984,-42.71169412580941,-48.501470620566266,-52.07067312559126,0
HK.09923,493,3.7699999809265137,3.8499999046325684,-2.077920147732825,0.3133585279352218,462634.0,1744130.1711759567,4.425743223450358,4.399932508468628,6.071671252250671,-11.26901070594792,-23.433736456569992,-42.45929217676913,-53.911568650882714,-60.84859070014118,0
HK.09926,493,105.69999694824219,109.0999984741211,-3.116408408278208,1.1334155699904942,9931115.7,1049718899.18264,4.286519041541981,96.13800003051757,108.50049991607666,11.204622361437599,9.533675594033355,-20.586031479189927,-6.707860457906416,-20.34664703913368,0
HK.09927,228,34.52000045776367,37.0,-6.70270146550359,2.235080535090627,2034355.8,70225963.14725418,5.971923610437799,38.93119987487793,68.80653367996216,-5.32089598305881,-27.631027451504764,-58.48601489807634,-67.37357057639883,,0
HK.09928,493,0.4699999988079071,0.4650000035762787,1.0752677834782465,1.3539028321436795,688750.0,323712.499178946,1.4607184916705116,0.4879000049829483,0.49011800676584244,-5.050506205987388,-4.081634763179803,5.7791300729345965,-4.015234538046723,-0.32350368956893377,1
HK.09929,493,1.4149999618530273,1.399999976158142,1.0714275678809637,0.7454819277108434,1189500.0,1683142.454624176,4.613656415603868,1.6417000031471252,1.2101250033080577,-11.562503702007179,7.196962547422944,66.470579078041,135.8333176043305,1865.2778093967554,3
HK.09930,493,0.699999988079071,0.6600000262260437,6.06060003993511,0.06198336587828991,199416.75,139591.7226227671,3.290408672071643,0.7142000043392182,0.8425947883725167,-5.405408235428679,-11.392408978994343,-23.951688551398632,-33.80980410965837,-41.88178001715826,1
HK.09933,492,1.649999976158142,1.649999976158142,0.0,0.0,51400.0,84809.9987745285,0.6078441960478199,1.6523999786376953,1.65349999666214,0.6097555213709185,5.095536371550287,-7.303370636019074,-5.714287076677595,-18.719211851588074,0
HK.09936,493,12.010000228881836,12.270000457763672,-2.118991191376235,1.0257391325584662,1230682.5,14780497.10668087,6.795596398383973,13.729399948120117,13.591882543563843,-21.090670051437634,-27.95440807489255,-18.058831938334404,97.46479089667946,112.44006176137322,0
HK.09938,492,0.24300000071525574,0.23999999463558197,1.2500025611371375,0.09269988412514485,204250.0,49632.750146090984,3.2403912412671416,0.26021999925374983,0.20350499968975783,-8.301881572537058,15.714289667655134,78.67646140391282,91.33857713392248,109.48276526508396,1
HK.09939,493,1.649999976158142,1.7400000095367432,-5.17241568306443,2.365243844471908,564775.0,931878.7365347147,5.205486906719701,1.798199999332428,2.347150005698204,-11.764707382312542,-13.61256518360946,-38.888890851181685,-19.11764671508278,-30.672273242905245,0
HK.09955,493,0.5049999952316284,0.49000000953674316,3.061221510804984,1.037625613461089,133930.0,67634.649361372,7.567517934718468,0.49449999928474425,0.6786249977350235,-0.9803912402207475,-11.40350849674679,-29.861114560453846,-49.50000047683716,-63.13868660774131,1
HK.09958,493,0.13699999451637268,0.13500000536441803,1.4814733870238705,0.8561801194669935,491650.0,67356.04730397463,3.5183121107701556,0.13124000117182733,0.16125000044703483,7.874007987491473,-12.17949250657872,-25.543481385817707,-9.271522655983093,-51.929825882282074,1
HK.09959,493,2.2249999046325684,2.2899999618530273,-2.838430493591017,1.233460703467034,5013547.85,11155143.488120817,3.7035867379064924,2.2586999893188477,2.112367350459099,-0.22422037659871416,27.14285169328962,21.442491727572314,-1.4908540746496328,-30.446574483027494,0
HK.09960,493,0.9100000262260437,0.9200000166893005,-1.086955465418649,0.8376861487244202,225065.2,204809.3379025698,3.0868825016506403,0.9387000024318695,1.010399269759655,-3.703700199609334,-5.2083284826948155,-11.458081902538668,-14.485160603436196,-32.39705309973153,0
HK.09961,493,296.0,302.79998779296875,-2.2457027962689535,0.5066089972853018,3018177.05,893380406.8,2.5417486720262827,335.75200134277344,399.2520004272461,-6.506634777758104,-9.975665757512587,-22.996877029162942,-49.22813036020583,-49.18454935622318,0
HK.09963,493,8.6850004196167,8.819999694824219,-1.5306040802556973,1.67547783651891,128050.0,1112114.3037319183,6.278036053712785,9.346000003814698,5.732225021421909,-16.969403556949903,1.936619166524511,264.915966470736,538.6029653135156,2279.452107587524,0
HK.09966,493,7.539999961853027,8.085000038146973,-6.740879081292567,2.1230199844432183,962513.65,7257352.884283018,4.667312841828026,8.207599983215331,8.735649995803833,-10.769229206541823,3.146375114553442,-4.918031209684185,-21.294363028176797,-38.54930985693487,0
HK.09968,493,0.17399999499320984,0.1850000023841858,-5.945949864439708,0.7331334595693948,23440700.0,4078681.682637334,16.201044518187974,0.07573999993503094,0.040015000188723206,216.36362897463079,656.5217158913838,569.230736166063,728.5714159003729,769.9999944120644,0
HK.09969,493,12.539999961853027,13.510000228881836,-7.179868620247176,1.4950896905631699,9617896.45,120608421.11610636,6.3733854276281905,14.424200038909913,13.15730004310608,-13.397787580894372,-6.3480235972779475,-8.199120776500347,0.31999969482421875,-28.547005658141817,0
HK.09971,66,39.959999084472656,40.18000030517578,-0.5475391215335197,0.30502885408079145,141420.0,5651143.070526123,5.709353910293376,49.07779991149902,,-6.197181887816734,20.288975364543575,,20.288975364543575,,0
HK.09973,254,24.100000381469727,24.920000076293945,-3.2905284603280287,1.063737078885817,4115332.2,99179507.58987466,3.9659003896951357,25.534799995422365,26.957461223602294,-4.516637876332017,-5.932866541659151,-4.236657536489131,-17.301060913340788,-23.85646158262921,0
HK.09976,22,189.60000610351562,205.60000610351562,-7.782100936292926,1.3217644907553423,466214.85,88394338.40554962,5.381968654218161,,,-9.714282807849703,,,-18.835615946217995,,0
HK.09978,493,2.990000009536743,3.0999999046325684,-3.548383821929926,0.22760397840560614,2049240.0,6127227.619543076,13.829642357868305,1.8834000062942504,0.5683600022085011,38.74710205255719,1199.999980563703,5437.036911072149,3591.3580255998268,3080.8511828906762,0
HK.09979,493,1.7949999570846558,1.7949999570846558,0.0,0.7024407969627317,1208222.6,2168759.5151487114,3.2460504640203807,1.8046999979019165,2.0991621094942094,-6.994818348817879,5.588229808015548,-4.094902891442103,-30.126284103547974,-34.730047076566215,0
HK.09980,167,95.5999984741211,93.3499984741211,2.4102839172769297,0.6674458158289767,335969.95,32118726.70735054,2.818309186489487,105.10070175170898,,-6.457924335813408,-13.644492005910816,-39.450481874405526,-48.25156500975914,,1
HK.09981,159,7.789999961853027,7.980000019073486,-2.3809530923098774,0.7209897361133067,1639470.0,12771471.237459183,3.251420594134137,9.753599920272826,,-23.62744992625386,-32.14285476935203,-56.92318280050753,-61.755783704711675,,0
HK.09982,493,0.07999999821186066,0.08100000023841858,-1.234570399524046,0.3933171653683499,5386846.75,430947.7303675674,6.692617359807257,0.09046000003814697,0.10038499975576996,-12.087912267856074,-23.809523133734164,0.0,-50.617285199762016,-27.272728504228205,0
HK.09983,493,0.23000000417232513,0.23000000417232513,0.0,1.286960736791081,430950.0,99118.50179806352,4.7373495661953555,0.29417999893426894,0.4009699983149767,-23.333334989017846,-29.230765351176824,-35.21126447228103,-61.66666749450892,-76.53061227592912,0
HK.09985,493,6.525000095367432,6.46999979019165,0.8500820241008394,0.7644922033860382,2415717.45,15762556.59163077,3.481206680274889,7.232034721374512,8.764553866386414,-7.063356769121267,-6.873947570204464,-27.479050730842197,-36.87024644004897,-42.12672547693933,2
HK.09986,492,1.8799999952316284,1.8799999952316284,0.0,,0.0,0.0,0.0,1.8799999952316284,1.8799999952316284,0.0,0.0,0.0,0.0,-29.05660650661373,0
HK.09987,493,323.79998779296875,322.6000061035156,0.371971998372522,1.3756553319860587,554817.2,179649802.5873291,1.8296396905488737,349.6106384277344,368.70704345703126,-4.483779412103614,-5.13670819054666,-16.281040890550706,-14.13823753807032,-3.1709629281355727,3
HK.09988,493,104.30000305175781,105.4000015258789,-1.0436418009453357,1.2285956700964895,54707401.1,5705982101.683739,2.5988336691493865,114.03,127.61779083251953,-5.009107328901799,-2.9767413472020348,-13.34685515577531,-29.921450034596354,-37.28706044022334,0
HK.09989,493,3.8499999046325684,3.815000057220459,0.9174271792176496,1.0453209865550708,565275.0,2176308.696091175,3.3490403809539027,4.187600002288819,4.562088171243667,-11.494253125558023,-8.333331441122303,-19.356446457317283,-22.482167087361184,-24.67193388624056,2
HK.09990,493,1.6200000047683716,1.649999976158142,-1.8181801105005106,1.1050648469394442,247899.25,401596.78618207574,4.982664007907768,1.7970000004768372,1.783500000834465,-6.896551960383053,-18.99999976158142,8.000000317891438,-0.6134963492337805,-30.472100523006475,0
HK.09991,493,8.994999885559082,8.609999656677246,4.471547552075216,1.5825262724088194,25540.0,229732.29707717896,1.5743481493196951,7.599499959945678,7.1335749912261965,22.798636447493426,22.38095241184562,54.288164721639966,24.240333838710484,-17.477062382026546,4
HK.09992,493,152.5,151.5,0.6600660066006601,1.6254890418007182,4271368.95,651383764.875,1.9757145280605903,154.31,174.6283399963379,-2.3062177852371955,-1.5493828218535814,4.372708351391515,-19.625994005307902,-41.65330730349476,4
HK.09993,493,1.0149999856948853,1.059999942779541,-4.245279199417359,0.7268555217155492,60728350.0,61639274.381273985,5.344249283964512,1.090799995660782,1.3753999981284142,-6.018523577554525,-6.880738108901073,-24.81481720227105,-44.23077162402413,-60.35156217258189,0
HK.09995,493,70.25,71.9000015258789,-2.294856037360476,1.1659299435144717,2111752.3,148350599.075,4.484827967537377,78.12800003051758,84.56100006103516,-9.06148867313916,-15.666269596231942,-28.932725256043952,-4.616431032502049,-31.127450980392158,0
HK.09996,493,4.574999809265137,4.880000114440918,-6.250006107033133,1.2531615349444865,458601.6,2098102.2325286865,4.910189117488443,4.858200025558472,5.440549999475479,-5.67010517061578,7.900944722424528,-24.38017082592134,-25.24509975791943,-25.3670518131402,0
HK.09998,493,0.4950000047683716,0.5,-0.9999990463256836,0.04082674151569278,981750.0,485966.2546813488,3.5675029086278918,0.43919999778270724,0.42574873343110087,16.470586090351944,35.616436119172704,10.00000397364309,33.78378334839559,55.641786636360635,0
HK.09999,493,186.5,188.5,-1.0610079575596816,0.7400749176500996,5381370.05,1003625514.3249999,2.1242047225735203,191.88160552978516,192.79078201293945,1.8013117394811595,-12.724563982133708,8.313676266948072,-18.282595629200795,-18.80758093973037,0
