code,n_rows,last_price,prev_close,gap_pct,rvol,avg_vol_20d,avg_dollar_vol_20d,adr_pct,sma50,sma200,perf_4w,perf_13w,perf_26w,perf_ytd,perf_52w,consecutive_up_days
HK.00001,490,67.9000015258789,67.55000305175781,0.518132432729751,1.568100360436605,6178002.65,419486389.36188394,1.7399935563501747,70.0178598022461,63.37256729125976,-3.0462395429077405,-0.5890517579176554,16.966167391096494,30.070707528349512,37.85483649990044,3
HK.00002,490,77.44999694824219,77.1500015258789,0.38884694287744365,1.6133266964326298,3161565.25,244863218.96416855,1.4085098126660567,77.33370422363281,73.11511287689208,-2.153051455035291,7.1081927666097195,7.354678157283851,14.662768191478595,24.45540250182732,1
HK.00003,490,7.090000152587891,6.994999885559082,1.3581167774560385,1.790052492479372,28443897.55,201667237.96969435,1.7625548395917394,6.95528655052185,6.898119127750396,-3.901976552916996,7.894489741509939,-1.2438690905458432,4.728715034832661,6.374458525265673,1
HK.00004,490,19.280000686645508,19.25,0.15584772283380682,1.8423389253968003,1315233.15,25357696.035098933,2.8571183672454437,19.35000679016113,21.893827962875367,-7.399630524610715,5.516733053006843,-14.961708143307021,-11.075546004538122,-16.53516162742461,5
HK.00005,490,161.60000610351562,159.8000030517578,1.126409898236865,1.1986616002494883,10255450.25,1657280822.9943008,1.2852476522362732,161.41274871826172,138.84733509063722,-0.7980281409923403,9.722231431398908,26.11908376438376,34.94640302812761,64.99295315556314,1
HK.00006,490,59.849998474121094,59.95000076293945,-0.16680948714879731,2.3195324196525386,3227662.15,193175574.7524784,1.71793356856993,58.89693473815918,57.70645895004272,-2.914756874432136,7.882095765096432,-0.6216326909626616,13.523797257510514,23.80536634763896,0
HK.00008,490,5.300000190734863,5.394999980926514,-1.7608858299816998,2.1178284842271675,8393294.9,44484464.57089396,1.4882103418647268,5.473846063613892,5.5163908863067626,-2.2140199975999786,-3.985271224682326,-5.225354525401824,2.130788792661443,8.391683951946433,0
HK.00010,490,12.1899995803833,12.1899995803833,0.0,1.848110125444134,932522.45,11367448.274198007,1.9626246350311762,12.861539058685302,14.29483510017395,-4.765629697358166,-7.764568880966085,-18.076049224842745,-15.666522373691361,-11.258445090432145,0
HK.00012,490,25.959999084472656,25.719999313354492,0.93312510701954,1.562915752304009,9533963.1,247501673.34739608,2.202047232517296,27.00043155670166,28.55273681640625,-12.382830157755139,0.38082051166316744,-15.570902059383974,-6.241722408591212,0.4156652532769237,1
HK.00013,490,21.540000915527344,21.799999237060547,-1.1926528928092779,0.9171082251053758,7461902.75,160729392.066576,4.211206835569447,19.452799987792968,20.759749960899352,8.95296113697657,32.717199772387374,-5.526308612699964,2.8653312615434894,-14.52380847858827,0
HK.00014,490,15.779999732971191,15.529999732971191,1.6097875357282452,1.70100829925501,1581175.7,24950952.123780537,1.9692135776058433,16.927494773864748,18.13264075279236,-4.7648897228105715,-4.594917296135959,-14.738999719378363,-11.433781606306253,5.7640727364584965,1
HK.00016,490,107.69999694824219,108.19999694824219,-0.46210722190609355,1.9378078650162855,6009308.9,647202550.1910447,2.751318085608892,118.8079997253418,121.21630012512207,-15.990640006236823,-6.020943820027241,-21.329436267412465,12.27945007745808,19.422897005124714,0
HK.00017,490,5.78000020980835,5.815000057220459,-0.6018890295392212,1.3682539741976067,6367177.25,36802285.84088695,3.8528691421559618,6.639799995422363,8.00244997739792,-18.130307979397124,-20.60439501058048,-38.83597538127547,-21.786193312110317,-30.69544239738625,0
HK.00018,490,0.21199999749660492,0.21199999749660492,0.0,0.0,109400.0,23192.79972612858,1.6236158148771769,0.21967908531427383,0.26484070882201194,-0.3840657121225414,-16.172244546836517,-25.952155167029613,-27.16605177688352,-36.53041682693461,0
HK.00019,490,100.0,99.69999694824219,0.30090577827555476,1.763338024788964,1153147.35,115314735.00000001,2.354050283231897,98.60321975708008,82.21852270126342,-3.6003509667397973,22.849694515984087,28.48632828103953,63.88563190563372,55.34993202729338,1
HK.00020,490,1.274999976158142,1.2050000429153442,5.80912288380023,1.236921483401633,534174606.8,681072610.9342849,4.562613927027546,1.4023000025749206,1.8761250007152557,-15.841584937485154,-15.000001589457193,-44.56521727863016,-42.56756938168505,-35.27918996744316,1
HK.00021,490,0.09200000017881393,0.07999999821186066,15.000002793967788,4.71836686521096,4816535.0,443121.2208612636,15.961153044336445,0.07922000043094159,0.08356499982997775,-12.38094947505691,12.19511907026933,10.843377928201715,-10.67961158025657,-20.689652736135884,4
HK.00022,490,3.015000104904175,3.2799999713897705,-8.079264292594262,1.029619543859954,258390.05,779046.0278561949,7.192773721239577,1.905600006580353,5.986149992346764,75.80175196641454,28.29788201100297,-67.58064469818106,-62.77777823564609,-55.98539931562381,0
HK.00023,490,19.239999771118164,19.25,-0.05194924094460227,1.9574698401412274,3237740.15,62294119.74494009,3.1442893560425267,16.407805156707763,14.107037982940675,15.94693473935247,49.074629155227846,42.09346433940097,48.532838405526135,64.79199246230232,0
HK.00025,490,4.800000190734863,4.800000190734863,0.0,0.6963636363636364,2414.9,11591.520460605621,0.17910566618083268,4.672173109054565,4.182116849422455,6.601290356468281,19.545741076166166,20.405770651511297,20.986038745752676,31.542801691418234,0
HK.00026,490,58.45000076293945,58.400001525878906,0.08561512971603367,0.0,2970.6,173631.57226638793,0.4234488124334144,58.57699996948242,57.564053745269774,-0.5952355079292182,2.274714264831429,1.3097327930083054,2.778414269604164,1.0947993205503819,1
HK.00027,490,32.619998931884766,32.70000076293945,-0.24465391189029445,2.5228739187061002,11443247.1,373278708.17929345,2.454647792225564,32.87337890625,34.21945708274841,-7.057556330033318,8.282455788010383,-8.082316765770493,-11.22236774280958,-15.964239135743735,0
HK.00028,490,3.3299999237060547,3.3299999237060547,0.0,6.435865204139617,122816.8,408979.9346298218,1.4862049778054498,3.4563999938964844,4.013882899284363,-5.932204531353929,-13.281250048506385,-26.34650276151203,-24.264983781020405,-33.1322373882001,0
HK.00029,490,8.664999961853027,9.119999885559082,-4.98903431376701,3.9627039627039626,51400.0,445380.9980392456,1.8628235720979085,9.516399993896485,11.007888159751893,-7.425210687143767,-16.922342202107995,-26.538492355554272,-33.16531815378232,-33.546968586482784,0
HK.00030,490,0.24799999594688416,0.24699999392032623,0.4048591300291646,3.386313885980775,1228600.0,304692.7950203419,2.727224111270374,0.24506000071763992,0.25060999937355516,1.224486171479397,12.727271495771793,-14.482757557586567,1.6393414590667243,-6.415090817240452,3
HK.00031,490,0.4699999988079071,0.4699999988079071,0.0,0.4394089708789322,2458759.5,1155616.9620689303,2.7002660561385623,0.4951999980211258,0.5727500012516975,-4.081634763179803,-36.48648746610993,-21.66666997803569,-33.802815068692674,-27.69230522347616,0
HK.00032,490,7.175000190734863,7.099999904632568,1.0563420719676229,0.15749033895201991,74240.15,532673.0904101848,0.8880117012065354,7.441787395477295,7.774041640758514,-4.336858407473479,-7.970872759143087,-11.623188347914729,-7.601120817375555,-9.919880709469272,3
HK.00033,490,0.4000000059604645,0.4000000059604645,0.0,,0.0,0.0,0.0,0.4000000059604645,0.4000000059604645,0.0,0.0,0.0,0.0,-3.6144544569876715,0
HK.00034,490,4.425000190734863,4.409999847412109,0.34014385128735225,0.09521732447479711,217346.0,961756.0914554596,2.664043390888148,4.710700006484985,4.609534010887146,-7.329840788320157,-7.8124996895591545,-7.527475752351473,6.30018815798306,28.854650079410327,1
HK.00035,490,0.6299999952316284,0.6700000166893005,-5.970152307656038,28.312189909602157,1953278.0,1230565.1306860447,2.815206937569471,0.6772000050544739,0.749100002348423,-5.970152307656038,-9.999999148505061,-27.58620784153221,-14.864866606417648,-19.230766879501108,0
HK.00036,490,0.2750000059604645,0.2750000059604645,0.0,,0.0,0.0,0.0,0.2750000059604645,0.2547350051254034,0.0,0.0,0.0,74.05062867336005,7.843141608951449,0
HK.00037,490,0.47999998927116394,0.48500001430511475,-1.0309329662834354,0.34285341111933476,351404.0,168673.9162298441,2.075111729012252,0.49240000247955323,0.5044499945640564,-2.0408204226431472,-9.433959399563019,-5.88235328491722,6.6666671081825655,5.494500096186174,0
HK.00038,490,8.914999961853027,9.145000457763672,-2.5150408354040596,0.612814838873936,4446920.95,39644300.09961343,3.9614689403890604,8.78560001373291,8.41616596698761,4.025674204366292,23.991653559171546,-1.8265530726333257,9.042660531944948,21.51012224186936,0
HK.00039,490,0.04500000178813934,0.04500000178813934,0.0,,0.0,0.0,0.0,0.04500000178813934,0.0597950011305511,0.0,0.0,-40.0,-44.44444240038942,-48.86363405457212,0
HK.00040,490,0.6899999976158142,0.6899999976158142,0.0,0.0,34078.55,23514.199418750406,1.243186483617435,0.6820811605453492,0.6994315522909165,2.5182156734317376,-4.503575750036379,-1.8135306107770452,-5.794070280031282,0.6008881099324992,0
HK.00041,490,14.34000015258789,14.399999618530273,-0.4166629689710132,0.60164471683541,499194.7,7158452.074171066,1.8355023766481116,15.414400024414062,15.784464602470399,-10.986967043479497,-6.27450997502807,-14.073572722577493,-1.5800389292352692,4.962299911990314,0
HK.00042,490,0.2199999988079071,0.23800000548362732,-7.5630278407529214,0.07894736842105263,150900.0,33197.99982011318,5.037893081198384,0.24129999816417694,0.32219999939203264,-5.579397769238566,-25.423725902674498,-55.55555622451901,-22.80701699349358,-27.868854541414578,0
HK.00045,490,5.300000190734863,5.304999828338623,-0.0942438787095213,0.29081778073543496,412825.4,2187974.6987401964,2.7337247181466657,5.584200010299683,5.947150003910065,-1.5784593228257378,-3.4608303880603444,-20.658677740519916,-9.863944088735826,-9.71038681323466,0
HK.00046,490,1.2200000286102295,1.2100000381469727,0.8264454667762735,0.0,26000.0,31720.000743865967,0.9639580421890402,1.216393892765045,1.2589412194490432,-3.867667469984543,5.66611060180659,-3.974833662968912,-17.69272008452939,-22.050168298056956,1
HK.00048,490,0.3799999952316284,0.3799999952316284,0.0,0.0,23712.0,9010.559886932373,0.528162660824088,0.37320000350475313,0.29745500095188615,2.7027000903735274,7.042255412962399,56.378598400461534,167.6056216832456,105.40540018074707,0
HK.00050,490,4.739999771118164,4.715000152587891,0.5302145858161227,0.4598265379032925,168302.45,797753.5744786263,1.6771482948391396,4.803240346908569,4.778174755573272,-1.2707817530566776,0.5765457781880681,-2.482299073118312,3.59989440429253,0.06334677745289584,1
HK.00051,490,4.349999904632568,4.340000152587891,0.23040902518666967,3.5302593659942363,20412.5,88794.3730533123,0.5594847167379607,4.483000059127807,4.5343000388145445,-3.333335452609592,-3.333335452609592,-9.375005587935226,0.9280733731803988,-0.6849362790982247,2
HK.00052,490,4.340000152587891,4.385000228881836,-1.0262274559885307,1.101949802945447,56191.0,243868.94857406616,1.5344284579033733,4.4089932537078855,4.204768030643463,-3.328018394531603,4.9866477586332785,3.0949998759684796,-2.191914104296859,-15.771826458668587,0
HK.00053,490,71.8499984741211,70.69999694824219,1.6265934590079196,0.2247191011235955,3900.0,280214.99404907227,0.5198475657724199,70.86399993896484,70.44047367095948,-0.7596727074117775,5.50660805289893,0.9838326538722313,5.069485709134457,0.40582297976887577,1
HK.00055,490,0.13600000739097595,0.13500000536441803,0.7407422124603064,0.0,17000.0,2312.000125646591,1.6927192824295851,0.14031999915838242,0.1519049995392561,-6.2068887556348225,-6.2068887556348225,-17.073168515591792,-10.526308049950654,-35.23808969662016,1
HK.00057,490,1.5,1.4800000190734863,1.3513500451867637,0.06920415224913495,56700.0,85050.0,0.6945051281143324,1.5053755140304566,1.564079554080963,-1.4013054486366008,-4.728254051083972,-10.235295317813721,-2.941914923207257,-6.638631101892223,2
HK.00058,490,0.23199999332427979,0.23000000417232513,0.869560485075548,0.0,32750.0,7597.999781370163,0.5204090910361626,0.24847999721765518,0.24594999946653842,-12.452827981885585,-4.918036591266588,-29.696974513506458,11.004778139184399,34.104047836002465,1
HK.00059,490,0.009999999776482582,0.009999999776482582,0.0,,0.0,0.0,0.0,0.009999999776482582,0.009999999776482582,0.0,0.0,0.0,0.0,0.0,0
HK.00060,490,0.5899999737739563,0.5649999976158142,4.424774559935741,0.0,38700.0,22832.99898505211,0.9431843542642093,0.5121999955177308,0.4892249962687492,11.320755777939622,13.461537579812916,15.68627153071743,31.111108756359652,25.531909632002826,1
HK.00061,490,0.18299999833106995,0.18299999833106995,0.0,0.0,3532.75,646.4932441040874,0.0,0.19711999714374542,0.2675400002300739,0.5494516741004631,-28.515629047251227,-39.80263019228282,-42.088610788383626,-44.207319123077596,0
HK.00062,490,8.819999694824219,8.600000381469727,2.558131437162735,0.31123234542002154,132664.5,1170100.8495140076,1.5401575781773416,9.22769998550415,9.836001267433167,-2.8634386681328885,-6.468723124184371,-16.798686690888182,-12.806904293631408,-13.052282818968855,1
HK.00063,490,0.03999999910593033,0.03500000014901161,14.285711244660995,0.0,102300.0,4091.9999085366726,1.9495654197318384,0.03500000033527613,0.04881499999202788,17.647049800335406,-11.111116630059483,-28.571432372745086,-27.272728504228205,-38.46153757981291,1
HK.00064,490,3.805000066757202,3.815000057220459,-0.2621229439913207,4.2676279714835275,152314.4,579556.3021680831,0.26261402162566455,3.7585999965667725,3.281577205657959,0.0,11.583576861708208,22.741941413323847,26.833335558573406,38.172940770571735,0
HK.00065,490,0.24899999797344208,0.26499998569488525,-6.037731541565132,0.17372205929918094,573664.55,142842.47178743558,2.651342706359065,0.24987999796867372,0.2882799990475178,-0.40000081062316895,18.57143130837663,-28.85714222460376,-29.85915338063704,-48.65979574656352,0
HK.00066,490,32.97999954223633,32.380001068115234,1.8529909028073368,2.2178219139606052,5209554.8,171811114.91925505,1.673179706225805,32.40524696350098,31.843299436569215,-1.5337619655915782,6.300905699249716,-2.2154779317455584,13.564571516017473,30.08304361655612,1
HK.00068,107,8.484999656677246,8.649999618530273,-1.9075140939840016,1.2380427576289381,10492178.3,89026129.27329646,9.384939606504656,8.963000087738036,,-3.249723902056674,-38.290911587801844,,-54.38172321151973,,0
HK.00069,490,3.8499999046325684,3.869999885559082,-0.5167953880604408,3.9219314280558293,2180558.6,8395150.402045727,2.7297005590398555,4.080400023460388,4.379643967151642,-7.56302665319387,-4.938278436624106,-17.877395164449954,-17.877395164449954,-12.783784983688347,0
HK.00070,490,0.0689999982714653,0.0689999982714653,0.0,0.0,230400.0,15897.599601745605,2.41982663788932,0.053959999829530716,0.05300000006332994,43.74999514936163,43.74999514936163,30.188677521225543,37.99999448657044,0.0,0
HK.00071,490,9.830000877380371,9.742057800292969,0.9027156160452844,2.4259121344803543,58733.45,577349.8650315761,0.8700984001567806,9.825212516784667,10.02123752117157,-0.29732330674047935,-0.8866876749326615,-6.912647196732646,0.40070657920305774,6.244012663313724,1
HK.00072,490,0.23999999463558197,0.21699999272823334,10.599079575156207,0.0,89300.0,21431.99952095747,2.2803409759636977,0.23919999957084656,0.24563999868929387,-11.111116630059483,-7.692306369719372,-2.834007877345221,0.0,-27.272731788230487,1
HK.00073,490,1.850000023841858,1.850000023841858,0.0,0.0,1210.25,2238.9625288546085,0.6540143960339623,1.957599995136261,1.8960499960184096,2.7777818250068513,-2.6315764707211,-0.5376338917391232,11.445786809692923,-7.4999988079071045,0
HK.00075,490,0.14100000262260437,0.14100000262260437,0.0,0.0,3520.0,496.3200092315674,1.0811422516186064,0.14168000131845473,0.14726500116288663,6.015038520621695,-11.874996391124942,6.015038520621695,0.0,0.0,0
HK.00076,490,0.15399999916553497,0.16200000047683716,-4.93827239984856,0.15955786748222073,1924809.25,296420.622893814,5.874771146039622,0.14634000033140182,0.15955499991774558,16.666666666666664,14.074068923055593,-8.875740010182167,9.999998935631348,-38.40000033378601,0
HK.00077,490,0.5199999809265137,0.5199999809265137,0.0,0.0,68600.0,35671.99869155884,1.2876309376859634,0.4688396054506302,0.4099844205379486,10.638301110257059,33.26885905192407,37.97246323842805,27.474554482440993,36.36813314825063,0
HK.00078,490,0.4449999928474426,0.44999998807907104,-1.111110080907347,0.09810521433800179,163155.05,72603.99608302413,3.4803305555599953,0.42299999833106994,0.5022499991953373,8.536584568052042,-4.301077543014524,-19.090912145031318,-17.592597191716237,-17.592597191716237,0
HK.00079,490,0.11299999803304672,0.11100000143051147,1.8017987178020816,4.687049783896271,163275.0,18450.074678845704,8.5872758721237,0.11504000037908554,0.09811500005424023,-14.393940420190171,25.555548380922673,34.523808995848874,4.629625094382642,12.999996349215563,1
HK.00081,490,2.875,2.740000009536743,4.927006934064994,1.2825939021522406,9322077.65,26800973.243750002,5.343370632711142,2.5880695819854735,2.490144539475441,11.803929531380527,15.074790448847667,12.853263534765391,49.89227904525374,19.279379336179023,1
HK.00082,490,0.07699999958276749,0.07599999755620956,1.315792182517271,1.46509907095289,3247670.0,250070.58864496648,4.322452593077834,0.07614000007510185,0.08253000035881997,2.666662030750035,-8.333332594188422,-7.228912634398829,-6.097564078171489,-17.20430348729624,1
HK.00083,490,9.975000381469727,9.864999771118164,1.1150594313606792,2.1975674570814876,10149518.9,101241454.8992342,2.263889018516307,10.475600090026855,11.191700520515441,-7.7243293777465,-8.149164854378055,-13.636354628813418,-2.840902968590054,6.231769187143407,1
HK.00084,490,0.06700000166893005,0.06700000166893005,0.0,0.0,64218.0,4302.60610717535,0.5840331445812647,0.06786000296473503,0.06698500074446201,-4.2857123090296465,6.349207287803033,-9.459458370988969,-4.2857123090296465,-5.633803555899658,0
HK.00085,490,0.7799999713897705,0.800000011920929,-2.5000050291418283,1.383737517831669,1019100.0,794897.9708433151,3.1678623514296547,0.8991999995708465,1.1214279392361641,-14.285719899966379,-28.54674384459433,-35.40625333180646,-40.19097421382849,-47.90826632766363,0
HK.00086,490,4.005000114440918,4.010000228881836,-0.12469112607288355,0.04312676523240942,324761.85,1300671.2464160442,1.2088678142253684,3.970544385910034,3.9500283563137053,0.9768095568509365,-1.0765446267109422,-1.2546944349607374,3.7662502040801953,7.94827254815157,0
HK.00087,490,14.720000267028809,14.600000381469727,0.8219170029021746,3.6679808812781856,793542.6,11680947.283898735,2.2258285022745277,14.557371177673339,12.894107971191406,-3.5374451255378707,13.622814726304053,17.59395378900704,33.71652601271495,33.146066688801554,1
HK.00088,490,3.134999990463257,3.174999952316284,-1.2598413371265043,0.5277040213684948,58350.05,182927.40619353057,1.620986705180989,3.2791623735427855,3.561822061538696,-4.253517965941303,-9.027200080144304,-21.156910372649318,-8.242950819900924,0.553600856481924,0
HK.00089,490,1.8550000190734863,1.9800000190734863,-6.313131252316453,1.2499283297976034,4632.75,8593.751338362694,0.32573304884143417,1.9656031489372254,2.124511612057686,-5.777776808965774,-4.8260355508751385,-18.075168684137374,-12.489385149624681,-2.3432300898618097,0
HK.00090,490,0.9150000214576721,0.9150000214576721,0.0,0.0,15500.0,14182.500332593918,0.5296006642854728,0.9426000034809112,1.022913762331009,3.9772757290562484,-10.638010652313318,-12.233758090039,-17.396484314044123,-40.42533581093578,0
HK.00092,490,0.17000000178813934,0.17499999701976776,-2.8571401810159034,8.005782436094695,353102.4,60027.4086313963,3.059470571750072,0.17556000053882598,0.19109500035643578,-10.994763295053993,-9.574464037710719,-6.593403714302815,-6.593403714302815,-8.108108325802206,0
HK.00093,490,0.3799999952316284,0.35499998927116394,7.042255412962399,4.470588235294118,18200.0,6915.999913215637,8.222898005621941,0.37450000166893005,0.4296249994635582,4.1095850145108725,-15.555554378179826,-20.0,-24.000000953674316,-20.0,2
HK.00094,490,0.04600000008940697,0.04600000008940697,0.0,0.0,59150.0,2720.900005288422,0.3921569343577541,0.05207999989390373,0.06600608754903078,-11.538463191696843,-16.363635747885898,-36.98630032127313,-41.35255357502974,7.520316743539262,0
HK.00095,490,0.18199999630451202,0.1860000044107437,-2.150541941600428,1.098599285910464,366800.0,66757.59864449501,5.0643025863115545,0.20056000024080275,0.24040999948978425,-11.650487333072636,12.345676400497588,-25.714288668451722,-33.81818459644784,-40.32787146346597,0
HK.00096,490,0.5149999856948853,0.5149999856948853,0.0,1000.0,40800.0,21011.99941635132,0.24271822186955816,0.509199994802475,0.5349438805878163,1.9801961500356329,6.241443461987268,-9.964872792826588,-5.141564171842184,-15.681392432091453,0
HK.00097,490,0.14399999380111694,0.14000000059604645,2.85713799145759,0.12609260166494154,207493.6,29879.07711377144,4.364648560342767,0.14476000040769577,0.16763000018894672,-1.3698658099383398,-5.263158926673246,-23.40425599371488,-20.87912267856074,-45.66037676435381,1
HK.00098,490,5.425000190734863,5.449999809265137,-0.4587086129392786,0.64,30950.0,167903.75590324402,1.4344776262594454,6.169700012207032,6.764694421291352,-15.101716680965563,-22.499997275216238,-23.180143089437042,-19.78478981902338,-25.543831303756665,0
HK.00099,490,1.3300000429153442,1.1950000524520874,11.297069835791456,0.0,24900.0,33117.00106859207,1.2088410253838426,1.2286800384521483,1.246866403222084,23.37661949901138,8.571429961624341,3.635204715507434,10.26785855477472,-1.546552776685993,1
HK.00100,171,303.0,254.8000030517578,18.916796063951093,1.423957049652604,15763886.85,4776457715.55,10.400253616204047,281.20399963378907,,-12.730417814811396,-31.60270880361174,-73.44434706397897,-12.173913043478262,,3
HK.00101,490,6.599999904632568,6.599999904632568,0.0,1.9211927190551998,6952445.5,45886139.63696313,2.070110098035466,7.176912050247193,8.076121144294738,-10.142953122394072,-10.909789455133268,-23.883421754339036,-19.606226723262683,-18.484452614136583,0
HK.00103,490,2.0899999141693115,2.075000047683716,0.7228851152239624,0.8154811986279206,159560.0,333480.38630485535,4.557292745839861,1.8420939874649047,2.3151652932167055,14.835156809663443,12.034304158976054,-2.9036005803568115,-29.978557663382794,-42.508712629510576,1
HK.00104,490,0.2199999988079071,0.22200000286102295,-0.9009027150183835,1.267621012431617,890017.25,195803.79393901676,2.987518792407265,0.21962152242660524,0.20554152116179467,-0.08904989467154908,-0.08904989467154908,13.021439850863862,12.007785037790997,7.662662944790904,0
HK.00105,490,5.070000171661377,5.070000171661377,0.0,0.0,800.0,4056.0001373291016,0.0,5.070680704116821,5.046414473056793,0.23381943668021082,-0.33569314311627996,-0.33569314311627996,2.180111775223303,3.729145025048994,0
HK.00106,490,0.01899999938905239,0.01899999938905239,0.0,,0.0,0.0,0.0,0.01899999938905239,0.01899999938905239,0.0,0.0,0.0,0.0,0.0,0
HK.00107,490,4.769999980926514,4.764999866485596,0.10493419897209316,5.069844369215838,1070010.05,5103947.918091178,1.9067795862292913,4.69999997138977,5.042479841709137,3.3586179305658934,0.8456651520450215,-9.978038540363857,-2.70703076180162,10.463628739228643,1
HK.00108,490,2.065000057220459,1.9950000047683716,3.508774550615338,1.1803558112282944,974400.0,2012136.0557556152,8.0827896859544,1.7652000045776368,2.4347499918937685,14.40443862758865,-9.429820915228285,-29.280821805958634,-12.499993685948366,33.22581424177275,1
HK.00110,490,0.6700000166893005,0.675000011920929,-0.7407400212333817,0.0,123940.0,83039.80206847191,3.745406092860969,0.6925000029802323,0.40329500056803225,-8.843536918467496,112.69841960648446,204.54546378171153,204.54546378171153,235.00000335276124,0
HK.00111,490,0.675000011920929,0.675000011920929,0.0,0.0514018691588785,416200.0,280935.00496149063,6.69478531905984,0.6213999998569488,0.6729049298167229,16.379315748934953,3.8461594891973454,-9.232956344279659,34.46969669983103,37.00687368039515,0
HK.00113,490,5.96999979019165,5.914999961853027,0.9298364952379969,0.9839972885408049,56378.2,336577.8421713829,1.2578590524632205,6.165306062698364,5.773884441852569,-3.319844440665783,-1.7894869699641274,7.200428459323121,11.23485646346636,25.898986352023705,1
HK.00114,490,0.6800000071525574,0.6800000071525574,0.0,0.0,68125.0,46325.00048726797,1.0805201547499586,0.6751000106334686,0.6355078348517418,-5.555558315029741,0.0,11.475408394405292,7.936509888789085,22.842962459833924,0
HK.00115,490,5.0,4.650000095367432,7.526879515147885,1.140299613723506,3707.85,18539.25,2.7302498647998923,4.950099968910218,7.004775000810623,6.382983040626325,-32.705247435812936,-35.06493345644402,-33.33333333333333,42.857142857142854,1
HK.00116,490,12.859999656677246,12.859999656677246,0.0,0.6634487860029765,1878189.75,24153519.540174723,3.519012256199044,12.645960540771485,11.909982056617737,-16.98554560754386,22.467644541512634,7.401253067597537,14.290471504694196,-3.755382971822976,0
HK.00117,490,4.0,3.865000009536743,3.4928846088007606,1.6563730187132748,4577750.0,18311000.0,9.943589989498989,2.9274000120162964,1.8986500111222266,35.82343262043883,-42.93866092158403,952.6315921561542,1042.8571623198843,589.6551922583841,1
HK.00118,490,0.21899999678134918,0.2370000034570694,-7.594939414834552,3.1486190763296658,1509363.75,330550.65639188513,4.78001902976062,0.19655999839305877,0.21239499911665916,15.26315764707211,-10.61224795142489,21.66666004392862,-12.400001287460327,-6.008583196925884,0
HK.00119,490,1.2350000143051147,1.190000057220459,3.7815088168789126,0.7263801856070236,18498762.0,22845971.334626913,4.120458873607389,1.4362999963760377,1.824231243133545,-19.01639123848448,-30.688856995440954,-36.63981710068477,-36.95820970832998,-24.87834162178734,1
HK.00120,490,0.04899999871850014,0.05000000074505806,-2.0000040233134624,1.3675481145360664,199920.0,9796.079743802547,10.684616456423496,0.052860000282526014,0.0742200000397861,-10.909092756342305,-26.86567537620983,-44.94382262327739,-46.15384646874813,-60.48387135538922,0
HK.00122,490,1.3899999856948853,1.3899999856948853,0.0,1.8693985960918231,7204.6,10014.39389693737,1.0243495028873202,1.4356000113487244,1.451950011253357,-5.442179684239737,-1.4184383971608912,-5.442179684239737,-5.442179684239737,-29.44162611634657,0
HK.00123,490,3.194999933242798,3.065000057220459,4.241431438674464,1.3093680336253,15530186.4,49618944.51124821,5.324494937592743,3.511800003051758,3.9968999910354612,-15.36424231714306,-20.915842489826492,-24.646223921841887,-20.522389343235098,-34.482956711076746,1
HK.00124,490,0.19499999284744263,0.1979999989271164,-1.5151545939038447,0.021557768803855133,821821.8,160255.24512187243,2.9488810327383668,0.19883999943733216,0.22029499940574168,-1.5151545939038447,-11.36363913451346,-12.946434451590052,-14.847165493335797,-29.090913228752107,0
HK.00125,490,0.29499998688697815,0.29499998688697815,0.0,0.0,7600.0,2241.999900341034,1.007210835361442,0.29949999928474424,0.3268999992311001,1.72413633637985,0.0,-15.714288025486264,-15.714288025486264,-20.270274841846327,0
HK.00126,490,0.0860000029206276,0.0860000029206276,0.0,2.8187919463087248,153000.0,13158.000446856022,3.5632089043539947,0.09552000135183335,0.11700500030070543,-4.444444996339281,-28.92561703584499,-30.081300369785026,-40.68965145155298,-35.82089494147847,0
HK.00127,490,1.024999976158142,1.034999966621399,-0.9661826846140192,1.6672608824939465,122565.85,125629.99332780243,1.5306708715864061,1.076300024986267,1.184725009202957,-5.092598571453328,-10.08772026138624,-20.54263515746346,-18.000001907348633,-22.348489740279994,0
HK.00128,490,0.30000001192092896,0.30000001192092896,0.0,,0.0,0.0,0.0,0.30000001192092896,0.30000001192092896,0.0,0.0,0.0,0.0,0.0,0
HK.00129,490,0.17000000178813934,0.17000000178813934,0.0,0.0,79989.35,13598.189643032105,0.8412369191943867,0.17913999944925307,0.20817999936640263,-4.494382680899675,-10.994763295053993,-19.811318964349603,-31.999999284744263,-47.69230522347616,0
HK.00130,490,0.17599999904632568,0.17599999904632568,0.0,0.0,21800.0,3836.7999792099,0.18109013756617237,0.1774200016260147,0.17890000134706496,2.9239737544372346,-9.743586922067994,-4.864866606417649,13.548385608208674,31.34327959870952,0
HK.00131,490,1.309999942779541,1.309999942779541,0.0,0.0,26577.9,34817.047479200366,0.6790044939751447,1.3125999879837036,1.2604718947410583,0.7692300638503318,-2.23881267550565,3.149613025014899,14.610679943572178,-4.610868157489501,0
HK.00132,490,0.1469999998807907,0.15000000596046448,-2.000003973642827,0.8760836820083682,62367.3,9167.993092565239,1.7405304382408309,0.16286000072956086,0.19155867017805575,-8.124998020939485,-17.128998230601745,-23.7919992670438,-34.06350928668235,-35.73986227424928,0
HK.00135,490,7.554999828338623,7.644999980926514,-1.1772420250154574,1.77584716481298,12294722.75,92886628.26572096,2.773357084794133,7.203900012969971,7.34529659986496,6.408449715741248,11.266566580021351,-7.673390246770576,4.553651641165464,6.569831329048428,0
HK.00136,490,1.4800000190734863,1.4800000190734863,0.0,0.5165196942408838,176338739.65,260981338.04539454,6.056738037447479,1.4238000011444092,1.7301000040769576,3.859653936675689,0.680271446845552,-22.916663950309097,-34.51327321598286,-47.517728577688565,0
HK.00137,490,0.6600000262260437,0.6299999952316284,4.76190971769537,1.5789473684210527,20500.0,13530.000537633896,0.5417082408244461,0.6636000120639801,0.6566500017046928,4.76190971769537,11.864416197229556,3.1250064028428435,-4.347821955569661,-8.333333333333332,1
HK.00138,490,0.30000001192092896,0.2750000059604645,9.090911061310528,5.974872033503956,3488.75,1046.625041589141,0.9166667494508923,0.30630000472068786,0.512549999654293,3.448282949422888,-31.03448039616946,-46.42856952791312,-57.74647591724625,-61.538458599376376,1
HK.00139,490,0.10100000351667404,0.10000000149011612,1.0000020116567312,0.11957977828567312,4827490.0,487576.50697670877,5.8426645157411565,0.11032000049948693,0.14083917627111078,-12.17391157871386,-20.472440713913436,-38.03680861012849,-30.508147971196436,-68.0771800856105,1
HK.00142,490,4.78000020980835,4.804999828338623,-0.5202834427346339,1.4626474257266682,3404014.6,16271190.502190685,2.067200331874628,5.069214115142822,5.3512149119377135,-5.4140710952257844,-3.4590452079099276,-16.93325334131044,-15.54184839268626,-24.178173505772417,0
HK.00144,490,16.459999084472656,16.68000030517578,-1.3189521383573293,1.2368396969839837,4182073.65,68836928.45019722,2.9398641992142824,15.460200023651122,15.145261073112488,3.4569405552194814,21.9259191442419,0.20505984589160392,11.8077427864029,13.967073769281049,0
HK.00145,490,0.22100000083446503,0.23999999463558197,-7.916664260749961,0.4520373902246434,2460168.8,543697.3068529248,6.000979902941463,0.20666000068187715,0.2179099999368191,6.763284259082959,19.45945837098897,11.055276269024814,-4.741376209627486,19.45945837098897,0
HK.00146,490,1.600000023841858,1.5800000429153442,1.265821543245696,0.0,9100.0,14560.000216960907,0.5573047388725975,1.4856000113487244,1.6644029957056046,10.726641229302649,2.5641078544558447,-11.111107431811954,-15.343913441692687,7.0520515306979465,1
HK.00147,490,0.20900000631809235,0.20000000298023224,4.500001601874804,0.9302841115407996,121944525.0,25486406.49545677,21.674237603902462,0.10452000014483928,0.1136649999767542,248.33335164934437,237.0967898932632,171.4285811046502,22.941178893960444,-50.2380921801471,1
HK.00148,490,55.79999923706055,54.650001525878906,2.104295844597684,1.1087214626575295,27254856.3,1520820960.7461948,6.496588970155518,50.05780029296875,48.03276068687439,19.23076954427164,-52.10300494672915,54.86227045737915,91.82398700264328,118.83283995728853,1
HK.00149,490,0.06800000369548798,0.06599999964237213,3.0303091878076893,0.7031007203106654,2510512.95,170714.88987757044,3.735067182688872,0.06518000081181526,0.06734500056132674,6.250000727595727,4.615394138020521,9.677427107784306,-6.849308637141818,-14.999993480741832,1
HK.00150,490,0.1550000011920929,0.1550000011920929,0.0,0.0,139200.0,21576.00016593933,3.7724611733115143,0.15417726546525956,0.16500774957239628,-3.196823566582305,3.1718129050437858,-1.9867845452714035,-12.877143642303826,-5.6906183241667225,0
HK.00151,490,2.815000057220459,2.799999952316284,0.5357180414151812,1.6231247146152716,15067971.45,42416340.49394624,2.9033147184948707,3.1560790157318115,4.056111543178559,-11.848178039867257,-27.994797217286983,-38.75767826458253,-37.84166388347576,-49.05411334312298,1
HK.00152,490,5.335000038146973,5.324999809265137,0.1877977322071678,1.6074703007067106,7947303.5,42398864.47566557,3.291246398955168,5.5013000011444095,6.886361186504364,4.607845841348794,-8.490564185881105,-37.823504273266785,-33.85171720100381,-32.117199834629695,1
HK.00154,490,0.4449999928474426,0.44999998807907104,-1.111110080907347,1.5131240349974266,207550.0,92359.74851548672,3.4468624056221047,0.41719999849796296,0.5024249982833863,12.658222977348501,2.2988483697581654,-33.582092274215164,-16.03773266618113,-24.576269046084192,0
HK.00156,490,1.090000033378601,1.0499999523162842,3.8095317027469684,1.477954106566839,65307.1,71184.74117985963,2.5684752315793307,0.9997000026702881,0.9556249967217445,10.101012411974777,4.807699361496682,12.37113414731564,32.926834498325505,29.76191278690679,1
HK.00157,490,0.44999998807907104,0.44999998807907104,0.0,0.0,20500.0,9224.999755620956,0.5400508660820407,0.4581000018119812,0.474375002682209,-3.2258097595362787,-3.2258097595362787,-6.250000388051082,-8.163269526359606,-18.181822122621057,0
HK.00158,490,59.0,59.0,0.0,1.1764705882352942,450.0,26550.0,0.0847457627118644,57.92199996948242,58.84211338043213,1.7241379310344827,4.524849570411644,-2.8337020667499626,-0.9839191415518355,-0.3502191535478108,0
HK.00159,490,0.04699999839067459,0.04699999839067459,0.0,0.0,1714240.0,80569.27724123001,6.947781629063907,0.060560000091791154,0.07693500047549605,-20.338986261382026,-40.50633388917177,-42.68293037505313,-47.19101396372722,-65.18518776069443,0
HK.00160,490,0.699999988079071,0.699999988079071,0.0,0.0,184100.0,128869.99780535698,1.3459903696081914,0.6938109493255615,0.8762410458922386,-2.6889920880461933,-21.06995581643817,-31.032004323165808,-25.224170519731782,-32.98392568460925,0
HK.00162,490,0.035999998450279236,0.035999998450279236,0.0,0.0,137950.0,4966.199786216021,4.086641619062606,0.037240000218153,0.041965000238269566,-10.000001862645192,-18.181821260570512,-16.27907621467201,-12.195128156342978,-32.0754738200301,0
HK.00163,490,0.11999999731779099,0.11900000274181366,0.8403315570899159,2.9242521225196656,105831.3,12699.755716138334,1.0807681625862344,0.1364999996125698,0.17573999982327224,-14.285716566504256,-24.050638104474302,-42.583735076469694,-39.6984940991402,-36.17021200707076,1
HK.00164,490,0.42500001192092896,0.4300000071525574,-1.1627895694091224,8.841941662207534,387374.3,164634.08211786152,3.892258174328087,0.4600999975204468,0.44362499698996544,1.1904821881092846,-16.666662770938174,4.938274239498084,19.718316835298847,0.0,0
HK.00165,490,6.125,5.974999904632568,2.5104618872233417,1.4530237027114954,7135334.7,43703925.0375,4.012241228368701,5.983537740707398,7.253075132369995,6.837921549451685,2.2313069338151275,-25.016385993530598,-34.645857903568334,-30.332549575673113,1
HK.00166,490,0.03700000047683716,0.03799999877810478,-2.6315745616387045,1.0661613574762092,1175182.5,43481.753060370684,7.75467935360781,0.03257999997586012,0.03842000020667911,23.333337679505444,8.823524900167703,-13.953490185376506,-11.904759581735043,-15.909089369714744,0
HK.00167,490,6.349999904632568,6.349999904632568,0.0,0.0,165197.35,1049003.156745553,3.0250797479192237,6.049000024795532,5.544350001811981,-0.7812529685906624,-9.285715648106166,-33.15789574070981,84.59301741301152,703.797434450171,0
HK.00168,490,39.119998931884766,39.70000076293945,-1.460961762993536,0.9492340673647486,3844501.65,150396900.4416292,2.2132035232691765,43.23840019226074,46.37905296325684,-8.89613371447141,-11.492101362787539,-16.413166572742526,-16.446829560648702,-18.321838338922532,0
HK.00169,490,0.08900000154972076,0.08900000154972076,0.0,0.6711742242647667,565150.0,50298.35087582469,2.534021806425001,0.09196000024676323,0.10295499999076128,-3.2608680687633522,-29.365079271219695,4.705883074796728,-20.535715354834554,-41.370231273253,0
HK.00171,490,0.041999999433755875,0.04399999976158142,-4.545455315142628,0.5595940200246879,749500.0,31478.999575600028,9.316638507519729,0.04297999992966652,0.06571999981999398,0.0,0.0,-49.39758911769952,-49.39758911769952,-58.41584359269639,0
HK.00173,490,2.0199999809265137,1.9950000047683716,1.253131634004417,1.2385566512980004,676779.65,1367094.8800914527,1.7243721914735666,2.0319668364524843,2.18729556620121,-3.550757609477794,-1.4398803201853827,-15.28718240419796,-3.2995175301634956,-8.479893431525197,2
HK.00174,490,0.17000000178813934,0.17000000178813934,0.0,0.0,7600.0,1292.000013589859,0.6509664313299547,0.1951200023293495,0.20927499994635582,-4.494382680899675,-24.444441648177083,-22.727271495771795,-25.110130741607822,-43.33333498901785,0
HK.00175,490,15.9399995803833,16.0,-0.3750026226043701,1.3369955481723106,37533107.95,598277724.9734812,2.8534566970315414,18.09299997329712,18.300149869918823,-14.986668904622396,-16.28151883446579,-5.911922445890197,-10.099364392330196,-13.520527613587246,0
HK.00176,490,0.013000000268220901,0.013000000268220901,0.0,,0.0,0.0,0.0,0.013000000268220901,0.013000000268220901,0.0,0.0,0.0,0.0,0.0,0
HK.00177,490,10.25,10.40999984741211,-1.536982226295467,1.534265904915936,3732054.15,38253555.0375,1.9935973600492503,9.801000003814698,9.693209719657897,7.4986907606710504,0.588816703508071,8.665273592646768,11.696220148689907,17.0150912492877,0
HK.00178,490,1.1649999618530273,1.159999966621399,0.4310340840949625,1.2198510893716328,7748043.85,9026470.789685583,4.654093922216022,0.9238156759738922,0.7420776560902596,27.04469919091087,44.98042309262843,92.55214450501806,105.38893525371273,99.245545215145,6
HK.00179,490,18.780000686645508,18.459999084472656,1.7334865549479685,1.1817853041045927,2960415.5,55596605.122756004,3.981370800488494,18.940370864868164,24.001285734176637,-7.396449453711106,-19.10847135827552,-27.62337036185709,-37.89618416599251,-36.71895350485062,2
HK.00180,490,0.19499999284744263,0.19499999284744263,0.0,0.0,18800.0,3665.9998655319214,1.5765710590490125,0.1970199978351593,0.1985099995881319,-1.5151545939038447,-5.339809406914978,3.72340400235692,1.5624953918935511,-11.764709451968331,0
HK.00181,490,0.09000000357627869,0.08900000154972076,1.1235977630846006,0.0,95500.0,8595.000341534615,3.098262473611593,0.09534000128507614,0.11151500009000301,-5.2631529414422,-24.369746636438595,-30.23255169230417,-3.225804901023846,-24.99999534338702,1
HK.00182,490,0.3449999988079071,0.33500000834465027,2.985071705720311,2.663503067178115,13400566.55,4623195.44377528,5.614397192838529,0.3319999998807907,0.3372475128620863,18.965520253504728,-20.097786742709065,17.821916506008915,8.617078760778057,-16.24707530201983,1
HK.00183,490,0.14499999582767487,0.14499999582767487,0.0,0.0,8320.0,1206.3999652862549,0.5424666040461911,0.14281999796628952,0.1566549989581108,5.839417249280339,0.0,-16.666666666666664,-15.697679707348136,-18.539329605141,0
HK.00184,490,2.365000009536743,2.4000000953674316,-1.4583368516629198,0.0,41900.0,99093.50039958954,0.7110575515967072,2.3579999923706056,2.2406575214862823,-2.0703914329638025,1.0683801830952866,11.21934707555471,15.940928097432405,-0.44797527459899805,0
HK.00185,490,0.07000000029802322,0.07000000029802322,0.0,2.452830188679245,11350.0,794.5000033825636,7.65834176164131,0.06980000048875809,0.09133999954909086,-19.54022722729975,-4.109587223540079,-23.07692118751122,-32.692308794464566,-40.17093924567264,0
HK.00186,490,0.29499998688697815,0.3449999988079071,-14.492757128607561,9.991881596203084,18019.5,5315.752263709903,0.7627121811795395,0.28603999748826026,0.18892500165849924,-26.250004377216037,95.36423867200845,86.70884386705487,86.70884386705487,52.84973121162421,0
HK.00187,490,2.7149999141693115,2.7300000190734863,-0.5494543882554834,4.812913661346493,1481540.0,4022380.972838402,2.982217051338696,2.914400005340576,3.8197000205516813,-7.49574217714915,-19.91150943501058,-44.81707577097395,-33.78048835802051,-42.72151803229214,0
HK.00188,490,0.22100000083446503,0.22100000083446503,0.0,0.0,51325.0,11342.825042828918,0.39071748690577957,0.23043999940156937,0.24125038102269172,0.45454637817115334,-9.426230183974987,-14.999996561270368,-8.063997022552405,-11.32716123564879,0
HK.00189,490,11.890000343322754,12.039999961853027,-1.2458440116737974,0.7503779778979877,27009247.15,321139957.8863891,5.038596486669313,12.860799999237061,12.926420607566833,-12.056213456005567,-44.80037215434045,-9.716500155148449,11.565804310501195,-3.4577984566187396,0
HK.00191,490,0.45500001311302185,0.4699999988079071,-3.191486326155476,0.8867427568042142,97650.0,44430.751280486584,2.071406460312255,0.5331999975442886,0.6516749994456768,-8.99999737739563,-37.67123270893795,-37.67123270893795,-36.80555624542411,-25.409835665112578,0
HK.00193,490,0.19099999964237213,0.19099999964237213,0.0,0.0,11721.35,2238.777845808119,0.361686874111284,0.19507999777793883,0.20364999942481518,0.0,-7.281553678973723,-7.281553678973723,5.5248650168803,-11.574076533327721,0
HK.00194,490,4.135000228881836,4.175000190734863,-0.958082874865372,5.0,18600.0,76911.00425720215,0.15890288254530707,4.229890451431275,4.295024733543396,-2.1153885444043086,-3.121060187845216,-14.479305690295371,-0.8036963695765594,-4.045402840665153,0
HK.00196,490,0.11100000143051147,0.10599999874830246,4.716983718161683,0.06018016436707393,738855.0,82012.90605694056,5.17528659369893,0.11927999928593636,0.16788499902933837,1.8348661479239674,-28.38709640205217,-47.64150814091916,-35.08771990976345,-52.15517042047482,2
HK.00197,490,0.4699999988079071,0.4650000035762787,1.0752677834782465,0.031098768470627612,1881486.35,884298.5822570935,6.828706985873955,0.377200003862381,0.31199000000953675,18.98733823846852,51.61290167521737,59.32204057621732,62.068969769653734,16.049382080121152,1
HK.00199,490,2.365000009536743,2.200000047683716,7.499998103488617,1.326122567812219,2609245.5,6170865.632383704,5.98621206990948,2.447599997520447,1.6044999998807907,-10.586010336820104,7.499998103488617,111.16071423819783,125.23810637510873,999.999986138455,1
HK.00200,490,2.9000000953674316,2.880000114440918,0.6944437545758981,1.1295839403741876,3412292.15,9895647.560421538,3.4720671260927904,3.306000008583069,3.9074000000953673,-14.705881940452297,-18.309855371258365,-28.039703613183093,-32.55814030855133,-47.08029041471171,1
HK.00201,490,0.061000000685453415,0.05900000035762787,3.389831043563671,0.0,2413539.2,147225.8928543687,2.127893793974551,0.06402000017464161,0.06821500035002828,-1.6129005122754927,-8.955225125403278,-12.857142248932199,-12.857142248932199,-15.277773178653757,1
HK.00202,490,0.06199999898672104,0.06199999898672104,0.0,0.0,437312.5,27113.374556880444,8.429710075453723,0.05190000019967556,0.08493500052019953,26.53061348614424,6.896553053016792,-38.00000193715093,-50.793652389265155,-70.19230879446457,0
HK.00205,490,0.550000011920929,0.5899999737739563,-6.779654852722472,0.5953416190616346,177430.0,97586.50211513042,5.344000663470653,0.5926999986171723,0.7042749994993209,-0.9009000301245093,-17.910448026752697,-26.666665077209473,-21.42856838751807,89.6551819817209,0
HK.00206,490,0.20999999344348907,0.20600000023841858,1.9417442720587457,0.021356990307212092,599050.0,125800.49607232213,4.952394878632921,0.23443999886512756,0.3559049977362156,-7.079647301376584,-41.66667080587794,-59.61538439495323,-19.230768789906456,-20.754715177502643,1
HK.00209,490,0.41499999165534973,0.4099999964237213,1.219511042741837,0.040863225881284444,9194104.7,3815553.3737784117,12.838672269970358,3.3795999979972837,3.399725611805916,-55.135136615455,-92.45454560626636,-91.700000166893,-73.39743545657312,-81.84800564758706,2
HK.00210,490,0.28999999165534973,0.28999999165534973,0.0,0.0,235300.0,68236.99803650379,3.375367679872339,0.3214000016450882,0.36401579454541205,0.0,-18.30985903668985,-17.26727367580502,-24.41701323550955,-38.77778095853174,0
HK.00211,490,0.2549999952316284,0.2549999952316284,0.0,0.0,9713.45,2476.929703682661,1.2558616259507989,0.25821999192237854,0.2573199949413538,-1.9230751596258298,1.9999980926513672,5.809128117588836,-8.928573519295567,-8.928573519295567,0
HK.00212,490,28.6200008392334,28.520000457763672,0.35063246796864833,0.0,725.0,20749.500608444214,0.32552133660255156,28.538000221252442,28.539317655563355,-1.3103419336779365,0.42105557625753837,0.05477795822978977,-0.2787387440673646,8.786829803765537,1
HK.00213,490,0.36000001430511475,0.35499998927116394,1.4084577986089954,0.0,27600.0,9936.000394821167,0.4331920187746523,0.341468962430954,0.35688007771968844,6.678462920355241,-0.4334340214673685,-5.4747816985231745,6.678462920355241,0.9120650590480632,1
HK.00214,490,0.21899999678134918,0.21899999678134918,0.0,0.0,5844.15,1279.8688311897217,1.279333541533298,0.20445999801158904,0.24663499884307385,0.9216608848557021,1.8604619249000895,-21.785715768227764,-23.157894901951927,-30.476190971769533,0
HK.00215,490,1.125,1.125,0.0,0.21600055348771272,1749124.05,1967764.5562500001,1.0680521054317165,1.128354730606079,1.1060578632354736,-0.22115433108612392,3.374474922237884,0.8013858344823741,3.4083322238822897,11.06820057134807,0
HK.00216,490,0.4449999928474426,0.4449999928474426,0.0,0.0,8800.0,3915.999937057495,0.16606972453039937,0.47239999651908876,0.5690000012516976,-5.319150217845466,-17.592597191716237,-33.582092274215164,-21.929824836586544,-29.365079965781256,0
HK.00217,490,0.11299999803304672,0.1120000034570694,0.8928522724203596,2.8404975415493774,609579.05,68882.43145098649,4.494030398364727,0.1165200001001358,0.13048437159508466,-2.586205789152674,-16.471679539811728,-30.139955896785175,-8.516610517746685,-18.82459627198877,1
HK.00218,490,0.8799999952316284,0.8600000143051147,2.3255791388182447,0.34577603143418467,622750.0,548019.9970304966,4.149851010024337,0.949599996805191,1.1205499961972236,-7.853402030340201,0.0,-24.78632243505666,-36.690647173517696,-53.43915333903646,1
HK.00219,490,0.6949999928474426,0.699999988079071,-0.7142850452539758,0.0,1941.9,1349.6204861104488,0.21582756333207975,0.7109000086784363,0.6845750072598458,-1.4184383971608912,-3.472227051302047,-4.794524015282304,13.934422385080783,24.107141051517463,0
HK.00220,490,6.940000057220459,6.994999885559082,-0.7862734701707166,0.7381243815225377,8557252.4,59387332.14564991,2.681109919697914,7.519099998474121,7.405073955059051,-12.262955864771632,-2.664797393700426,-8.33888545688335,-7.542824755507638,-16.829815658211604,0
HK.00222,490,2.700000047683716,2.680000066757202,0.7462679264300778,0.11086474501108648,78200.0,211140.00372886658,2.2924765937734217,2.946000003814697,2.9320810270309448,-2.8776951269557505,17.704479010588248,-13.56077926286898,-23.165133864385755,-13.289812678288238,1
HK.00223,490,0.10000000149011612,0.09399999678134918,6.382983951290322,2.494251286658552,562180.05,56218.00583771356,4.300253417357904,0.08240000039339065,0.11337000004947186,26.582274541433286,-10.714287139779408,-24.812029696109306,-28.57142781116525,-8.256877159472232,1
HK.00224,490,0.574999988079071,0.574999988079071,0.0,0.0,9000.0,5174.999892711639,1.1607603846932029,0.558600002527237,0.5565999993681907,0.0,10.57692484037417,2.6785688626827135,6.481475042708381,-8.730159931562515,0
HK.00225,490,5.119999885559082,5.099999904632568,0.392156496088299,0.0,2059.6,10545.151764297485,0.019353236063512254,5.255699977874756,5.428974442481994,-4.655493581523083,-3.3962320509053336,-8.028286132675317,-9.161743667922408,-1.083561284303078,1
HK.00227,490,0.13300000131130219,0.13300000131130219,0.0,0.30927835051546393,466800.0,62084.40061211586,3.2361089769205744,0.15978000015020372,0.21143499933183194,-17.391302738194835,-27.322402992218336,-44.35146216557647,-46.799999475479126,-64.05405416290111,0
HK.00228,490,0.7649999856948853,0.7799999713897705,-1.9230751596258298,0.1047702538005944,201567.5,154199.13461655378,3.643280265547448,1.0152000069618226,1.422400000691414,-20.31249970896169,-42.910450250806555,-60.362693964482915,-50.645160694896354,-45.35714294837446,0
HK.00229,490,0.8100000023841858,0.8100000023841858,0.0,0.0,74750.0,60547.50017821789,1.285465257983431,0.795140106678009,0.8511162906885147,3.7744544404200906,-0.02217389676219173,-7.816543760320958,-7.816543760320958,-9.656489041875984,0
HK.00232,490,0.4749999940395355,0.4749999940395355,0.0,0.8049151310862761,29448263.7,13987925.08197467,1.5857009178401462,0.45369999706745145,0.2587886461615562,2.150535566956493,20.253159781714217,222.35592070075353,191.47152075965977,235.69477772247814,0
HK.00234,490,0.03400000184774399,0.03400000184774399,0.0,0.3908385246564147,4257237.5,144746.082866285,7.301122629406429,0.02864000018686056,0.03170500027015805,21.428574279558816,9.677427107784306,6.250000727595727,-2.85713799145759,-5.5555463573075095,0
HK.00235,490,0.017999999225139618,0.019999999552965164,-10.000001862645192,4.170936719085241,5783875.0,104109.74551830441,6.384504140159837,0.02005999956279993,0.024884999878704548,-10.000001862645192,-10.000001862645192,-33.33333793245704,-40.000001241763464,-35.714290465931356,0
HK.00236,490,1.0800000429153442,1.0800000429153442,0.0,0.0,36000.0,38880.00154495239,1.28865140928093,1.0837999987602234,1.1597110468149185,-0.9174302896359119,-10.0,-11.441115316223954,-7.841158823273307,-5.537196442074014,0
HK.00237,490,2.009999990463257,2.0,0.4999995231628418,3.2982348605912013,15860.0,31878.599848747253,0.30779819628633054,2.1227417039871215,2.0919513690471647,-3.935241315310651,-4.824732030830707,-2.1054317135376435,2.277900251838319,-2.9477884017869336,1
HK.00239,490,2.4800000190734863,2.4800000190734863,0.0,0.0,63050.0,156364.0012025833,1.333568839808828,2.4279999685287477,2.3421884036064147,0.2020248336801561,8.109236758458776,12.321294191951232,9.017714597556578,9.433026534200813,0
HK.00240,490,1.375,1.3650000095367432,0.732600028819828,0.45730960404610116,445927.5,613150.3125,1.5834371816695465,1.3996351671218872,1.4387180829048156,-2.788557196319591,-6.945620520869906,-14.23899736753958,7.503225049404468,17.426601858246784,3
HK.00241,490,3.065000057220459,2.944999933242798,4.074707188381041,2.0282271525055506,67448268.7,206728947.42492092,2.538681405641201,3.1914470958709718,4.258506902456284,-5.981593061756044,-2.7459806392848822,-36.67180134651108,-37.27956318167483,-54.23340428310283,2
HK.00242,490,0.49000000953674316,0.5,-1.9999980926513672,7.621204279860988,2022610.0,991078.9192891121,3.5692174552755502,0.4958000016212463,0.5876500022411346,0.0,-12.499998669539185,-19.672131467909935,-25.757577262743496,-33.78378334839559,0
HK.00243,490,0.4749999940395355,0.46000000834465027,3.260866396255947,1.0744174802607764,93852.05,44579.72319059819,2.8485578640831113,0.4592999994754791,0.44297499880194663,-5.0000011920928955,-6.862744525137968,21.794874733956952,31.94443754575898,39.70587913037175,1
HK.00244,490,0.3400000035762787,0.3050000071525574,11.475408394405292,0.0,391330.0,133052.20139950514,2.869111375231195,0.2910999983549118,0.31505500108003615,19.298248365865444,13.33333002196431,0.0,6.250003492459733,-1.449273985189887,2
HK.00245,490,0.9750000238418579,0.9850000143051147,-1.015227443454557,0.0,338366.0,329906.8580672741,1.297148216089199,1.0000999927520753,1.0415749928355218,-2.499997615814209,-16.666661572252398,-7.142850655276464,-10.55045926744472,-16.666661572252398,0
HK.00247,490,19.350000381469727,19.350000381469727,0.0,,0.0,0.0,0.0,19.350000381469727,19.563296718597414,0.0,0.0,9.857099654883227e-06,-2.985074484136464,0.5436009055588321,0
HK.00248,490,0.24500000476837158,0.2329999953508377,5.150218736899529,40.10303394876066,9741.65,2386.704296451807,0.20408143405366558,0.2278599977493286,0.27326379358768466,13.42592519134367,-5.769225478877488,-14.03508496746789,-32.33427059769514,-6.4617758280619135,2
HK.00251,490,1.1100000143051147,1.1001769304275513,0.8928640117681821,5.192752723373031,11158.5,12385.935159623623,0.3029656788202467,1.2090159273147583,1.2701238536834716,-8.870966952671669,-11.718745185413432,-19.082511834741695,-10.300770443751981,-12.870666858803649,1
HK.00252,490,1.6200000047683716,1.6200000047683716,0.0,,0.0,0.0,0.0,1.5987927579879762,1.5778800463676452,0.0,3.124996917149912,3.124996917149912,3.124996917149912,4.4303785309158465,0
HK.00253,490,0.6200000047683716,0.6200000047683716,0.0,,0.0,0.0,0.0,0.6313999962806701,0.635949998497963,0.0,-4.61538038310199,-10.144926534683554,8.77193202602569,5.084751242024469,0
HK.00254,490,0.20200000703334808,0.20000000298023224,1.0000020116567312,0.13977000593612154,12343930.65,2493474.078119161,12.225162559946016,0.17473999947309493,0.5239600019901991,53.03030918780769,-81.29629638827876,-70.72463656067723,-66.33333349890178,-26.54545357995784,1
HK.00255,490,1.3849999904632568,1.3899999856948853,-0.3597118908694688,0.819672131147541,25200.0,34901.99975967407,0.6619738001860086,1.3871881318092347,1.3616983473300934,0.9949261841859119,3.128631025093917,11.00108877968396,-3.799061292853644,-3.799061292853644,0
HK.00256,490,0.11599999666213989,0.1120000034570694,3.5714223942892365,0.9096459096459096,2947400.0,341898.3901619911,7.363828341814847,0.08948000013828278,0.11909500014036895,24.73117624876735,61.11111341067313,13.725489050275936,-41.708544670236556,-55.384615031925165,3
HK.00257,490,4.71999979019165,4.7828688621521,-1.3144636362068405,1.8810428856769925,8864134.45,41838712.744230576,2.260220357138103,4.83480806350708,4.849086248874665,-3.461921294196747,0.8264389571926316,-3.214111914290349,3.184949813531166,10.192413983118065,0
HK.00258,490,2.015000104904175,2.1700000762939453,-7.142855573281298,6.688464588517568,612984.55,1235163.9325546385,3.0007386879452436,2.162699999809265,2.283469852209091,-4.0476096946902365,-5.841121208991589,-18.27366484199973,-11.152289072018856,-27.904717960765566,0
HK.00259,490,2.700000047683716,2.7950000762939453,-3.398927585583311,1.3194650817236255,325600.0,879120.0155258179,3.8451674856076528,3.091284122467041,3.5976741230487823,-12.150330127999508,-49.719744236535476,-19.492610880513013,-29.4266811843802,-21.56279432252159,0
HK.00261,490,0.23499999940395355,0.2460000067949295,-4.471547596397336,1.0257932603865825,1382397.7,324863.4586760267,3.531798110023939,0.23113999783992767,0.2410499983280897,4.910710781375625,30.555550036607183,-12.962966642261877,-2.083331393077926,-6.000000238418579,0
HK.00262,490,0.07999999821186066,0.07999999821186066,0.0,0.0,82750.0,6619.999852031469,2.14810010217219,0.07992000013589859,0.08517500013113022,-1.234570399524046,-2.439029265698055,-3.6144563171994144,-20.000002980232196,14.285711244660995,0
HK.00264,490,1.6150000095367432,1.7400000095367432,-7.183908006602824,1.4248880445107885,4473600.0,7224864.042663574,5.7635257419009305,1.9219000101089478,2.0256750053167343,-18.84422101521985,-29.782606825260636,-27.578475528097147,-30.686692600060084,-39.285715886268605,0
HK.00265,490,1.2200000286102295,1.2200000286102295,0.0,0.0,735.0,896.7000210285187,0.0,1.3724999976158143,1.5984249860048294,-12.857139329520963,-20.77921695905455,-27.380948410688223,-35.78947137267303,14.018688673368901,0
HK.00266,490,2.0399999618530273,1.8650000095367432,9.383375411335965,0.0,7600.0,15503.999710083008,1.2704351329198593,1.8333832693099976,1.8803125077486038,10.869568315931584,13.228493116242293,5.380977312197479,4.347828207882473,7.9426955207536984,2
HK.00267,490,13.039999961853027,12.869999885559082,1.3209019254514187,1.0466779538774158,19253216.65,251061944.38154805,2.6313960804847896,12.277329387664794,11.831032943725585,0.64170034287612,7.9558753644373,20.906799827076807,11.531148045366697,17.67499677486177,1
HK.00268,490,7.554999828338623,7.264999866485596,3.991740773332089,0.7513850159578146,62462529.5,471904399.6500962,5.015642303705359,7.904099969863892,9.674824979305267,-8.424244504986387,14.817627901786038,-20.052910255813806,-46.60777362534415,-51.60153751120079,1
HK.00269,490,0.009999999776482582,0.009999999776482582,0.0,0.04235044997353097,440750.0,4407.499901484698,0.0,0.009999999776482582,0.009999999776482582,0.0,0.0,0.0,0.0,-9.090910630285256,0
HK.00270,490,8.770000457763672,8.84000015258789,-0.7918517377369783,1.598905755491772,11208425.9,98297900.2738102,2.1835756436529175,8.143720560073852,7.452008152008057,8.432924607615057,16.253181045573122,26.019705147711868,35.968631444834124,30.201958605289086,0
HK.00271,490,0.14399999380111694,0.14399999380111694,0.0,0.0,9940.0,1431.3599383831024,1.4012392653689618,0.15380000144243242,0.17132000073790551,-8.860767611592008,-5.882355232781465,-16.76300597950031,-21.739133955850935,-13.772456585867273,0
HK.00272,490,0.4099999964237213,0.4300000071525574,-4.651165208409023,0.9851858114573713,14478343.3,5936120.70122141,4.326904378018936,0.43909019947052,0.5241558821499348,3.46363168307241,-0.02390882902185928,-31.55482637058091,-35.52266726507302,-41.461364199196126,0
HK.00274,490,0.49000000953674316,0.49000000953674316,0.0,,0.0,0.0,0.0,0.49000000953674316,0.49000000953674316,0.0,0.0,0.0,0.0,0.0,0
HK.00276,490,0.5350000262260437,0.5350000262260437,0.0,0.0,40994.55,21932.085325124863,1.4202242583273303,0.5390000069141387,0.6051499992609024,-1.8348605792718238,4.901967888289207,-23.57142352328,-21.323526382549442,-18.939393186810072,0
HK.00277,490,1.1360000371932983,1.1360000371932983,0.0,,0.0,0.0,0.0,1.1687958478927611,1.42308203458786,0.0,-25.806449101385674,-25.806449101385674,-21.768710387004166,-31.400619013185434,0
HK.00279,490,0.4050000011920929,0.4000000059604645,1.2499987892806712,2.114303365446443,2664167.15,1078987.6989259347,6.01864404546153,0.3796999955177307,0.5099499994516372,9.459458370988969,-1.219511042741837,-30.172411578305347,-30.172411578305347,-54.49438115710967,2
HK.00280,490,0.5339999794960022,0.5339999794960022,0.0,1.1322635303498456,1041800.0,556321.1786389351,1.9822495444933685,0.5239040678739548,0.45403350979089735,-2.2900834124858176,30.612238054833902,23.076919906673997,27.999991427646837,28.992242280489204,0
HK.00285,490,23.780000686645508,23.719999313354492,0.2529568930351297,0.6747397658176719,13413853.85,318981453.7635625,4.764658123360597,24.03039993286133,28.36822232246399,0.8481796589760935,-2.220390686491799,-24.695212846662844,-32.123234451665475,-43.14596023673039,3
HK.00286,490,1.309999942779541,1.309999942779541,0.0,,0.0,0.0,0.0,1.309999942779541,1.309999942779541,0.0,0.0,0.0,0.0,0.0,0
HK.00287,490,4.360000133514404,4.360000133514404,0.0,3.3333333333333335,2800.0,12208.000373840332,0.011467605204655548,4.2454147624969485,4.115270118713379,2.833528048156717,2.833528048156717,9.354682866823566,9.8907376175289,-1.6262003840023826,0
HK.00288,490,6.605000019073486,6.474999904632568,2.0077238047201944,1.7237054554681595,62845177.6,415092399.2466766,3.115828234899374,7.6187638092041015,8.439534001350403,-17.073784735785893,-23.377301470733034,-27.00126786235077,-18.35889321596208,-13.620918774277513,1
HK.00289,490,13.350000381469727,13.199999809265137,1.136367987666968,2.4817518248175183,22500.0,300375.00858306885,0.8333489340009356,13.295200061798095,13.453636627197266,2.29885200268315,-2.5547403844393486,1.2045288706575774,1.9378880793500204,12.643051990376028,2
HK.00290,490,1.5700000524520874,1.6200000047683716,-3.0864168005624912,1.6163994012364835,26456545.0,41536777.03770101,4.522749491643537,1.7316000032424927,3.532950012087822,-5.1359468523921015,-28.959274870941115,-64.31818139947151,-40.754717133910084,-25.592410876362333,0
HK.00291,490,18.219999313354492,18.170000076293945,0.2751746662113664,0.7675241668982101,15137338.65,275802299.80901444,2.17353815071204,20.951084899902344,23.626120805740356,-11.363768376018097,-15.370828874496778,-27.483228385166704,-27.864903068902663,-30.978641698190124,1
HK.00293,490,13.949999809265137,13.979999542236328,-0.2145903716273832,0.3756594240200125,32906958.35,459052062.7059958,2.094743658972497,14.088992919921875,12.387308912277222,-2.482270803784673,17.424239687573728,13.978146163243874,18.85131417342975,42.14887268797029,0
HK.00294,490,1.059999942779541,1.059999942779541,0.0,0.0,21466.4,22754.38277168274,0.7782064859002453,0.9703999960422516,0.85854999512434,5.472631622772936,32.499990873038904,29.268286832381634,27.710839047420095,10.348375977454587,0
HK.00295,490,0.01600000075995922,0.014999999664723873,6.66667411724743,0.14040745337113766,5538400.0,88614.40420895815,6.66726617555093,0.016740000415593384,0.019245000290684402,-5.882353585690328,-11.111103062644071,-50.0,6.66667411724743,-19.999994412064428,1
HK.00296,490,0.1850000023841858,0.1809999942779541,2.209949299826521,23.489765526397388,173916.6,32174.571414649487,1.1622719069486123,0.19267999947071077,0.22192999944090844,-4.145078320270111,-7.500000186264512,-25.999999046325684,-17.77777453999452,-30.18867457706566,1
HK.00297,490,1.2549999952316284,1.2649999856948853,-0.7905130890387859,1.0509492801950517,23562728.9,29571224.65714415,3.4210547053096305,1.2968999886512755,1.4492950683832169,-1.9531231810105558,-10.357141671132048,-26.561954042865228,-15.190906803793606,-11.179664023889025,0
HK.00298,490,0.09600000083446503,0.09600000083446503,0.0,0.0,61263.65,5881.310451122374,1.1353143269099437,0.0967399999499321,0.10804500013589859,-2.0408129131033443,-13.51351387633701,-13.51351387633701,-9.433960407473664,-20.661155905247085,0
HK.00299,490,0.10599999874830246,0.10599999874830246,0.0,,0.0,0.0,0.0,0.10599999874830246,0.10599999874830246,0.0,0.0,0.0,0.0,0.0,0
HK.00300,484,99.30000305175781,99.19999694824219,0.100812607451796,1.5193512170532293,4813096.2,477940467.34840393,1.694339489388367,97.14800033569335,86.85883010864258,2.4767817214512036,17.123007661640585,20.502212525593684,16.92627924964941,20.405629441567545,2
HK.00301,490,7.315000057220459,7.389999866485596,-1.01488241705211,0.5883141589764745,1554034.9,11367765.382422589,5.064345446366585,6.735899982452392,3.0662249994277953,9.505991694610062,186.86275270616778,375.0000154817263,445.89551306031143,471.4843922440199,0
HK.00302,490,0.18299999833106995,0.1899999976158142,-3.6842101960961466,2.0009379396592153,667700.0,122189.0988856554,6.14909497152686,0.19433999985456465,0.2736400003731251,-4.18848236978082,-14.88372312229085,-40.0000019542506,-55.36585367626551,-63.03030372359243,0
HK.00303,490,49.31999969482422,48.900001525878906,0.8588919342324369,1.7150961339330684,1182064.5,58299420.77926254,2.0932458802141443,50.94806091308594,55.177086162567136,-5.335890327670058,-2.590043586423301,-16.55032240158522,-15.330095574145602,-13.747544889470742,1
HK.00305,490,0.33000001311302185,0.33000001311302185,0.0,0.9053360590763069,1246200.0,411246.01634144783,4.094910713344993,0.3836000007390976,0.4383247518539429,-16.455695151977128,-16.24365651176545,-32.99492216843752,-27.951529494652434,-45.07780843404915,0
HK.00306,490,2.700000047683716,2.680000066757202,0.7462679264300778,0.0,39400.0,106380.0018787384,0.5725909815095855,2.666271457672119,2.555531373023987,3.3694927203991214,15.280378388822122,13.413494904984852,-1.362205226436406,18.542970726600092,2
HK.00308,490,1.1299999952316284,1.1399999856948853,-0.8771921569070334,0.9192339416691179,6740189.35,7616413.933360272,2.2762740411329605,1.151242003440857,1.2005951970815658,-2.575301427711616,2.6909010623962093,-4.219344563537978,-15.487653953906038,-18.247987900277852,0
HK.00309,490,0.8600000143051147,0.8600000143051147,0.0,0.0,5483.75,4716.025078445673,1.5263438420166708,0.9777999997138977,1.2759000018239022,-6.521739271277513,-30.645160670086945,-38.57142650351229,-48.80952135978635,-56.122449103716455,0
HK.00311,490,0.3100000023841858,0.3100000023841858,0.0,0.0,65500.0,20305.00015616417,1.5851872193149679,0.28748000025749204,0.2525299996137619,-6.060609070941536,-1.5873000855468575,40.90909275634231,40.90909275634231,34.78260728722486,0
HK.00312,490,0.04500000178813934,0.041999999433755875,7.142862844832167,0.1991701244813278,96400.0,4338.000172376633,3.9065930144835765,0.05171999990940094,0.06283000009134412,-24.99999534338702,-26.229506094300042,-43.03797504168788,-44.44444240038942,-57.14285410180374,1
HK.00313,490,0.06300000101327896,0.061000000685453415,3.2786890251666563,10.021171489061397,53175.0,3350.0250538811088,0.9502677233259992,0.06188000030815601,0.07489999994635582,3.2786890251666563,5.000004035731247,-22.22222120019471,-24.99999778256527,-22.22222120019471,1
HK.00314,490,1.5499999523162842,1.6399999856948853,-5.487806961197449,1.1857414471402776,750160.0,1162747.9642295837,4.116821417292781,1.47510000705719,1.8809750056266785,1.30718832029433,28.09916557440748,-43.22344536677598,-38.00000190734863,-63.09523755460638,0
HK.00315,490,4.835000038146973,4.875,-0.8205120380108174,1.2848104923492445,415143.35,2007218.113086462,0.9935636069838395,4.820100011825562,4.843571436405182,0.10352203974946204,1.5756261693028282,-3.106207216046804,5.134701980286615,9.226820487403733,0
HK.00316,490,146.3000030517578,145.1999969482422,0.7575799770214402,0.6952106609789966,1484248.6,217145574.70956728,3.705335494437778,148.16424392700196,133.58011547088623,-14.814187949532744,18.99077130962218,-1.0900919432705296,21.26198291364916,18.190877454056718,1
HK.00317,490,15.239999771118164,14.479999542236328,5.248620531133384,1.4285358922614193,4383359.65,66802400.0627286,4.597364604059121,12.387230625152588,13.879591693878174,25.934605695700068,11.657137091725396,-7.174186308041191,17.91768628267294,9.996696030693874,2
HK.00318,490,0.8899999856948853,0.8899999856948853,0.0,,0.0,0.0,0.0,0.8885999870300293,0.7376499938964843,0.0,14.102566453832226,48.33332505491077,39.062500873114935,122.49999310821305,0
HK.00320,490,0.44999998807907104,0.44999998807907104,0.0,0.0,113500.0,51074.99864697456,0.774753067986784,0.45859999835491183,0.4767000013589859,-2.1739174096029172,-6.250000388051082,-7.2165000399412556,-10.000002384185791,-24.797249578900292,0
HK.00321,490,0.9200000166893005,0.9049999713897705,1.657463621407091,0.7999970852819374,1954207.05,1797870.5186143487,3.5329543311329106,1.0070549762248993,1.0739069449901582,-10.557310859468187,-14.480230605262353,-18.756222225988616,-5.347047378052381,26.46437552196636,2
HK.00322,490,11.720000267028809,11.829999923706055,-0.9298364952379969,0.5721521293062336,14826348.25,173764805.4490621,2.9253970203935515,12.20060001373291,11.513149333000182,-14.07624653934742,14.230019547534528,-3.1403516667374696,8.60522394786657,11.852873460275715,0
HK.00323,490,1.7300000190734863,1.7400000095367432,-0.5747120924395414,0.9766848667177257,3882372.3,6716504.153050374,2.550716109707922,1.7144000053405761,2.241549996137619,1.1695895017748938,-1.7045438382004816,-40.54982927673555,-33.71647170085538,-31.889762005689754,0
HK.00325,416,67.05000305175781,66.75,0.4494427741690075,0.8516759625048415,916180.65,61429915.37846146,5.54472559135051,62.91425636291504,62.41196765899658,-14.749976840501139,38.80362674422994,19.19915663577971,-0.3734813504185993,-31.06701985063647,1
HK.00326,490,5.920000076293945,6.449999809265137,-8.217050366573195,1.1650515819679421,1986310.35,11758957.423543453,7.648610074734466,6.908400020599365,5.60910000026226,-22.309709118065257,8.424909064709247,3.677758962242013,100.67796544417745,180.56873794418317,0
HK.00327,490,3.809999942779541,3.7850000858306885,0.6604981871054795,0.7644282869490501,1422684.9,5420429.387593317,2.770915372764979,3.832807769775391,4.177679734230042,-1.4685171578155745,13.990227695870328,-17.12010493913472,-24.228711984195865,-35.21554739490277,1
HK.00328,490,0.5400000214576721,0.5400000214576721,0.0,0.06079253285691879,5373786.8,2901844.9873089553,9.140529689726137,0.46310000121593475,1.1448902449011802,28.57143769458877,-14.285710230976514,-16.92307057465299,-80.50541425357511,-93.07860362560062,0
HK.00329,490,0.12099999934434891,0.12300000339746475,-1.62601951046537,0.2452079094876304,253003.0,30613.362834118307,7.608198631479107,0.16087999925017357,0.26186999943107364,-29.239768043824398,-57.54385934642146,-60.96774244717827,-60.327869997778016,-70.84337306569459,0
HK.00330,490,0.5049999952316284,0.5049999952316284,0.0,0.0,43356.4,21894.981793260577,1.745842507084678,0.5033999961614609,0.7612749969959259,-6.481486080605124,0.9999990463256836,-43.88888793227111,-57.20338833225893,-65.41096013445501,0
HK.00331,490,5.099999904632568,5.085000038146973,0.29498262287254207,0.7059518648255647,64620.8,329566.0738372803,0.7575324779914789,5.1633999729156494,5.4113418841362,-0.9708774720186868,-2.6717532939075133,-10.369071118711082,-7.028538928190538,-8.391756155252418,1
HK.00332,490,0.164000004529953,0.16300000250339508,0.6134981663801469,0.0,44008.05,7217.320399354398,0.9797981774942769,0.1709200018644333,0.30582000233232975,0.6134981663801469,-36.9230728671394,-64.34782574893396,-51.764705057375174,-58.999999478459365,1
HK.00333,490,0.18199999630451202,0.18199999630451202,0.0,0.0,16608.0,3022.6559386253357,1.1557613000930742,0.19431999683380127,0.2218399990350008,-10.78431386871551,-4.210527058783669,-28.627451094972407,-29.999998853756786,-40.32787146346597,0
HK.00334,490,0.30000001192092896,0.30000001192092896,0.0,0.3012658961212016,350410.0,105123.00417721272,2.597093125043675,0.3284000015258789,0.3713250008225441,-7.692300638503319,-26.82926474689796,-25.925923200519225,-6.249994179233778,-14.285709420028917,0
HK.00335,490,0.6399999856948853,0.6700000166893005,-4.477616454795883,0.0,10300.0,6591.999852657318,0.7100818768090739,0.6371716427803039,0.6411660531163216,-0.046628196775272475,1.4911251418050975,-1.538469156569564,-7.085588174568108,-4.392425809959273,0
HK.00336,490,3.5299999713897705,3.7950000762939453,-6.982874824154522,3.084669435307905,6363352.05,22462632.554443035,6.031948305591929,3.07738552570343,3.723858878612518,13.774987779820217,7.152266453991353,-12.788262909415412,-9.09101347183167,-19.95241334999679,0
HK.00337,490,0.10499999672174454,0.09399999678134918,11.70212799685744,1.2197534120129228,1268600.0,133202.99584120512,7.3415724038821,0.12885999962687492,0.1800449990108609,-25.000002660921634,-36.746987519199834,-47.50000242143866,-53.74449444757785,-58.000001311302185,1
HK.00338,490,1.1050000190734863,1.1150000095367432,-0.8968601235628331,1.267619485270321,12812873.1,14158225.01988616,2.438833295864782,1.1379999947547912,1.2907000005245208,-1.3392844313413568,-7.916668736272306,-24.315069164248186,-19.927534573069636,-16.28788066933846,0
HK.00340,490,2.869999885559082,2.7300000190734863,5.128200201738797,2.3112910454380855,32017531.75,91890312.45838428,6.964772785922019,2.6700999879837037,2.7709727448225023,-14.07185750563478,40.68627153071743,-20.59930459390957,3.6150991481762853,23.288849195700845,1
HK.00341,490,5.454999923706055,5.53000020980835,-1.3562438201949756,0.635969928564471,821569.85,4481663.469069195,2.3849761481444203,5.290533132553101,4.606068290472031,1.4883616701736742,12.270265999912656,24.66374192693483,15.189297189019888,-15.134843294956458,0
HK.00343,490,0.10899999737739563,0.10899999737739563,0.0,0.33399891087311673,698675.0,76155.57316765189,3.218326280531589,0.10771999999880791,0.13697999991476537,0.925920879665193,-2.678576774172776,-35.50296004072867,-30.573252397568286,-32.71605119965385,0
HK.00345,490,6.53000020980835,6.514999866485596,0.23024318695566734,2.3735690262711464,697629.25,4555519.148868442,1.7530626646414589,6.3727452850341795,6.371934769153595,4.253214119401056,14.553140879570584,-1.3758435541676914,3.3642355173939515,-25.721613842731887,1
HK.00346,490,0.23000000417232513,0.23999999463558197,-4.166662786155852,1.2489818083084443,95550.0,21976.500398665667,3.5650483766426486,0.25246000111103056,0.3516900008916855,-0.8620643144412296,-19.298243137387765,-52.57732012609148,-36.986301873186136,-47.126436112248015,0
HK.00347,490,1.1649999618530273,1.149999976158142,1.3043466092057148,0.94563945095041,4066207.5,4737131.582386494,2.574294101875931,1.1649999856948852,1.526599999666214,0.8658000615553437,-5.28455741565119,-39.322917297249674,-40.56122759291148,-46.80365609982488,1
HK.00348,490,0.0729999989271164,0.07400000095367432,-1.3513540725275752,0.20740672458691495,424890.0,31016.969544142485,4.271465479213546,0.07256000012159347,0.09973499981686473,-6.410259716727021,-2.6666719648571027,-40.65040901566264,-47.101448727640566,-51.6556276359514,0
HK.00351,490,0.3100000023841858,0.3100000023841858,0.0,0.2819713178775455,163623.0,50723.13039010763,1.428527638746332,0.3302000021934509,0.3143749997764826,1.6393426604503258,-18.421050980480732,19.230774521122513,5.084751242024469,-1.5873000855468575,0
HK.00352,490,0.36000001430511475,0.36000001430511475,0.0,,0.0,0.0,0.0,0.36000001430511475,0.36000001430511475,0.0,0.0,0.0,0.0,0.0,0
HK.00353,490,0.4099999964237213,0.4099999964237213,0.0,0.43441562524412064,494043.0,202557.62823316455,5.083821679574058,0.37339999854564665,0.35424999743700025,6.493508202528228,9.333332379659016,26.153849680748344,28.125001746229866,30.158730008554684,0
HK.00354,490,3.890000104904175,3.6700000762939453,5.994551063671662,0.9606024816993066,31874562.4,123992051.07977466,4.326391059120266,3.6171000146865846,3.987831794023514,4.28954651508103,15.430274095063504,0.5534436896837621,-23.95280759278583,-31.742367714214144,1
HK.00355,490,0.0729999989271164,0.07500000298023224,-2.6666719648571027,0.5758692457974686,687405.2,50180.57886249423,4.556897337107986,0.0738600005209446,0.07681000027805567,-3.947366744155975,7.352933764561227,-6.410259716727021,-30.47618932734808,-19.780219330359813,0
HK.00357,490,4.679999828338623,5.050000190734863,-7.326739572704823,18.49360146252285,254650.0,1191761.9562864304,4.07063081233648,5.1324999904632564,7.054924988746643,-16.725980006438153,0.6451555345359816,-41.718555616850935,-56.05633806600573,-54.86981793648971,0
HK.00358,490,34.0,33.36000061035156,1.9184633631266979,0.8823967714690583,14851735.05,504958991.70000005,4.239086646252159,35.780799827575684,37.363400592803956,-9.188030857071011,-9.526348208148063,-14.144661142949891,-20.473747509366284,45.55639142992246,1
HK.00360,490,0.04500000178813934,0.04600000008940697,-2.1739093463565164,0.17760175359936234,15989200.0,719514.0285909176,10.480037177647224,0.0334000002220273,0.041800000136718155,73.0769263833937,4.651163395125501,4.651163395125501,2.272731890855767,-11.764700726241704,0
HK.00361,490,0.05000000074505806,0.06400000303983688,-21.875002546585044,13.277893277893279,8335500.0,416775.00621043146,7.332841661649541,0.04215999990701676,0.06144000021740794,25.00000465661298,16.2790675512065,-23.076919109158116,-39.759032954098764,47.05881772878705,0
HK.00362,490,0.014999999664723873,0.014999999664723873,0.0,,0.0,0.0,0.0,0.014999999664723873,0.014999999664723873,0.0,0.0,0.0,0.0,0.0,0
HK.00363,490,13.420000076293945,13.399999618530273,0.1492571517391248,1.2852978327672708,700636.8,9402545.909454346,1.73584640820836,13.568400039672852,13.896706686019897,-3.174600225702927,2.599389560940883,-5.518407336211938,-2.4389077121148777,0.580853249944159,1
HK.00365,490,0.32499998807907104,0.3149999976158142,3.174600171093715,0.9932118613790639,285600.0,92819.99659538269,5.878606950987179,0.39279999673366545,0.4235399969667196,-16.666666666666664,-44.915253809216836,34.2975164628584,12.068964631322139,8.333325054910777,1
HK.00366,490,0.7850000262260437,0.7801242470741272,0.6250003342676783,0.2647301655059903,76058.35,59705.80674470962,2.908295765411933,0.8024552953243256,0.8447274616360665,-1.8292692471652796,-3.0120426030427296,-13.315184749924391,-9.504861236845423,-19.217092262721142,1
HK.00367,490,0.2370000034570694,0.2460000067949295,-3.6585378411646503,90.05478937009211,121475.45,28789.68206994906,1.1143937511355044,0.2445800006389618,0.28636500105261803,-5.199998617172241,-12.222224429801571,-23.548386569573907,-28.18181998801947,-33.23943362825321,0
HK.00368,490,3.9600000381469727,3.390000104904175,16.814156802479214,2.221266476079642,1633680.0,6469372.862319946,13.018242855339397,3.5380999851226806,1.5532499925792218,-5.489260523448837,68.51064675962759,661.5384968074834,820.9302261109093,1177.4193573196521,2
HK.00369,490,1.7799999713897705,1.7799999713897705,0.0,0.0,25600.0,45567.999267578125,0.5732058841712203,1.9166183924674989,1.9692435252666474,-6.82122284133166,-13.50868636409976,-23.203640457972394,2.967202900954285,12.384934448302156,0
HK.00370,490,0.25999999046325684,0.27000001072883606,-3.7037110623015317,3.3627657237047406,14912161.85,3877161.9387865425,9.797384017465973,0.2793547207117081,0.5767136791348457,0.0,-14.754103486558959,-59.37500058207662,-71.73913198405265,-82.43243330320882,0
HK.00371,490,1.5850000381469727,1.559999942779541,1.60257027464293,0.846426506778931,61663589.55,97736791.78902926,4.1522608008314625,2.0134445977211,2.3722552925348284,-25.40866640950052,-31.494574570035965,-39.45137505067371,-30.80157778896162,-33.25348081350775,1
HK.00372,490,0.1550000011920929,0.17100000381469727,-9.35672647115414,0.0,231849.5,35936.67277638614,2.9133916933418877,0.17479999661445617,0.23557999923825265,-12.429378388383022,-25.120773190291786,-43.63636442452421,-43.63636442452421,9.154926843171266,0
HK.00373,490,1.9950000047683716,1.9850000143051147,0.5037778534604955,0.9086268504338948,194900.0,388825.5009293556,3.495556012828666,2.1648000049591065,2.4790233469009397,-6.7757052816731544,-16.1764744184891,-38.12149995622172,-20.880543814822172,-10.262783390172233,2
HK.00374,490,2.5,2.5,0.0,,0.0,0.0,0.0,2.478197932243347,2.5367464435100557,2.669406930098804,2.2603706540542006,-5.634741033160347,-5.2865256566392675,1.7746919197139839,0
HK.00375,490,0.9800000190734863,1.0199999809265137,-3.92156496088299,1.7728221302230718,63727.6,62453.049215507504,1.9780131837572874,1.029600009918213,1.0390999960899352,-1.0101000370632516,-16.949147234288798,-18.333334989017843,11.36363913451346,-3.122108763010456,0
HK.00376,490,2.0350000858306885,1.9850000143051147,2.518895272808205,0.4288147177713169,15443599.7,31427726.715034794,8.571655936439619,1.800299994945526,2.5470249968767167,13.370481029750456,4.358976208638504,-25.183821160823232,-38.519633806343315,-52.00471236596265,1
HK.00377,490,4.579999923706055,4.690000057220459,-2.3454185964252665,1.9793490175902142,538915.45,2468232.7198840138,9.371369135769397,3.461999983787537,1.6977999952435494,31.609192488609004,231.88405358924052,382.10526117657685,397.8260696328658,353.4653432625623,0
HK.00379,490,0.1679999977350235,0.12399999797344208,35.48387135538921,24.585347288708352,4113451.0,691059.7586831301,9.494480665175223,0.0739000004529953,0.08174000013619662,123.99998807907151,86.6666567325596,121.05263570669298,143.47826368641995,118.18181642253114,4
HK.00380,490,0.13600000739097595,0.1340000033378601,1.492540300967864,0.8637873754152824,42400.0,5766.40031337738,3.328580949760555,0.12657999902963638,0.13664000015705824,0.0,-7.48298809437767,1.492540300967864,-11.688306410450553,-14.465401142553604,2
HK.00381,490,0.07400000095367432,0.07400000095367432,0.0,1.9347952955031782,4097020.0,303179.48390722275,7.746474727757493,0.08366000011563302,0.1615850004553795,-6.329117027961651,-29.523806415177162,-41.26984145756061,-65.42056055243478,-79.72602766569928,0
HK.00382,490,0.4749999940395355,0.4699999988079071,1.0638287753851585,0.10797159454669751,181184.1,86062.44642005861,1.4358256595505416,0.4758999991416931,0.9407631002366543,0.0,-10.377354777211321,-64.77611963388135,-65.02244281083905,-67.20615098332033,1
HK.00383,490,0.8100000023841858,0.8050000071525574,0.621117414559334,0.0,9050.0,7330.500021576881,0.9324684735109933,0.8152000093460083,0.94664999127388,0.0,-6.896551960383053,-14.736840784384587,-21.359220885097752,-11.956523077136378,2
HK.00384,490,5.400000095367432,5.389999866485596,0.18553300796937344,1.250297502888286,14241896.05,76906240.02821305,2.9119387073757332,5.598128252029419,6.762850399017334,-5.793584798427295,-12.774560405657699,-29.847545096064692,-26.625319757472532,-26.435966033000923,1
HK.00385,490,0.26499998569488525,0.25999999046325684,1.9230751596258298,3.883495145631068,24600.0,6518.999648094177,0.5245750008746902,0.25307999849319457,0.3399150092899799,5.999994277954102,-3.6363709268489552,-33.9426725662139,-41.672784014218,-32.31163011384791,3
HK.00386,490,4.38770055770874,4.382835865020752,0.11099417906139745,1.0333954580566334,141696609.7,621722293.4061277,2.472837951927598,4.348882079124451,4.40698237657547,2.3836585369924377,6.1176531370913905,-7.926569596243447,-1.07002322280996,10.97156431111896,1
HK.00387,490,0.6899999976158142,0.7200000286102295,-4.166670805877945,0.0,166800.0,115091.99960231781,2.9569629942484235,0.7389260864257813,0.6940660527348519,-8.688149465125488,-12.028825823628885,5.611054152824709,7.11978712768767,-5.786211636538541,0
HK.00388,490,388.0,388.6000061035156,-0.15440197995153784,1.2324108998747647,3237994.95,1256342040.6000001,1.3601065268059043,400.0426470947266,397.41186264038083,-6.199398314936544,2.9996227231031427,-4.010565042059416,-3.5163017358815765,-8.531877227667781,0
HK.00389,490,0.3100000023841858,0.29499998688697815,5.084751242024469,0.19230520670701043,831899.4,257888.81598340275,13.481033324346015,0.31362000316381455,0.3244450028240681,-13.888891648363074,48.32535550854204,-10.144926534683554,-27.90697738890907,-27.90697738890907,1
HK.00390,490,3.309999942779541,3.3299999237060547,-0.6006000415836379,0.960772271742751,21068044.1,69735224.76547685,1.9497877987023071,3.4309750604629516,3.777840007543564,-1.9259276213469327,-7.23951150353596,-28.78012820775895,-12.033331052294091,-10.195233883551811,0
HK.00391,490,0.30000001192092896,0.3050000071525574,-1.6393426604503258,0.12905295411430034,4922300.0,1476690.0586783886,6.918007800182919,0.20395999908447265,0.12561500020325184,23.966947746491837,185.71430598797505,203.03031671364673,197.02970443105193,233.33333333333334,0
HK.00392,490,29.600000381469727,29.979999542236328,-1.2675088944923176,1.0657074508249098,2217151.15,65627674.88577604,2.3876851101497434,30.05422149658203,30.676013660430907,-2.1207154664018697,6.441158105150298,-12.823735921209668,-2.404045431296776,-6.359454117449428,0
HK.00393,490,1.2899999618530273,1.2899999618530273,0.0,0.3192488262910798,170600.0,220073.99349212646,0.6346267643651959,1.2953462886810303,1.2931661403179169,-1.5267161679471504,-1.5042816354107873,1.2840654156316018,-1.5892422539059,8.40560086882329,0
HK.00396,490,0.25,0.24699999392032623,1.2145773900874939,0.3660202130565419,1056000.0,264000.0,7.659881679018457,0.32643999963998793,0.25300651900470256,-30.555558315029742,-10.714286094417377,-5.638660058102034,147.13684667637114,129.6404251188104,1
HK.00397,490,0.0430000014603138,0.0430000014603138,0.0,0.13827855770703645,6180811.05,265774.88417592365,7.979666986089426,0.038959999978542326,0.04324438003823161,10.25641172595275,7.500006053596871,-12.244892683886986,-4.444444996339281,-24.561400986260804,0
HK.00398,490,3.380000114440918,3.365000009536743,0.4457683465575935,0.6448676161565365,513419.35,1735357.4617561817,1.3181125785147279,3.319699959754944,3.3326502871513366,1.5015072636763487,4.643965773426175,0.2967427068673892,-2.368573484948812,6.198556701725972,1
HK.00399,490,0.0729999989271164,0.0729999989271164,0.0,,0.0,0.0,0.0,0.0729999989271164,0.09860499946400524,0.0,0.0,-61.3756610419381,-16.09195284176285,-85.40000021457672,0
HK.00400,490,4.579999923706055,4.489999771118164,2.004457843557473,0.7192835026713633,5825050.1,26678729.013583943,5.972780199215612,4.146599960327149,3.5612499928474426,21.003958252246345,-9.126984952949229,65.94202679462028,52.15946638595057,81.74603009410154,2
HK.00401,490,0.10199999809265137,0.10199999809265137,0.0,0.0,935160.0,95386.31821632385,1.4465706680793713,0.11750000014901162,0.12868593987077476,-21.538460127700667,-7.272728504228204,-15.702480458389276,8.5106399842872,15.909089369714744,0
HK.00403,490,0.20499999821186066,0.20499999821186066,0.0,0.0,224900.0,46104.49959784746,11.05326296603956,0.1794599997997284,0.1627999997138977,10.215050188471645,22.7544931017437,39.45578120959517,32.25806234530432,4.59183855777435,0
HK.00406,490,0.5,0.5,0.0,0.0,7600.0,3800.0,0.3480194719524159,0.5234999930858613,0.6599750012159348,-7.407411086706321,-18.03278880745961,-31.50685110466183,-33.33333333333333,-30.555558315029742,0
HK.00408,490,2.6549999713897705,2.6600000858306885,-0.18797422103678196,0.6710119553178974,120606.35,320209.85579942464,2.2253755615096504,2.544399995803833,2.1495465809106826,-0.5618016657510917,27.033496670980632,37.15048854551076,48.82286508963382,54.57845880409421,0
HK.00410,490,0.28999999165534973,0.3100000023841858,-6.451616314521787,4.804183929554123,854913.6,247924.936866045,2.772426197865141,0.3330000013113022,0.43737499609589575,-12.121218141883071,-23.68421176463945,-43.13725547486204,-45.28301748867849,-50.84745685659031,0
HK.00411,490,12.0,12.0,0.0,0.0,1250.0,15000.0,0.4166666666666667,11.168000202178956,11.810197911262513,6.194688473006249,9.090909090909092,-6.2500013969838415,7.931488801054018,8.82446956456762,0
HK.00412,490,0.5849999785423279,0.5450000166893005,7.339442317087295,0.36348537427427885,9764417.75,5712184.1742283255,9.636708971808257,0.5324000018835068,1.1221999961137772,9.3457850215429,-19.86301873186141,-64.32926928993496,-58.80281716744784,-96.63986224199029,1
HK.00413,490,0.02199999988079071,0.02199999988079071,0.0,1.030649998920603,603994.8,13287.88552799821,1.7136036994273844,0.022679999992251395,0.027690000236034393,4.761905606641802,10.000001862645192,-29.03225728922157,-33.33333333333333,-35.29412151414197,0
HK.00417,490,0.7200000286102295,0.7200000286102295,0.0,3.0289319796531493,58400.0,42048.0016708374,1.6275823114208121,0.72210000872612,0.8197250035405159,-2.7027000903735274,0.0,-22.58064268034779,-21.739128744669838,-54.14012709835867,0
HK.00418,490,0.7099999785423279,0.6700000166893005,5.970143411440622,4.027972027972028,136587.5,96977.12206915021,5.462914883676282,0.6471999907493591,0.7255499985814094,10.077519308209066,0.0,-5.333336194356283,-12.345681919446163,-13.414636007878572,6
HK.00419,490,0.48500001430511475,0.47999998927116394,1.041671905356266,0.4228418288581308,1744092.05,845884.6691994369,7.484660251019867,0.5285000014305115,0.40505999952554705,-24.8061971089621,11.494255551007942,76.36363774291736,32.876712776165455,-27.611939966559124,2
HK.00420,490,0.6399999856948853,0.6399999856948853,0.0,0.163569746139754,1463000.0,936319.9790716171,2.6610806022458124,0.6660000026226044,0.6307121223211288,-9.219858036105535,-5.882356034843122,5.434118417239894,10.454797436955932,3.860476228706626,0
HK.00422,490,0.25999999046325684,0.26499998569488525,-1.8867907552966041,0.0,18350.0,4770.999825000763,1.5555558152707558,0.26409999549388885,0.27509999826550485,-1.8867907552966041,3.9999961853027344,-7.1428609441737585,-5.454550971669479,-36.58536762655102,0
HK.00423,490,0.6349999904632568,0.6349999904632568,0.0,0.0,51800.0,32892.999505996704,1.0828351729510612,0.6535042500495911,0.7008941504359245,-5.223884381225961,-5.18373349887304,-13.692884340549105,-10.24060349542859,-18.786014846635737,0
HK.00425,490,24.059999465942383,24.0,0.24999777475992838,1.0138949453407702,4603291.5,110755191.03157711,4.67374412280802,26.808800086975097,32.302378520965576,-17.03448460019868,-20.823321726658893,-35.5787817197807,-26.425000023330536,-20.569223810728307,3
HK.00426,490,0.14800000190734863,0.15299999713897705,-3.2679708007358252,0.8817354793561931,145000.0,21460.00027656555,3.9291703644398117,0.12910000011324882,0.1151450003683567,23.333337679505444,-9.202454212069117,47.99999970197678,66.2921340789718,117.6470498003354,0
HK.00430,490,0.3540000319480896,0.33924999833106995,4.347836017562858,18.06451612903226,5900.0,2088.6001884937286,0.576690702191768,0.3414133328199387,0.37358308866620066,4.347836017562858,-8.860753860497205,-7.00076939103017,-11.482654929405333,-11.907207870531607,1
HK.00432,490,0.20999999344348907,0.20600000023841858,1.9417442720587457,0.2796880865331565,261176.7,54847.105287592116,4.713215357804754,0.2228800004720688,0.23802499808371066,-8.69565668088043,-12.133891239476133,-28.813558380277044,10.526313725600916,5.527634390502074,1
HK.00433,490,0.041999999433755875,0.04399999976158142,-4.545455315142628,1.0355253870632009,19117634.4,802940.6339747518,6.179626211853769,0.053400000035762785,0.0682100003398955,-29.999999379118268,-38.23529830698713,-53.33333581686011,-46.835446201576296,-35.38461388568195,0
HK.00434,490,2.869999885559082,2.9100000858306885,-1.374577288377914,0.5376213490651163,3107970.9,8919876.127320956,5.264245084371777,2.5235000133514403,2.8132573062181474,-6.5146596753329105,26.91335746352348,5.0002608073234,-18.463487445499922,-60.66028062403658,0
HK.00436,490,0.06300000101327896,0.06300000101327896,0.0,0.0,12000.0,756.0000121593475,0.0,0.054199999794363976,0.06012194234877825,18.86792784379703,12.499998336924026,-0.7414239293014878,-5.120489565934153,15.210840100573057,0
HK.00438,490,1.1100000143051147,1.1050000190734863,0.4524882484455325,0.1095890410958904,7340.0,8147.400104999542,3.233036316528728,1.2106000018119811,1.6616999971866608,-13.281246944097733,-18.9781014276139,-44.49999928474426,-43.93939375694936,-59.48905071380695,1
HK.00439,490,0.550000011920929,0.550000011920929,0.0,0.14989689903912967,160685.05,88376.77941551506,5.536626622271014,0.6167999994754791,0.8376999986171723,-18.518518191469717,-8.333334989017844,-42.10526117657688,-52.58620450456978,-68.39080408583672,0
HK.00440,490,45.900001525878906,45.36000061035156,1.1904781928157881,1.4225055807636113,238613.0,10952337.064094543,2.6576929624143144,45.16689079284668,39.197750129699706,-2.476289991200309,16.642218391152245,20.282867033181027,37.17653968920631,43.88582035142484,3
HK.00442,490,0.699999988079071,0.6000000238418579,16.666660043928623,32.36641221374046,68600.0,48019.999182224274,0.8214286535370121,0.6093999981880188,0.7296499958634377,11.999998092651367,-7.894737254879816,-16.66666548403479,-10.256408492959162,-36.36363882663816,1
HK.00444,490,0.009999999776482582,0.009999999776482582,0.0,,0.0,0.0,0.0,0.009999999776482582,0.009999999776482582,0.0,0.0,0.0,0.0,0.0,0
HK.00450,490,0.6850000023841858,0.6650000214576721,3.0075158317550055,0.45454545454545453,194700.0,133369.50046420097,2.6802879172826644,0.7153264653682708,0.7767819681763649,-5.41171820832941,-8.523172567696667,-14.920150049900899,-18.61927579438913,-18.64690474162887,1
HK.00451,490,0.5149999856948853,0.5249999761581421,-1.9047601747403906,1.0822599135848872,3025667.65,1558218.796467477,5.793537704368491,0.6225,0.9376250010728836,-12.711862951337249,-37.95180770478379,-57.08333623078122,-47.44898207432918,-47.97979992587349,0
HK.00455,490,0.11999999731779099,0.11999999731779099,0.0,0.0,53200.0,6383.99985730648,3.347146447007894,0.1057800005376339,0.10347000073641538,8.108104298461395,34.83145531267407,24.999996119489307,-13.669065789377765,-26.38037087435533,0
HK.00456,490,0.47999998927116394,0.49000000953674316,-2.0408204226431472,0.7948557926668344,68117.75,32696.519269175828,5.358920305312355,0.5272999978065491,0.4945249991118908,-23.809524935839857,-26.153845095775495,19.99999552965171,10.344824515020303,-4.000002145767212,0
HK.00458,490,1.8949999809265137,1.7000000476837158,11.470583986658657,0.0,700.0,1326.4999866485596,0.014705867915830392,1.7319000029563905,1.7032804572582245,16.975307120289898,23.219976373631486,22.495156111005972,15.689872136748056,-0.8372534851876368,2
HK.00460,490,0.7200000286102295,0.7250000238418579,-0.6896544920278584,0.4973603169602995,35655624.5,25672050.6601156,4.157526481099131,0.842999997138977,1.1507736021280288,-17.7142824445452,-17.16734668743678,-50.413107928741255,-43.05255133574048,-56.04844234909139,0
HK.00464,490,0.7400000095367432,0.7549999952316284,-1.9867530847180164,2.8774422735346357,122400.0,90576.00116729736,6.9397364431439845,0.7766999995708466,0.942024999409914,-1.9867530847180164,-18.68131997691532,-1.3333320617675781,-51.948050138499525,-10.843370552245663,0
HK.00465,490,3.759999990463257,3.759999990463257,0.0,0.0,110900.0,416983.9989423752,2.9272908483593865,3.421399989128113,2.17092499345541,-3.713187758997829,-11.111111737374777,429.5774794504586,422.22220014642875,989.8550734653165,0
HK.00467,490,0.4050000011920929,0.4099999964237213,-1.219511042741837,3.2702964414850175,45985538.0,18624142.944819033,4.1996158283113765,0.38060000002384187,0.4808500005304813,5.194808110195212,2.531643086491392,-47.402595944902394,-13.829786761846407,-22.1153815293452,0
HK.00468,490,2.2739999294281006,2.2739999294281006,0.0,,0.0,0.0,0.0,2.2739999294281006,2.2739999294281006,0.0,0.0,0.0,0.0,0.0,0
HK.00470,148,28.15999984741211,27.399999618530273,2.7737235016888735,0.4631522681097898,1228104.4,34583419.71660614,4.383626411257864,29.4484001159668,,-10.146778205785022,-31.014208579274772,-34.706572625651134,-38.12805641479789,,1
HK.00471,490,0.10999999940395355,0.11100000143051147,-0.9009027150183835,0.22464080174780104,921478.45,101362.62895075604,7.281588010381252,0.12986000046133994,0.39345469515770676,9.999997764825855,-35.29411867828104,-83.82352966957026,-84.50704186924202,-85.33333341280618,0
HK.00472,490,0.20100000500679016,0.20100000500679016,0.0,0.0,78000.0,15678.000390529633,1.8869002139657316,0.214719999730587,0.281224999204278,-13.733901709252757,-22.69230293098974,-37.18749703140923,-42.571426162914314,20.3592875281739,0
HK.00474,490,0.14499999582767487,0.1469999998807907,-1.36054697601207,2.5241441202387587,1790605.3,259637.7610290125,5.348663400306602,0.13195999905467035,0.12091499943286181,-3.3333399560713786,26.086950606344434,20.83333255723117,20.83333255723117,624.999995343387,0
HK.00475,490,0.3199999928474426,0.3199999928474426,0.0,0.0,64800.0,20735.999536514282,3.211233241677617,0.3582999974489212,0.40842499971389773,-3.0303090509739805,-34.02062197752229,-18.98734578336006,-36.000001430511475,-27.272728504228205,0
HK.00476,490,0.6899999976158142,0.6899999976158142,0.0,2.629286141987227,431019.9,297403.7299723685,4.058804947066498,0.5571999955177307,0.6401249977946282,23.21428476395656,51.648346753875465,-1.4285700905079517,-15.853658093362244,-25.000001619691403,0
HK.00480,490,1.0,1.0049999952316284,-0.4975119657066306,0.16764635002462305,360247.35,360247.35,2.4098433363558316,1.0439000058174133,1.106075001358986,-3.381639396149068,-6.542060656134582,-15.254233521108176,-9.090911061310528,2.040814340536656,0
HK.00482,490,0.4950000047683716,0.4950000047683716,0.0,0.0,31950.0,15815.250152349472,3.079101262978056,0.5584000051021576,0.6995360109210015,-11.60714238197828,-22.656247526174354,-46.79301713937256,-16.50600362539951,-39.02123343651487,0
HK.00483,490,0.19499999284744263,0.19499999284744263,0.0,1.9883277795165417,29858.5,5822.407286435366,1.05154348179137,0.18911999881267547,0.2402899982780218,-2.5000050291418283,14.035080992602053,-33.89830457106021,-36.06557761491922,-30.357145708130318,0
HK.00484,490,0.6200000047683716,0.6200000047683716,0.0,0.0,22580.0,13999.60010766983,2.010725038166512,0.7163000011444092,0.7829249972105026,-17.333332697550453,-12.676053027315803,-28.735632026411295,-26.1904733183702,-27.90697738890907,0
HK.00485,490,0.3400000035762787,0.3400000035762787,0.0,0.0,36043.75,12254.875128902495,5.847820589543122,0.38300000250339505,0.4067750012874603,-10.526313725600916,-13.924052065485734,-29.89690854681422,-19.047615668670826,-2.8571401810159034,0
HK.00486,490,2.930000066757202,2.930000066757202,0.0,0.17356253562894725,299315.5,876994.4349814653,3.0016302255055645,3.0246999740600584,4.1548749899864195,-2.3333311080932617,-15.804596244304502,-46.13970522172621,-39.33747177973005,-29.39759037528922,0
HK.00487,490,0.0430000014603138,0.04899999871850014,-12.244892683886986,0.19518996165911467,289700.0,12457.100423052907,3.536881836258737,0.0423400004953146,0.047945000175386665,2.380957238190364,-15.686270069819248,-21.818178739429488,-10.41666440303543,-67.1755707173294,0
HK.00488,490,0.699999988079071,0.6650000214576721,5.263152705571259,0.45854953541691806,25431.0,17801.699696838856,4.429234971909232,0.703300005197525,0.7072250056266784,-2.777783296726149,-10.256408492959162,6.06060003993511,14.754093715305943,1.449273985189887,1
HK.00491,490,0.03400000184774399,0.03400000184774399,0.0,2.2951619929549674,4073300.35,138492.21942641624,5.741851967680551,0.025540000423789025,0.029175000181421638,30.76923517785825,36.000005364417945,21.428574279558816,-2.85713799145759,-5.5555463573075095,0
HK.00493,490,0.009999999776482582,0.009999999776482582,0.0,2.6548818303791886,2657329.45,26573.293906040584,0.0,0.010019999779760837,0.012835000087507068,0.0,-9.090910630285256,-23.076926383393687,-33.33333333333333,-50.0,0
HK.00496,490,0.18400000035762787,0.18299999833106995,0.5464491998239219,0.0,200.0,36.800000071525574,0.0,0.17889999985694885,0.3010800001770258,6.358386033632009,-26.399999856948853,-45.07462812707532,-55.66264962471694,-59.560440647301185,5
HK.00497,490,0.16099999845027924,0.16200000047683716,-0.617285199762023,0.0,383609.1,61761.06450551301,2.4572763627000103,0.17498000144958495,0.1937950002402067,-7.999999318804048,-17.435895202192718,-26.14678792475488,-8.522727657571313,-15.26315764707211,0
HK.00498,490,0.07100000232458115,0.07100000232458115,0.0,,0.0,0.0,0.0,0.07100000232458115,0.10800000131130219,0.0,0.0,-44.09448814278269,-54.19354723966086,-51.70067865159291,0
HK.00499,490,0.20200000703334808,0.20200000703334808,0.0,0.0,173000.0,34946.00121676922,5.268126792603687,0.1869199988245964,0.15323499992489814,9.782612304747209,14.772731890855766,74.13794210847327,72.64958059598787,71.18644560078577,0
HK.00500,490,0.06599999964237213,0.06700000166893005,-1.492540300967864,4.949752033390069,117194.1,7734.810558088124,5.850767915027581,0.06594000071287155,0.06967500045895576,-2.941182271212952,8.196719509400037,-16.455700500254594,-17.499998603016106,-26.66666997803569,0
HK.00505,490,0.9700000286102295,0.9700000286102295,0.0,0.0,55300.0,53641.00158214569,2.600486794608961,0.9122144734859466,0.9248950478434562,11.235899683111759,0.1123056090549227,5.381372960530244,8.817719704453163,2.155414656297395,0
HK.00506,490,3.7899999618530273,3.7200000286102295,1.8817186210869312,1.2040400026874447,6695213.55,25374859.09909787,3.2190344496332637,3.519100003242493,3.6665157973766327,13.813815275858177,14.8484853520319,-1.1303353389746544,-7.108504575675798,-1.3744677672368717,1
HK.00508,490,0.3100000023841858,0.3100000023841858,0.0,0.0830328853927674,1125375.0,348866.2526831031,6.469872824817005,0.3291000020503998,0.4568500006198883,0.0,-23.45678976006923,-49.18032866977484,-21.51898886985145,-12.676053027315803,0
HK.00509,490,0.17000000178813934,0.17000000178813934,0.0,,0.0,0.0,0.0,0.17000000178813934,0.17000000178813934,0.0,0.0,0.0,0.0,0.0,0
HK.00510,490,0.4399999976158142,0.44999998807907104,-2.222220161814694,1.1100483020303764,13305.15,5854.26596827805,0.6966951043660482,0.5341999930143356,0.5513499984145165,-16.981128043829436,-22.80701699349358,-38.88889164836307,-11.11111244903803,-15.384612739438744,0
HK.00511,490,2.130000114440918,2.240000009536743,-4.910709581584975,6.810104754919611,993026.15,2115145.8131428245,3.0297598253722082,2.388599982261658,2.727199980020523,-13.939385999405445,-15.476185295136657,-25.52446879129862,-31.948880621003443,-40.168535149529305,0
HK.00512,490,4.885000228881836,4.940000057220459,-1.1133568360638697,1.3250868838274,5180904.15,25308717.958564855,3.1298036237059077,5.1438000297546385,6.25213082075119,-7.040911084707874,0.5144052403421101,-29.608094741901425,-35.2033510670562,-46.28970396441441,0
HK.00513,490,0.15000000596046448,0.15000000596046448,0.0,0.0,15100.0,2265.0000900030136,1.5023040833539303,0.12157999873161315,0.13855499878525734,28.205134736428384,-5.660370285434095,13.636368767617519,14.50382374041676,-15.254234434327088,0
HK.00515,490,0.17299999296665192,0.17299999296665192,0.0,,0.0,0.0,0.0,0.17299999296665192,0.17299999296665192,0.0,0.0,0.0,0.0,-17.61904839620571,0
HK.00517,490,6.454999923706055,6.369999885559082,1.3343805286350077,0.6527321700555105,4120548.25,26598138.639377117,2.8719019698766677,5.813974361419678,5.806144142150879,12.516494575616054,17.553065805793437,0.9260408649668561,13.622152881715795,17.553065805793437,3
HK.00518,490,0.16599999368190765,0.1860000044107437,-10.752693685248547,6.568047337278107,44900.0,7453.399716317654,2.859273978512864,0.17437999933958054,0.19283999986946582,-6.741578207068876,-18.22660174458102,-14.871794989358278,-14.432995471276092,-23.502304495556878,0
HK.00519,490,0.14000000059604645,0.1379999965429306,1.4492783356655092,1.6494423647725294,512762.4,71786.73630563021,4.374887170750789,0.14786000072956085,0.17553500019013882,-2.097906251484906,-4.761904279197888,-23.913043302207456,-33.96226308998495,18.64406758257453,1
HK.00520,490,0.2370000034570694,0.22100000083446503,7.239820163887151,3.0721739130434784,652825.0,154719.52725686133,5.184422441899947,0.257039997279644,0.4872099971026182,-13.818182429006265,-22.29508265600636,-61.147541328003186,-67.97297291854944,-71.7857129932666,2
HK.00521,490,0.20200000703334808,0.19300000369548798,4.66321407540497,2.8393867009483764,2417198.05,488274.0231009952,4.3142619151160755,0.2003200000524521,0.2532049990445375,8.60215174364812,-25.185185553115076,-34.838707909747804,-19.199997186660767,-20.78430948602096,1
HK.00522,490,168.10000610351562,160.0,5.062503814697266,2.149523360352006,2281381.45,383500235.66944736,4.950672531023228,163.25748596191406,137.16778102874756,3.9579525516762915,-19.486116206699478,53.877243929245196,109.59142274568595,148.44996755848325,1
HK.00524,490,1.9049999713897705,1.909999966621399,-0.2617798596338677,0.0,134920.15,257022.88188990354,5.063388835893257,2.004199995994568,1.1463499999046325,-4.030228833189692,-31.96428557743831,318.681300327033,618.867952537606,495.3125043655747,0
HK.00525,490,2.2149999141693115,2.3399999141693115,-5.341880537819352,5.3522301999896005,7772769.35,17216683.443107855,2.7644446896717403,2.2899999904632566,2.168285323381424,-0.8948537747316618,3.504663812551311,6.155581559490323,7.62995404656883,-9.54057366438366,0
HK.00526,490,0.10400000214576721,0.0989999994635582,5.050507787173788,0.06627357341260172,2057500.0,213980.00441491604,6.39210895871946,0.11292000010609626,0.10672499988228083,-4.587151699019504,-24.637677716597832,-16.129029156886276,20.930230946331996,14.285718964257926,1
HK.00527,490,0.800000011920929,0.7950000166893005,0.6289302046118699,1.143520732290457,2945800.0,2356640.0351166725,3.0826896963745187,0.7230999958515167,0.6733749988675117,3.225811165403894,26.98412983746097,15.942031113797448,33.33333002196431,5.263160784158717,1
HK.00528,490,1.190000057220459,1.1649999618530273,2.1459310030935064,1.3333333333333333,9600.0,11424.000549316406,1.130119610534406,1.1709999990463258,1.092934228181839,1.7094103307181667,9.227054366436857,-1.0936091201467975,19.629641569247706,8.285442135221913,1
HK.00529,490,1.7799999713897705,1.7799999713897705,0.0,0.0,22800.0,40583.99934768677,0.0,1.7931000113487243,1.9467185842990875,-2.465757540722219,-3.4796767349304902,-24.16261155266891,-16.823500995886107,1.4005653601016252,0
HK.00532,490,0.3050000071525574,0.3050000071525574,0.0,0.36760976075527096,426622.5,130119.86555144191,4.683990335784818,0.3119000017642975,0.3545749980211258,3.3898375288438505,-42.45282573265359,15.094348534692829,-6.153840510802654,1.6666650109821552,0
HK.00533,488,0.8700000047683716,0.875,-0.5714280264718192,1.5512820512820513,82700.0,71949.00039434433,1.571315524191321,0.8901999962329864,0.9451267948746681,-2.793293485019055,-8.421050980480734,-8.915125982772963,-8.915125982772963,-7.9663207248856445,0
HK.00535,490,0.09399999678134918,0.0989999994635582,-5.050507787173788,2.6838347897644894,1359371.95,127780.95892465636,5.873329062473663,0.09634000033140183,0.13406000029295684,-2.083337537219918,-15.315319306373777,-42.33129120388125,-41.250000698491945,-59.30736179270124,0
HK.00536,490,1.1699999570846558,1.1699999570846558,0.0,0.9059566486708264,300257.95,351301.78861432674,0.7739388122801891,1.151199975013733,1.0768735575675965,0.862068168189925,4.464281437804522,13.541271408713229,18.999995513858963,17.608098227083865,0
HK.00537,52,21.399999618530273,20.440000534057617,4.696668588012426,2.6930546483779665,327499.9,7008497.735068703,3.9202676738483917,24.12439998626709,,-15.748031732574699,,,-25.69444380056709,,1
HK.00538,490,0.7950000166893005,0.800000011920929,-0.6249993946403356,0.5498153594748498,1462046.0,1162326.594400525,1.6060791117487028,0.8101000010967254,0.8150927957892418,-1.242234829118668,-3.727956777831575,0.5508026340945044,1.6805874501245937,-17.731168247045932,0
HK.00540,490,0.2199999988079071,0.2199999988079071,0.0,0.0,7800.0,1715.9999907016754,0.6585364719007347,0.20289999932050706,0.19580499961972236,22.22221670327385,4.761907465063339,10.55276269024814,15.789474509759632,22.22221670327385,0
HK.00542,490,0.8799999952316284,0.8799999952316284,0.0,0.0,149134.0,131237.91928887367,5.128442222734075,0.7725,0.9803750023245812,9.999997764825855,25.714287173991323,-45.34161568865318,3.5294082997992935,95.55555967637062,0
HK.00543,490,0.23399999737739563,0.23399999737739563,0.0,0.0,42527.75,9951.493388466537,0.9479320646178621,0.25931999415159224,0.27821953274309635,-11.698109430534943,-11.698109430534943,-13.059908734206424,-15.819911187674816,-26.342424263460547,0
HK.00544,490,0.8999999761581421,0.9049999713897705,-0.5524856784194297,4.487179487179487,9550.0,8594.999772310257,0.5371083837733024,0.9451999914646149,1.5694500049948692,0.558658697003811,-44.78527737478618,-47.058826416833924,-52.63157960780771,-25.000004967053535,0
HK.00546,490,4.400000095367432,4.425000190734863,-0.5649738822560335,1.9255724009512283,5637952.8,24806992.857677076,3.352234811498294,4.905533418655396,6.508956205844879,-14.814529998956816,-17.873668941528436,-46.89519277152949,-43.74435079208098,-50.12512137026953,0
HK.00547,490,0.2029999941587448,0.20000000298023224,1.499995566904611,1.071048922837173,338254.1,68665.58032417147,4.209957476880366,0.23405999898910523,0.27804999880492687,-12.121217008120423,-15.416667209938181,-32.33333796924997,-47.948717537246026,-46.578948235247616,2
HK.00548,490,6.420000076293945,6.679999828338623,-3.89221195697758,3.7260673166893055,489454.2,3142296.001342392,1.6682166011524606,6.680699977874756,6.855541644096374,-3.3860030892159094,2.465385619382988,-9.912973588300696,-5.737595767904039,-8.93509987454639,0
HK.00550,490,0.5249999761581421,0.550000011920929,-4.545460949259217,5.106913756236636,1394100.0,731902.4667620659,8.468015168388824,1.0719999969005585,0.7426899990811944,-48.52941313966888,-47.50000238418579,28.048775789639794,337.49998991067184,291.7910172244075,0
HK.00551,490,12.109999656677246,12.489999771118164,-3.042434919171328,2.1142596127360718,3329116.5,40315599.672038555,2.776571800592493,13.186533679962158,14.211631298065186,-9.960802749480075,-8.37537461221944,-26.4538736971135,-16.64464885868545,3.3123311994371227,0
HK.00552,490,4.170000076293945,4.119999885559082,1.2135968962066677,1.804398559725749,12011834.4,50089350.36443024,2.4507703162547156,4.070000004768372,4.134088007211685,3.6024839128178208,2.2058861340894165,0.627853671109802,-4.565845686306435,-3.107238656395108,5
HK.00553,490,3.049999952316284,3.0,1.6666650772094727,0.7830891184242134,1667400.0,5085569.920492172,2.577656729427654,3.2989000034332276,4.370358650684357,-7.15373294898953,-23.558898620894922,-45.362259677478875,-36.651899042575444,-40.472502873624464,1
HK.00554,490,0.19499999284744263,0.19499999284744263,0.0,0.272108843537415,29800.0,5810.99978685379,1.8224790456794944,0.1988400012254715,0.21256999999284745,-2.5000050291418283,1.0362637894609572,-10.958906066956837,-25.0,-30.357145708130318,0
HK.00556,490,0.4050000011920929,0.41999998688697815,-3.5714252769540553,0.07779074290159471,769600.0,311688.0009174347,4.722473348946796,0.4538348263502121,0.48059393122792243,-18.18181872915192,-28.210351452471023,-38.97879776752811,-10.360910666016988,47.507362318324596,0
HK.00557,490,0.5049999952316284,0.5049999952316284,0.0,0.0,1000.0,504.9999952316284,0.588235328491722,0.5490000009536743,0.5998999989032745,-9.821429806856472,-25.735295600028994,-15.833337472544612,-27.857142309753254,-43.258426590047684,0
HK.00558,490,1.215000033378601,1.2649999856948853,-3.952565445193929,8.456773440215906,1460661.95,1774704.3180048524,3.883284479818114,1.3825123739242553,2.4878868901729585,-16.581807931790653,-45.959519051464376,-59.645095395574046,-64.6894584711273,-74.53966778781643,0
HK.00559,490,0.12600000202655792,0.12600000202655792,0.0,,0.0,0.0,0.0,0.12600000202655792,0.119160001501441,0.0,0.0,-0.7874031453886305,35.4838699340159,-32.9787200314256,0
HK.00560,490,0.5899999737739563,0.5900000333786011,-1.010248159378366e-05,0.7568688439606014,395800.0,233521.9896197319,1.1674372530866635,0.6015050256252289,0.6736848360300064,-1.010248159378366e-05,-11.764709028454682,-17.143423710948774,-20.371600276664562,-20.397445141421287,0
HK.00563,490,0.23499999940395355,0.22300000488758087,5.381163342315682,5.986801487233663,944550.0,221969.24943700433,4.34522757916247,0.23129999965429307,0.2760049996525049,3.524229682168076,-6.000000238418579,-18.965515115173133,-25.396825021386714,-29.850748193957067,1
HK.00564,490,11.779999732971191,11.890000343322754,-0.9251522891110529,0.4164370263908298,1317620.75,15521572.083157301,3.231349240356614,13.368999996185302,16.55321952342987,-12.740742718731916,-16.92525049755165,-36.168968700110305,-38.306848514306935,-35.10887085292981,0
HK.00565,490,4.204999923706055,4.224999904632568,-0.47337234030666775,0.9683876983357866,9530215.45,40074555.24015226,5.852100447510568,3.2831999969482424,2.504799997806549,27.61759715755857,39.70099458568039,94.675914658073,202.5179832360863,211.48147032911743,0
HK.00567,490,0.28999999165534973,0.28999999165534973,0.0,0.1556420233463035,125500.0,36394.99895274639,1.666954245792343,0.27699999570846556,0.23288499876856805,7.40740004880958,-1.694913713180618,81.24999883584675,211.8279406219184,218.68131598215888,0
HK.00568,490,4.460000038146973,4.425000190734863,0.7909569695701397,0.6270026461440741,34495617.25,153850454.25090337,4.406448763607619,5.027999992370606,5.729200021028519,-7.5647623947524,-10.080645083760869,-57.844989883660745,38.08049572167827,10.39604159058714,1
HK.00570,490,1.2200000286102295,1.2549999952316284,-2.7888419724606592,5.8378153852299715,9479005.4,11564386.85919652,1.8616805213913723,1.3884999918937684,1.7504249984025955,-12.23021286576991,-16.438356388082727,-37.43589749859792,-42.45282573265359,-43.778802501527196,0
HK.00571,490,0.04500000178813934,0.0430000014603138,4.651163395125501,1.588808790609241,72016.65,3240.749378775805,1.37541506595022,0.043260000571608545,0.046495000068098306,9.756098890644923,-2.1739093463565164,-16.66666551688574,2.272731890855767,-21.052628483138257,1
HK.00572,490,0.3799999952316284,0.3799999952316284,0.0,0.0,16306.65,6196.526922243834,1.5775316071303676,0.38160000324249266,0.42609999984502794,2.7027000903735274,4.1095850145108725,-12.643679735887027,-19.14893697969187,-18.279571546434806,0
HK.00573,490,0.2750000059604645,0.2750000059604645,0.0,0.0,89350.0,24571.2505325675,1.92316145375485,0.26289999604225156,0.2910749976336956,7.843141608951449,-1.785712575121809,-6.779654852722472,-15.384610446952324,-16.666668171834402,0
HK.00574,490,0.017999999225139618,0.017999999225139618,0.0,,0.0,0.0,0.0,0.017999999225139618,0.03600736479274928,0.0,-40.000001241763464,-61.702127996857435,-61.702127996857435,-60.00000331136902,0
HK.00575,490,0.8949999809265137,0.8949999809265137,0.0,0.0,47091.05,42146.4888518095,1.829841491848217,0.8975,0.8667749980092049,0.5617972260667591,-12.254902189944813,-0.5555550404536735,-13.106795554673894,22.602733909849036,0
HK.00576,490,6.065000057220459,6.03000020980835,0.5804286267715034,1.1104896736393872,12329600.55,74779028.04125541,2.0080287968629924,6.336400032043457,6.649406175613404,-5.234375518048175,-7.826745782020195,-7.951937859729333,-10.128313760558799,-10.003143005772037,1
HK.00579,490,1.6100000143051147,1.6150000095367432,-0.3095972261364041,1.2688745566317337,3953046.45,6364404.841048784,1.5802223304487057,1.7407999992370606,1.9562728106975555,-3.303300228710008,-12.665192469281052,-26.86597464298204,-21.778388281358417,-27.4557644097352,0
HK.00580,490,1.2200000286102295,1.2200000286102295,0.0,0.6563572019608723,4795898.75,5850996.612211764,4.434606131968699,1.4097000026702882,1.8791127133369445,-11.913354728460172,-56.272399810358955,-39.35125572583865,-37.81195041388001,-33.435011846160315,0
HK.00581,490,0.9649999737739563,1.0099999904632568,-4.455447239030208,19.966015293118097,3032000.0,2925879.9204826355,3.6307533389311377,1.108400002717972,1.2083116945624353,-17.52136673761148,-18.257787567761667,-31.336540170212295,-22.560010920990802,-35.22315265902143,0
HK.00582,490,0.05400000140070915,0.054999999701976776,-1.8181787394294886,6.5292043678884975,130134.9,7027.284782281145,5.457121862401012,0.06494000062346458,0.09332000033929944,-31.645570993136886,45.9459478507693,-57.81250090949466,-54.237287225941756,-58.4615358604481,0
HK.00583,490,0.17399999499320984,0.17499999701976776,-0.5714297391930604,43.86861313868613,87500.0,15224.99956190586,1.4609673395798435,0.19523999959230423,0.21837999925017357,-8.421054117567339,-16.746416395611703,-25.641026947285678,-28.688527443449942,-25.957448751260497,0
HK.00585,490,4.789999961853027,4.364999771118164,9.73654554456008,0.7914126762788781,316348.85,1515310.979432249,9.523883946381329,4.84189998626709,2.7885249969363213,-9.622645481662193,23.136242485294815,438.2022515554469,498.7499863095583,404.21052862732694,1
HK.00586,490,7.429999828338623,7.440000057220459,-0.13441167748555052,3.261985650556998,5524891.65,41049944.0110895,2.9186657033922843,8.359999961853028,10.083102684020997,-14.00463503359991,-27.507778967436224,-33.90414942177198,-20.40958482407282,-28.925123472321385,0
HK.00587,490,0.24300000071525574,0.27000001072883606,-10.000003311369023,5.029600531395335,486467.75,118211.66359794885,4.199489672275275,0.2753599989414215,0.43616499841213224,-6.538457835214243,-28.529412306097544,-55.000001655684514,-56.60714291416261,-63.731344080258104,0
HK.00588,490,0.6700000166893005,0.6650000214576721,0.7518789579387514,0.6137977373018323,5472300.0,3666441.0913288593,2.9051362078595955,0.6931999969482422,0.757999997138977,-5.633797614353404,-12.987008664193306,-16.249999161809694,-11.842101960961466,-25.55555172908443,1
HK.00590,490,21.059999465942383,21.200000762939453,-0.6603834526355868,0.5506437062480598,2099897.15,44223832.85753393,3.5805163143114918,22.870881958007814,23.85424220085144,-14.948550886956458,-5.1716815621591765,-17.25764928949446,-7.723833013934726,-18.193815999108555,0
HK.00591,490,0.2549999952316284,0.2549999952316284,0.0,0.33680756349499197,322534.1,82246.19396203756,2.5599260019770096,0.25739999651908874,0.2695049990713596,1.9999980926513672,8.050844782181645,7.142852670720033,-21.538460127700667,-43.956046619214824,0
HK.00595,490,1.25,1.2599999904632568,-0.7936500427734288,0.8275338779091136,1713740.0,2142175.0,4.335925088086018,1.225225672721863,0.8444482482969761,-2.70016470642819,52.98347956531039,238.60342587903563,209.69826543884218,209.69826543884218,0
HK.00596,490,1.8899999856948853,1.8200000524520874,3.846150067330322,1.4040735206762527,1455904.9,2751660.240173113,3.5308072899158507,2.2301000118255616,3.5002327799797057,-17.46724815813836,-35.05249065142383,-45.998698203166136,-72.53648050113154,-80.16051090916882,1
HK.00598,490,4.590000152587891,4.679999828338623,-1.9230700652115593,1.2771805080330547,4609552.45,21157846.448861886,3.1685537063905422,4.459058966636658,4.582054824829101,2.6793363063557876,11.739282653048907,-4.027753793953045,2.5703298237239083,6.089396138960735,0
HK.00599,490,0.11999999731779099,0.11900000274181366,0.8403315570899159,3.10077519379845,29800.0,3575.9999200701714,0.15384589814574529,0.1259399999678135,0.15024500031024218,-5.511816151121705,-7.692306369719372,-26.38037087435533,-35.135137420923165,-29.82456453753768,1
HK.00600,149,22.34000015258789,19.15999984741211,16.597078969211452,2.675175065489274,1913490.8,42747384.76397552,10.241212578236732,14.906800022125244,,57.434818979638344,34.98490140447709,-15.057031176230751,-20.780143446140602,,4
HK.00601,490,0.06400000303983688,0.06400000303983688,0.0,,0.0,0.0,0.0,0.06400000303983688,0.06400000303983688,0.0,0.0,0.0,0.0,0.0,0
HK.00602,490,0.04600000008940697,0.04500000178813934,2.2222183589583624,0.0,63625.0,2926.7500056885183,1.8022362403718664,0.04510000124573708,0.046185000147670505,2.2222183589583624,2.2222183589583624,-2.127656032996879,-4.166667313418449,-26.984128016583337,2
HK.00603,490,0.125,0.11999999731779099,4.166668994973155,1.8972885986343346,1410028.5,176253.5625,3.944518281054558,0.12299999952316285,0.16062999978661538,1.626013453082938,-16.107384765273213,-52.8301861329449,-21.874998253770134,-24.698792314698892,1
HK.00604,490,0.6000000238418579,0.6000000238418579,0.0,4.626285429324378,5676359.7,3405815.9553349614,3.1216475312761385,0.6718000006675721,0.7681499969959259,-17.24137874335655,-17.808218059586352,-26.82926474689796,-25.925923200519225,-32.58426590047685,0
HK.00605,490,0.7200000286102295,0.7350000143051147,-2.040814340536656,0.44742729306487694,54140.0,38980.801548957825,3.0454537923271694,0.8150000059604645,0.8344999983906746,-12.195117696277553,-15.294116657085514,-9.999997764825855,-12.195117696277553,-42.85714015398434,0
HK.00606,490,0.25,0.25999999046325684,-3.8461503192516595,1.2304400160492177,76400.0,19100.0,5.358739297453907,0.2494799965620041,0.2759949994087219,9.649122749687745,-12.280700653653822,-21.874998253770134,-7.407411086706321,-15.254233521108176,0
HK.00607,489,0.24799999594688416,0.24899999797344208,-0.40160724285009064,1.041612906844981,232032.5,57544.0590595454,6.9104603581114805,0.37224000185728073,0.8543949976563454,-31.11111497437497,-82.02898573885443,-80.77519354414218,65.33332406150008,-27.05882548873398,0
HK.00608,490,1.0950000286102295,1.0149999856948853,7.881777738210993,0.0,10500.0,11497.50030040741,1.1971881688645216,1.1036704969406128,1.2332253697514535,-2.56825347392967,-6.62791040452145,-13.133533302327358,-29.980363608644282,-21.937567737696693,1
HK.00609,490,1.059999942779541,1.0700000524520874,-0.934589643208842,8.910891089108912,58400.0,61903.996658325195,0.4281223661384932,1.0585026025772095,1.2693143674731255,3.4146309693180865,-4.526945331116203,-26.45994832468756,-25.95967432303358,-23.352618894102964,0
HK.00610,490,0.9200000166893005,0.9200000166893005,0.0,1.7642209398186315,131100.0,120612.0021879673,0.5837601850129499,0.912799996137619,0.8952500009536744,2.2222267845531776,9.523814930126678,0.0,0.0,29.577471055437947,0
HK.00611,490,0.4449999928474426,0.4300000071525574,3.4883687082273678,0.962607861936721,490000.0,218049.9964952469,1.7928476315647794,0.46689999997615816,0.4958999979496002,-2.197806588435245,-9.183676696627934,-11.000001430511475,-16.03773266618113,-8.247426861416132,1
HK.00613,490,5.175000190734863,5.195000171661377,-0.3849851831692552,0.11621911395202278,1091530.0,5648667.958192825,8.740074722812913,4.908000030517578,2.646000006198883,-7.589280734560842,80.94406925009602,269.6428770617566,187.50001821253085,111.22449347000718,0
HK.00616,490,0.10100000351667404,0.10700000077486038,-5.607474032463781,1.3325094358465104,18834039.5,1902238.0557331778,15.020722945423323,0.10948000073432923,0.23163000002503395,1.0000020116567312,-53.456218017866696,-69.39393954445616,-72.70270210404394,-63.928570326189615,0
HK.00617,490,0.19300000369548798,0.19499999284744263,-1.0256355001609325,0.1757709938311705,541257.7,104462.73810021131,2.7492966008778734,0.18080000042915345,0.2078949996829033,7.2222200146428746,5.464483855528111,-0.5154649469395781,-22.79999852180481,-29.818181995517946,0
HK.00618,490,0.30000001192092896,0.30000001192092896,0.0,0.5082899673242164,327720.0,98316.00390672684,4.746689395014101,0.319200000166893,0.283325000628829,-6.249994179233778,-15.492951834492505,37.614687678489254,45.631073579474474,93.54839329913051,0
HK.00619,490,0.2800000011920929,0.2800000011920929,0.0,0.0,4300.0,1204.0000051259995,0.2678574184525974,0.29329999804496765,0.33817499995231626,-3.4482726727597,-8.196723073504641,-19.999998297010123,-28.20512526604305,9.803924089392945,0
HK.00620,490,0.25999999046325684,0.27000001072883606,-3.7037110623015317,0.5330340861270866,137980.0,35874.79868412018,3.7851557524638855,0.29904000043869017,0.37470499843358995,-5.454550971669479,-5.454550971669479,-38.09523843313292,-58.73015993156251,-71.11111140545503,0
HK.00621,490,0.5,0.4449999928474426,12.359552367771112,2.8460146135579563,2127180.0,1063590.0,4.871894829186074,0.5196000027656555,0.5332000021636486,-6.542060656134582,-30.555558315029742,2.040814340536656,-1.960782480441495,-13.793100967701989,1
HK.00622,490,3.009999990463257,3.0,0.33333301544189453,4.079596750701487,26557236.9,79937282.81573045,5.558955647724409,2.653899998664856,1.8281749960780145,9.454545107754795,46.82927124277606,70.05649846886779,301.3333320617676,501.99999809265137,1
HK.00623,490,1.909999966621399,1.9249999523162842,-0.7792200553998094,0.12979912806137733,189605.3,362146.1166712403,2.270590250320293,1.846015110015869,1.7362522917985916,-1.426276706466547,9.868636199093347,11.423699037307324,14.280716349999295,-18.668835668138513,0
HK.00625,14,37.7599983215332,39.65999984741211,-4.790724995433617,,,,,,,,,,-22.1443333576635,,0
HK.00626,490,2.2200000286102295,2.2200000286102295,0.0,0.9645528694136313,2797294.0,6209992.760031223,0.578468258030884,1.575022668838501,1.4509244483709336,43.225812703588325,66.77499792233249,38.47379028735079,67.63151780852695,83.2251573445821,0
HK.00627,490,0.5450000166893005,0.48500001430511475,12.37113414731564,0.0,11836.25,6450.7564475387335,0.6382978993230625,0.561300014257431,0.5502250024676323,13.541672681458428,-19.852939565185874,18.47826234841389,0.9259250061011975,-43.81443292634218,2
HK.00628,490,0.26499998569488525,0.25,5.999994277954102,0.3912217263606427,18485541.3,4898668.180062211,10.947850614131148,0.3083199998736382,0.2980599994212389,-24.285717083483373,-31.16883317944497,47.222208424851296,37.30568944081348,9.504126913560027,1
HK.00629,490,0.2750000059604645,0.30000001192092896,-8.333334989017844,0.3395585738539898,58450.0,16073.750348389149,2.032931658843023,0.2688800001144409,0.28497944116592405,-8.333334989017844,-14.062496216501957,0.08019457542373572,-9.604983963463736,-5.008623115054375,0
HK.00630,490,0.19900000095367432,0.17599999904632568,13.06818297271394,2.840058247012775,34200.0,6805.800032615662,4.743407301342302,0.14423999965190887,0.2280750001221895,9.944755383847339,-17.08333108263706,-7.870372318610273,-20.399999618530273,-34.75409957805775,1
HK.00631,490,8.670000076293945,8.619999885559082,0.5800486241145737,0.8248788680419272,15912842.65,137964346.98955354,5.624805047289908,8.209700002670289,9.578872411251067,7.10314750213325,12.59740637735655,-37.30544743056684,4.683984888268925,30.253344983486503,1
HK.00632,490,0.18400000035762787,0.18299999833106995,0.5464491998239219,0.5182181449634394,3274084.55,602431.5583709038,5.72170252055255,0.19160000056028367,0.2559299995005131,-2.127656032996879,-23.012549770815145,-60.00000064787656,-4.166667313418449,-55.121950740831224,1
HK.00635,490,0.5099999904632568,0.5,1.9999980926513672,0.12734323252181362,268694.95,137034.42193752527,0.8965963633352834,0.46700193285942077,0.47022253707051276,14.162712532884031,9.405942271493057,14.77471733655071,11.3314828354021,7.0495088871480425,1
HK.00636,490,5.869999885559082,5.860000133514404,0.17064422895636705,2.3294744156955662,2259144.0,13261175.021461487,2.7789036091272683,5.7909031677246094,6.254680309295654,1.0906038477273694,0.7508013433678069,-10.325762796315209,-14.797052751528428,-18.521159159875097,1
HK.00637,490,0.17599999904632568,0.17299999296665192,1.734107631005545,6.896551724137931,92600.0,16297.599911689758,2.0711895295959093,0.1737999999523163,0.18075500071048736,-0.564972892935831,-5.882356691075352,-8.808292395675082,15.789476780019736,-11.11111111111111,1
HK.00639,490,2.7850000858306885,2.7900002002716064,-0.17921555849462692,0.8289221166028015,29279754.8,81544119.63110152,3.712102313952047,2.5714305305480956,2.6919539618492125,-1.2047700595690782,18.59819411213221,-10.152889053387447,-0.5048800672412518,12.183206925025312,0
HK.00640,490,2.319999933242798,2.380000114440918,-2.5210158955061504,0.022965042102577188,784500.0,1820039.947628975,0.7526068233162535,2.383600015640259,2.4459633719921112,0.43290003077767186,-7.5697234239985685,-7.237105138878588,-1.7777202197013757,0.20256172463838854,0
HK.00641,490,0.3700000047683716,0.3700000047683716,0.0,0.0,35300.0,13061.000168323517,1.552915330273985,0.37020000398159025,0.34242500126361847,0.0,-5.1282004256688785,23.33333002196431,25.423736005157117,27.586212212067167,0
HK.00643,490,0.1679999977350235,0.17000000178813934,-1.1764729600463935,0.1461187214611872,549000.0,92231.9987565279,5.262688438256437,0.19441999942064286,0.22720499947667122,-25.333332361998355,-21.860467469518117,-31.428573687639556,-19.61722839408337,-73.74999976716936,0
HK.00645,490,0.19200000166893005,0.19200000166893005,0.0,0.0,7700.0,1478.4000128507614,0.34946266494122974,0.18022000342607497,0.16415000099688767,3.225804901023846,1.0526337253750466,24.675326434611723,46.564889837760475,53.60000133514404,0
HK.00646,490,0.25999999046325684,0.25999999046325684,0.0,0.14039665600692056,2840380.0,738498.7729120255,19.013459221664938,0.1631399980187416,0.14599499981850386,100.0,136.36362897463076,66.66665711464046,58.53657517172225,65.60508393434682,0
HK.00648,490,0.5049999952316284,0.5099999904632568,-0.9803912402207475,2.1633665426149076,331997.6,167658.78641691207,4.865405790151155,0.6252999985218048,4.3923249977827075,-12.173912051945397,-87.5308649025027,-90.64814840161097,-85.57142870766776,-93.355263137256,0
HK.00650,490,0.1979999989271164,0.19099999964237213,3.6649210983513307,0.727234753550543,1904740.0,377138.5179564357,6.673990257339336,0.22109999746084213,0.30362499997019765,-2.4630519091140717,-48.571427576174734,-31.72413633637985,6.451609802047692,-7.476636685391298,3
HK.00653,490,1.7699999809265137,1.9900000095367432,-11.055277766628947,0.6237856984006231,651851.2,1153776.611566925,15.338721383343351,1.5529999923706055,2.11759999319911,34.09090231765427,145.8333209156995,-28.048782378890145,-48.24561574733766,-41.00000063578288,0
HK.00655,490,0.41499999165534973,0.4099999964237213,1.219511042741837,0.6631968730829466,173997.2,72208.83654805423,2.9013648075208396,0.43569999873638154,0.35585499823093414,-5.68181956725673,-13.541666472641126,48.214282103034925,38.33332505491078,33.87096402052169,1
HK.00656,490,5.045000076293945,5.0,0.9000015258789064,1.0221062296682422,8324130.1,41995236.98958073,3.0231980886935856,4.862699999809265,4.323625007867813,-3.629418383470156,25.186099594120492,25.186099594120492,14.920278581527807,-9.099100848392078,2
HK.00657,490,0.03999999910593033,0.03999999910593033,0.0,0.0,148700.0,5947.99986705184,3.969813515603164,0.028660000339150428,0.030900000194087625,48.14814099395572,-11.111116630059483,2.564098155475083,59.99999403953561,42.857135254509835,0
HK.00658,490,1.0499999523162842,1.0549999475479126,-0.4739332208735816,0.20176582931745773,236999.55,248849.5161989808,5.994891789956066,1.1224999833106994,1.6455250066518783,-10.638298304062632,-46.15384991587492,-48.780488939529256,-36.36363833403787,-33.96226853623816,0
HK.00659,490,7.849999904632568,7.760000228881836,1.1597896017549574,1.1741874582305578,1179830.5,9261669.312482595,1.4900513169513272,7.939099960327148,8.053361651897431,-0.6329137991299956,-3.562658801704757,-8.921005585244608,8.491154052475983,20.056359088532016,1
HK.00660,490,0.4399999976158142,0.4399999976158142,0.0,0.0,251125.0,110494.99940127134,5.4547391477138305,0.4320000010728836,0.418984998986125,9.999997764825855,-11.11111244903803,83.33333643774199,134.0425599371488,145.81004749474442,0
HK.00661,490,0.13500000536441803,0.1379999965429306,-2.1739067055550994,0.5664415790776043,46848675.0,6324571.376315877,7.869982769411073,0.12486000001430511,0.126025000102818,-8.783781334725182,26.168228398869548,-19.161671357112137,22.72727826902692,107.69232356336754,0
HK.00662,490,4.599999904632568,4.599999904632568,0.0,0.0,10000.0,45999.99904632568,0.36469549186595346,4.680299987792969,4.621796045303345,-1.4989329875328017,-5.3497988012157185,3.418806167628985,-0.890321823702923,11.808073816586015,0
HK.00664,117,12.479999542236328,12.489999771118164,-0.08006588522892079,0.5700521878763549,12540.0,156499.19425964355,4.848536256219276,13.592799949645997,,-8.100150129967973,-32.72237166833478,,-59.08196871397925,,0
HK.00666,490,9.140000343322754,9.100000381469727,0.4395600019366923,1.7672149915488464,1733110.0,15840625.995016098,3.175262971377714,10.319100017547607,13.378524990081788,-13.854847888042766,-32.79411700770106,-42.62397885608893,-30.441399509039186,-31.018865333413174,1
HK.00667,490,3.884999990463257,3.859999895095825,0.647670882043146,1.1667118020370926,3954858.55,15364625.429033529,3.696895669396094,4.188200025558472,4.960610840320587,-4.074078827183154,-4.7794102178725115,-26.2220099846249,-38.2987628226561,-44.119638486349345,1
HK.00669,490,128.39999389648438,128.5,-0.07782576149075876,1.13423899931533,5482051.0,703895314.9402161,2.552108450979452,133.34725982666015,114.70502563476562,-9.331490114337402,3.4560269082339152,11.3995307220325,41.792166200447305,35.77719161164804,0
HK.00670,490,2.5950000286102295,2.5350000858306885,2.366861567970313,1.712528676766203,11466473.35,29755498.67130843,3.054686480342736,2.9504000091552736,4.072700020074844,-8.141593458098125,-28.70879247739625,-39.51048830570753,-51.22180554742651,-14.07284619206843,1
HK.00672,490,0.0729999989271164,0.0729999989271164,0.0,1.6476998413683703,884860.0,64594.77905064821,7.600914462957633,0.08103999957442283,0.10007499974220992,-12.048190716199207,-22.34042401414152,-32.40741015410629,-33.027522308679345,-49.3055541183293,0
HK.00673,490,0.28999999165534973,0.3100000023841858,-6.451616314521787,5.081802910743778,38280.0,11101.199680566788,4.064555038591474,0.35579999804496765,0.5404999978840351,-1.694913713180618,-46.29629997559521,-50.0,-63.75000158324835,-34.09091063028525,0
HK.00674,490,0.0560000017285347,0.0560000017285347,0.0,0.0,24950.0,1397.2000431269407,2.8524837827000615,0.04973999999463558,0.06952000018209219,21.739133955850935,-17.647060757070985,-29.11392512506365,-31.70731685155918,-15.151512072762822,0
HK.00675,490,0.3499999940395355,0.3499999940395355,0.0,0.17817371937639198,45300.0,15854.99972999096,2.6166920092847996,0.366600005030632,0.37393397495150565,-2.777783296726149,-4.109593179530491,-10.019779626035124,-10.019779626035124,-6.60281213067056,0
HK.00676,490,1.0199999809265137,1.0099999904632568,0.9900980750178164,0.0,0.0,0.0,0.0,1.0105999898910523,1.0033499956130982,0.9900980750178164,3.0303001111897543,0.9900980750178164,1.9999980926513672,3.0303001111897543,1
HK.00677,490,0.3700000047683716,0.3700000047683716,0.0,0.3583706636107928,977100.0,361527.0046591759,3.243632065628614,0.3516200053691864,0.3399793592095375,9.359605650978283,10.944529879755,9.359605650978283,10.944529879755,14.544495859975893,0
HK.00679,490,4.945000171661377,4.835000038146973,2.2750803029271984,0.35497819149940524,1265275.0,6256785.092198849,11.334658930247876,5.089224987030029,5.28314020216465,-14.391957625310233,-73.17537549860238,336.48837128304007,423.7860455396481,440.62370974939427,1
HK.00681,490,0.028999999165534973,0.029999999329447746,-3.3333339542150635,0.006375989408388566,2099237.65,60877.890098259595,3.9000515019371,0.029019999727606775,0.03167500012554228,7.407401530749339,-19.444443294663436,-17.142859879805105,-17.142859879805105,0.0,0
HK.00682,490,0.2199999988079071,0.2199999988079071,0.0,0.0,33880.75,7453.764959610999,0.32776194391160945,0.22124000132083893,0.2538149990141392,1.8518486580159448,-10.93117237935172,-15.384612739438744,-24.137929262644278,-11.290321611526961,0
HK.00683,490,17.530000686645508,17.290000915527344,1.3880842013295178,1.0722822291095775,1528889.3,26801430.478804972,2.535234361455695,18.53386127471924,20.18690110206604,-9.399842414261618,-5.732009192565289,-20.505901705079257,-8.539041903725444,-7.361830239991404,1
HK.00684,490,0.4050000011920929,0.4050000011920929,0.0,2.1052631578947367,92400.0,37422.00011014938,4.922814398554894,0.419200000166893,0.49817499771714213,1.2499987892806712,-20.588233575413902,-30.172411578305347,-23.58490131044755,-32.50000248352677,0
HK.00685,490,0.1850000023841858,0.1850000023841858,0.0,0.0,1050.0,194.25000250339508,0.24324333032088244,0.18596000105142593,0.20321999959647655,0.0,-2.6315764707211,-13.953488694454535,-21.27659453046219,-7.500000186264512,0
HK.00686,490,0.5899999737739563,0.6000000238418579,-1.666674945089223,1.9419335069710433,277430.0,163683.6927241087,2.79192692229701,0.7461000001430511,0.9373518550395965,-18.05556245424102,-28.416350411246547,-47.62172184561395,-43.97801512678265,-54.308306945226605,0
HK.00687,490,0.3499999940395355,0.3499999940395355,0.0,0.0,74050.85,25917.797058622542,2.725048686795305,0.3109999990463257,0.2925590492784977,10.671936125682969,17.48252174977772,21.047420512728014,26.549573619011145,36.92250061558895,0
HK.00688,490,12.199999809265137,11.960000038146973,2.006687043082556,0.9886575998506575,38355080.85,467931979.05434895,4.120084383331722,13.018981132507324,13.05347517490387,-11.801445773164602,-14.851489959331465,-3.885395714003644,1.5782849737888145,-10.758133608170672,1
HK.00689,490,0.14900000393390656,0.14499999582767487,2.7586263595383107,4.168283673264054,245469.0,36574.88196565211,3.513550317628564,0.15428000032901765,0.20081303492188454,-6.289302399771178,-27.317070617766532,-37.65690019176984,-29.716978446524404,17.322833998957623,1
HK.00690,490,0.0729999989271164,0.0729999989271164,0.0,0.008262414277451871,4707200.0,343625.5949497223,6.955849738584139,0.07010000012814999,0.09324409822002053,19.67212804396673,-17.045455315142625,-31.245227796680435,-34.23456712311646,-52.43380566683691,0
HK.00691,490,0.26499998569488525,0.2849999964237213,-7.017547712211622,1.5093789686257366,61389.6,16268.243121814727,5.929646884580451,0.2627399954199791,0.42465999819338324,1.9230751596258298,-19.696977222808385,-44.791668412896534,-55.084746190783164,-72.10526431366348,0
HK.00693,490,1.600000023841858,1.6200000047683716,-1.2345667202249964,0.0,3150.0,5040.000075101852,0.0,1.5573339343070984,1.6224159812927246,4.907014405457071,-1.4509902022770627,2.154466681036425,-14.43915613983385,6.009343386514771,0
HK.00694,490,1.434999942779541,1.5149999856948853,-5.280530935361733,5.1955391638707065,6540765.05,9385997.472484421,3.2258093047356837,1.6263999962806701,2.025749997496605,-12.500002725822194,-11.963193436965454,-26.41026114414261,-48.0072482703639,-48.75000117080554,0
HK.00695,490,7.909999847412109,7.704999923706055,2.660609029668245,1.850187265917603,565600.0,4473895.913696289,3.6890302942774906,8.230999956130981,7.900599992275238,-3.595369640914012,-6.168451232966223,-9.908882824813825,-4.698799209162719,38.52889307473784,1
HK.00696,490,8.75,8.670000076293945,0.9227211418924374,1.5156443811270583,4032897.6,35287854.0,2.3412624119375574,8.564300060272217,9.373865439891816,5.740186143405426,3.7885659095809263,-16.416372371591056,-12.897055971300869,-15.641729643173887,1
HK.00697,490,1.340000033378601,1.3350000381469727,0.37453146732254694,0.7830867580711958,23488086.0,31474036.023999453,3.085235366171645,1.5731000065803529,1.7651900976896286,-11.258275374723747,-24.293782609129032,-28.07548074302128,-37.313493347466995,-41.619751717352536,1
HK.00698,490,2.380000114440918,2.430000066757202,-2.057611149904549,0.16018184121191492,114589.45,272722.90411372186,5.403225107589373,2.1419999861717223,2.9632499980926514,15.533989347087232,3.930137733061973,-24.444443098872256,-40.05037538314376,-47.692307369848095,0
HK.00700,490,419.0,426.0,-1.643192488262911,1.59936301713022,18328215.8,7679522420.200001,2.0483050825915248,452.5,503.29871597290037,-8.315098468271334,-5.927255109621759,-23.209830722372097,-31.961198365299666,-32.395256113595025,0
HK.00701,490,0.09300000220537186,0.09300000220537186,0.0,0.0,110748.5,10299.610744241625,0.21982051843239128,0.0975399999320507,0.14585499998182058,1.0869587224068356,-11.428566562885988,-47.15908936971475,-52.791876310375606,-57.33944750320785,0
HK.00702,490,0.03400000184774399,0.03400000184774399,0.0,,0.0,0.0,0.0,0.03400000184774399,0.03400000184774399,0.0,0.0,0.0,0.0,0.0,0
HK.00703,490,0.1120000034570694,0.0949999988079071,17.894741960509727,2.231075697211155,138300.0,15489.600478112698,3.56966105227985,0.10099999979138374,0.11680999957025051,-8.94308913541224,-8.196719509400037,-10.399997234344482,-15.151512072762822,-32.12121272327922,1
HK.00704,490,0.13300000131130219,0.13300000131130219,0.0,,0.0,0.0,0.0,0.13300000131130219,0.13454500049352647,0.0,0.0,-16.35219748556485,32.99999932944775,121.66667380680656,0
HK.00707,490,0.05999999865889549,0.05999999865889549,0.0,,0.0,0.0,0.0,0.05999999865889549,0.05999999865889549,0.0,0.0,0.0,0.0,0.0,0
HK.00708,490,0.17000000178813934,0.17000000178813934,0.0,,0.0,0.0,0.0,0.17000000178813934,0.17000000178813934,0.0,0.0,0.0,0.0,0.0,0
HK.00709,490,1.3200000524520874,1.3250000476837158,-0.37735811710868267,0.8469287851859997,966007.0,1275129.2906690836,1.016201835150191,1.3285952234268188,1.3443027752637864,-1.3098656863158402,-2.3523609149225457,-0.8530356461076382,1.9398369748890951,-8.092341567284384,0
HK.00710,490,4.03000020980835,3.930000066757202,2.544532858841947,1.1381494612294374,1909780.0,7696413.80068779,3.7543278907092477,3.990800042152405,4.345738844871521,7.180856915689167,-3.444193317645747,-5.410263050863544,-22.576549062552647,-23.84578676373723,1
HK.00711,490,0.4300000071525574,0.4300000071525574,0.0,3.1640601412958156,189310.0,81403.30135405064,1.3855500901265527,0.4335953485965729,0.4204393059015274,1.8233545772219633,8.032096639733279,3.0073398874561534,3.0073398874561534,5.034763941593055,0
HK.00712,490,0.0689999982714653,0.05900000035762787,16.94914890376704,1.093693036820999,133525.0,9213.224769197404,3.675516655541565,0.06100000001490116,0.08930000005289912,9.52380501854544,-1.428574317572056,-31.68317240694539,-33.00971049358578,-49.264709910564555,1
HK.00713,490,0.33000001311302185,0.3149999976158142,4.76190971769537,15.725190839694656,23400.0,7722.000306844711,0.38239545782441964,0.3429000049829483,0.3839999994635582,0.0,-10.810808416175734,-19.512191221587756,-17.499997951090364,-26.666661809991776,1
HK.00716,490,0.3799999952316284,0.4050000011920929,-6.172840959723081,12.10871166363843,2100575.25,798218.5849836767,2.6853802737568357,0.42922789812088014,0.5387033022940159,-12.503342707668352,-14.285224513272068,-40.372331664689945,-41.224159031979255,-39.457292948876585,0
HK.00717,490,0.061000000685453415,0.06400000303983688,-4.687503456079702,3.8617994876260724,3153939.3,192390.29946187846,3.9071078033740583,0.06618000023066997,0.08267000025138259,-11.594199690466162,-11.594199690466162,-32.96703085269113,-34.408602968904084,-37.75509971347955,0
HK.00718,490,0.03099999949336052,0.03099999949336052,0.0,0.38748513138449336,562110.0,17425.40971521288,4.640272044271017,0.030480000153183938,0.031750000268220904,6.896553053016792,-3.1250061845636785,-6.0606070868568365,-3.1250061845636785,-45.61403600499607,0
HK.00719,490,5.550000190734863,5.429999828338623,2.209951495209455,5.102661596958175,296600.0,1646130.0565719604,1.7779781001073074,5.911499986648559,6.224646408557891,-5.128200321168172,2.441930590257767,-14.809841520694006,-14.936609134058298,-24.18753732670784,1
HK.00720,490,0.26499998569488525,0.27000001072883606,-1.8518610500991368,549.2215685959449,4161250.0,1102731.1904728413,3.2647795981529804,0.28200000047683715,0.2992250023037195,-15.87301977757817,-27.397266090150964,-32.05128322691612,76.66665010982156,65.62499476131039,0
HK.00722,490,0.4000000059604645,0.4000000059604645,0.0,0.0,28210.75,11284.300168149173,0.602001945161581,0.43589999616146086,0.45408915013074874,-11.111107431811954,-14.893615537231566,-14.189664890333278,-14.189664890333278,-10.653014226994044,0
HK.00723,490,0.25999999046325684,0.26499998569488525,-1.8867907552966041,0.5895061649806973,1517460.95,394539.83252836467,4.517749371157122,0.23249999850988387,0.2435799990594387,3.9999961853027344,26.213587457446696,3.9999961853027344,-11.864406094746942,4.838707545359315,0
HK.00725,490,1.0199999809265137,1.0199999809265137,0.0,0.0,12125.0,12367.499768733978,0.7950975835575363,0.9732392132282257,0.8739341133832932,6.163263062644337,-6.2702690031164074,31.853656646043742,35.14999545887119,40.41558113772104,0
HK.00726,490,0.0430000014603138,0.032999999821186066,30.303035434284187,5.371112754446736,58912.5,2533.2375860307366,1.5769463398241395,0.03773999981582165,0.038870000187307595,19.44445364269249,-13.999998360872294,13.157902218381034,30.303035434284187,-29.508195119466702,1
HK.00727,490,0.5049999952316284,0.5049999952316284,0.0,0.0,15995.0,8077.474923729897,1.2206769869038707,0.5246999967098236,0.6583710896968842,7.446807768615783,-15.833337472544612,-36.07595170696003,-32.66666730244954,-60.54687449068295,0
HK.00728,490,4.434999942779541,4.494999885559082,-1.3348152237400626,0.857664132012048,67216241.65,298104027.8716058,2.1895542232258403,4.533830671310425,4.779733171463013,-5.6521077125035895,-2.1466081396736123,-6.144934403961484,-14.037676076905617,-17.506332349592174,0
HK.00730,490,5.949999809265137,5.974999904632568,-0.4184116446269469,0.30584338045529835,25797.0,153492.14507961273,3.1401500667965876,5.928799962997436,6.092321801185608,1.7094001070560572,-10.526319940806225,-7.476075721287528,-2.2947403665051094,-0.7060360728842233,0
HK.00731,490,0.29499998688697815,0.29499998688697815,0.0,0.0,69000.0,20354.999095201492,0.671423265203102,0.3040000009536743,0.29436000011861324,-6.349209803242228,-29.761905691115526,76.64670327415104,37.20929394418205,59.45945031630735,0
HK.00732,490,0.7799999713897705,0.8050000071525574,-3.1055944771003032,2.239422084623323,1695500.0,1322489.951491356,2.677829310350597,0.8413999950885773,0.9378454306721687,-4.87805143982653,-17.021279428921556,-13.984962682770554,-24.338624950450352,-28.944095952360033,0
HK.00733,490,0.1809999942779541,0.1809999942779541,0.0,0.0,12720.65,2302.437577211857,0.7962159576428438,0.210620000064373,0.24567000083625318,-18.099550409717878,-11.274510949724066,-35.357145175945995,-29.019608759779253,-49.722225809538664,0
HK.00736,490,0.17800000309944153,0.1850000023841858,-3.7837833483955876,0.0,432547.9,76993.52754065693,10.734056897674956,0.17741999983787538,0.41511999920010567,25.352110754660888,-35.27272754858347,-65.76922891760712,-74.20289801239241,-68.21428529614089,0
HK.00737,490,2.009999990463257,2.005000114440918,0.24937036094549314,0.4174243826656358,220624.75,443455.7453959584,1.3645890752767615,1.8858544874191283,1.847682700753212,5.235603434001524,10.488587130742575,8.771148912743437,12.864681881964513,16.059403387653067,1
HK.00738,490,0.33000001311302185,0.3449999988079071,-4.347821955569661,0.07945290996282739,636520.0,210051.60834670067,3.3105973474988226,0.32000000178813937,0.2925750010460615,-4.347821955569661,22.22222222222222,8.196723073504641,38.65546449986257,37.50000853712379,0
HK.00743,490,2.069999933242798,2.069999933242798,0.0,,0.0,0.0,0.0,2.069999933242798,2.048579983711243,0.0,0.0,1.6699371153436524,1.6699371153436524,1.6699371153436524,0
HK.00745,490,4.355000019073486,4.489999771118164,-3.0066761453544166,1.678043620014318,116082.5,505539.289714098,4.049776637032412,5.2690999841690065,2.6333250015974046,-15.189876826513743,14.005238093722344,522.1428704626709,504.8610897251861,706.4814529669148,0
HK.00746,490,4.380000114440918,4.460000038146973,-1.7937202471256661,0.02508918420949469,300062.5,1314273.784339428,2.4493828339045285,4.494666662216186,4.776751341819764,-2.882485761495158,2.706407651876859,-12.069214078765008,-10.051680355785212,-10.903471452041847,0
HK.00747,490,0.07100000232458115,0.06499999761581421,9.230776813608934,0.22433132010353754,219600.0,15591.60051047802,5.797625213338677,0.06932000018656254,0.08527500057592988,14.516134653143622,-8.974357872202104,-42.27642246874557,-14.457825268797658,1.428574317572056,2
HK.00750,490,0.17499999701976776,0.1850000023841858,-5.405408235428679,0.531086896804322,222770.0,38984.749336093664,3.3856675562961382,0.19886000007390975,0.22440499983727932,-13.793102435796731,-22.56637165224144,-25.847459339403745,-26.77824166043083,-39.65517170505771,0
HK.00751,490,3.8299999237060547,3.859999895095825,-0.7772013524633983,2.86814527339195,917650.2,3514600.1959888455,2.621446816326888,4.321399965286255,5.398599984645844,-12.457144601004465,-19.1983099441678,-45.7507088562642,-26.061775084373945,-6.812656951641636,0
HK.00752,490,2.0999999046325684,2.0899999141693115,0.47846846286744554,1.714431934493347,412500.0,866249.9606609344,1.294589855070696,2.215599994659424,2.3706200444698333,-6.2500046566128535,-8.03802456756498,-18.059091717603525,-15.307351353648649,-14.990142064680564,2
HK.00753,490,3.674999952316284,3.625,1.379309029414736,0.9249299689088476,20304744.65,74619935.62054431,2.9126494183664158,4.004100008010864,5.302025002241135,-6.84410609620906,-21.474357112938375,-34.37499973390783,-48.31223792819021,-28.501944595788192,3
HK.00754,490,2.640000104904175,2.640000104904175,0.0,,0.0,0.0,0.0,2.640000104904175,2.8233500623703005,0.0,0.0,-11.409393019904112,-10.2040798121586,-24.13792843578641,0
HK.00755,490,0.27000001072883606,0.27000001072883606,0.0,0.0,33632.5,9080.775360837579,3.7276878418677453,0.286299996972084,0.33286499977111816,-15.6249947613104,-11.475408394405292,-26.027396253627717,-26.027396253627717,-31.64556876070856,0
HK.00756,490,0.9800000190734863,0.9700000286102295,1.0309268214748768,0.0,87660.0,85906.80167198181,5.44278011067301,0.6614000052213669,0.6105250063538551,78.1818177877379,46.2686559197419,36.11110835163693,154.54546580489185,55.555559760468796,2
HK.00757,490,0.0560000017285347,0.0560000017285347,0.0,0.2002572110968216,536900.0,30066.40092805028,3.6194113529302885,0.05979999952018261,0.07312999997287989,-11.111109797075754,-8.196719509400037,-37.078650838843274,-29.999996274709616,-52.9411761022946,0
HK.00759,490,0.2070000022649765,0.2070000022649765,0.0,0.0,41900.0,8673.300094902515,0.8951937792716969,0.2195200002193451,0.22146499939262868,-3.27102767946377,-11.158795538477133,0.0,-8.407077049488274,-27.368419346496758,0
HK.00760,490,0.11599999666213989,0.11599999666213989,0.0,0.0,3012.5,349.4499899446964,0.0,0.12268000110983848,0.15939000096172096,-5.691062229246363,-32.94797608199877,-35.55555997071425,-27.500000465661294,-21.62162488703309,0
HK.00762,490,5.730000019073486,5.855000019073486,-2.13492740551315,0.791544891894312,47917388.1,274566634.72695166,2.5140283115961037,6.153100004196167,7.134936962127686,-1.3769350171074566,-18.953325601872006,-24.500560810421952,-27.49806477381535,-39.25513198319137,0
HK.00763,490,22.84000015258789,22.440000534057617,1.7825294519186234,1.086603278529008,6872978.25,156978824.27873325,2.342604953229558,24.179599952697753,25.578972091674803,-4.274938942462344,-10.534907614718051,-7.476874314222518,-15.656461356501982,-28.460918434940368,1
HK.00764,490,0.22200000286102295,0.23999999463558197,-7.499996740370916,3.4052406653840257,6873.3,1525.8726196646692,0.5000000323938281,0.2659799990057945,0.5862699980288744,-11.19999885559082,-24.74575839690573,-63.00000099341071,-77.57575750277974,-59.63636399103589,0
HK.00765,490,0.15399999916553497,0.15399999916553497,0.0,0.0,28400.0,4373.599976301193,1.3679653794984776,0.13708000123500824,0.20802000015974045,14.074068923055593,2.666662030750035,-38.15261027353086,-49.508198178990206,-60.51281927840475,0
HK.00767,490,0.4749999940395355,0.48500001430511475,-2.0618597877583125,0.22898513507172855,2639371.4,1253701.3992681205,9.559986867806645,0.43699999690055846,0.46739999800920484,-13.636366591965793,5.555557027275219,-5.0000011920928955,-5.0000011920928955,-20.83333747254461,0
HK.00769,490,0.699999988079071,0.699999988079071,0.0,,0.0,0.0,0.0,0.699999988079071,0.699999988079071,0.0,0.0,0.0,0.0,0.0,0
HK.00771,490,0.7250000238418579,0.7049999833106995,2.8368852488815253,0.8782908460136574,34668.4,25134.590826559066,1.679350676898548,0.7129000020027161,0.7430142432451248,-2.0270250677801456,-3.3333301544189453,4.050930668453048,4.050930668453048,-13.112114575742046,1
HK.00772,490,19.510000228881836,18.90999984741211,3.1729264215294974,1.1559850569280221,8342190.25,162756133.68687582,4.931943045200146,20.204800033569335,27.0894499874115,-1.959795965449577,-7.095237005324591,-36.61468553070363,-41.96906350767665,-53.898864911220855,1
HK.00775,490,0.550000011920929,0.5450000166893005,0.9174302896359119,0.13406141062485136,5853492.5,3219420.944779068,3.321821113778263,0.5725999987125396,0.7145000004768371,-9.090909986546098,-17.910448026752697,-31.24999953433872,-33.73493699034886,-38.888885945449566,1
HK.00776,490,0.2329999953508377,0.23100000619888306,0.8657961464437057,31.470088474834476,2160350.0,503361.53995618224,9.428072112783132,0.26754000037908554,0.7543486344069242,2.1929803636027114,-59.122807320245194,-74.11111094186334,-81.65354339762625,-74.67391400825096,1
HK.00777,490,7.630000114440918,8.100000381469727,-5.802472159186838,1.7879923101916355,2127241.75,16230854.795943499,4.352874626784751,7.37776439666748,8.050060155391693,7.354616485945041,7.924896439105074,-2.429561106290227,-19.738965685914543,-19.21094136320918,0
HK.00780,490,10.819999694824219,10.529999732971191,2.754035794939186,0.7564817503363567,21078784.05,228072436.9882656,3.800655594167507,12.65620002746582,17.212626342773437,-18.951315463310685,-19.270600078811125,-45.52957232215121,-52.184967637086274,-50.55685891149883,1
HK.00784,490,0.5950000286102295,0.5799999833106995,2.5862147812329632,0.5718642775447961,464600.0,276437.0132923126,3.7514393391763745,0.6171000003814697,0.47014000013470647,-10.526314374246708,-8.461530702353649,142.8571498081217,591.8604748878622,925.8621478123297,1
HK.00788,490,9.029999732971191,9.045000076293945,-0.16584127359012776,1.2332846155595678,18206597.25,164405568.30581403,1.1928374386946712,9.222402725219727,10.095455269813538,-1.037199571608295,-2.0844122484231984,-15.943180087090747,-18.030210938451592,-14.440820784810459,0
HK.00789,490,0.9599999785423279,0.9599999785423279,0.0,0.0,122004.0,117123.83738207817,7.590212722751434,1.1512999999523164,1.6458249971270562,6.6666671081825655,-39.04762225536703,-46.66666644590872,-50.76923307347339,-38.064515608034306,0
HK.00794,490,0.3499999940395355,0.3499999940395355,0.0,7.216494845360825,22200.0,7769.999867677689,1.000000340597976,0.3027999997138977,0.2508449996262789,2.9411736347271384,27.272722346723675,42.85713764390872,74.99999441206462,90.2173876952528,0
HK.00797,490,1.1100000143051147,1.1050000190734863,0.4524882484455325,1.7844249613202683,627900.0,696969.0089821815,6.102381566616305,1.0408000016212464,0.8003000000119209,37.888199309637535,-2.6315764707211,65.67163979935475,122.00000286102295,105.55555003660719,1
HK.00798,490,0.14100000262260437,0.13899999856948853,1.43885185158186,0.9728978457261988,301800.0,42553.800791502,3.8502899932036976,0.14638000160455703,0.1854840774089098,-7.84313381749447,-11.930049245494983,-35.41536343554078,-32.7243436084767,-43.01355597253598,1
HK.00799,490,3.055000066757202,3.0799999237060547,-0.81168368727656,1.511647995978173,1321592.5,4037465.1757258177,2.3196868745676333,3.190306820869446,3.024385470151901,-4.732590495904912,-1.6735434928240311,26.023322420608675,-2.2344857242546254,-13.783968726029794,0
HK.00800,214,14.399999618530273,14.850000381469727,-3.030308090099294,3.428943010246749,1096697.5,15792443.581643105,3.720371699557517,15.56140001296997,18.87714996814728,-11.11111765208691,-14.843289482737424,-18.04211799290905,-38.356167627199575,,0
HK.00804,490,14.479999542236328,14.34000015258789,0.9762858309535811,0.8690675224155687,316213.8,4578775.67924881,7.509129295839872,10.54369996547699,5.323874983787537,-3.466669718424479,325.8823275318615,336.14457329500726,277.0833298408736,463.42412133706256,5
HK.00805,415,9.604999542236328,9.5,1.1052583393297697,0.814425852187723,2180310.9,20941885.196432877,7.44580750702903,8.319499921798705,3.481424977183342,7.318432926592116,146.28203352214047,707.1427798643298,921.8084645317172,687.2950259827389,1
HK.00806,490,1.9850000143051147,1.965000033378601,1.0178107168846156,1.1205518106286252,1626250.0,3228106.273263693,2.330804880083387,2.047300000190735,2.1691794842481613,-1.4888381656181968,-5.476185502378623,-8.72523398379139,-17.594038403027298,-25.71432994419626,1
HK.00807,490,0.9300000071525574,0.9399999976158142,-1.0638287753851585,7.539502622229741,389115.0,361876.95278316736,0.9283695556676019,0.9669000017642975,1.0339267778396606,-3.124997089616889,-6.999999284744263,-15.354081156688585,-13.800948549100408,-17.58160486611959,0
HK.00809,490,0.375,0.3700000047683716,1.3513500451867637,0.0,330262.3,123848.36249999999,3.8598655495342085,0.3857000017166138,0.5522749991714955,-6.2500013969838415,-34.210525490240364,-38.52459160559471,-41.4062486903276,-59.239131174206946,1
HK.00811,490,8.085000038146973,8.0,1.0625004768371582,4.174295352346599,1964795.0,15885367.649950981,2.6551670936342355,8.91999994277954,9.57494635105133,-12.830184682766266,-12.02393463210844,-17.844666753753895,-15.809103783047293,-22.518830299641536,1
HK.00813,490,0.035999998450279236,0.03799999877810478,-5.263158926673246,1.3566006378694035,64221307.9,2311966.9848749056,9.127454244861632,0.060120000392198565,0.1411200002580881,-45.454547507047,-57.64706109221829,-80.00000165568451,-81.15183323681386,-90.76923082801247,0
HK.00814,490,0.28999999165534973,0.28999999165534973,0.0,0.0,82300.0,23866.999313235283,1.9562332177795534,0.28513999611139296,0.2974350015074015,0.0,7.40740004880958,-4.918037752603991,-7.936509888789085,-6.451616314521787,0
HK.00815,490,0.23800000548362732,0.23000000417232513,3.478261376599048,0.4113780849400812,29474700.0,7014978.76162827,5.041609688479659,0.2689999982714653,0.4629049980640411,-19.322028453238186,-25.624996623955592,-56.72727266816069,-67.8378375112967,-52.399998903274536,1
HK.00816,490,2.140000104904175,2.1549999713897705,-0.6960494981316502,0.6289689032978671,294992.65,631284.3019459606,2.7694468979870233,2.20942244052887,2.3197673678398134,-9.015251822014028,-2.2057555347358284,-4.9998682289945116,-10.480647066209713,-24.676273609127254,0
HK.00817,490,1.2300000190734863,1.190000057220459,3.361341170559033,0.7141808758052302,91030592.1,111967630.01927075,6.0477523114070495,1.3413625359535217,1.4219781643152236,-17.276168357223696,-14.760918058529363,-15.897440077467692,2.5640954274630543,-15.428178743956996,1
HK.00818,490,0.33500000834465027,0.33500000834465027,0.0,2.7107538688174264,410649.2,137567.48542672396,3.300233179426635,0.3440000033378601,0.42797500029206276,-2.898547970379774,-21.176470835728622,-26.373626661536736,-32.999998331069946,-32.323231289379706,0
HK.00819,490,3.930000066757202,3.8949999809265137,0.8985901412601014,0.91821312262134,10308902.3,40513986.727193475,3.554000597975162,4.559500012397766,5.955198704004288,-17.175971305758043,-23.391813273175632,-40.18556190017244,-41.19084750663206,-50.3080047160867,1
HK.00821,490,0.36000001430511475,0.42500001192092896,-15.294116657085514,3.0691559029904325,9796000.0,3526560.140132904,12.212622849960608,0.34130000114440917,0.316255000680685,-5.2631529414422,4.347830593924006,14.285719692031313,9.090909090909092,-28.130651422239644,0
HK.00822,490,0.3149999976158142,0.3100000023841858,1.6129016752173695,0.06119326874043855,196700.0,61960.499531030655,2.8655298595998357,0.35000000476837156,0.35242500141263006,-7.3529428522066915,-19.230766879501108,10.526316339839756,-18.18181677438852,-9.999999148505061,2
HK.00825,490,0.27000001072883606,0.26499998569488525,1.8868020014566025,0.3765622463885733,312100.0,84267.00334846973,3.9504422244383495,0.27060000121593475,0.3069000014662743,0.0,-8.47456856590309,-21.739127054556995,-1.8181800448205245,-10.0,1
HK.00826,490,3.0999999046325684,3.115000009536743,-0.4815442972151256,0.4155442705058766,19364686.0,60030524.75323963,5.084035891755042,3.044699993133545,3.348845902681351,9.929077234685982,-24.342826326840168,-17.988416373501785,-1.7408387191066497,22.44122279045643,0
HK.00827,490,0.04500000178813934,0.04399999976158142,2.272731890855767,0.3677442615070304,1237600.0,55692.00221300125,6.2187150811252385,0.04544000066816807,0.04139000019989908,-9.999997764825855,32.35293924292902,9.756098890644923,60.71428713977941,40.62499890860641,1
HK.00828,490,0.1599999964237213,0.16099999845027924,-0.6211192771326315,0.0,79200.0,12671.999716758728,2.06309958329816,0.1734600004553795,0.21687999941408634,-11.111116630059483,-15.789474509759632,-30.73593414280395,-37.25490218994481,-46.66666997803569,0
HK.00829,490,0.24699999392032623,0.2460000067949295,0.40649882023391065,0.6471108490566038,2771600.0,684585.1831495762,8.052824357497315,0.16855999797582627,0.20576499827206135,63.57616240411201,58.33332616931368,-1.2000024318695068,-10.181822339365215,-13.33333437902887,2
HK.00830,490,0.7300000190734863,0.7300000190734863,0.0,0.0,356000.0,259880.00679016113,4.311056833657664,0.6952304077148438,0.8856599849462509,-7.660391049170212,1.1313789836366468,-22.60353701382364,-37.31526164500243,-39.873444940419205,0
HK.00831,490,0.38999998569488525,0.38999998569488525,0.0,0.17161068889433684,409800.0,159821.99413776398,2.241296754120474,0.37029999077320097,0.3305074293911457,-2.4073478842242877,17.685250767917505,29.679614880253574,35.758350611462134,29.679614880253574,0
HK.00832,490,0.03799999877810478,0.03799999877810478,0.0,0.0,175450.0,6667.099785618484,6.128216133639723,0.036060000099241735,0.05133000037632882,2.7026980767031223,-11.627912819546511,-33.33333551186567,-45.71428769097036,-62.000001788139315,0
HK.00833,490,0.5699999928474426,0.5699999928474426,0.0,0.67187310602781,579490.0,330309.2958551645,4.661444411573468,0.7095050942897797,0.6761987461149692,-13.235296519309317,-41.58415992785107,-5.701338806454504,-8.558879185627232,2.127785682949136,0
HK.00834,490,0.23399999737739563,0.25,-6.400001049041748,2.2813688212927756,58600.0,13712.399846315384,2.1994324655545086,0.26309999972581866,0.31626000098884105,-5.263156624661278,-11.698109430534943,-23.27869118365246,-41.500001527369,5.8823513546807416,0
HK.00836,490,18.889999389648438,18.790000915527344,0.5321898310204913,0.7584848099281817,11606630.0,219249233.61587524,2.0287391208881664,18.41887683868408,17.976033840179444,5.3282337159889765,2.517972579200977,3.6371362882024463,13.101440245283424,6.721166249697874,1
HK.00837,490,5.65500020980835,5.699999809265137,-0.7894666835539528,0.7367119901112484,101775.0,575537.6463532448,0.7515717799427339,6.031700010299683,6.79465950012207,-6.60610453956075,-9.374993313581271,-22.4071460252276,-24.177325165634002,-16.446799928842296,0
HK.00838,490,0.7099999785423279,0.7049999833106995,0.7092191985804456,0.8852140077821011,794000.0,563739.9829626083,2.2249185324217153,0.7496005356311798,0.8041902607679368,-3.403159214508101,-24.315879916896176,-7.307292873620891,-11.6693022164201,-26.18408235728117,2
HK.00839,490,1.8600000143051147,1.8350000381469727,1.3623964925574428,1.186458979530292,2743808.5,5103483.849250495,2.5706731066723703,1.8555000042915344,2.406824998855591,1.086955465418649,0.0,-34.736839419476674,-40.575081587901195,-33.57142692925976,1
HK.00840,490,0.18400000035762787,0.18400000035762787,0.0,0.0,82300.0,15143.200029432774,1.9252652959635563,0.17494000136852264,0.20057500019669533,3.9548018318157303,-0.5405416290110301,-24.279835466652244,-14.418605908372692,-19.29824549937549,0
HK.00841,490,0.16099999845027924,0.16099999845027924,0.0,0.0,72200.0,11624.19988811016,2.6386461318605385,0.15752000182867051,0.19127000026404858,-12.972974932219856,-8.522727657571313,-15.26315764707211,-41.45454728701879,23.846157196710923,0
HK.00842,490,0.8500000238418579,0.8550000190734863,-0.5847947508874469,1.932445162158525,393300.0,334305.0093770027,2.5767509492939418,0.923100004196167,1.0281750014424325,-6.077342462613727,-28.57143000251241,46.551732465571895,-59.523806550335046,-51.70454383820048,0
HK.00844,490,0.41999998688697815,0.41999998688697815,0.0,0.0,14600.0,6131.999808549881,1.1359432320006326,0.40180000007152555,0.44062499940395355,9.09090838719426,-27.586207073735576,7.692308280124724,-17.64705985475166,25.37312729105348,0
HK.00845,490,0.009999999776482582,0.009999999776482582,0.0,,0.0,0.0,0.0,0.009999999776482582,0.009999999776482582,0.0,0.0,0.0,0.0,0.0,0
HK.00846,490,0.0820000022649765,0.08299999684095383,-1.2048127879974913,0.0,45850.0,3759.7001038491726,1.278264377178049,0.08150000020861625,0.0979000000283122,0.0,-9.890105571454221,-21.153845602767717,-24.7706383138119,-26.126125037655633,0
HK.00848,490,0.0989999994635582,0.0989999994635582,0.0,0.0,469200.0,46450.799748301506,2.082973592379831,0.10509999990463256,0.11801500011235476,-9.174310233434214,-10.0,-20.800000429153442,-21.42857311804546,-26.1194052257259,0
HK.00851,490,0.19499999284744263,0.1899999976158142,2.6315764707211,0.0,2000.0,389.99998569488525,0.15624985448084444,0.1676200011372566,0.21752999991178512,29.999990065892934,8.333325054910777,3.174601797994651,-23.52941313966888,-22.00000286102295,3
HK.00852,490,0.25,0.2160000056028366,15.740737738534987,6.770895309989402,1923533.0,480883.25,9.566616249455052,0.17195999443531038,0.16748999387025834,50.602415370602216,50.602415370602216,50.602415370602216,50.602415370602216,50.602415370602216,1
HK.00853,490,6.074999809265137,6.074999809265137,0.0,0.0,2999976.35,18224855.754049923,1.0855244310812096,6.527299919128418,8.79262499332428,-7.814876045496197,-7.954547014446649,-41.361003758820914,-43.48837386730106,-56.29496420153512,0
HK.00854,490,5.050000190734863,5.099999904632568,-0.9803865653465601,0.6436041834271923,4465.0,22548.250851631165,0.5765459276280127,5.297699995040894,5.5024249815940856,-9.66010638842352,-16.528925098736817,-0.5905459334988622,-13.08089086970092,-43.888886769612625,0
HK.00855,490,4.195000171661377,4.215000152587891,-0.4744953784695417,2.1855165080198407,1040144.9,4363408.034052706,1.6984564092581396,4.522000007629394,4.890771689414978,-9.199128234313244,-6.777773963080512,-21.613100454734834,-18.34697782151142,-28.67104353695442,0
HK.00856,490,9.194999694824219,9.225000381469727,-0.3252106818962332,3.3643445976413537,3537763.0,32529729.705360413,3.8805267232832077,9.6975,8.875923273563386,-4.417881453126064,-10.1173010139339,15.304366492494095,18.58248411987122,-3.97073562614619,0
HK.00857,490,9.489999771118164,9.5600004196167,-0.7322243245397448,1.2818499654378024,71278477.2,676432732.3136513,2.601275920969729,9.611903266906738,9.28581273317337,-3.539002054270269,3.4820495152580344,-4.106633650495315,18.17843674564796,36.24903856389943,0
HK.00858,490,0.08399999886751175,0.08399999886751175,0.0,0.23408924652523774,2033000.0,170771.9976976514,5.715792179456943,0.07890000090003013,0.07905000049620867,5.000000931322596,15.068493290496917,9.090908211265567,2.439020179624407,-28.20512836841071,0
HK.00859,490,0.12700000405311584,0.1289999932050705,-1.5503792692262244,0.0,11000.0,1397.0000445842743,0.0,0.11717999950051308,0.1177750002220273,8.547013227773675,32.29166973873763,-2.3076856065781524,8.547013227773675,5.833339076489338,0
HK.00860,490,0.6499999761581421,0.6399999856948853,1.5624985448084445,0.18030877878366702,263640.0,171365.99371433258,7.418723715195807,0.5005999970436096,0.5862749969959259,29.999995231628418,12.068964631322139,14.03508496746789,-2.985080601935728,-5.797104579113893,1
HK.00861,490,2.424999952316284,2.3550000190734863,2.9723962919685034,2.676023959460532,1249076.6,3029010.6954393866,6.536297368614216,1.8729000067710877,2.238669289946556,30.727758888514444,26.77370711050816,-1.510461476638093,-7.064392565361194,-18.681337922038175,3
HK.00862,490,1.0800000429153442,1.0800000429153442,0.0,0.0,76450.0,82566.00328087807,4.808697577272361,1.1266999983787536,0.7261249987781048,0.0,8.000004291534424,145.45455653805385,134.78261376599048,125.00001396983893,0
HK.00863,490,10.399999618530273,10.529999732971191,-1.23456901935017,5.160597472676271,2022444.35,21033420.468498707,4.279190138401293,11.611000022888184,13.715999999046325,-16.800003051757812,-13.043481727767606,-20.061495499111786,-38.75147291576101,-31.39841871234842,0
HK.00864,490,0.15199999511241913,0.15399999916553497,-1.2987039376318668,0.0,9400.0,1428.7999540567398,0.0,0.17748000025749205,0.18693499989807605,-19.576720285881542,-21.243527356485416,-30.275229922188597,11.76469621464508,-10.58823910963985,0
HK.00865,490,0.05400000140070915,0.05400000140070915,0.0,0.0,45660.0,2465.64006395638,1.7829721818491777,0.04928000025451183,0.04344500010833144,17.39130716468075,-20.588237549916148,45.9459478507693,45.9459478507693,54.28571763087291,0
HK.00866,490,1.909999966621399,1.9550000429153442,-2.3017941333054956,0.6559970207405357,4085211.5,7802753.828641355,4.866600807550077,1.8688999962806703,2.6391250026226043,-13.963966576293139,12.352936061608482,-51.88916995322972,-27.65151929072643,-35.254239466162225,0
HK.00867,490,11.069999694824219,11.050000190734863,0.18099098410988745,1.2043155133903298,6158226.5,68171565.47565842,3.4915870693472697,11.570992069244385,12.373862972259522,-2.72420326813215,9.16400364891426,-12.944817998933233,-13.144028703229113,-21.68626106405748,1
HK.00868,490,8.345000267028809,8.4350004196167,-1.066984565627092,1.304842291135795,9193142.0,76716772.44483376,3.104636967873425,8.920714931488037,9.18054161787033,-8.897375479908497,-12.993986993196316,-19.231300684271414,2.078701828018717,-0.7275852288842249,0
HK.00869,490,0.4699999988079071,0.4699999988079071,0.0,0.0,389662.0,183141.1395354867,1.0754989355068623,0.45459999799728396,0.4511499986052513,6.818182126057051,-2.083331393077926,16.049382080121152,17.499997951090364,-20.33897971189134,0
HK.00871,490,0.04600000008940697,0.04600000008940697,0.0,0.0,100000.0,4600.000008940697,0.7876027224008165,0.05144000001251697,0.07041000006720424,-4.166667313418449,-34.28571443776695,-47.12643515742393,-28.12500327418077,-24.590164635233318,0
HK.00873,490,0.3449999988079071,0.3499999940395355,-1.4285700905079517,1.48512308764721,1447250.0,499301.24827474356,5.887292496439582,0.41140000104904173,0.5425500018894672,-19.76744347227268,-34.90565708838717,-43.44262447257219,-41.52542133161429,-56.32911526112002,0
HK.00874,490,13.180000305175781,13.109999656677246,0.5339485151159565,1.294563143866716,1644214.5,21670747.611774445,1.4549588451416196,14.494597110748291,16.004274072647096,-10.275153308752687,-9.675789237024853,-25.222850560970706,-22.91567942385179,-24.90174900999127,1
HK.00875,490,0.27000001072883606,0.28999999165534973,-6.8965453455194,0.5845917944322349,3501621.2,945437.7615683199,9.22770041333342,0.3525999999046326,0.8411749994754791,-32.49999832361939,-50.0,-67.8571405763528,-81.37931021725522,-23.943656651043256,0
HK.00876,490,1.8350000381469727,1.9199999570846558,-4.427079210290593,2.9772329246935203,6460.0,11854.100246429443,3.0563220073536224,1.9312000036239625,4.710200004577636,-4.427079210290593,-26.599998474121094,-79.94535393825818,-51.710524705968716,66.81818167040171,0
HK.00878,490,6.099999904632568,6.099999904632568,0.0,0.015816528272044286,28637.5,174688.74726891518,0.6201715201536954,6.227400064468384,6.478719918727875,-2.555915629380846,-7.715585757646257,-8.994032116588924,-1.7713386930546249,2.4570547619411838,0
HK.00880,490,1.4199999570846558,1.3899999856948853,2.158271345216813,2.893649394527597,8579523.95,12182923.640806776,2.993464453733635,1.4712999987602233,1.987475004196167,-5.333336194356283,-12.883437960816128,-37.71929934634618,-41.322317672845585,-50.69444789378718,1
HK.00881,490,3.1600000858306885,3.115000009536743,1.4446252377584305,3.6918108320688066,10721496.8,33879930.808233455,4.9935107577291244,4.150499987602234,7.832724984884262,-31.154684514573557,-41.26394017448695,-67.45622993392146,-72.87553485577415,-80.22528049842195,2
HK.00882,490,2.0332000255584717,2.0283241271972656,0.2403904926153771,0.953090096798213,235625.0,479072.7560222149,1.5926841348510328,2.0383682918548582,2.213697970509529,-0.4773269411210024,-2.3827004816385324,-17.85411717290578,-11.148338155761998,-17.18483808775775,1
HK.00883,490,23.600000381469727,23.8799991607666,-1.1725242426176299,0.8047342953843967,60509801.6,1428031340.8426576,2.416264804817261,23.377364768981934,23.349290323257446,-2.733756587652957,7.231349361072355,-10.797433590817263,14.502464498369571,28.94577641827414,0
HK.00884,490,0.03200000151991844,0.03200000151991844,0.0,0.9433135172474867,64551713.75,2065654.9381133402,6.7515435309370435,0.03741999976336956,0.0802399998344481,-15.7894669766239,-30.434779439734154,-56.164380835310126,-79.99999860301611,-86.93877514403646,0
HK.00887,490,0.2750000059604645,0.28999999165534973,-5.1724090091395505,3.6211149481993092,4192500.0,1152937.5249892473,2.9041090970079297,0.2776242050528526,0.26923129230737686,-2.239602613111623,14.316592302301782,-11.845408761626128,27.843234780681094,0.10775112700930846,0
HK.00888,490,0.039000000804662704,0.03799999877810478,2.631584365034542,0.0,32100.0,1251.9000258296728,1.3472576296322387,0.040479999780654904,0.06269500002264977,-2.4999958090483205,-25.0,-53.01204543489894,-55.681817027286066,-64.22018188713231,1
HK.00889,490,0.375,0.3799999952316284,-1.31578823536055,0.790273556231003,219700.0,82387.5,4.935870366620435,0.40759999692440035,0.408600000590086,-9.638552399916438,-38.52459160559471,10.294116486933829,1.3513500451867637,27.118649718337736,0
HK.00893,490,0.06800000369548798,0.06599999964237213,3.0303091878076893,1.090146750524109,176050.0,11971.400650590658,4.596840874168488,0.06940000027418136,0.07843500029295683,-12.820509881427833,-2.85713799145759,-24.44444334065477,-17.073168515591792,-19.047613556828285,2
HK.00894,490,2.515000104904175,2.4800000190734863,1.4112937726413528,1.1671133026047809,4832500.0,12153738.006949425,10.209828057412757,1.9343000006675721,1.7633250018954276,53.353666270828825,-55.089283076171924,192.4418677988407,222.4359227120298,357.272736435094,1
HK.00895,490,1.5549999475479126,1.559999942779541,-0.3205125266043049,0.713199325851934,1447810.0,2251344.4740593433,2.859681194457993,1.6487999868392944,2.0287499898672103,-6.8862282929336365,-19.845365892625615,-35.74380584610219,-28.00926454825145,-37.04453726574048,0
HK.00896,490,0.2549999952316284,0.2549999952316284,0.0,0.0,42816.1,10918.105295836926,2.4984742026487305,0.26809999883174895,0.25373499892652035,-8.928573519295567,1.9999980926513672,8.050844782181645,4.938269333766019,-5.5555610745039266,0
HK.00897,490,0.3449999988079071,0.3700000047683716,-6.7567582806154425,0.562559589124478,685346.05,236444.38643300385,3.3864370487321667,0.3079000008106232,0.3382750004529953,18.965520253504728,6.153849680748341,9.523809974335942,-11.538458599376382,0.0,0
HK.00898,490,0.8800000548362732,0.8800000548362732,0.0,0.0,29400.0,25872.001612186432,0.0,0.9479824388027192,0.9585127955675126,-7.614206559275438,-4.210520852155481,-16.071425932105402,-6.930692133095856,-9.615378611134426,0
HK.00899,490,0.23999999463558197,0.20900000631809235,14.832529847060618,22.652194431335534,201905.0,48457.19891689718,3.1013316917922698,0.20573999851942062,0.198714998960495,46.34145610145291,5.263155486885312,22.448980057304087,37.14285641300434,4.347821861674596,3
HK.00900,490,8.970000267028809,8.885000228881836,0.9566689471843692,1.1094797203387532,83509.65,749081.5827994823,1.1901532180371095,8.933400058746338,7.945543575286865,0.16750802289840744,11.286172309502383,21.114052419209457,27.92567582684704,36.35667046082455,1
HK.00901,81,69.9000015258789,66.69999694824219,4.797608281931191,0.7705738771001479,265709.6,18573101.445440672,8.754440512621487,67.39600036621094,,-10.955412068944069,10.426544025855572,,14.215687343925435,,1
HK.00902,490,5.659999847412109,5.639999866485596,0.3546095992902228,0.587144164617419,22391321.4,126734875.70735548,2.3904770030564917,5.7608999824523925,5.742743718624115,4.524466985873116,-9.437950368595846,-2.00048991994259,5.1082878678572685,0.7577791606529,1
HK.00907,490,0.061000000685453415,0.061000000685453415,0.0,,0.0,0.0,0.0,0.061000000685453415,0.0607500003837049,0.0,0.0,-3.1746036439015164,15.094342275037622,-22.78481281265912,0
HK.00909,490,0.9549999833106995,1.0149999856948853,-5.911330367468806,3.5328837998760743,15045408.35,14368364.723152658,7.547815084045821,1.2611000001430512,2.0732268026471137,-28.99628527908002,-39.937109228770645,-59.75722028298019,-69.96807501817783,-71.73962116069778,0
HK.00910,490,0.017000000923871994,0.01600000075995922,6.250000727595727,0.756100714941694,23716810.0,403185.79191129655,26.617572602287442,0.01632000021636486,0.01458000037819147,30.76923517785825,21.428574279558816,21.428574279558816,21.428574279558816,21.428574279558816,1
HK.00911,490,0.38999998569488525,0.3799999952316284,2.6315764707211,1.1882028431996605,61912.5,24145.874114334583,1.728489526171937,0.5603000026941299,0.47017499938607216,-27.102809985638064,-44.28571538049349,34.48275755758657,39.285708583739364,39.285708583739364,1
HK.00912,490,1.0750000476837158,1.0549999475479126,1.8957441829536132,4.299065420560748,26000.0,27950.00123977661,0.3518230275459208,1.0621464514732362,1.0323956122994422,0.0,7.155581005733301,9.2162605139263,5.171210525898388,-5.943729911585946,1
HK.00914,490,15.960000038146973,16.260000228881836,-1.845019597244456,1.0405503315726263,8376918.55,133695620.37755407,2.7688921533599578,17.225003833770753,19.775795311927794,-7.866173547238145,-9.826469839588029,-27.27902134585542,-26.446831178123663,-30.773486019947004,0
HK.00915,490,0.0560000017285347,0.05900000035762787,-5.084743408319849,0.004487323311644604,198150.0,11096.40034250915,5.947499228828143,0.04646000005304814,0.05278499986976385,33.33333924649261,14.285720802257252,-5.084743408319849,12.000001788139317,-29.999996274709616,0
HK.00916,490,5.284999847412109,5.159999847412109,2.422480691790934,1.8489141899362085,17076517.3,90249391.32483025,2.2842052442695726,5.489299974441528,6.408506226539612,-4.083491327102661,-6.127890941669519,-34.851319120761715,-20.97349756605644,-31.51274464604618,1
HK.00917,318,8.024999618530273,7.724999904632568,3.8834914899843516,1.5151364974037351,9888523.95,79355400.92657746,7.516680845751629,8.325699968338013,16.641124966144563,1.5822724259983445,-14.262821443530813,-62.42977814035656,-65.70512927626145,-89.53715783855166,3
HK.00918,490,1.690000057220459,1.684999942779541,0.2967427068673892,0.7174572233051765,725620.0,1226297.8415203094,9.776116256051964,2.2457999873161314,1.1437999987602234,-35.49617820460974,85.71428664999439,134.72222084248514,196.49124182932724,279.7752998615967,1
HK.00919,490,0.08100000023841858,0.08100000023841858,0.0,0.0,77000.0,6237.000018358231,3.54834699422618,0.08077999994158745,0.0856350003182888,6.578951109190517,-14.736840784384587,-11.956521651103728,3.846152009225729,-5.8139564097732555,0
HK.00921,490,22.059999465942383,21.899999618530273,0.7305929232835626,3.880928882201105,772384.75,17038807.17250204,2.8724611021573483,22.431999855041504,22.284839220046997,2.700185922097416,-8.605955101061923,2.457536632591204,-1.0156052555612107,2.457536632591204,1
HK.00922,490,0.10100000351667404,0.10199999809265137,-0.9803868575261968,1.23734185224451,376601.0,38036.70232438296,1.7796415526844342,0.10454000011086464,0.11923500038683414,-2.8846140069192967,-6.481480651084145,-24.060148480546534,-12.17391157871386,-34.41558812265319,0
HK.00923,490,0.01600000075995922,0.01600000075995922,0.0,0.0038980927189196713,3558600.0,56937.60270439088,7.026963081962009,0.016760000456124545,0.0190249997517094,0.0,-15.7894669766239,-19.999994412064428,-23.809519163470085,6.66667411724743,0
HK.00924,490,0.12399999797344208,0.12399999797344208,0.0,,0.0,0.0,0.0,0.12381999805569649,0.14138000000268222,0.0,47.6190471966791,-41.50943422750376,-10.144926753772236,-57.96610051343848,0
HK.00926,490,2.359999895095825,2.359999895095825,0.0,0.7476635514018691,1387.5,3274.4998544454575,0.3084985042802974,2.4008000469207764,2.4593500304222107,-3.6734755443363665,-3.6734755443363665,-3.6734755443363665,-1.2552388490188975,-11.940304615312076,0
HK.00927,490,0.46000000834465027,0.4399999976158142,4.545457008456409,2.096774193548387,13700.0,6302.000114321709,2.435238567306754,0.45118044316768646,0.5348196484148502,2.2222267845531776,-9.572649682810832,-7.799563746987589,-26.527775715070725,-34.65246120182267,2
HK.00928,490,0.13500000536441803,0.13199999928474426,2.272731890855767,1.0212192756371923,6852356.4,925068.1507589043,9.913874356639944,0.10392000049352645,0.09123000023886561,26.168228398869548,82.43243733054963,31.067966221527026,37.75511111742975,43.61703190100936,1
HK.00929,490,0.5299999713897705,0.5149999856948853,2.9126186624346984,0.4163454124903624,316500.0,167744.99094486237,3.642257949426273,0.5428999960422516,0.6465749870240688,-4.504510890198043,-25.352114449652248,-21.428570166247326,-31.250001932933696,1.8518478215923408,1
HK.00931,490,0.3199999928474426,0.3199999928474426,0.0,0.9294739604814217,1229325.0,393383.9912071824,4.772188120204798,0.29629999816417696,0.37864999964833257,10.344828294942289,3.225803350434739,-8.571429057997108,-34.02062197752229,-17.948716773083888,0
HK.00932,490,0.029999999329447746,0.029999999329447746,0.0,0.0,1782800.0,53483.99880453944,3.5521317948895246,0.02863999977707863,0.03150000005029142,3.448276526508396,7.142851440882373,-6.250006548361542,-21.052630804995065,0.0,0
HK.00933,490,0.3700000047683716,0.3449999988079071,7.246378564303781,0.7837136598562796,10597916.45,3921229.137034803,8.037011206264632,0.33750000059604646,0.5075685034692288,34.54545336321368,-20.430107113391298,-31.56237235272295,-41.186413234049475,-46.2275791240448,4
HK.00934,490,3.680000066757202,3.7300000190734863,-1.3404812884881412,1.4180784246779243,1262969.3,4647727.108312297,1.8589030397828417,3.64686625957489,3.7705491018295287,0.4726008297121628,0.874491732070446,-6.716447181426593,-6.494878979477934,-6.936984650158107,0
HK.00936,490,0.2549999952316284,0.25999999046325684,-1.9230751596258298,1.7657657657657657,300000.0,76499.99856948853,10.252572177052906,0.27919999957084657,0.3016349995136261,-13.559319807927558,1.9999980926513672,26.86566610931877,-31.08108325802206,114.28570534144006,0
HK.00938,490,0.38499999046325684,0.38499999046325684,0.0,0.0,29100.0,11203.499722480774,2.238431774034578,0.392399999499321,0.40325000017881396,1.31578823536055,-13.48314681990463,-8.333332742017395,32.75862122120672,-36.88524894514438,0
HK.00939,490,9.59000015258789,9.675000190734863,-0.8785533485402082,1.1538331978811607,232314732.2,2227898317.2464147,2.2877060615456877,9.093199996948242,8.240803110599519,3.7317498247642766,13.394965550783205,26.94987895325575,26.624370582999934,30.719806600321697,0
HK.00941,490,79.05000305175781,79.19999694824219,-0.18938624023230352,0.6585517124518637,11397234.3,900951406.1965989,0.9027019987676577,79.07547119140625,77.36937507629395,-1.043824308516775,1.4055810425612607,6.8945531167169225,1.1943605165841191,-2.6551111966273853,0
HK.00943,490,0.1850000023841858,0.1899999976158142,-2.6315764707211,6.893196737938252,35053.55,6484.906833574177,3.313035197109397,0.15543999820947646,0.18356499969959258,15.625004074536356,-8.86699127709488,-11.483255123628657,-5.1282004256688785,-20.258617367458022,0
HK.00945,490,344.0,345.0,-0.2898550724637681,0.5411512790724162,10508.3,3614855.1999999997,0.8289991878339651,339.73186157226564,302.3873263549805,3.5520732568832205,6.985994298859791,28.560261367957334,21.791093799802276,44.73743545862958,0
HK.00947,490,0.1720000058412552,0.17900000512599945,-3.9106140135677148,3.929906884668964,72345.0,12443.340422585607,4.959101118863036,0.1687600001692772,0.18269499950110912,4.242423640357147,-4.972369459237667,-31.199997663497925,30.303035434284187,8.860758180477763,0
HK.00948,490,0.29499998688697815,0.29499998688697815,0.0,0.6372180878905805,73352.5,21638.986538127065,2.758224867040627,0.24539999574422836,0.26517499960958957,17.99999475479126,17.99999475479126,-1.666674945089223,40.476188617768955,42.51206940053781,0
HK.00950,490,1.2100000381469727,1.1349999904632568,6.607933772149559,0.7817398119122257,1039725.0,1258067.2896623611,3.91781372726686,1.1451999950408935,1.272506121993065,6.1403555553045885,7.079649845391881,-11.654491638123261,-20.204059427921663,-40.16957526725358,1
HK.00951,490,1.1200000047683716,1.1150000095367432,0.44843006178141653,0.16891597736177624,561750.0,629160.0026786327,3.0877090930991975,1.2552999949455261,1.422156965136528,-12.49999767169351,-24.324324977406615,-16.50202865093402,-17.686396104979877,-22.625215050265552,1
HK.00952,490,0.0949999988079071,0.0949999988079071,0.0,0.0842965265194765,118128.85,11222.240609179438,1.4991079544425367,0.09531999975442887,0.12051499985158444,2.150533930223632,0.0,-31.15941942914946,-33.0985945791886,-32.90783925896343,0
HK.00953,490,0.16899999976158142,0.16899999976158142,0.0,0.0,1021600.0,172650.39975643158,3.131553388885243,0.17844000160694123,0.22918500043451787,-4.519774724751561,-11.518324566483482,-30.73770579404165,-43.666668984624984,-44.59016531201272,0
HK.00954,490,0.21899999678134918,0.21899999678134918,0.0,0.0,216200.0,47347.79930412769,1.6847039975021678,0.24610000014305114,0.2949750001728535,-11.336031509380884,-32.6153831340857,-33.636367248766206,-23.157894901951927,-31.56249947613104,0
HK.00956,490,3.3350000381469727,3.2899999618530273,1.3677834898393102,1.2263354542603369,10674290.05,35598757.723941855,2.2419846849715697,3.229100003242493,3.5135575199127196,2.1439488818899224,7.182275483348785,-18.522069515543127,-9.514465811090867,-18.70599602968288,1
HK.00959,490,0.7200000286102295,0.7200000286102295,0.0,,0.0,0.0,0.0,0.7200000286102295,0.7200000286102295,0.0,0.0,0.0,0.0,0.0,0
HK.00960,490,5.679999828338623,5.465000152587891,3.934120214963246,1.2587834261313382,26518870.2,150627178.1837342,5.513528567491392,6.421999988555908,8.095926146507264,-17.01972238950805,-24.568397475739406,-37.78924487910451,-34.44381142475549,-48.84276070072716,1
HK.00966,490,20.760000228881836,20.65999984741211,0.4840289555096618,1.3021762027902979,7384051.35,153292907.7160752,3.8035568588074864,20.981000061035157,20.204988098144533,1.1695895017748938,4.143964173053856,2.2207105849369486,14.660837664632014,37.43640426930705,1
HK.00968,490,2.0450000762939453,2.005000114440918,1.9950104523650407,0.5342225792813683,67124702.05,137270020.81345835,4.127811444999127,2.2103293132781983,2.793797229528427,-14.613774840080362,-14.710099323804233,-39.43899097651873,-32.90789963177124,-43.12968558312157,1
HK.00969,490,0.10300000011920929,0.10199999809265137,0.9803941620171147,0.1580328922697809,3762900.0,387578.70044857264,16.692508029210003,0.08708000019192695,0.10306000027805567,15.730335197429499,17.045455315142625,-20.76922777136391,-12.711864834850935,-18.253969474143943,1
HK.00970,490,0.4350000023841858,0.5049999952316284,-13.861384853149497,2.6734218674035977,846225.0,368107.8770175576,9.511889946929172,0.3388999980688095,0.4273250003159046,47.45763448147038,16.000000635782875,-3.333330242722041,-16.34615031925166,-35.07462812707532,0
HK.00974,490,0.7749999761581421,0.7749999761581421,0.0,0.0,14350.0,11121.249657869339,2.654679449821087,0.7781999909877777,0.910950001180172,-0.6410250532086098,-6.6265070190933795,-17.553193816614137,-29.545458239957238,-32.60869632821905,0
HK.00975,490,8.9399995803833,9.050000190734863,-1.215476331858844,0.7161257358820955,6145073.5,54936954.51142454,5.973041441123008,8.806900043487548,9.845075011253357,-14.857146853492372,22.298216831229848,-25.437866963782486,-16.682199796999793,-8.868509704583596,0
HK.00976,490,0.4300000071525574,0.4300000071525574,0.0,,0.0,0.0,0.0,0.4300000071525574,0.4300000071525574,0.0,0.0,0.0,0.0,0.0,0
HK.00978,490,0.23499999940395355,0.23499999940395355,0.0,0.04647160068846816,555450.0,130530.749668926,2.7809746588881645,0.2394799992442131,0.2601999993622303,-0.8438835544059935,-7.843135765358715,-12.962966642261877,-11.320750154859622,-22.950821674437094,0
HK.00979,490,0.38499999046325684,0.39500001072883606,-2.5316506313829312,0.11726217256675903,1188617.5,457617.7261644602,11.877682996974032,0.3104000002145767,0.31237499952316283,24.193544355565162,13.235290121660967,11.594200519873441,39.999993497675256,57.14285019187829,0
HK.00980,490,0.3400000035762787,0.3100000023841858,9.677419664956526,0.2144157171707098,392740.0,133531.6014045477,9.208293987973542,0.3078000009059906,0.3234500017762184,-4.225348210765052,6.250003492459733,1.4925358528601556,6.250003492459733,-15.000000372529025,1
HK.00981,490,65.1500015258789,62.400001525878906,4.407051174284833,1.386539526861496,54312421.3,3538454330.5691776,3.960309285200879,68.58600013732911,69.68824995040893,-10.137928929822198,-13.993397325572401,2.1960808249080883,-13.24899753715825,11.845496181766363,1
HK.00983,490,0.45500001311302185,0.4650000035762787,-2.150535566956493,0.1294514646481376,263546.7,119913.75195589365,4.422792245159132,0.36859999895095824,0.35387500166893004,21.33333683013916,40.00000916994569,30.000005960464577,33.82353186091747,18.18182451525167,0
HK.00984,490,0.27000001072883606,0.2800000011920929,-3.571425150243618,0.25818349469801755,54375.0,14681.25058338046,4.643656795928643,0.23727999806404113,0.3127849979698658,12.500006984919466,18.42105727529261,-30.769225478877487,-29.87012534624881,-37.93103235655252,0
HK.00986,490,0.24300000071525574,0.24500000476837158,-0.8163281690572588,1.4715123169557989,80982.6,19678.77185792327,2.793770917033231,0.3024600005149841,0.5476500007510186,-16.206893893966416,-29.5652169406076,-64.7826084703038,-72.38636340545722,-70.0,0
HK.00987,490,0.21199999749660492,0.2160000056028366,-1.8518555567015038,0.49174646922890425,1010932.65,214317.71926923617,3.6636026423184824,0.20316000074148177,0.15867960464209319,5.999997168779416,13.978490574895597,73.92055736418727,86.89968809062674,63.68992810316216,0
HK.00989,490,0.6000000238418579,0.5649999976158142,6.194694933404732,1.4035087719298245,15250.0,9150.000363588333,0.41964343525973696,0.5738000071048737,0.6796750019490719,0.0,-21.052627451201833,-22.077917051387566,-16.666666666666664,-17.808218059586352,1
HK.00990,490,0.6050000190734863,0.5799999833106995,4.3103511176128135,0.7431354799775852,11565500.0,6997127.720594406,4.4539632833460425,0.5562999987602234,0.7167249983549118,5.217396802848253,-13.57142437477494,-31.249997460029327,-15.97222291209077,-24.374998742714542,3
HK.00991,490,2.625,2.615000009536743,0.38240881173183516,0.7957142944688086,27559437.4,72343523.175,2.7602012922824337,2.4601800441741943,2.406986210346222,14.054498544646082,-0.9339075482544694,3.8008676243959822,28.921618105621587,17.560743723821226,1
HK.00992,490,37.58000183105469,34.31999969482422,9.498840807746593,1.7251506394056164,91340284.7,3432568066.2750564,5.17057748818806,28.311397666931153,16.570065660476686,26.192078457227836,53.09563663607615,294.71705733538585,298.85017589474734,255.44364148019673,3
HK.00993,490,0.0949999988079071,0.09300000220537186,2.150533930223632,0.026437195762155093,1260988.4,119793.89649678468,5.509897536220186,0.09999999985098838,0.1152700000628829,0.0,1.0638319795733608,-30.656932401151458,-36.241613221669965,-52.020202362285616,1
HK.00994,490,0.33500000834465027,0.3199999928474426,4.687504947651288,1.0738549200087661,922400.0,309004.0076971054,5.733435565643038,0.27818000108003615,0.3228549998998642,24.07407223442462,-1.4705868173635692,-10.666664441426594,13.559329910410172,17.54386405205138,4
HK.00995,490,15.6899995803833,15.869999885559082,-1.134217432096976,3.143952439326906,569985.75,8943076.178324461,2.721887928959379,15.436400032043457,14.276686015129089,2.6160864586542267,0.6823840739270425,19.500836723044053,28.671612796305755,45.926868027029386,0
HK.00997,490,0.019999999552965164,0.01899999938905239,5.263158926673246,0.005423483684353249,3873100.0,77461.99826858938,6.703539758043889,0.018979999925941227,0.02415999985765666,11.111113410673122,5.263158926673246,-20.000002980232196,-39.39394042019017,-20.000002980232196,1
HK.00998,490,8.385000228881836,8.414999961853027,-0.35650306722740976,1.380611493121768,28182963.0,236314151.2055683,2.2488410148570668,7.800099983215332,7.392012753486633,4.747034466063313,11.800003051757812,23.448211566375083,22.22248016422163,23.270910240574498,0
HK.00999,421,8.800000190734863,8.3149995803833,5.832839865629977,1.105126767899037,4584778.3,40346049.91447706,5.120350435913805,7.56123875617981,7.476515028476715,12.161658707244264,33.43938624762052,18.375605422217472,6.083786181274375,-17.40752655141006,5
HK.01000,490,0.4699999988079071,0.4000000059604645,17.499997951090364,4.002455494168202,48875.0,22971.24994173646,7.756804934792523,0.4671999949216843,0.5885499972105026,-9.615381529345202,-9.615381529345202,-32.85714188400578,-7.843135765358715,-32.85714188400578,2
HK.01001,490,0.36000001430511475,0.36000001430511475,0.0,0.0,126248.7,45449.53380600214,1.3031380766444338,0.3732528549432754,0.3802886790037155,-3.095550902168077,-16.161320453393643,-1.820494226803219,-6.729469894501171,-6.673255384352938,0
HK.01002,490,0.052000001072883606,0.05299999937415123,-1.8867892699548516,0.21983273596176822,1406800.0,73153.60150933266,5.525534470771482,0.0501800000667572,0.05436500018462539,-1.8867892699548516,0.0,-5.45454299154359,0.0,1.9607883240342294,0
HK.01003,490,0.1979999989271164,0.19699999690055847,0.50761524989399,0.8432667811895812,341665.6,67649.78843343258,2.202233076599245,0.20329999953508376,0.2467149990797043,-7.042253816726071,-5.714283281442994,-16.4556978738684,-39.0769211723959,-41.764706810452935,1
HK.01004,490,0.18799999356269836,0.1979999989271164,-5.050507787173788,0.0,47610.0,8950.67969352007,10.29134246743222,0.14698000118136406,0.302335000410676,17.499998603016106,-1.0526337253750466,-37.33333796924996,-63.84615375798129,-37.33333796924996,0
HK.01005,490,0.4000000059604645,0.4000000059604645,0.0,0.0,5461.4,2184.5600325524806,0.06493500461665078,0.41479999363422393,0.41307499885559085,-4.761900369272073,8.108108325802206,-1.2345667202249964,-10.11235676635287,-11.111113318690458,0
HK.01007,490,0.6700000166893005,0.6700000166893005,0.0,,0.0,0.0,0.0,0.6700000166893005,0.6700000166893005,0.0,0.0,0.0,0.0,0.0,0
HK.01008,490,0.1599999964237213,0.15199999511241913,5.263158926673246,12.5,39400.0,6303.99985909462,0.46811613286731196,0.16114000201225281,0.17159320138394832,-2.439029265698055,-8.045976420881425,-0.04997771993431499,-7.117151274466221,-23.68960639171499,1
HK.01009,490,1.4900000095367432,1.4900000095367432,0.0,0.007285971844819,1352600.5,2015374.7578994036,1.5793816836661998,1.466500027179718,1.2587250104546548,1.7064829753270954,6.428573922235181,55.20833779592077,25.210078814366504,12.03007229012421,0
HK.01010,490,0.061000000685453415,0.06499999761581421,-6.153841657045865,0.23272003978120337,3012700.0,183774.7020650655,16.79097895398481,0.038380000069737435,0.0723450000397861,84.84848792723719,-1.6129005122754927,-32.22222415385415,-35.106380027497394,-34.408602968904084,0
HK.01011,490,0.3799999952316284,0.36000001430511475,5.555550036607185,0.0,299537.5,113824.2485716939,2.297874473794249,0.37560000002384186,0.6125499998033047,5.555550036607185,-17.39130688299524,-47.945207492744565,-55.294119462009895,-68.06722882692856,1
HK.01013,490,0.3799999952316284,0.3499999940395355,8.571429057997108,0.0,22450.0,8530.999892950058,1.5611433347582728,0.3568999981880188,0.44742499887943266,24.590159449260913,-12.643679735887027,7.042255412962399,100.0,76.74418088872741,1
HK.01020,490,0.24500000476837158,0.24500000476837158,0.0,0.7446904141216769,16991040.0,4162804.8810195923,7.9012240367255515,0.22773999929428101,0.2704750008881092,19.512198490446938,20.098043798896263,-15.517237304081839,8.407083642922546,64.4295290603138,0
HK.01021,118,11.319999694824219,11.0,2.909088134765625,1.016699783679819,10221592.55,115708424.54661752,13.769074634414618,10.416199893951417,,26.057909486319975,-37.80220208630396,,-38.47826125265746,,1
HK.01022,490,0.3449999988079071,0.33000001311302185,4.545450029951333,0.7776321537789428,169125.0,58348.12479838729,5.022316130346024,0.3819999998807907,0.5128499986231327,-8.000000317891438,-21.590908936971477,-39.47368366016025,-42.500002483526764,-47.72727498502433,1
HK.01023,490,0.4399999976158142,0.41999998688697815,4.761907465063339,0.0,173800.0,76471.99958562851,0.9999645407887701,0.45730000495910644,0.48353872060775754,-3.29670660767248,-8.333331781129008,-11.930924596593773,-13.5926016662802,-5.156384251563843,2
HK.01024,490,30.739999771118164,29.940000534057617,2.6720080921525855,1.5881594282588016,44058722.55,1354365121.1027586,2.8712939554971553,38.447999801635746,52.1379588508606,-10.691454368371659,-34.449148123509445,-48.61502415824594,-52.8033857275089,-57.13809476344033,2
HK.01025,490,0.19300000369548798,0.1979999989271164,-2.5252501306673802,0.018118359003753793,4661090.0,899590.387225002,5.560196649293838,0.1994999998807907,0.24131088979542256,-5.8536559127044905,-8.095233466079032,-31.07142754507309,-15.392806461078504,-34.57626702558767,0
HK.01026,490,0.10999999940395355,0.10199999809265137,7.843138687155083,6.854838709677419,166500.0,18314.999900758266,3.4079921565378846,0.05983999989926815,0.08553500015288591,175.000004656613,66.66666666666666,17.0212799685744,4.761907465063339,-16.666666666666664,1
HK.01027,490,2.880000114440918,2.880000114440918,0.0,0.0,32011.85,92194.1316634655,3.149303942937602,3.4362000322341917,3.157399995326996,-16.1572005119024,-0.6896544920278584,-7.692300638503319,-17.94871446535788,125.00001396983893,0
HK.01028,490,0.949999988079071,0.8949999809265137,6.145252326778909,0.6484397487068565,1433729.0,1362042.5329086185,6.297093364069697,0.9349999976158142,0.8675499990582466,-16.666666666666664,-15.178572854065159,37.68115816835444,31.94443754575898,350.2369708410399,3
HK.01029,490,0.4050000011920929,0.4000000059604645,1.2499987892806712,1.797960598977731,67892.8,27496.584080934525,0.8912763040398506,0.4306999969482422,0.4931499981880188,-9.999997350904605,-17.34694014088105,-27.678571523604344,-18.18181872915192,-37.69230522347616,1
HK.01030,490,1.4850000143051147,1.409999966621399,5.319152443913085,2.7650106075855687,25523340.15,37902160.48786431,4.477895229727156,1.4129999995231628,1.9037999999523163,5.319152443913085,-1.6556275705983468,-33.70535678648371,-28.260866560572317,-40.1209676256413,3
HK.01033,490,0.6499999761581421,0.6650000214576721,-2.255645836920442,0.5835005822983849,29530357.5,19194731.670941412,3.7482737212105195,0.6539999997615814,0.7735499978065491,-2.985080601935728,3.174600171093715,-43.96551768433893,-5.797104579113893,-16.666666666666664,0
HK.01036,490,1.850000023841858,1.7999999523162842,2.7777818250068513,3.598014888337469,45150.0,83527.50107645988,0.5960691637542535,1.7437999892234801,1.6356578910350799,2.7777818250068513,16.434485571890107,16.434485571890107,15.787624519489107,34.46304847633368,1
HK.01037,490,0.6100000143051147,0.6150000095367432,-0.8130073421291051,0.6117892183103705,721723.85,440251.5588243425,1.74694110376897,0.5785000050067901,0.5881750002503395,-10.294116486933829,19.60784817878589,7.017547712211622,-19.736839215841286,134.61539872299338,0
HK.01038,490,65.4000015258789,64.6500015258789,1.1600927800439118,1.8390528901749663,1369593.45,89571413.71983375,1.7806085245943883,63.05260734558105,60.350590534210205,-0.5967366875594085,13.275473542148525,3.466393946303169,19.32158219074256,31.861072620500906,2
HK.01039,490,0.0560000017285347,0.05999999865889549,-6.666661699612825,2.8105906313645623,167000.0,9352.000288665295,4.195930336193909,0.04870000019669533,0.05262500001117587,24.44444334065477,16.666669253673795,-3.448270103593903,9.803927011189312,51.35135407252758,0
HK.01044,490,19.700000762939453,19.700000762939453,0.0,1.169146333702499,5610625.65,110529329.58556767,2.303373363360275,22.235093193054198,24.503447942733764,-10.9356330799266,-14.435653311962007,-25.508895213033846,-25.298016712861443,-14.044055725990217,0
HK.01045,490,2.0250000953674316,2.109168767929077,-3.9906087100032273,0.6665376917732271,1816705.15,3678828.102004504,4.0397581439544865,2.1185758757591246,2.9040458500385284,1.4888334652209514,-20.736426729499176,-36.09741310669236,-44.29881113702954,-2.858733604951016,0
HK.01046,490,1.2899999618530273,1.1699999570846558,10.256411040166299,1.5959405905137203,20653294.1,26642748.601139355,9.446527321584687,0.5958999985456467,0.41605000153183935,126.3157856211217,226.58225995305114,316.1290167521737,214.63413978176123,296.9230797445987,3
HK.01047,490,0.3400000035762787,0.3400000035762787,0.0,0.0,9500.0,3230.0000339746475,0.15151500099837775,0.3551000028848648,0.34617499992251394,-2.8571401810159034,3.030300019967555,7.936509888789085,-8.108108325802206,6.250003492459733,0
HK.01049,490,0.7799999713897705,0.7799999713897705,0.0,0.0,370.05,288.6389894127846,0.3205129086853752,0.8707999944686889,1.0877499920129776,-11.36363913451346,-25.0,-41.79104836116144,-30.357145708130318,-17.894738823423122,0
HK.01050,490,2.0,1.909999966621399,4.712043714733788,2.0872103651044935,1920398.25,3840796.5,3.5490284234697747,1.895872073173523,2.325824246406555,6.601737680627161,-32.22671381152264,-17.80107754310452,-19.735164376937224,41.94397714170458,1
HK.01051,490,7.130000114440918,7.190000057220459,-0.8344915480116986,0.7908908587770872,27746.85,197835.04367537497,3.412359092457873,7.927199964523315,9.357602465152741,-10.651627852142,-13.371521015874546,-34.757447459101165,-37.227902598279826,-32.336568857604505,0
HK.01052,490,3.390000104904175,3.384999990463257,0.14771386868552616,1.4203901533001264,1669560.8,5659811.287143898,1.7488561976505335,3.5486000108718874,3.9905251264572144,-6.094177190711819,-8.378376723903234,-21.0366290488003,-24.76450763255497,-15.563601307590094,1
HK.01053,490,0.8600000143051147,0.8450000286102295,1.775146175977735,1.5900947406777601,1357510.0,1167458.6194193363,1.8310113568258901,0.8928999936580658,1.0679250007867813,-3.910610879026677,-7.526880893449264,-30.081300734212913,-28.925620893190846,-35.338346875538065,1
HK.01055,490,2.9600000381469727,2.9000000953674316,2.0689634760835753,1.2919397245438857,12188965.4,36079338.04897213,2.786601220997708,3.261799988746643,4.3904500007629395,-7.064361339869022,-22.715402164218236,-38.71635434984091,-49.48805510740188,-22.916663950309097,1
HK.01057,490,3.880000114440918,3.8499999046325684,0.779226248090329,0.16801166550714522,10774590.0,41805410.43305397,4.033852566071949,3.810257225036621,4.729061329364777,3.1914926670751487,-7.286154377648363,-37.007814887768404,-20.20989721065344,-18.22753346214812,3
HK.01058,490,0.3700000047683716,0.3700000047683716,0.0,0.0,8600.0,3182.0000410079956,2.9606355115950134,0.39669999659061433,0.3747249999642372,-15.909089369714744,-6.329115261120019,10.447759866236506,2.7777750183035925,-27.450978100551872,0
HK.01059,490,0.4050000011920929,0.4050000011920929,0.0,0.3189792663476874,19110.0,7739.550022780895,1.679063307522119,0.38570000052452086,0.4116250005364418,-2.4096363046584477,3.8461579608730645,-18.18181872915192,-5.813954777818146,37.28814209990406,0
HK.01060,490,0.49000000953674316,0.47999998927116394,2.083337601895229,1.9245751411386962,97144477.35,47600794.827941924,3.40451285587469,0.5051999974250794,0.6727749979496003,-3.92156496088299,-7.5471630211864165,-29.99999744551518,-44.943818268247966,-56.63716711465096,1
HK.01061,490,2.265000104904175,2.0950000286102295,8.114562003453486,1.5222779342255266,335999.85,761039.695497787,3.145239121467432,2.3409999990463257,3.163158450126648,-3.61701290118493,-15.538714249466166,-41.051799911789594,-37.80268743275804,-54.252551790146406,3
HK.01063,490,0.3050000071525574,0.3050000071525574,0.0,0.0,73552.75,22433.589276090264,5.102337556364126,0.29729999870061874,0.43642499700188636,-12.857139329520963,-28.235294447638164,-40.19607591060706,-34.40860111681158,-46.01769762131049,0
HK.01064,490,0.06499999761581421,0.06300000101327896,3.1745977307424083,0.3922814231684737,1715465.6,111505.2599100113,14.975215904560507,0.062319999486207964,0.06813000028952956,-2.985080601935728,8.333331781129008,-13.333339956071377,-1.5151545939038447,-30.851063998428717,1
HK.01065,490,3.7049999237060547,3.684999942779541,0.5427403320779425,0.4612850082372323,404700.0,1499413.4691238403,1.3262990121489338,3.7351000022888186,3.9402403450012207,0.5427403320779425,-4.510314061165424,-16.241244079175733,-6.912656111785111,3.648705639774583,1
HK.01066,490,3.1600000858306885,3.1600000858306885,0.0,2.2244064614397057,10151841.7,32079820.64333956,2.550447218138125,3.338600015640259,4.06095195889473,-9.325676299803744,-1.863352243678002,-34.74600620872946,-36.16737977083061,-42.66206919226375,0
HK.01068,490,0.07900000363588333,0.07500000298023224,5.333333995607138,0.033791938209027275,311650.0,24620.35113312304,4.386584798924471,0.07716000080108643,0.1010400004312396,-1.2499932479111833,-2.469131600800468,-35.24589938675005,-28.18181448731539,-48.70129606236813,1
HK.01069,490,0.23399999737739563,0.24300000071525574,-3.703705066407055,1.0907290956019609,2736114.1,640250.6922242552,8.231929788243537,0.2769599965214729,0.344083064571023,-9.999997707513579,-22.000003973642826,-39.220778396427555,-44.285713170661374,-42.926829410124085,0
HK.01070,490,17.219999313354492,16.93000030517578,1.712929728005105,1.1683678569005245,5397221.15,92940144.49702235,3.691049989196487,16.139799976348876,13.241363205909728,7.692304939603607,24.185530306526427,49.624870482121395,70.91819145776219,73.40247737333317,1
HK.01071,490,4.059999942779541,4.054999828338623,0.12330738970626712,0.8633045065910601,8105027.95,32906413.01322658,2.0395578299803634,4.033600001335144,4.12477304816246,3.571425095939148,-6.235565489234933,-9.19613374976831,4.064828302762753,-5.168771765846382,1
HK.01072,490,19.309999465942383,18.889999389648438,2.2233990993356088,0.7408031458094955,5353459.95,103375308.77544394,3.4907238509512974,21.46919994354248,28.163580598831178,-15.083554704042648,-22.13032908008884,-52.50211638613017,-23.33481554694667,17.65944427883333,1
HK.01073,490,0.10000000149011612,0.10000000149011612,0.0,0.0,28275.0,2827.5000421330333,0.7927323151738552,0.10208000048995018,0.10602541219443083,-3.846154397232281,-0.9901009819200971,-19.669862809222693,-3.9041273166552886,-28.096101277030982,0
HK.01075,490,1.6950000524520874,1.6950000524520874,0.0,1.693679092382496,26770.0,45375.15140414238,1.3837954215777024,1.7595000076293945,2.4585126709938048,-2.023119435579163,-22.24770639693433,-42.77885581463408,-44.05856293597618,-36.096092460118854,0
HK.01079,490,0.1979999989271164,0.1979999989271164,0.0,0.24178924037880314,459400.0,90961.19950711727,3.190253519530052,0.21668967813253404,0.2723374205082655,-10.0,-22.35294014524834,-25.28301523944649,-32.88135331240705,-42.6086957648481,0
HK.01080,490,0.054999999701976776,0.05299999937415123,3.7735855687594055,2.018854909174523,709950.0,39047.24978841841,7.314697246827776,0.05483999960124493,0.0735200003348291,3.7735855687594055,-27.63157701248766,-43.877549856739776,-36.78160771887023,-42.10526274512018,1
HK.01081,74,33.220001220703125,33.7400016784668,-1.5411986718884525,1.462395982548165,1827658.05,60714802.6520279,7.528826504974109,33.60439990997315,,1.342289377033613,-49.08812073455459,,-49.969878829361356,,0
HK.01082,490,1.0,1.0299999713897705,-2.9126186624346984,4.0119760479041915,67000.0,67000.0,2.396207782005333,1.083599991798401,1.365049995779991,-2.4390221209414906,-29.577462660417304,-30.555558315029742,-32.432433303208825,-35.897433546167775,0
HK.01083,490,2.875,2.8499999046325684,0.8771963580347817,0.8634692063424734,7509371.1,21589441.912499998,2.713323035619457,3.1579627847671508,3.3329001545906065,-10.647578139680737,-6.351789494562697,-21.43127119879264,-19.138814599349132,-22.034104984199114,1
HK.01084,490,0.6600000262260437,0.6600000262260437,0.0,0.5780346820809249,12300.0,8118.0003225803375,2.706217632268062,0.6828000020980834,0.6534782260656357,0.0,-2.9411736347271384,1.7964143970930238,4.977552950179628,-1.1975983253592786,0
HK.01085,490,1.6299999952316284,1.690000057220459,-3.550299405759346,2.1015761821366024,61400.0,100081.99970722198,2.968231122594773,1.7601000046730042,1.5937250000238419,-4.117650028743462,-13.297872374153826,9.395972134148693,2.5157208184474795,-9.944748797698535,0
HK.01086,490,0.9449999928474426,0.9399999976158142,0.5319143876925793,0.9611528069648754,4276100.0,4040914.4694149494,3.9359629269532586,0.7801561570167541,0.7834876450896263,29.907098769655406,36.02036967894171,18.931364215065713,6.521125247440636,-6.4890735118996705,2
HK.01087,490,1.8799999952316284,1.8250000476837158,3.0136956773079735,3.335618256289913,383006.05,720051.3721736848,9.16142342321328,1.522200005054474,1.1066749998927117,36.72727238048207,132.0987641602423,89.89898758802522,66.37168169600429,26.17449551669066,5
HK.01088,490,44.459999084472656,44.720001220703125,-0.5814001098687376,1.5020445112911391,10215236.0,454169383.2076721,2.574013505505129,44.15160003662109,42.75857761383057,-1.2438946414858236,6.295024064515446,-3.955652678241949,15.514762201532834,27.078222593906855,0
HK.01090,490,0.6600000262260437,0.6600000262260437,0.0,0.0,8400.0,5544.000220298767,0.2272729530478879,0.6723000109195709,0.7706250014901161,-1.4925358528601556,-13.157890196322017,-21.428565853306864,-22.352940268995052,-28.260868015947356,0
HK.01091,490,0.46000000834465027,0.45500001311302185,1.0989000192372347,2.2579420728224817,5374098.9,2472085.538844976,4.501631922319387,0.3945999991893768,0.4872999975085259,15.000000372529025,2.2222267845531776,-17.857141716747872,-17.857141716747872,3.3707900535517603,4
HK.01093,490,8.930000305175781,8.850000381469727,0.9039539012174488,0.7505255091023211,102592575.55,916151730.9702693,3.744423303564195,8.832400035858154,8.492597062587738,-2.8291543751808894,31.749275794923104,0.7750950196324401,7.667743752217737,-16.63463976501893,3
HK.01094,490,0.3199999928474426,0.32499998807907104,-1.5384601277006635,0.007177854826131164,6840151.5,2188848.431075424,7.301970964374968,0.3689999988675117,0.3580749995261431,-33.33333333333333,16.36363124059263,-36.000001430511475,-8.571429057997108,-60.97561028796531,0
HK.01097,490,0.06400000303983688,0.06499999761581421,-1.5384532502413988,0.13469429086221904,3836563.0,245540.0436625257,4.623595283519808,0.06680000096559524,0.07006000017747283,-5.882353585690328,12.280707028727413,6.66667411724743,-43.8596464856363,-17.948715744404208,0
HK.01098,490,0.5249999761581421,0.5249999761581421,0.0,1.6722408026755853,57600.0,30239.998626708984,1.5632273861740598,0.5084999918937683,0.6063250005245209,-2.7777860562003345,-9.482760126752364,-17.968751891749022,-20.454552227800274,-27.083339542150252,0
HK.01099,490,15.020000457763672,15.029999732971191,-0.06652877834444801,1.3961029879051117,5515479.2,82842500.10878602,1.9659364870224592,16.498799991607665,18.058167066574097,-9.789784973643648,-6.267518734757682,-24.11274531581006,-19.99721634250772,-14.953938998602508,0
HK.01100,490,1.315000057220459,1.3049999475479126,0.7662919597304609,0.10301755590848607,58542.5,76983.39084982872,2.134682506932677,1.3742313718795776,1.3463883924484252,-1.8164589708628343,-10.325695734686155,-5.478436252342898,10.15111975285293,-3.5494203620085956,1
HK.01101,490,0.019999999552965164,0.019999999552965164,0.0,,0.0,0.0,0.0,0.019999999552965164,0.019999999552965164,0.0,0.0,0.0,0.0,0.0,0
HK.01102,490,0.10000000149011612,0.0989999994635582,1.010103062602563,0.061858780408578624,3439603.75,343960.380125409,7.094376578138364,0.11424000024795532,0.06981500029563904,-18.032786584900006,53.84616178168377,100.0,132.558135102413,96.07843796091338,2
HK.01104,490,2.125,2.069999933242798,2.657008141591616,0.316800371861015,3858675.85,8199686.18125,5.528919207323879,1.7721000003814698,2.2125566387176514,13.031915180307537,46.551719318530665,-31.89102314280326,-19.507578956057202,40.48187911561109,1
HK.01105,490,0.19499999284744263,0.19499999284744263,0.0,0.0,65325.0,12738.37453275919,3.7966442401735674,0.17820000082254409,0.192410000115633,10.795451081858175,10.169486816639697,-3.9408874588667384,-2.5000050291418283,-23.52941313966888,0
HK.01107,490,0.013000000268220901,0.013000000268220901,0.0,,0.0,0.0,0.0,0.013000000268220901,0.015245000175200403,0.0,0.0,-38.09523598339549,0.0,-38.09523598339549,0
HK.01108,490,2.319999933242798,2.240000009536743,3.571425150243618,0.5229001743971071,7038580.0,16329505.130124092,4.407897032987442,2.32789999961853,3.269525008201599,-1.9027516326632041,-28.834357667801154,-44.630073948451745,-38.13333511352539,-48.21428742487819,2
HK.01109,490,28.639999389648438,28.5,0.4912259285910088,1.2801835075564427,34149990.3,978055701.3485,3.894488712353905,32.26157783508301,30.744154663085936,-18.423431905419996,-16.632606695948915,-2.9128081755032587,7.314270211751104,-7.7882291819553515,1
HK.01110,490,0.3700000047683716,0.38499999046325684,-3.896100276999047,0.46419508572135915,3246200.0,1201094.0154790878,9.11905098021492,0.431599999666214,0.47112499848008155,-19.565217813832543,-11.90475801897145,-25.999999046325684,-30.18867457706566,-30.18867457706566,0
HK.01111,490,0.24400000274181366,0.24199999868869781,0.826447960311188,1.066350710900474,159800.0,38991.20043814182,2.6349643771486946,0.23754000008106232,0.2549599979817867,-2.399998903274536,15.094342275037622,-4.313722625689836,-15.862065599024127,-14.38596287592624,1
HK.01112,490,16.850000381469727,16.809999465942383,0.237959052933862,0.5121209767638175,3159003.8,53229215.23506431,4.718377786850507,15.501161594390869,13.352684693336487,14.193072412091528,58.47619297054255,29.36764186778739,36.062467425415754,22.877034544927767,1
HK.01113,490,46.18000030517578,46.18000030517578,0.0,2.2030377622903328,5572617.2,257343463.9966278,1.9806661487544792,46.63579048156738,44.66898990631103,-1.5662321830945605,2.2812040509940554,0.9270410096530818,18.908589428893883,28.959307831530012,0
HK.01114,490,1.7300000190734863,1.7300000190734863,0.0,1.2018457575946355,43104383.85,74570584.88265088,3.769515335176657,1.7465142631530761,2.416906043291092,-8.986031217313679,-13.139447226781865,-44.725101276873225,-46.21901967309589,-40.194374263262425,0
HK.01115,490,0.5049999952316284,0.4950000047683716,2.020200074126503,1.5327672545177444,8857750.0,4473163.707762957,4.362517454313193,0.42280000030994414,0.49727499812841414,26.24999692663555,21.686748285773973,-15.833337472544612,-9.821429806856472,-4.71697688824151,5
HK.01116,490,0.21400000154972076,0.21400000154972076,0.0,0.0,30800.0,6591.2000477313995,0.8633999594675497,0.22189999878406524,0.26085499942302703,-3.6036041478388485,-6.956522753198096,-14.399999380111694,-35.15151725874998,-11.570246814337997,0
HK.01117,490,1.6449999809265137,1.600000023841858,2.81249727588151,1.76984575986092,18431952.2,30320561.01743841,4.291239049251191,1.468199999332428,1.3819499972462654,6.12903429243747,59.70874044850009,10.402682577026402,1.5432084002812456,24.621205724249236,2
HK.01118,490,1.2000000476837158,1.2000000476837158,0.0,,0.0,0.0,0.0,1.1474000024795532,1.1319469609856605,6.194694933404732,6.194694933404732,3.603601285564712,7.176148009390222,23.647222920490723,0
HK.01119,490,0.4000000059604645,0.38999998569488525,2.5641078544558447,0.1256108889696676,5444020.0,2177608.032448888,8.114501707159254,0.3540999984741211,0.45227499917149544,1.265821543245696,17.64705933914052,-16.666663562258016,-29.824559477227524,-62.26414834404792,1
HK.01120,490,0.5699999928474426,0.5699999928474426,0.0,0.0,400.0,227.99999713897705,0.0,0.6586000084877014,0.8227000027894974,-5.785128119441005,-21.917811239116848,-37.36263995383064,-40.0,-33.720932166727216,0
HK.01121,490,0.3799999952316284,0.36500000953674316,4.1095850145108725,0.08175342131403518,299080.55,113650.6075738728,6.479198640931832,0.40190000176429747,0.9818749983608722,4.1095850145108725,-37.70492027536954,-69.84126999144532,-70.54263515746347,-79.34782672074881,1
HK.01122,490,0.4699999988079071,0.4650000035762787,1.0752677834782465,0.3983424811599536,871402.65,409559.2444612071,2.987678255652868,0.571299998164177,0.8581749992072583,-19.65811691497351,-40.50633088076574,-54.8076907646726,-51.04166569653896,-37.33333349227905,1
HK.01123,490,0.13300000131130219,0.13600000739097595,-2.205886703409714,0.49455984174085066,443700.0,59012.10058182478,1.6061045913510268,0.1216744364798069,0.11497829832136632,3.9062460891729684,21.067964246649073,17.936895585201533,16.928887732544993,2.8622521901857274,0
HK.01124,490,0.10999999940395355,0.10999999940395355,0.0,0.0,0.0,0.0,0.0,0.11159999996423721,0.17572499986737966,0.0,-20.863308966897122,-43.877549856739776,-53.97489422357403,-72.50000055879353,0
HK.01125,490,0.6700000166893005,0.6700000166893005,0.0,0.0,380.0,254.6000063419342,0.0,0.7011000144481659,0.8695750012993813,-2.189778925938227,-18.29268017884592,-37.96296388278769,-29.473681568769173,-36.792447843683775,0
HK.01126,490,6.210000038146973,6.190000057220459,0.32310146593915234,0.26031108476184467,580074.2,3602260.8041280746,4.268931589409588,6.6335000228881835,7.33194819688797,-0.7987250624077747,-6.616542118953875,-26.020375007384715,-23.85722524481098,-53.601264517647905,1
HK.01127,490,1.190000057220459,1.1799999475479126,0.8474669590729236,0.19619865113427346,314400.0,374136.0179901123,0.9560491842759734,1.1769346356391908,1.2171330964565277,1.2553194208639975,-2.3898654248638778,-0.26012943625100277,-4.628302427761923,-3.2153903759927447,1
HK.01128,490,5.150000095367432,5.199999809265137,-0.9615329948400716,1.8208369982824733,3945175.4,20317653.686241243,2.2375127768335465,5.429107284545898,5.367119145393372,-9.276433827053118,-0.05174013809462291,-3.0024399522786718,-7.044013302624376,-16.50659361115784,0
HK.01129,490,0.16300000250339508,0.16300000250339508,0.0,,0.0,0.0,0.0,0.16300000250339508,0.2814800000935793,0.0,0.0,-60.243901481662455,-42.80701594779804,-55.342466234377866,0
HK.01130,490,0.47999998927116394,0.5,-4.000002145767212,1.2664850297989803,215379.5,103382.15768922865,1.9713751528339967,0.5821000093221664,0.599824998229742,-19.327736774681632,-23.809524935839857,-23.809524935839857,-12.72727656955553,-7.692306369719372,0
HK.01132,490,0.08299999684095383,0.08299999684095383,0.0,0.01092896174863388,862250.0,71566.74727611244,6.537592687330604,0.08747999966144562,0.07122999992221594,-21.698115263154158,43.10344694698321,13.698627480558578,27.692307515962582,-7.77778495241066,0
HK.01133,490,14.029999732971191,13.989999771118164,0.28591824522832215,1.4064567704950435,7190657.85,100884927.7153872,4.830309030040648,16.004399948120117,18.768951454162597,-20.689659076267528,-16.438362311247474,-42.75218344179849,-18.83936401355281,56.289663299119596,1
HK.01134,490,0.22499999403953552,0.22499999403953552,0.0,0.09605488850771869,1171400.0,263564.9930179119,3.725597714074526,0.26564000219106676,0.28732000075280667,-6.639005329545676,-28.57142992300783,-18.181822122621057,-8.536590315178328,31.57894094748378,0
HK.01137,490,0.9599999785423279,1.0099999904632568,-4.950496276539116,3.4759961847549383,218799.75,210047.7553050667,2.0460962536190457,1.0415999805927276,1.2155999961495398,-6.796115999206506,-11.111116630059483,-30.935252631502212,-30.935252631502212,-33.79310710535026,0
HK.01138,490,19.260000228881836,19.290000915527344,-0.15552454754607595,1.2490346415231899,19047132.3,366847772.4575426,5.106671924748448,15.020721893310547,14.695440788269043,16.92647788667318,23.670891075648978,10.993599431939966,110.50908186147072,138.36330326858265,0
HK.01141,490,0.6150000095367432,0.6100000143051147,0.8196713302251629,0.8125983601773857,2247169.95,1382009.5406806828,4.781044437169265,1.5073999965190887,1.737849994301796,-9.558823078252045,-79.56810593072157,-60.57692101956347,-15.753425552330915,-27.647059731004948,1
HK.01142,490,0.08500000089406967,0.08699999749660492,-2.298846735729269,1.9279795017691492,4737148.5,402657.6267353408,5.917132504654675,0.08206000015139579,0.13201999999582767,-7.6086948599335384,-6.593403714302815,-30.89431012501771,-63.04347854255503,-97.4550897281921,0
HK.01145,490,0.14100000262260437,0.14100000262260437,0.0,0.0,135150.0,19056.15035444498,1.8298110463735067,0.14500000044703484,0.14968500070273877,-4.081630791191853,-3.424654318570909,2.173917503498264,-12.962961600259613,4.444442236865096,0
HK.01146,490,0.05299999937415123,0.05299999937415123,0.0,0.045146726862302484,194600.0,10313.79987820983,2.296559443540493,0.057200000062584876,0.04362774302251637,-5.357146896041653,3.9215693435775414,57.98076014451934,85.8597044628943,5.32051066135687,0
HK.01147,490,0.10700000077486038,0.10400000214576721,2.8846140069192967,1.3946587537091988,1404000.0,150228.00108790398,5.790755724414896,0.11564000025391578,0.12985500063747168,-10.084035034006577,-24.647889245339112,-9.322033791287264,-18.320608385986947,-38.85714137310882,2
HK.01148,490,0.21799999475479126,0.22100000083446503,-1.3574688092064093,1.3675933726481326,346300.0,75493.39818358421,4.77585260037367,0.23157999902963639,0.27141999870538713,-5.217395304281382,-8.403365658834792,-27.333337969249964,-33.93939815386361,-7.627121426531088,0
HK.01150,490,0.07400000095367432,0.07400000095367432,0.0,0.0,298875.0,22116.75028502941,5.0628191374223235,0.07942000091075897,0.1203399995714426,5.7142866266017025,-15.909089369714744,-53.16455851398083,-56.72514660650897,-79.44444499633929,0
HK.01152,490,0.19300000369548798,0.20000000298023224,-3.4999995902180734,0.7223013386499573,3276100.0,632287.3121067882,6.4648902882708335,0.22879999935626982,0.2741399994492531,-8.095233466079032,-37.74193477059999,-36.72131174772345,-32.28069960795828,-55.63218330168349,0
HK.01153,490,0.3400000035762787,0.3149999976158142,7.936509888789085,0.0,10600.0,3604.000037908554,1.020241814554177,0.37210000336170196,0.37635000139474867,-9.333332379659016,0.0,-17.073169136104084,-31.999999284744263,-31.999999284744263,1
HK.01156,490,0.2750000059604645,0.2800000011920929,-1.785712575121809,1.3652481114520159,1557467.7,428303.62678323087,9.494039289417648,0.2812199994921684,0.223519999794662,1.851850012202395,23.318385620259484,37.50000093132256,52.77777501830359,67.68292583201631,0
HK.01157,490,5.869999885559082,5.735000133514404,2.3539624917488884,0.7148445712022108,7814738.75,45872515.568174124,3.2051995155517203,6.781799993515015,7.733745934963227,-17.61403669390762,-26.095327998951067,-38.04716038040085,-21.187598221146885,-5.417741289104374,1
HK.01159,490,2.430000066757202,2.430000066757202,0.0,0.0,15400.5,37423.21602809429,1.9517026128498716,2.5524999952316283,2.452625002861023,-5.813948115679959,-17.064846027576323,4.741385201707776,21.500003337860107,-7.9545465834212585,0
HK.01161,490,1.2699999809265137,1.284999966621399,-1.1673140921804177,0.7407407407407407,154800.0,196595.99704742432,1.7820145511824728,1.3039999890327454,1.0488949024677277,-8.633093957075221,8.547010898276671,39.6522527124683,44.95246251091715,53.09584711068472,0
HK.01162,490,0.24799999594688416,0.23999999463558197,3.3333339542150635,0.0037742970371768257,2092000.0,518815.99152088165,3.8549614986456,0.2176799988746643,0.19585999965667725,-0.8000016212463379,34.054050135560296,40.90908936971475,33.33332799241547,-0.8000016212463379,1
HK.01163,490,0.15600000321865082,0.15600000321865082,0.0,0.0,39875.0,6220.500128343701,0.6594195453781068,0.16676000148057937,0.16864000082015992,-3.7037020003245145,-16.129032516496025,-6.024090869797868,-2.4999958090483205,13.868620045825967,0
HK.01164,490,2.2699999809265137,2.0950000286102295,8.353219566893026,3.0557448055862606,66458154.8,150860010.1284113,6.160332980215093,2.5160000038146975,3.408366628885269,-23.569024947493727,-24.952363506291864,-48.38352886657438,-29.584936538160306,-17.637254158180813,1
HK.01165,490,0.024000000208616257,0.024000000208616257,0.0,,0.0,0.0,0.0,0.024000000208616257,0.024000000208616257,0.0,0.0,0.0,0.0,4.3478267911701876,0
HK.01166,490,0.30000001192092896,0.33000001311302185,-9.090909090909092,6.1749512775663415,576510.5,172953.1568725407,7.55383173434698,0.1992200008034706,0.42280999816954135,43.54067122100325,53.06123457492193,-49.152538092168385,-63.85541952371005,-47.368418300801224,0
HK.01167,490,5.570000171661377,5.710000038146973,-2.451836524523543,0.27770884148172603,3320586.1,18495665.147016384,6.018756363906015,5.413700017929077,6.158675007820129,5.792978402853596,22.95805548973753,-21.438645249841144,-13.23987374659418,-51.9827587199126,0
HK.01168,490,5.130000114440918,5.175000190734863,-0.8695666596208412,0.9501565574730226,430014.4,2205973.9212112427,2.1391477536467676,5.227200031280518,4.36260001540184,-6.727270646528765,70.43189802971995,14.508930638394482,0.9842557379092681,-42.424240153820925,0
HK.01170,490,0.39500001072883606,0.39500001072883606,0.0,0.00898069151324652,841000.0,332195.0090229511,2.5750271134805733,0.40204145610332487,0.4456795632839203,3.8141068118152885,-13.488242064762797,-12.577592822155239,-20.142991873251624,-18.51570847217088,0
HK.01171,490,12.020000457763672,12.350000381469727,-2.6720640770278474,0.9729345563308338,31241529.2,375523195.28523713,3.796582439617138,12.241307849884032,12.358122911453247,-4.201571962998846,-0.6968225763486869,-17.93606923957211,29.4506012103188,34.263313831027574,0
HK.01172,490,0.023000000044703484,0.023000000044703484,0.0,1.2076616726721032,3494625.0,80376.37515622191,8.394997099979067,0.017980000153183937,0.020574999935925008,43.74999345163846,21.052635706692985,21.052635706692985,-11.538463191696843,-8.000001192092878,0
HK.01173,490,0.027000000700354576,0.027000000700354576,0.0,0.0,682029.05,18414.784827662166,2.921428304462114,0.02606000054627657,0.03041500011458993,-3.5714290465931358,0.0,0.0,-15.625001818989318,17.39130716468075,0
HK.01176,490,0.01899999938905239,0.017999999225139618,5.555556705336561,0.3816104172203029,20480800.0,389135.1874873042,17.573493508492017,0.018660000022500754,0.030955000114627183,-40.62500472937223,18.749990541255553,-50.0,-60.41666828354613,-69.35483919423652,1
HK.01177,490,5.46999979019165,5.494999885559082,-0.45496079869140954,1.1160763343571187,84053753.9,459774016.19782066,3.927165258990058,5.19771782875061,5.623263525962829,-0.9620940736652324,21.838496790532144,-8.121781306788543,-11.877814020077846,-37.027284174441036,0
HK.01179,490,33.84000015258789,33.5,1.0149258286205691,2.1519467529104057,1402181.8,47449832.325955965,1.9825754667529287,34.29137535095215,36.99785073280334,-12.078867586465405,0.17712620329503298,-17.632526587118942,-8.706432973381677,16.15782043773045,1
HK.01180,490,0.9449999928474426,0.9350000023841858,1.0695176938778126,0.05404358128438354,684400.0,646757.9951047897,4.369655664935432,0.9440999972820282,0.6912447971105575,2.162160072298822,31.249993791183083,99.79443985774866,55.39567435699272,13.991909646648477,2
HK.01181,490,0.1080000028014183,0.0949999988079071,13.684214901726055,3.0121543068522105,596100.0,64378.80166992545,5.297132096099802,0.0997800001502037,0.15299499940127134,10.204087373417103,-8.47457445188352,-43.74999902987233,-48.57142563174362,-40.98360448832751,1
HK.01182,490,0.6349999904632568,0.699999988079071,-9.285714103251085,0.5449591280653951,8175.0,5191.124922037125,0.0,0.6776000070571899,0.7548000010848045,-3.7878840559658693,-24.404760679893176,-38.94230636971937,-0.7812492724042223,47.67441393040922,0
HK.01183,490,0.11999999731779099,0.11999999731779099,0.0,0.02332769580684668,412525.0,49502.998893521726,2.9701668189339037,0.1322200007736683,0.1490550008788705,-9.774438996495315,-17.241378778793283,-31.81818297271394,-11.111116630059483,-28.99408432717025,0
HK.01184,490,8.149999618530273,8.220000267028809,-0.8515893701282994,0.08441668073611346,92040.0,750125.9648895264,2.361793402067651,7.785779867172241,5.587816779613495,-2.751807494894862,35.66819079635644,87.75866845683353,96.04824599336052,103.96310527536137,0
HK.01186,490,4.429999828338623,4.454999923706055,-0.5611693781272704,0.7918784894024923,5015335.45,22217935.18256061,1.16529245845747,4.554608020782471,4.826172783374786,-1.2263166898209994,-4.396253269714013,-12.319209474646668,-11.668516734037643,-13.435149526927221,0
HK.01187,95,30.540000915527344,32.720001220703125,-6.662592371165367,5.895316804407713,64500.0,1969830.0590515137,3.199824112730902,32.9272002029419,,-3.8413076340127104,6.041672654726046,,-21.49100329672205,,0
HK.01188,490,0.012000000104308128,0.012000000104308128,0.0,,0.0,0.0,0.0,0.012000000104308128,0.012000000104308128,0.0,0.0,0.0,0.0,0.0,0
HK.01191,59,160.89999389648438,165.10000610351562,-2.543920079807808,1.7862923394195176,1527363.75,245752818.0527115,13.065589576417869,106.8679997253418,,54.860434584698424,,,-2.4848521839488638,,0
HK.01193,490,16.190000534057617,16.299999237060547,-0.6748387003161986,0.7231923035012298,4897105.15,79284134.99383631,2.718361135591291,15.950025100708007,18.17052209854126,1.7186440115350803,1.655900941274421,-16.34575574765347,-19.87712486880554,-14.589016222730056,0
HK.01195,490,0.02199999988079071,0.01899999938905239,15.789476780019736,4.189374656670479,18204211.05,400492.64092988893,13.193317080596376,0.014200000036507844,0.017199999811127784,57.14285144088237,46.66666915019359,15.789476780019736,15.789476780019736,-18.518521073587245,2
HK.01196,490,3.244999885559082,3.059999942779541,6.045749877089766,1.0235809707638743,26242578.0,85157162.60677528,7.731100103775239,2.4242000079154966,2.9430750042200087,60.544211267700334,20.073996654817638,-6.752877362827448,-3.422619438309936,7.8073055096474375,1
HK.01198,490,0.06800000369548798,0.06700000166893005,1.492540300967864,0.0,5492.9,373.51722029894586,1.250848313991831,0.08390000060200692,0.1030400001630187,-27.65956805970864,-24.44444334065477,-37.037035248488934,-45.59999704360962,-70.4347815382909,1
HK.01199,490,5.90500020980835,5.965000152587891,-1.0058665757705016,1.004903292800581,7553497.7,44603405.50328689,2.241369034457213,5.168024606704712,5.273105955123901,15.592377092446865,25.462917231360493,-1.7419275801061032,10.868725794407199,13.106661197512723,0
HK.01200,490,1.774999976158142,1.7799999713897705,-0.28089861303337954,0.18828719337670416,1627723.6,2889209.3511920455,4.2608769274842695,2.1036999893188475,2.482638441324234,-21.806167794165994,-32.509509546714625,-40.911465092007255,-19.142009591453103,-10.506688717568862,0
HK.01201,490,2.0899999141693115,2.0899999141693115,0.0,0.0,132120.0,276130.78866004944,2.8297841223117977,2.178299970626831,2.184174982905388,-1.182037600695213,-26.40845150234351,-32.58064585595426,59.54198514961585,129.6703136193269,0
HK.01202,490,1.4500000476837158,1.4600000381469727,-0.6849308357518121,0.0,129200.0,187340.00616073608,2.2553639788454873,1.5268000078201294,1.3213831442594528,-7.348243152207329,6.646282249073337,0.7623438299406468,69.89000257276152,47.58122226819334,0
HK.01203,490,0.6600000262260437,0.6600000262260437,0.0,0.0,142810.0,94254.6037453413,2.2844031800623843,0.6667999982833862,0.733317286670208,0.7633671839197399,-2.5764836107899476,-18.02167646490934,-21.834627128818774,-24.913925017830714,0
HK.01204,490,1.840000033378601,1.840000033378601,0.0,,0.0,0.0,0.0,1.7496000170707702,1.7985999989509582,-0.27100244737636836,16.455695151977128,-5.6410262366801955,-7.999998331069946,33.33333621278478,0
HK.01205,490,0.5199999809265137,0.4950000047683716,5.050500185316258,0.629576725509771,3135473.6,1630446.212195587,2.5931371678231203,0.4927999973297119,0.49342499613761903,1.960782480441495,3.9999961853027344,-10.344828294942289,31.64556121581702,33.33333333333333,2
HK.01206,490,0.18400000035762787,0.18400000035762787,0.0,0.0,101400.0,18657.600036263466,0.9886339169200796,0.20407999873161317,0.27918499931693075,-9.803919706698395,-17.857145232965678,-54.00000059604644,-52.20779093105244,-56.19047473752845,0
HK.01208,490,8.835000038146973,8.569999694824219,3.0921861465502585,1.0146739459110916,53471685.0,472422339.0147829,4.058033766565107,8.735000009536742,8.79684999704361,-5.254689341991298,3.0921861465502585,-0.8417487154830902,-3.124998366100726,64.83208615806707,1
HK.01209,490,37.540000915527344,37.20000076293945,0.9139788860612502,1.0553696626097258,5569983.1,209097170.6734718,3.220130062268687,38.58356506347656,41.52821472167969,-6.274616174820961,-0.7840179863187027,-13.831654996898132,-8.26853906285174,-6.487767772257399,1
HK.01211,490,81.5,81.1500015258789,0.4312981731854663,1.0886946642142306,20645167.9,1682581183.85,3.1186122410009434,88.25800018310547,93.81023567199708,-12.50671104137589,-0.48840234240107194,-16.567471916689687,-17.074399912435073,-22.673250433979803,3
HK.01213,490,0.49000000953674316,0.49000000953674316,0.0,0.0,800.0,392.00000762939453,0.0,0.48245150327682496,0.4743756590783596,1.0309268214748768,3.676280907160963,20.112765943457774,-10.461401461138754,45.78853200734827,0
HK.01215,490,0.020999999716877937,0.01899999938905239,10.526317853346493,3.722914943452818,3836025.0,80556.52391393669,5.711705205151958,0.017620000168681146,0.021154999993741513,23.529403386025734,-4.545455315142628,-12.500001940255348,-8.695653582340375,-4.545455315142628,1
HK.01216,490,0.2800000011920929,0.2849999964237213,-1.754384313814067,0.01512001512001512,256650.0,71862.00030595064,1.8256236915331256,0.28509999632835387,0.31069999977946283,0.0,-3.4482726727597,-13.84615031925166,-13.84615031925166,-16.417912173892542,0
HK.01218,490,1.2000000476837158,1.2000000476837158,0.0,0.0,200.0,240.00000953674316,0.4166662527455388,1.181999990940094,1.3734500032663346,4.347832396711109,0.0,-22.829576324037692,-24.764888642082898,-30.23255652772732,0
HK.01220,490,0.0560000017285347,0.0560000017285347,0.0,,0.0,0.0,0.0,0.0560000017285347,0.0560000017285347,0.0,0.0,0.0,0.0,0.0,0
HK.01221,490,1.559999942779541,1.5,3.9999961853027344,2.423434612704856,1850.55,2886.8578941106794,0.8712264011326026,1.5690999841690063,1.5978222405910492,0.0,0.0,-13.573413568777285,2.1405192091623584,10.280563326157553,1
HK.01222,490,0.02199999988079071,0.019999999552965164,10.000001862645192,4.572886995745429,1203687.45,26481.123756509274,2.5108229379034044,0.02247999995946884,0.022094999896362422,4.761905606641802,15.789476780019736,4.761905606641802,-8.333334626836898,-26.666665424903208,1
HK.01223,490,1.2100000381469727,1.2000000476837158,0.8333325054910776,0.7936123973219276,4148503.0,5019688.7882528305,6.1182896358144525,1.3206077384948731,1.3814612358808518,-20.132009929229024,-5.100918117391873,-15.645267559206621,-22.630052683620512,-25.93242524770516,1
HK.01224,490,1.1799999475479126,1.1799999475479126,0.0,0.0,90800.0,107143.99523735046,1.3946264439238067,1.199500024318695,1.2041250377893449,-1.666674945089223,-9.230769936149668,-1.666674945089223,-1.666674945089223,-1.666674945089223,0
HK.01225,490,0.24799999594688416,0.24799999594688416,0.0,0.13460707792142562,89558.0,22210.38363701105,0.04255327783379981,0.24153999656438827,0.22306499876081942,7.35930272372577,-11.428573253203405,35.51912470415495,25.252523884190886,15.887847734086971,0
HK.01228,490,2.005000114440918,1.909999966621399,4.973829815691825,0.519906247770947,398369.45,798730.7928397655,4.555007334411698,2.0099999952316283,2.2683499974012373,-3.373490681165886,2.8205161749884735,-21.984429318212833,-15.042364255719292,-30.86206729290182,1
HK.01229,490,0.17299999296665192,0.16500000655651093,4.848476419545518,2.8665207877461705,81100.0,14030.29942959547,4.174853386759326,0.15987999886274337,0.19198500014841557,-1.1428594783861208,4.848476419545518,-15.60975879235755,-21.36363913451346,-27.310928999725142,2
HK.01231,490,0.30000001192092896,0.3199999928474426,-6.249994179233778,0.0,51600.0,15480.000615119934,0.24359095939123984,0.3058000063896179,0.3127250048518181,0.0,-6.249994179233778,0.0,-1.6393426604503258,53.846165602494466,0
HK.01232,490,0.5099999904632568,0.5099999904632568,0.0,0.0,112793.25,57524.556424319744,5.619625285817663,0.38179999887943267,0.39464999958872793,25.925923200519225,-3.7735815105932082,56.92307974459867,45.714285471001446,-29.166670805877942,0
HK.01233,490,0.04800000041723251,0.04699999839067459,2.1276639591467217,0.3191169521083285,24366659.3,1169599.6565665626,18.31673365147119,0.03485999975353479,0.06366000016219914,33.33334023201937,41.176464143096716,-32.39436782297925,-56.3636357478859,-69.03225803350435,1
HK.01234,490,2.7249999046325684,2.8550000190734863,-4.553419039314263,25.887953231126968,820350.0,2235453.6717653275,1.5498331745466485,3.1138380336761475,3.219375878572464,-12.221370763911706,-19.41227075075446,-11.393488248053746,-10.862914471282977,-17.757493404468555,0
HK.01235,490,0.19099999964237213,0.19499999284744263,-2.0512786419432705,0.0,17750.0,3390.2499936521053,0.05128215708911689,0.18780150890350342,0.1755890966206789,1.0581952597595505,2.6050151432494966,16.921979634741074,11.725452189006118,14.264674707696829,0
HK.01236,92,26.799999237060547,26.3799991607666,1.592115578678965,2.0073088219045436,1420136.8,38059665.15652161,9.067834986480552,34.456400070190426,,-28.150134624044192,-28.495198600897677,,-55.333334604899086,,2
HK.01237,490,0.800000011920929,0.800000011920929,0.0,0.0,17522.45,14017.960208883882,0.6257912773966354,0.7478000068664551,0.7663000032305718,1.265821543245696,3.8961080178621965,0.0,-11.111107431811954,-21.56862481563465,0
HK.01238,490,0.16599999368190765,0.164000004529953,1.2195055467753797,0.6595386833253244,838150.0,139132.8947044909,5.452447179559831,0.18347999930381775,0.22689999870955943,-11.70212799685744,-26.872248864885982,-32.24490185669681,-34.901962044696475,-50.44776431434421,1
HK.01239,490,0.25,0.25,0.0,0.0,11000.0,2750.0,0.09259305250495685,0.2751000028848648,0.39634999945759775,-16.66666997803569,-31.50685110466183,-30.555558315029742,-59.0163944037298,4.6025136950404315,0
HK.01240,490,0.17800000309944153,0.17800000309944153,0.0,0.0,30375.0,5406.750094145536,0.8863781853271123,0.17758000314235686,0.18015500091016293,-4.812835843873447,0.0,-3.2608680687633522,-6.315786666817247,-6.315786666817247,0
HK.01241,490,0.17399999499320984,0.17399999499320984,0.0,0.0,62100.0,10805.399689078331,2.723820704704427,0.14474000051617622,0.16245500039309263,9.433962971456591,34.883724153847915,-1.1363659454278836,9.433962971456591,-14.70588321229305,0
HK.01243,490,0.03099999949336052,0.029999999329447746,3.3333339542150635,0.004728132387706856,846200.0,26232.19957128167,2.3866709554556067,0.03222000058740378,0.033875000383704904,-6.0606070868568365,-8.82353585690328,-16.216218665274816,-6.0606070868568365,-20.5128234519055,1
HK.01244,490,2.4700000286102295,2.259999990463257,9.29203712535975,0.2084574151280524,120950.0,298746.50346040726,7.397304118896225,2.340100021362305,3.5914750051498414,-17.803662743960512,-15.986395219821114,-36.989796414865836,-50.50099916023143,-73.99999969883969,1
HK.01245,490,0.3149999976158142,0.3149999976158142,0.0,7.166945888905811,624310.0,196657.64851152897,5.230859703210338,0.2081199997663498,0.18834383502602578,50.717697652311436,71.19565054541894,97.6470610234702,65.51724893915471,76.48423285144456,0
HK.01247,490,0.9649999737739563,0.9599999785423279,0.5208328482694815,0.4015104440514316,195110.0,188281.1448830366,2.9296584198158566,1.015699988603592,1.8277250012755395,-3.980101656463498,-22.800002098083496,-54.90654549210093,-67.39864995481324,-61.400001049041755,1
HK.01250,490,1.1100000143051147,1.1100000143051147,0.0,0.0,22568.8,25051.368322849274,2.4403563761827227,1.1462999987602234,1.5085250002145767,0.4524882484455325,-11.19999885559082,-37.28813410923989,-37.28813410923989,-51.31578823536055,0
HK.01251,490,0.17000000178813934,0.17000000178813934,0.0,0.24891101431238333,301400.0,51238.0005389452,2.863728447569124,0.19468000084161757,0.22955499961972237,-8.108108325802206,-37.037038876686495,-37.037038876686495,-10.052907007685135,-33.33333138546909,0
HK.01252,490,0.23999999463558197,0.23999999463558197,0.0,,0.0,0.0,0.0,0.23999999463558197,0.24950999490916728,0.0,0.0,1.2658190441992956,-9.433959399563019,-42.85714235030063,0
HK.01253,490,0.1080000028014183,0.1080000028014183,0.0,0.0,600.0,64.80000168085098,0.0,0.10369999989867211,0.14676999993622303,-9.243697215924708,-8.47457445188352,-23.94366248912976,-48.57142563174362,-50.90908936971474,0
HK.01255,490,2.0,1.8200000524520874,9.890106723095888,0.0,11100.0,22200.0,0.8950887962724866,2.2281999921798707,1.975049987733364,-7.834104622903125,-43.019942865127014,39.8601449901794,26.582275042834237,566.6666401757145,1
HK.01257,490,0.75,0.7599999904632568,-1.31578823536055,0.4855883436613328,211917.35,158938.0125,1.5485759941744148,0.7453006541728974,0.8063593184947968,-0.719467373536168,-6.102142300985968,-5.367376146816589,-16.210696645374593,-22.114619880724295,0
HK.01258,490,15.989999771118164,15.470000267028809,3.3613412741668123,0.6582892537660935,16525603.6,264244397.7815895,4.72016884595136,15.14820966720581,13.991671800613403,4.872283242162552,14.154190092016552,26.083347646120526,8.746887753659264,47.19080676029898,1
HK.01259,490,0.03200000151991844,0.03099999949336052,3.2258130416166604,0.06626404965609797,2142850.0,68571.20325695723,6.194040938166986,0.03302000015974045,0.03277500039897859,-3.030297899049148,-8.571424618059293,-5.882353585690328,-3.030297899049148,3.2258130416166604,1
HK.01260,490,0.3799999952316284,0.38499999046325684,-1.2987000923330156,5.827338129496403,105400.0,40051.999497413635,2.924106507256247,0.39969999849796295,0.45259999781847,-2.5641002128344392,-26.92307515962583,-20.83333255723117,-9.523807834335413,-8.433734247587214,0
HK.01262,490,3.119999885559082,3.115000009536743,0.1605096631470778,1.5440289505428226,44550.0,138995.9949016571,4.0302050076590445,3.181000008583069,3.1481000131368635,-8.235300057486924,27.346931625931965,-22.00000286102295,61.65802955192191,57.57575027797439,1
HK.01265,490,0.14300000667572021,0.14300000667572021,0.0,0.0,300000.0,42900.002002716064,0.8107987816156542,0.1480400013923645,0.1707750006020069,-5.298004487716804,-12.804876386693845,-27.040811012444976,-20.555555003660718,-31.904756599813194,0
HK.01268,490,0.26499998569488525,0.2750000059604645,-3.6363709268489552,1.6177867856964525,3831408.65,1015323.2374412596,7.699976641119664,0.3595201313495636,0.9050064447522164,-23.476759696727168,-53.09865864814959,-83.47793668807171,-76.73693539625354,-85.38752157298134,0
HK.01269,490,0.05700000002980232,0.054999999701976776,3.636364252114102,0.8162474751667081,663820.0,37837.74001978338,6.272583702087774,0.0461999998986721,0.045849999971687795,16.326533715360597,50.00000490169791,18.749999029872328,3.636364252114102,16.326533715360597,1
HK.01270,490,0.45500001311302185,0.45500001311302185,0.0,0.5302219519262887,353199.15,160705.6178815082,1.296241254537698,0.475800005197525,0.4970053489506245,-3.191486326155476,-8.080806317177142,-16.885648040529176,-2.6134937689545388,-0.6055229342543758,0
HK.01271,490,0.28999999165534973,0.28999999165534973,0.0,0.0,3050.9,884.7609745413065,1.6487067586113302,0.26767999917268753,0.5459949991852046,-9.375000582076622,-33.333335617036184,-49.12280784309297,-77.16535464482577,-74.78260889846572,0
HK.01272,490,1.100000023841858,1.090000033378601,0.9174302896359119,0.19387530293016084,228850.0,251735.00545620918,2.375964359522715,1.066800000667572,1.060697775185108,4.761911790117163,6.9945633476615505,-0.8984840504823906,7.949862896486761,-4.044565066946494,1
HK.01273,490,0.7049999833106995,0.7049999833106995,0.0,0.0,16000.0,11279.999732971191,0.3841899836807033,0.6855252301692962,0.6086034139990807,1.0348093594198378,-1.6594515514742514,22.92567789538645,22.92567789538645,57.727498424950255,0
HK.01274,490,2.1549999713897705,2.240000009536743,-3.794644543977105,1.7177106430155211,153905.0,331665.27059674263,7.903292018634847,2.8162999868392946,4.210574992895126,-24.78185116173093,-45.16539606148287,-51.68161540453432,-65.016233364111,-75.39954434835849,0
HK.01276,329,46.2599983215332,44.41999816894531,4.142278767301396,1.1441804779605236,4967104.15,229778229.64188063,3.380402679933022,52.17759979248047,62.618157920837405,-4.0249012670097315,-12.716984298993955,-29.504484367757104,-37.35317741412886,-45.32238955797943,1
HK.01277,490,1.8899999856948853,1.9199999570846558,-1.5624985448084445,0.6543310242459562,13359569.6,25249586.352889825,4.684507866566948,1.8630088949203492,1.7616359621286393,-10.243788413038915,15.249104872274563,-15.758868781449348,49.13800426066415,70.62399894275225,0
HK.01278,490,0.06800000369548798,0.0689999982714653,-1.4492675377223445,0.4896225700272647,319089.4,21698.080379191044,3.752731301529551,0.06660852998495102,0.0728786980547011,-0.06483277119747474,2.3465293674172725,-15.504608924854532,-3.1119485772217477,-30.128810853131803,0
HK.01280,490,3.0950000286102295,2.7249999046325684,13.57798667620691,1.3472415425483102,3952360.5,12232555.860577941,15.387715444392333,1.6380999898910522,2.2099749958515167,197.59616751289983,103.61842548995803,86.44578860501359,-7.611936814377537,-36.836735339325585,2
HK.01281,490,0.09700000286102295,0.09300000220537186,4.30107587182406,0.03531489111241907,170200.0,16509.400486946106,1.4948257801914933,0.096059999614954,0.10186999995261431,-4.901956201103737,-2.0201985993660987,3.191495938720082,-12.612611161318627,-15.65217295531291,2
HK.01282,490,0.10499999672174454,0.10499999672174454,0.0,1.3218656266992534,1818200.0,190910.99403947592,8.901839023678008,0.08775999993085862,0.09989500019699335,29.629625200843734,28.048772953012097,-14.634151364658601,-5.4054095778756155,-31.81818357746886,0
HK.01283,490,1.7400000095367432,1.7350000143051147,0.28818416083016385,0.9924190213645762,370750.0,645105.0035357475,4.316497696565234,1.5912000036239624,1.6446407705545425,15.231789438814767,0.0,17.567566696791175,-3.8673997489360077,31.649444785429626,1
HK.01284,490,0.550000011920929,0.5600000023841858,-1.785712575121809,0.05423320277191925,827750.0,455262.50986754894,4.937823866796962,0.46366999924182895,0.3866106890141964,17.884096324820803,27.155872884764765,76.10043340604479,55.517288221061634,66.31708569310479,0
HK.01285,490,1.5700000524520874,1.5700000524520874,0.0,0.12101043715020421,332200.0,521554.01742458344,4.990034520665646,1.1982607090473174,1.0058554670214652,49.71902633690421,54.571031575992244,105.2645774177739,67.60134034088313,97.75231011195432,0
HK.01286,490,7.510000228881836,7.400000095367432,1.4864882715780894,0.5028773624109611,3582755.7,26906496.127027705,5.293671451888922,8.087221717834472,7.771101760864258,-15.807173042064948,-7.0263154477073595,-8.883356831399974,51.26081637521751,114.39207968503327,1
HK.01288,490,6.300000190734863,6.320000171661377,-0.316455385811424,7.2729920742201095,105269404.15,663197266.2235454,2.4008263297130594,6.106900024414062,5.681720831394196,0.3184710232218929,8.061754256937203,25.905662461284802,10.788349732094956,21.463896458642424,0
HK.01289,490,1.9500000476837158,1.9700000286102295,-1.015227443454557,0.0,24125.0,47043.751150369644,2.078479285891922,2.0208999848365785,2.2075404852628706,-4.878044241882981,-7.479297670560905,-9.060844972452157,-26.367609678946337,-6.667714229439984,0
HK.01290,490,0.550000011920929,0.5450000166893005,0.9174302896359119,0.2931596091205212,62300.0,34265.000742673874,5.8100701413447995,0.5585999977588654,0.536245547235012,-7.563027651344701,1.851850012202395,9.647568774596518,7.617050190125066,-6.269021154779697,1
HK.01292,490,1.8600000143051147,1.8600000143051147,0.0,0.0,35600.0,66216.00050926208,0.013440847293478081,1.9795999932289123,2.7341552263498308,-7.920790501592566,-11.150287154953658,-44.99779114263,-49.908705800952255,-56.03465794701711,0
HK.01293,490,0.0860000029206276,0.0860000029206276,0.0,,0.0,0.0,0.0,0.0860000029206276,0.0860000029206276,0.0,0.0,0.0,0.0,0.0,0
HK.01298,490,1.1150000095367432,1.1150000095367432,0.0,,0.0,0.0,0.0,1.118000020980835,1.0303000065684318,1.3636350336153933,11.500000953674316,-0.44642814378045226,13.775508962835408,1.3636350336153933,0
HK.01299,490,76.75,77.3499984741211,-0.7756929359498754,2.1361905860597474,27329101.85,2097508566.9875002,2.037800447929125,75.293466796875,79.25566570281983,2.8462042873713704,2.983243249994216,-9.047045875395114,-5.607658598381389,4.978403812700165,0
HK.01300,490,2.950000047683716,2.8299999237060547,4.240287180662315,0.8902692344116043,14139915.0,41712749.92424369,16.147485744495054,1.8207999992370605,1.5369000087678433,83.22981499829072,-27.872862160722793,255.42169963868812,646.8354348245484,851.6129112888697,1
HK.01301,490,0.33000001311302185,0.3050000071525574,8.196723073504641,0.22211733348141155,70234.0,23177.220920979977,8.498146146262878,0.3245000034570694,0.3449250018596649,11.864416197229556,-2.9411736347271384,-29.032255790318807,-9.589039865544988,-43.10344437781741,2
HK.01302,490,1.3200000524520874,1.375,-3.9999961853027344,1.275983103233619,14903166.2,19672180.165702175,3.377152538848123,1.4010999989509583,1.6489749979972839,-3.6496315432303783,-13.157890196322017,-25.842692490524538,-16.455695151977128,-31.958762189763977,0
HK.01303,490,0.17499999701976776,0.17000000178813934,2.9411736347271384,0.0211864406779661,283500.0,49612.49915510416,2.1575842794965516,0.19259999990463256,0.2275550000369549,-10.256408492959162,-19.724770077811403,-31.372548905027593,-18.224301050246368,-35.185188864484104,1
HK.01304,297,135.0,126.19999694824219,6.973061223897585,2.216321727267944,232270.7,31356544.5,6.0847140463227065,115.04600036621093,124.8202412033081,14.503815311968138,11.294308824045537,21.823980667581193,-1.7832710201835102,-17.82592994933966,3
HK.01305,490,0.8949999809265137,0.8999999761581421,-0.5555550404536735,0.0,11200.0,10023.999786376953,0.45466101805877646,0.8170999956130981,0.7529750019311905,20.134224858800998,2.8735604621977067,24.305547967001544,31.61764286948327,-6.770833236320563,0
HK.01308,490,48.15999984741211,47.91999816894531,0.5008382463218262,1.2093583564672286,6709614.05,323135011.62419415,3.6769367583055357,41.25681243896484,32.748380489349366,1.349940517939868,48.33616027116044,46.973589852244736,86.93070617531384,75.92743039046445,3
HK.01310,490,5.460000038146973,5.489999771118164,-0.54644324630056,1.1849701733331064,898730.75,4907069.929283857,1.8929062996608343,5.85689998626709,6.546268887519837,-9.45273883629754,-10.34482920617342,-28.12444114241366,-10.644303388515786,13.345059384042813,0
HK.01312,490,0.03400000184774399,0.032999999821186066,3.0303091878076893,0.01584786053882726,1506900.0,51234.602784365416,8.418048314672994,0.031140000075101853,0.02984499977901578,6.250000727595727,17.241389055456473,21.428574279558816,21.428574279558816,17.241389055456473,1
HK.01313,490,0.9150000214576721,0.9399999976158142,-2.6595719384628964,2.7344315782933535,9766539.15,8936383.531817196,2.7846735428143043,1.0379969811439513,1.3526600736379624,-12.483893400048093,-20.028392737268877,-44.992342864243916,-40.86676646014604,-48.74693155735258,0
HK.01314,490,0.18799999356269836,0.19099999964237213,-1.570683814288466,0.029940119760479042,533600.0,100316.79656505585,3.0972924260939587,0.18496000051498412,0.1642600006610155,2.1739093463565164,36.23188280603558,18.238993828576096,8.670520928251078,1.075262959423418,0
HK.01315,490,0.09799999743700027,0.09200000017881393,6.5217361375267044,0.0,89350.0,8756.299770995975,1.7951187629203507,0.09649999976158143,0.11222999997437,2.0833297761985303,-14.78261247023736,-18.3333336437742,-27.407412190495993,-45.251399647716575,1
HK.01316,490,4.670000076293945,4.715000152587891,-0.9544024355809706,1.400093829253989,9669843.3,45158168.948750496,4.309092013878641,4.598899998664856,5.369243034124374,-11.385197472563993,9.393276519467104,-27.725216937996905,-27.399650701118173,-28.894368673880738,0
HK.01317,490,0.1679999977350235,0.18000000715255737,-6.666671633720201,1.9678217821782178,175900.0,29551.199601590633,4.4167340451581225,0.17698000013828277,0.26146999768912793,-5.084747617687392,-11.111110235087505,-43.05084569397337,-56.92307592378797,-60.47058987699986,0
HK.01318,436,45.12174606323242,45.49579620361328,-0.8221641812945176,0.9301748004187693,2011428.1,90759147.95265007,4.399668769566209,51.585260467529295,67.93069841384887,-9.496546591386345,-18.795395877418095,-43.459266266509815,-43.73257042802919,-54.351671040444586,0
HK.01319,490,0.2800000011920929,0.28999999165534973,-3.4482726727597,2.3333333333333335,53600.0,15008.00006389618,0.43573109064235616,0.2799213546514511,0.2729471196234226,-1.754384313814067,-1.2345625802021534,5.948372045503292,7.9103802873294295,26.791462072511518,0
HK.01321,490,0.7799999713897705,0.7799999713897705,0.0,0.0,37100.0,28937.998938560486,3.5699361077181093,0.7207000017166137,0.6809999990463257,14.705876939024536,13.04347450506333,32.20339085787959,29.999990065892934,5.405400180747055,0
HK.01323,490,0.17499999701976776,0.17399999499320984,0.5747138249038147,0.2521500292674141,1042450.0,182428.7468932569,5.427866597895338,0.19889999955892562,0.1494999996945262,-3.314915717053778,-7.4074068233916694,54.86725669551712,48.3050813211925,5.421688964100857,1
HK.01326,490,0.027000000700354576,0.027000000700354576,0.0,,0.0,0.0,0.0,0.027000000700354576,0.027000000700354576,0.0,0.0,0.0,0.0,-35.71428318007459,0
HK.01327,490,1.5399999618530273,1.5499999523162842,-0.6451606948963502,0.0,8130.0,12520.199689865112,0.0,1.628799982070923,0.9538499930500984,-6.6666676299740715,119.99999829701011,161.01695428939792,110.958893372029,152.45900421942247,0
HK.01328,490,3.2950000762939453,3.234999895095825,1.8547197262379764,1.271947453306809,20004.9,65916.14702625276,3.0674756929271325,3.769300003051758,3.687425001859665,-13.743451992764308,-24.599538613663032,5.608980678007444,8.032791075671948,-64.10675417476632,1
HK.01330,490,6.190000057220459,6.355000019073486,-2.5963801944580194,0.8400561779403599,1547600.0,9579644.088554382,2.824657142074045,5.654900035858154,5.4764394950866695,14.948928395974766,6.357386162300781,10.62273425234812,23.787050781754722,26.66701013414454,0
HK.01332,490,0.1550000011920929,0.1550000011920929,0.0,0.6454185135673913,1228968.75,190490.15771504492,3.9617663611310903,0.14990000128746034,0.16311500035226345,3.3333300219643105,24.000000953674316,19.230774521122513,-39.21568467038631,121.42857218883476,0
HK.01333,341,12.350000381469727,11.960000038146973,3.260872425408276,4.911305958271841,1278350.0,15787622.987651825,6.115038095780336,11.959799995422363,18.439250016212462,13.30275975858215,-25.151512839577418,-41.90968838893907,-55.89285578046527,-60.46734804112425,3
HK.01334,490,0.8799999952316284,0.9049999713897705,-2.7624283920971484,0.7618025751072961,944875.0,831489.9954944849,7.7197803041787045,1.1100999879837037,1.2539262133836746,-26.050424124593135,-21.57205950004409,-30.4843333550237,-21.57205950004409,-6.366651650864136,0
HK.01335,490,0.09200000017881393,0.09300000220537186,-1.075270970800214,0.825016633399867,152400.0,14020.800027251244,3.9402401682977284,0.10344000101089477,0.11830000016838312,-8.910894083656444,-14.01869204431884,-23.333331470688144,-31.851854427361094,-34.28571443776695,0
HK.01336,490,47.220001220703125,46.63999938964844,1.2435716952076474,0.591866219167281,8246318.6,389391174.3583069,3.137890087719307,47.359599914550785,49.33507749557495,-1.2959843852576303,-4.65779194586468,-6.099642352335026,-11.613367856542556,8.062457845528732,3
HK.01338,490,0.032999999821186066,0.035999998450279236,-8.333329883990316,0.3540779782417731,3010500.0,99346.49946168065,7.76813185741115,0.03069999974220991,0.03310999956913292,6.451614066167647,6.451614066167647,-5.7142866266017025,-8.333329883990316,-32.653059828087734,0
HK.01339,490,5.78000020980835,5.90500020980835,-2.1168500517979987,1.3794071005283697,43923221.35,253876228.6184586,3.1477074205994118,5.449500017166137,5.73363184928894,9.57346171205599,9.362733497458857,-4.263939240909428,-14.384604464007605,-9.642655238361037,0
HK.01340,490,0.5099999904632568,0.5149999856948853,-0.9708728874782327,0.6456184552397449,163887.5,83582.623437047,2.779727706555821,0.5215999948978424,0.4562799997627735,-0.9708728874782327,-27.556819143928283,27.49999571591622,48.25580614629561,30.102041786050187,0
HK.01341,490,0.01600000075995922,0.01600000075995922,0.0,,0.0,0.0,0.0,0.01600000075995922,0.04310500032268465,0.0,-33.333330746326205,-51.51514894952457,-80.24691270016766,-94.57627068773762,0
HK.01343,490,0.17499999701976776,0.18299999833106995,-4.3715854558802665,0.6077838990581127,1434250.0,250993.7457256019,6.550845697202547,0.13197999939322472,0.12678999967873097,33.58778678053126,36.71874117790181,35.658919564105204,43.44261889615008,143.0555618793511,0
HK.01345,490,2.194999933242798,2.194999933242798,0.0,0.0,23300.0,51143.49844455719,0.7678725074769368,2.2271999883651734,2.216547607779503,-0.2272779242065186,-4.565218315232698,-4.309329638122535,-0.056417418989384585,30.860251681309236,0
HK.01346,490,1.309999942779541,1.3049999475479126,0.38314141245931693,0.5615826419910658,75550.0,98970.49567699432,0.5506418675070273,1.3528623795509338,1.3592838996648788,-0.8302890304655295,-2.986150218846865,-1.9501777581284918,-3.964913396858733,-12.91227991760286,1
HK.01347,490,115.5,110.19999694824219,4.809440289047443,1.3460399339519822,22727796.4,2625060484.2,5.8115825014170674,130.4699998474121,115.36325031280518,0.6097534230261236,-27.449747352978644,25.885558583106267,42.066415331460114,145.6401507348971,1
HK.01348,490,0.17100000381469727,0.1850000023841858,-7.567566696791175,0.8883717494089834,1062580.0,181701.18405342102,7.8059755063321665,0.2086999997496605,0.21129999965429305,-4.469274347601791,-36.66666777045634,-6.043952040202352,31.538469297646348,32.5581494743644,0
HK.01349,490,2.609999895095825,2.515000104904175,3.7773274842575013,1.8772301114142573,1152950.0,3009199.3790507317,2.9221889776307584,2.4998000144958494,2.7464000010490417,0.7722000613628688,15.486721509269788,-13.576161868216419,-7.446810039654421,-26.89075787390729,2
HK.01351,490,0.21400000154972076,0.2070000022649765,3.3816421295414796,0.2658258549599806,1993300.0,426566.2030890584,11.192287005832927,0.2139400002360344,0.3101650008559227,4.390245568957959,-10.46024762862664,-37.05882373565621,-40.555557487187485,-50.804597614526216,1
HK.01354,490,2.680000066757202,2.674999952316284,0.18692016934760566,0.33419628147799485,178545.0,478500.61191916466,7.249247791909993,2.3046000003814697,2.7156999957561494,-10.963452649555183,39.58333993020172,-8.532423013788161,-14.920635377168342,-50.46210457770736,2
HK.01355,490,0.14800000190734863,0.1509999930858612,-1.986749215814021,0.7572383073496659,466000.0,68968.00088882446,2.1824906848433767,0.15242477998137474,0.1431011948361993,-17.777779985357125,13.846159489197346,5.7142866266017025,18.400001525878906,10.447759866236506,0
HK.01357,490,4.034999847412109,3.815000057220459,5.766704767809055,1.1526296742486524,80354924.85,324232109.5085615,5.317302005651163,4.343513579368591,5.317956573963166,-7.63253414411123,-12.753126016865377,-19.867044950927845,-44.349119438435665,-54.53871071862508,1
HK.01358,490,0.9100000262260437,0.9399999976158142,-3.191486326155476,0.6367226061204343,414600.0,377286.0108733177,2.3316540497667058,0.9732999873161315,1.1354625976085664,0.0,-19.39049040897193,-13.363612127724556,-28.691585642163847,-36.34451279866939,0
HK.01359,490,0.8899999856948853,0.8799999952316284,1.136362558800321,0.6692834487904495,47968750.7,42692187.43680152,2.708845610856609,0.9351000034809113,1.0899955385923386,-3.7837865702682367,-11.48378745469773,-21.318922181953535,-29.7275900397311,-36.07163227334655,1
HK.01361,490,4.324999809265137,4.394999980926514,-1.592722911607844,1.0228728829763336,2564924.5,11093297.973279476,2.2135751874920992,4.4392476272583,4.978324683904648,-7.576618923017148,2.437650942859234,-12.211672670899972,-13.680253712150456,-22.28910955559173,0
HK.01362,490,0.824999988079071,0.824999988079071,0.0,0.0,3800.0,3134.99995470047,0.6448864834575541,0.826399986743927,0.7197877842187882,2.484469658237336,-0.6024090761646119,24.617866506070047,51.807226404966734,135.1943136860913,0
HK.01364,396,21.8799991607666,21.760000228881836,0.5514656738169157,0.3093899526782346,6491427.1,142032419.50017756,3.9173551441714505,23.19864532470703,24.722585372924804,-12.269451915657871,4.2038075733067455,-20.953968108498085,-9.808931049017058,7.164793243344741,1
HK.01368,490,3.494999885559082,3.494999885559082,0.0,0.6350036337144912,16877151.6,58985642.91056328,3.331021824857124,3.4737024974822996,4.2383309733867645,4.939912094136216,-10.507448701749555,-26.557331515289246,-29.714677615873917,-41.337524852060156,0
HK.01370,490,0.11999999731779099,0.12800000607967377,-6.250006548361542,0.22523912372724467,321050.0,38525.999138876796,19.05550088091614,0.1347400003671646,0.21481000062078237,-20.000004967053535,-23.076926383393687,-44.18604868756812,-62.5,-60.00000248352677,0
HK.01371,490,1.2300000190734863,1.2300000190734863,0.0,0.0,20776.95,25555.648896288872,4.279485951177599,1.097200005054474,1.677549998164177,10.810811101069607,-28.07017592781076,-33.870967225072455,-46.052630065440674,-57.58620763363649,0
HK.01372,490,1.2400000095367432,1.2050000429153442,2.904561441900115,0.8967088362173429,1020400.0,1265296.0097312927,6.0385059745198655,1.260200002193451,1.216549996137619,-16.498316660489458,31.914894966153124,7.826090021259681,-20.512816985918324,30.526318431230827,1
HK.01373,490,0.6600000262260437,0.6600000262260437,0.0,0.46805366569601253,138927.5,91692.15364351869,2.0442095392586976,0.6627999997138977,0.7053979942202568,2.3255884873024546,-5.714280362031807,-11.999996503194172,-8.333325744778696,-17.61052154284096,0
HK.01375,490,1.6200000047683716,1.625,-0.30769201425405646,1.243643679246856,9311750.0,15085035.044401884,2.9254415863445953,1.7039116168022155,1.8944210231304168,-1.9236950904057089,-6.305124715915418,-19.10247410656734,-23.22225894569728,-39.72295137666034,0
HK.01376,490,0.09600000083446503,0.09600000083446503,0.0,,0.0,0.0,0.0,0.09600000083446503,0.11311000101268291,0.0,0.0,-38.0645160670087,-33.79310096770199,-74.73684156865625,0
HK.01377,52,291.0,277.0,5.054151624548736,4.990204864404309,104543.65,30422202.15,6.821783207549684,340.53412353515625,,-15.806656770003594,,,-21.717339267897962,,1
HK.01378,490,22.1200008392334,21.84000015258789,1.2820544170753114,0.930533706261272,29030859.65,642162639.821667,3.574341457238677,23.15200004577637,29.21865972518921,-4.572905314870506,-6.902354267046307,-39.33372747858496,-31.309083008839895,-2.4680671198939814,1
HK.01379,490,1.840000033378601,1.7999999523162842,2.2222267845531776,0.0,3825.0,7038.000127673149,0.03124996973201678,1.7070000100135803,2.6376648926734925,12.883437960816128,-23.333334989017846,-46.95816588914556,-39.499157772392444,-48.2345736904051,1
HK.01380,490,0.375,0.3700000047683716,1.3513500451867637,0.5303186279097335,307562.0,115335.75,3.991452543638246,0.4635999965667725,0.6140799982100725,-16.666664459087173,-40.47619002566405,-50.65789411768028,-46.42857051625543,97.3684235292789,1
HK.01382,490,0.8600000143051147,0.9049999713897705,-4.972371105774867,2.0021420483233023,519896.6,447111.0834371805,1.5856724249072762,0.9510072183609009,1.1049327665567399,-9.473681568769173,-5.580081125028663,-30.857854112068843,-30.309103370794116,-40.2553444869011,0
HK.01384,220,31.18000030517578,30.440000534057617,2.4310110319814866,0.4077665561852018,4608457.8,143691715.6103897,6.690341602687585,34.3015998840332,57.04529993057251,-11.571180404355767,-33.65957381877494,-62.29745894103262,-52.68588834109297,,3
HK.01385,490,26.940000534057617,25.5,5.6470609178730085,2.2816672091230186,2665278.45,71802602.86641227,4.913328547138144,26.041599884033204,37.48898035049439,0.5223929141142237,-8.399505586407946,-38.93300768465171,-42.83694822246917,-20.154266568152536,1
HK.01388,490,0.2549999952316284,0.25999999046325684,-1.9230751596258298,0.8183306055646481,30450.0,7764.749854803085,1.2799800429750732,0.2692400023341179,0.33373500309884546,0.0,-16.393446147009282,-34.61538343975055,-31.08108325802206,-40.000002804924385,0
HK.01389,490,0.49000000953674316,0.48500001430511475,1.0309268214748768,0.21250221356472462,70340.0,34466.600670814514,1.1983259146479348,0.4982999986410141,0.41301499962806704,12.643679735887027,32.432433303208825,105.8823522045892,36.11110835163693,28.947372548798167,3
HK.01392,64,37.220001220703125,37.08000183105469,0.3775603633632707,2.1934780555330207,4303328.8,160169903.1890869,15.7060752364647,21.31300012588501,,78.42761328699616,,,39.40074965228392,,1
HK.01393,490,0.028999999165534973,0.029999999329447746,-3.3333339542150635,0.08713718660967616,16643196.3,482652.6788118348,17.27631563908733,0.03421999990940094,0.05228499995544553,-21.62162488703309,-39.58333559696457,-57.971014649245554,-53.968256033166675,-52.4590182956333,0
HK.01395,490,0.12999999523162842,0.12999999523162842,0.0,0.0,22750.0,2957.4998915195465,2.176652034684397,0.12518000066280366,0.14988000102341176,-2.2556436466883176,-11.56462902241388,-23.976612671598634,-18.750001164153243,-11.56462902241388,0
HK.01396,490,11.130000114440918,11.199999809265137,-0.6249972858598792,1.235541769090623,4546706.2,50604840.526329234,6.234751333625053,10.694000072479248,9.130850036144256,6.507180072605189,-11.38535236784189,55.66433518864111,115.28046325328741,95.60632693346362,0
HK.01397,490,0.7300000190734863,0.7450000047683716,-2.0134208857554183,0.0,69560.0,50778.80132675171,1.4806550290330056,0.8360000002384186,1.0183624950051309,-5.194800369332063,-26.999998092651367,-30.476185502378623,-32.289853303328805,-31.69590617183426,0
HK.01398,490,7.5,7.519999980926514,-0.26595719384628963,1.2828385276172143,158508927.3,1188816954.75,2.1243985249664847,7.342200021743775,6.680861804485321,0.3344494406205683,6.53409148635697,24.008144720320505,21.66098544018283,34.26479443417904,0
HK.01399,490,0.35499998927116394,0.3199999928474426,10.937499126885067,1.4639175257731958,101300.0,35961.49891316891,6.3292114084890745,0.3614000004529953,0.2842299999296665,1.4285700905079517,-7.792208294861243,77.49999199062599,88.82978799292924,88.82978799292924,1
HK.01400,490,0.03999999910593033,0.024000000208616257,66.66666149265241,6.158971320401941,82052741.0,3282109.566639133,10.487475642151656,0.020739999637007712,0.01880999967455864,100.0,110.5263178533465,122.22222682134625,122.22222682134625,100.0,3
HK.01401,490,0.25999999046325684,0.23999999463558197,8.333331781129008,1.2121717729993535,2229850.0,579760.9787344933,4.984060735119044,0.2437799996137619,0.5662850011885167,1.960782480441495,-1.8867907552966041,-72.34042647630719,-60.60606361639608,-66.66666666666666,1
HK.01402,490,0.6050000190734863,0.6650000214576721,-9.022556458369206,1.520428667113195,4757000.0,2877985.0907325745,10.758280429595699,0.3748999983072281,0.28371999964118005,55.12821570891169,137.2549138771303,165.35088541980852,152.08334691512118,124.07407223442462,0
HK.01405,490,28.579999923706055,29.5,-3.1186443264201538,1.196935705549954,539687.3,15424262.992825128,5.136992222939104,35.277599792480466,51.12084980964661,-23.867876327395724,-17.063259770706356,-57.21557093109446,-60.41551089788256,-67.16829532250208,0
HK.01406,490,0.35499998927116394,0.35499998927116394,0.0,,0.0,0.0,0.0,0.35499998927116394,0.35499998927116394,0.0,0.0,0.0,0.0,0.0,0
HK.01407,490,0.7250000238418579,0.7250000238418579,0.0,0.09608455440787893,414200.0,300295.00987529755,4.512361994190157,0.6119000029563904,0.5793466266989707,20.83333250549108,27.41653646699458,34.36651784900577,21.150134656280617,-0.13299199978981385,0
HK.01408,490,0.3799999952316284,0.38999998569488525,-2.5641002128344392,1.1485642946317103,168600.0,64067.99919605255,1.6198960766223978,0.34830000102519987,0.34690616734325885,11.764703304297399,2.7027000903735274,-11.20411004723479,61.78912166733082,119.4381291244088,0
HK.01410,490,0.7850000262260437,0.7850000262260437,0.0,0.9520500347463516,1435000.0,1126475.0376343727,4.334242202394704,0.7888999938964844,0.7115249972045422,1.2903290807148435,-7.647058328542757,60.20408386689626,60.20408386689626,196.2264409817268,0
HK.01412,490,1.0049999952316284,1.0199999809265137,-1.4705868603311214,2.978122794636556,160900.0,161704.499232769,1.8923798797292117,1.0506752133369446,1.1531894320249558,-4.277027113718613,-1.4889848980682119,-11.216947587512463,-32.99392430525083,-31.762287651319177,0
HK.01413,490,0.2240000069141388,0.21400000154972076,4.672899669159408,0.6174452793204835,310650.0,69585.60214787722,5.062861822372799,0.19991999953985215,0.2914507295191288,-3.448270103593903,20.430108388320086,-36.90140459608911,-41.81817858109359,-55.19999861717224,1
HK.01415,490,23.239999771118164,23.139999389648438,0.4321537774735691,0.8946188068700363,2345932.15,54519462.62905874,3.6653095808871896,23.03359992980957,26.53623796463013,-0.3430528505701926,-11.094107445460336,-7.95178889772437,-16.569071721637005,-27.384193895588265,1
HK.01416,490,0.19099999964237213,0.1809999942779541,5.5248650168803,0.15579357351509251,461000.0,88050.99983513355,2.2612985095293228,0.18504000067710877,0.1912399996817112,4.3715854558802665,-6.829267654441633,-3.5353531932699434,3.2432417193845575,48.06202302564513,1
HK.01417,490,4.684999942779541,4.429999828338623,5.756210481311696,0.4259197638923048,1737925.0,8142178.525555134,12.900708109665507,6.1275999546051025,2.0893449877947567,-39.391980191209846,67.32142937730771,2079.0697045813654,2185.36584568052,1936.9564599091718,1
HK.01418,490,0.11999999731779099,0.11999999731779099,0.0,0.0,280900.0,33707.99924656749,6.143232917251405,0.13748000025749207,0.17343100391328334,-13.04347802613167,-27.272731788230487,-32.89841802164465,-46.721918726194836,-48.85146628663049,0
HK.01419,490,0.7599999904632568,0.7599999904632568,0.0,5.376344086021505,46100.0,35035.99956035614,1.4771705145257923,0.7558000004291534,0.7895481932163239,3.4013572342277603,-2.5641002128344392,-7.317073525310204,-5.000002607703171,-21.93069544263197,0
HK.01420,490,0.25999999046325684,0.25999999046325684,0.0,0.14149792632349353,825600.0,214655.99212646484,7.349882951464945,0.21859999924898146,0.222804998755455,26.82926474689796,29.999993294477562,-14.754103486558959,51.162780019449485,36.842101960961465,0
HK.01421,490,0.6100000143051147,0.574999988079071,6.086961208985396,0.06456298926640304,142137.5,86703.87703329325,3.208461561464134,0.6082999980449677,0.47769999906420707,-6.153840510802654,50.61728703941155,71.8309951381917,54.43037917380571,56.410265815328906,1
HK.01425,490,0.5950000286102295,0.5899999737739563,0.8474669590729236,0.867092735098474,1925100.0,1145434.5550775528,2.896448197878705,0.5933999979496002,0.6000958445668221,4.385971241490521,1.9749072388339788,-4.113153357379222,1.9749072388339788,-1.1627856319933971,1
HK.01427,490,0.2199999988079071,0.20800000429153442,5.769228013838593,0.0,76650.0,16862.99990862608,6.7588684489048285,0.20463999956846238,0.21499999940395356,14.583331716453879,-8.333331781129008,7.843138687155083,-12.000000476837158,-10.204083866896262,3
HK.01428,490,7.110000133514404,6.934999942779541,2.5234346384828283,0.6526826823891242,5590864.65,39751048.407960966,3.3766816036336813,7.019499959945679,8.812825019359588,-7.421871192248764,-6.937169400959578,0.14084829600224422,-16.15565427684717,-39.540816367905485,1
HK.01429,490,0.20800000429153442,0.20499999821186066,1.4634176126057137,8.304138988247317,2668360.0,555018.8914513588,7.430458817783828,0.17239999994635583,0.19534499943256378,25.301212173602845,4.522614720969393,-21.509428105773285,116.66666925367379,433.3333333333333,3
HK.01431,490,0.30000001192092896,0.3050000071525574,-1.6393426604503258,1.0169491525423728,678150.0,203445.00808417797,4.236792178176707,0.29062000185251236,0.29156000100076196,-1.6393426604503258,22.950823176166594,-18.918916741977938,15.384624201870853,-7.692300638503319,0
HK.01432,490,0.3449999988079071,0.36500000953674316,-5.479454851034117,3.731016505108724,904112.9,311918.9494222134,4.099919677738167,0.3626000016927719,0.34517500206828117,-6.7567582806154425,4.545450029951333,2.985071705720311,1.4705868173635692,0.0,0
HK.01433,490,0.08100000023841858,0.08100000023841858,0.0,,0.0,0.0,0.0,0.08100000023841858,0.08624500017613172,0.0,0.0,-12.90322761547218,-14.736840784384587,-20.588233575413902,0
HK.01440,490,19.889999389648438,17.81999969482422,11.616160102547285,0.7220841128483818,3248006.3,64602843.32457428,18.292715933218588,13.803599967956544,12.306699984073639,67.14285737183057,34.66485289913109,54.54545117724686,165.19999186197916,112.04689922153538,8
HK.01442,490,0.2800000011920929,0.2800000011920929,0.0,0.0,24750.0,6930.000029504299,0.0,0.28490000069141386,0.3024999998509884,5.66038351204981,-12.49999767169351,-11.111110059882801,-13.84615031925166,-17.64705933914052,0
HK.01443,490,0.06499999761581421,0.05999999865889549,8.333331781129008,0.2886176417533522,5028700.0,326865.4880106449,11.176964964110066,0.0511999998241663,0.054665000028908256,32.653059828087734,32.653059828087734,32.653059828087734,-9.722221647331718,4.838707545359315,1
HK.01446,490,0.2750000059604645,0.2800000011920929,-1.785712575121809,0.23529411764705882,11500.0,3162.5000685453415,2.325119870685979,0.3172000008821487,0.36417500212788584,-12.698410145429659,-23.611112490848203,-27.631576470721097,-42.708330811001304,-36.78160817167343,0
HK.01447,490,0.5350000262260437,0.5299999713897705,0.9434066238083006,0.0,93700.0,50129.502457380295,0.3738651909527369,0.5766000068187713,0.5367926059663296,-4.464281437804522,-2.7272700672307866,-7.403845647956161,22.104817956805736,6.841728429889889,1
HK.01448,490,2.640000104904175,2.640000104904175,0.0,,0.0,0.0,0.0,2.640000104904175,2.6854000651836394,0.0,0.0,-7.368414272121439,-7.692300638503319,-7.912598759556189,0
HK.01449,490,1.350000023841858,1.399999976158142,-3.571425226269879,0.3353798373865819,3728922.5,5034045.46390444,12.881939327055896,0.8880999964475632,0.4226899967342615,39.89637932965218,357.62714706800193,419.2307974459867,409.433998761123,419.2307974459867,0
HK.01450,490,0.7149999737739563,0.699999988079071,2.1428551357619274,0.9013355672316803,313974.4,224491.68776569367,4.546239249333005,0.7963999962806702,0.8352898731827736,-13.85542311435137,-10.19873242091555,-8.034841810110802,-33.04291285353848,-22.111146895083845,1
HK.01451,490,1.5,1.4500000476837158,3.4482724601392922,4.225195094760312,210800.0,316200.0,6.821269611439891,1.1481000101566314,1.2005101093649864,19.047619948671883,37.61467468496759,15.38461961689801,21.951217621109855,76.6917230940632,2
HK.01452,490,0.20999999344348907,0.20800000429153442,0.9615332262933276,0.19943019943019943,106350.0,22333.499302715063,4.4105130265213885,0.18648000061511993,0.14736000020056964,29.629625200843734,24.99999778256527,112.12120664787464,82.60868663823913,96.26167469414496,1
HK.01455,490,0.24799999594688416,0.2549999952316284,-2.745097810055187,0.6869688385269122,720250.0,178621.9970807433,5.766371781237491,0.2398941159248352,0.2216205880045891,2.904564058794418,14.565209729460038,12.127655360117584,13.57759081038914,8.436211900398431,0
HK.01456,490,3.7249999046325684,3.6649999618530273,1.6371062320340377,1.2995474608237358,2559001.35,9532279.784704614,2.6276301534327406,3.886400008201599,4.481521716117859,-2.6143827922748395,-7.5907148428748155,-19.729214873566097,-27.83274515707267,-39.76500932028429,1
HK.01458,490,1.1050000190734863,1.1699999570846558,-5.555550461141285,12.239425158004515,1141450.45,1261302.7690214396,4.0282435149022895,1.2611999940872192,1.4550500029325486,-14.007778383152766,-14.341081259707703,-24.829932138288612,-32.62194946878087,-54.149378434872105,0
HK.01459,490,0.20000000298023224,0.20000000298023224,0.0,0.0,90400.0,18080.000269412994,4.2791311927821285,0.21536000072956085,0.22956999935209751,-4.761900369272073,-5.21326669477407,-15.611814319462406,-17.01244574678809,-44.444445824181535,0
HK.01460,490,0.2409999966621399,0.2409999966621399,0.0,0.0,256560.0,61830.95914363861,1.3151571148472576,0.24403999477624894,0.2488049991428852,0.836821805424746,-7.3076901915509955,16.425117886540257,-15.438596601301285,-29.117648786120743,0
HK.01461,490,0.6499999761581421,0.6850000023841858,-5.109492861930496,4.359673024523161,66300.0,43094.99841928482,3.132017064005644,0.6671000075340271,0.6323754134774208,-5.797104579113893,19.881951589202433,-0.09837916681209634,-0.09837916681209634,-15.467850359695277,0
HK.01463,490,0.4099999964237213,0.39500001072883606,3.7974646297370884,0.5113636363636364,469300.0,192412.9983216524,6.644884409016656,0.3423000055551529,0.2923749984800816,20.588232973867658,32.25806234530432,54.71698813440151,60.78431532961369,46.42856952791312,1
HK.01466,490,1.3350000381469727,1.350000023841858,-1.1111100318500724,0.9291756878686838,2571715.0,3433239.623103142,10.03359367475982,1.0328000044822694,0.7056250008940697,48.33334150137746,142.72727440211395,156.7307859835546,134.21053594719572,175.2577317053687,0
HK.01468,490,0.19200000166893005,0.1899999976158142,1.0526337253750466,11.82763953324898,444780.0,85397.76074230671,5.547720452229762,0.18473999977111816,0.38244500026106837,12.941176264343794,-42.68656809363445,-49.47368313731248,-71.76470593391406,-83.4482752419255,1
HK.01470,490,0.12999999523162842,0.12999999523162842,0.0,0.0,563000.0,73189.9973154068,4.690077516347077,0.13200000002980233,0.13937000095844268,0.0,-14.473684597502467,-8.45071058073706,26.213587457446696,1.5624914507502095,0
HK.01471,490,8.050000190734863,8.0600004196167,-0.124072312173794,0.9415584415584416,3225.0,25961.250615119934,2.061250201244715,8.605500059127808,16.952838160991668,-9.397861751682319,-26.818180084228516,-82.04327337289284,-54.45366326701077,-42.72444915017324,0
HK.01472,490,0.09700000286102295,0.09700000286102295,0.0,1.0051256407050881,394550.0,38271.351128816605,1.6864861061817367,0.1062399996817112,0.09146000020205974,-11.009169545962974,-10.185184865801594,21.25000628642752,64.40678351365843,49.230779106095355,0
HK.01473,490,1.2200000286102295,1.1349999904632568,7.488990208033341,0.3000546955170559,2502533.35,3053090.7585980534,7.837167500628602,1.2767351102828979,0.8278035804629326,-4.253948853743891,-22.804752808331934,165.61806454760898,194.07713744018088,162.79233719151128,1
HK.01475,490,6.71999979019165,6.699999809265137,0.29850718650553654,0.0120621150677529,82954.2,557452.2065955162,1.9265494248914907,6.593699970245361,6.823245198726654,1.8181801105005106,3.0674817461689026,-7.550422843070657,-0.46975237254469215,-1.6072395667771435,3
HK.01476,490,1.1950000524520874,1.2000000476837158,-0.4166662527455388,0.0,950.0,1135.250049829483,0.04237334795364618,1.2259000062942504,1.4783052170276643,-5.158725278027287,-2.0491783255629072,-26.195510734000894,-33.85827452243084,-38.55870438892359,0
HK.01477,490,5.09499979019165,5.349999904632568,-4.7663573642330945,1.4278667237220244,322913.65,1645244.97900002,4.6426330913591185,5.3717999935150145,6.5624499917030334,-3.5950816027647714,7.263153477718956,-25.07353459881237,-32.51656077513636,-52.78035395547251,0
HK.01478,490,5.425000190734863,5.264999866485596,3.03894260791441,0.7285860191563364,8407844.5,45612558.01616907,4.578887534004987,6.429900016784668,7.87697144985199,-20.044210571293796,-39.11335259662722,-33.54185261859254,-34.69430560037637,-60.71789161831839,1
HK.01480,490,1.0099999904632568,1.0049999952316284,0.4975119657066306,0.2306805074971165,85400.0,86253.99918556213,5.075041940944854,1.1148999857902526,1.1722426959872245,-12.55411121370335,-48.07499196073443,-6.9092247557361155,-13.891030533769275,-8.556840827378506,1
HK.01481,490,1.4149999618530273,1.4149999618530273,0.0,0.0,12000.0,16979.999542236328,0.17123270893795306,1.4747000169754028,2.027225001454353,-5.666669209798178,8.015268981668704,-45.57692254788775,-23.513516561230887,128.2257985436086,0
HK.01483,490,1.274999976158142,1.1649999618530273,9.442061622916343,2.192717763025548,551600.0,703289.9868488312,5.262522789150818,1.126599998474121,1.1475999975204467,11.35371156307223,11.842104575200306,15.909086229387496,16.972471294896106,28.787875138987197,2
HK.01486,490,0.38999998569488525,0.38999998569488525,0.0,,0.0,0.0,0.0,0.4006999981403351,0.5892750006914139,-8.235300057486924,-40.0,-51.85185375963655,-39.062500873114935,25.80644603078253,0
HK.01488,490,0.9800000190734863,0.9800000190734863,0.0,0.0,197100.0,193158.00375938416,1.3921298894772978,0.8610000133514404,0.7692500039935112,15.294116657085514,30.666669209798176,40.00000510896964,63.33333002196431,40.00000510896964,0
HK.01489,490,4.005000114440918,4.09499979019165,-2.197794392231711,1.3209724295594354,8453290.0,33855427.41740227,15.921029207904613,1.4285999989509583,0.6824499975144863,214.11766190842388,670.1923579506639,1012.4999875823662,926.9231439342185,853.5714855911799,0
HK.01490,490,0.26499998569488525,0.25999999046325684,1.9230751596258298,1.7119565217391304,153200.0,40597.99780845642,1.2899424069623944,0.25583999514579775,0.23588999822735787,5.999994277954102,-5.357148369051949,26.794247695649563,40.211635914953,29.901956201103737,1
HK.01496,490,0.2070000022649765,0.2070000022649765,0.0,0.0,110800.0,22935.600250959396,2.0955330696389995,0.17051319360733033,0.16458826169371604,19.993419662614752,31.03576333952784,16.080591305513337,39.60020066441951,35.43963048273677,0
HK.01497,490,6.385000228881836,6.389999866485596,-0.07824159167799,0.0,66220.0,422814.7151565552,5.0594577440775925,5.886018152236939,5.828533580303192,10.657760153023096,-3.7758569333823426,18.969913671994806,18.363960500783534,-0.2626999121453553,0
HK.01498,490,0.24400000274181366,0.25,-2.399998903274536,3.393543428132206,76087.5,18565.350208617747,3.05429129911107,0.27777999848127366,0.31249500133097174,-12.857142248932199,-21.290322301539128,-26.060608167840893,-30.285712315111713,-44.54545362182885,0
HK.01499,490,0.11999999731779099,0.11999999731779099,0.0,0.09590973201692525,1555500.0,186659.99582782388,4.976103245572304,0.11530000030994415,0.15059500016272068,-4.000002145767212,5.263155486885312,-33.70165684452342,-34.42623037586266,-74.19354916239132,0
HK.01500,490,0.3499999940395355,0.35499998927116394,-1.408449403588351,1.105970478078872,1174000.0,410899.9930024147,6.460196274320452,0.29679658353328703,0.20791719499975442,15.539447046191377,56.31808355713671,96.36016317017292,224.0740601489495,532.7160284311523,0
HK.01501,490,33.84000015258789,34.560001373291016,-2.0833367826760654,1.136482939632546,234000.0,7918560.035705566,3.7537314113694897,33.5372002029419,32.60256155967713,-0.3533537547697758,6.015037818624172,11.100704975342865,16.409281507767354,3.6714810877721464,0
HK.01502,490,1.934999942779541,1.934999942779541,0.0,0.02808002808002808,135850.0,262869.74222660065,1.1438852013337206,1.9796000051498412,2.002510069012642,-2.518895272808205,-4.679804430991738,-5.972010029833925,3.29183809635019,-10.392123848224868,0
HK.01508,490,1.2300000190734863,1.2100000381469727,1.652890933552547,1.1020008304857938,15459425.5,19015093.65986514,3.288583044536083,1.2579000067710877,1.3566233533620835,-3.5294084647946913,6.625030704593035,-26.95301100775086,-25.721883634175175,-15.786595574081764,1
HK.01511,85,59.099998474121094,57.650001525878906,2.5151724368841317,1.1602961239537253,321795.0,19018084.008979797,4.696226103654466,59.26000015258789,,-2.7160518944508745,-37.723922524906676,,2.7826060419497285,,3
HK.01513,490,20.399999618530273,20.639999389648438,-1.1627896231359918,1.4131927989300437,2017381.25,41154576.730430126,3.016466507462496,23.800399780273438,25.920831079483033,-18.138043514949608,-15.910966916464343,-23.769817452679337,-24.08921573199055,-41.96249646879588,0
HK.01515,490,2.369999885559082,2.390000104904175,-0.836829224570041,0.84141712357655,1447300.0,3430100.8343696594,2.0903653672287104,2.4822402477264403,2.692504040002823,-7.080945157987631,2.099539578888315,-13.338193938494658,-21.68141080453806,-30.049414717566552,0
HK.01516,490,0.7699999809265137,0.7749999761581421,-0.6451606948963502,10.787620375259309,3909723.35,3010486.904927945,3.736104568755215,0.8261999988555908,1.0688584405183792,-11.494255551007942,-8.333332742017395,-37.175794188980674,-44.35570156894325,-52.49876783549843,0
HK.01518,490,0.2280000001192093,0.24899999797344208,-8.433734146645499,0.694006309148265,5700.0,1299.600000679493,0.22831062811389194,0.27524000018835065,0.5068099979311228,-4.999997826913944,-52.49999891345697,-58.54545542228319,-65.45454680919643,-72.1951216941501,0
HK.01519,490,8.975000381469727,9.045000076293945,-0.7739048560948171,2.2010051926609604,33056918.55,296685856.5964637,2.8523182705485874,9.790000038146973,9.924350018501281,-13.86755934975154,4.60373497990726,-8.790647944153452,-13.784817358082083,-8.511722756680557,0
HK.01520,490,0.7099999785423279,0.7099999785423279,0.0,0.0,1100250.0,781177.4763911963,7.701684531662781,0.5613999986648559,0.7262250019609928,40.59405648443067,29.090902391544205,5.970143411440622,-34.86238928437572,-55.34591423664034,0
HK.01521,490,1.0299999713897705,1.059999942779541,-2.830186132944906,0.47786366830639493,134100.0,138122.99616336823,4.069444525593951,1.1944000005722046,1.0597499990463257,-20.155038616418132,-0.9615375798129149,-8.035717231734662,1.9801961500356329,-27.97202733077303,0
HK.01522,490,0.210999995470047,0.2160000056028366,-2.31481944587688,0.4793855762332785,590025.0,124495.27232721448,2.68380424273534,0.2293599995970726,0.27434407331049443,-5.803576358403782,-18.614285729065234,-29.883074827792267,-32.97647014720216,-36.700003245472814,0
HK.01523,490,7.534999847412109,7.440000057220459,1.2768788906050326,0.5836325965831942,555416.75,4185065.1265001297,3.1168624173489645,7.603357486724853,7.455055844783783,2.866894793380758,-16.985007326440687,-8.4858459200207,28.281981298089892,21.002179136373446,1
HK.01525,490,2.2699999809265137,2.2699999809265137,0.0,0.026527397828069302,296325.0,672657.7443480492,2.1965675159315396,2.408699994087219,2.313206750154495,-6.776179290775699,15.22842375428412,-3.3379188515561156,-13.436940943444034,-21.120921376421105,0
HK.01526,490,0.8799999952316284,0.8600000143051147,2.3255791388182447,2.7480916030534353,83200.0,73215.99960327148,6.104915942878103,0.9721000063419342,0.9023294496536255,3.5294082997992935,9.756096654382873,-2.1739144839152935,-15.88785951880446,-9.090909090909092,2
HK.01527,490,2.2300000190734863,2.1600000858306885,3.2407375213541907,0.11781011781011781,26500.0,59095.00050544739,2.6996084061886036,1.983999993801117,1.972700001001358,-7.083336230781229,14.358972540660453,13.775508962835408,14.358972540660453,0.4504500150622546,1
HK.01528,490,1.0700000524520874,1.0399999618530273,2.884624201870852,0.8953220078482461,2348720.35,2513130.8976952853,2.726455763406374,1.056299982070923,1.223674989938736,2.884624201870852,-10.833332505491079,-22.463764047151937,-14.399995803833008,-31.4102505320861,1
HK.01529,490,0.9350000023841858,0.8949999809265137,4.4692762357674765,0.9660966096609661,331900.0,310326.50079131126,8.70946238637215,0.5523000013828278,0.5053250007331371,44.9612449664107,156.1643775217663,94.79167151730519,58.47458371962701,94.79167151730519,2
HK.01530,490,15.75,15.979999542236328,-1.4392963005313124,0.7047073189352978,19820837.45,312178189.8375,3.6494993817773604,16.898548851013185,20.92305651664734,-11.66573153452777,-0.48208881249406826,-27.020199342031304,-34.9773179510641,-55.4802915627878,0
HK.01532,490,0.14000000059604645,0.15299999713897705,-8.49672992550588,0.10968921389396709,165000.0,23100.000098347664,5.392021769703071,0.14038000002503395,0.11718000069260598,-10.828028077203577,2.1897855472652887,55.55555003660718,34.615382411070875,7.6923121009354265,0
HK.01536,490,0.6200000047683716,0.6449999809265137,-3.875965410453306,0.5887451425457021,36619707.65,22704218.91761637,25.16772555189749,0.2436678585410118,0.2246219639480114,148.00000190734863,121.42857218883476,179.27927782798528,324.6575437537904,271.25749742575744,0
HK.01538,490,0.8450000286102295,0.8450000286102295,0.0,0.8315877670716381,952100.0,804524.5272397995,7.913107205835443,0.7303000044822693,0.6294403548538685,40.83333250549108,1.8072344097764832,67.54660234931056,123.39546979908076,98.00960287523378,0
HK.01539,490,0.3149999976158142,0.29499998688697815,6.779664955205086,1.6051999434788753,600200.0,189062.9985690117,4.3880726057546715,0.33450000047683714,0.337844999730587,-8.695652549493667,-9.999999148505061,-13.698633045075482,8.620691958562439,-9.999999148505061,1
HK.01540,490,0.42500001192092896,0.42500001192092896,0.0,0.46778113800711013,1822175.75,774424.7154720277,4.657309529633588,0.3554172521829605,0.27244204968214036,14.1732320028233,74.69879732085701,69.4293431447492,81.25,75.14044693707591,0
HK.01541,490,3.1500000953674316,3.200000047683716,-1.562498486600839,0.36744349927014647,600520.0,1891638.05727005,6.336157628189806,3.3887000131607055,4.440875017642975,-7.079646079938019,-11.516849831519767,-41.34077909687928,-48.190787255020986,-77.48391603357643,0
HK.01542,490,0.6499999761581421,0.6050000190734863,7.438009200986462,0.1984732824427481,98550.0,64057.4976503849,7.721339364031064,0.7322000038623809,1.0088500037789345,16.071423819782805,-40.90909435729343,-40.90909435729343,-42.98245751626605,-54.54545454545454,1
HK.01543,490,0.18799999356269836,0.18799999356269836,0.0,0.0,37500.0,7049.999758601189,1.2878600956903834,0.18513999819755556,0.2243999996036291,-0.5291016137011844,0.5347524550658288,-17.903933711306596,-39.35484125264351,-43.0303072447727,0
HK.01545,490,0.1550000011920929,0.15199999511241913,1.9736882737759063,0.42857142857142855,346000.0,53630.00041246414,2.4292429653895153,0.1489599996805191,0.1224499999731779,2.6490121121775254,11.510793372134957,40.90909275634231,64.89362393557752,118.30985368634252,1
HK.01546,490,0.125,0.1120000034570694,11.607139412199768,1.605351170568562,206720.0,25840.0,3.3911100460183405,0.1274200001358986,0.17977999940514564,-7.407411086706321,-27.32558386342913,-35.897433546167775,43.67816505383002,83.82351942179992,1
HK.01547,490,0.23199999332427979,0.23199999332427979,0.0,0.0,20000.0,4639.999866485596,0.3717434063866434,0.20606759190559387,0.20639096342027188,8.851740340746698,4.998582754874996,16.32196140302196,21.06979490092176,8.68485874272206,0
HK.01548,490,39.34000015258789,37.220001220703125,5.695859383007072,1.197200250379813,38665112.3,1521085523.781828,7.610952104963399,25.847600059509276,16.146750020980836,14.227647274291256,249.06831015687646,247.21977420560947,207.58405214950662,125.44411709218211,3
HK.01549,490,0.07400000095367432,0.07500000298023224,-1.3333359824285513,0.42267050912584053,418400.0,30961.600399017334,6.01496077778658,0.07118000090122223,0.09236500028520822,8.823524900167703,-23.711341473156402,-26.00000014901161,-29.523806415177162,-45.185186656904754,0
HK.01551,490,1.4199999570846558,1.5,-5.333336194356283,0.0,2400.0,3407.999897003174,0.9445817331523684,1.4856999945640563,1.4838702458143234,-2.7397315080268676,-10.691828473280662,-1.4035551532472417,-3.349541512037429,-11.500782403550245,0
HK.01552,490,0.2750000059604645,0.2750000059604645,0.0,0.06756756756756757,74250.0,20418.750442564487,0.4449756515541624,0.2667999947071075,0.2500349979102612,3.7735927567532066,13.636366715115965,11.788617221344206,22.767856014341305,70.8074587624243,0
HK.01553,490,1.4550000429153442,1.4500000476837158,0.3448272460139292,0.0,13400.0,19497.000575065613,0.08223676471003438,1.4693000030517578,1.4754750043153764,-2.999997138977051,7.7777790532680955,-4.901956201103737,-3.6423806553163636,3.1914948481717476,1
HK.01555,490,0.03099999949336052,0.02800000086426735,10.714280487475508,0.5154398414958453,13525000.0,419274.993147701,12.133038208350637,0.025720000341534613,0.030175000159069897,40.90908936971475,14.814809960184236,-31.11111497437497,19.23076482214175,-8.82353585690328,1
HK.01556,490,0.24300000071525574,0.24300000071525574,0.0,0.0,228750.0,55586.25016361475,0.9918626725983666,0.2603400015830994,0.29768298625946044,-8.301881572537058,-8.301881572537058,-33.83807360918982,-25.331534416913993,-24.2493874669509,0
HK.01557,490,0.574999988079071,0.5899999737739563,-2.5423705697709273,1.971830985915493,14200.0,8164.999830722809,1.6492476375209595,0.5647000026702881,0.42271000035107137,4.545450112051311,14.999997615814209,74.24241370625008,71.64178321079538,180.48780150955307,0
HK.01559,490,0.04800000041723251,0.04699999839067459,2.1276639591467217,2.282453637660485,56000.0,2688.0000233650208,0.38461543972322815,0.04978000022470951,0.0634709102474153,0.0,-12.727271495771793,-38.46153919630971,-44.186047921959506,-26.153842803289074,1
HK.01560,490,0.25999999046325684,0.2849999964237213,-8.77193202602569,4.874239117951074,1745500.0,453829.9833536148,12.722537127298732,0.22344000056385993,0.1546500001847744,-33.33333333333333,100.0,84.39715292712698,120.3389736332794,91.17645318636114,0
HK.01561,490,0.05999999865889549,0.05999999865889549,0.0,0.0,88400.0,5303.9998814463615,1.2500003880510817,0.04924000024795532,0.05502500014379621,19.99999552965171,13.207545976233071,7.142851440882373,-11.764712649748445,-27.710842237899563,0
HK.01563,490,0.1340000033378601,0.1340000033378601,0.0,0.7765042979942693,362050.0,48514.70120847225,6.230557219446742,0.12706000059843064,0.15316500067710875,9.836067075499969,-3.597118908694688,-20.710057084673338,-23.863634054572117,-34.95145476564452,0
HK.01565,490,0.1599999964237213,0.1599999964237213,0.0,0.0,136250.0,21799.99951273203,1.6743747125911181,0.1835000002384186,0.18514764830470085,-10.11236312488395,13.475172657954948,-15.431806720409,-17.546012364161058,-17.546012364161058,0
HK.01566,490,3.8499999046325684,4.050000190734863,-4.938278436624106,0.3704730989610362,5243425.0,20187185.749948025,14.303676767534629,1.83792001247406,0.5137950021028519,12.573094115383435,7449.019562011037,7449.019562011037,7449.019562011037,7449.019562011037,0
HK.01568,490,0.6349999904632568,0.6349999904632568,0.0,0.0,171400.0,108838.99836540222,1.6114449183193336,0.6434999966621399,0.680782131254673,-1.5503861641813224,2.419352512826054,-20.483004492153754,-7.588357876898885,-2.307690191550995,0
HK.01569,490,0.11400000005960464,0.10999999940395355,3.636364252114102,0.2603550295857988,171200.0,19516.800010204315,2.9424312234521848,0.11342000007629395,0.14774499993771315,5.555552872733394,-7.317075682329301,-37.0165725615772,-34.857141713706795,-31.325298555098975,1
HK.01570,490,11.5,12.050000190734863,-4.564316863312197,1.4081441682872695,266764.25,3067788.875,5.604622834097093,12.006799945831299,9.465099989175796,-4.006674128359155,-9.44881753769548,40.93137518436535,124.17153496015668,721.4285854174169,0
HK.01571,490,3.700000047683716,3.684999942779541,0.40705848404601186,0.6811527617480375,826259.0,3057158.3393990993,1.7976592383411962,3.8045999956130983,3.794060716629028,-2.503294511208626,-4.145067959183724,-1.541608657629861,4.660500171568787,-0.6061332313365481,2
HK.01572,490,0.07500000298023224,0.07900000363588333,-5.063291736146471,2.7837946249498597,556000.0,41700.001657009125,4.445101777285022,0.0762600003182888,0.0894800003245473,-1.3157823791214334,-10.714280962639862,-24.99999813735488,-24.99999813735488,-24.99999813735488,0
HK.01575,490,0.03500000014901161,0.03700000047683716,-5.405406221758272,0.028591851322373123,140100.0,4903.500020876527,1.515987299302039,0.036260000094771386,0.04655000003054738,0.0,-12.49999767169351,-41.66666511446234,-16.666665188376843,-41.66666511446234,0
HK.01576,490,1.6799999475479126,1.6799999475479126,0.0,0.0,13750.0,23099.9992787838,0.5455159592471904,1.6771999931335448,1.65349878013134,1.2048181523292238,7.724050348056148,1.7393830445058063,0.6213624979419291,-1.0103325216049028,0
HK.01577,490,1.0499999523162842,1.0399999618530273,0.9615375798129149,0.0,200.0,209.99999046325684,0.0,1.0313999736309052,0.9838623410463333,1.9417457749564655,1.9417457749564655,11.052185287149289,12.162705513744806,31.95611968584152,1
HK.01578,490,2.059999942779541,2.065000057220459,-0.24213628582888497,0.9064232148679492,77575.0,159804.4955611229,1.6874359089424689,2.125199990272522,2.2063545560836793,-4.186053423058557,-5.504592674447205,-6.54827649610089,-14.214234021726362,-14.548035827402236,0
HK.01579,490,13.609999656677246,13.680000305175781,-0.5117006355040113,0.5610335713036873,3574777.25,48652717.14519763,3.3145705191979546,14.718168983459472,13.984286770820617,-7.918420698264324,8.247485472308869,-7.069581453246153,12.910818365977061,5.639430041868279,0
HK.01580,490,0.30000001192092896,0.27000001072883606,11.11111111111111,6.922155688622754,550000.0,165000.00655651093,8.444479880293258,0.2374799993634224,0.2874449995905161,5.263163398397555,25.00000776102163,-3.225803350434739,67.59776722339012,105.47946323975337,1
HK.01581,490,0.3449999988079071,0.3400000035762787,1.4705868173635692,0.2812939521800281,136200.0,46988.99983763695,3.6648376338418234,0.3118000024557114,0.27116499960422513,9.523809974335942,7.812502037268178,37.99999952316284,73.36683274098098,91.66665838824412,1
HK.01582,490,0.5899999737739563,0.5899999737739563,0.0,0.8057395143487859,934125.0,551133.7255015969,5.086613875254495,0.4158999985456467,0.3829499995708466,47.49999124556793,43.90243388300204,63.88887509151796,66.197180733797,49.36707791103984,0
HK.01583,490,0.9100000262260437,0.9599999785423279,-5.2083284826948155,1.039755351681957,16500.0,15015.000432729721,3.5959016632940553,0.9732999992370606,1.074386721253395,-4.2105223531537606,-2.150535566956493,-13.5696845323181,-28.62951620661784,-26.96973068579997,0
HK.01585,490,8.645000457763672,8.795000076293945,-1.7055101447307839,0.8008565469893257,17159686.5,148345497.6475811,4.369095556290356,9.760800018310547,10.71773157119751,-13.636361038032074,-14.95910645773768,-17.048370225319715,-21.0018685164349,-33.98708279232483,0
HK.01586,490,1.4199999570846558,1.4199999570846558,0.0,0.0,31809.1,45168.92063490152,3.039460117424062,1.611100013256073,1.7749750053882598,-17.441864333454436,-21.111111405455045,-18.857145309448242,-35.15982100535125,-49.28571495474603,0
HK.01587,490,0.4749999940395355,0.4449999928474426,6.741573409952315,0.17435320584926883,690400.0,327939.9958848953,4.319994655350275,0.49759999990463255,0.5710750132799148,-5.940594351556933,-20.83333747254461,-18.7681255222133,-21.388504175618646,-18.7681255222133,1
HK.01588,490,4.184999942779541,4.25,-1.5294131110696232,1.104492680464412,103230.0,432017.544093132,4.659070450477703,4.242330594062805,5.744643326997757,0.7588212090166288,-0.5122328639527968,-34.40130692408314,-44.67100275403665,-38.72165182531548,0
HK.01591,490,0.11699999868869781,0.11699999868869781,0.0,0.0,92200.0,10787.399879097939,1.34511632734902,0.1247599995136261,0.13753999955952168,-8.593755366018485,-23.026314177073054,-15.827338206620576,-12.03007704124339,-33.14285675360231,0
HK.01592,490,0.16599999368190765,0.16099999845027924,3.1055871302834452,0.38048264928659503,708625.0,117631.74552284181,4.721237182571401,0.2019200000166893,0.19264220006763935,-17.000004395842485,3.1055871302834452,5.732476519757041,16.083906246483117,-44.6666709714464,1
HK.01593,490,1.0700000524520874,1.1200000047683716,-4.464281437804522,0.9678371200944231,355300.0,380171.01863622665,4.182719602643156,1.0590999746322631,1.1930249935388566,2.884624201870852,-13.008127165877688,-14.399995803833008,-14.399995803833008,-23.021578168061943,0
HK.01596,490,0.28999999165534973,0.2849999964237213,1.754384313814067,0.015810276679841896,430450.0,124830.49640804529,6.500618715183243,0.29255999833345414,0.5384364657849073,17.40890639410049,-34.09091063028525,-47.03417484323,-57.0132389426693,-57.0132389426693,1
HK.01597,490,5.099999904632568,5.5,-7.272729006680575,0.9210526315789473,15800.0,80579.99849319458,1.5403051401488588,6.13600001335144,4.596250013113022,-7.272729006680575,-30.987821423900304,44.88636171214343,103.99999618530273,99.21875072759578,0
HK.01598,490,0.11100000143051147,0.11100000143051147,0.0,,0.0,0.0,0.0,0.11100000143051147,0.11100000143051147,0.0,0.0,0.0,0.0,0.0,0
HK.01599,490,1.0,0.9950000047683716,0.5025120811725401,3.1799163179916317,135650.0,135650.0,2.314401624869214,1.0295999717712403,1.1590677708387376,-3.381639396149068,-7.407411086706321,-20.523777423965157,-21.108160039514537,-27.504800687219888,1
HK.01600,490,2.7200000286102295,2.6600000858306885,2.255636873816254,0.05819255656403353,555375.0,1510620.0158894062,2.7357381985211955,2.691400032043457,2.7940185856819153,2.641506819760779,-1.0909080505371094,0.1304235597258718,-13.011698827067347,-39.39730514852472,1
HK.01601,490,0.7149999737739563,0.7149999737739563,0.0,0.8848405985686402,158100.0,113041.49585366249,1.4703726814365303,0.756999990940094,0.767674854695797,-8.333333333333332,-5.986116392575639,-7.105322012236128,-9.26567022384224,-13.298306811314658,0
HK.01606,490,1.5099999904632568,1.5099999904632568,0.0,0.3704842428900845,2629500.0,3970544.974923134,2.168015492006028,1.45849999666214,1.4519501185417176,2.3728790546210488,4.118110798659553,8.976964688044054,-7.646640364216487,-6.0543441306428365,0
HK.01608,490,0.041999999433755875,0.041999999433755875,0.0,0.0012744535780284203,2322150.0,97530.2986850962,8.755311079556783,0.05892000034451485,0.10702499993145466,-32.258064322305394,-55.78947372548798,-65.28925647823368,-71.03448231566108,-83.5294116787707,0
HK.01609,96,102.30000305175781,100.0,2.3000030517578125,1.0473397570171763,470819.0,48164785.13682556,14.978056480955997,135.40199966430663,,-28.859526508537652,-45.29411601510277,,-52.418603231740555,,1
HK.01610,490,1.1349999904632568,1.1399999856948853,-0.4385960784535167,0.42675484940906844,23813737.75,27028592.1191445,4.4580668205080745,1.1278000044822694,1.3472499972581864,0.44247745599357413,8.095242095912846,-31.21212079614756,-27.70700939209718,-38.31521902860109,0
HK.01611,490,1.965000033378601,1.8600000143051147,5.645162272362333,0.15780851044685418,285129.0,560278.4945172071,4.519201820276562,1.9671999979019166,2.3514499932527544,-7.31131417677434,0.255101792567082,-20.76612829572825,-27.490774696733332,-70.67164045794019,1
HK.01612,490,0.6650000214576721,0.6650000214576721,0.0,1.027820710973725,266200.0,177023.00571203232,2.8219191051122285,0.6827529239654541,0.7960630896687507,-3.4997783587301794,-12.16005651057735,-28.6607940134873,-14.908659230766006,-36.37314005683552,0
HK.01613,490,0.8799999952316284,0.9449999928474426,-6.878306678072914,0.13924260217392892,3026053.55,2662927.1095706522,10.80522908881921,0.8283000034093857,0.364549341276288,-21.428572188834753,107.0588165995986,394.382011184577,402.85714869596535,262.1399146672436,0
HK.01615,490,0.39500001072883606,0.4000000059604645,-1.2499987892806712,1.5460992907801419,362500.0,143187.50388920307,3.211217109551289,0.3942999988794327,0.34416999846696855,2.597407925529181,3.947372548798166,41.07143180254769,14.492757128607561,59.27420047758223,0
HK.01616,490,0.05999999865889549,0.05999999865889549,0.0,,0.0,0.0,0.0,0.05999999865889549,0.05999999865889549,0.0,0.0,0.0,0.0,0.0,0
HK.01617,490,0.25999999046325684,0.2549999952316284,1.960782480441495,0.3902754568486874,3460600.0,899755.9669971466,5.5951668630315625,0.2797799989581108,0.3786899974942207,-3.7037110623015317,-62.31884183164556,-55.17241414747115,162.62625441625642,83.09857883852588,1
HK.01618,490,1.3450000286102295,1.340000033378601,0.3731339632150389,2.036443158482881,9912357.15,13332120.650344813,2.3989852599127843,1.4381999945640564,1.650100004673004,-5.281685263456316,-7.876712776165458,-28.45744510523168,-29.210523921697064,-41.008769934747555,1
HK.01620,490,0.18799999356269836,0.17800000309944153,5.617972072545548,0.2898550724637681,624000.0,117311.99598312378,5.040717443265365,0.13718000024557114,0.11237000036984682,40.29849916397816,74.0740635982923,97.89473254924991,87.9999907612802,35.251795321935845,1
HK.01621,490,0.22300000488758087,0.22100000083446503,0.9049792061376062,3.973063973063973,425200.0,94819.60207819939,3.5679905983691036,0.18906000018119812,0.16722000006586313,19.892472902919977,28.160926036970977,17.368425097822204,78.4000039100647,112.38096366663943,3
HK.01622,490,0.12700000405311584,0.1379999965429306,-7.971009250273971,1.4985590778097984,372100.0,47256.701508164406,7.1104802905670725,0.1459799998998642,0.16223999995738267,-12.413787787932835,-42.27272511760064,-20.125780799787524,-34.871790404385436,33.684216470269355,0
HK.01623,490,0.24799999594688416,0.24199999868869781,2.479337723428905,0.5790367259404879,566900.0,140591.19770228863,5.626455172395058,0.22692200005054475,0.22252021424472332,11.508864597348294,22.38777301657769,-1.6098319474681686,39.38607140775343,66.15559065758806,1
HK.01626,490,24.399999618530273,25.5,-4.313726986155791,1.249529544599172,671150.0,16376059.743976593,10.430412097673411,22.469200019836425,10.94200000166893,29.649309320874423,60.42077289503356,643.9024338830021,747.2221753111611,756.140366140679,0
HK.01627,490,0.3700000047683716,0.36000001430511475,2.7777750183035925,3.0007283321194467,315800.0,116846.00150585175,2.9633242122895176,0.4636859965324402,0.5255030007660388,-20.481407750794425,-27.10795943925135,-30.94437878564042,-42.115146059813334,-40.36105772302383,1
HK.01628,490,0.10499999672174454,0.10100000351667404,3.9603891740559583,0.008524652466454489,912410.05,95803.05225888678,4.0583016854577005,0.1140800003707409,0.1281699998676777,-6.250005820765912,-22.222227741170595,1.9417442720587457,-7.079647301376584,-65.00000248352677,1
HK.01629,490,0.19099999964237213,0.19099999964237213,0.0,0.0,8800.0,1680.7999968528748,0.8352403076701894,0.17275999933481218,0.167775000333786,13.690477510377816,12.352939784320595,24.025974465795787,31.72414147471144,6.111106695952414,0
HK.01630,490,0.2240000069141388,0.23499999940395355,-4.680847879878632,2.6529051987767582,1749900.0,391977.6120990515,6.00802494371084,0.29984000146389006,0.2037250004708767,-27.74193380923476,-25.333333995607138,206.84932904969168,433.3333569859705,420.930230946332,0
HK.01631,490,1.2999999523162842,1.315000057220459,-1.14069233851448,3.076923076923077,36000.0,46799.99828338623,1.6568938715377048,1.3388999938964843,0.8695499962568283,-5.797104579113893,-4.411769217479552,165.30610755402492,136.3636225708263,162.62625046329063,0
HK.01632,490,0.050999999046325684,0.050999999046325684,0.0,,0.0,0.0,0.0,0.050999999046325684,0.07185499962419271,0.0,-12.068964631322139,-43.956043866071965,-53.6363642521141,-63.04347802613167,0
HK.01633,490,0.4749999940395355,0.47999998927116394,-1.041665696538963,0.35340729001584786,1735800.0,824504.9896538258,9.141790353942543,0.435900000333786,0.31029000017791986,25.0,-10.377354777211321,163.88887509151797,302.5423653901086,559.7222423433898,0
HK.01635,490,2.234999895095825,2.2300000190734863,0.2242096851827024,0.7984652199261567,4804871.0,10738886.180948973,2.5263744108588497,2.3374999952316284,2.950568565130234,-2.401749680061002,-13.188745902305044,-42.989621416701915,-33.76251270710721,-7.588014862386099,1
HK.01636,490,0.3100000023841858,0.3100000023841858,0.0,,0.0,0.0,0.0,0.3100000023841858,0.4225250005722046,0.0,0.0,-44.64285695279131,-34.73684078438459,-70.75471517750265,0
HK.01637,490,0.6650000214576721,0.6700000166893005,-0.7462679264300778,1.4285714285714286,285500.0,189857.5061261654,3.7723111798917395,0.5394999986886978,0.40125882178544997,16.666671895144344,56.47058889527633,76.27698660706527,193.79500088808555,265.4523164174641,0
HK.01638,490,0.03200000151991844,0.03200000151991844,0.0,0.6727163928584212,23154786.35,740953.1983933868,9.048690270738218,0.038740000203251836,0.07129000021144748,-25.581394341457496,-39.622637928699206,-60.97560898045713,-67.34693637059553,-80.24691270016766,0
HK.01640,490,0.4399999976158142,0.4350000023841858,1.1494241848790827,0.0,149400.0,65735.99964380264,5.591263431984141,0.45209999799728395,1.8092250046133995,2.3255791388182447,-37.14285641300434,-85.52631568628004,-88.77551048336203,-89.86175156345449,1
HK.01641,169,3.5299999713897705,3.5899999141693115,-1.6713076382739795,2.371794871794872,8575.0,30269.749754667282,1.9767701436811176,4.176499962806702,,-14.837153494974803,-30.388066530795626,-48.470302412530266,-68.8727135806435,,0
HK.01643,490,0.800000011920929,0.800000011920929,0.0,0.6670862177470107,215400.0,172320.0025677681,6.582654469216745,0.8365999984741211,1.3474999970197679,-5.8823541786431095,-38.93129413246391,-40.74074090426514,56.862750368730694,15.942031113797448,0
HK.01645,490,2.5950000286102295,2.5799999237060547,0.5813994320832314,0.8217128086524726,2893600.0,7508892.08278656,4.995592863220746,2.6574000120162964,2.9909000009298325,-1.3308016847036812,2.1653569914653654,-33.46153935502029,-22.53731037359979,127.63158431343761,1
HK.01647,490,0.06499999761581421,0.05900000035762787,10.169486816639697,0.13719057560393677,673250.0,43761.248394846916,5.77466377478222,0.058979999870061875,0.06709500011056661,-1.5151545939038447,24.999992835980343,-4.411773406819428,-14.473684597502467,-36.893206271276654,4
HK.01650,490,0.16300000250339508,0.1509999930858612,7.947026468213453,5.6849418516840355,1677400.0,273416.2041991949,2.969174992560038,0.1396101176738739,0.12469682902097702,18.89686915365716,25.15460197300149,52.45874552614998,39.04237243162357,82.95048698176339,2
HK.01651,490,49.15999984741211,45.79999923706055,7.336245996337724,3.8341940005703083,2509596.45,123371761.09906597,5.517961663112372,53.52119499206543,46.43691530227661,-6.00382301234029,-21.132616980558304,30.51995804968509,45.04740237719284,75.37197314237967,1
HK.01652,490,0.8299999833106995,0.8399999737739563,-1.1904750923180183,0.4,101750.0,84452.49830186367,4.904022765469877,0.9585999941825867,0.984700001180172,-13.541666472641126,-15.306125800344395,-30.833337472544613,3.749996367842013,130.55554175818463,0
HK.01653,490,1.375,1.3799999952316284,-0.36231849629747176,0.3739715781600598,272400.0,374550.0,7.1387505078626345,1.6910999965667726,2.5982249975204468,-15.644171532368137,-49.07407497345827,-59.077379674716155,-36.92660743605652,67.68292829190459,0
HK.01655,490,0.16500000655651093,0.16699999570846558,-1.1975983253592786,2.849872773536896,629500.0,103867.50412732363,3.588072865820417,0.16769999980926514,0.20176500000059605,1.8518555992860688,-8.333333333333332,-33.734936586581995,-13.157890196322017,10.0,0
HK.01656,490,3.9800000190734863,3.9800000190734863,0.0,,0.0,0.0,0.0,3.940200057029724,3.15436048746109,0.25188892673024776,-15.212151834749804,77.1123919461236,77.1123919461236,87.9730692491349,0
HK.01657,490,51.20000076293945,49.79999923706055,2.8112480870020624,1.029810298102981,9700.0,496640.0074005127,5.826490983850538,49.19519989013672,30.634599928855895,2.4409788552961973,2.4000015258789062,248.29932943719527,253.1034535375135,265.71429116385326,2
HK.01658,490,5.400000095367432,5.420000076293945,-0.3690033329333297,0.7644167963000861,53739518.2,290193403.40499985,2.504524670587691,5.049800014495849,4.961863882541657,9.422495602421192,9.750992104641892,12.199800995971273,5.360954054201907,-1.6259836319269243,0
HK.01660,490,0.20999999344348907,0.20900000631809235,0.47846272496029263,0.20047333983015453,5487600.0,1152395.9640204906,5.722763675427768,0.204159999191761,0.32962499998509887,-7.079647301376584,-19.230768789906456,-38.2352966957026,-56.701033556799544,69.3548361899701,1
HK.01661,490,1.850000023841858,1.850000023841858,0.0,0.3260225251926497,321730.0,595200.507670641,6.614463364607359,1.9115999937057495,1.655300000011921,-30.188680857939783,20.12987465375119,55.46217940215843,115.11627826386366,59.482765265083955,0
HK.01662,490,0.5849999785423279,0.6000000238418579,-2.5000074505803007,0.9798865394533265,193750.0,113343.74584257603,10.517846458154414,0.5626000010967255,1.0849645778536796,20.618548719114656,-31.176475043115193,-43.203884000793494,-73.16513942072818,-75.67096593989618,0
HK.01663,490,0.05299999937415123,0.05700000002980232,-7.017545006245089,2.0793014794220284,2232112.4,118301.95580303519,8.19105486278951,0.05243999987840652,0.0703400001861155,1.9230736166063123,-11.666665735344072,-39.772727657571316,-14.516128644610784,-24.285715502135602,0
HK.01666,490,3.0850000381469727,3.1600000858306885,-2.3734191660314496,0.46198617543626963,2209853.55,6817398.286049223,3.2323122027470523,3.3127999925613403,3.7098375618457795,-6.231000792796135,-8.18451980758201,-23.650552366058324,-26.22992242054999,-33.69653252380087,0
HK.01667,490,0.36000001430511475,0.36500000953674316,-1.3698616715036243,0.0,19500.0,7020.000278949738,0.7599433348337646,0.35040000081062317,0.3677750024199486,-1.3698616715036243,-3.9999961853027344,-15.294116657085514,-12.195117696277553,20.0,0
HK.01668,490,0.10700000077486038,0.10700000077486038,0.0,,0.0,0.0,0.0,0.10700000077486038,0.10700000077486038,0.0,0.0,0.0,0.0,0.0,0
HK.01669,490,1.4600000381469727,1.4800000190734863,-1.3513500451867637,0.21573604060913706,154700.0,225862.00590133667,1.7702490228160863,1.3585635900497437,1.0441532933712006,-1.4703144697601713,8.38265582713384,60.01220796232464,79.7889895287474,90.31832958144356,0
HK.01671,490,0.75,0.7599999904632568,-1.31578823536055,2.043010752688172,19700.0,14775.0,1.2847487359757537,0.6931000089645386,0.6703189973533153,13.636359120860423,-13.793103920766105,11.607144361830711,20.192316693256327,-10.201150686491776,0
HK.01672,490,8.970000267028809,8.145000457763672,10.12891053282583,1.763183010210661,2768999.9,24837929.842402745,7.7849792441770065,9.713000011444091,13.070999984741212,-10.47904334097415,-9.485364226607649,-41.6395554078267,-22.13541744276878,-36.60777025547014,1
HK.01673,490,0.25,0.25,0.0,0.0,99400.0,24850.0,1.9213289650205096,0.2837000006437302,0.2718549995869398,-3.8461503192516595,-15.254233521108176,-16.66666997803569,5.932202747723595,17.924529694394753,0
HK.01675,490,4.074999809265137,3.8499999046325684,5.84415351184383,1.9324745910269254,6818006.8,27783376.409568403,6.257508686945545,4.330799989700317,5.958889811038971,-8.734609854306763,-9.04018321616231,-37.88566459529094,-46.026466685487534,-60.629248786061126,2
HK.01676,490,0.47999998927116394,0.48500001430511475,-1.0309329662834354,0.4109593255673202,8829824.1,4238315.473266264,10.546419370674434,0.27349999934434893,0.3199318102002144,125.3521081435336,133.00970326001237,118.18181448731539,-25.0,10.344824515020303,0
HK.01679,490,1.2400000095367432,1.25,-0.7999992370605469,0.5420054200542005,56850.0,70494.00054216385,4.065557198104548,1.3281999945640564,0.9121249987185002,5.531919987939063,-31.86813330768369,133.96227857997886,175.5555649745614,65.33333460489908,0
HK.01680,490,0.14399999380111694,0.14499999582767487,-0.6896565898845777,1.322566287276658,82410.0,11867.039489150047,4.262860818315683,0.11161999955773354,0.2023749988153577,24.137929262644278,-7.096778907339196,-42.40000247955322,-53.5483894536696,-75.17241414747114,0
HK.01681,490,13.3100004196167,13.170000076293945,1.0630246204383484,0.6321298460175957,2196158.2,29230866.563544657,3.6404926370972355,13.283084297180176,14.56090292453766,0.6744185912308487,3.725159908928182,-20.838036864796372,-9.434644108842884,-10.867641655725134,2
HK.01682,490,0.14800000190734863,0.1379999965429306,7.246380880384382,2.039233576642336,959600.0,142020.80183029175,7.001770325328232,0.1662000000476837,0.17890734996646643,-10.843368951598244,-40.562247746229275,0.0,-22.105261176576878,-44.15093966165253,1
HK.01683,490,0.12399999797344208,0.125,-0.8000016212463379,0.2717900656044986,3414200.0,423360.79308092594,11.024688208588392,0.14642000138759614,0.23014999985694884,-17.333337969249964,-34.73684235292789,-40.952380073854414,-66.93333387374878,-80.62499988358468,0
HK.01685,490,0.6150000095367432,0.5899999737739563,4.2372943854341605,0.009652509652509652,391550.0,240803.2537341118,4.385205035849146,0.7120000040531158,0.5831183998286724,-8.88888908511817,-33.15217408909689,-7.765372642004885,116.27431529909896,79.19871785408678,1
HK.01686,490,5.505000114440918,5.480000019073486,0.45620611825578883,0.9186497826177124,7055282.25,38839329.59366298,3.8362481060877696,5.0230999851226805,5.5857749891281125,11.890244493403172,5.865390699290888,-14.91498774410544,15.651257347399095,-15.922156626656067,3
HK.01688,60,6.099999904632568,6.079999923706055,0.3289470588401375,0.959444141868097,12083345.95,73708409.14264232,3.9341582579436727,6.432478122711181,,-1.8876423142337548,,,-36.94942124653047,,1
HK.01689,490,0.29499998688697815,0.28999999165534973,1.72413633637985,1.8077183480027081,306400.0,90387.9959821701,2.250919038017798,0.285399996638298,0.3408749982714653,3.508768627628134,1.72413633637985,-24.35897494679139,-29.761905691115526,-38.54166802484545,1
HK.01690,490,0.15000000596046448,0.1420000046491623,5.633803555899658,0.11583011583011583,521000.0,78150.003105402,1.900418075906187,0.124909176081419,0.10266737315803766,32.400065790126995,39.30789522994736,128.45957906125165,147.23707928660957,169.37771399318632,1
HK.01691,490,1.5950000286102295,1.5700000524520874,1.5923551161094647,0.34419806396918007,9289686.6,14817050.392780066,6.111487811388768,1.4626000118255615,1.6446000027656555,1.2698400203813818,18.148148180853028,-11.38888495203879,-18.62244910371646,-17.783506104867303,1
HK.01692,490,1.190000057220459,1.1950000524520874,-0.41840962444885654,3.1186440677966103,34100.0,40579.00195121765,0.13613135940914098,1.2820067358016969,1.4835697144269944,-2.043809845483976,-20.490107065958178,-24.873026612369735,-27.419700435993192,-30.93164377313708,0
HK.01693,490,5.300000190734863,5.300000190734863,0.0,0.0,800.0,4240.000152587891,0.0039002453665709915,6.465900058746338,5.488325015902519,-20.77727734823232,-25.874124195203922,8.16326709351701,125.53193216250529,90.6474908373938,0
HK.01695,490,0.07800000160932541,0.07800000160932541,0.0,0.0,196000.0,15288.00031542778,1.3731442810012084,0.07859999984502793,0.08968000024557114,0.0,-16.129032516496025,-21.99999955296517,-17.89473411779321,-17.89473411779321,0
HK.01696,490,1.965000033378601,2.049999952316284,-4.146337605600534,0.23996414993422668,268588.0,527775.4289650917,5.5946643792046,2.136618044376373,3.032030242085457,-3.8591895007396784,-12.821462499078425,-43.63251384274034,-52.04164955906614,-67.18639019566,0
HK.01697,490,0.23899999260902405,0.23600000143051147,1.2711826950543046,0.4112808460634548,149940.0,35835.658891797066,2.2516291574746403,0.24677999794483185,0.3176450003683567,0.420162648048981,-21.639348523202134,-33.61111580221723,-33.61111580221723,-40.987656319619234,1
HK.01698,490,31.100000381469727,30.8799991607666,0.7124392055769196,13.570341411367663,1747452.6,54345776.52660027,2.4488916431147376,34.54600006103516,46.360491065979005,-9.90730020550963,-10.786001615172996,-42.59300504128355,-55.20358638196864,-67.5330884446609,1
HK.01701,490,0.07699999958276749,0.07699999958276749,0.0,0.0,26200.0,2017.3999890685081,0.07142818369427671,0.07237999886274338,0.09372499994933606,13.235287350251557,-8.333332594188422,-23.000001564621904,-37.39837605211432,-42.962965538472204,0
HK.01702,490,1.725000023841858,1.6100000143051147,7.142857671735974,0.6451612903225806,6400.0,11040.00015258789,0.66580200543954,1.5561000251770019,1.6781597220897675,15.000001589457193,8.49056525969968,8.665712604220257,-6.3625228239890195,43.12068966881464,1
HK.01703,490,0.3149999976158142,0.3149999976158142,0.0,0.14580031695721077,741000.0,233414.99823331833,3.3174949225606585,0.6059000015258789,0.713175000846386,-4.545459060957758,-56.84931652253774,-58.00000031789144,-56.84931652253774,-34.37499902987229,0
HK.01705,490,0.8999999761581421,0.8999999761581421,0.0,0.18876404494382024,408000.0,367199.990272522,4.0150775077419,0.7919983839988709,0.5254444299638271,20.7450169220616,95.60693554755714,122.28060923121087,154.03498464971608,141.39756930081006,0
HK.01707,490,0.041999999433755875,0.041999999433755875,0.0,,0.0,0.0,0.0,0.041999999433755875,0.0422249997779727,0.0,0.0,7.692304018451458,19.999997871262696,-66.4000004529953,0
HK.01708,490,0.24300000071525574,0.24300000071525574,0.0,0.0,9725.0,2363.175006955862,1.4795861603404241,0.2554599964618683,0.3048649972677231,1.2500025611371375,-17.627114740057568,-38.48101414810516,-2.799999713897705,-17.627114740057568,0
HK.01709,490,0.8700000047683716,0.8799999952316284,-1.136362558800321,1.5992296915271682,3215192.05,2797217.0988312303,4.571522098294138,0.9542342805862427,1.3248155415058136,-17.70776871812526,-24.62307348613311,-22.001239115655746,-60.658555247533805,-72.22956154140265,0
HK.01710,490,2.0,2.0850000381469727,-4.076740364116049,0.3920109857637018,7255075.0,14510150.0,12.858205999622424,0.8749000012874604,0.4681199998408556,187.76978713423009,471.42858115994215,875.609764607445,736.8201095603234,865.2932856177999,0
HK.01711,490,0.15000000596046448,0.1599999964237213,-6.249994179233778,0.0,20000.0,3000.0001192092896,0.3477110467721564,0.14110000044107437,0.14161000076681377,1.3513540725275752,-10.714280962639862,17.18749909050534,27.118648348509367,56.25000485063837,0
HK.01712,490,8.8100004196167,8.819999694824219,-0.11337047112810376,0.6293411146642184,992584.1,8744666.337504864,6.295050396834356,6.971400003433228,7.636600005626678,18.413983223920358,54.56141604244219,-20.487360286281326,30.325445581737082,20.684934101759662,0
HK.01713,490,1.6549999713897705,1.649999976158142,0.30303001841675176,4.014146772767463,130800.0,216473.99625778198,0.9826981487230704,1.7905000066757202,2.0783483576774597,-10.054351012653742,-16.29817168021258,-32.52932802580645,-26.674433471810488,-32.52932802580645,2
HK.01715,490,0.4050000011920929,0.4000000059604645,1.2499987892806712,0.0,235320.0,95304.6002805233,3.2191572731870552,0.44179999589920044,0.46877499788999555,-17.34694014088105,-7.954544684857372,-7.954544684857372,-17.34694014088105,28.57142992300783,1
HK.01716,490,4.005000114440918,3.940000057220459,1.649747621230097,1.0111150950161347,575400.0,2304477.065849304,6.894232444829481,4.680100021362304,3.60815000474453,-6.6433531456025054,-22.08170781180814,230.9917345601315,602.6316078415872,590.5172809799004,1
HK.01717,490,1.1299999952316284,1.1100000143051147,1.8018000602490185,0.007295276308590188,272100.0,307472.9987025261,3.461932244107406,1.1958000016212464,1.6014388090372085,-8.502025737430104,-18.705035477628318,-40.258059791307474,-41.744177706946594,-52.78459564151719,1
HK.01718,490,0.574999988079071,0.5649999976158142,1.7699098239742965,0.0,397875.0,228778.1202569604,7.7981305455281005,0.6829000037908554,0.43154000215232374,-23.841060700581156,55.40540018074706,49.35064995383349,109.09090022410261,98.27586366362014,1
HK.01719,490,0.2290000021457672,0.2290000021457672,0.0,0.0,18400.0,4213.600039482117,0.2582161365164639,0.24708000004291533,0.28708500184118746,-3.3755279302142798,-5.76131626678205,-28.437497729901175,-30.60606271329544,-39.73684078438458,0
HK.01720,490,0.2849999964237213,0.2800000011920929,1.785712575121809,0.9643054199736854,2287900.0,652051.491817832,7.968760160991495,0.2971199986338615,0.3835549982264638,-14.925376321032388,-57.462688160516194,-59.28571410325109,145.68965915905036,112.68655919741903,1
HK.01721,490,0.14000000059604645,0.14000000059604645,0.0,,0.0,0.0,0.0,0.14000000059604645,0.16241499938070775,0.0,0.0,-22.22222498169641,-25.925923881870844,-78.46153757981291,0
HK.01722,490,0.12999999523162842,0.12700000405311584,2.3621977029684755,0.345489443378119,1508500.0,196104.99280691147,6.530624060296808,0.10502000004053116,0.08820500027388334,29.999993294477562,47.727268109144234,71.05263080499506,66.66665711464046,106.34919546148483,1
HK.01723,490,0.4050000011920929,0.4000000059604645,1.2499987892806712,0.14634424442084837,1561736.8,632503.4058617353,7.287244405472207,0.5117000007629394,1.0110249972343446,-10.9890132922939,-58.67347007044052,-63.83928576180217,-68.84615261173808,-83.60323900805902,1
HK.01725,490,0.27000001072883606,0.26499998569488525,1.8868020014566025,1.5730737712609237,2921160.0,788713.2313406467,6.429197301604941,0.3040999978780746,0.5821750016510486,-26.027396253627717,-40.65934001154234,-63.01369812681386,-72.9999989271164,-73.78640599722277,1
HK.01726,490,0.8050000071525574,0.8100000023841858,-0.6172833601124982,0.19390581717451524,363750.0,292818.75260174274,4.011854347726566,0.9369999957084656,1.1566499969363213,-15.263156078528805,-18.686868747683548,-37.59689682500372,-44.48275995311211,-45.608108325802206,0
HK.01727,490,0.23000000417232513,0.23000000417232513,0.0,0.0,86675.0,19935.25036163628,2.2566467157638,0.2349000009894371,0.3109149996936321,-3.7656856548200146,-4.564312299653576,-41.77215242401144,-38.66666555404663,-53.06122455185823,0
HK.01728,490,0.14300000667572021,0.14300000667572021,0.0,,0.0,0.0,0.0,0.14300000667572021,0.14300000667572021,0.0,0.0,0.0,0.0,0.0,0
HK.01729,490,18.239999771118164,17.450000762939453,4.527214748646438,1.4660283663321458,12727297.35,232145900.7509528,5.803362162968371,15.99530174255371,17.22582718372345,19.98052561762034,-9.060493375869976,8.469022455314294,3.6222779684686603,18.93285917786576,1
HK.01731,490,0.7549999952316284,0.75,0.6666660308837891,0.07453416149068323,154400.0,116571.99926376343,0.5253026830698801,0.7600999903678894,0.7278899797797203,-1.9480501384995235,-1.30718832029433,10.38012341822203,13.363361186422384,4.861114962877481,1
HK.01732,490,0.20399999618530273,0.19900000095367432,2.512560405862701,0.0,295000.0,60179.99887466431,0.7645544537620051,0.21817999988794326,0.22495999969542027,-16.73469705514135,4.081633428840149,-10.917033068214131,-24.444448859603142,5.699477864865927,1
HK.01733,490,0.6949999928474426,0.7250000238418579,-4.137935173497195,1.39203593022046,1401433.45,973996.2377261668,3.735305340849303,0.6897174108028412,0.7508377289772034,-6.105632406658965,14.759778506919641,-20.550928587061186,-20.550928587061186,-14.942756044759903,0
HK.01735,490,8.28499984741211,8.234999656677246,0.6071668830528882,1.0453741051610914,6601327.75,54691999.40146732,1.6400880242148572,8.23619997024536,8.334150021076203,-0.180727023831861,-1.6033281194607323,1.036585855171991,0.7907491273938299,-0.180727023831861,5
HK.01736,490,0.4000000059604645,0.4000000059604645,0.0,0.0,54932.5,21973.000327423215,1.358909544851363,0.4250000029802322,0.490025003105402,0.0,-1.2345667202249964,-19.999998807907104,-33.33333498901784,-48.71794607277208,0
HK.01737,490,0.16500000655651093,0.16599999368190765,-0.6024019056970104,1.423841059602649,323500.0,53377.502121031284,2.7961639645341196,0.15444000005722047,0.12419999998062849,10.738256510182143,14.583342819026631,52.77777988570948,66.6666741925057,65.00000409781926,0
HK.01738,490,0.05700000002980232,0.05700000002980232,0.0,0.0,155125.0,8842.125004623085,2.2850882840970965,0.05700000010430813,0.08974500015377998,-19.718312445648802,7.547171137518811,-48.18181787394295,-44.11764598463369,-59.8591562228244,0
HK.01739,490,0.13899999856948853,0.125,11.19999885559082,0.46622833233711897,766975.0,106609.52390283346,8.553107637440508,0.13870000019669532,0.1987999999150634,4.511276089496149,-27.604168041014205,-40.598290543863094,-39.56521910958566,-41.15156456205946,1
HK.01740,490,0.19599999487400055,0.1889999955892563,3.7037034116958347,0.039785160135269546,1251500.0,245293.9935848117,7.410275392129688,0.16768000066280364,0.1294450006633997,22.499999534338702,15.294113419047733,90.29125693898611,108.51063998428721,115.38461412500749,2
HK.01741,490,0.1420000046491623,0.14499999582767487,-2.068959492990545,0.1347305389221557,268200.0,38084.40124690533,7.78386349853226,0.15990000039339067,0.1950650005042553,-11.249995110556373,-30.049256780707534,-40.08438709795866,-11.249995110556373,-64.49999936670065,0
HK.01742,490,0.13500000536441803,0.13500000536441803,0.0,0.0351493848857645,138500.0,18697.500742971897,3.2773878635327867,0.14419999957084656,0.16624999959021808,1.503762431125545,-24.157301677686547,-44.214873514078675,8.87097384738014,56.976745092688255,0
HK.01745,490,2.930000066757202,3.25,-9.846151792086086,1.701723728776994,50297.0,147370.213357687,5.181729163205171,2.176600022315979,4.515400016307831,60.98901001731352,-13.823529865502474,-51.57024835727634,-41.98019888924329,-66.12716536448772,0
HK.01746,490,0.5049999952316284,0.5,0.9999990463256836,0.5558930741190765,1350400.0,681951.993560791,6.489952587705586,0.489099999666214,0.41886000022292136,8.60214867692751,17.441857402681904,8.60214867692751,77.19298300650642,53.03029550446434,1
HK.01747,490,3.9100000858306885,3.5999999046325684,8.611116372508906,3.658536585365854,9400.0,36754.00080680847,2.262272426448889,3.7672999811172487,4.178795449733734,3.9893642486140175,-7.937020920759523,-6.634231394029752,-9.824413134181292,6.703726871422357,1
HK.01748,490,1.7599999904632568,1.7599999904632568,0.0,,0.0,0.0,0.0,1.7599999904632568,1.7599999904632568,0.0,0.0,0.0,0.0,0.0,0
HK.01749,490,0.4950000047683716,0.4950000047683716,0.0,0.0,3900.0,1930.5000185966492,1.6996513460328315,0.45990000188350677,0.6452999979257583,12.50000169331378,-2.941173720662243,-33.99999936421712,-33.99999936421712,-42.44186086806817,0
HK.01750,490,0.13600000739097595,0.15199999511241913,-10.526308049950654,1.4530358069538143,4119500.0,560252.0304471254,6.194522875118147,0.08891999989748,0.09208000026643276,60.00000701231107,40.20618905118011,44.68086388058272,67.9012431983558,195.6521894057441,0
HK.01751,490,0.7599999904632568,0.7599999904632568,0.0,0.07994473154226045,315707.65,239937.81098917723,2.695576614069424,0.7511054754257203,1.3593166399002075,-0.7113513776164465,-37.70492027536954,-52.57410243027763,-63.1067955546739,85.3658529493796,0
HK.01752,490,0.08900000154972076,0.08900000154972076,0.0,1.1203814064362336,439500.0,39115.500681102276,3.185168908606686,0.09714000046253204,0.09113104686141014,-20.535715354834554,1.1363659454278836,8.536584257795896,-2.197798508950481,67.85087838243243,0
HK.01753,490,0.6150000095367432,0.6299999952316284,-2.3809501283202863,0.2685924314416796,19802490.0,12178531.538851261,25.075950820383717,0.29531999826431277,0.20492499966174363,342.44605457984517,289.2404944506852,259.6491203609462,179.54546039508398,159.49367112483833,0
HK.01755,490,2.799999952316284,2.799999952316284,0.0,,0.0,0.0,0.0,2.799999952316284,2.799999952316284,0.0,0.0,0.0,0.0,0.0,0
HK.01756,490,0.38999998569488525,0.38999998569488525,0.0,0.0,12900.0,5030.99981546402,1.2432750955943441,0.38629999577999113,0.5184499949216843,0.0,-13.333334216365131,-32.75862122120672,-38.09523989734377,-36.06557761491922,0
HK.01757,490,4.880000114440918,5.09499979019165,-4.219817165932506,1.510353227771011,36200.0,176656.00414276123,3.0978876644487596,6.483900022506714,10.84222499102354,-11.594200519873441,-71.95402171593199,-72.58426784490813,67.12328722383454,1959.0717482098644,0
HK.01758,490,0.09399999678134918,0.09399999678134918,0.0,0.0,17000.0,1597.999945282936,0.59119533337417,0.10445999890565873,0.10805000003427268,-6.000004619359902,-29.323311387545697,1.075262959423418,-4.081633428840149,-40.88050308571195,0
HK.01759,490,0.75,0.7300000190734863,2.7397233430072485,0.0,47550.0,35662.5,2.756667322370817,0.6989000046253204,0.8808249980211258,9.48905071380695,33.92857085837394,-34.210525490240364,-24.24242497220256,-24.24242497220256,2
HK.01760,490,1.3300000429153442,1.340000033378601,-0.7462679264300778,2.0190730729514668,875400.0,1164282.0375680923,5.8847762028832165,1.4489999914169311,1.8317580366134643,7.258067152130472,-56.677522090025455,-25.33458515763704,-31.777796720153468,-18.546825623090175,0
HK.01762,490,0.9200000166893005,0.9300000071525574,-1.0752677834782465,0.7203896101046648,4918536.4,4525053.570086933,6.166823625858433,1.0906999909877777,1.2379249969124795,-21.36751705686314,-11.538456688971031,-54.67980149480229,33.33333621278478,-18.584068975972155,0
HK.01763,490,14.399999618530273,14.079999923706055,2.272725117600642,0.22690698422915997,124230.0,1788911.9526100159,4.240015551292488,16.169199981689452,18.89559009552002,-13.565427668553637,-24.340641670983405,-30.06582184583508,-31.765159804120586,-12.531787940289766,5
HK.01765,490,0.13500000536441803,0.1379999965429306,-2.1739067055550994,0.8007732041488178,2774483.3,374555.2603834882,3.624667355568241,0.1442999994754791,0.16008500047028065,-7.534241542110988,3.0534413663750852,-14.012738309422506,-25.414359319202973,-28.94736470608165,0
HK.01766,490,5.130000114440918,5.074999809265137,1.0837498964112342,1.2668625581780721,17102593.35,87736305.8427365,2.2606527043223865,5.012912082672119,5.193947427272796,0.2772577783361998,0.8779854764596093,-4.815314075073381,-9.141888150270052,-8.342896576401579,1
HK.01767,490,0.3499999940395355,0.3499999940395355,0.0,0.34026465028355385,269000.0,94149.99839663506,2.601065105284709,0.32599999964237214,0.3241464257240295,11.111110059882801,9.375000582076622,-6.011598201647303,17.48549519611059,13.695648217278567,0
HK.01768,158,362.79998779296875,361.6000061035156,0.3318533377207977,0.3924259767036202,493843.75,179166506.4716339,5.317459561787171,388.83600158691405,,-11.339204063998611,6.580491861964079,-15.035131664410128,-9.300003051757812,,1
HK.01769,490,0.8349999785423279,0.8299999833106995,0.6024090761646119,0.592813900463873,563450.0,470480.73790967464,4.998162898297546,0.9217999994754791,1.5156500014662742,-4.571431023733957,-23.394499727295088,-51.45349042714768,-61.16279341840551,-63.69565235419174,1
HK.01770,52,77.05000305175781,83.25,-7.447443781672297,0.619892734583165,43337.9,3339185.327256775,13.68463912731142,87.01599990844727,,-19.739580154418945,,,-3.687496185302734,,0
HK.01771,490,0.17299999296665192,0.17299999296665192,0.0,0.0,25650.0,4437.449819594622,0.6152079221026066,0.16880000203847886,0.20388499937951565,6.134963380168383,-21.36363913451346,-23.78854871353745,-32.15686423464128,-37.09091301200795,0
HK.01772,490,33.86000061035156,33.34000015258789,1.5596894282656708,0.7275141114468704,10618912.15,359556371.88026965,4.400093649117424,38.36400009155273,56.646131324768064,-16.60098058394185,-44.07927161520585,-44.937377886009244,-37.25303293874403,-6.8949305849692974,1
HK.01773,490,0.7749999761581421,0.8349999785423279,-7.185629212701143,3.4152229577703794,14347379.15,11119218.499181826,7.726378202886385,1.1039000022411347,1.8216262391209603,-33.47639471803574,-35.95041721279626,-67.57322417819664,-67.81279829686108,-79.46389379350185,0
HK.01775,490,0.3449999988079071,0.3449999988079071,0.0,0.0,39200.0,13523.999953269958,0.5192908434693787,0.34220000326633454,0.37967500045895575,2.985071705720311,-2.816898807176702,-25.000001619691403,-4.166670805877945,-4.166670805877945,0
HK.01776,490,17.540000915527344,16.90999984741211,3.725612500296085,0.8358306178302646,6493636.75,113898394.540102,3.2917409833489146,17.184281005859376,16.413950090408324,1.4103139095047563,5.470138031970623,17.11467812035517,2.7116005877651386,-0.7168866255477919,1
HK.01777,490,0.061000000685453415,0.06499999761581421,-6.153841657045865,0.5183022564175043,1261357.75,76942.82361460198,11.373785726740296,0.1477800004929304,0.3165449990145862,-25.609757316424513,-77.40740805128472,-85.30120435855024,-83.73333315054575,-83.73333315054575,0
HK.01778,490,0.14900000393390656,0.15199999511241913,-1.9736784703800687,1.2572896046225457,966050.0,143941.45380035043,2.893763051539919,0.14904000073671342,0.1823200000822544,-3.8709659432521484,-9.696970901103887,-34.36123119565343,-12.352939784320595,-33.183856202594846,0
HK.01779,74,105.0,101.9000015258789,3.042196690579839,0.7064081028554408,238098.55,25000347.75,9.973382114464195,106.55900009155273,,-8.616189203138635,-25.0,,-20.333840994854498,,3
HK.01780,490,4.699999809265137,4.534999847412109,3.6383675282190873,2.080363598801777,2603875.0,12238212.003350258,6.3997266139609525,4.9064000225067135,2.2214500057697295,-17.326299796457214,62.06895361048752,601.4924913717831,623.0769202554013,323.29193116738264,1
HK.01782,490,2.299999952316284,2.299999952316284,0.0,0.0,11000.0,25299.999475479126,1.9058727229974766,2.5617999792099,3.6080999994277954,-10.505836106611515,-26.51757609513343,-50.0,-39.31398481619625,-38.337803202274706,0
HK.01783,490,4.489999771118164,4.224999904632568,6.2721863305850585,2.4002077893732543,6941403.7,31166901.024238776,4.5549367331717034,4.535128169059753,3.727427178621292,-9.075931571715952,0.6877321989038373,40.21001098679135,36.80065400165592,6.024537552120145,2
HK.01785,490,2.0,2.0250000953674316,-1.234572552595136,1.3968253968253967,16200.0,32400.0,0.7506156430518673,1.9822000122070313,1.938829135298729,1.0101000370632516,3.092780464424631,5.197249043019584,5.197249043019584,2.6805666263873356,0
HK.01786,490,0.6949999928474426,0.6899999976158142,0.7246369925949435,0.948339483394834,283850.0,197275.7479697466,1.4581925119660204,0.7083000004291534,0.7857380977272987,-4.137935173497195,-4.095082047305788,-19.01362350772037,-19.01362350772037,-24.858005550891292,1
HK.01787,490,22.979999542236328,23.299999237060547,-1.3733892931431224,1.292827180233378,33171203.95,762274251.5864278,6.724259161971396,22.550106811523438,29.815443639755248,-16.375546124313324,2.11473740845122,-42.45995214602626,-34.79009340367782,-33.67746744188863,0
HK.01788,490,2.8949999809265137,2.9000000953674316,-0.17241773367198637,0.5930511356346331,20226408.2,58555451.35321188,0.4251424323218792,2.552799983024597,2.4944027829170228,0.3466201211893625,38.516751187387314,11.519297988778556,10.674449585904265,-45.5033048958884,0
HK.01789,490,4.864999771118164,4.840000152587891,0.5165210277298532,1.173587785395697,4003159.2,19475368.591749575,3.5998479582212015,5.459099969863892,5.736629598140716,-17.68189684051402,-10.161025448660205,-17.186707592887565,-14.04007946367496,-13.442097674113185,1
HK.01790,490,0.5199999809265137,0.5249999761581421,-0.9523800873701953,17.77777777777778,4250.0,2209.999918937683,2.2134612262601583,0.4996999984979629,0.5126999899744987,3.9999961853027344,1.960782480441495,-1.8867907552966041,-8.77193202602569,15.555554378179826,0
HK.01792,490,1.5850000381469727,1.649999976158142,-3.9393902394177736,0.6938981953216902,945328.1,1498345.0745614052,7.755181544801585,0.9421289634704589,1.0992321920394899,86.47058749281413,66.8421113722213,26.800003051757816,58.500003814697266,105.84442084338357,0
HK.01793,490,1.850000023841858,1.940000057220459,-4.639176841445504,0.8492151087178117,3581870.0,6626459.585398436,15.509417989874633,0.7810982817411423,0.40432776384055613,78.2273647339181,534.3686480818932,475.811514041155,762.39049448698,804.0518689086415,0
HK.01795,490,0.47999998927116394,0.48500001430511475,-1.0309329662834354,0.0,15900.0,7631.999829411507,0.6645737606651929,0.4608000034093857,0.5411749990284442,6.6666671081825655,-14.285716566504256,-28.358212341096912,-20.000004967053535,-35.135137420923165,0
HK.01796,490,0.2800000011920929,0.2750000059604645,1.8181800448205245,0.12399326345659412,5127897.9,1435811.4181129308,16.04055500443712,0.3253399991989136,1.484410004168749,-34.11764862628127,-30.00000074505805,-89.99999978712626,-89.78102188987098,-91.2772586335006,1
HK.01797,490,25.899999618530273,25.040000915527344,3.434499487057299,0.883079899088413,12789173.8,331239596.5413174,6.234192112411927,23.14380001068115,23.701950035095216,28.091001474091893,25.000002301337716,2.2906790311874103,43.17302045365164,12.218369602019475,1
HK.01798,490,0.9549999833106995,1.034999966621399,-7.729467235815217,5.245326771705017,8457896.2,8077290.729843628,3.8570041126843257,1.172799996137619,1.6177455952763558,-19.067794427005875,-31.754270511745826,-49.603153608673836,-52.75295279282408,-62.03023250457066,0
HK.01799,490,3.484999895095825,3.515000104904175,-0.8534910074822735,1.011987091585263,1980686.65,6902692.767467701,4.282692023622713,4.0182000207901005,5.679750010967255,-18.764570487536545,-16.225960987383072,-45.8850952774685,-53.53333473205566,-57.65491994002164,0
HK.01800,490,3.4049999713897705,3.424999952316284,-0.5839410570790793,0.3495406658063632,11438715.85,38948827.141985714,1.6432927156666242,3.6832000160217286,4.370900138616562,-6.9672160781668975,-15.799959649837945,-31.109057156848785,-31.64938024249683,-30.17008225998199,0
HK.01801,490,96.5999984741211,96.1500015258789,0.46801553936644524,0.9101978748900064,12846899.85,1241010505.9071865,3.696551248178479,95.68,87.0179999923706,-5.664065395831088,29.058116824838574,14.590741372585041,22.588825803308406,-4.261648153350071,2
HK.01802,490,0.04500000178813934,0.04500000178813934,0.0,,0.0,0.0,0.0,0.04500000178813934,0.04492000177502632,0.0,0.0,0.0,0.0,-16.66666551688574,0
HK.01803,490,0.7699999809265137,0.7699999809265137,0.0,0.0,6500.0,5004.999876022339,1.6834752011386245,0.7717999958992005,0.8229499995708466,-1.2820501064172196,-7.228916095257991,-2.5316506313829312,-12.50000169331378,-23.76237740622773,0
HK.01808,490,1.7000000476837158,1.7999999523162842,-5.555550404536735,0.20359860534955335,38785.5,65935.35184943676,2.3083100422707217,2.2392000102996827,2.340250001549721,-14.999997615814209,-24.107141051517463,-30.327868532090065,-41.379310628321726,-48.94894634737001,0
HK.01809,490,6.849999904632568,6.699999809265137,2.2388074572778804,0.8321902149062643,54000.0,369899.9948501587,2.202576941792979,6.887979984283447,7.159408378601074,0.5873709572558546,7.45659713456375,-4.31179048935003,-7.565675833320196,3.079854773234223,1
HK.01810,490,26.399999618530273,26.139999389648438,0.9946451222366793,0.8936177132178129,119399364.85,3152143186.492757,3.5754402645201107,27.345599975585937,31.685099992752075,-9.028259124415259,3.8552302883360383,-20.815838339217663,-34.458787441425265,-53.02491234850748,1
HK.01811,490,2.0899999141693115,2.0850000381469727,0.23980220291902093,1.5441850691512558,3579325.15,7480789.256284058,1.9480276235678697,2.19389997959137,2.4370859265327454,-3.016243994589945,-14.344267821446376,-24.577127569187432,-13.546903501795713,-17.461761039605214,1
HK.01812,490,0.6000000238418579,0.6000000238418579,0.0,0.19972980275601188,577731.25,346638.7637741864,2.776695282994211,0.630800006389618,0.8232999995350838,-3.9999961853027344,-15.492951834492505,-47.82608380164445,-19.99999682108561,-34.78260728722486,0
HK.01813,490,0.09300000220537186,0.09000000357627869,3.333331677648822,0.7396343059794274,937676.25,87203.89331792481,9.483506256657506,0.09959999993443489,0.146464999653399,-6.060603323937324,-28.461534141083284,-43.63636453946428,-41.13924181952224,-66.18181811285413,1
HK.01815,490,1.9199999570846558,1.850000023841858,3.783780126522939,0.610614367245772,11043023.25,21202604.166084856,5.877353239060836,1.6899999916553496,1.5648999997973443,13.94658885966866,125.8823415564834,28.85905669769788,-24.40944937322195,29.729725158153673,1
HK.01816,490,2.9749999046325684,2.984999895095825,-0.3350080674939459,1.600879209497088,49762929.9,148044711.7067372,2.5721677936186857,2.9123000144958495,3.042715371847153,3.2986036950242372,2.5862002344394477,-11.603502549056904,3.6269697696739036,4.688002075293487,0
HK.01817,490,0.30000001192092896,0.26499998569488525,13.207557779396225,0.475,20300.0,6090.000241994858,5.444055042067877,0.24951999723911286,0.26802999936044214,25.00000776102163,35.1351387633701,7.1428609441737585,-1.6393426604503258,-25.925923200519225,1
HK.01818,490,20.15999984741211,20.459999084472656,-1.4662719965037534,1.0973859839970164,24052653.15,484901483.83385634,5.461235962117983,21.867399940490724,27.175166339874266,-21.003136811155297,-5.706264552120534,-40.28899287601795,-36.47048612645057,-29.972654631453683,0
HK.01820,490,2.799999952316284,2.799999952316284,0.0,10.0,750.0,2099.999964237213,0.0,2.8930000019073487,2.572005519270897,1.8181800842285156,10.545083541937952,14.508843146869532,14.966882554947745,7.646892594001113,0
HK.01822,490,0.11400000005960464,0.11400000005960464,0.0,0.0,827305.9,94312.87264931128,4.647652160203661,0.13722128048539162,0.14224532037973403,-13.63636312323825,-15.55555886692458,-24.00000298023212,-21.37930804143756,-38.37837914030772,0
HK.01823,490,1.1299999952316284,1.1299999952316284,0.0,0.0,66800.0,75483.99968147278,4.047549664678309,1.2125999999046326,1.3524000003933907,-12.741310217838183,-17.518248810321747,-30.674846715502497,0.8928562875609045,8.65384968074834,0
HK.01825,490,1.0,1.0,0.0,,0.0,0.0,0.0,1.0,1.0164500007033348,0.0,0.0,12.359552367771112,-17.355374506315925,-32.88590646983213,0
HK.01826,490,0.5849999785423279,0.6399999856948853,-8.593751309672399,0.9641698963853516,6402750.0,3745608.61261189,12.52977515254233,0.24740000054240227,0.1650731203891337,221.42856616520982,455.2654999901347,246.15383394533902,522.3404240141416,679.9999403953576,0
HK.01827,490,0.9599999785423279,0.949999988079071,1.0526305882884401,6.301369863013699,23250.0,22319.999501109123,0.7095546030622526,0.8249999952316284,0.854849997162819,24.675324976916745,19.99999552965171,5.494500096186174,1.0526305882884401,-4.950496276539116,2
HK.01828,299,34.91999816894531,33.79999923706055,3.313606382146675,18.634948745934317,1125426.35,39299886.08128281,3.629981927240417,30.80959991455078,33.073299922943114,24.714279174804688,13.37662024006584,3.6817038376896165,-8.586394053626055,-28.00000377537049,2
HK.01830,490,1.274999976158142,1.274999976158142,0.0,0.5015895443306252,247800.0,315944.9940919876,1.9272004054961211,1.305214991569519,1.1907068192958832,-4.135343231767321,22.009572107078466,12.781944976665349,4.8519750950610785,-8.552410907113812,0
HK.01831,490,0.7549999952316284,0.7549999952316284,0.0,0.0,0.0,0.0,0.0,0.7711000001430511,0.47628499947488306,0.0,52.525250092658126,164.9122823528526,264.7342932224553,147.5409762380715,0
HK.01832,490,1.4199999570846558,1.4199999570846558,0.0,1.7699115044247788,6150.0,8732.999736070633,1.2641757272883334,1.1735999941825868,0.9110999980568886,24.017465566734504,32.71026985750925,82.05128322691611,132.78687275151253,121.87499825377013,0
HK.01833,490,6.179999828338623,6.010000228881836,2.828612196050043,1.4953390740268697,9057806.35,55977241.688124485,3.0849480614980336,7.059400005340576,10.855749990940094,-8.240538888989974,-23.229817616010923,-49.34426291019038,-57.613169679854536,-71.75502712349238,2
HK.01835,490,3.799999952316284,3.9000000953674316,-2.564106169380135,0.2773722627737226,82780.0,314563.996052742,6.338087792224973,4.390600004196167,2.152350004017353,-15.555556615193685,187.8787728271105,203.99999618530273,255.14016505026675,72.72726681606841,0
HK.01836,490,11.489999771118164,11.300000190734863,1.6814121874005445,0.4876575396200383,1792836.1,20599686.378652383,2.208550183892754,12.780206394195556,13.225100936889648,-9.537103778854991,-9.947994216945563,-11.206439935654885,-16.62494616979819,-16.35050486627169,1
HK.01837,490,1.4149999618530273,1.3849999904632568,2.1660629311438533,1.567880473895248,2224437.7,3147579.2606444363,3.771942907722651,1.568800003528595,1.3553306451439857,-11.562503702007179,1.798559454347344,12.514422276677942,37.517634468871286,63.2077368124203,1
HK.01841,490,0.49000000953674316,0.49000000953674316,0.0,0.13878180416345412,619500.0,303555.0059080124,6.7469082036674815,0.41269999742507935,0.27832999974489214,32.432433303208825,113.04347854255504,108.5106428849206,115.85903685195046,122.72727826902693,0
HK.01842,490,0.04500000178813934,0.04500000178813934,0.0,0.0009577626664112633,4163000.0,187335.0074440241,10.164608402265976,0.0386999998986721,0.044965000096708535,21.62162488703309,9.756098890644923,-9.999997764825855,-16.66666551688574,-21.052628483138257,0
HK.01843,490,0.3499999940395355,0.36000001430511475,-2.777783296726149,0.2135437822781872,864450.0,302557.4948474765,7.11862002629232,0.29041999965906146,0.19193500019609927,24.99999733907837,59.090907243657696,122.92992506139848,215.3153058819044,173.43748235580364,0
HK.01845,490,0.20600000023841858,0.24799999594688416,-16.935482417290444,22.164948453608247,61350.0,12638.10001462698,5.088218904733352,0.1999200016260147,0.19596000015735626,14.444440029285749,-6.363635747885897,4.568529685004576,53.73133963215039,18.390808141378113,0
HK.01846,490,2.3299999237060547,2.4749999046325684,-5.858585313684688,1.3709677419354838,13250.0,30872.498989105225,0.7527967126608903,2.468899993896484,2.7050075006484984,-6.048390895717445,-1.1774499128743692,-18.393926395168265,-21.93019056258081,-20.634628790689185,0
HK.01847,490,0.4300000071525574,0.4000000059604645,7.500000186264512,0.0,15300.0,6579.000109434128,2.7801906229959528,0.4410999977588654,0.47779999881982804,-2.272725117600642,-13.131312523164532,-21.818182212262105,-15.68627153071743,-35.82089605350539,1
HK.01848,490,3.6449999809265137,3.5799999237060547,1.8156440951308799,0.19134364462973838,308847.45,1125748.9493592025,2.4136716542879806,3.5188711977005003,3.806908210515976,3.318130954908771,3.885818162149321,-3.208817078591533,-15.385113502173786,-19.504297828619062,1
HK.01849,490,0.05000000074505806,0.05000000074505806,0.0,,0.0,0.0,0.0,0.05000000074505806,0.05000000074505806,0.0,0.0,0.0,0.0,0.0,0
HK.01850,490,0.4000000059604645,0.4000000059604645,0.0,0.0937666174706939,6532156.5,2612862.638934687,10.753989863045895,0.44950000166893006,0.8891249960660934,-23.076919109158116,-85.91549232220794,-59.59595938310759,-35.48387050256521,-42.857141032510846,0
HK.01851,490,7.864999771118164,7.389999866485596,6.427603697081802,0.4504483190991034,1053025.0,8282041.383981705,12.808797920987312,5.890700016021729,4.881425014734268,33.30507871167007,12.357139587402344,118.47222165193085,154.53074399947099,505.0000045849728,1
HK.01853,490,1.2799999713897705,1.1649999618530273,9.871245777023569,7.647058823529412,5875.0,7519.999831914902,1.4215385349544563,1.250499985218048,1.5253022599220276,2.3999977111816406,8.474578668385705,-31.373426514071955,-17.474376126497777,-31.373426514071955,1
HK.01854,490,1.0099999904632568,1.034999966621399,-2.4154567115350485,0.1266490765171504,953500.0,963034.9909067154,3.359902239979478,1.173099992275238,1.1882749903202057,-14.406776664517867,-15.833337472544612,-15.126055302689402,-25.735295600028994,10.989006742333125,0
HK.01855,490,0.16099999845027924,0.14800000190734863,8.783781334725182,0.5834305717619603,250500.0,40330.49961179495,5.823143663494688,0.1861599999666214,0.6075050020217896,-12.972974932219856,-16.580313281080443,-70.18518665690475,-87.5193795960265,-96.22065751643073,1
HK.01856,490,1.7000000476837158,1.6749999523162842,1.4925430495003955,0.9674298613350532,155050.0,263585.00739336014,3.183696458522014,1.4970999956130981,1.6912249910831452,5.91900482749339,49.12281307157064,-9.5744653193861,-9.5744653193861,26.865672040129045,1
HK.01857,490,1.2949999570846558,1.309999942779541,-1.1450371259603627,0.41065754094353457,196000.0,253819.99158859253,1.2895970698201706,1.3314083671569825,1.4246051168441773,-5.471947308443862,-1.9182611170319768,-11.443305969668046,-14.893562180853218,-11.443305969668046,0
HK.01858,490,7.489999771118164,7.889999866485596,-5.069709786263934,4.801044120455848,950662.5,7120461.907410622,3.3444363648926965,8.698799924850464,11.527739055156708,-15.127479512751844,-14.88636808208188,-39.65950307236733,-49.45633521339061,-53.4792995092537,0
HK.01860,490,12.720000267028809,11.25,13.066669040256077,3.4128472242311547,15013279.1,190968914.16097802,6.282055036665618,10.687600059509277,13.452900013923646,25.320204385098027,-2.5287350105967463,-7.959475051272072,-18.980889034646502,-26.260868017224297,5
HK.01861,490,2.299999952316284,2.3499999046325684,-2.127657631718154,0.0,51150.0,117644.99756097794,0.7602604898514365,2.332400012016296,2.098552193045616,-4.166672461562456,-8.366535416130185,17.6964225256743,19.497895479681862,28.69004251204739,0
HK.01862,490,0.01600000075995922,0.01600000075995922,0.0,,0.0,0.0,0.0,0.01600000075995922,0.015795000679790974,0.0,0.0,0.0,0.0,23.076926383393687,0
HK.01865,490,0.42500001192092896,0.41999998688697815,1.1904821881092846,0.6071355101995429,7285040.0,3096142.0868444443,5.46800640796358,0.4273999983072281,0.4113649994134903,7.594936804365715,-22.72727223467237,2.4096434859410953,70.68273710036686,70.00000476837158,4
HK.01866,490,9.954999923706055,10.170000076293945,-2.114062448131652,0.7072225511288616,6308435.2,62800471.934704594,5.011613667596779,9.82350004196167,9.872516915798187,-3.4432636417277918,1.1091170650948832,-11.010130374328542,13.47180161201974,38.034746134763594,0
HK.01867,490,0.22599999606609344,0.22599999606609344,0.0,0.0,10000.0,2259.9999606609344,0.7522122785174767,0.22670000195503234,0.22547999992966652,-1.3100463107262983,18.324605491756653,-1.7391339276823337,-11.372548905027594,29.14285709420029,0
HK.01868,490,0.16500000655651093,0.16500000655651093,0.0,3.044677330391616,52225.0,8617.125342413783,3.1162680698868557,0.18584000200033188,0.30519000217318537,-13.612561850546346,-47.61904514115231,-50.74626792643008,-58.22784757598857,-58.22784757598857,0
HK.01869,490,0.057999998331069946,0.05900000035762787,-1.694918678807493,0.0071244100097960636,5513500.0,319782.99079835415,8.726602788142127,0.06121999993920326,0.09777999997138977,18.36734662846394,-48.21428880285538,-46.78899107652826,-49.12280850811862,-50.427351298190445,0
HK.01870,490,0.26499998569488525,0.2849999964237213,-7.017547712211622,1.452603723655609,2822500.0,747962.4596238136,7.626446899990394,0.20027999877929686,0.39967999905347823,35.897433546167775,-37.64706393839152,-41.111112730002745,-50.0,-10.169492381566323,0
HK.01871,490,0.4000000059604645,0.4000000059604645,0.0,0.9513572980594367,1127602.1,451040.8467210323,4.011596138273403,0.3078000044822693,0.3233200006186962,33.33333002196431,11.111108351636926,5.263160784158717,53.84616178168377,80.99547712675137,0
HK.01872,490,4.380000114440918,4.195000171661377,4.410010374475721,1.4504382175040118,850100.0,3723438.0972862244,7.658396827932862,3.988500032424927,5.715425003767013,6.829273568811034,-12.39999771118164,-23.29246786025715,-37.15925041196474,15.567286504652747,3
HK.01873,490,1.465000033378601,1.3949999809265137,5.017924975568504,1.9908507135349902,4276850.0,6265585.39275527,5.33775984389221,1.3773000049591064,1.7087750041484833,-7.8616350550878105,27.391309891396187,-39.211619037198545,-16.761361288814985,-46.13970522172621,3
HK.01875,490,3.819999933242798,3.8350000381469727,-0.3911370209900357,0.8758013691187656,548680.0,2095957.5633716583,4.033153943986374,3.665999999046326,3.7591499876976013,-4.975125587876759,16.1094218095753,-5.679018436054256,52.799997329711914,59.16665756040186,0
HK.01876,490,5.925000190734863,5.909999847412109,0.2538129223357308,1.0075905571661707,21990883.55,130295989.22817817,2.6569575958026994,6.305199995040893,6.934989581108093,-5.952380772170391,-10.90225404865216,-18.45280374668996,-18.977563360428785,-23.598983551828205,3
HK.01877,490,17.309999465942383,17.190000534057617,0.698074043959558,1.1683790507576493,2410190.0,41720387.61281967,4.111324093257937,18.555399856567384,21.18844997406006,-9.419157963993731,8.936432296657165,-13.363364051384242,-22.307006586773188,-53.013030960244414,2
HK.01878,490,1.850000023841858,1.7949999570846558,3.064070644688502,4.730924066447642,257457.5,476296.38113826513,5.219489226909694,1.7195999908447266,1.9394999957084655,5.11363828785657,-2.6315764707211,-9.313722625689836,-5.1282062254635195,-20.94016702139073,1
HK.01879,100,323.20001220703125,263.6000061035156,22.610016966430084,3.6922140152953125,467281.8,151025483.46412352,11.738010679771682,311.5280014038086,,-2.415458848171553,-32.12935658923969,,-63.521443317490835,,1
HK.01880,490,46.220001220703125,46.13999938964844,0.17338931970735139,0.7529524439800455,804471.85,37182689.8890213,2.5078813517457648,49.53539985656738,64.31895872116088,-5.20918209242098,-13.398397309097485,-34.2875328554309,-42.032800136790826,-23.93341285098401,1
HK.01882,490,17.06999969482422,17.34000015258789,-1.5570960518323635,1.2470049305968336,4191666.8,71551750.9968048,2.624546695817771,19.258799934387206,20.982003650665284,-14.735268209224516,-17.055394761390037,-24.003425519782716,-20.24797494229747,-20.17625877688275,0
HK.01883,490,2.4000000953674316,2.4200000762939453,-0.8264454667762735,0.8380469165338174,3910291.1,9384699.01291442,1.1047838291153784,2.501939129829407,2.4946333026885985,-0.792705930678983,-6.472502042420847,-3.0121701958249774,3.219976235369104,4.055767762913614,0
HK.01884,490,0.1120000034570694,0.1120000034570694,0.0,0.0,87800.0,9833.600303530693,0.881354629313868,0.1157400007545948,0.11236500017344951,-2.6086944127578815,8.737867308197824,-3.448270103593903,-7.438013170286715,-5.882352204589182,0
HK.01888,490,47.099998474121094,46.619998931884766,1.0296000712862363,0.9106134944208578,78768594.35,3710000673.693663,7.711612268752116,41.55939994812012,34.55970149517059,26.341201760654755,-46.80971558341905,121.3954135561002,253.50785190413015,321.65946995206593,1
HK.01889,490,0.19499999284744263,0.19499999284744263,0.0,0.0,21755.0,4242.224844396114,2.402267155564971,0.17255999952554701,0.3176550004631281,24.999992835980343,-22.00000286102295,-42.64706153048773,-61.000001430511475,-57.60869797607897,0
HK.01890,490,0.8199999928474426,0.824999988079071,-0.6060600368335035,0.19672131147540983,286300.0,234765.99795222282,3.0695419549747367,0.8470468044281005,1.0255040708184242,-6.285715103149414,6.81818499455323,-32.10007262168426,-31.56960206429514,-37.15575903925306,0
HK.01891,490,0.1940000057220459,0.19300000369548798,0.518135755134859,0.2691790040376851,598000.0,116012.00342178345,3.865548676940244,0.17077999979257583,0.15948000013828278,25.161293051617427,4.864866606417649,24.35897546113123,40.579717813032104,50.387609256417,4
HK.01894,490,0.6150000095367432,0.6000000238418579,2.499997516473233,5.798464588947074,2507400.0,1542051.0239124298,7.353432707813851,0.5418000030517578,0.4892829845845699,13.888886129414704,66.21621665160441,-10.869563527278498,32.24214002328787,-1.7629935682201485,1
HK.01895,490,0.2709999978542328,0.2709999978542328,0.0,,0.0,0.0,0.0,0.2709419882297516,0.36729018002748487,0.0,-7.902521363483108,-40.1841144365434,-39.56102964478579,-45.49933292017938,0
HK.01896,490,3.9700000286102295,3.984999895095825,-0.3764082027719855,0.4652662176227208,4558169.55,18095933.243910275,3.3568666360197628,4.51689998626709,5.580481791496277,-10.28248909632412,-18.232693611063013,-31.659180173833075,-39.330085777562466,-49.1203441659371,0
HK.01897,490,0.41999998688697815,0.4399999976158142,-4.545457008456409,0.08868834308525285,22106.0,9284.519710123539,0.3760567402503683,0.4671999979019165,0.46770344421267507,-16.00000262260437,-3.2104263721326243,-14.825176845419316,-9.388488103111298,0.8707551803330363,0
HK.01898,490,10.489999771118164,10.670000076293945,-1.6869756690601776,0.7856688593294072,18020227.85,189032186.02199718,3.321210796155405,10.854379119873046,11.381040124893188,-4.479607190609937,-2.9510068351680734,-22.716445253346635,8.579557978709069,14.953206956409055,0
HK.01899,490,1.0449999570846558,1.0449999570846558,0.0,0.49758528598843893,188681.75,197172.42065265775,1.816912759393758,1.0990999841690063,1.1676478368043899,-1.415093066472453,-10.683761075638705,-18.35937652795113,-4.401423733752454,-0.6078321902866581,0
HK.01900,490,0.1550000011920929,0.1599999964237213,-3.124997089616889,0.9605012338746619,109926.8,17038.654131042957,3.287171211951221,0.1807800003886223,0.2416249982267618,-18.421050980480732,-37.49999849786679,-45.61403398698716,-37.75100303068078,-50.0,0
HK.01901,490,0.13500000536441803,0.13500000536441803,0.0,0.00646830530401035,600600.0,81081.00322186947,2.030287210022948,0.17544000029563903,0.2975449988991022,-8.783781334725182,-33.168316503013315,-65.38461273943874,-68.23529374640707,-63.51351253389007,0
HK.01903,490,2.2699999809265137,2.2799999713897705,-0.4385960784535167,0.11811023622047244,47400.0,107597.99909591675,3.1084609710256608,2.472199993133545,2.400149992108345,-6.198350852829142,-19.787984377264134,-14.015155654362793,22.043008788608667,66.91176154776431,0
HK.01905,490,0.9399999976158142,0.9700000286102295,-3.0927866092331895,0.19183664276233114,5769532.65,5423360.677244362,5.0766510453943745,0.8656463670730591,0.7524103772640228,-4.3579969193133365,31.34834208206994,29.276525791885767,35.992200182776415,19.812101760093988,0
HK.01906,490,0.8500000238418579,0.8500000238418579,0.0,1.0037128523251717,7439237.5,6323352.052365243,8.772893921724759,0.6549000006914139,0.55447499781847,29.771001674754093,77.0833422585082,49.12281307157064,77.0833422585082,117.9487320563267,0
HK.01907,490,1.774999976158142,1.7949999570846558,-1.114205092182653,0.48640275662122995,21554400.95,38259061.17235304,4.239224862574355,1.8890666890144348,2.416950807571411,-9.822580409745871,-15.565003266871969,-36.919279118581905,-23.11191508289836,-28.277181737914475,0
HK.01908,490,12.180000305175781,11.819999694824219,3.0456905215420673,0.8885578550773232,10546088.8,128451364.8024109,5.151589985231677,14.296800003051757,14.360845074653625,-24.907516517910324,-12.247837141560515,-9.799625049570226,-16.01629822197927,-30.48065549820182,1
HK.01909,490,1.7949999570846558,1.7949999570846558,0.0,0.0,43305.0,77732.47314155102,2.8019596262955626,1.8387999963760375,2.03859999358654,-6.510416812185822,-1.9125729513607221,-36.347517745486805,17.320260826813833,0.2793293485019055,0
HK.01910,490,12.25,12.149999618530273,0.8230484329992359,1.0905301551239326,4216303.4,51649716.650000006,2.553999368902892,13.230999927520752,15.415564365386963,-5.696688099744791,-12.873402315773493,-24.145532229711247,-35.10650519463972,-23.47464695425061,1
HK.01911,490,3.5799999237060547,3.640000104904175,-1.6483565788166277,0.6915189427778206,695297.75,2489165.8919529915,7.470533696437136,3.295199999809265,3.7544999885559083,12.401883454409052,3.768112296393128,-4.278077150339552,-20.444446139865452,-52.582783665365675,0
HK.01912,490,3.5199999809265137,3.1600000858306885,11.392401434102805,0.3342783135251003,1136909.9,4001922.826315164,13.727977840543657,2.128600001335144,1.0846249996125699,92.34972122289446,113.33333525994813,618.3673290648298,395.7746601842556,324.09639177171505,1
HK.01913,490,39.13999938964844,39.02000045776367,0.3075318566811802,3.4401092604711745,1259006.45,49277511.68456344,2.85764302240722,40.866400146484374,39.56603820800781,-4.768854397176641,-3.548551937975169,2.4880044781683304,-8.74670573302065,-10.508507099352558,2
HK.01915,490,0.26499998569488525,0.26499998569488525,0.0,,0.0,0.0,0.0,0.26499998569488525,0.26499998569488525,0.0,0.0,0.0,0.0,0.0,0
HK.01916,490,0.5699999928474426,0.5699999928474426,0.0,0.2480635852781856,416850.0,237604.49701845646,1.9508363821241463,0.5927180933952332,0.6204927656054496,-3.389827426361236,-3.4347416951011907,-11.83172725864625,-9.199839269786537,-17.78904144800441,0
HK.01917,490,0.07699999958276749,0.08100000023841858,-4.93827239984856,0.0,72500.0,5582.499969750643,2.082682134907309,0.08240000024437905,0.10613999992609024,-2.5316505836303587,-18.947367843168255,-39.37008100364832,-35.294119488527045,53.99999687075619,0
HK.01918,490,0.6100000143051147,0.5550000071525574,9.9099110709451,1.7752328171307716,322378179.25,196650693.95415685,7.848308733712092,0.5684000015258789,0.9549999952316284,8.928573519295567,-21.794867092335547,-45.535713240352216,-52.34374781721267,-63.253010447545435,4
HK.01919,490,16.579999923706055,16.790000915527344,-1.250750329781583,0.5286279116763678,21674227.7,359358693.61238766,2.9473118768259026,16.109400062561036,14.490608825683594,-7.632316328710005,20.144925322810113,8.7238470605915,23.428943121938882,28.82277740123494,0
HK.01920,490,0.3799999952316284,0.375,1.3333320617675781,0.20148595894723587,359550.0,136628.998285532,4.645690014159321,0.4343999963998795,0.6348999971151352,1.3333320617675781,-51.89873608731431,-51.28205010641722,-6.172840959723081,-13.636364252114102,1
HK.01921,490,3.134999990463257,3.1449999809265137,-0.31796472254066116,0.2626606967935158,1297239.8,4066846.7606285573,6.846754335965032,3.5753000211715698,5.007775001525879,-25.53444270648691,6.632650661481793,-47.57525116280887,-57.80619027060927,-47.487435500184226,0
HK.01925,490,1.2400000095367432,1.2350000143051147,0.40485790880267447,0.8256880733944955,22700.0,28148.00021648407,0.7997348918989754,1.2809999942779542,1.2300795233249664,-1.1952179881974254,0.8130073421291051,-3.124997089616889,10.714286094417377,26.550946132466454,1
HK.01927,490,0.3100000023841858,0.3149999976158142,-1.5873000855468575,0.6054872280037843,532000.0,164920.00126838684,3.742329123119592,0.2590799978375435,0.18966499999165534,16.981139289989432,31.914894966153124,126.27738306014173,127.94116583610959,123.02158674426991,0
HK.01928,490,12.239999771118164,12.199999809265137,0.3278685449048112,1.8211821389762655,18232246.2,223162689.31497002,2.409257832225621,13.408048343658447,15.471895089149475,-13.054190562605317,-11.112623974687684,-25.04011524877061,-34.15686100286231,-34.12388348175075,2
HK.01929,490,11.050000190734863,11.029999732971191,0.18132781729709324,0.7647205911090805,18164215.5,200714584.73954916,3.209469905310357,12.176271266937256,11.92529079437256,-18.3899540482524,-8.652934975211938,-4.390067719643252,-7.9936532040766295,-27.92551849798885,1
HK.01930,490,0.3050000071525574,0.3050000071525574,0.0,0.0,184200.0,56181.00131750107,6.385438929251901,0.35260000348091125,0.36963798239827156,-12.857139329520963,-14.084502430904152,-21.280395375542387,-19.2357221717593,-20.27116259908745,0
HK.01931,490,0.47999998927116394,0.47999998927116394,0.0,0.0,241800.0,116063.99740576744,3.710617221418218,0.5801999926567077,1.3903000038862228,-20.000004967053535,-30.434783923227837,-60.00000248352677,-80.80000042915344,-95.48447804229954,0
HK.01932,490,0.14000000059604645,0.14000000059604645,0.0,2.6700251889168767,90000.0,12600.00005364418,1.3174650639235592,0.14614000290632248,0.20262999940663576,2.941171314477376,-39.65517042047481,-45.098037955303525,-2.7777731786537547,-2.7777731786537547,0
HK.01933,490,0.21899999678134918,0.21899999678134918,0.0,0.0,395600.0,86636.39872670174,4.593359107006031,0.22847999900579452,0.19776999920606614,6.829267654441633,-4.782611822360798,-6.410256736821419,69.76744830769583,36.87500104773792,0
HK.01935,490,0.7599999904632568,0.7599999904632568,0.0,0.0,9100.0,6915.999913215637,0.83996338224248,0.7660999989509583,0.9401249998807907,1.3333320617675781,-5.000002607703171,-30.909093273572637,-16.48351993844085,-11.627909555636291,0
HK.01936,490,0.8700000047683716,0.8700000047683716,0.0,0.0,13300.0,11571.000063419342,0.3072182190801533,0.8605000054836274,0.7821250000596046,0.0,10.126579890857109,14.473686274399084,24.285717083483373,35.937503783498045,0
HK.01937,490,0.14399999380111694,0.14399999380111694,0.0,0.3973509933774834,153500.0,22103.99904847145,1.891863268045506,0.15268000155687333,0.1734950001910329,-4.000007947285654,-14.285716819925407,-22.580650329920513,-17.24138049157048,-42.40000247955322,0
HK.01938,490,0.20900000631809235,0.21299999952316284,-1.8779310863967928,4.692179700499168,137300.0,28695.70086747408,5.111225095325421,0.23153999984264373,0.2939000007510185,-27.931030230346266,-19.61537923685878,-44.26666498184204,-25.357140918471384,-54.56521684201769,0
HK.01939,490,0.44999998807907104,0.41999998688697815,7.142857649699376,0.18482490272373542,2063200.0,928439.9754047394,9.804568628577803,0.42959999859333037,0.778724998831749,13.924044520594197,-19.642859613712943,-28.57142992300783,-54.54545618745576,-92.78846146498441,1
HK.01940,490,1.340000033378601,1.2799999713897705,4.687504947651288,0.0,215400.0,288636.0071897507,3.2274038090468733,1.1757000041007997,1.1971250075101851,20.720722172014707,22.935779114161264,-15.18987360873143,48.88889654183114,106.15385885069404,2
HK.01941,490,0.7049999833106995,0.6949999928474426,1.4388475634778752,2.441679626749611,143600.0,101237.99760341644,4.090252473030738,0.5687999927997589,0.38234999679028986,21.551724758074503,30.555547277132998,127.4193477059999,213.3333342163651,184.27419146478297,1
HK.01942,490,0.0729999989271164,0.07000000029802322,4.2857123090296465,0.2795031055900621,2622800.0,191464.39718604088,4.536940869527381,0.07577999964356423,0.1834403546154499,-5.194806074448718,-23.157894901951927,-66.81818212605705,-77.18749982537702,-82.82353014599492,1
HK.01943,490,1.184999942779541,1.1799999475479126,0.4237284282951545,0.651096545409624,3011850.0,3569042.0776605606,6.275275259748106,1.042799996137619,0.7503499995172024,-19.387760563524196,76.86565869580593,66.90140543559117,146.87499359715716,55.92104705912247,1
HK.01945,490,1.3899999856948853,1.3899999856948853,0.0,0.43383947939262474,9040.0,12565.599870681763,3.215171521612988,1.4607999992370606,1.5788499999046326,-4.137935173497195,-14.723927008517467,-11.464972021884396,-10.322578809263746,14.876028253980014,0
HK.01947,490,0.5450000166893005,0.5450000166893005,0.0,1.3392857142857142,59750.0,32563.750997185707,1.0083024132326683,0.5351000028848648,0.44305000081658363,-0.9090900224102623,4.807699361496682,51.38888750915179,43.42105882319725,65.15151364634741,0
HK.01948,490,4.065000057220459,3.684999942779541,10.312079249431127,0.0,2750.0,11178.750157356262,0.57640422618846,3.919900040626526,4.252921049594879,0.6188142476111521,-1.811589654199755,-11.116427375678649,-2.0164450647507612,-16.862430997632533,1
HK.01949,490,0.6299999952316284,0.6899999976158142,-8.695652549493667,0.6580275107546869,386970.0,243791.09815478325,2.696694778736409,0.5962000036239624,0.6742500008642673,5.882347048478309,41.57303491184741,-16.000000635782875,-16.000000635782875,-47.058826475760846,0
HK.01950,490,0.10899999737739563,0.10999999940395355,-0.9090927563423067,0.0,196880.0,21459.91948366165,4.83884966316658,0.10746000021696091,0.13047500025480985,4.807687623525609,-6.83760803501187,-10.655740858549935,-41.08108325802206,-54.20168282941739,0
HK.01951,490,2.0899999141693115,2.0950000286102295,-0.23866894380115683,1.2556732242274085,14440549.25,30180746.693057716,3.4838178321358724,2.1771000051498413,2.2833400881290435,-6.2780315563558435,3.6557102136542627,-11.398035111508802,-11.028861007191908,-21.49604914297648,0
HK.01952,490,27.579999923706055,26.34000015258789,4.707668048347884,0.5781483659790606,10988965.7,303075673.16760844,7.313444449182259,28.678800201416017,34.39210003852844,-12.277355422339092,4.075471410211527,-25.216922112427852,-27.229554582276577,-54.82391438432066,2
HK.01953,490,1.2350000143051147,1.2350000143051147,0.0,0.42882543666980444,2410750.0,2977276.2844860554,6.882621939588589,1.1931000089645385,0.7577520694583655,6.465521538087627,32.79569944159421,233.78378334839562,710.647408185109,700.8805879863246,0
HK.01955,490,0.6200000047683716,0.6200000047683716,0.0,0.41570438799076215,88400.0,54808.00042152405,3.0829473009601593,0.5771521329879761,0.5558149859309196,8.035185706030228,15.037465597276404,19.461985029286456,1.836446062743054,3.30988952401989,0
HK.01956,60,79.69999694824219,76.69999694824219,3.911343050019188,1.6460117042368432,307088.25,24474932.587841034,10.772252284180132,78.65700012207031,,-8.966311627510576,,,-28.64816550964425,,1
HK.01957,490,0.2849999964237213,0.2750000059604645,3.636360089641049,0.36202265561135116,213075.0,60726.37423798442,2.6062711595923327,0.27919999897480013,0.23855999886989593,1.785712575121809,19.246864115995134,44.670051222175104,26.666668432730262,26.666668432730262,1
HK.01958,490,0.7350000143051147,0.7099999785423279,3.5211319039915216,2.648344097106373,8471217.35,6226344.873431736,6.339812484976916,0.804099999666214,1.3693749994039535,-4.5454503231655545,-25.75757502779744,-53.77358497639094,-62.69035514564772,-63.43283493569993,1
HK.01959,490,4.559999942779541,4.559999942779541,0.0,1.9762678940923102,344615.0,1571444.3802809715,5.0078183884907554,3.622899975776672,3.3237749940156935,-2.9787206844054155,86.12244302160997,-8.80000114440918,36.93693835598,1723.9999771118164,0
HK.01960,490,0.3799999952316284,0.3799999952316284,0.0,0.1480836236933798,345200.0,131175.99835395813,4.901565072328553,0.3369999992847443,0.3747399993240833,22.58064268034779,22.58064268034779,-16.48351993844085,40.74073338214291,65.21738623400951,0
HK.01961,490,0.0989999994635582,0.0989999994635582,0.0,,0.0,0.0,0.0,0.0989999994635582,0.19461499836295842,0.0,0.0,-79.79591887005166,-63.33333498901784,-61.923075732747435,0
HK.01962,490,0.47999998927116394,0.4749999940395355,1.0526305882884401,1.2104250481021515,598400.0,287231.9935798645,2.2960092031198225,0.4507783955335617,0.424320282638073,10.757298604988922,15.735157851924694,18.94260078876947,17.663654819375733,10.532521532603061,2
HK.01963,490,8.300000190734863,8.380000114440918,-0.9546530144813964,1.2305985101049177,1589694.8,13194467.143210221,2.182052449110991,8.189999923706054,7.773382170200348,1.3431088643158922,4.431452880321681,10.410358846501522,9.435741160871155,17.676659712760262,0
HK.01965,490,0.14000000059604645,0.12999999523162842,7.6923121009354265,0.45351473922902497,45100.0,6314.000026881695,1.405415937959698,0.1371399998664856,0.13987000077962874,-2.7777731786537547,0.71942592579093,-6.666669978035689,0.0,-11.949682057005097,1
HK.01966,490,0.04399999976158142,0.04500000178813934,-2.2222266373809187,0.0,185250.0,8150.999955832958,3.9266943016832334,0.04662000022828579,0.06369000036269426,0.0,4.761905606641802,-37.1428577510678,-43.58974505928608,-57.28155367897373,0
HK.01967,490,0.26499998569488525,0.28999999165534973,-8.620691958562439,6.973684210526316,22550.0,5975.7496774196625,1.7243503040686219,0.28859999537467956,0.36564999669790266,-7.017547712211622,-23.188409678101227,-33.750004563480545,-35.36585658380918,-44.21052862732697,0
HK.01968,490,0.1599999964237213,0.16099999845027924,-0.6211192771326315,1.8823529411764706,74400.0,11903.999733924866,1.8351812721772638,0.1685199996829033,0.17258499950170517,0.6289321143370824,0.0,-17.098449036215303,-4.191616445885584,0.6289321143370824,0
HK.01969,490,0.9200000166893005,0.9100000262260437,1.0989000192372347,3.183885640025991,87550.0,80546.00146114826,2.884318227899025,1.0332000052928925,1.9439000070095063,-7.999998331069946,-7.999998331069946,-50.802138270408356,-74.4444433038617,-78.35294078378116,2
HK.01970,490,8.050000190734863,8.449999809265137,-4.733723403066678,272.7889818002951,148360.0,1194298.0282974243,1.6723607189792913,8.409899997711182,8.156925010681153,-6.286378955305871,-7.364780443639655,3.8709702030304936,-1.2269869015459354,-0.7398208197577808,0
HK.01971,490,0.3100000023841858,0.3100000023841858,0.0,1.580547112462006,35300.0,10943.000084161758,3.8878474162834817,0.3210000014305115,0.35485000103712083,-13.888891648363074,-8.82352966957026,-17.333332697550453,-19.480516866721533,-20.512816985918324,0
HK.01972,490,24.31999969482422,23.920000076293945,1.6722392025687969,2.8341598350282036,2262186.85,55016383.501635365,2.315597514825293,23.524246635437013,22.67773850440979,-2.756532808872155,19.55392183336934,3.2542035568071723,20.821084469780242,19.021144208830485,1
HK.01973,490,1.899999976158142,1.7949999570846558,5.849583375145135,0.02032520325203252,19700.0,37429.9995303154,2.450758607448859,2.0198000121116637,2.4935000026226044,-5.0000011920928955,-13.636366591965793,-33.5664319632962,-46.47887319214073,-41.53846227205717,1
HK.01975,490,0.5099999904632568,0.5049999952316284,0.9900980750178164,0.3800786369593709,302000.0,154019.99711990356,2.6849395422518345,0.42510000228881833,0.3997857175767422,27.49999571591622,22.891566438103197,25.925923200519225,44.286173079564406,50.27722158609369,2
HK.01977,490,0.9150000214576721,0.9150000214576721,0.0,0.1284296555750146,171200.0,156648.00367355347,0.668074662158312,0.9031549572944642,0.9083873146772384,3.6215894182425643,-0.6514638797148503,-8.132516222968079,9.02953881980376,18.880849137361576,0
HK.01978,490,0.2199999988079071,0.2199999988079071,0.0,0.0,80200.0,17643.99990439415,3.9595344537112798,0.250899997651577,0.3092250008136034,-2.654866089657651,-20.00000216744158,-35.29411867828104,-38.88889164836307,-44.303799282948596,0
HK.01979,490,1.5049999952316284,1.5199999809265137,-0.9868411765204126,1.0804660184996042,373419.05,561995.6684693992,2.331864370819391,1.71589998960495,2.213040655255318,-15.449437111138288,-34.662887679944355,-45.2830547670687,-28.641036154229376,-33.06815293654724,0
HK.01980,490,0.6100000143051147,0.6100000143051147,0.0,0.11498140006763612,145950.0,89029.5020878315,3.8615172649784437,0.5602091610431671,0.598182732462883,10.084033703836887,15.77803329993746,-8.838091865061056,1.886828894155633,4.974311091152674,0
HK.01981,490,0.675000011920929,0.675000011920929,0.0,3.078486730660644,504250.0,340368.7560111284,2.9659617630616233,0.6657000005245208,0.7710698741674423,3.053441435840466,0.7462679264300778,-5.196621253561106,-22.161438524002264,-55.183859570918884,0
HK.01982,490,0.7649999856948853,0.7699999809265137,-0.6493500461665078,1.8189134808853118,268900.0,205708.49615335464,1.3642546596974947,0.7899000012874603,0.9523296907544136,-3.773588725110657,-14.999999337726152,-32.30088593601499,-27.14285519658294,-5.125080528109161,0
HK.01983,490,2.0899999141693115,2.0899999141693115,0.0,0.0,14050.0,29364.498794078827,0.2912047336403782,2.1998999738693237,2.085330045223236,-5.6433410764658465,1.6675571856414864,14.701862458831394,3.0730995059693798,-6.414797874274565,0
HK.01985,490,2.5299999713897705,2.5,1.1999988555908203,0.24,98500.0,249204.9971818924,1.8547114389950263,2.9692000007629393,1.9485500001907348,-2.879080504206326,-33.42105254902404,94.61538955304768,102.39999771118164,58.1249958556146,1
HK.01986,490,0.9700000286102295,0.949999988079071,2.1052674507500932,0.7925712791001831,971200.0,942064.0277862549,5.496879682435853,0.9129593753814698,0.8589537793397903,6.529386882102521,9.488545277565999,16.53598835177185,23.819498152853424,26.314604779322593,1
HK.01987,490,0.2199999988079071,0.2199999988079071,0.0,0.3729146221786065,207600.0,45671.999752521515,3.3734350112162366,0.2303399994969368,0.2063329079002142,-8.333331781129008,4.761907465063339,15.865705510663503,18.79160113822758,52.73206036185124,0
HK.01988,490,3.430000066757202,3.575000047683716,-4.055943468321374,1.9502576761440789,38504271.4,132069653.47243743,2.9255819818611,3.3846125698089597,3.5219061076641083,1.9100903680921317,3.737733548407101,-8.543559511745379,-8.543559511745379,-13.822000656168095,0
HK.01989,124,107.5999984741211,116.80000305175781,-7.876716042173307,2.6182985235871623,1212799.05,130497175.92941552,7.293530693346775,121.65299957275391,,-17.230770404522236,-41.106016250547874,,12.573395800731713,,0
HK.01991,490,0.6800000071525574,0.6949999928474426,-2.158271345216813,0.5361211633829246,305940.0,208039.2021882534,5.779270760677044,0.7823999965190888,0.7227749961614609,-11.688308571860292,17.241383917124878,-8.108108325802206,-19.047615668670826,-50.0,0
HK.01993,490,0.4699999988079071,0.5199999809265137,-9.615381529345202,2.9014084507042255,19750.0,9282.499976456165,8.804740840220578,0.5073999959230423,0.581324997395277,0.0,-22.950821674437094,-18.965515115173133,-9.615381529345202,-31.884057908417724,0
HK.01995,490,1.7350000143051147,1.7100000381469727,1.4619868772186173,3.50309313428072,1894882.5,3287621.1646065116,2.026901085614886,1.6825804591178894,1.6488898187875747,4.079985400146542,5.575384169881789,6.856008383883666,13.104895286405895,5.11378922013891,1
HK.01996,490,0.027000000700354576,0.03099999949336052,-12.903222123802454,0.1762507188039103,3458950.0,93391.65242249146,11.706037409616476,0.023839999828487633,0.02782500013243407,-6.896546630102299,12.500001940255348,-15.625001818989318,-20.588237549916148,-45.99999940395356,0
HK.01997,490,30.479999542236328,30.260000228881836,0.7270301113365906,2.65671870812694,4418253.4,134668361.6094841,2.689165925201614,28.81727886199951,24.930217380523683,-6.24026850221094,44.040420701954105,24.185305577580294,27.924644663504424,39.77565812946046,3
HK.01999,490,2.819999933242798,2.8399999141693115,-0.7042247017941755,1.3818544818698346,12314373.25,34726531.742926896,3.5232370154051016,3.085199990272522,3.8964584398269655,-10.047848745731947,-13.077452312131507,-35.62720595550569,-37.430750527117524,-38.323601745637006,0
HK.02000,490,0.30000001192092896,0.30000001192092896,0.0,0.7632508833922261,292900.0,87870.00349164009,4.203341189706446,0.2615999972820282,0.2968999986350536,15.384624201870853,-1.6393426604503258,-6.249994179233778,-15.492951834492505,-11.764703304297399,0
HK.02001,490,0.5049999952316284,0.49000000953674316,3.061221510804984,0.284625915815501,1182940.55,597384.9721093,3.5515842895963616,0.5490999948978424,0.7414749976992607,-7.339453253719029,-15.833337472544612,-39.88095107160994,-47.93814635705025,-51.904760174740396,1
HK.02002,490,1.2649999856948853,1.25,1.1999988555908203,1.0333333333333334,183800.0,232506.9973707199,3.629537780816177,1.0120999991893769,1.155224992930889,33.15789490195193,36.02150279202895,0.3968250213867144,-11.538459294069238,-30.494508283637145,6
HK.02003,490,1.1799999475479126,1.100000023841858,7.272720179282098,1.4120879120879122,38970.0,45984.597955942154,5.423030093548266,0.9167999994754791,1.5242000034451484,31.111108756359652,19.19191274554404,-32.571431568690706,-55.30303406594965,-63.345199617075544,2
HK.02005,490,2.700000047683716,2.755000114440918,-1.9963725761355733,0.7454389160895416,5759892.2,15551709.214653064,2.7095823429581034,2.4819184017181395,2.525099365711212,11.363641057023338,27.60416707747381,10.357535299026795,-2.3760271980439036,-8.747025315349006,0
HK.02007,490,0.17399999499320984,0.17100000381469727,1.7543807670106775,1.8611217507877187,364945570.8,63500527.491994105,5.339213673299685,0.1819400006532669,0.2782599997520447,-6.4516178134244875,-13.861391616444715,-42.95082265156239,-55.94936955263547,-73.23076901915509,1
HK.02008,490,1.2799999713897705,1.3049999475479126,-1.9157070622965848,2.589974293059126,35150.0,44991.99899435043,1.8580054407682682,1.3165999913215638,1.6181499952077865,2.8112422881404373,-13.513516561230885,-30.810813248984708,-29.670333269209216,-7.246378564303781,0
HK.02009,490,0.6150000095367432,0.6100000143051147,0.8196713302251629,0.836945700733903,11448583.55,7040878.992432201,2.3869658165280905,0.5932000005245208,0.6714021542668343,5.128210614497419,-3.9062463620211116,-18.287937866449486,-9.454201613380926,-18.287937866449486,1
HK.02011,490,1.1799999475479126,1.1799999475479126,0.0,0.0,15600.0,18407.999181747437,0.5580233586422093,1.3068000268936157,1.3773500114679336,-11.940304615312076,-14.492757128607561,-13.235298887049812,-20.805373154676214,-15.714288025486264,0
HK.02012,490,0.1599999964237213,0.15700000524520874,1.9108223428572948,0.3696199396223178,2047154.5,327544.712678805,11.182308779121444,0.18168000042438506,0.3201400001347065,5.263158926673246,-37.25490218994481,-58.44155834102776,-63.21839182832657,-68.6274510949724,1
HK.02013,490,0.8100000023841858,0.800000011920929,1.2499987892806712,0.6299866219519402,29569646.0,23951413.33049953,3.8795945821890143,1.0798999965190887,1.5512249997258187,-19.40298445498995,-38.636365894115244,-55.978261538568184,-57.59162217070634,-65.23605026150324,1
HK.02015,490,47.560001373291016,46.880001068115234,1.4505125633162022,1.0461774171953349,10890145.3,517935325.4233387,3.6511220410828007,48.79900001525879,61.08890001296997,-7.109373701969181,-11.762523141198573,-31.911234914469404,-30.110214194821427,-49.98948250642382,3
HK.02016,490,2.4000000953674316,2.4000000953674316,0.0,2.3522156850699982,7206482.3,17295558.207263708,2.0167440018524503,2.341000018119812,2.358409013748169,5.032822985428295,2.56411040166298,-3.090975009920671,0.7394187047733267,-6.6407539722287146,0
HK.02017,490,0.550000011920929,0.5400000214576721,1.851850012202395,0.1935483870967742,823100.0,452705.0098121166,13.525031046467051,0.4379600015282631,0.2733899996429682,19.565217813832543,129.16667675599479,202.19781488385325,139.13043562766507,127.27273343023194,1
HK.02018,490,40.619998931884766,40.400001525878906,0.5445480141007825,0.8434302745756149,5405085.5,219554567.23674583,4.240282431967062,40.83400016784668,39.194748649597166,1.2967592956375273,-16.898531006003857,22.82800577857323,1.463964833132612,-5.730063131167816,1
HK.02020,490,71.69999694824219,72.0,-0.41667090521918404,0.7722338019981212,8347976.75,598549907.4989967,2.9158420761157977,73.75180725097657,75.98920616149903,-1.2734524953716655,1.465155470804479,-6.617645013062592,-9.411133841665341,-22.311744780000875,0
HK.02022,490,0.04800000041723251,0.04800000041723251,0.0,0.0,235000.0,11280.00009804964,4.591983448012905,0.04970000013709068,0.052335000056773426,-7.692308794464562,-19.99999751647308,-7.692308794464562,-5.882350363120852,-40.7407404000649,0
HK.02023,490,0.7699999809265137,0.800000011920929,-3.750003818422499,1.9672131147540983,24200.0,18633.99953842163,1.9140677856564061,0.7607000005245209,0.7615749979019165,-1.9108337322794828,1.31578823536055,-1.2820501064172196,-2.5316506313829312,-1.2820501064172196,0
HK.02025,490,12.699999809265137,12.100000381469727,4.958672800657641,1.1443433029908974,466800.0,5928359.910964966,2.847063381649259,12.129999980926513,12.693891005516052,5.92160176564173,9.279198276008504,-19.168089443626226,10.704578412128585,127.74643828599916,1
HK.02026,214,53.29999923706055,52.75,1.042652582105302,2.5012016795635987,1861061.85,99194595.18512249,5.119099203737524,57.55599998474121,84.33774991989135,-13.403736965495366,-16.326532812115143,-47.69381900006716,-54.091300656699644,,3
HK.02028,490,4.204999923706055,4.045000076293945,3.955496771181825,0.43862679754219774,32029150.6,134682575.82936975,19.463368125643914,2.133200008869171,0.7671800020709634,140.28570992606026,468.24322561002134,3185.1560343588167,5506.666342152502,2991.9115405761886,4
HK.02030,490,1.2899999618530273,1.2799999713897705,0.7812492724042223,1.9957537154989384,22800.0,29411.999130249023,1.128733761444613,1.278536424636841,1.3394632548093797,0.7812492724042223,-0.4546887918863238,-4.840862002724811,-11.866036229119063,-13.605522448759958,1
HK.02031,490,0.5149999856948853,0.4699999988079071,9.5744653193861,0.05649717514124294,88750.0,45706.248730421066,1.4709369258838816,0.41978787422180175,0.34911893054842946,11.882812577390514,48.169134318473404,71.3205702776884,79.7461642070042,56.51669061443228,2
HK.02033,490,0.2160000056028366,0.2160000056028366,0.0,0.0,41700.0,9007.200233638287,1.0437186317755234,0.22953999727964403,0.28923499815166,-7.296133084639557,-24.210523398849297,-33.538457376716956,-34.54545544855519,-38.095238298600705,0
HK.02038,490,16.420000076293945,15.880000114440918,3.4005035136112083,1.7711873008571155,701085.9,11511830.53148861,4.269679651377063,17.454799823760986,20.729737200737,-4.200696260172156,-32.92483503537711,-22.397999195928442,-14.176606510201237,8.541349794395376,1
HK.02039,490,7.744999885559082,7.510000228881836,3.129156451600205,1.8653639756759672,3191027.4,24714506.847815894,4.619615165182083,7.696399974822998,8.941959538459777,-6.855077854350814,-11.095350788866346,-29.63023649523923,-14.712452472730728,-0.6751059341921076,2
HK.02041,9,8.399999618530273,8.015000343322754,4.803484201073803,,,,,,,,,,-12.133899060361495,,1
HK.02048,490,0.06800000369548798,0.06499999761581421,4.615394138020521,0.15124334978000134,70573835.0,4799021.040804759,29.608968271370696,0.03781999997794628,0.05328000007197261,161.5384703557165,100.0,-2.85713799145759,-2.85713799145759,-35.23808969662016,2
HK.02050,308,24.899999618530273,24.399999618530273,2.0491803599057485,1.2101467332340492,5601290.8,139472138.78327712,3.193679666934922,25.888399925231933,30.849426803588866,-9.520351728389123,-8.43659850900886,-19.809122091970078,-37.113050607660924,-21.097845283668647,3
HK.02051,490,0.41499999165534973,0.4399999976158142,-5.68181956725673,0.9488516490123416,2277450.0,945141.7309954762,7.815302191280918,0.36549999952316287,0.5244750018417835,31.746030094101542,-11.70212921107609,-39.85507346531645,-20.192306369719372,-36.1538450957755,0
HK.02057,490,163.0,162.5,0.3076923076923077,1.3005545094628401,1656697.55,270041700.65000004,2.1693297796249835,177.11999938964843,179.51201522827148,-3.8348082595870205,-6.643760422687668,-11.761828913881041,-2.0222778366104874,10.431647573704279,2
HK.02068,490,1.7000000476837158,1.6950000524520874,0.2949849602892418,0.664719246997728,776650.0,1320305.037033558,2.1082053455669616,1.8197000002861023,2.313424991965294,-6.849314889533817,-17.874391183165482,-38.84891851873451,-34.61538038310199,-28.270036718474927,1
HK.02076,490,57.900001525878906,58.599998474121094,-1.194534072473261,0.04115529476411921,1922778.6,111328883.87392731,3.053551495608568,62.75900039672852,63.084850254058836,-6.8382942810231855,14.088672957396858,-2.1132712895250028,-27.07808512194107,-37.21146306881996,0
HK.02078,490,0.13199999928474426,0.13199999928474426,0.0,0.0,15750.0,2078.999988734722,3.554053503894975,0.12994000062346459,0.13007999993860722,-4.347824209053363,12.820513473642839,-3.649631702015051,1.5384647126735067,-19.512197781289846,0
HK.02080,490,0.3449999988079071,0.33000001311302185,4.545450029951333,0.17424975798644723,99500.0,34327.49988138676,3.6530419912231897,0.3082999974489212,0.31219999864697456,6.153849680748341,7.812502037268178,16.94915733677141,-4.166670805877945,9.523809974335942,1
HK.02086,490,0.5299999713897705,0.5350000262260437,-0.934589643208842,0.44642857142857145,11450.0,6068.499672412872,1.756748846395077,0.513700003027916,0.48129999861121175,9.278341393273893,-8.620691958562439,12.765951645541577,13.978487594318741,-11.666674945089223,0
HK.02088,490,0.03799999877810478,0.03799999877810478,0.0,,0.0,0.0,0.0,0.03799999877810478,0.03799999877810478,0.0,0.0,0.0,0.0,0.0,0
HK.02096,490,11.170000076293945,11.270000457763672,-0.8873147951013467,2.2438555511063494,5770532.8,64456851.81625671,3.1828626290541244,12.08060007095337,11.737139048576354,-7.533111367213719,18.326277254351318,-3.977736950709924,-3.326738557155415,-18.167540529012474,0
HK.02097,383,194.39999389648438,190.6999969482422,1.9402186719732366,0.34591081893387554,465110.5,90417478.3611908,3.989838323732623,217.24000061035156,305.1540001678467,-16.42304866923814,-23.404258645008728,-39.62733108804833,-52.21238944691914,-52.32957338998817,3
HK.02098,490,0.07599999755620956,0.07400000095367432,2.7026980767031223,1.8104957231084249,1644550.0,124985.79598106444,8.194607305045446,0.06828000016510487,0.09152000023052097,10.144926753772236,-10.58823910963985,-32.74336382379099,-24.752480287129135,-35.59322280039289,1
HK.02099,490,250.8000030517578,246.8000030517578,1.6207455229087409,0.7491187131774265,2453269.5,615279998.0867844,5.163169420690444,215.15200073242187,179.51426849365234,-3.8343501569291636,58.734179146682166,41.916137315561755,55.42360905836139,96.00576530019337,1
HK.02100,490,0.25999999046325684,0.26499998569488525,-1.8867907552966041,0.43898156277436345,221500.0,57589.99788761139,1.9068264856036323,0.325,0.4035687017440796,-14.754103486558959,-40.36342268888877,-33.737136824276206,-36.85539101458605,-56.005804066659024,0
HK.02101,490,1.0099999904632568,0.9649999737739563,4.663214291427685,0.29058749210360074,200450.0,202454.49808835983,4.878204380556474,0.983752864599228,0.9121819531917572,0.9999990463256836,31.89624829048486,10.837175462535406,1.45865860601153,9.056665291309578,2
HK.02102,490,0.3199999928474426,0.32499998807907104,-1.5384601277006635,6.355140186915888,138500.0,44319.999009370804,2.1726078707379464,0.29930000185966493,0.28488521337509154,6.666660043928621,14.285711244660995,13.723342859512286,24.253279819828766,69.96911326970675,0
HK.02105,490,7.260000228881836,6.840000152587891,6.140351855621519,0.4283929427205682,1857357.1,13484412.971115304,6.843962016856164,6.590800046920776,11.640599987506867,20.0,-10.920238420930566,-48.14285550798689,-46.5783653615387,-59.689060873862196,3
HK.02107,490,0.3799999952316284,0.3799999952316284,0.0,0.0,606250.0,230374.99710917473,3.7571686639461213,0.39009999990463257,0.25293000005185606,-12.643679735887027,62.39316217545239,72.72727149577179,63.793106106033584,40.74073338214291,0
HK.02108,490,0.4000000059604645,0.4000000059604645,0.0,1.4950819672131148,156500.0,62600.00093281269,3.723632485396322,0.4148000001907349,0.3828996928781271,8.108108325802206,-12.10327928027989,36.888325406860055,46.49452813709553,69.71926678822794,0
HK.02110,490,0.6600000262260437,0.6499999761581421,1.53846929764635,1.5097325526190852,27605.0,18219.300723969936,4.924570499735427,0.7439999973773956,0.9575499951839447,1.53846929764635,-30.52631215705761,-26.666661809991776,-35.92232577098899,-43.10344437781741,1
HK.02111,490,2.5899999141693115,2.634999990463257,-1.7077827877348073,0.37169163506672626,1107992.15,2869699.5734002707,3.0650055492459027,2.3674867820739744,2.6272531723976136,18.864856040348574,6.697594482141941,-9.395278319399445,-12.975399025920211,-12.821615959821974,0
HK.02112,490,0.03999999910593033,0.03999999910593033,0.0,0.10342598577892695,506800.0,20271.99954688549,7.4922888355510615,0.03561999998986721,0.057514999993145466,14.285711244660995,-42.857144377669506,-42.857144377669506,-25.925929503022143,-32.20339175682921,0
HK.02113,490,1.2599999904632568,9.420000076293945,-86.62420403122788,3.6468457794794937,8271817.7,10422490.2231138,52.281072739777954,4.637399969100952,2.411949983239174,-62.275448417889244,-42.72727440211395,-3.076920255401327,-1.5624985448084445,-47.93388633305932,0
HK.02116,490,0.7099999785423279,0.6949999928474426,2.158271345216813,0.01718213058419244,113000.0,80229.99757528305,1.7123169825036526,0.6982999980449677,0.6672499991953373,-2.7397315080268676,1.4285700905079517,-8.974358386541944,39.21568467038631,57.77777718908991,2
HK.02119,490,0.44999998807907104,0.45500001311302185,-1.0989065691980104,0.27052324606253414,35300.0,15884.999579191208,0.49515731026312126,0.45123337566852567,0.4741174933314323,2.7766274577710037,-2.5763169155376757,-9.300195119237898,-12.598376428601362,-17.119147249300894,0
HK.02120,490,9.994999885559082,9.994999885559082,0.0,0.0,27410.0,273962.94686317444,1.2420387494011043,8.471942405700684,8.567301092147828,14.647108338907703,30.925125265928543,19.287332048477893,7.898090339190977,-2.274595771999603,0
HK.02121,490,3.390000104904175,3.640000104904175,-6.868131670193494,2.864033660982723,2618712.0,8877433.954713821,8.034189645846853,3.7966000032424927,4.680399998426437,-8.87096562279707,-22.779038542020924,-25.494506312170916,-39.13824056682154,-55.97402352107713,0
HK.02122,490,0.09200000017881393,0.08699999749660492,5.747129685152157,0.0,363500.0,33442.000064998865,5.074083786708274,0.1189000004529953,0.18361499950289725,-1.075270970800214,-35.21126960092908,-60.00000064787656,-68.27586109445434,-23.333331470688144,1
HK.02125,490,0.28999999165534973,0.27000001072883606,7.40740004880958,0.0,10900.0,3160.999909043312,2.0493751845553647,0.29330000042915344,0.3691500006616116,0.0,-13.432840468172232,-24.675324976916745,-38.947369411711556,-53.22580815726089,1
HK.02126,490,2.200000047683716,2.190000057220459,0.4566205571678748,2.5488341859804318,1564925.85,3442836.9446214796,6.732347337334023,1.8625000095367432,2.1837250006198885,12.244898207432918,38.36477996852125,10.552765685456407,-11.999998092651367,-57.93498968144451,5
HK.02127,490,0.019999999552965164,0.019999999552965164,0.0,,0.0,0.0,0.0,0.019999999552965164,0.019999999552965164,0.0,0.0,0.0,0.0,0.0,0
HK.02128,490,3.1649999618530273,3.0950000286102295,2.2617102615740663,1.5781637339106627,10200509.35,32284611.703631446,4.152830700379025,3.79710000038147,4.538045400381089,-22.992704159678954,-28.231290898789418,-46.173466719075506,-28.540634653090564,-38.024033000136136,1
HK.02129,490,0.28999999165534973,0.28999999165534973,0.0,3.8183980967486124,1484250.0,430432.48761445284,5.401550083517122,0.22099999874830245,0.178614999987185,27.753301362136817,41.46341179751837,88.3116839134707,90.78947432917079,130.15871983416662,0
HK.02130,490,3.1500000953674316,3.1500000953674316,0.0,0.0,14450.0,45517.50137805939,1.7124451113653552,3.1304000282287596,3.234749355316162,0.9615452214343201,1.6129094281630187,-3.358977616788137,-4.814415581664795,-6.781509574115006,0
HK.02131,490,0.45500001311302185,0.45500001311302185,0.0,,0.0,0.0,0.0,0.45500001311302185,0.45500001311302185,0.0,0.0,0.0,0.0,0.0,0
HK.02132,490,0.1550000011920929,0.1550000011920929,0.0,0.8,166400.0,25792.000198364258,3.5511542173240027,0.164899999499321,0.1484349998086691,-7.738093284640832,1.9736882737759063,-3.124997089616889,24.000000953674316,58.16327065899702,0
HK.02135,490,0.10999999940395355,0.10999999940395355,0.0,0.0,47416.5,5215.814971737564,3.498806328800398,0.10667999967932701,0.13269500020891428,-7.5630278407529214,-3.5087725031225445,-23.611108236658595,-23.076927084766137,-2.654866089657651,0
HK.02136,490,0.5849999785423279,0.5849999785423279,0.0,8.3729216152019,119450.0,69878.24743688107,1.2631039103609238,0.59760000705719,0.6003391873836518,-0.847456856590309,-5.645165476913102,-15.217394121202505,44.78260638669802,40.46072949862926,0
HK.02137,490,0.8849999904632568,0.8799999952316284,0.5681812794001605,0.35883782845236717,782345.0,692375.3175389767,6.033457112490816,0.9563999986648559,1.275450000166893,-12.80788148411927,-9.693880281762098,-38.96551990622422,-37.67605512607096,-59.95475225397253,2
HK.02138,490,0.5149999856948853,0.5199999809265137,-0.9615375798129149,0.07685887239920144,934066.8,481044.3886380673,5.299290714233431,0.4155999970436096,0.48527499720454215,18.390800660282437,30.379739672571326,-4.629636068402729,-9.649124182932722,-37.19512314792194,0
HK.02139,490,0.25,0.25,0.0,0.30451612903225805,967550.0,241887.5,3.3273651208555,0.24253999799489975,0.2056402572989464,2.040814340536656,3.6950873377424864,55.54263581343245,55.54263581343245,38.877352025342454,0
HK.02142,490,14.050000190734863,12.699999809265137,10.629924423186601,1.4936926006055284,10902593.25,153181437.24200463,7.230681104793464,13.740399990081787,12.726299982070923,-11.63521680616503,25.222815119018467,14.600325680550846,16.30794933336744,-18.075798814863617,2
HK.02145,490,21.219999313354492,21.0,1.0476157778785342,1.0027239910985657,1508929.15,32019475.526900575,4.669027049318629,25.62719985961914,48.423698806762694,-12.961443626697594,-32.848104249397664,-62.925165919464234,-68.8550046358921,-77.38298888107525,1
HK.02146,490,2.0450000762939453,2.059999942779541,-0.7281488787497977,0.0,15100.0,30879.501152038574,2.9207115407519293,1.957000002861023,1.46875,-1.682685033456547,44.01409423225983,69.00826543986848,45.03546983721675,50.36765108703531,0
HK.02147,490,0.5649999976158142,0.6100000143051147,-7.3770517432794795,1.0906639958145237,930940.35,525981.2955304652,12.622910346512825,0.568177940249443,0.6339694841206074,1.8018000602490185,12.999999523162842,-11.71874839928929,-39.893617122461485,-35.79545446848574,0
HK.02149,490,33.79999923706055,32.36000061035156,4.449933867579554,0.47144081664458815,51027.0,1724712.5610694885,4.272938738373054,31.642399978637695,37.32420007705689,-2.873563281389506,-1.6870326149948667,-19.52381134033203,-21.54132358301004,-34.36893352027079,1
HK.02150,490,0.7300000190734863,0.7149999737739563,2.097908510451529,0.5837437438207255,2784900.25,2032977.2356177568,4.154510766852728,0.7114000070095062,0.8567499995231629,-0.680271446845552,-5.194800369332063,-22.34042330584735,-33.63636334080342,-44.69697044955356,2
HK.02152,490,4.800000190734863,4.800000190734863,0.0,0.0,25.0,120.00000476837158,0.0,4.526000061035156,4.527650587558746,0.20877304721245377,12.448950844127026,12.448950844127026,-7.673497008016807,-11.254454653756051,0
HK.02153,490,0.925000011920929,0.925000011920929,0.0,1.2517385257301807,70900.0,65582.50084519386,6.56080699582996,0.8348999941349029,0.9002749934792519,19.354843919656936,6.321839867943513,-5.612245518582295,-7.4999988079071045,-12.735843221332077,0
HK.02155,490,7.199999809265137,7.045000076293945,2.200138130484304,0.56032380939649,3646983.65,26258281.584393073,5.322758120133743,7.362100019454956,8.316179478168488,-4.255321442460307,-13.27783771315988,-18.733870016335576,-19.621052196750412,-33.369126931565766,2
HK.02156,490,2.5299999713897705,2.5450000762939453,-0.5893950669745405,1.0157450440106395,1402055.15,3547199.4893868803,2.7558483546655865,2.605599970817566,2.5645802927017214,-1.937982705226653,-3.802286642577023,7.152234264132409,-1.0303058395780138,-14.412999404206877,0
HK.02157,490,4.059999942779541,3.924999952316284,3.4394902446709197,0.7536303587855311,10861981.2,44099643.050472446,6.040176160432474,4.327399978637695,4.77344999909401,2.7848074371626717,9.729726769089998,-13.432838097112715,-18.473897043580905,-51.95266231452585,2
HK.02158,490,3.380000114440918,3.4600000381469727,-2.3121364978047576,0.7801967662531997,6022025.65,20354447.386166144,4.8746233159716175,4.216714901924133,5.174540039300918,-20.849443440598563,-33.16347871018355,-42.014487760041646,-36.161749378379916,-44.37546151884331,0
HK.02159,490,1.7000000476837158,1.7000000476837158,0.0,0.0,136560.0,232152.00651168823,2.609725470484603,1.6975000023841857,1.5357250028848648,-2.857140132359096,8.28025419671734,-2.857140132359096,30.76923923379602,14.864866606417648,0
HK.02160,490,1.2799999713897705,1.2799999713897705,0.0,0.0,290180.25,371430.71169787645,2.355421898405019,1.2200999903678893,2.908375000357628,-7.246378564303781,1.5873000855468575,-65.59139888318842,-77.73913093235181,-82.58503417689829,0
HK.02161,490,1.6399999856948853,1.6399999856948853,0.0,0.30274011673021556,240440.4,394322.25256047247,2.012688431758275,1.814701690673828,2.3057606023550035,-10.661864931021535,-27.0787046312993,-38.62020124721662,-35.60912263425028,-40.816174205084934,0
HK.02162,490,72.05000305175781,72.94999694824219,-1.2337134121101034,1.4318198229381325,1779151.3,128187856.59453888,4.447389673245154,78.8020004272461,65.78000001907348,-10.273972212283002,28.890878506331102,32.68877359869764,34.79888124101771,-7.211845929268587,0
HK.02163,490,0.6000000238418579,0.6000000238418579,0.0,,0.0,0.0,0.0,0.6000000238418579,0.6000000238418579,0.0,0.0,0.0,0.0,0.0,0
HK.02165,490,1.534999966621399,1.5449999570846558,-0.6472485916521551,0.0,28500.0,43747.49904870987,1.0604083970845346,1.5802000045776368,1.7556000024080276,-6.969697648390823,-0.9677410423445254,-18.351065398153004,-19.21052705878367,-31.47321606758145,0
HK.02166,490,4.019999980926514,4.0,0.4999995231628418,0.5873977830951689,577155.0,2320163.088991642,5.345593201077886,4.370832142829895,3.434106811285019,-24.024421983498065,9.959243394203035,44.24473737881154,97.3159528766341,142.80838069059348,1
HK.02167,490,4.699999809265137,4.5,4.444440205891928,0.1537076784601537,144900.0,681029.9723625183,5.334938684965247,3.918099970817566,3.770754863023758,12.171831624818612,44.61537874661959,39.85702439796834,8.49894738580168,19.188504539848694,1
HK.02168,490,0.9950000047683716,1.0,-0.4999995231628418,4.284150802108234,7856.7,7817.416537463665,2.889576042939156,0.9705999910831451,1.0951500010490418,-1.9704414983633092,2.5773170536871923,-6.132069954713963,-21.03174505560546,-43.46590851364303,0
HK.02169,490,0.5400000214576721,0.5400000214576721,0.0,0.22093023255813954,291300.0,157302.0062506199,3.9684638247360744,0.5040000069141388,0.5912000015377998,11.340207325840764,-1.8181800448205245,0.0,-31.64556876070856,-58.46153528732649,0
HK.02170,490,1.3799999952316284,1.4199999570846558,-2.816898807176702,0.18691588785046728,67300.0,92873.99967908859,2.5526987959632237,1.3794999885559083,1.7323249953985214,-0.7194237817389376,-2.816898807176702,-33.009707108554295,-29.94923983807385,-59.883721736136344,0
HK.02171,490,12.75,12.300000190734863,3.6585349779433742,1.6203766575361593,2202908.55,28087084.0125,4.246446918494909,14.013399982452393,16.14909996032715,-5.764964880748769,-18.059128173763376,-22.113626473112152,-16.77545526121962,-42.567569541327344,1
HK.02172,490,8.055000305175781,8.055000305175781,0.0,0.0,348054.85,2803581.9229679108,0.8931738925590228,8.618100090026855,10.185579295158385,-7.2004605763356935,-21.543456387559132,-28.202898038234302,-28.139357720219703,-38.66878794270957,0
HK.02175,490,2.2950000762939453,2.2850000858306885,0.4376363276862391,0.0,55150.0,126569.25420761108,2.1929151685595247,2.4705999994277956,2.914950000047684,-5.942622029758937,-16.54545177112926,-16.847823035363955,-31.69642416823667,14.179108815070332,1
HK.02176,490,0.48500001430511475,0.48500001430511475,0.0,0.0,43500.0,21097.50062227249,1.5051504716005988,0.5850000101327896,0.9496083618700504,6.593406665384184,-32.638889578757436,-53.69942027471429,-65.56394142897021,-70.69271579308909,0
HK.02177,490,2.180000066757202,2.234999895095825,-2.4608425467628465,1.0674157303370786,3700.0,8066.000247001648,1.3368709378364085,2.192400016784668,2.3239689433574675,0.9259250061011975,0.8298774404584218,-2.799995917923907,-15.624999134895331,7.048462946242924,0
HK.02178,490,0.2370000034570694,0.23600000143051147,0.42372966970187326,0.11379871656570514,3831427.25,908048.2714955099,5.4858847863190086,0.24401999831199647,0.17875999918207527,-24.76190309495701,66.9014054208114,-22.29508265600636,373.9999998509884,243.4782744843631,1
HK.02179,490,4.880000114440918,4.90500020980835,-0.5096859184111728,0.0,350.0,1708.0000400543213,0.0,4.99310004234314,4.897375018596649,-2.3999977111816406,1.4553050414575712,13.752917432032921,37.46479380251379,-34.93333180745443,0
HK.02180,490,4.84499979019165,4.84499979019165,0.0,0.0,35475.0,171876.3675570488,1.9029034454008453,5.054899988174438,5.130504126548767,-1.1224551858229503,-5.6416284128373135,-15.237389011185556,-3.827031977577343,-15.949674203376174,0
HK.02181,490,0.38999998569488525,0.41999998688697815,-7.142857649699376,4.087591240875913,33000.0,12869.999527931213,2.115730206252169,0.42119999885559084,0.4674999971687794,-10.34483136612886,1.2987000923330156,-23.52941313966888,-22.00000286102295,-50.0,0
HK.02182,490,0.38999998569488525,0.4000000059604645,-2.5000050291418283,0.0,21400.0,8345.999693870544,0.6155300718459475,0.34229999959468843,0.3515500004589558,11.428569239013012,14.705876939024536,21.874998253770134,2.6315764707211,1.2987000923330156,0
HK.02185,490,1.475000023841858,1.600000023841858,-7.81249988358468,2.1941678520625887,90175.0,133008.12714993954,6.793309475915481,2.1514000034332277,3.9961000007390974,-29.761900436850976,-39.30041220903245,-70.5588831046609,-75.21008283823744,-80.28074839464293,0
HK.02186,490,1.75,1.7000000476837158,2.941173583166078,1.3149377928477275,33465773.25,58565103.1875,3.9414206697463787,2.0237000012397766,2.4205749994516372,-18.98148470086803,-11.167513980465895,-28.27869020652716,-36.823104258121425,-54.06824077999046,1
HK.02187,490,0.4399999976158142,0.44999998807907104,-2.222220161814694,0.003050640634533252,517900.0,227875.99876523018,5.0578446457953765,0.4892000013589859,0.6554749974608421,-5.376345326492771,-26.66666997803569,-39.726029298703196,-15.384612739438744,4.761907465063339,0
HK.02188,490,0.0729999989271164,0.0729999989271164,0.0,0.0,83000.0,6058.999910950661,6.384189494112601,0.09315999999642371,0.1380349998548627,-12.048190716199207,-44.69697021009508,-52.59740303722435,-61.17021200707076,-73.45454642004215,0
HK.02189,490,0.46000000834465027,0.4749999940395355,-3.1578917648653198,2.746557455922973,38440.2,17682.492320770023,0.5187472864717873,0.4601000052690506,0.4364580008387566,0.8993188806564434,11.218571285591924,8.747052529026618,8.747052529026618,16.391527894533482,0
HK.02190,490,20.639999389648438,20.639999389648438,0.0,0.5645462770520923,960229.2,19819130.101922605,3.6676809860075497,20.132800064086915,21.661440668106078,-1.901147853960921,10.374323783738905,-2.926302671609114,-8.376045102680127,-20.205270433561306,0
HK.02192,490,7.150000095367432,6.909999847412109,3.473230871997858,0.5830365958257919,1428987.4,10217260.046278857,2.8774768697484325,7.380497198104859,8.377444272041322,-5.461303892617077,5.300304496948008,-17.497732301913558,-24.12812784874279,-45.837288023433246,3
HK.02193,490,0.4000000059604645,0.4000000059604645,0.0,4.237288135593221,57200.0,22880.000340938568,1.2560396815518011,0.3852999997138977,0.3120199996978045,2.5641078544558447,33.33333002196431,56.862750368730694,65.28925955698601,93.23671574091705,0
HK.02195,490,0.25999999046325684,0.25999999046325684,0.0,0.0,14375.0,3737.499862909317,0.5494505631712708,0.26939999401569364,0.36217499867081643,-7.1428609441737585,-23.529415373983642,-32.46753327177799,-45.26315921561541,-58.73015993156251,0
HK.02196,490,17.31999969482422,17.149999618530273,0.9912541112261204,1.049140927653217,5303199.9,91851420.64959183,3.388933781301102,16.67313486099243,18.222026858329773,-0.2878591939744916,12.888458308840226,-9.089318179997917,-10.820953530822893,-35.21040940869721,3
HK.02197,490,2.115000009536743,1.9700000286102295,7.360405016278422,0.8460376819261266,3414491.35,7221649.237813127,7.449034395364622,2.0169999980926514,2.269350000023842,-10.94736801950555,31.3664590524609,-2.0833367826760654,-10.759488959307882,-1.6279108966600775,3
HK.02198,490,3.9800000190734863,3.8550000190734863,3.242542137004777,1.2240089735627202,3025355.0,12040912.957704067,5.41670523449682,3.4034256744384765,3.796071858406067,7.493431265707073,30.749233988959418,-15.141043645403224,32.032940432435915,134.80860024179478,1
HK.02199,490,2.440000057220459,2.450000047683716,-0.40816286810733116,0.7638033588252705,275608.35,672484.3897704362,6.279625654076337,2.2700480389595032,2.0884004294872285,-2.4157533769162067,35.978044959734476,14.433979553488296,5.449491752734637,19.539014311716656,0
HK.02202,490,2.3499999046325684,2.200000047683716,6.818175168076966,2.4917729638982533,25144371.25,59089270.03954589,4.486611110970436,2.4065000200271607,2.9855750048160554,-3.688530757266246,-7.480317325746992,-31.085048519577974,-30.26706277639223,-57.27272900668058,1
HK.02203,490,0.11400000005960464,0.11400000005960464,0.0,0.0,298700.0,34051.80001780391,3.5929517383701426,0.13753999933600425,0.1824349996820092,-16.788317793705705,-37.70491743209508,-43.00000081956385,-44.390243388300206,-39.682538243358046,0
HK.02205,490,0.6000000238418579,0.6000000238418579,0.0,0.9090909090909091,1150.0,690.0000274181366,0.0,0.6687000024318696,0.988174999654293,4.347832396711109,-36.842101960961465,-48.275858525288555,-53.84615031925166,-1.6393426604503258,0
HK.02208,490,9.0,8.854999542236328,1.6374981960422783,1.0230457062408915,16682158.85,150139429.65,3.0860170748906834,9.798800010681152,12.80112171649933,-9.090905587972992,-16.973783775865787,-39.453218755419314,-43.335374428966574,-10.331693104539976,2
HK.02209,490,3.490000009536743,3.5399999618530273,-1.4124280467537491,0.27689801827888877,553350.0,1931191.5052771568,4.799621785240705,3.369599995613098,3.2796301043033598,-2.3776234129575795,20.610298887449638,14.142237300358005,-12.176966689019219,-47.40830121378827,0
HK.02210,490,1.9800000190734863,1.9800000190734863,0.0,0.0,14300.0,28314.000272750854,2.159840166431932,1.9088999843597412,2.2649631971120834,4.761906564010437,-4.8076878990645735,-20.762752495484374,-24.233003402102206,-29.387223837834647,0
HK.02211,490,0.6200000047683716,0.6549999713897705,-5.3435065878150265,0.12287380459592549,4750497.5,2945308.4726521373,8.669456135255361,0.6403999960422516,0.9424499987065792,-18.421050980480732,25.252525009265813,-4.61538038310199,-62.87425025742426,-58.10810832580221,0
HK.02212,490,0.1599999964237213,0.1599999964237213,0.0,0.0,24000.0,3839.9999141693115,0.0,0.15386000394821167,0.1667700007557869,1.9108223428572948,6.666660043928621,1.9108223428572948,-15.789474509759632,39.13042914889946,0
HK.02215,490,0.1979999989271164,0.1860000044107437,6.451609802047692,0.10943629981416478,456250.0,90337.49951049685,8.417803313870884,0.20557999938726426,0.24526999711990358,-13.913045506396193,1.0204102578684027,-20.800000429153442,-31.72413633637985,-60.40000021457672,1
HK.02216,490,0.699999988079071,0.6700000166893005,4.477607558580467,1.321222903693993,559125.0,391387.4933347106,5.614348557776864,0.641100001335144,1.3008750060200691,8.527133144027744,2.9411736347271384,-49.275363007405055,-70.338982237512,-80.5013926235415,4
HK.02218,490,24.34000015258789,21.860000610351562,11.344919821557333,1.2596035273782002,1932840.25,47045331.97992802,9.014563486242425,20.298000011444092,17.04267826080322,27.10183100492375,-10.184502546240006,55.47048780363002,82.9873895822183,44.010979040424104,1
HK.02219,490,2.4749999046325684,2.430000066757202,1.851845129182149,2.473853354578477,368226.9,911361.5423831464,2.7207827327015375,2.5509999895095827,2.51708807349205,-4.069768301491206,-1.7857173267676134,6.128414037422248,-0.529095155009252,0.21047197251421193,1
HK.02221,490,0.6499999761581421,0.6549999713897705,-0.7633580839735752,0.0,70460.0,45798.99832010269,5.955446299173791,0.6138000011444091,0.8363499996066094,8.333325054910777,-9.722229120907686,-31.578949019519264,-35.6435661093416,-17.721524240114363,0
HK.02222,490,0.6050000190734863,0.6050000190734863,0.0,0.0,4960.0,3000.800094604492,0.0,0.6268000125885009,0.6538000047206879,-2.419352512826054,-8.333334085917201,-12.318837512468384,-6.923070574652987,-22.435892145544155,0
HK.02223,490,0.5,0.5,0.0,0.0,25000.0,12500.0,1.7705248936893747,0.5315999966859818,0.7704999984800815,0.0,-50.0,-38.271605119965386,-35.897433546167775,63.93442238508078,0
HK.02225,490,5.695000171661377,6.039999961853027,-5.711917092228044,0.6823989361847153,11063034.95,63003985.93934581,11.517738951226697,4.758499989509582,3.0840249961614608,17.786972631421154,67.00879848435704,172.4880576813279,359.2742038598045,776.1539047004225,0
HK.02226,490,0.6850000023841858,0.6899999976158142,-0.7246369925949435,2.5992016905376847,240625.0,164828.1255736947,6.116907083034116,0.5417999976873398,0.5223749986290932,44.21052862732697,8.730159931562515,75.64103269483002,37.00000047683716,22.321428476395656,0
HK.02227,490,0.36000001430511475,0.36500000953674316,-1.3698616715036243,0.7530120481927711,254400.0,91584.00363922119,4.237478299363581,0.32880000174045565,0.2605000007525086,12.500006984919466,18.03278880745961,70.61612418670379,146.57535588770403,242.85716718557006,0
HK.02228,490,8.020000457763672,6.894999980926514,16.316178099336074,3.4705374481467235,52235432.45,418928192.16048336,4.089653038632874,7.365699996948242,9.034425010681153,4.020757692385239,22.07001899873054,-18.98989124451806,-19.719713298191532,-21.832355956606893,2
HK.02230,490,0.20000000298023224,0.20000000298023224,0.0,1.2489006156552331,302000.0,60400.000900030136,1.6490016625237625,0.1999000006914139,0.2211481224745512,-2.439022085483674,-7.407408429434898,-11.504421919661246,-13.79309968311909,-24.160456405594612,0
HK.02231,490,0.019999999552965164,0.017000000923871994,17.647049800335406,0.5129850877564518,52929750.0,1058594.976338558,24.428273972231608,0.013900000024586917,0.04449500022921711,33.33333333333333,0.0,-54.54545531514263,-74.68354603482477,-87.80487865821226,1
HK.02232,490,6.590000152587891,6.46999979019165,1.8547197262379764,0.8583141678553154,2622000.95,17278986.660585597,3.039192498068135,6.493119745254517,6.2932744479179386,-6.136995713004895,14.157704982949735,-3.387997425494137,6.419580258036199,1.2059415531585171,1
HK.02233,490,1.784999966621399,1.774999976158142,0.5633797519761711,0.9122646778090987,13091171.55,23367740.779785007,3.831207642635745,1.8082999992370605,2.3320238435268403,-3.5135165612308845,8.18181772205783,-22.39752242820859,-41.30068809175456,-33.15991154805983,1
HK.02235,490,6.994999885559082,6.715000152587891,4.1697651021390145,0.13521262789364077,166780.0,1166626.0809135437,4.139699734254402,7.025800008773803,7.342749993801117,-2.167835073299874,-4.95924240942961,-4.829932294961479,-9.625321803484436,-20.51136665969834,2
HK.02236,490,0.5,0.49000000953674316,2.040814340536656,0.41148618157483224,553228.65,276614.325,7.123636475761116,0.4577000015974045,0.4729999999701977,13.636364252114102,-9.090911061310528,12.359552367771112,36.98629779067633,-1.960782480441495,1
HK.02237,490,0.17900000512599945,0.18299999833106995,-2.185788656584579,0.483271375464684,253500.0,45376.50129944086,2.4429806981448468,0.2009800010919571,0.28443500146269796,-21.145371528620206,-24.78991554547953,-45.757576359642854,-50.958903986554496,-49.57746182091524,0
HK.02238,490,2.450000047683716,2.434999942779541,0.6160207497603575,1.2066385137975093,22725447.15,55677346.601133764,3.7488877246096655,2.2089000082015993,2.996825009584427,14.485977924446047,5.603453369897701,-30.98591322275502,-38.13131252316453,-27.728614399173594,2
HK.02239,490,1.2999999523162842,1.3300000429153442,-2.255645836920442,0.0,10850.0,14104.999482631683,1.4479937415476896,1.331399986743927,1.0301989075541496,-6.474822611858408,5.691051394903735,61.36606982730506,57.47773725257617,46.86125724782355,0
HK.02245,490,17.43000030517578,16.5,5.636365485913826,0.7078368939074171,2950680.5,51430362.01547623,5.746269985835147,15.575399990081786,17.40643939971924,-7.287228656818661,16.97987081488976,-24.419431241403114,-25.332972077547865,16.555701808089466,1
HK.02246,490,1.149999976158142,1.2000000476837158,-4.166672461562456,3.111145679396438,90716.25,104323.68533715606,3.769181640380144,1.1979999947547912,1.7750499999523164,-6.504068428844849,-18.43971607221107,-45.497628751971334,-46.51163138848099,-69.73684235292788,0
HK.02249,51,28.739999771118164,26.760000228881836,7.399101365101379,1.6734824852684214,1205344.2,34641592.0321186,4.969680993492565,30.28799991607666,,-6.930050025284105,,,-11.021670433532679,,1
HK.02250,490,0.33000001311302185,0.3449999988079071,-4.347821955569661,2.969708968521085,55760.0,18400.8007311821,4.23264283142225,0.31080000042915346,0.5986500020325184,6.451616314521787,-5.714280362031807,-54.166666666666664,-65.26315607852881,-77.70270210404394,0
HK.02251,490,9.979999542236328,9.895000457763672,0.8590104147591575,1.709149449959753,80505.0,803439.8631477356,6.604082573621811,9.42680006980896,11.047849996089935,-4.038462420187085,-13.443193639480167,-17.45244486121791,-19.77492058782831,-31.643840537820044,4
HK.02252,490,21.18000030517578,21.18000030517578,0.0,0.0,1367172.75,28956719.262228012,1.750678005738162,22.276800003051758,25.06429997444153,-10.85858543288184,-12.623760292227216,-14.665589985512756,-13.338789515732467,-23.648159769533976,0
HK.02255,490,0.17100000381469727,0.1850000023841858,-7.567566696791175,0.10476759677444941,101751331.45,17399478.066100527,10.811388726449614,0.29084000140428545,0.4211849994212389,-45.714284092390606,-53.15068511046618,-67.1153826755884,-62.82608680159474,-76.25000041392113,0
HK.02256,490,8.295000076293945,8.260000228881836,0.42372695450696546,1.5869117040962326,1187991.3,9854387.924136544,6.294907123859036,9.881099967956542,11.686324968338013,-19.622089907094377,-7.628056802459418,-34.78773661825145,-36.2903242346068,-52.78884336726829,2
HK.02257,490,3.7899999618530273,3.8450000286102295,-1.4304308543030584,5.123107906191126,43555.0,165073.4483385086,5.61044037325291,4.040199999809265,6.134650019407272,-1.940492820146339,-24.200000762939453,-44.99274259367722,-52.62500047683716,-81.61978754801093,0
HK.02258,490,0.3499999940395355,0.36000001430511475,-2.777783296726149,1.5338164251207729,165500.0,57924.99901354313,6.505129880298731,0.33300000250339507,0.25949330255389214,2.9411736347271384,-6.978506457060835,57.73208199400207,57.73208199400207,96.09935301186692,0
HK.02259,238,159.10000610351562,155.0,2.6451652280745965,0.8320791932327778,7031503.85,1118712305.4518936,5.197724703800174,135.83620880126952,153.40932903289794,0.19906664028461102,36.11788919177842,-22.678540031188792,10.114984796162547,,1
HK.02260,490,1.2000000476837158,1.2050000429153442,-0.41493734884287353,2.857142857142857,800.0,960.0000381469727,0.0,1.243000009059906,1.2347718727588655,-5.138335078752108,-14.822015071084394,1.5037612938895348,5.003898660894736,-22.417507141810074,0
HK.02261,31,16.639999389648438,16.600000381469727,0.24095787505740715,0.9275797134291273,354954.25,5906438.503353119,5.587560697916816,,,9.473681568769173,,,-2.690064219646248,,1
HK.02262,490,0.38499999046325684,0.38499999046325684,0.0,0.0,12150.0,4677.749884128571,0.8011363350424497,0.45190000236034394,0.6861750023066997,-14.444444297272478,-44.20289974006328,-51.87500190921125,-51.87500190921125,-66.5217392656438,0
HK.02263,490,0.32499998807907104,0.32499998807907104,0.0,0.0,166500.0,54112.49801516533,2.6547173596871954,0.3106999999284744,0.31064999863505366,12.068964631322139,0.0,14.03508496746789,12.068964631322139,22.641511555879244,0
HK.02265,490,1.1200000047683716,1.1299999952316284,-0.8849549119871483,0.9025146400275577,732750.0,820680.0034940243,4.995687099573171,1.2114999938011168,1.2792249917984009,4.67289251077145,-8.943090455232165,-34.502925158876,2.7522908689077354,1.8181800448205245,0
HK.02266,490,0.33000001311302185,0.33000001311302185,0.0,0.0,49100.0,16203.000643849373,2.135855205763928,0.3806000030040741,0.36710291132330897,-10.810808416175734,-14.333593513128944,-14.333593513128944,0.7840117595392663,7.083014321977932,0
HK.02268,490,77.0,76.5,0.6535947712418301,0.4999282308602955,11207180.7,862952913.9,4.866323938392196,65.0760001373291,61.49235013961792,7.466850467810185,67.7559857085987,33.680559096881,25.5093755747695,19.195049255065193,2
HK.02269,490,50.349998474121094,50.099998474121094,0.499002011205921,0.9954286653606204,37315542.4,1878837502.901001,4.457157484256811,44.95700004577637,37.363850030899044,-1.2745127958409925,68.62021917262207,39.47368587900456,54.73262771205156,33.6962259111135,5
HK.02270,490,6.275000095367432,6.275000095367432,0.0,0.0,1300.0,8157.500123977661,0.0,7.060699996948242,4.859075020551682,-13.923180683084604,53.7990248212445,57.268172440330076,58.060454663626516,152.00803499333625,0
HK.02271,490,2.9700000286102295,3.005000114440918,-1.164728269476298,0.38018200202224467,688060.0,2043538.2196855545,5.079068753474164,2.992400007247925,2.6480581521987916,2.0618536429497536,-7.187500488944345,11.400176511361767,56.31020285245084,-38.05965466386759,0
HK.02272,60,77.80000305175781,76.5,1.6993503944546569,0.5597163542685887,97299.55,7569905.286934662,11.49699913363479,104.65100036621094,,-31.81419448537192,,,-35.274538247069756,,3
HK.02273,490,27.059999465942383,27.059999465942383,0.0,1.2844762555447744,743121.7,20108872.805130195,3.2991996049043326,27.990400009155273,27.835305948257446,0.44543032481778416,3.5275557776833515,3.992500231261683,-4.1834609065215504,-16.5316164478082,0
HK.02276,490,40.58000183105469,40.099998474121094,1.1970158982508898,1.5705402060123916,1696112.55,68828250.38467483,4.3643737230449675,37.24119972229004,46.84075164794922,1.551558460427861,5.1840329317717,-29.736198090239856,-24.54108993529978,-5.358449244975511,1
HK.02279,490,2.005000114440918,1.9600000381469727,2.295922215210229,1.555695622278249,170320.0,341491.61949157715,3.9164916483649224,2.236300001144409,1.9657747000455856,-19.477907358966554,-5.868544285633054,9.681664046543867,22.5853864070506,-23.66477486247173,2
HK.02280,490,0.20600000023841858,0.20600000023841858,0.0,,0.0,0.0,0.0,0.20600000023841858,0.2052450004220009,0.0,0.0,-0.4830927611671424,7.85340346813215,36.423847464207114,0
HK.02281,490,0.5799999833106995,0.5799999833106995,0.0,1.0897435897435896,49000.0,28419.999182224274,1.2988010739664735,0.6174000024795532,0.664213837981224,-4.918037752603991,-11.131145326665328,-23.199757731751685,-15.934870935880413,-15.934870935880413,0
HK.02282,490,9.5,9.539999961853027,-0.4192868135531716,3.1945688326242414,5178998.3,49200483.85,2.3997435258747277,10.19797492980957,11.327655229568482,-7.407409472978764,-6.135388551491077,-18.462582147450256,-22.602171791572655,-36.43892619607965,0
HK.02283,490,1.5299999713897705,1.5099999904632568,1.3245020564786776,0.16780283167278448,573200.0,876995.9836006165,3.0431192055817466,1.6824037837982178,2.079516677856445,-6.073463331234705,-24.118461701094645,-31.414781707872436,-35.18024233654293,-35.68467870025681,2
HK.02285,490,24.959999084472656,25.579999923706055,-2.4237718572423366,1.2274747719906165,2543644.0,63489351.911224365,4.818311955005546,20.29397815704346,19.410881814956664,24.34864906469324,42.99392772649407,7.696211119740447,33.38016404679334,19.882636888360484,0
HK.02286,490,0.29499998688697815,0.29499998688697815,0.0,0.06172839506172839,220350.0,65003.247110545635,12.950888477470238,0.2608400014042854,0.2047300001233816,5.357137725365427,82.0987568016442,61.202180096901515,23.949571466405708,17.99999475479126,0
HK.02288,490,0.15299999713897705,0.15000000596046448,1.9999940395357594,0.11847990284647966,50791.5,7771.099354684353,6.453522299612081,0.13143999949097634,0.14766499992460014,21.42856720488635,1.9999940395357594,-1.923080780625969,-5.555557599610584,9.28571177684532,2
HK.02289,490,5.494999885559082,5.494999885559082,0.0,0.0,25.0,137.37499713897705,0.0,5.939200019836425,5.891717677116394,-0.09091117165305397,-12.777782234985647,0.6843637786344545,-20.113636434534513,-3.1560007882753705,0
HK.02290,74,4.125,4.445000171661377,-7.199103696362124,1.6336173406069012,2152150.25,8877619.78125,5.567944483791731,3.774199991226196,,7.421877401066067,69.05737308461455,,46.79715601416393,,0
HK.02291,490,10.569999694824219,10.5,0.6666637602306548,0.23963768935416296,633832.0,6699604.046569824,8.644614801272299,12.009200019836426,13.089379467964172,-27.99727878004529,20.938214778373286,-27.289020725104436,-32.32795904843878,-49.94581106772926,1
HK.02293,490,0.3499999940395355,0.36000001430511475,-2.777783296726149,0.0,6600.0,2309.9999606609344,0.1307244163846783,0.37100000560283664,0.42798529580235484,-2.777783296726149,-17.64706253592933,-27.08333294528225,-30.000001192092896,-35.60605927682146,0
HK.02295,490,6.360000133514404,6.25,1.7600021362304688,0.4956268221574344,154000.0,979440.0205612183,7.078677940545067,6.420700016021729,4.077074997425079,-6.470588895276324,234.73685333273102,67.36842666636551,61.01265966424266,39.78021685505052,1
HK.02297,490,0.16500000655651093,0.15299999713897705,7.8431435568156935,1.9150805270863835,184950.0,30516.751212626696,3.202038921932672,0.200179999768734,0.24681999884545802,-17.499997951090364,-35.29411386591058,-41.07142648070443,-35.29411386591058,-49.23076535117683,1
HK.02298,490,0.26499998569488525,0.2750000059604645,-3.6363709268489552,0.8272241831839986,546750.0,144888.7421786785,3.0557715028982924,0.2972999978065491,0.33140111178159715,-8.620691958562439,-24.285717083483373,-17.21625260319033,-14.669054264592488,-15.961950436596142,0
HK.02299,490,5.670000076293945,5.640570640563965,0.5217457169730261,0.0,700.0,3969.0000534057617,0.05267164563222763,5.498036031723022,4.905873689651489,9.05660778826668,11.583016836567554,29.07409918107321,21.12292566386447,36.860466307402035,1
HK.02302,490,3.5999999046325684,3.4800000190734863,3.448272554637248,0.7127474768621704,410665.5,1478395.760835886,3.908646799863696,4.00829999923706,5.273025000095368,-16.27907569889354,-11.980445713315719,-51.15332482315941,-28.853756020893762,-8.163269526359606,2
HK.02306,490,1.9049999713897705,1.9249999523162842,-1.0389600738664124,0.5829596412556054,66600.0,126872.99809455872,1.4078361780058322,1.9592000031471253,2.099499999284744,-2.3076961637717965,-4.750001430511475,-9.285711528492497,-25.29411737206622,-17.173912570246667,0
HK.02307,490,0.16699999570846558,0.1599999964237213,4.3749996507540265,0.1553398058252427,88800.0,14829.599618911743,2.451045880346042,0.15048000156879426,0.21456999979913235,4.3749996507540265,4.3749996507540265,-39.27273014951337,-36.98113029306143,-11.17021200707076,3
HK.02309,490,2.0250000953674316,2.0299999713897705,-0.24629931491653528,0.8851765204878921,3881902.0,7860851.920207024,7.457717341544831,1.8719000029563904,2.168325001001358,5.1948127547131016,-36.520374324636414,-27.419350428145083,-3.571419651005139,17.73256172580672,0
HK.02310,490,0.18000000715255737,0.18199999630451202,-1.0988951607495545,0.38694074969770254,60100.0,10818.000429868698,1.7372727927016158,0.18300000011920928,0.10735000014305114,-9.999997764825855,25.00001034802905,122.22223039844233,429.41175697171604,386.4864995481324,0
HK.02313,490,35.040000915527344,34.939998626708984,0.28621148468481966,0.7563855275091806,9254626.45,324282119.2808635,3.327033539045078,39.61152465820312,48.737744426727296,-14.24507922376682,-15.85323188907517,-33.84107252425466,-40.61702521327191,-38.790614449732146,2
HK.02314,490,3.4749999046325684,3.549999952316284,-2.1126774279188427,0.9843148377785579,3685092.1,12805694.696062231,2.929912849694425,3.8153977155685426,3.316918919086456,-11.802034158241433,12.188692324762393,-3.4513773435149457,26.5119790611963,20.29007862279504,0
HK.02315,490,61.25,61.099998474121094,0.2455016851472417,2.2750038072903855,1789981.15,109636345.4375,7.69381479677502,58.59719985961914,49.15609996795654,-5.769230769230769,53.125,8.4070796460177,76.30972090011478,139.632242878616,3
HK.02317,490,0.7450000047683716,0.7450000047683716,0.0,0.0,23600.0,17582.00011253357,1.064545339125206,0.6784619128704071,0.6405633494257927,14.05285365595712,4.928621150624433,22.19899065544825,29.60497473024511,19.58024636789749,0
HK.02318,490,53.20000076293945,52.849998474121094,0.6622560055318525,1.277312901280588,39269313.6,2089127513.4801087,1.9199412846366066,54.99788208007813,58.59205865859985,-3.4088573122485846,-3.236679368791738,-11.558183755745903,-15.927320432881375,0.0018428482144163217,2
HK.02319,490,17.770000457763672,18.09000015258789,-1.7689314103098046,0.6517198559554779,21609960.75,384009012.419755,3.0989158343718453,18.32340003967285,16.397808494567872,-5.5791671311732935,12.468355969919664,15.04949212478364,23.526011687149488,22.622569949343124,0
HK.02320,490,0.23499999940395355,0.24799999594688416,-5.241934175561398,0.38785172321114764,4878400.0,1146423.997092247,11.71218490975795,0.203619998767972,0.10586999943479895,3.0701751232826004,226.38890211137044,226.38890211137044,179.76190782407653,164.0449385528026,0
HK.02321,490,0.5149999856948853,0.5,2.999997138977051,1.5873015873015872,17000.0,8754.99975681305,0.09999990463256836,0.5055814945697784,0.4834410886466503,4.040400148253006,7.971237297915526,0.7039502239428392,30.915124610240248,26.18325655230931,1
HK.02322,490,0.05299999937415123,0.05999999865889549,-11.666665735344072,0.20673687355291656,6708900.0,355571.6958012432,8.401695891508185,0.06982000045478344,0.09448500016704202,-23.188404779903905,-40.449439942377715,-49.03846319169685,-59.23076821678486,-61.029414342761314,0
HK.02325,490,0.4650000035762787,0.48500001430511475,-4.123713430708066,0.09896907216494845,354000.0,164610.00126600266,6.5818970256777325,0.5907999938726425,0.7754999993741513,-23.140497699753386,-37.16216248870331,-50.53191438769258,-53.03030312152532,-74.59016433488742,0
HK.02326,490,0.009999999776482582,0.009999999776482582,0.0,7.908713692946058,3179000.0,31789.99928943813,1.0000001862645191,0.009999999776482582,0.010039999783039093,0.0,0.0,0.0,0.0,-9.090910630285256,0
HK.02327,490,0.2290000021457672,0.2280000001192093,0.4385973798399445,0.03436426116838488,174900.0,40052.100375294685,2.284477666648143,0.23838629961013794,0.25576093889772894,-4.77424738905635,-8.103641720730073,-8.103641720730073,-17.77694336855829,-14.328061467331516,3
HK.02328,490,16.739999771118164,16.84000015258789,-0.5938264879074778,1.2004475230889045,24370476.1,407961764.33604074,2.5330531725593657,15.984400043487549,15.27180392742157,4.039773849385131,11.59594008905214,11.452596225313888,4.979843015525785,-3.9776927025689304,0
HK.02329,490,0.09300000220537186,0.09200000017881393,1.0869587224068356,0.0,134100.0,12471.300295740366,7.666723795547297,0.09318000018596649,0.10696500033140183,-12.264147826830792,3.333331677648822,-24.390244197921092,-35.41666235498789,-47.75280865955016,3
HK.02330,490,0.27000001072883606,0.25,8.000004291534424,0.5350618738951091,165840.0,44776.80177927017,4.81522464456942,0.27139999955892563,0.27958500035107137,12.97071927969655,-15.6249947613104,0.0,28.57143769458877,98.52940886439352,1
HK.02331,490,12.569999694824219,12.579999923706055,-0.07949307585440653,0.34756174536597784,36446437.4,458131706.99543,3.22748212322401,13.819913864135742,17.304577808380127,-8.99825447541815,-21.73959614482337,-34.10982881632946,-29.068663359271422,-30.122848830687204,0
HK.02333,490,7.480000019073486,7.465000152587891,0.20093591666432453,1.105493315873268,20535396.8,153604768.45568162,2.7546029968093904,8.378699998855591,11.092028629779815,-11.216618994271501,-23.233552151542742,-39.24143635135744,-48.16233634652114,-59.028462957065955,2
HK.02335,62,22.020000457763672,21.600000381469727,1.9444447633170239,1.8158169574493987,495409.0,10908906.406780243,5.457439056477671,29.896399993896484,,-25.0,,,-40.32520447913671,,4
HK.02336,490,0.19200000166893005,0.21299999952316284,-9.859153944246431,17.466666666666665,137000.0,26304.000228643417,3.484706626340213,0.24257999926805496,0.2287099988013506,-15.789472996252945,20.000003725290384,-18.64406758257453,-24.705880290496683,-13.12217151856789,0
HK.02337,490,1.3949999809265137,1.3849999904632568,0.7220209770479511,0.7996560619088564,230150.0,321059.2456102371,3.895788695648599,1.3651999950408935,1.4319999986886978,-2.4475502031601466,10.714285038496085,-9.415583410277513,-19.36416384124575,-16.964284257114294,1
HK.02338,490,31.700000762939453,31.139999389648438,1.7983345673319808,1.036129041430123,21674847.85,687092693.3815966,4.923689285593953,32.690313453674314,30.634607305526732,-5.146611311319949,-16.626041338608154,5.992247865254842,69.20784940397252,120.91542180235709,2
HK.02339,490,6.5,5.84499979019165,11.206163102135424,2.1651867851673194,2145397.9,13945086.35,8.310134546775954,4.561299972534179,4.797474982738495,47.89533625048457,1.4040585761359436,39.484983108094276,76.15175878604757,1174.5098277542606,6
HK.02340,490,0.14399999380111694,0.1420000046491623,1.408443018643556,4.866099034390905,13069.0,1881.9359189867973,1.342654423061037,0.14693999975919725,0.15832000017166137,3.597118908694688,-0.6896565898845777,-10.55900920049531,-14.285716819925407,-4.000007947285654,1
HK.02342,490,0.824999988079071,0.699999988079071,17.857143161248192,2.6620980591894856,14637864.55,12076238.079253057,6.808692849162693,0.7772612798213959,1.568835819363594,10.390495566380434,-23.339936012133393,-55.00387537702922,-66.74985127617104,-70.94986970973635,1
HK.02343,490,4.15500020980835,4.204999923706055,-1.1890538598069247,1.2067136354999402,22340345.7,92824141.07069106,3.5636950442825706,3.712731304168701,3.032128790616989,-1.7730451282968134,42.97477491564798,40.718323924837975,86.63067988081224,86.63067988081224,0
HK.02347,490,0.7350000143051147,0.7400000095367432,-0.6756750225933819,1.379764116652955,216479.9,159112.72959676982,4.0860714914404195,0.7190169072151185,0.6990147706866264,5.015849137973983,-6.14209007844673,7.26619326462906,10.421077911744115,3.657972555370677,0
HK.02348,490,0.9800000190734863,0.9800000190734863,0.0,0.8673653776653415,139350.0,136563.00265789032,1.252832917323291,0.9995000004768372,1.0749802613258361,-1.5075362435176205,-5.769225478877488,-10.894355189491199,-15.312820860431076,-16.324405179949373,0
HK.02349,490,0.09300000220537186,0.09000000357627869,3.333331677648822,2.9368575624082234,91720.0,8529.960202276707,5.135365602784745,0.08754000052809716,0.08663000021129846,3.333331677648822,32.85714544203815,-19.82758199878016,23.999998013178587,52.4590182956333,1
HK.02350,490,0.7099999785423279,0.7049999833106995,0.7092191985804456,0.13226263580538497,528500.0,375234.9886596203,4.245347425356598,0.656399998664856,0.7778287933766842,7.575750049918888,-11.250004004687012,-31.730768789906456,-16.470593102662896,10.937499126885067,1
HK.02352,490,3.890000104904175,3.9000000953674316,-0.25641000560833843,6.7924528301886795,1270.0,4940.300133228302,1.7028282634969218,3.5432000207901,4.654949975013733,17.87879276100495,-15.434778574959685,-18.61924823931877,-35.27454314876272,-49.93564846263588,0
HK.02355,490,2.819999933242798,2.8499999046325684,-1.0526306103030627,0.7947019867549668,61700.0,173993.99588108063,1.3509241258108262,3.1590999794006347,3.7225335144996645,-8.44155834102775,-27.256985808148563,-29.20862869297054,-27.43884506172332,-30.396975912564766,0
HK.02356,490,14.6899995803833,14.829999923706055,-0.944034686736313,0.7452149112292967,1605875.0,23590303.076148033,3.209164572180591,13.91441385269165,11.98976893901825,0.7990129228320817,17.02406040319699,29.27331298731108,44.43279144871606,57.048919153087304,0
HK.02357,490,2.819999933242798,2.8299999237060547,-0.35335656299810947,0.8899566565703521,13354036.95,37658383.30752186,2.3675648530964524,2.9468000173568725,3.4554287362098695,-4.7297332128352965,-6.622518177048375,-27.64453063635469,-31.91076855237079,-27.280018424788764,0
HK.02358,490,0.014999999664723873,0.014999999664723873,0.0,0.05652197772046315,18112000.0,271679.9939274788,12.817656173317394,0.012980000060051679,0.012080000066198408,24.999996119489307,24.999996119489307,36.36363405457212,36.36363405457212,50.0,0
HK.02359,490,200.0,198.0,1.0101010101010102,1.3092162292824776,4323972.15,864794430.0000001,3.589737470318598,183.52922729492187,134.9921117401123,-2.8182716062929973,63.739453741686745,85.08580263026253,101.21210520959005,78.11062393888754,3
HK.02360,490,1.6749999523162842,1.6799999475479126,-0.2976187730795046,0.03977603309047745,492400.0,824769.9765205383,1.9733805780891602,1.5670077991485596,1.6490713489055633,10.124912679784808,10.160907522314556,-3.890221759679007,-7.204348760730654,-9.603496012391426,0
HK.02361,490,3.9700000286102295,3.8499999046325684,3.116886414289757,0.0,45700.0,181429.0013074875,1.006399541316406,4.835700025558472,4.930063772201538,-19.472613248587212,-20.70755257413274,-18.295002406293893,-26.762613286380866,26.271353721665154,1
HK.02362,490,0.6359999775886536,0.6359999775886536,0.0,,0.0,0.0,0.0,0.6359999775886536,0.6359999775886536,0.0,0.0,0.0,0.0,0.0,0
HK.02363,490,0.2160000056028366,0.2150000035762787,0.46511721391815564,0.0,89118.75,19249.650499317795,2.0018845598383264,0.2752599999308586,0.3215399993211031,-24.210523398849297,-36.47058725563301,-28.000000993410705,-42.39999850591023,-39.154926160336665,1
HK.02367,490,24.260000228881836,24.459999084472656,-0.8176568400518898,1.3450367095516769,2866293.25,69536274.90104246,2.7382945769688325,27.855200157165527,29.44170781135559,-12.037707411197465,-5.676512921656988,-16.931228265370958,-25.670195209410068,-59.625938888875126,0
HK.02368,490,2.880000114440918,2.880000114440918,0.0,0.0,19400.0,55872.00222015381,2.1491689071015014,2.8284864377975465,3.097524503469467,3.5971274849026575,3.5971274849026575,-12.3649691623922,-18.974314669479945,-21.748593921605792,0
HK.02369,490,0.5149999856948853,0.5099999904632568,0.9803912402207475,0.273272292732124,1216422.5,626457.5700989366,6.744808978991604,0.6494999969005585,0.7674249994754792,-22.556395627475105,-37.95180770478379,-19.531250436557468,-45.21276734030695,-59.12698495294922,1
HK.02370,490,1.125,1.2000000476837158,-6.25000372529015,0.20115477742596385,135025.0,151903.125,3.476837924382171,1.1839999961853027,0.906424997150898,-22.41379565489553,2.2727250560256556,37.19512314792194,78.57142992300783,212.49998758236615,0
HK.02371,490,0.1850000023841858,0.1850000023841858,0.0,0.0,61050.0,11294.250145554543,3.0058613714482907,0.20466000199317932,0.2444500007480383,-3.141359826921842,-11.057692996540352,-27.450978100551872,-42.187497962731825,-50.0,0
HK.02372,490,0.9200000166893005,0.9750000238418579,-5.6410262366801955,0.9836065573770492,63200.0,58144.001054763794,4.070616250765258,1.0357999992370606,0.6120699991285801,-4.166662786155852,-3.1578917648653198,97.84946443304351,228.57143313300853,278.6008287989039,0
HK.02373,490,19.670000076293945,17.799999237060547,10.505623142612034,3.435800855878315,234131.15,4605359.738362789,3.6984761477255206,18.25181335449219,20.624432530403137,6.439396988824877,12.89894391499823,-6.860949433086792,-22.478341432979654,-44.5010617333727,1
HK.02376,490,2.299999952316284,2.299999952316284,0.0,0.0,9125.0,20987.499564886093,2.1819577497556857,2.198999981880188,2.427131971716881,4.545450112051311,-7.183113172746667,-16.270081677233623,-14.780224847579829,-22.502405607712983,0
HK.02377,490,0.7749999761581421,0.7850000262260437,-1.273891685835697,3.77029702970297,150050.0,116288.74642252922,1.7254619062910148,0.8234000074863433,0.8729995748400688,-8.82353477412014,-8.82353477412014,-8.315376373391006,-17.393061707958037,-23.455957956868254,0
HK.02378,490,102.19999694824219,103.30000305175781,-1.0648655092144323,0.23557127384198143,80077.45,8183915.145623016,1.8518112783335212,109.28101150512695,113.32117504119873,-6.759225597149395,-2.6782809493786854,-9.485320306249186,-13.777609566907428,-0.250907477876841,0
HK.02380,490,2.619999885559082,2.640000104904175,-0.7575840359983141,0.3906346999615287,40478386.75,106053368.65261626,2.4498722965303497,2.7825000047683717,3.0374514615535735,-5.0724675865189495,-14.379087106151589,-19.542394216991248,-15.617632959283506,-20.23799094323857,0
HK.02381,490,0.375,0.35499998927116394,5.633806009374048,0.460061950947037,9959500.0,3734812.5,12.64510057296731,0.25420836120843887,0.17192975781857966,86.50650187141456,44.468520786080504,198.33275798625996,170.41858330016566,344.6305791227469,1
HK.02382,490,67.05000305175781,67.5,-0.6666621455439814,0.556911411321769,12406838.2,831878539.1726654,4.33582242993626,61.81599990844727,62.95924940109253,8.58300089353492,-15.71338720360211,19.48792354407039,0.14477522122804712,-13.753641612529483,0
HK.02383,490,0.36500000953674316,0.36500000953674316,0.0,0.0,63520.0,23184.800605773926,1.77211296136725,0.3683000063896179,0.39232500359416006,-1.3513500451867637,-5.194800369332063,-8.749998975545182,-12.048188704574885,-19.780219996152553,0
HK.02385,490,5.179999828338623,5.224999904632568,-0.8612454950295315,1.0795454545454546,229080.0,1186634.3606758118,4.924047493584408,5.851300001144409,5.69532500743866,-11.528611247411703,-4.074078947101188,-8.318588656559013,-16.451613101701216,-20.55214963969175,0
HK.02386,490,5.255000114440918,5.474999904632568,-4.018261078059594,0.6852491194452325,12295112.5,64610817.59456396,4.070386411652952,5.206371660232544,5.985762338638306,4.332396375353868,1.8670813620651137,-28.447885185586287,-26.38207122890893,-23.46949709326651,0
HK.02388,490,52.04999923706055,51.95000076293945,0.19248984148703138,1.32939559531762,13299660.9,692247339.698164,2.3090283342543905,50.07495018005371,43.300732707977296,3.1083655369195955,12.421665027049562,29.563202844264964,35.229962180076754,44.35190155553445,3
HK.02389,490,0.08299999684095383,0.08100000023841858,2.469131600800468,1.2469074715487383,612000.0,50795.99806666374,1.3628611864914753,0.07969999969005585,0.07088500022888183,1.2195055467753797,6.410250164700812,15.277778352668282,27.692307515962582,-2.352945920092787,2
HK.02390,490,8.34000015258789,7.960000038146973,4.7738707615556635,1.9735118614466598,37095.0,309372.3056602478,3.179149098154814,8.0193000125885,8.463925004005432,0.18018430830544385,2.3312950055313113,1.0909109404592803,-5.334849541917015,-36.48133983323265,5
HK.02391,490,13.680000305175781,13.9399995803833,-1.8651311551931227,0.20100502512562815,12010.0,164296.80366516113,2.330373084019472,13.968000011444092,16.55566840171814,0.5143324780628624,-13.63636254169616,-29.77420660556761,-18.563083390559658,-31.203652635163326,0
HK.02392,490,1.0149999856948853,1.034999966621399,-1.9323653692280385,0.001324415601615787,376375.0,382020.61961591244,7.07280374629334,1.0197999811172485,1.2114499926567077,-0.49019562011037376,-6.018523577554525,-16.115706306151516,-9.375001663076018,-25.367648895688106,0
HK.02393,490,0.06599999964237213,0.06199999898672104,6.451614066167647,2.2481782004237947,107620.0,7102.919961512089,3.797249874052659,0.05788000024855137,0.08589999997988343,17.85713858066178,-5.7142866266017025,-41.07143070966911,-34.000001341104486,-50.74627015048393,1
HK.02396,182,4.0,3.6500000953674316,9.589038232541066,0.7866567089868061,32880.0,131520.0,9.879313394200276,4.238500008583069,,-38.97787788327361,1.5228411651818354,-52.437573453335276,-75.0312116997381,,1
HK.02399,490,0.3050000071525574,0.3100000023841858,-1.6129016752173695,0.19068274299702595,4104000.0,1251720.0293540955,3.9484798953751024,0.3100999969244003,0.46105000033974647,-6.153840510802654,0.0,-35.1063812923086,-55.79710025993671,-21.794867092335547,0
HK.02400,490,38.58000183105469,37.279998779296875,3.4871327637482596,1.1790716106947803,3906695.75,150720329.18837357,4.718081010073436,42.694800262451174,59.539700202941894,-9.436612176191739,-18.193380076586763,-48.422459549421035,-41.0091728884922,-51.16455464423457,1
HK.02402,490,10.239999771118164,10.489999771118164,-2.3832221683008834,2.4113472379472087,319671.8,3273439.1588329314,4.739124810173566,12.351999988555908,18.898099904060363,-19.623234261491515,-26.277901238204286,-57.755776122906276,-50.339479367844376,-56.93860607468866,0
HK.02405,490,0.3199999928474426,0.3199999928474426,0.0,0.0,36200.0,11583.999741077423,1.5436681978179272,0.41889999866485594,0.701724998652935,-9.8591542201391,-45.76271066580715,-64.83516663460462,-70.37037221001982,-76.64233636980566,0
HK.02407,490,4.599999904632568,4.400000095367432,4.545450112051311,0.3367183324425441,17405.0,80062.99834012985,3.992106218655705,4.8050000190734865,5.926000001430512,4.545450112051311,-8.730159931562515,-13.696060591421224,-42.85714539576121,-46.13583225784406,1
HK.02408,193,3.9800000190734863,3.940000057220459,1.015227443454557,0.7457439863405815,202130.0,804477.4038553238,2.989128532640225,3.6193000078201294,,9.041093563939615,9.216569631170904,-13.56624335863972,-8.447155588934812,,2
HK.02409,490,4.565000057220459,4.565000057220459,0.0,0.7601880877742947,126900.0,579298.5072612762,1.931247205087255,4.13690001487732,4.212974996566772,3.986337040027276,9.735582323645897,14.125001430511475,9.210532169683308,6.658874613112954,0
HK.02410,490,3.255000114440918,3.305000066757202,-1.5128578307516678,0.18005484232348484,6767644.6,22028683.94749546,15.011470912922102,6.194000010490417,9.58579999089241,-51.162788701112746,-47.41518442081349,-70.48957213742283,-74.82598578796656,-77.42718379182229,0
HK.02411,490,1.4850000143051147,1.4600000381469727,1.7123270893795304,1.363718903214091,2350775.0,3490900.908628106,5.712994172716439,1.4400000071525574,1.6101150858402251,1.3651863802616762,-10.542166014163357,-5.080357700730428,-16.278740136841712,-1.3087183267229285,5
HK.02415,490,0.800000011920929,0.800000011920929,0.0,1.5028462998102468,35200.0,28160.0004196167,2.374481166839435,0.741399998664856,1.0690000042319299,1.265821543245696,-18.367347311149377,-31.034479746495276,-37.984493366049044,-53.42670658162345,0
HK.02416,490,3.009999990463257,3.0999999046325684,-2.9032231270335758,0.1814438713141736,364038.8,1095756.7845282555,7.739046140232979,3.415300016403198,3.0462750029563903,-30.32407706350444,-3.525637792647354,11.481479159435004,32.017545097972786,42.654035076459486,0
HK.02418,490,2.8499999046325684,2.8499999046325684,0.0,0.0,54750.0,156037.49477863312,2.2752761981795695,2.8182999992370608,3.6409296011924743,5.555550159250362,-1.7241444513996895,44.46637278129678,-69.68176747443823,32.53794962638845,0
HK.02419,490,58.45000076293945,56.95000076293945,2.6338893413608764,0.3228431294076248,1077337.6,62970383.541943364,5.402235478816096,54.06040023803711,62.333300037384035,12.40384762103741,27.17580924122881,-22.273932001395206,-15.656568269866975,-31.275721733520374,2
HK.02420,490,5.949999809265137,5.75,3.4782575524371606,1.5967637882922305,324550.0,1931072.4380970001,6.947591391474303,4.240699968338013,3.782247774600983,55.352478532367414,48.74999523162842,54.95883512391686,65.58927058361405,71.94063127072299,1
HK.02421,490,0.5550000071525574,0.5550000071525574,0.0,1.1509769094138544,148850.0,82611.75106465816,1.9406661944075705,0.5837999975681305,0.6028999978303909,-8.264464519769826,-11.904760102656228,-0.8928562875609045,-14.615380383101991,-25.0,0
HK.02422,490,2.0999999046325684,2.0,4.999995231628418,0.8431798846771906,1838400.0,3860639.8246765137,9.860337840657337,2.3446000027656555,1.5350250016152858,22.807009227217083,17.9775246284387,49.9999957425253,156.0975515792796,424.9999683350329,3
HK.02423,490,43.08000183105469,42.20000076293945,2.0853105502501834,2.1119145631829266,12261579.9,528228884.5436234,3.7461662891336656,44.506799850463864,43.757446689605715,-5.068310231214529,5.021943808635742,-2.6540585117070736,2.91387009675112,-16.150178173643308,2
HK.02425,490,1.7599999904632568,1.7599999904632568,0.0,0.0,23364.85,41122.13577717543,0.704845052740309,1.8265999889373778,2.0491000032424926,-1.1235944521335182,3.5294082997992935,-22.123893898668097,-17.757013823040616,-16.190472838559504,0
HK.02427,490,2.9000000953674316,2.9649999141693115,-2.19223678527797,1.0357500835282325,141150.0,409335.013461113,6.212609120874805,2.4573000144958494,2.8377250120043755,9.640836154244292,-17.613633207915225,-26.395937734750014,447.16985885169504,497.9381463570502,0
HK.02429,490,1.9850000143051147,1.9149999618530273,3.6553552922451584,0.1496881496881497,111975.0,222270.37660181522,3.8900503305167518,2.034700000286102,2.280575001835823,10.584961658107616,-14.439652093844431,-11.383928310088054,-18.647542305128482,-35.76051555202891,1
HK.02431,425,2.065000057220459,2.0399999618530273,1.2254948938686687,0.19044293329191195,7115253.1,14692998.058638047,9.963065051831274,4.313200001716614,9.74015000462532,-43.65620521926573,-79.34999942779541,-82.76293709411125,-85.22889753335336,-91.24999989897518,1
HK.02432,427,21.799999237060547,20.8799991607666,4.406130810688059,1.054144490598955,2293304.85,49994043.98034725,4.266090051451645,24.185999870300293,31.905400028228758,-15.76506976820628,-20.899856097601994,-41.397852715156866,-42.842161547130814,-57.628767903219234,3
HK.02433,490,0.06800000369548798,0.06800000369548798,0.0,0.0,360700.0,24527.601332962513,2.2944371232989376,0.06924000054597855,0.07494500014930963,-1.4492675377223445,-2.85713799145759,7.9365120663333455,-6.849308637141818,-23.59550279614425,0
HK.02436,490,20.739999771118164,19.299999237060547,7.461142958453992,1.3543482104518705,599160.0,12426578.26286316,5.269526778659758,19.83419998168945,15.376299936771392,-7.822223239474827,-6.4079426266773005,85.3440620987739,350.8695695891499,382.32555467802734,1
HK.02438,490,0.3149999976158142,0.3149999976158142,0.0,0.4757070340826686,675250.0,212703.74839007854,3.159560200734498,0.32620000243186953,0.4628499998152256,-4.545459060957758,0.0,-48.360657339549675,-46.610167522397454,-44.736841830080124,0
HK.02439,490,0.22200000286102295,0.21799999475479126,1.8348661479239674,0.10604308770105428,29104600.0,6461221.2832689285,8.679001408735559,0.300040000975132,0.300705000013113,-14.615380383101991,-39.178082997097825,-3.478261376599048,-7.112966641723327,-30.62499755527819,1
HK.02440,490,0.824999988079071,0.8100000023841858,1.8518500803374947,1.302738712065137,58600.0,48344.99930143356,4.393967868039323,0.9003999984264374,1.454750002026558,-15.816329385478555,-25.675677707487253,-51.47059029773852,-55.40540662449235,-76.36103192479418,1
HK.02442,490,113.0999984741211,123.0,-8.048781728356834,0.5889238422708318,495860.0,56081765.243377686,17.354076856381813,90.69799995422363,44.81169994354248,21.612901585076443,62.73381075413107,1065.9793886396938,482.089535243051,4104.460820383246,0
HK.02443,490,1.0449999570846558,1.125,-7.111114925808376,1.2806164056128906,374540.0,391394.28392648697,8.79366695716775,1.4474000096321107,2.0054499983787535,-28.424662343778678,-35.493829999459145,-42.58242159516828,-62.67857232568217,-74.0694813230704,0
HK.02450,490,7.800000190734863,8.0,-2.499997615814209,0.24216179256705744,524182.5,4088623.5999798775,19.046362847649416,7.8004999923706055,4.828524993658066,-17.065386366888102,50.28901935912903,118.48740438630088,140.00000586876502,203.50196083051677,0
HK.02451,490,18.959999084472656,17.18000030517578,10.360877460290956,2.435375109857764,1769230.6,33544610.55622101,6.007532075396521,13.428999900817871,12.854799971580505,44.51218940437296,110.66665649414062,16.748764480845885,55.409830990929386,92.09725738916434,7
HK.02453,490,0.7200000286102295,0.7099999785423279,1.4084577986089954,2.4984590096568726,160710.0,115711.20459794998,6.048227693639024,0.764700003862381,1.2506250002980233,-18.644063687125858,-19.10111908057222,-48.571425652017346,-60.65573706418013,-78.94736805414193,1
HK.02455,490,0.7099999785423279,0.7200000286102295,-1.3888957875743526,0.6774876499647142,143400.0,101813.99692296982,1.8802033736906625,0.6812000060081482,0.6780285593867302,5.1851801486336715,9.230769936149668,9.230769936149668,-6.754219743459136,14.121696809440664,0
HK.02457,490,0.4000000059604645,0.4000000059604645,0.0,0.0,125000.0,50000.00074505806,1.7308738805627166,0.37210000336170196,0.3288250006735325,8.108108325802206,17.64705933914052,37.931040507009456,37.931040507009456,31.147539862315227,0
HK.02458,490,6.5,6.5,0.0,0.0,153249.0,996118.5,1.962704026127176,6.4068999671936036,5.887975001335144,6.209152312855047,40.997826719036695,3.174600050953455,1.8808759154637988,8.69565182722324,0
HK.02459,490,0.6150000095367432,0.6349999904632568,-3.14960334281626,0.2132498748563948,515119.7,316798.6204125643,6.208253762742251,0.6146999979019165,0.8353749951720237,-12.142854284266988,0.8196713302251629,-45.089285096571764,-39.70588029049668,-54.77941153912602,0
HK.02460,470,7.164999961853027,7.15500020980835,0.13975893433196115,0.713310018944921,1070367.0,7669179.514168739,2.3777080140418283,7.445419492721558,8.481422369480134,-4.792271862300555,-0.040453227826312554,-24.806547964575127,-25.400373482337034,-33.24580025594429,1
HK.02465,465,8.970000267028809,8.78499984741211,2.10586707831528,0.4409498036040259,3102225.0,27826959.078383446,3.97329914632551,9.741799945831298,12.638799958229065,-9.803916115782682,-34.237536354462556,-18.970185055897204,-36.562941660290285,-13.24951513870335,1
HK.02469,490,0.28999999165534973,0.3149999976158142,-7.936509888789085,6.205592708597872,3405425.0,987573.2215829194,6.273956912527281,0.3504999977350235,1.158674997240305,-21.62162488703309,-35.55555570272752,-76.98412747219727,-86.69724849656858,-90.00000061659975,0
HK.02473,490,0.41499999165534973,0.4300000071525574,-3.4883756389999006,1.4762654616409485,41023574.05,17024782.88842262,5.129565215122332,0.47070000171661375,2.7664749881625177,-5.68181956725673,-31.9672160781669,-63.2743368666756,-94.68629968379163,-94.44444440011553,0
HK.02475,52,58.79999923706055,56.70000076293945,3.7037009627232766,0.7199310291508995,3064645.5,180201153.06186104,4.44013827313075,59.79678840637207,,-3.5469343745930684,,,-5.404779437418021,,1
HK.02476,105,199.39999389648438,193.0,3.3160590137224744,0.9562283677322149,3133299.9,624779980.935855,6.144609161315935,218.8840005493164,,-14.640415801991088,-51.365855147198936,,-36.69841463603671,,1
HK.02477,490,0.20499999821186066,0.20499999821186066,0.0,0.9826450613212877,231086803.55,47372794.3145346,5.292111684495608,0.21803999990224837,2.231009995415807,-18.000000715255737,-48.75000121071933,-93.59375015133992,-93.34955395035416,-90.47619017950234,0
HK.02479,490,65.0,65.0,0.0,,0.0,0.0,0.0,65.0,65.0,0.0,0.0,0.0,0.0,0.0,0
HK.02480,490,13.899999618530273,13.5600004196167,2.5073686459604474,0.5714285714285714,340.0,4725.999870300293,0.0038168811414622202,13.454400100708007,19.220300064086913,6.106864227211516,9.019604851217832,-40.85106545306267,-41.84100485192789,-44.17670750409946,1
HK.02481,490,2.5,2.5,0.0,0.0,4900.0,12250.0,0.1399998664855957,2.5621999883651734,2.510115611553192,-3.1007723283626447,0.8064508376086847,-2.360479653249787,4.85800894623489,-3.755326231110541,0
HK.02482,490,0.2800000011920929,0.30000001192092896,-6.666669978035689,5.163934426229508,54350.0,15218.000064790249,2.1790008520378747,0.3930000042915344,0.5496500021219254,-8.196723073504641,-45.098037955303525,-53.33333498901784,-62.16216248870331,-62.66666650772095,0
HK.02483,490,1.7999999523162842,1.7999999523162842,0.0,0.0,4400.0,7919.99979019165,0.0,1.78169997215271,1.7030909192562103,1.1235944521335182,0.0,12.555821358533164,9.922929796132724,10.56953493407748,0
HK.02486,490,3.255000114440918,3.390000104904175,-3.9823004804028725,0.8731466227347611,24240.0,78901.20277404785,5.504247338196168,3.9051000022888185,5.465075008869171,-26.022726275211543,-14.342101176689814,-51.27245212444165,-57.33944868126093,-46.63934155197365,0
HK.02487,490,1.2000000476837158,1.3600000143051147,-11.764703304297399,5.6445733839172805,140700.0,168840.00670909882,7.656149799535076,2.1180999994277956,3.943674997091293,-38.46153752103127,-61.038958525693786,-75.99999904632568,-73.85620898057829,-89.03107775401146,0
HK.02488,490,7.139999866485596,6.929999828338623,3.0303036558273253,0.601135742628365,421095.0,3006618.243777752,2.2769796035364775,6.828240880966186,7.384309058189392,2.365590883283593,2.1268769660750304,-12.983602963900346,-9.502941613042506,-28.01369702982311,1
HK.02489,490,0.8199999928474426,0.7950000166893005,3.14465102305935,0.5608122976328943,1588150.0,1302282.988640666,4.875377568125008,0.7915347969532013,0.9551074805855752,-7.988355581731672,15.014549753535778,-26.628644430241376,-21.916726791917895,-43.2594834121229,1
HK.02490,490,4.534999847412109,4.309999942779541,5.220415490016568,0.26762499829841685,2057400.0,9330308.686065674,6.866671228476999,4.560899987220764,4.8488597750663756,1.9101132986567335,-16.94139531634128,-19.59219938354423,8.091338960329733,-43.006383851865486,1
HK.02493,91,20.780000686645508,20.65999984741211,0.5808365930284837,0.8070793180133432,216880.0,4506766.548919678,4.659838275478166,21.846000099182127,,-5.2871459397251765,-18.509801228841148,,-20.13835387752535,,2
HK.02495,490,28.059999465942383,27.5,2.0363616943359375,0.14892219651873448,30957.65,868671.6424668313,4.796017961548037,33.54320003509522,48.877500009536746,-2.569443717782861,-39.00000116099482,-51.5789489274908,-62.183287574101264,-53.388705796799954,2
HK.02496,490,3.299999952316284,3.299999952316284,0.0,,0.0,0.0,0.0,3.5273999834060668,5.252849997282028,-8.333332229543586,-17.500001192092896,-42.10526205716258,-58.015268495411966,-40.000000866976656,0
HK.02497,490,0.5099999904632568,0.5,1.9999980926513672,0.3650926702058303,1085500.0,553604.9896478653,7.82789656987069,0.5973999971151351,0.5669499978423118,-16.393446147009282,-20.31249970896169,-1.9230751596258298,15.909089369714744,-29.166670805877942,1
HK.02498,490,17.149999618530273,16.270000457763672,5.408722409388047,1.0948147900036398,4989769.25,85574540.73405409,4.548538273261242,20.605599880218506,29.99749990940094,-18.09933533365074,-29.94281070577355,-51.52628857892827,-54.02144780343489,-57.57050867036748,3
HK.02499,490,5.599999904632568,5.659999847412109,-1.0600696889943286,0.0,4240.0,23743.99959564209,1.54645714490023,5.784699964523315,5.871425015926361,-1.7543843505051042,-4.436863873003133,-3.1141920180267535,-7.4380210233949695,1.6333878768095147,0
HK.02500,490,1.0700000524520874,1.1100000143051147,-3.603600120498037,0.8253901982760543,1003531.0,1073778.2226372957,8.28713406208382,1.1252000033855438,1.882400000989437,4.901967888289207,-21.897806662198207,-55.416666252745536,-56.50406358293885,-73.04785781508771,0
HK.02501,490,2.069999933242798,1.7549999952316284,17.94871446535788,6.287738755391251,1704600.0,3528521.886205673,8.695817216494204,1.4536999940872193,1.1300249934196471,38.92616912709838,102.94117372066225,84.82142182409159,124.99998866216018,129.9999986754523,1
HK.02502,490,0.5849999785423279,0.5849999785423279,0.0,0.0,72000.0,42119.99845504761,5.1704770105118945,0.6132999980449676,0.5317749984562397,-4.0983664223788265,6.363630156871835,12.5,36.04650437477293,39.28571352545094,0
HK.02503,490,0.26499998569488525,0.2409999966621399,9.958501811263993,25.841848648770423,5243394.0,1389499.3349926472,5.6522981577159115,0.2602399954199791,0.3368552278727293,0.0,43.243233664702935,-5.357148369051949,-47.00000286102295,-36.14458047628995,1
HK.02505,490,0.7099999785423279,0.7099999785423279,0.0,3.5353535353535355,57600.0,40895.998764038086,3.267730369616416,0.6451000010967255,0.9381000012159347,9.230769936149668,2.898547970379774,-29.000002145767212,-50.349650029022875,-75.28094478662149,0
HK.02506,424,66.69999694824219,66.0,1.0606014367305872,0.31611920939984184,77612.75,5176770.188144684,4.228309060527679,68.84900039672851,77.2865000152588,-12.981088557809558,-19.686942206764392,-14.157014713047364,-12.924284233796127,-36.83712318936439,1
HK.02507,490,43.2400016784668,43.41999816894531,-0.4145474391273743,0.9787639949603444,870599.75,37644734.651272774,5.087237001552562,43.61880012512207,45.65598532676697,-7.090672909633643,17.994004274809033,-18.676890156151092,-26.715420009779372,-29.780991240207143,0
HK.02508,305,2.9600000381469727,2.8949999809265137,2.245252423098684,0.5950212507589556,409025.0,1210714.0156030655,5.4396093319199625,3.2474999904632567,4.048975007534027,-6.031747665655116,-16.147307021602817,-39.468300225654176,-23.711341473156402,-58.25105818839008,1
HK.02509,490,16.75,16.56999969482422,1.086302404893863,0.15340819231377512,125060.0,2094755.0,3.3657527764423363,16.590400104522704,18.023450016975403,-1.2964014275555353,17.214835862238708,-11.375659586904609,-14.453523670751881,-39.13517543102128,2
HK.02510,463,14.039999961853027,14.039999961853027,0.0,0.5654974641274267,4382467.35,61529841.42682213,4.622434281057411,10.5896595287323,8.375869431495666,22.018189172030482,80.53866029635208,67.66605702397104,93.47647370172741,77.55072259443428,0
HK.02511,490,3.299999952316284,3.125,5.599998474121094,5.94729928573308,772541.25,2549386.0881623626,6.4178262305728655,3.083299994468689,3.039574996829033,-4.2089980765260675,6.451614639885646,9.999998410542805,8.910890543760393,-23.96313741259817,1
HK.02512,490,2.75,2.75,0.0,0.0,1900.0,5225.0,1.4419372117904476,2.7410999846458437,3.1595750039815904,-1.7857126131349395,-8.333333333333332,-17.910445424277615,-20.52023209014813,-29.30591450285468,0
HK.02513,172,780.0,740.0,5.405405405405405,1.2007216247988353,7003248.15,5462533557.0,9.300144778818039,1091.97,,-30.912311780336584,-53.01204819277109,27.973748974569318,493.15589353612165,,3
HK.02515,490,5.199999809265137,5.505000114440918,-5.54042323043179,0.07526135682114844,424085.0,2205241.9191122055,8.275971878913825,2.572900002002716,1.4252749994397163,135.29410495509316,306.2499941792338,340.6779695262653,471.4285340002242,1006.3829409477127,0
HK.02516,490,0.6700000166893005,0.6700000166893005,0.0,0.29516704508595526,2421600.0,1622472.0404148102,5.982203419810767,0.7843000030517578,1.0274750021100045,-12.418296834253114,-42.73503920814055,-47.24409238175659,-31.63265268885062,13.559329910410172,0
HK.02517,490,1.5,1.475000023841858,1.6949136104436064,2.843601274986338,8999544.5,13499316.75,3.0858110659992755,1.7702910923957824,2.8652458816766737,-11.37519916596457,-21.840941632235673,-60.225922638293724,-55.380925029430074,-52.12603295188616,1
HK.02518,490,41.720001220703125,42.47999954223633,-1.7890732808920216,0.0,6047.6,252305.87938232423,2.238423963583243,42.5931999206543,39.64517454147339,-2.0657213261464196,18.287460000852278,9.397384761195038,-2.5544528043026036,-23.550165798093943,0
HK.02519,458,4.0,4.0,0.0,3.081570996978852,5730.0,22920.0,1.1619222098432787,4.00230001449585,4.773875012397766,9.439125343660326,-13.978496387881693,-18.367348527570677,-34.210525490240364,-44.36717707695907,0
HK.02520,490,2.430000066757202,2.430000066757202,0.0,0.0,63700.0,154791.00425243378,0.9431707753340253,2.259400000572205,2.1042666393518448,10.204088473299281,24.70930319702704,27.956944766762497,4.543542034218192,11.671506383704191,0
HK.02521,490,0.8899999856948853,0.9200000166893005,-3.2608728750215663,2.0365535248041775,609375.0,542343.7412828207,3.3254165581998825,0.9926999962329864,0.953624996393919,-9.183676696627934,-1.111110080907347,-21.238938986680946,43.548383685478214,191.80326715524234,0
HK.02522,490,5.195000171661377,5.15500020980835,0.775944912221729,1.4697956536434307,581030.0,3018450.94974041,6.1254392816978145,4.901000003814698,6.833000006675721,14.679910177778147,-6.899637227754179,16.741581895017386,-37.33413515601318,-69.18742595731703,4
HK.02525,248,16.450000762939453,16.649999618530273,-1.2011943553934723,0.888893558537898,6530702.0,107430052.88253021,1.7804829483005409,16.774800128936768,20.598362517356872,-11.985017159503835,-3.8714302624266623,-33.96888906753335,-27.131782028797037,,0
HK.02526,118,432.0,410.0,5.365853658536586,0.7276858543782356,108046.7,46676174.4,18.882234926726614,407.7779998779297,,-17.870722433460077,35.67839456066332,,106.10686422721152,,2
HK.02528,490,0.8849999904632568,0.8500000238418579,4.11764301643251,0.034013605442176874,58900.0,52126.49943828583,1.7418266145027304,0.8944999992847442,0.5610250014066697,-2.209942713677719,26.4285722192453,135.99999745686847,216.0714238197828,268.7500042685619,2
HK.02529,490,2.7149999141693115,2.7149999141693115,0.0,0.0,3050.0,8280.7497382164,0.08147514404088788,2.753599977493286,2.766909418106079,-3.0357156998040966,0.555550600766242,-2.1730110191294454,-1.197992887318512,2.1972681666023495,0
HK.02530,416,0.7300000190734863,0.7099999785423279,2.816907202197346,1.1312700106723586,396000.0,289080.0075531006,1.2445470998234045,0.7405000054836273,0.6416145442426204,-0.680271446845552,-5.194800369332063,27.772254859544987,19.65972598580013,27.772254859544987,1
HK.02531,490,4.599999904632568,4.75,-3.157896744577508,0.0,825.0,3794.999921321869,0.40000009536743164,4.725800004005432,5.864949991703034,-7.070705416542801,29.213482544076296,-29.230770697960484,-36.11111074318119,-63.43402279387762,0
HK.02533,490,10.0,9.614999771118164,4.004162642190712,1.7482044433764428,5944215.6,59442156.0,5.438480748396081,11.008199977874757,16.026350088119507,-8.256877523190473,-18.43393300725866,-51.503396736176974,-48.79672479050174,-45.47437340893949,2
HK.02535,490,0.6600000262260437,0.6600000262260437,0.0,0.047767112793474835,10264500.0,6774570.269197226,9.521115352666168,0.5836999982595443,0.7350249965488911,-11.409393019904112,32.00000524520874,-33.99999737739563,-24.99999661337244,13.793111244365178,0
HK.02536,490,0.6150000095367432,0.6150000095367432,0.0,0.1421666192777936,1062600.0,653499.0101337433,3.3908167283296833,0.7937564992904663,1.5776135742664337,-23.116590867346158,-45.92098689544174,-69.32056296564826,-70.59298385057593,-74.05966294517849,0
HK.02539,195,9.0,8.300000190734863,8.433732447940587,0.0758150113722517,6445.0,58005.0,4.056233480701772,10.328900060653687,,-19.1374671387226,-23.076921822913434,-46.084738262133094,-74.76182926931023,,1
HK.02540,490,0.8100000023841858,0.800000011920929,1.2499987892806712,2.1561338289962824,36875.0,29868.75008791685,1.624496286520477,0.7804000020027161,1.017399994134903,-2.4096363046584477,-8.98876231421935,-26.36363774291737,-37.69230522347616,-45.999999841054276,1
HK.02543,253,33.2599983215332,33.79999923706055,-1.5976358808175686,0.2015330290242012,56830.0,1890165.704612732,3.304050134752641,29.96981758117676,30.200501880645753,16.750121535078595,16.35834741396579,23.43137422145864,-0.17684190761653265,-36.527207791881615,0
HK.02545,490,0.41999998688697815,0.41499999165534973,1.2048181523292238,1.1473788328387735,106900.0,44897.998598217964,2.6930531948451972,0.41319999754428866,0.42389999970793724,-4.545457008456409,4.999995157122685,-6.6666671081825655,1.2048181523292238,-33.3333349101758,1
HK.02546,183,22.040000915527344,20.360000610351562,8.25147472894291,1.062152964356081,537950.0,11856418.492507935,7.440733198553512,18.423600101470946,,2.8944950374653313,58.904117500927725,24.816377373311244,124.64422396869568,,3
HK.02549,484,4.09499979019165,3.950000047683716,3.6708795128486784,0.47894302229562347,122825.0,502968.34923028946,3.693580708190826,3.8811000108718874,4.350128718614578,6.501944336052008,-0.8097991799212492,-10.645108158616475,-7.725017481863775,-17.598796006133192,1
HK.02550,490,1.9199999570846558,2.0199999809265137,-4.950496276539116,1.3752073679995425,842125.0,1616879.9638599157,4.942050334099823,1.9869000005722046,2.2363249921798705,-8.571426462964851,2.6737942346945314,1.0526305882884401,-38.853506594285626,-38.46153757981291,0
HK.02551,458,1.600000023841858,1.6200000047683716,-1.2345667202249964,0.0,32800.0,52480.00078201294,3.0609372558047805,1.615500009059906,2.186556097865105,4.918035990574884,-30.73592798809187,-28.010174433728924,-42.050744925187985,-48.448928701304304,0
HK.02552,490,2.305000066757202,2.3350000381469727,-1.2847953276085646,0.5732692137125996,1499463.5,3456263.467599988,4.8735395295407,2.4888000011444094,2.9256999933719636,-11.346148026765238,7.710278213300168,-29.076921022855316,-24.426226137915222,-47.254001667729824,0
HK.02553,76,19.5,17.729999542236328,9.983082365835285,1.9246817160586285,452912.5,8831793.75,8.905604582512348,24.133400077819825,,-19.354839727499993,-54.65116279069767,,-7.407405059364643,,4
HK.02555,490,4.135000228881836,4.070000171661377,1.597052935600391,0.6500066993148258,1124840.85,4651217.172205639,2.5687666370269917,4.562600021362305,5.4799628162384035,-13.13025146947982,-15.09239576897582,-22.832747649180384,-32.097689102444136,-49.7478737203612,1
HK.02556,490,56.54999923706055,50.849998474121094,11.209441364762938,1.4390031602943805,6761236.2,382347901.9515862,7.54381657911851,48.31559986114502,39.83774996757507,11.209441364762938,70.94920225782093,73.57273191789105,52.590386242715816,8.645533267935033,3
HK.02558,490,1.100000023841858,1.100000023841858,0.0,0.0,700.0,770.0000166893005,0.022522500753112733,1.1407000207901001,1.2333972245454787,-0.9009000301245093,-3.553144408002456,-16.1331694315623,-17.917567700999225,-19.62762314021484,0
HK.02559,490,1.215000033378601,1.225000023841858,-0.8163257362146623,0.3412833600716621,1301294.35,1581072.678685385,8.337020958770482,1.3314000070095062,1.7228500035405159,3.4042623562209093,-11.31386648542214,-24.062499045394375,-46.47576900495427,-44.520547870639085,0
HK.02560,417,1.3899999856948853,1.3300000429153442,4.511273747632508,0.17883755588673622,66250.0,92087.49905228615,1.3848029753607882,1.4355999898910523,1.5040360933542252,-5.442179684239737,-3.472227051302047,-12.171832549456688,-8.555385321449153,-22.272075084912892,1
HK.02561,369,19.040000915527344,19.100000381469727,-0.31413332326732607,0.5480480480480481,13075.0,248948.01197052002,1.6579763152766598,19.63359992980957,26.466249980926513,-4.704697939166079,-3.202842696100796,-40.49999713897705,-43.36703890412662,-57.96909219382401,0
HK.02562,465,0.5550000071525574,0.5950000286102295,-6.722692358704943,0.618675826684006,9963727.4,5529868.778266132,9.630714497890194,1.2192000007629396,2.4334000039100645,-58.27067750043046,-67.35294167145724,-84.41011190805722,-71.0937489813659,-96.35587640292822,0
HK.02563,464,4.099999904632568,4.150000095367432,-1.2048238454422584,0.44171779141104295,24120.0,98891.99769973755,3.333569073468505,3.6533000087738037,3.6842749977111815,17.14285441807338,28.526640473010495,12.328761575548313,-3.0732887436107483,-51.99063322076477,0
HK.02565,327,5.795000076293945,5.585000038146973,3.7600722777550386,1.1876302697949017,6472418.5,37507665.70130634,5.457778134372548,6.000999994277954,34.66440005540848,-1.3617008290392287,-6.532253958556082,-89.15809168647942,-91.63176884289683,-87.9270831743876,2
HK.02566,444,5.414999961853027,5.59499979019165,-3.2171552294635095,0.010735373054213635,36780.0,199163.69859695435,2.5056431060407514,5.4106999778747555,7.010653178691864,6.176471825701991,-5.332165026677456,-30.677723156100228,-28.03600608407157,-60.315507024973655,0
HK.02567,475,0.33500000834465027,0.32499998807907104,3.0769294253470134,0.7344833718655522,565150.0,189325.2547159791,4.4070529292581275,0.35620000123977663,0.47514999985694883,-5.633797614353404,-22.988504250907326,-31.63265268885062,-48.46153528732649,-77.36486459274724,1
HK.02569,365,1.3849999904632568,1.375,0.7272720336914062,0.26458710486004733,358800.0,496937.99657821655,2.5943440331441514,1.2494000172615052,1.0925000077486038,15.416661285692005,11.693546758978238,27.06421541752287,44.270835564627056,62.9411707782417,1
HK.02570,438,8.164999961853027,8.199999809265137,-0.42682741739290325,0.33917462593622716,529784.15,4325687.564540339,10.024532383761738,15.907500066757201,41.60067496061325,-49.22263681223208,-66.34377623734524,-82.66454304379806,-87.5533534271741,-94.28621391840808,0
HK.02571,413,15.100000381469727,15.100000381469727,0.0,0.8875739644970414,6160.0,93016.00234985352,1.3348691810879851,15.675600128173828,14.126250038146972,0.06627056846066981,-10.545016989302011,14.134549538444682,15.267175127941593,16.153849088228668,0
HK.02573,317,5.5,5.494999885559082,0.09099389526937612,0.1757469244288225,5520.0,30360.0,1.8251735607969222,5.108700008392334,5.8975749945640565,-10.569107077852776,20.08733824496437,-9.539472549080505,-31.07769440032439,-54.545455978473754,1
HK.02575,229,9.255000114440918,9.09000015258789,1.8151810680228915,2.081459660759775,2875582.6,26613517.292084314,10.957199399293563,11.11290002822876,35.20607490062714,-16.32007447282119,-43.116165617410026,-82.30401481940618,-85.80521388400089,,2
HK.02576,480,4.815000057220459,4.804999828338623,0.20812131611029874,0.6687638002480264,655750.0,3157436.287522316,6.5335956542590194,5.454300003051758,4.872224994897842,-13.165013688537025,-15.674255253016808,1.1554585229829488,20.676692874983278,3.5483862036348937,2
HK.02577,424,44.20000076293945,41.400001525878906,6.763282932031496,1.5809881860951274,3919159.55,173226855.10008144,4.871377136239638,44.28799980163574,60.12724987030029,-5.434319264685707,-29.896905158154446,-29.617832324979652,-40.94856157115178,-53.86221361698752,1
HK.02579,207,21.940000534057617,21.860000610351562,0.3659648740731124,1.0382036492096196,830558.85,18222461.61256628,3.430271657092586,25.035200157165526,31.17597261428833,-15.027107694135147,-26.720106403805065,-36.107632471550296,-31.295988809424546,,1
HK.02580,258,9.295000076293945,9.074999809265137,2.4242454176604937,0.23290949185942852,1036130.0,9630828.429050446,3.2099153330769292,9.59167938232422,10.093017134666443,-9.228512851041097,5.23599758054189,-0.09114946112955216,-20.633863075309,-35.02821683859017,1
HK.02581,182,2.8299999237060547,2.7699999809265137,2.1660629311438533,0.12307692307692308,23100.0,65372.99823760986,2.669843314885906,2.7264000225067138,,9.689922767163736,15.51019871944897,-20.949721116853876,-33.72365488648093,,1
HK.02582,453,4.659999847412109,4.929999828338623,-5.476673231802157,0.48415594144015417,1452926.75,6770638.433300972,8.843578495271363,9.020799951553345,23.153249933719636,-50.73995952832034,-66.01021273197641,-85.36432215741257,-82.07692366379959,-91.03846183189978,0
HK.02583,238,57.400001525878906,55.04999923706055,4.268850720049238,0.7140057351515277,480025.0,27553435.732460022,10.803622191528609,60.82219993591308,106.35600008010864,-5.978702304333365,9.751438552994133,-55.01567224742533,-65.83333242507207,,1
HK.02585,443,25.700000762939453,25.0,2.8000030517578125,2.191402811808645,436280.0,11212396.332855225,9.76608322570669,28.460800018310547,19.565081520080568,-24.36727160341787,113.27801125430648,9.152963344304633,84.22441133738369,75.81686613548342,1
HK.02586,438,5.215000152587891,5.139999866485596,1.4591495729663382,0.7079842274353295,5149849.8,26856467.492804717,6.289340252478169,5.004499979019165,6.68732498884201,13.989079125788084,-18.131864265643067,-30.559254412108693,-30.093832092214424,-46.23711077183027,7
HK.02587,424,0.7850000262260437,0.8600000143051147,-8.720928701340952,1.2878212638626731,9101281.4,7144506.137690604,9.595503091230208,1.7755999982357025,3.6677000030875204,-56.98630105668418,-70.37735856695504,-84.0447151615218,-82.86026115059767,-90.27261392922343,0
HK.02588,490,71.42009735107422,71.07097625732422,0.4912287858350916,1.4616702156211414,1216938.85,86913891.1373043,2.5053053547821773,74.89135650634766,76.41754695892334,-1.9849534377027653,-9.021601547527137,-8.720683003418547,0.3205460696428694,5.993076893986485,1
HK.02589,340,72.8499984741211,71.0999984741211,2.461322134397743,1.1095349516845538,131743.65,9597524.701475143,2.986510459995197,88.94622741699219,99.09485939025879,-10.832311878454123,-48.943225924017625,-0.7732924285948397,-11.792036170771357,-39.351311614478256,1
HK.02590,297,8.3100004196167,8.15999984741211,1.838242340803003,0.6302467484271053,11612696.75,96501514.86538148,5.200120237965691,9.623199996948243,17.77544998168945,-22.984240509769414,-32.82133794263075,-59.73836886940798,-63.96357063281876,-61.563366803683465,1
HK.02591,270,3.8499999046325684,3.8399999141693115,0.26041642413474075,0.47313126007063344,11129958.5,42850339.16356444,6.729105815431315,5.765399985313415,18.0064499938488,-5.637255474862033,-52.702705869162216,-83.00970904431733,-87.34385307371238,-91.79104524653762,2
HK.02592,301,1.190000057220459,1.190000057220459,0.0,0.0,40450.0,48135.502314567566,1.8917640875685149,1.2141999983787537,2.3089500027894974,-0.8333325054910776,-1.652890933552547,-44.65116258438631,-73.61419075769103,-76.05633586607111,0
HK.02593,429,0.9649999737739563,0.9599999785423279,0.5208328482694815,0.9697821503865074,58920.0,56857.798454761505,1.384308261347886,0.947599995136261,1.0504499977827073,0.0,-6.31067955546739,-9.813090984201873,-18.220337570415566,-24.609375363797888,1
HK.02595,245,25.899999618530273,25.0,3.5999984741210938,2.348140032373451,1220670.95,31615377.139350984,6.163108700347949,30.752399978637694,31.483799905776976,-23.643864927320564,-9.7561012891151,-22.640382399478796,15.935539129931422,,2
HK.02596,415,2.6500000953674316,2.6500000953674316,0.0,0.0,10200.0,27030.000972747803,0.22743513014820144,2.6415000581741332,2.604902458190918,1.1450462259065275,2.7503872007525665,1.9719701775107106,2.7503872007525665,3.540770303268497,0
HK.02597,297,40.0,42.0,-4.761904761904762,1.9565217391304348,11825.0,473000.0,4.195730265334356,37.235599975585934,29.5493000459671,-2.4390243902439024,1.2658227848101267,26.984126984126984,164.02640928832227,120.02199850685449,0
HK.02598,490,3.3499999046325684,3.5,-4.285717010498047,0.9385599009365163,983974.75,3296315.3186608553,5.165483288705379,3.914199991226196,5.506100007295609,-18.292683352323472,-27.645792185102618,-50.0,-50.44379007089638,-67.38072292781531,0
HK.02600,490,8.119999885559082,8.010000228881836,1.3732790703378244,1.3470137008168799,40216275.2,326556150.0216126,3.341637311029459,8.123155059814453,10.271351518630981,0.2066405794409924,-2.2298690448139475,-35.64867065850161,-31.932184143651053,26.155020768430443,1
HK.02601,490,28.479999542236328,28.440000534057617,0.1406434860323266,1.052371189347587,9529903.35,271411643.0455564,2.6969754663715317,29.124707946777345,31.40681971549988,-1.7514388826248672,-5.349818863741834,-12.446111900549315,-16.60614188322833,-3.6124570243761998,1
HK.02602,490,18.8700008392334,18.979999542236328,-0.5795506093567009,1.0250088116515996,917679.05,17316604.443646908,3.6247708853110003,17.629195079803466,17.26601601600647,9.764222462905133,5.587777437913525,4.52664240432572,9.817710403056905,-19.585380042284406,0
HK.02603,327,12.75,12.430000305175781,2.574414215347788,1.0991777143816077,2371400.0,30235350.0,3.1506029130473983,12.753599929809571,14.026002349853515,3.8273638212457053,-17.207790156966126,-18.705400549084708,-1.779328684238328,-28.105734604542242,1
HK.02605,317,1.1399999856948853,1.149999976158142,-0.8695644061371431,0.4202772963604853,90060.0,102668.39871168137,5.420382509596202,1.1537999939918517,1.6835499942302703,-5.000004967053534,-5.785128119441005,-32.544381828611186,-58.08823626088847,-76.68711622043061,0
HK.02607,490,10.770000457763672,10.850000381469727,-0.7373264598467969,2.937007844435774,2090689.0,22516721.487041473,1.7869351777860414,11.511392078399659,11.289361891746521,-6.723993175992411,-5.932622480935453,-1.4062049020475749,-2.5992084198324554,-6.114685900697333,0
HK.02608,490,0.009999999776482582,0.009999999776482582,0.0,0.002504311958703405,36189850.0,361898.4919109382,11.4772746954293,0.010279999822378158,0.010524999862536789,0.0,0.0,-9.090910630285256,0.0,-23.076926383393687,0
HK.02609,308,2.990000009536743,2.9000000953674316,3.103445214125363,0.3301777441654537,5882245.0,17587912.60609746,4.445289002979062,2.9740999937057495,3.976375004053116,0.16750802735815354,-43.15589582830962,-11.53846425146303,-23.136248614306965,-52.9874222206261,1
HK.02610,367,25.700000762939453,25.100000381469727,2.3904397304817637,0.5374170179809393,795233.4,20437498.986714937,4.015484035165138,26.253242721557616,41.60835370063782,-6.958969755558625,-13.145043411356802,-59.18023482918938,-47.228574315575756,-39.86652836562317,4
HK.02611,490,15.34000015258789,15.020000457763672,2.13049057970444,1.400230867347519,15384243.2,235994293.0354492,2.595238419159095,14.6824822807312,14.617242436408997,4.369161531528784,4.577899474599487,8.80562815582303,-3.8235867241842083,0.5550949994189304,1
HK.02613,417,31.0,31.0,0.0,0.0,140.0,4340.0,0.18387148457188757,31.587999801635743,30.832699975967408,-3.125,3.3333333333333335,2.6490040293054635,2.242745092414565,8.771929824561402,0
HK.02616,490,5.335000038146973,5.380000114440918,-0.8364326270766567,1.058206492849749,15299127.55,81620846.0628654,8.023857336878903,5.341299982070923,6.266225006580353,-0.9285086092790292,16.99561633974564,-26.717034555038566,-0.09363509921427239,-57.69230623791505,0
HK.02617,308,10.029999732971191,9.40999984741211,6.58873427856209,2.873340544248926,3907040.5,39187615.17170763,4.107667367412347,10.25029993057251,60.36452497959137,-2.7158164427690448,-64.45783140673318,-86.93159643912549,-91.13957596875453,-85.78313352359056,2
HK.02618,490,10.470000267028809,10.399999618530273,0.6730831833283052,1.39460422049096,11606046.2,121515306.81314868,2.046478771209825,12.607000026702881,12.739050011634827,-11.34631756966001,-15.903611024659106,-23.18415129038851,-11.421315250850238,-21.04072333103042,2
HK.02619,202,1.1299999952316284,1.1299999952316284,0.0,0.0,24650.0,27854.49988245964,3.4238005551218893,1.2634999752044678,1.6020208036899566,-12.40309855448105,-18.54384398987685,-32.66919009983991,-48.911273345332745,,0
HK.02621,324,2.7200000286102295,2.7200000286102295,0.0,0.5034965034965035,13820.0,37590.40039539337,1.7964945732073787,2.888099989891052,3.1473102617263793,-6.6895346756313145,-18.805966983794224,-4.087838789314105,-21.790631142398343,-38.14814963405587,0
HK.02623,490,3.4149999618530273,3.4000000953674316,0.44117253131943507,0.7620986124422676,1218838.55,4162333.6017549993,5.984478969085412,4.007799997329712,4.640400738716125,-12.43590055524629,-27.340423394889967,-14.625000953674316,-30.306124583923093,582.9999923706055,1
HK.02625,363,0.8349999785423279,0.8149999976158142,2.453985396935122,0.9299419901829541,580500.0,484717.48754382133,12.58669813887472,1.9355999970436095,3.487650002837181,-58.040202284385444,-63.537118233545264,-81.40311756999525,-80.9360740473654,-80.6712975610553,1
HK.02627,274,29.31999969482422,29.31999969482422,0.0,,0.0,0.0,0.0,29.31999969482422,35.98419982910156,0.0,0.0,-58.93557553469072,-27.137180735969206,-37.05453297067777,0
HK.02628,490,29.3799991607666,28.639999389648438,2.583798138576873,0.9500816335899855,49110004.1,1442851879.2432444,3.5021055140384316,28.590399932861327,28.639770212173463,4.704204276362723,0.5175450107871362,4.997438726254538,4.560549665134441,34.449044616842535,2
HK.02629,329,12.40999984741211,12.40999984741211,0.0,,0.0,0.0,0.0,12.40999984741211,21.02724986553192,0.0,0.0,-15.807326729214072,-71.13953523857649,-70.63416862208273,0
HK.02630,214,84.0,77.5,8.38709677419355,1.0996566555255034,92740.6,7790210.4,9.142307007751922,87.62500007629394,85.50325004577637,-3.6144595189060595,42.01183065608019,-22.93577981651376,-0.059492028485734524,,1
HK.02631,267,69.19999694824219,64.5,7.286816974018895,1.8314903689045692,1663106.05,115086933.58460312,5.226488129915576,67.17300003051758,69.276699924469,-3.081238838404405,-32.684829869702114,23.903310365007457,16.498308368045578,47.989733601797965,4
HK.02632,122,63.099998474121094,60.75,3.868310245466821,0.28267158914969387,136699.4,8625731.931413269,13.748938297744576,69.0400001525879,,-2.548264904832288,-51.34926757222543,,126.32711755213005,,1
HK.02633,490,0.9649999737739563,0.9649999737739563,0.0,2.0434224313744482,359300.0,346724.4905769825,1.8848081534219037,1.001469293832779,1.1128619354963303,-3.7406450429920453,-7.2731099680467635,-19.783880407820607,-21.64936614436502,-31.79238021652005,0
HK.02635,181,10.5600004196167,10.350000381469727,2.0289858010338753,0.2666787394309416,4513010.0,47657387.49373436,6.353360596663873,10.80020004272461,,-3.208060794596906,-27.522301710356338,-79.65317898044539,-69.42675118786842,,1
HK.02637,192,192.6999969482422,190.0,1.421051025390625,0.8731740656907561,115230.9,22204994.078343198,5.35307813520744,193.07600006103516,,-4.1293547521183145,12.361514255534804,15.389219729486339,46.095531361035455,,1
HK.02638,490,6.210000038146973,6.239999771118164,-0.4807649690957547,2.7645466438432273,2554665.05,15864470.057952737,0.8988404259663312,6.286092786788941,6.252878205776215,-2.51534000875941,0.5647489941837093,-5.949994450150763,2.788514199161184,8.423096801350164,0
HK.02643,306,13.079999923706055,13.479999542236328,-2.9673563213186402,1.4483700822312586,3219637.4,42112856.94636116,6.47399039060074,14.264999980926513,26.634199986457826,-5.763690087455645,-60.74429758852056,-60.00000116657406,-55.900202323004024,-75.66511642101199,0
HK.02648,300,64.80000305175781,60.29999923706055,7.462692987782909,1.5368845103005404,582762.5,37763011.77845001,3.3609913166959258,66.2616104888916,70.58603410720825,4.378494761084307,-1.535511930440331,-12.508812504918726,1.4013705207897817,18.272321805605813,1
HK.02649,133,3.9000000953674316,3.9000000953674316,0.0,,0.0,0.0,0.0,3.9000000953674316,,0.0,0.0,-32.989691059508374,-37.09677072022871,,0
HK.02650,232,10.34000015258789,10.5,-1.5238080705915178,0.7071224767517202,30762667.5,318085986.64401054,15.134791406104403,13.304700050354004,30.798824944496154,0.3883491370127199,-22.255639065396316,-76.62748697945746,-73.10093516651838,,0
HK.02651,297,26.860000610351562,29.020000457763672,-7.443142017023119,0.24311093999229966,74890.0,2011545.4457092285,8.961038181249767,22.964000053405762,13.924846434593201,8.569122307383035,115.22437175937941,268.0645248341849,160.93625289276764,97.91429592555069,0
HK.02652,234,11.0,10.630000114440918,3.480713843609794,0.5837768215546197,3512977.5,38642752.5,9.461841315672922,14.789499969482423,24.40652509689331,-27.631578039264404,-42.43851570553333,-62.06896551724138,-67.60895083466163,,3
HK.02655,186,14.920000076293945,14.649999618530273,1.8430065856258295,0.6950207269281844,1273921.7,19006911.861192513,4.327167322156973,16.211599884033202,,-12.338427291356572,-15.515287626232244,-70.15999984741211,-61.74358954796424,,1
HK.02656,247,5.574999809265137,7.550000190734863,-26.15894478907946,10.600335683115139,4759527.5,26534364.904692173,9.328329395158239,9.83419997215271,41.27774994134903,-44.25000190734863,-52.754239668211866,-95.07508837494566,-90.49445922553777,,0
HK.02657,178,50.79999923706055,50.20000076293945,1.195216065741671,0.8569117262775143,74117.25,3765156.243453026,6.516445244867981,51.84179977416992,,-7.468127823066981,74.09183929326394,-24.827509163910833,-39.09350042045283,,2
HK.02658,193,41.58000183105469,39.7599983215332,4.577473808734563,3.3536642290337637,182952.5,7607165.284996033,7.50596987020028,38.83200004577637,,13.297005358766034,-18.868289110137194,-14.268037461742914,-12.315471453803548,,1
HK.02659,190,13.859999656677246,13.149999618530273,5.399239990444401,1.2445615157512422,496610.65,6883023.438502264,5.4456213906364,16.73099994659424,,-13.859543037679678,-23.128124632057865,-88.3529414649771,-80.11477724027822,,2
HK.02660,490,2.299999952316284,2.299999952316284,0.0,0.8241108094939793,367775.0,845882.4824631214,2.7991180778019586,2.3213000011444094,2.2833350145816804,-0.43290003077767186,4.072394236009792,8.69565315368861,-2.723733721407214,0.40160019782871326,0
HK.02661,181,4.409999847412109,4.244999885559082,3.8869250012075383,4.119574156198205,14628810.0,64513049.86782074,7.10914550527264,5.508500013351441,,-15.192307515962582,-64.5498392591085,-95.98726134105317,-94.09638550525284,,1
HK.02663,490,0.39500001072883606,0.375,5.333336194356283,5.941686367218282,810000.0,319950.0086903572,4.881251833600632,0.46560000002384183,0.3434250001609325,-20.999997854232788,3.947372548798166,46.29629445664684,33.89831467354282,23.43750611180453,1
HK.02665,186,1.9950000047683716,1.9299999475479126,3.3678787039886875,1.000907988308822,3488225.0,6959008.891633153,4.295480813387645,2.401700003147125,,-18.737268156133776,-38.80368065630345,-81.91296416077998,-80.72463834551978,,3
HK.02666,490,4.494999885559082,4.494999885559082,0.0,1.0927359101538852,6595169.55,29645286.37249274,1.7795424026784885,4.658899984359741,5.199173748493195,-3.7473273635091946,-3.1320178102222784,-18.272729353471238,-18.546523418473534,-24.7248860775626,0
HK.02667,54,2.359999895095825,2.2699999809265137,3.964753961477019,0.725668617696766,130813.75,308720.4362770915,2.9122010734621386,2.6562000036239626,,-10.606068131899294,,,-29.552239931938967,,1
HK.02668,490,0.5799999833106995,0.6499999761581421,-10.769230063850333,1.3921417565485361,26931500.0,15620269.550532103,10.33872654053289,0.4809999972581863,0.35154999945312737,20.83333255723117,75.75756371623386,84.12698022242184,211.8279406219184,107.14285030048725,0
HK.02669,490,3.305000066757202,3.2750000953674316,0.9160296340817273,1.0075447032162355,8955523.1,29598004.443345666,2.5998133270936608,3.3769145822525024,3.8205398678779603,-6.012449159085787,-4.25639925862153,-17.934049219767616,-23.488733910731654,-32.318066697940644,1
HK.02670,228,98.69999694824219,81.05000305175781,21.776672710565162,18.66001440287643,557525.5,55027765.1485672,13.353744619571287,135.48999938964843,185.79549938201905,-28.5300560564352,-64.34248507913071,-41.039426196589,-10.272730047052557,,1
HK.02671,178,5.900000095367432,5.394999980926514,9.36052115340678,5.806451612903226,3000.0,17700.000286102295,0.915489589965852,4.7324999856948855,,18.000001907348633,46.40197985617503,50.838693915944454,-23.07403879983485,,1
HK.02672,59,47.220001220703125,44.619998931884766,5.826988684574884,0.8848313952924136,1974210.95,93222243.46892548,13.750805356175471,58.32540008544922,,-25.579195188467384,,,-35.31506682095462,,1
HK.02675,172,34.5,33.939998626708984,1.6499746492338516,0.3823464424176552,524707.15,18102396.675,5.487164486391708,37.00839981079102,,-4.006674128359155,-13.098238445863538,-43.993505106182965,-39.045934752499605,,1
HK.02676,192,171.5,159.8000030517578,7.321650015521378,1.3024745619171532,185040.25,31734402.875,5.15573560887259,153.71199920654297,,3.6880328468048886,-8.921934561594252,26.942999446346555,43.15525511790344,,3
HK.02677,151,23.739999771118164,23.299999237060547,1.8884143710947445,0.45036764705882354,5287.5,125525.24878978729,6.7926373767111174,24.30680004119873,,-3.4959373862423564,-5.64387951075446,-63.39244359336138,-65.03681997404658,,2
HK.02678,490,5.454999923706055,5.400000095367432,1.0185153216165028,2.1544444979874204,255157.15,1391882.2337830544,3.335386140748077,6.323100004196167,6.0484749960899356,-16.71756084187163,-10.573770344433555,-20.014665888531834,12.939958796530126,9.538150658901817,1
HK.02680,490,6.0,6.099999904632568,-1.639342724524056,2.34375,13500.0,81000.0,1.2461356536931372,6.4742999935150145,9.500024964809418,-9.090907777308086,-13.04347946272754,-50.33112551411967,-39.819459986954655,26.31578947368421,0
HK.02682,490,0.12999999523162842,0.1340000033378601,-2.985080601935728,0.0,437600.0,56887.997913360596,3.475019603950179,0.1206988349556923,0.13446303211152555,13.093721158703026,-12.352364681752901,-10.10499520650761,-6.509199638817168,-13.4344358641115,0
HK.02683,490,1.1050000190734863,1.0950000286102295,0.9132411143357496,0.813810110974106,73000.0,80665.0013923645,0.6827741183636953,1.1024000215530396,1.1597475028038025,1.3761454344538677,-3.9130398276171445,-13.671871580299843,-6.3559264244273175,53.390632036796895,1
HK.02685,199,3.9649999141693115,3.869999885559082,2.454781173630584,0.6366645978736294,42750638.45,169506277.78493327,8.044181749125375,6.578500065803528,,-2.5798587976276237,-64.56657673946495,-88.31073075410902,-85.29302652516441,,1
HK.02687,192,365.20001220703125,352.6000061035156,3.5734560083406635,0.9153403771566136,187915.0,68626560.29388428,10.193157826296154,262.21800048828123,,16.010173560492184,180.92308631310095,146.59013987600508,122.00608644804332,,1
HK.02688,490,49.68000030517578,49.08000183105469,1.2224907329596981,1.1675850723048156,3726855.45,185150179.89334604,2.5615506288502434,47.009999923706054,56.91354074478149,3.5000006357828775,11.590296034043003,-22.419049509428334,-26.066019074427693,-19.377228092127265,1
HK.02689,490,6.199999809265137,6.184999942779541,0.24252007476745033,0.5633171883361962,12352098.15,76583006.17402425,3.6725879073788623,7.266300010681152,7.094825003147125,-9.818184592507102,-11.931820413913622,-24.29792274818444,3.6789262456513523,5.084740831330819,2
HK.02691,182,6.590000152587891,6.519999980926514,1.0736222678857998,0.4939540148233636,2273277.6,14980899.730874635,4.1566428548616985,6.70479998588562,,-0.4531681796042482,2.6479762347928313,-18.38822882753372,-5.134342480142041,,1
HK.02692,133,38.2400016784668,36.79999923706055,3.9130501936425373,0.9181288280024854,342330.0,13090699.774589539,3.9337101485710644,43.213599853515625,,-10.654200093174873,-36.94971027799551,-53.61388231448536,-47.259621222532026,,1
HK.02693,195,2.9749999046325684,2.9800000190734863,-0.1677890741246558,0.4897959183673469,18050.0,53698.74827861786,4.114791897834802,2.9512000036239625,,-0.8333365122477213,-14.265133138224028,-28.849454239243844,-30.10597765507074,,0
HK.02695,182,1.1549999713897705,1.1299999952316284,2.2123872799678703,0.6644270250093318,130450.0,150669.74626779556,2.6480328131548605,1.3962000012397766,,-11.494251508591336,-32.456143530769936,-25.101125565461324,-46.06048027609646,,1
HK.02696,487,59.70000076293945,58.400001525878906,2.2260260326953514,0.646729019469085,1328003.35,79281801.00818616,6.255095671790835,63.42200019836426,66.10524982452392,-12.973757885051715,0.25189173434204476,-13.226746926119299,1.8771370605139897,-30.500582418553552,2
HK.02697,58,284.3999938964844,280.79998779296875,1.2820535114018154,1.4351783351605099,136518.75,38825931.666755676,19.41787023495691,582.54,,-57.42515061429875,,,-28.900001525878906,,1
HK.02698,212,29.079999923706055,28.780000686645508,1.0423878731863703,0.5719513243152851,2023331.2,58838471.14163208,4.7162377416995405,31.31048023223877,29.336060276031493,-10.641932047452283,6.485561833172914,-2.604173221188695,-2.852788694184763,,1
HK.02699,490,6.099999904632568,5.739999771118164,6.271779579605724,4.26089364657506,185750.4,1133077.4222854613,3.2949174691038454,5.435500011444092,6.064560272693634,6.0869548631751025,20.315575899352943,-18.666667938232422,16.190474373953684,-92.37500011920929,1
HK.02700,490,0.5950000286102295,0.5950000286102295,0.0,0.0,57906.75,34454.51790672541,2.814199458964755,0.5716000008583069,0.5761999994516372,11.214953166906032,0.8474669590729236,4.385971241490521,8.181821038900267,26.59575108922733,0
HK.02701,123,8.760000228881836,7.954999923706055,10.119425680657326,5.732049357024568,2425905.0,21250928.35524559,5.107643952728217,8.97829997062683,,-0.960995314650518,-23.826084966244903,,-22.133331298828125,,1
HK.02706,146,42.2599983215332,41.41999816894531,2.0280062523461955,0.40293421937616014,2749724.4,116203348.5286789,10.037959183095964,42.9901997756958,,-16.48221423732514,-31.728598901786278,-50.83187920648613,-54.36285203250451,,2
HK.02714,151,37.20000076293945,37.52000045776367,-0.852877641044922,0.3417013245672179,3706782.55,137892313.68805066,3.5442576655146705,34.686399955749515,,10.385756441433134,20.77922624809033,-17.682482991833464,-7.037278008077244,,0
HK.02715,133,15.029999732971191,14.760000228881836,1.829264904488485,1.0107493942766614,3113687.0,46798714.77855587,3.9921157709621236,17.590399932861327,,-15.751123293623277,-19.280348788695385,6.898999177845942,16.511629282385933,,3
HK.02718,217,42.84000015258789,40.41999816894531,5.9871402604413415,0.42919745204140575,4365538.55,187019672.1481283,9.78397581435344,62.89660026550293,185.83215009689332,4.948555788499426,-79.34426161363832,-81.39009525607423,-78.57999992370605,,1
HK.02720,149,27.579999923706055,27.6200008392334,-0.14482590264995077,0.0944386149003148,44600.0,1230067.99659729,5.632685820183071,24.196000061035157,,18.06506508173838,38.245608365793316,8.156862445906096,11.299431636293411,,0
HK.02722,490,1.7350000143051147,1.7100000381469727,1.4619868772186173,0.9319899006218053,4932958.2,8558682.547566533,3.297034500858284,1.9150000095367432,2.3436570125818252,-11.928934563056812,-32.22938172532435,-41.721681274718534,-5.834504452214306,-6.760473998162146,1
HK.02723,81,454.0,467.79998779296875,-2.9499760908664503,0.6665089676391163,219509.15,99657154.1,14.949938432217374,625.2939996337891,,-29.062500000000004,76.65369649805449,,123.64532019704433,,0
HK.02726,118,81.6500015258789,85.69999694824219,-4.725782458089518,0.99781121518473,305174.15,24917469.8131588,9.166479234481043,101.99300003051758,,-20.496588167351035,-39.02165403457671,,-20.728153858369993,,0
HK.02727,490,3.0199999809265137,2.869999885559082,5.2264843675494195,2.4067657346207505,16434461.95,49632074.77553751,2.6144084611978964,3.1191000032424925,3.8793130135536193,-1.6286629773138117,-22.230630777539094,-36.94375384742823,-26.561615306132268,-12.086803294850657,1
HK.02728,490,0.46000000834465027,0.47999998927116394,-4.166662786155852,0.0,363280.0,167108.80303144455,6.302995746721541,0.3804000008106232,0.4687999963760376,35.29411867828104,-4.166662786155852,-7.999998331069946,-7.999998331069946,-36.1111124908482,0
HK.02729,122,30.739999771118164,31.799999237060547,-3.3333317338795148,0.28866822006190396,674993.3,20749293.887506295,9.916574672868133,33.40520008087158,,-13.408451348962918,11.215631150233381,,0.13028992568298922,,0
HK.02738,490,0.164000004529953,0.17299999296665192,-5.2023056662399885,0.7827279978283176,4954395.0,812520.8024431765,19.639543309946713,0.07479999974370002,0.16205500062555075,320.5128234519055,300.0,-30.212763852801128,-43.4482726727597,-48.74999743886286,0
HK.02768,153,41.599998474121094,39.619998931884766,4.997475001552549,2.0815605454785504,788988.05,32821901.67609978,6.404009590640183,36.257999877929684,,10.403392083855307,-22.820042121617075,31.87626605963122,54.92833286521782,,3
HK.02772,490,0.029999999329447746,0.029999999329447746,0.0,2.472347440554987,5339495.15,160184.85091958952,10.7787065962499,0.03473999984562397,0.047390000000596046,-18.918921776153955,3.448276526508396,-45.45454637817115,-50.819673783049964,-64.28571460249067,0
HK.02777,490,0.11500000208616257,0.12300000339746475,-6.504065927096617,1.8544558261693433,4892273.0,562611.4052060768,7.297911409405993,0.19349999964237213,0.3856499972194433,-43.349751036823555,-54.9019591229001,-78.30188522753906,-77.88461417224276,-84.66666638851166,0
HK.02779,490,0.3400000035762787,0.32499998807907104,4.615389553047677,0.31716906946264745,383300.0,130322.00137078762,6.204693076131736,0.3195000034570694,0.45424999997019766,-1.449273985189887,4.615389553047677,-39.285713905582625,-39.285713905582625,-45.16129016752174,1
HK.02788,202,16.5,16.43000030517578,0.4260480433598497,3.2369566057265895,4502507.6,74291375.39999999,4.788042972399096,16.77640003204346,20.804490027427672,0.06064420267216193,-6.409524756423562,-41.83270752336256,-17.009357844495387,,3
HK.02789,490,0.17499999701976776,0.17599999904632568,-0.5681829727139418,0.5334474397375553,654400.0,114519.99804973602,4.813782904527627,0.18697999954223632,0.16888020806014536,-19.35483738060101,2.9411736347271384,-9.131065720686792,29.12953503123714,33.825151544019214,0
HK.02797,52,67.44999694824219,69.44999694824219,-2.8797697449727835,0.3660704947181257,46755.0,3153624.6073150635,8.857568800282387,75.19640007019044,,-35.577842488777065,,,221.19046165829613,,0
HK.02798,490,0.8949999809265137,0.9150000214576721,-2.1857967281024426,0.0,426000.0,381269.9918746948,6.61411698858332,0.8289000022411347,0.9910749951004982,14.012732614711412,19.33333079020182,-22.173913088547938,-22.84482701035939,14.743591507040838,0
HK.02799,490,0.6349999904632568,0.6200000047683716,2.419352512826054,0.5799739317997538,52046854.85,33049752.333392512,3.5093381450594525,0.6080999934673309,0.7330749997496605,0.0,-6.617649443524906,-20.62500237487253,-25.294120864472085,-40.65420940792983,2
HK.02858,490,1.1050000190734863,1.0800000429153442,2.3148125152529935,1.6121393692163504,31972202.25,35329284.09607136,3.9834543323078204,1.284599997997284,1.8602807825803758,-17.228465355906245,-22.183094896557815,-51.1394558898876,-53.238931528070076,-59.1439123785402,1
HK.02863,490,0.7799999713897705,0.7950000166893005,-1.8867981112750467,0.030272673428051216,6833800.0,5330363.804483414,5.219583435928153,0.8067999982833862,0.5232000006735325,-1.265829088137235,44.4444334065477,119.7183084402782,140.0,105.2631529414422,0
HK.02865,340,12.300000190734863,11.710000038146973,5.038429980067312,1.09237339340408,3147371.1,38712665.1303134,4.730240481136739,15.768200092315674,26.17914999485016,-25.948225534264296,-55.49927473825711,-68.9079884637233,-44.09090822393244,-43.938013257376696,1
HK.02866,490,0.9200000166893005,0.9350000023841858,-1.6042765408167188,0.9507587865646849,8518817.85,7837312.564173111,2.087874268572309,0.9171000003814698,1.0320128500461578,0.0,-0.17077319367927044,-23.707750462349143,-12.299559402281671,-19.51189865084866,0
HK.02869,490,4.090000152587891,4.130000114440918,-0.9685220519283734,3.741668079016964,3574949.45,14621543.795993997,3.0849114011593395,4.208400020599365,4.195711520910263,-3.537727043101133,-3.574727250325339,3.0673876481502855,-2.271688368745907,-10.53324773304392,0
HK.02877,490,8.125,8.300000190734863,-2.108435984498082,1.8763331316608058,2422232.35,19680637.84375,3.9920129928809343,7.3985645198822025,7.600769650936127,13.427542972613542,17.208465493020093,4.50593271306978,12.179452784666548,10.125822832047483,0
HK.02878,490,0.24400000274181366,0.24199999868869781,0.826447960311188,1.8468066100937919,905600.0,220966.40248298645,2.745913413214951,0.26710000067949297,0.3673750001937151,-4.313722625689836,-28.23529406608595,-37.43589443803057,-44.54545362182885,-48.08510566793884,1
HK.02880,490,0.6800000071525574,0.675000011920929,0.7407400212333817,0.6081803695755194,3526085.0,2397737.8252205253,1.9537741464331633,0.6863000059127807,0.7791007927060127,-0.7299263086460758,-10.681173754428457,-27.086672569094418,-9.550554893943461,-16.912717804926896,1
HK.02881,490,9.9399995803833,9.9399995803833,0.0,0.0,6525.0,64858.49726200104,0.6532479962701415,10.206699962615966,7.972177476882934,-4.880385054453892,-17.166670163472496,87.91182381927311,95.02969087250092,64.76108931099105,0
HK.02882,490,0.39500001072883606,0.3799999952316284,3.947372548798166,0.4111561473648766,19306.6,7626.1072071373455,1.1259635650328388,0.4051999968290329,0.48207499548792837,-3.6585331282255105,-8.13953391663639,-25.47169206574415,-20.999997854232788,-47.333331902821854,1
HK.02883,490,7.539999961853027,7.599999904632568,-0.7894729412163299,1.48672322828529,16913659.15,127528989.3457951,3.891674807223929,7.222400007247924,7.832962517738342,0.7348006326995105,5.0139295560081445,-21.09451815763725,9.60929316141726,11.002633100976393,0
HK.02885,490,0.9200000166893005,0.9200000166893005,0.0,0.4103896103896104,372000.0,342240.0062084198,2.1978172934164175,0.8350400006771088,0.7711527290940284,8.60515865812069,5.747127775503971,19.755736157249476,33.22825001445784,57.164210882374775,0
HK.02886,490,1.1950000524520874,1.190000057220459,0.42016764631987913,1.7417920031162244,205960.05,246122.27055303453,2.3219979838291622,1.0933000087738036,1.06648295968771,10.648148608060511,10.648148608060511,12.745154164385852,10.801269832567662,12.745154164385852,2
HK.02888,490,245.0,243.39999389648438,0.6573566736390684,1.024939714749246,787348.45,192900370.25,1.8826087506040246,232.8887274169922,201.00249549865723,4.700854700854701,16.43578429061955,40.2989892225506,28.162665640917496,67.08162215789481,1
HK.02889,238,92.55000305175781,85.05000305175781,8.818341835256396,1.3140269768710902,598766.1,55415804.38228912,9.330841192429732,139.87100021362303,175.35125,-45.55882173426011,-47.85915321027729,-49.20416871464129,-58.86666531032986,,2
HK.02892,490,0.6150000095367432,0.6150000095367432,0.0,0.0,22500.0,13837.500214576721,0.0,0.6178000068664551,0.5331750032305718,0.0,2.499997516473233,51.85185375963655,83.58208782610745,59.74026617422392,0
HK.02898,490,6.389999866485596,6.389999866485596,0.0,,0.0,0.0,0.0,6.389999866485596,6.4877499127388,0.0,0.0,-0.15625357395032685,-3.7650603166701484,-18.390805507682376,0
HK.02899,490,34.13999938964844,33.86000061035156,0.8269308158585051,0.6618705672712982,46947707.55,1602794707.1023932,3.476638989119533,34.56768379211426,35.10094278335571,-11.462660337725346,4.657602168556631,-11.65047230630614,-4.905867434707758,22.7430595438374,1
HK.02908,21,0.7599999904632568,0.7599999904632568,0.0,0.0,1662.5,1263.4999841451645,0.9511522799485521,,,0.0,,,0.0,,0
HK.02912,18,1.2899999618530273,1.2899999618530273,0.0,,,,,,,,,,7.4999925494197,,0
HK.02913,13,0.5799999833106995,0.6700000166893005,-13.432840468172232,,,,,,,,,,-9.375000582076622,,0
HK.02920,5,1.6299999952316284,1.7699999809265137,-7.909603796809178,,,,,,,,,,-22.38094908309887,,0
HK.02921,8,6.199999809265137,5.949999809265137,4.201680806959162,,,,,,,,,,9.540635625633957,,1
HK.02922,6,3.424999952316284,3.244999885559082,5.5469976303617,,,,,,,,,,18.923604729827055,,2
HK.02923,6,0.9800000190734863,1.2599999904632568,-22.222220119765602,,,,,,,,,,-89.3478256587946,,0
HK.02925,5,0.46000000834465027,0.46000000834465027,0.0,,,,,,,,,,-7.999998331069946,,0
HK.03200,151,113.80000305175781,107.0999984741211,6.255840030899404,0.9995634447770435,1649495.7,187712615.6938614,7.406478692264026,106.89099975585937,,8.899524451442883,-37.47252579573747,-0.9938453671393424,3.956459259415169,,1
HK.03223,19,100.5,96.5,4.145077720207254,,,,,,,,,,0.5,,1
HK.03231,8,41.20000076293945,37.81999969482422,8.937073229479157,,,,,,,,,,12.322792857572226,,2
HK.03268,132,19.59000015258789,19.010000228881836,3.0510253378369905,0.7493838957903737,1644275.0,32211347.500896454,7.514028379019535,18.502200050354006,,9.01503005639787,-3.2688069558141546,-33.35423610419417,-32.71734661604506,,3
HK.03277,107,83.0,77.55000305175781,7.027719837231719,2.634776560558545,1329048.5,110311025.5,8.989437584265799,74.17100006103516,,15.598880880504348,-10.04302878240792,,18.93597384386741,,1
HK.03288,310,26.799999237060547,26.600000381469727,0.7518753861753509,0.9995877207135432,3079327.25,82525967.95065975,2.387566837720003,30.623600044250487,31.881127643585206,-16.354561575331815,-10.666669209798178,-19.469657805660027,-14.120660351249834,-19.610192692935232,1
HK.03296,103,71.55000305175781,69.94999694824219,2.287356931122543,0.9222218339217751,883721.05,63230243.82440262,5.10413625089821,70.84599960327148,,-3.6363595262521047,-12.903223709353043,,15.351498691561128,,1
HK.03300,490,0.30000001192092896,0.28999999165534973,3.448282949422888,1.6714556930267572,908931.65,272679.5058353096,4.834461178780355,0.3522000020742416,0.4627499994635582,-17.808218059586352,-23.076917198752763,-44.44444444444444,-45.45454446934474,7.1428609441737585,1
HK.03301,490,0.06499999761581421,0.06400000303983688,1.5624914507502095,0.2523030644858056,1120875.0,72856.87232762575,13.630562021032674,0.07533999979496002,0.10420000011101366,-26.13636594542788,-7.1428609441737585,-45.8333341094355,-51.127821823344156,-68.44660313563833,2
HK.03302,490,0.30000001192092896,0.30000001192092896,0.0,0.21296014602981442,332200.0,99660.0039601326,3.287767293007356,0.3290000009536743,0.3584500004351139,-10.447759866236506,-21.052627451201833,-6.249994179233778,-16.666666666666664,84.04908424138236,0
HK.03303,490,0.38999998569488525,0.38499999046325684,1.2987000923330156,0.133541078738157,150766.65,58798.99134326577,1.7741058585457536,0.429200000166893,0.49021493673324584,-7.142857649699376,-22.00000286102295,-22.00000286102295,-23.52941313966888,-32.202875965442,1
HK.03306,490,21.860000610351562,21.760000228881836,0.4595605717733267,0.886493312853022,1856898.95,40591812.180361174,3.3911818719382487,20.111800079345702,20.033176288604736,7.684736117836942,18.482383232535046,4.600618444000299,16.090430098149177,21.529943391394664,2
HK.03308,37,1205.0,1150.0,4.782608695652174,1.356887678826032,1825052.9,2199188744.5,6.975193382991199,,,5.849224345741936,,,25.69595980728256,,4
HK.03309,490,0.8100000023841858,0.8500000238418579,-4.705884745376678,12.526577406488547,411195.6,333068.4369803667,3.6735746469053456,0.8878000032901764,1.2116772970557212,-4.705884745376678,-17.29579349522722,-41.17517580294245,-50.86397332927215,-57.38201730617733,0
HK.03310,81,28.559999465942383,27.399999618530273,4.233576144386572,2.4087807478370453,1381152.7,39445720.37438488,7.100317266665296,27.770399932861327,,0.492608688503191,-16.92845090563551,,-28.42105670743262,,4
HK.03311,490,8.364999771118164,8.15999984741211,2.512254013963849,1.4811632748778527,10523009.25,88024969.96772432,3.6451020158811174,7.913505620956421,8.220839822292328,2.9860941842045072,9.519754218723534,-5.644644595973265,-2.5844609377741823,-12.432874612821665,2
HK.03313,490,0.7350000143051147,0.7099999785423279,3.5211319039915216,0.5024018684147669,386255.0,283897.4305254221,1.9990465331846599,0.7059000086784363,1.0782250034809113,2.083331263727694,2.083331263727694,-37.7118604257166,-54.06249979045242,-53.184714028692994,2
HK.03315,490,0.6050000190734863,0.6150000095367432,-1.6260146842582102,1.6209476309226933,193650.0,117158.25369358063,2.801061023759093,0.6389999973773957,0.7260473889112472,-6.923070574652987,-12.318837512468384,-23.88071409319712,-22.974531292922762,-42.74212991810663,0
HK.03316,490,20.68000030517578,20.5,0.8780502691501525,0.7840214637054702,321075.0,6639831.097984314,2.12003648830162,22.438400039672853,22.4744735622406,-13.833332061767578,-4.640239791765337,-2.488626211059174,-8.901680680035591,-10.486656353877976,1
HK.03317,178,102.5,98.8499984741211,3.692464928903844,0.7676638318335879,1798757.2,184372613.0,6.9246662025936185,118.78400009155274,,-25.237056574156043,-25.073101086686762,-27.459308006911705,110.04098689033925,,4
HK.03318,490,3.1050000190734863,3.255000114440918,-4.608297698729753,0.6200234365711697,643259.85,1997321.8465192078,4.191244207679224,2.7357000064849855,2.003875002861023,18.73805000955042,27.254096158119197,65.15957590153769,72.50000562932772,58.4183652368202,0
HK.03319,490,1.5399999618530273,1.5850000381469727,-2.8391214644105,13.985878409698339,3242937.0,4994122.856291771,4.19069690946795,1.7652999997138976,2.014964269399643,-23.5732068646089,-25.60386417788376,-23.360104736306486,-31.024101628378155,-45.66142991118704,0
HK.03320,490,4.349999904632568,4.275000095367432,1.75438146414101,2.0508907391682607,11302286.35,49164944.544629976,2.2744651264040177,4.5708777046203615,4.59974029302597,-7.478834234311351,-2.1919144441351888,1.4644063634231188,1.6893774824279326,-5.658370909232305,3
HK.03321,490,0.9750000238418579,0.9800000190734863,-0.510203585134164,1.3275134374661808,739025.0,720549.392619729,6.3369656338703475,1.0662000131607057,0.813825000077486,-8.450706905452375,-30.357139968142167,68.1034572236464,121.5909157102266,65.2542486748321,0
HK.03322,490,0.20999999344348907,0.2150000035762787,-2.3255860695907784,1.2949640287769784,119600.0,25115.999215841293,4.463362761404115,0.19373999983072282,0.20658499978482722,11.111110235087505,20.68965487710738,-4.109590625631726,-4.545457008456409,4.477606075877897,0
HK.03323,490,3.240000009536743,3.3499999046325684,-3.283579051560902,1.9784496300736334,33376691.0,108140479.15830493,3.6377153770053807,3.730400013923645,4.833548799753189,-16.17076322012512,-50.98335939345737,-43.16560449564665,-34.76206944524588,-36.8506704880338,0
HK.03328,490,8.140000343322754,8.180000305175781,-0.48899707042453194,2.19929749376415,39241331.55,319424452.289442,2.23639039410901,7.529500045776367,6.95114196062088,7.671963028216208,12.810032646597444,23.443082738769206,27.77111758144382,25.971411099254148,0
HK.03329,490,0.47999998927116394,0.4699999988079071,2.127657550770317,1.3996351316692066,2395089.55,1149642.9583034767,3.9392067435179783,0.5295000022649765,0.45230000004172327,-3.0303061318608857,17.073169136104084,29.729725158153673,35.21126866979135,-11.111116630059483,1
HK.03330,490,24.559999465942383,23.959999084472656,2.5041753105014037,0.8475746138078297,24771123.5,608378779.9307928,6.965191780402254,21.21140007019043,20.90624316215515,-2.5396876096063155,58.24741457179902,-16.195956973974532,30.499944056306923,45.125440143325385,1
HK.03332,490,0.17000000178813934,0.17299999296665192,-1.7340990176172215,0.0,127100.0,21607.00022727251,2.607618179396538,0.14308000087738038,0.2789649994671345,4.294478022844485,-5.027934681635868,-53.42465826126887,-55.26315686280046,-60.000000701231095,0
HK.03336,490,2.490000009536743,2.4100000858306885,3.3194987907429883,0.9802964523338557,1956950.0,4872805.51866293,5.773713681302959,2.8140000009536745,2.7609500181674957,-11.545294532058447,-44.29529918546182,2.8925591337169574,23.26732836871882,107.49999254941972,4
HK.03337,490,0.8799999952316284,0.9200000166893005,-4.347828340440215,1.2749777341087096,6822135.25,6003478.987469524,5.662156895959932,0.8181999945640563,0.9250436946749687,13.548389974667641,-1.1235944521335182,-19.39112026084082,14.867654725831125,-29.31220697670388,0
HK.03339,490,3.2950000762939453,3.315000057220459,-0.6033176645940432,0.8724194052524231,8649112.9,28498827.66537495,3.6432332466850665,3.1830999851226807,2.9633462727069855,2.0123856605766837,18.953072165431166,19.100319910843446,19.5026834906096,23.25015365879151,0
HK.03347,490,45.29999923706055,45.63999938964844,-0.7449609052032672,1.2072603525480432,1896469.9,85910085.02310829,5.809581825509129,39.878000259399414,40.83872890472412,13.249998092651365,46.15109688492779,5.448219999204373,7.237164882815601,-11.884900834624995,0
HK.03348,490,1.3600000143051147,1.3600000143051147,0.0,0.0,2000.0,2720.0000286102295,0.0,1.3796000146865846,1.2636144548654555,0.0,5.492817181249559,12.086126028409348,15.70180604642856,35.349281249903605,0
HK.03355,123,41.41999816894531,42.08000183105469,-1.5684496991212056,1.1739917383027592,678372.6,28098191.84986267,7.290849395297287,38.16120002746582,,6.47814021649828,15.56919082756898,,-10.91704704805555,,0
HK.03360,490,6.420000076293945,6.460000038146973,-0.6191944522728082,1.2560353047758417,7519962.7,48278161.107727624,2.511975730958075,6.565641632080078,6.771537041664123,-8.210456102210877,7.48259577860066,-9.048654119340492,-12.918922404556927,-0.3183675203974437,0
HK.03363,490,0.33000001311302185,0.33000001311302185,0.0,0.0,500.0,165.00000655651093,0.0,0.3492000049352646,0.3294550833106041,-8.333333333333332,14.265920274049249,-4.778398133915231,-4.778398133915231,-9.790056082209697,0
HK.03366,490,0.21199999749660492,0.1899999976158142,11.578947450975964,0.9322033898305084,24700.0,5236.3999381661415,0.2975507500585536,0.20771999955177306,0.25954999946057794,0.9523829121709212,-13.469390461018808,-9.787234879014935,-29.33333697583926,-9.787234879014935,1
HK.03368,490,0.14000000059604645,0.13699999451637268,2.1897855472652887,0.036842590034079394,137675.0,19274.500082060695,4.537281591263549,0.15327999919652938,0.15895000003278256,0.0,-23.07692118751122,-12.49999767169351,-19.999998297010123,8.84928346684938,3
HK.03369,490,2.4200000762939453,2.4049999713897705,0.6237049930402593,0.19865827656144366,479675.0,1160813.5365962982,1.62755336844636,2.3434180307388304,2.3756148433685302,4.3103511176128135,6.635664889163253,-1.187015607641167,-5.909699891701125,7.985501526127148,1
HK.03377,490,0.039000000804662704,0.03999999910593033,-2.4999958090483205,0.7195828861477215,18723455.2,730214.7678660661,6.509024877173883,0.047179999947547915,0.07304000006988645,-21.99999955296517,-29.090907243657693,-53.01204543489894,-60.60605957980984,-71.3235303785355,0
HK.03378,181,28.15999984741211,29.5,-4.542373398603019,0.20882276168102323,7982.5,224787.19878196716,4.254538818738785,29.00079990386963,,-9.627727903372103,4.684015787174491,48.21052551269531,65.06448258471015,,0
HK.03380,490,1.25,1.25,0.0,1.1237992214649943,3307543.55,4134429.4375,3.7850481527915787,1.3838999962806702,1.4019249945878982,-9.74729179731632,-14.965988049552786,-3.8461503192516595,-29.775279770143054,31.578949019519264,0
HK.03382,490,0.6150000095367432,0.6200000047683716,-0.8064508376086847,0.6112308764702399,1251425.2,769626.5099345207,1.8751151120016722,0.6129000079631806,0.6347762861847878,3.361341170559033,-3.408193162868598,-4.8080742922271895,-1.9665338554570015,-7.489536747802449,0
HK.03383,490,0.13500000536441803,0.1469999998807907,-8.163261582383706,6.334505309878913,1185184.2,159999.8733578235,4.956814832496324,0.16343999922275543,0.23347500011324882,-25.0,-25.414359319202973,-51.78571257512181,-50.90909002241026,-74.03845955457906,0
HK.03388,79,21.979999542236328,21.100000381469727,4.170612060933551,0.7471274679424432,1276853.85,28065247.038502697,9.360320663654617,22.099399909973144,,-12.84694630979835,-0.5429902134029645,,-3.5964900099265793,,1
HK.03389,490,0.3199999928474426,0.3149999976158142,1.5873000855468575,2.3239639298901666,4396415.4,1406852.8965543867,12.207034756261345,0.2862999966740608,0.21460499852895737,12.280700653653822,46.78899107652826,72.97296687753824,130.2158245616593,151.96849026367545,1
HK.03390,490,0.24799999594688416,0.24899999797344208,-0.40160724285009064,0.0,24700.0,6125.599899888039,1.1976407326615726,0.24287999898195267,0.2691999991238117,-2.745097810055187,2.904564058794418,-9.818185246680319,-14.482757557586567,-22.499999534338702,0
HK.03393,490,13.930000305175781,13.8100004196167,0.8689346988623239,0.9916245071124542,4474183.9,62325383.09241257,6.081832287729692,17.083799991607666,21.541882729530336,-15.26764079892845,-35.449488626395215,-52.0010157997744,-21.03392737743786,32.198322136899684,1
HK.03395,490,0.20000000298023224,0.2199999988079071,-9.090907243657693,0.4971149578339991,56175.0,11235.000167414546,3.9822545641495553,0.2218999981880188,0.265584998652339,1.5228457496819698,-19.999998807907104,-42.02898444310127,-28.57142781116525,-42.857141032510846,0
HK.03396,490,22.100000381469727,19.780000686645508,11.729017261311672,2.0821326355443315,12045994.6,266216485.25518227,5.591895500116991,16.519000034332276,11.859050509929657,24.296960224916944,36.74771299652453,138.9054251827549,148.77096128942705,108.7067063722402,1
HK.03398,490,0.06300000101327896,0.05999999865889549,5.000004035731247,1.0653613590555715,365800.0,23045.400370657444,9.265109720042839,0.08921999968588352,0.0832450001128018,-36.36363499530199,-46.61016895643633,-4.545452492952992,6.779662087127342,-38.8349505433354,1
HK.03399,490,1.1699999570846558,1.159999966621399,0.862068168189925,0.014229811454998222,139050.0,162688.49403262138,1.7815587954206105,1.3024999976158143,1.4048392635583877,-12.0300812532284,-11.210287322828504,-22.17198893829836,-24.04735827237894,-30.34177606532748,1
HK.03600,490,7.914999961853027,7.775000095367432,1.800641347503155,0.513847417452046,695919.7,5508204.39895277,4.004294535842642,7.6630868721008305,6.106670229434967,-1.935547523480821,38.0290837220565,47.174067223581105,54.02575286668271,54.80410129785274,1
HK.03601,490,0.5600000023841858,0.550000011920929,1.8181800448205245,0.0,62500.0,35000.00014901161,3.593371367396472,0.6863999998569489,0.8132999977469444,-15.789476042922153,-30.00000074505805,-34.11764862628127,-37.77777586454222,-46.15384394953229,1
HK.03603,490,0.08299999684095383,0.08299999684095383,0.0,0.0,113100.0,9387.299642711878,4.857895079201473,0.07774000011384487,0.06839999997988343,20.28985350754447,-1.190478619095182,65.99999120831502,65.99999120831502,84.44443009517867,0
HK.03606,490,55.099998474121094,55.20000076293945,-0.1811635641959983,0.9043895213622231,3321968.25,183040445.50607872,2.6143399075681666,55.704600143432614,59.134341621398924,-4.006973851247811,4.653365388865083,-9.162160139513151,-16.439975661141442,-23.57404534317655,0
HK.03613,490,5.644999980926514,5.625,0.3555552164713542,2.548540960300228,1369006.35,7728040.8196382765,2.023947429206848,6.436800003051758,7.268287897109985,-11.727912466566409,-14.728095490748277,-30.412222605214982,-28.8400818832769,-34.5950924536439,1
HK.03616,490,0.1889999955892563,0.18000000715255737,4.999993377261955,1.180327868852459,161400.0,30504.599288105965,6.466621085021335,0.22496000111103057,0.237070000320673,-22.85714615885781,-19.57446975802987,-16.7400893492013,-24.400001764297485,-27.307691337794203,1
HK.03618,490,6.25,6.170000076293945,1.2965951817962895,2.565409071940638,9356350.1,58477188.125,2.565785023395658,6.393399982452393,6.237759292125702,-5.303028934695922,-2.3437514551915015,5.186049751512082,6.586457928347703,10.310764085847682,1
HK.03623,490,0.6000000238418579,0.6000000238418579,0.0,0.0,17300.0,10380.000412464142,0.755266694829173,0.5799000030755996,0.7571250040829182,4.347832396711109,21.212124861012807,-23.076917198752763,-45.94594449465196,-56.83453021462389,0
HK.03625,117,72.30000305175781,67.30000305175781,7.429420168309198,3.193361296596985,407471.5,29460190.693504333,12.556414790396259,84.60299995422363,,-24.094484985031166,-34.27272449840199,,-9.624996185302734,,1
HK.03626,490,2.0199999809265137,1.899999976158142,6.3157898039038525,1.345029239766082,99000.0,199979.99811172485,5.672450556732258,1.6855999970436095,2.2405999946594237,18.823524956884807,10.382510030354073,-17.551022791356015,-37.2670818950782,-83.09623419943189,3
HK.03628,490,0.22100000083446503,0.23000000417232513,-3.913044858519632,0.0,25600.0,5657.600021362305,0.0,0.20218000143766404,0.20137500032782554,10.499998770654221,10.499998770654221,4.245284643460544,10.499998770654221,-1.7777748049040583,0
HK.03633,490,2.625,2.619999885559082,0.19084407096647615,2.0448005416690176,1894200.0,4972275.0,3.199816477095886,2.5716999912261964,2.6989916098117828,4.166667455087899,-0.9133124859211571,-10.286375884431104,-3.785386243624826,-28.034598147536272,1
HK.03636,171,15.880000114440918,15.899999618530273,-0.12578304760490389,1.6838666649518723,200703.2,3187166.838968659,6.036236468067354,15.825599918365478,,-20.91633379095136,-15.978833677480257,-49.46060902511596,-57.188588996866926,,0
HK.03638,490,2.7950000762939453,2.9000000953674316,-3.6206901938112788,1.0254073145721774,86870.0,242801.65662765503,11.4837233515465,5.717200002670288,9.463450005054474,-46.76190330868676,-65.27950298049873,-72.9951693403025,-79.89208523021904,-82.17474475831898,0
HK.03639,490,0.035999998450279236,0.03799999877810478,-5.263158926673246,0.06294694696798533,18540800.0,667468.7712669373,21.963655078868868,0.03100000035017729,0.0422650002501905,9.090904985905985,-2.7027081450551504,-21.739133955850935,-32.0754738200301,-54.430383805796,0
HK.03650,490,1.3350000381469727,1.2999999523162842,2.6923143934218476,1.9537064166422502,369505.0,493289.18909549713,6.294630851164188,1.7377999925613403,2.8207500052452086,-28.79999796549479,-41.95651887720604,-59.789154668957586,-63.019388450382884,-77.82391956184843,1
HK.03658,490,1.6399999856948853,1.649999976158142,-0.6060600368335035,0.7284768211920529,218250.0,357929.9968779087,1.9044010801663964,1.7990000033378601,1.8509430813789367,-12.064344380231226,-13.2931185364856,-13.2931185364856,-10.583522502964124,-14.673722425507757,0
HK.03660,490,32.20000076293945,31.940000534057617,0.8140270022995076,0.19609737248840803,47855.0,1540931.0365104675,3.7861070607200524,44.643204040527344,56.48497898101807,-31.536586887119896,-45.06681534116183,-43.33701686980043,-57.11185561112264,-70.56999269500284,2
HK.03661,60,99.9000015258789,94.75,5.435357810953991,3.895456167844995,391805.6,39141380.0378479,6.380939381756799,93.37700042724609,,-0.09999847412109375,,,-20.271349487028264,,4
HK.03662,490,0.3400000035762787,0.3499999940395355,-2.8571401810159034,1.52434496658534,1011150.0,343791.0036161542,3.886862690949712,0.34556359350681304,0.3568952566385269,-3.2614731771537975,8.8308472898622,-14.010191088179505,-19.94052648273268,-25.10565194149126,0
HK.03666,490,0.024000000208616257,0.024000000208616257,0.0,,0.0,0.0,0.0,0.024000000208616257,0.02866500007919967,0.0,0.0,-19.99999751647308,-41.4634157422041,-31.4285711244661,0
HK.03668,490,32.439998626708984,33.5,-3.164183203853778,0.46565614237995034,1506029.4,48855591.66778335,3.004092619892947,32.514983100891115,33.771738271713254,1.1372054691947784,1.5796782136972098,-22.313898967656854,25.084757031314464,18.019866699511834,0
HK.03669,490,0.7699999809265137,0.8349999785423279,-7.7844310522361555,10.176317353516154,3899624.55,3002710.8291205643,5.358557023100521,0.8456999945640564,1.18362499833107,-12.50000169331378,5.479446686014497,-49.00662345764099,-54.970762353846624,-62.43902444697647,0
HK.03677,354,4.90500020980835,4.510000228881836,8.758313988477246,1.5365401793098885,1893945.0,9289800.622365475,3.603691657909432,5.268299951553344,7.372224984169006,-7.887316704237556,-23.835401145549433,-43.16338186831979,-41.676571952403826,-54.583332192750646,3
HK.03678,490,2.1449999809265137,2.130000114440918,0.7042190459944113,0.3492327621615359,4628800.0,9928775.911712646,3.4176894292868214,2.2080000019073487,2.783709658384323,-2.500002980232174,-13.677360622067699,-33.659452304473696,-34.66766443041233,-49.18596163365246,1
HK.03680,490,2.509999990463257,2.3550000190734863,6.581739708467231,1.5191838727209475,1473452.1,3698364.756948066,4.747325159072121,2.276800012588501,2.0207500034570693,5.907177707358785,15.13761071562428,9.130436630465397,57.86163130636809,9.60698830895217,3
HK.03681,490,1.125,1.149999976158142,-2.1739110153428576,0.38121092779169136,653325.0,734990.625,4.722004554289275,1.185400013923645,1.4238000029325486,0.44642814378045226,-6.25000372529015,-40.78947294121633,-19.064747368497788,-49.09502350310893,0
HK.03683,490,0.03700000047683716,0.03700000047683716,0.0,1.8588428395568322,2663500.0,98549.50127005577,6.893542085908975,0.03995999962091446,0.0631650005839765,2.7777835266828066,-38.333331160247276,-50.0,-50.666667991214275,-59.78260825551863,0
HK.03686,490,0.4650000035762787,0.46000000834465027,1.086955465418649,0.0,490000.0,227850.00175237656,1.7326019996762616,0.5227000021934509,0.6234300887584686,-6.06060624305064,-26.131007485273607,-31.741306787235303,-30.866189829749676,-17.039429266045005,2
HK.03688,490,0.1850000023841858,0.1850000023841858,0.0,0.0,57000.0,10545.00013589859,4.665704397168404,0.23594000160694123,0.30117000117897985,-19.565217813832543,-31.481483321130938,-39.34426293581987,-50.0,-58.888887269997255,0
HK.03689,490,1.9199999570846558,1.9199999570846558,0.0,0.0,50.0,95.99999785423279,0.0,1.8613999772071839,1.7369320398569108,16.01208400459089,13.887811137512191,7.054543680448496,24.48202715056348,-1.7848238686973579,0
HK.03690,490,73.19999694824219,72.9000015258789,0.41151634579429375,0.8750267360292117,38563937.9,2822880136.592201,3.303250227160114,83.89300018310547,86.1140000152588,-13.882356531479779,-1.6129093454646173,-5.426362396430232,-30.01912235557778,-26.542904337806462,1
HK.03692,490,34.29999923706055,34.34000015258789,-0.11648490200815928,0.811846581407009,12333598.7,423042426.00021094,4.218736690509658,33.44840015411377,35.16776865005493,3.6880209748372987,16.22568250057796,2.6130464707324985,-5.271602200398971,-10.209392007926585,0
HK.03696,178,60.79999923706055,53.75,13.116277650345204,3.3728212363494876,16002017.25,972922636.5914297,6.850314717762348,46.45100006103516,,49.67996266818078,80.52256141968353,-4.776819592715786,61.788175291725864,,2
HK.03698,490,4.784999847412109,4.769999980926514,0.3144626110183372,0.9776441437132327,5505763.15,26345075.832637217,3.0578655973651343,4.8515000152587895,4.168472311496735,-5.247531352750142,2.8017970413603486,21.64879067315856,56.24614585977854,46.39681263740833,1
HK.03699,490,0.46000000834465027,0.46000000834465027,0.0,0.2102803738317757,86500.0,39790.00072181225,2.088610755513251,0.41219999730587004,0.38586287274956704,16.455695151977128,21.05263529391835,20.089157513084704,23.2083664934756,16.57639665874085,0
HK.03700,490,0.8050000071525574,0.7900000214576721,1.8987323148685442,0.3933253873659118,550650.0,443273.2539385557,4.113315243018372,0.899900004863739,0.9410250023007393,-7.471264052822595,-48.397433546167775,10.273970701296802,-26.146790596202823,-43.30985693793469,2
HK.03708,490,0.2849999964237213,0.29499998688697815,-3.389827426361236,2.3765390951220122,1470252.3,419021.90024196805,6.67630251411534,0.19503999948501588,0.2577249997854233,57.4585665378855,47.66838910189313,3.636360089641049,-22.972974932219852,103.57142515024363,0
HK.03709,490,4.400000095367432,4.5,-2.222220102945964,0.9248371086449517,452898.5,1992753.4431917667,4.21636846434912,5.092500019073486,6.052649750709533,-14.893616432564528,-18.518518191469717,-31.28165085450465,-39.006853068254784,-40.862154811510344,0
HK.03718,490,0.38499999046325684,0.38499999046325684,0.0,0.5720823798627003,874800.0,336797.9916572571,1.7723582045059336,0.38609349191188813,0.3795252627134323,-0.45892226199461167,-4.01395916776992,8.474244951692125,7.1011580245931,9.883005693419543,0
HK.03728,490,0.05999999865889549,0.05999999865889549,0.0,0.0,173000.0,10379.99976798892,2.1871918579293967,0.05981999985873699,0.06157999994233251,1.694912364756178,1.694912364756178,-4.761908422431829,-3.2258070330838233,13.207545976233071,0
HK.03737,490,0.7200000286102295,0.7200000286102295,0.0,1.2095694711479958,419140.0,301780.8119916916,5.824140973410525,0.6732000005245209,0.7236999976634979,5.882356034843122,4.347830593924006,-11.111107840623067,20.0,1.4084577986089954,0
HK.03738,490,3.3350000381469727,2.9600000381469727,12.668918755648345,1.4805477922534023,44918338.0,149802658.9434986,7.33509076969044,2.668199987411499,3.5472999942302703,40.421054237767265,31.81818481661889,-23.33333077558607,-22.441863018219394,-38.126157314332744,3
HK.03750,332,507.0,507.0,0.0,1.346984103129206,2723714.75,1380923378.25,3.0150159138086345,605.5296533203125,591.7908334350586,-22.298850574712645,-28.516345647938856,-14.152129752039466,0.030713605115522232,19.410214722206646,0
HK.03752,52,48.63999938964844,49.18000030517578,-1.0980091748200198,0.15306638523250612,187369.75,9113664.52563858,7.923452411809162,57.576200256347654,,-28.25959114999276,,,11.100961045823073,,0
HK.03759,490,29.520000457763672,29.3799991607666,0.4765190639760975,0.8547331168634641,8091373.95,238857362.70793706,5.355692197028559,27.3796000289917,21.573057560920716,-11.084338013882512,98.36235835008516,60.502870170480435,50.54732874236563,26.283990725618523,3
HK.03768,490,0.32499998807907104,0.3449999988079071,-5.797104579113893,1.0508474576271187,23850.0,7751.249715685844,2.9165758280923177,0.44409999668598177,0.609524999409914,-9.722229120907686,-41.964288090108596,-50.0,-57.23684313719954,-55.47945485103411,0
HK.03773,490,2.4000000953674316,2.4200000762939453,-0.8264454667762735,0.4614370468029005,152500.0,366000.0145435333,2.423652268707175,2.554699969291687,2.119924986362457,-7.692300638503319,-5.882347441324486,48.14815359896156,46.34147050620408,47.239270085174674,0
HK.03774,490,20.959999084472656,19.489999771118164,7.542325965200135,0.6061857799349408,971750.0,20367879.110336304,19.708569485435603,17.423199920654298,9.700599982738495,50.03578155929775,85.8155991192716,211.90475801897145,283.8827644328389,870.3702894257942,1
HK.03778,490,2.930000066757202,2.930000066757202,0.0,0.0,3500.0,10255.000233650208,0.03449297960948711,2.921000027656555,2.9725000071525574,-0.6779654441774425,4.642861309100241,-2.9801296270770243,-8.437499278225015,-3.934422538857734,0
HK.03788,490,3.25,3.200000047683716,1.562498486600839,0.6270117301697267,3345895.8,10874161.35,5.131087504511574,2.989499988555908,3.4948250079154968,-9.72221983067777,22.64150502037534,-31.28964086903723,-13.101604499659809,9.427608373485189,1
HK.03789,490,0.24500000476837158,0.23199999332427979,5.603453369897701,2.4113475177304964,378400.0,92708.0018043518,2.631573431941321,0.21633395195007324,0.14649813840165735,14.01515692618103,22.35773062589066,130.122328931455,238.96395400413542,285.89744597779793,1
HK.03798,490,1.3200000524520874,1.2999999523162842,1.53846929764635,1.2734082397003745,23800.0,31416.00124835968,2.0112593766815277,1.2292999982833863,1.3217249989509583,16.814164426745208,-5.035966472172563,5.600004196166992,-1.4925358528601556,34.6938802817621,4
HK.03800,490,0.7350000143051147,0.7200000286102295,2.083331263727694,0.7348761224260143,349780467.45,257088648.5793997,4.494438646260138,0.6846000051498413,0.9067500028014183,2.083331263727694,2.083331263727694,-35.526313725600914,-33.78378334839559,-47.12230058494026,1
HK.03808,490,38.060001373291016,37.939998626708984,0.3162961279011533,2.129573646914633,7873017.45,299647054.95894414,4.37426452453646,39.390918197631834,36.343476648330686,-0.016915710756979056,-16.01770318222268,3.7993306082006373,43.98695556705754,80.56953818691892,1
HK.03813,490,0.3700000047683716,0.36000001430511475,2.7777750183035925,0.4220552729783003,4068161.85,1505219.9038985074,3.151916880346105,0.32920259058475493,0.37425984635949133,4.81586976266375,2.162294268525399,-9.406802578524044,-13.261833198692157,-17.89946140273355,3
HK.03816,490,4.539999961853027,4.539999961853027,0.0,0.0,2136000.0,9697439.918518066,9.381590313709259,2.7761000037193297,1.9536595052480699,78.0392175195585,148.08742379155495,63.89891671892652,839.7667466435583,1065.7865707021137,0
HK.03818,490,0.25999999046325684,0.26499998569488525,-1.8867907552966041,2.190308686598805,2676194.5,695810.5444778204,2.7167081221734968,0.28269999504089355,0.3854824198782444,-10.344828294942289,-20.0,-41.57303491184741,-41.57303491184741,-44.3431231333995,0
HK.03822,490,1.190000057220459,1.190000057220459,0.0,0.17130620985010706,19570.0,23288.301119804382,1.7943393166235593,1.052000014781952,1.1208028590679169,9.174313832990853,-8.461530702353649,-3.2520293685164203,-0.8333325054910776,25.15025166531005,0
HK.03828,490,0.7549999952316284,0.7400000095367432,2.0270250677801456,0.0,159556.9,120465.45873917341,2.1422146001311213,0.7199732339382172,0.7870429730415345,9.448218208682466,-0.9424420818419134,-14.408073433327543,-10.686693980742794,-15.391114101781564,1
HK.03830,490,0.19900000095367432,0.1979999989271164,0.5050515313012816,0.0,254500.0,50645.50024271011,3.8798522686254806,0.19739999920129775,0.15868500012904405,2.0512862835646755,-2.9268279563522452,16.374266967455167,176.38890211137047,168.91891674197794,2
HK.03833,490,1.9900000095367432,1.909999966621399,4.188483995466052,0.48681824108868055,3259995.0,6487390.081089735,5.140855026543764,1.8837999963760377,2.1452344709634783,-0.25062632680088337,17.05882080698516,-15.030667352122281,-32.63944142805919,8.923455853105729,1
HK.03836,490,0.5049999952316284,0.5099999904632568,-0.9803912402207475,1.1610992778845655,392980.0,198454.89812612534,4.14484155256193,0.6359999966621399,0.873274995535612,-22.900760719099587,-6.481486080605124,-61.74242612388391,-50.49019562011038,-69.7604785503579,0
HK.03838,490,0.17800000309944153,0.18000000715255737,-1.1111133186904594,1.115137494423451,6733342.95,1198535.065969603,2.723787627560929,0.1666200003027916,0.16857773959636688,9.202454212069117,7.228921611002299,6.959728541307086,4.005038055323183,-7.721015273098526,0
HK.03839,490,8.369999885559082,8.399999618530273,-0.35713969444727645,0.6998216902353336,58625.0,490691.2432909012,1.350933959247686,8.823599891662598,7.768299949169159,-3.903560862213552,1.9488410069267423,42.83275929789717,15.607736880720893,15.289250987368149,0
HK.03848,490,2.049999952316284,2.049999952316284,0.0,0.8999889976895148,452550.0,927727.4784207344,2.5385842301310486,2.18219997882843,2.223401598930359,-4.651169237927759,-8.482145375515113,-8.400356157740635,-8.31865523724669,-11.171302569468292,0
HK.03858,261,56.0,52.5,6.666666666666667,1.9213679429944408,2795592.85,156553199.6,6.718303835592933,55.510502395629885,72.28635699272155,-17.051878399487936,-18.453820066360972,-61.78363634508205,18.74033874012035,98.96147442278722,1
HK.03860,490,0.625,0.625,0.0,0.0,349250.0,218281.25,5.211309193631246,0.5805000030994415,0.6094250029325485,8.695654427396825,7.758623790372514,-0.7936500427734288,-8.088236260888475,30.208336243716445,0
HK.03866,490,5.019999980926514,5.034999847412109,-0.2979119551176419,0.6854743516238913,3500495.0,17572484.833233356,2.6229005549771096,4.895199975967407,4.33237785577774,0.8032120823258392,11.061946949334049,22.37146739477884,37.74799230693443,21.523634000843348,0
HK.03868,490,0.7950000166893005,0.7749999761581421,2.580650470507544,4.222413648408177,10211501.9,8118144.180922825,2.2086439280039274,0.8344479417800903,1.0461587461829185,-3.048777606854592,-20.13094970482693,-37.43053290141365,-26.453428326003426,-36.96009036080516,1
HK.03869,490,3.4000000953674316,3.4000000953674316,0.0,,0.0,0.0,0.0,3.4000000953674316,4.184150019884109,0.0,-0.2932548449136124,-14.572862334836728,-42.37288067101817,-50.0,0
HK.03877,490,2.444999933242798,2.444999933242798,0.0,0.7353744726845004,15635562.0,38228948.04621363,2.8815817735891813,2.2599000215530394,2.2330011504888536,7.947011920612616,4.725448184453543,1.7454554185443887,22.544934864335477,36.9428157980007,0
HK.03878,490,0.19200000166893005,0.19200000166893005,0.0,2.260869565217391,128000.0,24576.000213623047,2.2832837363350995,0.21625999957323075,0.23058999866247176,-10.280373701623189,-16.883118391077158,-20.987653866753202,-16.521739919154076,9.090910630285256,0
HK.03880,303,20.6200008392334,19.360000610351562,6.508265439868471,1.4825480363437764,103090.0,2125715.886516571,5.592929991202352,21.757200050354005,23.775450048446654,-11.653810178115634,-7.94642325718783,-9.561396801643934,-29.383560614819444,-37.81664374512162,5
HK.03881,183,22.1200008392334,22.420000076293945,-1.3380875826925382,0.28867927714986164,1143118.5,25285782.179343224,6.101663733192333,19.671000061035155,,15.509145064573463,-5.064370971953788,-11.519996643066406,-1.6888851589626737,,0
HK.03882,490,0.45500001311302185,0.45500001311302185,0.0,0.0,34100.0,15515.500447154045,1.4041103285062144,0.4258000016212463,0.5082749976217746,8.33333983780866,8.33333983780866,-10.784309486020957,-29.999995415027158,-43.82715904027692,0
HK.03883,490,0.035999998450279236,0.03799999877810478,-5.263158926673246,1.1915874989865634,3044514.6,109602.52088185251,8.08171062561194,0.03925999999046326,0.05959000006318092,-12.195128156342978,-21.739133955850935,-49.295778490678224,-48.571431004271204,-70.73170938544766,0
HK.03886,490,0.1589999943971634,0.164000004529953,-3.0487865821225686,0.129680661371373,465675.0,74042.32239089906,7.429055033197522,0.1915200001001358,0.22607607051730155,-10.67416200642625,-26.4541614194115,-38.33464558647197,-35.350835764675374,-38.33464558647197,0
HK.03887,185,2.875,2.5199999809265137,14.087302450810558,5.612847115152807,3359740.9,9659255.0875,8.148195845141801,2.3212000012397764,,6.088559392266651,2.3131693432051637,-47.053405324330505,-55.5641407537845,,2
HK.03888,490,25.079999923706055,24.040000915527344,4.326118837653536,1.614426428026402,10418102.8,261286017.42916185,3.083866133109802,25.2792000579834,25.494300994873047,2.1172657535467874,8.759759343216974,0.2976479011902331,-13.51992061992435,-24.310475295573905,1
HK.03889,490,0.04500000178813934,0.04800000041723251,-6.249997089616979,0.0,1480231.8,66610.43364686072,8.379973080051332,0.04992000013589859,0.07341500030830503,-4.255312065993758,-30.769225478877487,-47.674418302437246,-51.086954673178255,-53.12499854480849,0
HK.03893,490,1.3300000429153442,1.350000023841858,-1.4814800424667633,0.0,291271.75,387391.4400000274,4.14662962895498,1.275899999141693,1.1303749945759773,-8.275862125664345,8.130083113103058,54.651165208409026,31.683173809270325,358.6207176502204,0
HK.03896,490,5.139999866485596,4.875,5.435894697140425,1.037711880030855,48565648.6,249627427.31978637,3.7076303128028463,5.5729999923706055,6.459800012111664,-13.902846781832295,-5.860808963839849,-27.707457525110573,-9.507041869242013,-31.557926633367224,1
HK.03898,490,28.760000228881836,28.65999984741211,0.3489196859809342,1.86449041355012,3407963.8,98013039.66802101,2.1374725943507236,32.37333999633789,36.585705223083494,-12.938054554617207,-27.193100204178656,-26.075771519989832,-21.818356504432163,-21.4068765294714,1
HK.03899,490,7.75,7.599999904632568,1.9736854901274317,1.3726448721887647,4849189.15,37581215.9125,4.32809113723123,7.700799980163574,9.204435060024261,-1.524776204625793,-6.400963165019409,-32.963722708054874,-16.134532508706766,13.723952198083891,1
HK.03900,490,5.829999923706055,5.65500020980835,3.0946013687882057,0.8121579795471732,16169564.55,94268560.09286013,5.095666130085004,6.948699998855591,8.647875018119812,-26.202533502186,-24.67700134229048,-43.56243981834951,-30.429596132588955,-39.33402568172582,1
HK.03903,490,0.1679999977350235,0.1679999977350235,0.0,,0.0,0.0,0.0,0.1679999977350235,0.1679999977350235,0.0,0.0,0.0,0.0,0.0,0
HK.03908,490,20.299999237060547,19.6200008392334,3.4658428580052885,1.2632487633269949,20610235.45,418387763.9106382,4.045783502415083,21.3,20.238464021682738,-3.517118090620813,-0.267794292602513,7.781872226727601,1.9067383588595381,-0.7546548737758154,1
HK.03913,490,0.11900000274181366,0.11999999731779099,-0.8333288319407887,0.8548809330079332,391335.65,46568.94342296943,4.738824390607618,0.14428000018000603,0.18395500000566245,-14.999998403447021,-29.585797094855504,-44.392522485956526,-45.66209840604522,-50.826444881558864,0
HK.03918,490,3.180000066757202,3.140000104904175,1.2738840928875717,0.7097031671422583,3246126.55,10322682.645702325,3.1507167333030517,3.340602388381958,3.8848444616794584,-10.162028310449198,-10.086119998498052,-16.604874260681065,-30.64854403865162,-46.19669361399605,1
HK.03919,490,1.5399999618530273,1.5,2.6666641235351562,0.0600515178811296,1245180.0,1917577.1525001526,15.411245431064307,0.7983000004291534,1.1706750005483628,138.75969106865494,69.23076016159277,24.193544355565162,28.33332505491078,58.76287798253645,3
HK.03928,490,27.780000686645508,27.700000762939453,0.2888083808758903,1.1941295847151414,415035.0,11529672.584981918,6.066387614486857,26.689200134277343,18.180700039863588,0.07204775792063271,28.136532728800013,59.197704710965105,220.78523298065736,455.6000137329102,3
HK.03931,490,19.209999084472656,17.360000610351562,10.656672863352098,4.924242076059117,4559527.65,87588521.98212777,4.781261939646521,18.249799995422364,25.957149991989137,-5.182631453835526,-29.992716069265946,-34.076872042431376,-26.11538813664363,-33.667128136159405,1
HK.03933,490,7.920000076293945,7.789999961853027,1.6688076389925235,1.4675281077126556,6970391.2,55205498.83579864,3.2047384820654066,8.759199981689454,10.036268618106842,-12.097670642602885,-2.031259031887799,-37.485894335806606,-30.344467156757204,-51.321885123540454,2
HK.03938,490,3.0250000953674316,2.990000009536743,1.170571428730906,44.50946643717728,186100.0,562952.517747879,1.0067417821207434,3.178000011444092,3.0712500125169755,-0.8196674537606702,-21.22395408902463,0.8333365122477213,104.3918957015386,344.85295052192197,1
HK.03939,490,15.859999656677246,15.180000305175781,4.47957403050652,1.1018474480795661,36395315.65,577229693.71366,6.400634778037046,12.837000007629394,11.860654299259187,9.153475210932351,54.13133497111941,-0.649709594340126,103.87638656695322,65.51705021938673,1
HK.03952,58,50.45000076293945,46.70000076293945,8.029978455537744,1.444317749904979,91780.0,4630301.070022583,6.661563416993416,61.47499984741211,,-16.954731254420654,,,-30.890409913781568,,2
HK.03958,490,5.71999979019165,5.639999866485596,1.4184383971608912,0.8198392740648814,7908205.6,45234934.37279243,2.6035321157625346,5.6671999740600585,5.954601790904999,0.7042247017941755,-1.426531401785541,-0.2687803280967353,-14.842685152792795,-17.92258220342433,1
HK.03963,490,0.1120000034570694,0.1120000034570694,0.0,0.0,3500.0,392.0000120997429,0.35398236506882913,0.12340000092983246,0.14392000116407871,-8.196719509400037,-28.20512747035696,-27.74193380923476,-13.846148026765237,-55.02007856682186,0
HK.03968,490,51.20000076293945,51.29999923706055,-0.19492880235532647,0.9914662971139052,12809179.05,655829977.1326281,2.1991543615954092,49.59780006408691,47.93582458496094,3.5598749698986887,8.527764680787374,5.903146927912524,0.3606299123104541,12.292346212646079,0
HK.03969,490,2.984999895095825,3.015000104904175,-0.9950317998182325,1.8323774190863655,2059885.45,6148757.852159416,1.7118547243372628,3.1937619113922118,3.2735475552082063,-7.009350167516902,-6.213225481513176,-18.718128750644752,-5.934921826416681,-6.764914526789381,0
HK.03978,490,2.484999895095825,2.359999895095825,5.296610404930739,0.9054700770968163,969872.05,2410131.942506373,4.183386832189941,2.8089077615737916,3.0930802524089813,-18.669837625189487,-16.76366270566122,-14.240077870476153,-30.441571452577502,-48.22810629276038,2
HK.03983,490,1.9199999570846558,1.9199999570846558,0.0,1.0399558628208745,4348919.45,8349925.1573646255,2.2243118915260895,2.0603000259399415,2.358665405511856,-4.714647289015246,-9.859161787481078,-35.2381032416962,-16.658868697305493,-15.621432301533284,0
HK.03986,169,512.0,466.6000061035156,9.729959987701402,1.9104665194095427,2293586.55,1174316313.6,5.568434750714888,504.94000061035155,,1.7892644135188867,-39.264531435349944,37.96959592871166,130.2382963820515,,4
HK.03988,490,5.985000133514404,5.989999771118164,-0.08346640725875144,0.9856775400179275,203665211.55,1218936318.3189895,2.1814004504911324,5.524000005722046,4.9081437158584595,8.719346214259518,15.627816661888552,36.394671074837106,35.792493741827705,44.494910109257724,0
HK.03989,490,0.08799999952316284,0.0860000029206276,2.3255773658299925,0.16529862377088667,2544041.6,223875.65958690643,4.6348760293390345,0.08439999982714654,0.09012499995529652,10.000001862645192,0.0,-31.250003637978637,18.918916741977938,-1.1235977630846006,3
HK.03990,490,2.305000066757202,2.325000047683716,-0.8602142157561965,0.6283918244267844,534172.45,1231267.532909858,3.582514060845795,2.5321720266342163,3.196591911315918,-8.89327696351602,-14.553678867617862,-42.23347440352488,-39.97916501759271,-47.176281025060455,0
HK.03991,490,0.5699999928474426,0.5799999833106995,-1.72413633637985,0.10619793097134488,1084800.0,618335.9922409058,1.9612750856551606,0.6394000041484833,0.9497999951243401,-8.064517989739157,-33.720932166727216,-49.557522544006424,-49.557522544006424,-34.48275980191527,0
HK.03993,490,15.6899995803833,15.520000457763672,1.095355139210638,0.7099270772098749,40531693.0,635942246.1622248,4.006015298002886,16.78111125946045,18.399671936035155,-7.10049358461962,-18.718912207381983,-21.971837091347286,-20.268837615845822,30.681316411858273,1
HK.03996,490,1.0449999570846558,1.034999966621399,0.9661826846140192,0.9373949871982148,14977787.7,15651787.503723085,1.7702742457989176,1.067999997138977,1.1490792953968048,-2.3364573964402773,-11.489606906441812,-28.958763626827334,-0.016036496602623712,-9.258259003064856,1
HK.03997,490,1.1549999713897705,1.1100000143051147,4.054050135560291,0.6416131989000916,203500.0,235042.4941778183,6.55438072760246,1.7249000024795533,1.4775249993801116,-25.961537579812916,-60.714287452030426,42.59258864075287,56.08107520334043,92.49998758236616,1
HK.03998,490,4.099999904632568,4.074999809265137,0.6134993015359189,1.9716646564781868,24664485.4,101124387.78781137,2.6382547956760454,4.455884895324707,4.258913403749466,-6.818186005284872,6.199866742577328,6.199866742577328,-4.138170082243194,-6.376370274841124,1
HK.03999,490,0.5799999833106995,0.5799999833106995,0.0,0.0,8750.0,5074.99985396862,1.565719086189136,0.5566999971866607,0.5799749982357025,1.754384313814067,3.571425150243618,-6.451616314521787,-1.694913713180618,-6.451616314521787,0
HK.06030,490,24.780000686645508,24.239999771118164,2.2277265702401206,1.1249134147188107,13587479.65,336697755.0567819,3.1738540429350217,26.73840003967285,26.720762271881103,-5.564020949724427,-10.606055914628394,-0.27302402431792927,-11.532527883698858,-11.55960418675125,1
HK.06031,220,18.149999618530273,18.1299991607666,0.1103169260313754,0.552327111686594,4724805.9,85755225.2826296,3.525589550037156,19.562199974060057,21.431443843841553,-4.724407635562431,-14.788731133142432,-24.830424988350323,-17.007348855520476,,1
HK.06033,490,0.5099999904632568,0.4950000047683716,3.0303001111897543,4.121621621621622,17500.0,8924.999833106995,1.1995311303627985,0.48231764376163483,0.5404852965474128,10.586729212514898,-8.156777875825878,-6.573276120923491,-17.897730216784122,-24.710936183561298,2
HK.06036,490,1.1749999523162842,1.1549999713897705,1.7316001231106875,0.23396934626212074,682600.0,802054.9674510956,6.359625488211841,1.2841000032424927,0.834849999845028,-9.615384968074835,-21.666669845581055,158.24174031933808,176.47056926080566,152.68815984504332,1
HK.06038,490,0.4000000059604645,0.4000000059604645,0.0,0.05243838489774515,954500.0,381800.00568926334,3.497773397598801,0.3264517277479172,0.3091237362474203,34.49275423313133,25.405404445809832,22.10526612656932,34.67492443346673,124.45821489653792,0
HK.06049,490,26.520000457763672,26.84000015258789,-1.1922492287816349,2.414509744521939,692479.55,18364557.982991982,2.2003566053799504,27.869600105285645,29.634965934753417,-6.6854314336020195,-7.207835799305546,-12.598100005431142,-13.13995100420147,-21.81626956783725,0
HK.06051,490,1.1649999618530273,1.1649999618530273,0.0,1.4365878865508734,5089574.8,5929354.447848129,4.954596644957473,1.308299992084503,2.1776250046491623,-6.8000030517578125,-27.187503469176537,-51.45833685166292,-59.548614043052424,-61.42384207911108,0
HK.06055,490,23.420000076293945,22.65999984741211,3.3539286584268533,0.9830312575566863,2687779.4,62947793.753061295,4.4846996689584655,22.926188278198243,29.459956798553467,-0.3835034223325861,12.746463664434415,-37.436838533790855,-33.06056537833722,-46.23785737184974,2
HK.06058,490,0.574999988079071,0.574999988079071,0.0,0.3686500036865,527120.0,303093.99371623993,5.616946975713024,0.5829000008106232,0.5292499999701977,-8.000001907348633,0.8771921569070334,32.183904581048544,21.05263058828844,-4.166672461562456,0
HK.06060,490,10.09000015258789,9.899999618530273,1.919197387664386,1.251213268937002,12800392.5,129155962.27818489,3.6294367665131553,10.805000038146973,12.911700024604798,-4.087455194533234,-7.004610158169297,-28.893583855093112,-38.922518928587344,-45.01362428974652,1
HK.06063,490,1.1299999952316284,1.1200000047683716,0.8928562875609045,1.009392105392411,9382750.0,10602507.455259562,10.482480751924697,1.0980999970436096,0.6038549990206957,-0.8771921569070334,85.24589651344104,165.88234436140777,479.4871982973245,653.3333002196431,2
HK.06066,490,11.520000457763672,11.199999809265137,2.857148695965302,1.1532563405285872,6618704.75,76247481.74980259,2.8313523431782666,11.773200016021729,11.775860633850098,-0.17330592855690152,-5.136965834736628,2.2302339102595026,-10.77239270501504,-12.602130683719468,1
HK.06067,63,7.849999904632568,7.644999980926514,2.6814901794311097,1.2894681815013591,1901485.0,14926657.06866026,5.8812512853337715,7.623600015640259,,-0.0636551805063871,,,-28.63636450334029,,1
HK.06068,490,0.05900000035762787,0.05999999865889549,-1.6666638726988803,0.0,63000.0,3717.0000225305557,4.5202389610234075,0.062240000143647195,0.07268500013276935,-6.349207287803033,-20.270270814505515,-19.178080514036996,-16.901410667698975,-54.263563205126744,0
HK.06069,490,5.965000152587891,5.945000171661377,0.33641682672861084,0.9125839608215095,5018325.0,29934309.390735626,4.7802602070115014,6.832280321121216,8.658239662647247,-14.724799854501608,-20.992623985314037,-39.36466620424968,-43.42507210984232,-41.11160027160333,1
HK.06078,490,9.524999618530273,9.760000228881836,-2.407793082382802,0.7040281297838409,2602221.35,24786157.366081335,3.5587175190249356,10.010799961090088,11.372950010299682,-2.1068852348469673,16.727938684350157,-24.464711515780284,-24.940898869260867,-33.06394993015324,0
HK.06080,490,0.12600000202655792,0.12600000202655792,0.0,0.0,375300.0,47287.80076056719,2.8075960737722534,0.1368800012767315,0.1335050006583333,-13.10344437781741,-21.249996973201565,-1.5625030922818393,11.504428513095515,-9.999998935631348,0
HK.06082,176,37.939998626708984,33.86000061035156,12.049609990586058,2.7637413669982083,14518399.15,550828043.813013,7.755340323780156,37.28200000762939,,0.529933596575061,-32.73050070876262,12.115834679768904,10.098664058886705,,3
HK.06083,490,0.7149999737739563,0.7300000190734863,-2.0548006722750554,0.3505224132119987,1175200.0,840267.9691791534,6.184084408604469,0.7917999982833862,0.6712962299585342,-3.3783831676485327,-11.728398559333664,25.012143542350245,43.839882997158206,54.22007053978077,0
HK.06086,490,0.7200000286102295,0.699999988079071,2.857148695965302,0.2643445809360908,325400.0,234288.00930976868,6.334744351290757,0.72799999833107,1.543849999010563,7.462688160516194,-21.739128744669838,-46.2686559197419,-67.71300347748998,-84.17582421037342,1
HK.06088,490,5.414999961853027,5.204999923706055,4.034582924593951,1.0973660070134061,23304711.85,126195013.7787458,4.930722515043433,5.340400009155274,6.289000017642975,7.227717966977942,-31.106871884595705,-3.6476855494750806,5.968685330128539,39.561850570545474,1
HK.06090,243,42.099998474121094,41.52000045776367,1.3969123554018896,0.9392739588799313,622290.0,26198408.050460815,6.257200078853596,41.97959983825684,64.03715006828308,-9.734135881088752,26.274739896344123,-59.00681623648123,-55.307855798283335,,3
HK.06093,490,0.5600000023841858,0.5600000023841858,0.0,0.0,19800.0,11088.000047206879,0.6569660398700333,0.7087000024318695,0.7157750037312508,-19.999998297010123,-25.333333015441895,-13.84615031925166,-25.333333015441895,-30.00000074505805,0
HK.06098,490,5.139999866485596,5.184999942779541,-0.8678896198757134,4.445392714852444,6977070.5,35862141.43846059,2.606540442238494,5.479899978637695,5.563808281421661,-7.136404549517667,-4.81481896833457,-6.820415180286387,-6.820415180286387,-16.207391692410972,0
HK.06099,490,14.819999694824219,14.420000076293945,2.773922443924678,1.1707203723646777,5561106.75,82415600.3378849,2.92890699378917,14.97324951171875,14.255235295295716,0.7638521720850618,-10.838650154685075,14.796902679055556,8.05358520231709,-9.797643531832474,1
HK.06100,490,2.1449999809265137,2.180000066757202,-1.6055084751787125,0.15278819552196798,506066.65,1085512.9545975446,6.513905258976675,2.191100010871887,2.7084541648626326,1.1792498451403768,-5.08849601867345,-22.200443045357886,-41.50409065167596,-39.84570252755133,0
HK.06106,62,70.30000305175781,71.05000305175781,-1.0555946063135948,0.7574202192009334,503230.55,35377109.20073776,11.09748791498166,65.2506004333496,,10.361070972950802,,,-33.67924240400206,,0
HK.06108,490,0.22300000488758087,0.22200000286102295,0.45045135750919174,0.052262987352357064,149872.0,33421.45673251152,5.1522770427921785,0.21548000037670134,0.22398500017821787,-0.8888840910827873,10.94527329989246,7.211538599308071,-23.10344437781741,-42.07791937364651,1
HK.06110,490,0.9800000190734863,0.9649999737739563,1.5544088815740913,2.0014957382696466,28501604.15,27931572.610624954,2.8930939736212453,1.209761254787445,2.161984540224075,-17.299572456113875,-57.84514393650216,-63.11449952587659,-61.33382299239003,-62.413963246605896,1
HK.06113,490,1.2350000143051147,1.2799999713897705,-3.515621725819001,0.916030534351145,9800.0,12103.000140190125,3.472835107925655,1.391899998188019,1.6900249922275543,-11.78571176164,-26.047901434616023,-23.29192525888592,-38.24999928474426,-73.77919311459297,0
HK.06117,490,0.5699999928474426,0.5699999928474426,0.0,0.0,10300.0,5870.999926328659,0.08771921569070334,0.5945999979972839,0.6336111387610436,-5.000004967053534,-6.557380413054316,-14.240581789380427,-10.400607959578297,-22.03688808660375,0
HK.06118,490,0.7099999785423279,0.7200000286102295,-1.3888957875743526,0.0,33700.0,23926.99927687645,3.604911914569955,0.7087000024318695,0.7955250009894371,-4.054058190241914,-5.333336194356283,-6.578949019519266,-20.224720229856946,-39.83050761843367,0
HK.06119,490,0.4399999976158142,0.4399999976158142,0.0,,0.0,0.0,0.0,0.4399999976158142,0.4824750001728535,0.0,0.0,7.317073525310204,-22.80701699349358,-12.000000476837158,0
HK.06123,490,1.159999966621399,1.1200000047683716,3.571425150243618,0.14524328249818447,127900.0,148363.99573087692,3.1164426528202025,1.2071000146865845,1.2424750101566315,-6.451616314521787,-17.142858115994215,-12.121218141883071,7.40740004880958,-7.200002670288086,1
HK.06127,490,25.399999618530273,23.059999465942383,10.147442353777446,3.042782366230281,3889945.9,98804624.3761034,5.657498734837195,24.190799980163575,21.155496411323547,0.3952584367008265,56.68533050261756,23.206841895293593,28.268448688343916,23.444466506448318,3
HK.06128,490,0.05299999937415123,0.05000000074505806,5.999997168779416,0.39101152287018415,1272160.0,67424.47920382023,4.910462849838164,0.053400000035762785,0.10544000033289194,1.9230736166063123,-11.666665735344072,-18.4615364335697,-75.11737113014044,-76.0180999212531,1
HK.06132,63,42.08000183105469,41.97999954223633,0.23821412555697258,0.6911525239732224,79170.0,3331473.7449645996,7.824439167189026,42.803199768066406,,2.5841086335004997,,,19.3420415036053,,1
HK.06133,490,0.27000001072883606,0.27000001072883606,0.0,,0.0,0.0,0.0,0.27000001072883606,0.2447300059348345,0.0,0.0,26.168228398869548,54.285723043947954,14.40678351365843,0
HK.06136,490,0.7799999713897705,0.7549999952316284,3.3112551411966935,0.6348719521545775,298950.0,233180.9914469719,3.828900293129071,0.7755999982357025,0.6714545407891274,-4.87805143982653,-5.409874007800405,37.736502221101865,63.56208670389392,112.1886523044833,1
HK.06138,490,0.3100000023841858,0.3050000071525574,1.6393426604503258,0.5224731918777094,868550.0,269250.50207078457,2.3318966446708,0.3115000009536743,0.34065000161528586,1.6393426604503258,0.0,-11.428569239013012,-13.888891648363074,-27.90697738890907,1
HK.06158,490,0.026000000536441803,0.023000000044703484,13.043480373510564,0.3856776083466299,22037050.0,572963.3118215948,18.957652453310594,0.022760000079870224,0.023800000138580798,-25.714284497864398,85.71428381362746,-7.1428580931862715,-10.344823156610696,-38.09523598339549,2
HK.06160,490,212.60000610351562,211.0,0.7582967315239929,1.1229492449073395,3412071.9,725406506.7656342,2.812119115338559,207.92800018310547,191.44400016784667,-6.754383287931744,35.069894757006196,18.90380451614065,15.230355611661587,1.23809814453125,2
HK.06162,490,0.07500000298023224,0.05900000035762787,27.118648348509367,5.319903250389318,14672400.0,1100430.0437271595,8.311940090408171,0.22535999923944472,0.2693149984627962,-7.407404000649029,-75.80645083760868,-64.62263968591164,-68.74999805974458,-64.28571175150311,1
HK.06163,490,0.800000011920929,0.7900000214576721,1.265821543245696,5.021229462802289,32785.0,26228.000390827656,1.6514231585585044,0.6591000068187713,0.42880000337958335,17.64705933914052,75.82417337693774,166.66666004392863,185.714288755339,222.5806552401196,1
HK.06166,220,125.0999984741211,124.5999984741211,0.40128411406349085,1.1345890844544442,11310445.5,1414936714.7916298,8.620342791178834,95.95616622924804,99.26314456939697,29.87947434522859,-4.642945787393947,43.26783614816927,30.59587153438754,,3
HK.06168,305,12.90999984741211,12.649999618530273,2.055337839702194,0.5285968439033619,621870.4,8028346.769110108,3.3854297972978356,14.13620002746582,20.514867973327636,-13.933334350585938,-20.40690262679077,-40.15078318817764,-52.741665121308735,-72.85491716218668,3
HK.06169,490,0.35499998927116394,0.35499998927116394,0.0,0.1821066424705931,3378714.4,1199443.575750327,3.6003904986881516,0.3624000060558319,0.4459750001132488,0.0,-2.7397315080268676,-30.392157664806845,-34.2592638583829,-28.282831141126696,0
HK.06178,490,7.135000228881836,7.079999923706055,0.7768404769556991,0.6986637638982994,1792270.0,12787846.860218048,2.3701782198172383,7.40979736328125,7.929994282722473,-1.5862037395608837,-5.719849869346409,-10.766474145697517,-19.923626800104632,-32.306890797847096,1
HK.06181,490,383.0,363.0,5.5096418732782375,0.7726795751754791,1267007.25,485263776.75,5.000114903389056,368.0479992675781,543.0749552917481,-3.7204595895239856,-15.265486725663715,-40.0563282548491,-36.97241241324892,-51.23608311265486,1
HK.06182,490,0.8399999737739563,0.8450000286102295,-0.5917224457964548,0.017892270234276912,39381000.0,33080038.967192173,14.779638034431642,0.6480999976396561,0.7320250038802624,55.55554451765882,7.692308280124724,13.513508506549263,13.513508506549263,121.05262745120184,0
HK.06185,490,26.360000610351562,25.940000534057617,1.619121309355839,0.5928870493723508,8477671.8,223471433.82236025,7.956819667680934,26.112800064086915,30.51650005340576,-10.583442945494989,17.88908716821859,-22.607165157009057,-24.599538613663032,-51.85388016374144,2
HK.06186,490,2.5199999809265137,2.5,0.7999992370605469,1.4683031803814712,27184291.85,68504414.94350079,2.7424758921609236,2.963673958778381,3.287792099714279,-19.36741350301581,-14.593115489731964,-30.545519802713756,-32.785988188124904,-35.798514047233226,3
HK.06188,490,0.33000001311302185,0.33000001311302185,0.0,0.0,4375.0,1443.7500573694706,0.0,0.4674999964237213,0.4539999990165234,-18.518515520571142,-50.0,-10.810808416175734,-18.518515520571142,-45.0,0
HK.06189,490,0.07199999690055847,0.07199999690055847,0.0,,0.0,0.0,0.0,0.07199999690055847,0.07199999690055847,0.0,0.0,0.0,0.0,0.0,0
HK.06190,490,2.700000047683716,2.700000047683716,0.0,0.2857142857142857,710.0,1917.0000338554382,0.24776517442694304,2.841600012779236,2.201609801650047,-9.999998410542805,17.39130885479365,53.4677728912636,62.442485187833555,-18.05998774006152,0
HK.06193,490,0.41499999165534973,0.4000000059604645,3.749996367842013,2.293577981651376,22100.0,9171.499815583229,0.5273731405210987,0.38070000112056734,0.3149449995905161,10.666664441426594,5.063286172982784,56.603778889698106,38.33332505491078,100.48308556253862,1
HK.06196,490,0.8849999904632568,0.8899999856948853,-0.5617972260667591,0.5489170014055033,5589584.4,4946782.14069357,1.7661220474833983,0.8993999981880187,1.0205499958992004,-0.5617972260667591,-5.851064605538045,-17.28972457196347,-23.04347749468508,-33.9552262374302,0
HK.06198,490,7.579999923706055,7.675000190734863,-1.237788464728527,1.3550552208912403,3830077.05,29031983.746788308,2.614815965933004,6.9596403789520265,6.909654860496521,11.230014924279695,9.64023471616737,10.092672551559414,14.502682560633131,19.672141761137404,0
HK.06199,490,0.9100000262260437,0.9049999713897705,0.5524922645682319,0.6214689265536724,70250.0,63927.50184237957,0.8474946328021056,0.9110833430290222,0.951997897028923,-0.546447553483442,-8.503615293526739,-4.950352104630855,-10.998969688412648,-14.868575818057582,1
HK.06600,178,43.599998474121094,41.279998779296875,5.620154465672529,0.7281252247270655,669791.45,29202906.197979353,7.877681169801991,55.11040000915527,,-25.660703597965128,-21.441444190772803,-62.18560509963804,-52.60869731073794,,2
HK.06601,490,2.3350000381469727,2.180000066757202,7.1100902129941845,4.040676618045988,962783.0,2248098.341727257,2.326414019453056,2.149794774055481,2.1356615722179413,7.076878940271597,14.165779758442337,9.698426495098479,12.636787906160125,5.439585325727756,2
HK.06603,303,4.170000076293945,4.074999809265137,2.3312950055313113,0.10589647861368576,1810261.5,7548790.593111992,6.201598432225866,5.231400012969971,10.495136678218842,-16.93226908091917,-44.768212305328866,-64.42160769416475,-73.40673639020464,-86.4534639945459,1
HK.06608,490,4.320000171661377,4.465000152587891,-3.2474798649776626,7.259448295729645,1356324.9,5859323.800828599,5.661421034224471,5.109700012207031,7.685325014591217,-26.090670201380288,-18.9493389587594,-51.515148758211126,-66.11764571245979,-60.257587698776824,0
HK.06609,490,53.599998474121094,54.0,-0.740743566442419,0.5204580273877271,29286.15,1569737.5953128815,4.349073718548708,48.36019989013672,48.82619993209839,7.371795753520419,21.321860805514163,20.395323277167655,-1.831501882685899,-14.92063734266493,0
HK.06610,490,0.7699999809265137,0.7900000214576721,-2.5316506313829312,1.9157852724007185,215727.5,166110.17088532448,6.7970257554149445,0.7891999983787537,1.248099998831749,2.6666641235351562,-17.20430376295656,-49.34210588231973,-45.77464759172463,-82.25806557939008,0
HK.06611,490,0.04600000008940697,0.04600000008940697,0.0,,0.0,0.0,0.0,0.04600000008940697,0.04600000008940697,0.0,0.0,0.0,0.0,0.0,0
HK.06613,297,21.219999313354492,21.18000030517578,0.188852727112267,0.47489047540675167,8696720.4,184544400.91643602,4.267831756237884,22.26999267578125,23.453816680908204,-7.107003793908871,-24.581929109504884,-6.780236328304364,-15.569115121810324,-17.44823926807321,1
HK.06616,490,9.449999809265137,9.5,-0.5263177972090871,2.284897270332276,2386276.9,22550316.2498538,4.5453062495065835,8.90580002784729,8.401900024414063,-2.5270747114089946,27.87550717181811,13.038279872622875,-3.9634180617383934,95.65217305457348,0
HK.06618,490,36.279998779296875,34.70000076293945,4.553308304375897,1.6421726594239905,8896811.15,322776297.66163486,3.300632318540141,37.60319999694824,47.47390005111694,-6.15623662056106,2.4280086245333945,-27.440002441406254,-35.6166818780686,-45.93144619326746,2
HK.06622,490,2.5,2.484999895095825,0.6036259773603081,1.3602120959289579,172405.2,431013.0,2.067023022123922,2.538899984359741,2.91202499628067,-1.1857696335581787,-6.716420234086116,-26.686218854126775,-21.1356485857642,-39.7590375289219,2
HK.06623,490,10.899999618530273,10.899999618530273,0.0,,0.0,0.0,0.0,10.899999618530273,10.899999618530273,0.0,0.0,0.0,0.0,0.0,0
HK.06626,490,1.75,1.7699999809265137,-1.1299424374029994,0.1802385773150946,740425.95,1295745.4124999999,3.032098313702442,1.723200170993805,1.8450367206335068,4.001739967028475,9.882791202349027,-0.7044676166078224,-22.995305881454414,-31.145437556172745,0
HK.06628,490,0.9750000238418579,0.8299999833106995,17.469884752621688,2.8428852260698623,743600.0,725010.0177288055,9.751687118444067,1.0494999992847442,1.8690750047564506,-10.55045926744472,-34.9999984105428,-59.20502171354717,-56.666665607028534,-81.70731636401374,1
HK.06633,490,3.1500000953674316,3.180000066757202,-0.9433953069178049,0.0,225.0,708.7500214576721,0.04716976534589024,2.9899000215530394,2.8491250014305116,5.000003178914389,26.000003814697266,15.808825817436059,-4.545450276251277,-3.9634108889109703,0
HK.06636,118,75.94999694824219,70.1500015258789,8.26799044362617,1.0720660029245597,226745.7,17221335.22302704,8.615066735107341,84.36399932861327,,-21.254536701541717,-15.844878727709489,,-24.050003051757812,,1
HK.06639,490,1.8300000429153442,1.8300000429153442,0.0,,0.0,0.0,0.0,1.8300000429153442,1.8290000426769257,0.0,0.0,0.0,0.0,-17.93721850838068,0
HK.06651,178,56.599998474121094,54.099998474121094,4.6210722190609355,1.1285193178512316,1689233.9,95610636.16243362,5.8086743544650865,62.61099967956543,,-10.51383640455163,-45.681381831291965,-6.4462835138494325,49.34035935453312,,1
HK.06655,490,16.329999923706055,16.059999465942383,1.6811984230525534,1.1232116548297972,3222761.95,52627702.39762278,4.02566373019754,14.975599975585938,15.931406731605529,9.966326627729355,16.476457849637264,-1.6393022631424214,-10.349431669740492,21.24897609355474,1
HK.06656,108,337.0,308.79998779296875,9.13212866638376,3.4756778848130807,331279.5,111641191.5,7.005579033521873,317.00800231933596,,-1.2309531233201692,-3.300220645199594,,-48.53431028581527,,2
HK.06657,490,14.550000190734863,11.729999542236328,24.04092718285734,3.1595379331876368,128585.0,1870911.7745256424,9.016985327529579,13.947399978637696,14.616600031852721,3.928572790963309,20.148642470953686,5.511241704018911,-21.605600164837675,-19.166665607028538,1
HK.06658,68,197.10000610351562,167.6999969482422,17.531311681745144,1.9791109476278892,329940.95,65031363.25879975,10.587791141062494,155.6140002441406,,31.137725949108336,50.45801992634781,,53.98437976837158,,2
HK.06660,490,1.6150000095367432,1.5850000381469727,1.8927426288799052,0.18837704095049126,400050.0,646080.7538151741,6.673751217389996,1.608500006198883,2.525725005865097,0.310558707279667,-15.445024201046534,-47.049179187355335,-53.05232608508521,-66.76954804178389,1
HK.06661,490,4.945000171661377,4.945000171661377,0.0,,0.0,0.0,0.0,4.958100109100342,4.884533486366272,0.0,-1.000995296161227,0.1197816955187338,5.51545891935555,2.052601720063355,0
HK.06663,490,0.3050000071525574,0.28999999165534973,5.1724192858027385,0.5102040816326531,201000.0,61305.00143766403,4.143462517695444,0.293600001335144,0.2968250013887882,5.1724192858027385,-12.857139329520963,-6.153840510802654,1.6666650109821552,-5.029180917792783,1
HK.06666,490,1.1799999475479126,1.1699999570846558,0.8547000709448132,1.2161286092788557,17889901.9,21110083.3036373,3.936305182177736,1.0505999839305877,1.1652999913692474,3.964753961477019,3.508768627628134,0.8547000709448132,3.508768627628134,29.670320169287667,1
HK.06667,490,7.014999866485596,6.505000114440918,7.840119032626804,3.3743974290305303,43510.0,305222.64419078827,1.492204159368304,7.050199956893921,7.009516730308532,-1.1275535739500526,0.2142838069370815,2.672639349216286,-0.17937357260575534,-0.17937357260575534,1
HK.06668,490,1.399999976158142,1.3849999904632568,1.0830314655719266,1.2464137711189034,312150.0,437009.99255776405,1.5349327987844112,1.3217999720573426,1.2936395978927613,8.527133144027744,11.999998092651367,10.563473033654024,8.15992347792323,6.722904958685947,1
HK.06669,490,5.900000095367432,6.150000095367432,-4.065040587370328,0.9718310375395919,476797.25,2813103.820470929,5.205459579978565,7.023600044250489,10.394049999713898,-8.739366494744687,-30.342385957951183,-50.042337970053005,-57.0284028253766,-59.67190670392624,0
HK.06675,66,30.920000076293945,28.540000915527344,8.339169882337846,1.5822837037651554,470380.6,14544168.187887192,10.499038354050086,28.808799743652344,,-6.755125999474271,-25.851320118502606,,-25.851320118502606,,2
HK.06676,376,0.6549999713897705,0.699999988079071,-6.428573922235181,0.47388620056732855,295800.0,193748.99153709412,8.345876194679406,0.7096999990940094,1.12942499935627,-12.080541315779325,25.961537579812916,-51.48148445762556,-61.47059099896961,-75.2830208370633,0
HK.06677,490,0.3100000023841858,0.3100000023841858,0.0,0.0,147576.4,45748.68435184955,2.8562000928547207,0.3180000013113022,0.36416135370731356,-3.124997089616889,-10.144926534683554,-20.917835585717263,-22.823426586397705,-33.962317814861414,0
HK.06680,490,15.6899995803833,15.630000114440918,0.38387373962299537,0.5301964216401465,2024192.8,31759584.1826149,3.296919660804107,16.802199916839598,19.156806111335754,-8.990720483253998,-18.746763260888656,-27.77870450841481,-17.58981357302654,-24.70177114829344,1
HK.06681,418,1.274999976158142,1.2599999904632568,1.1904750641601431,1.0606006206888299,8048305.0,10261588.683113456,4.713698138546339,1.5107999920845032,3.642849997282028,-16.39344287924599,-42.56756938168505,-71.28378469084252,-81.25000087653886,-76.16822431988982,1
HK.06682,490,28.420000076293945,25.8799991607666,9.814532449359266,1.9854558674795888,6341331.7,180220647.3978052,5.684419601016259,27.93240005493164,36.348750028610226,6.203287867017602,4.562177178791407,-26.18181798365209,-36.872501583031564,-49.69911490921425,2
HK.06683,490,3.875,3.9100000858306885,-0.8951428404701077,1.2835765032197024,9246078.35,35828553.606249996,4.768645631169542,4.138299989700317,5.4893250036239625,-11.428571428571429,-19.10229580668006,-44.563660559603555,-35.20066910300153,-66.09798865669929,0
HK.06686,490,13.520000457763672,13.520000457763672,0.0,0.0,7105.0,96059.60325241089,0.6801868130089058,14.391199951171876,15.544437718391418,-7.523935953528533,-6.345281100945092,-21.874270503119465,-12.029520679883591,-19.942702419188524,0
HK.06687,225,13.329999923706055,12.619999885559082,5.625990844575343,0.36731921109852644,790088.2,10531875.645721054,5.740599425207778,13.673599987030029,19.409900002479553,-5.661713972084542,-7.941986566890903,-46.11964411063701,-56.466363297331036,,2
HK.06690,490,20.579999923706055,20.579999923706055,0.0,0.8042138044353768,11470924.6,236071627.3928379,2.029786601205131,20.925686073303222,22.11332971572876,-3.561388113625066,2.6573307745067885,-14.587802727798707,-14.79036038660612,-15.986912771143627,0
HK.06693,378,38.619998931884766,37.47999954223633,3.041620607182155,1.1602966375030086,7708887.1,297717211.5680202,5.908914943387803,36.522800025939944,35.02811630249023,-15.787181818817023,33.81842728732468,-9.304047490130412,27.17535757859349,16.74865633541872,1
HK.06696,490,2.940000057220459,2.940000057220459,0.0,,0.0,0.0,0.0,2.940000057220459,2.3060750368237497,0.0,0.0,-1.6722392025687969,425.0000079827648,352.30771770138807,0
HK.06698,490,0.8399999737739563,0.8299999833106995,1.2048181523292238,0.5784966698382493,26540.0,22293.5993039608,4.370214742387855,0.8537000024318695,0.9401250022649765,-1.1764764455773846,6.3291077162284815,-11.578949019519266,-17.64705985475166,-51.724139702872904,1
HK.06699,490,86.55000305175781,88.19999694824219,-1.8707414439624412,1.468220899088637,703202.3,60862161.21100312,4.64901878190739,84.1607713317871,69.94093175888061,-0.03411127784406855,30.558910366584747,36.6409975315738,59.75103453966963,37.02589452046538,0
HK.06715,58,67.80000305175781,65.5,3.5114550408516223,0.5515973833711131,282957.85,19184543.093518827,7.264193785548986,71.46599998474122,,-5.636736963636829,,,-40.52631311249314,,3
HK.06745,51,3.075000047683716,3.0250000953674316,1.652890933552547,0.6736529906080079,5007050.0,15396678.98875475,3.256633193510387,3.152499990463257,,-0.16233364111005216,,,8.657248430481184,,1
HK.06805,490,2.890000104904175,2.890000104904175,0.0,0.0,67600.0,195364.00709152222,2.1465781794586882,3.0022999954223635,2.886424996852875,-6.623583903425917,-12.424237979892355,14.682544713418027,17.959185659463344,26.200880045676417,0
HK.06806,490,2.4649999141693115,2.424999952316284,1.6494829954458607,0.8216337356337796,11025082.1,27176826.43020961,2.468693025607152,2.5292999792099,2.7447432720661165,-1.400003433227539,-4.138997613896238,-14.718967405013018,-18.533456139047292,-22.081823077030325,1
HK.06808,490,1.0299999713897705,1.034999966621399,-0.4830913423070096,1.5868511874805233,10016653.65,10317152.972921241,3.6660383039151174,1.1080000042915343,1.3533544605970382,-5.936078129875197,0.0,-35.79773282320852,-37.273646689736765,-43.50615754117598,0
HK.06809,150,283.0,267.6000061035156,5.754855584916243,2.19456346348187,3218315.75,910783357.25,6.295736059636614,279.3520004272461,,4.044117647058823,-32.6353080754288,58.37668975621945,61.906221835944606,,1
HK.06810,99,54.5,53.0,2.8301886792452833,1.140766868290552,1010697.5,55083013.75,7.8756844928468155,59.33800018310547,,-8.326325819032174,-23.076921420249782,,-35.731134388361,,1
HK.06811,490,1.4199999570846558,1.3849999904632568,2.5270734196678286,0.5399239543726235,2559000.0,3633779.890179634,3.993003566648269,1.2721794152259827,1.080574997663498,5.207764575581226,39.94618242124356,28.1700749201373,40.987089997188974,45.45274824853032,1
HK.06812,490,0.25,0.25,0.0,1.783132530120482,226000.0,56500.0,2.2999969297015666,0.2508578726649284,0.25916123650968076,10.132159515684688,-10.754970145296719,-13.72981762912619,32.723369043268036,76.061616259879,0
HK.06816,490,0.20200000703334808,0.20200000703334808,0.0,0.0,2900.0,585.8000203967094,0.0,0.21441999763250352,0.20509999848902224,-1.4634103437465316,6.315794509533763,-3.8095174571011516,-6.481480651084145,3.0612307736052076,0
HK.06818,490,2.7699999809265137,2.7950000762939453,-0.8944577704835248,0.7854760296776809,23899626.95,66201966.19565079,2.3298254188036975,2.995400004386902,3.138907325267792,-9.031201592025342,-14.723019155539143,-13.68935805216546,-19.55060265958493,-16.58787010643351,0
HK.06820,490,0.36500000953674316,0.35499998927116394,2.816907202197346,0.0,621900.0,226993.50593090057,3.505194878154675,0.3840000009536743,0.4427628952264786,0.0,1.3888875091517963,-23.719097649015623,-18.850103344240015,-38.483141411390505,1
HK.06821,490,157.60000610351562,162.1999969482422,-2.8359993411062847,0.7499459893315283,1154793.4,181995446.88829955,8.632675841895674,126.92600006103515,97.45583541870117,31.552589389690482,79.83349102284136,91.12685092438197,117.09518823493927,65.92112682391608,0
HK.06822,490,0.39500001072883606,0.39500001072883606,0.0,0.0,11800.0,4661.0001266002655,1.3949210562979135,0.39390000462532043,0.39907500088214876,0.0,0.0,-3.6585331282255105,-3.6585331282255105,-8.13953391663639,0
HK.06823,490,12.449999809265137,12.449999809265137,0.0,1.1602839091346893,6234853.3,77623922.3957961,1.158788017490819,12.384682102203369,11.624968948364257,0.48425717739965884,6.898264803151437,9.126933275421067,14.283269379976781,14.67735086544048,0
HK.06826,490,15.199999809265137,16.110000610351562,-5.648670183796891,2.5852878464818763,135311.0,2056727.174191475,3.3170501605850444,16.242235107421877,20.26598624229431,-6.03760110106528,-3.8768872364943188,-33.72233963163615,-33.83142708873898,-42.69792289091133,0
HK.06828,490,0.03400000184774399,0.035999998450279236,-5.5555463573075095,0.7137872594955638,4133600.0,140542.40763783455,4.619322580760583,0.0340200000628829,0.03498500018380582,0.0,6.250000727595727,-10.526308049950654,6.250000727595727,-33.33332846367272,0
HK.06829,490,2.700000047683716,2.565000057220459,5.263157405522573,0.982076538755901,464239.0,1253445.3221366405,10.557939379475892,2.0531000089645386,2.4230750042200087,54.28571701049805,19.46902916270665,3.44828184694568,-8.163265471621946,164.70589197768214,1
HK.06830,490,0.19900000095367432,0.19900000095367432,0.0,0.0,45300.0,9014.700043201447,0.9543223339881575,0.20291999965906143,0.2235997176170349,-2.9268279563522452,-16.73639869972089,-13.548201828564652,-21.00678512890917,-28.059751502271922,0
HK.06831,334,5.03000020980835,4.96999979019165,1.2072519547206162,0.23308212771531464,6128154.45,30824618.16923797,5.768697617553596,6.049699993133545,6.500750510692597,-25.86587585957191,-17.66033078945951,-29.80015620262579,-19.11982266384683,-23.738325256773862,2
HK.06833,490,0.13500000536441803,0.13600000739097595,-0.735295567803238,2.8859060402684564,136400.0,18414.00073170662,1.8267668690204353,0.1622200009226799,0.17366025365889073,-15.6249947613104,-19.642852866375875,-25.983266756894942,-23.056055792849783,-41.54901830357578,0
HK.06838,490,0.2849999964237213,0.24699999392032623,15.384616776813601,2.7529021558872304,68600.0,19550.999754667282,2.9489855405424326,0.23231999903917314,0.23688999995589255,35.71428824849688,14.45783082059259,49.21465809285577,5.555550036607185,3.636360089641049,2
HK.06839,490,0.08399999886751175,0.08399999886751175,0.0,0.0,72291.95,6072.5237181302155,1.2513276524365093,0.09546000033617019,0.12283000037074089,-16.000002384185755,-9.677422714448333,-36.36363687676175,-42.06896463132214,-58.823529196926735,0
HK.06855,490,29.559999465942383,29.959999084472656,-1.3351122521815462,1.170127253134258,3015352.7,89133824.20162793,5.236618094922816,34.5259997177124,43.3499499797821,-10.042608287017538,-7.393485603730515,-36.64809352205375,-41.92534660158449,-63.16510969976027,0
HK.06858,490,2.9000000953674316,2.940000057220459,-1.360542893691104,0.0,14925.0,43282.50142335892,1.1258725214183927,2.872599983215332,3.0103499913215637,-1.360542893691104,-1.360542893691104,-7.051275585294708,-10.769227834848257,-17.84702212828365,0
HK.06860,490,0.1120000034570694,0.10999999940395355,1.8181855126846134,0.0,782400.0,87628.8027048111,3.1490854838884768,0.12343999996781349,0.1695999997481704,-11.111109797075754,-25.827808883816132,-45.36585149560776,-37.777778329672614,-41.666665373163106,1
HK.06862,490,9.505000114440918,9.5,0.052632783588610205,0.7412274201200595,42361254.6,402643729.82086086,3.454017611708272,10.97776107788086,13.04249538421631,-14.415107955801314,-16.02439684464465,-38.844052661028606,-29.93166331535421,-24.537768310468387,1
HK.06865,490,5.920000076293945,5.744999885559082,3.0461304477090154,1.5844392389303366,3511798.7,20789848.571928978,3.9794113828780455,6.766399993896484,8.595697033405305,-18.457301795350954,-17.77777453999452,-39.50778062957195,-38.27072469302276,-49.64868031551245,1
HK.06866,490,0.27000001072883606,0.25999999046325684,3.846161781683767,6.2745098039215685,6700.0,1809.0000718832016,0.8828919734651023,0.29029999673366547,0.32109999999403954,-5.2631529414422,-5.2631529414422,-27.027025067780148,-10.0,-15.6249947613104,1
HK.06868,490,2.609999895095825,2.619999885559082,-0.3816790419867876,0.0,3350.0,8743.499648571014,0.8401380419130069,2.628998599052429,2.6801046776771544,-0.7604645807912596,-1.8713595496553392,-7.306640758790965,0.5894616016088238,-7.935072770524377,0
HK.06869,490,183.10000610351562,184.39999389648438,-0.7049825574823593,0.7374297616915987,23820988.45,4361623130.586775,8.252795361282834,143.84663482666016,147.86157215118408,31.70315812741936,-18.705914002788877,12.622051924256784,252.4812334861287,302.5722787671426,0
HK.06871,87,33.84000015258789,31.68000030517578,6.81818127084808,3.487134755066167,340985.3,11538942.604030227,6.517069164464748,29.23720001220703,,16.528922471534923,-9.999995941811255,,-37.04186018123183,,3
HK.06872,83,122.69999694824219,121.9000015258789,0.6562718723128526,2.4274020663849902,103451.95,12693553.949289704,9.854929793614925,175.54000045776368,,-38.06158850690481,-52.25681052597581,,-41.848342678558204,,2
HK.06877,490,0.09000000357627869,0.09000000357627869,0.0,0.0,76700.0,6903.000274300575,0.47614793779719533,0.09454000025987624,0.12564000084996224,-13.461536808303157,-20.35397774966484,-48.275858525288555,-36.619717866460206,-60.869564372334914,0
HK.06878,490,0.03700000047683716,0.03700000047683716,0.0,,0.0,0.0,0.0,0.03700000047683716,0.03700000047683716,0.0,0.0,0.0,0.0,0.0,0
HK.06880,53,191.3000030517578,168.3000030517578,13.666072241797131,1.3161876160959853,142692.85,27297142.64046402,7.970393938906133,245.02800079345704,,-26.98473165963442,,,-35.28416809816749,,1
HK.06881,490,7.579999923706055,7.539999961853027,0.5305034755357873,0.75445221915093,15892735.65,120466935.0144805,2.658691709667185,7.640300016403199,8.56332477092743,-1.813469822414596,-0.9154672394671339,-14.515307472338653,-24.76035734685466,-28.632349126384003,1
HK.06882,490,0.48500001430511475,0.49000000953674316,-1.020407170268328,0.0,124900.0,60576.50178670883,1.0318181699898903,0.489699998497963,0.466633939743042,-8.490558398834718,4.301077543014524,8.814103528489825,4.461537711013731,-6.7307737496121405,0
HK.06883,305,1.9700000286102295,1.9700000286102295,0.0,,0.0,0.0,0.0,1.9700000286102295,1.9852504861354827,0.0,0.0,-0.49019194598121607,-3.3333286537130093,-3.2644525345086923,0
HK.06885,490,0.6200000047683716,0.5799999833106995,6.896555622182589,3.2423398328690807,100750.0,62465.00048041344,5.5510727953303505,0.6332000029087067,0.9583999958634376,-6.766919584552951,-27.90697738890907,-37.99999952316284,-37.99999952316284,-43.11926735941479,1
HK.06886,490,16.860000610351562,16.709999084472656,0.8976752489369756,0.8704051799567348,9931242.9,167440761.35554963,2.1889402555979687,16.85571355819702,16.63778567314148,0.5346725072604616,1.5050590640401385,9.14794674708843,-10.91886583979074,-7.586049716103631,1
HK.06887,276,36.400001525878906,36.959999084472656,-1.5151449471464185,0.8746582537921263,270008.15,9828297.071999742,3.779485285583982,36.72560012817383,40.32270004272461,-5.454541491223621,5.507250799649004,-13.250709437339413,-18.45877682892689,-32.46753154839478,0
HK.06888,490,0.0820000022649765,0.08799999952316284,-6.818178739429488,0.17135862913096694,205900.0,16883.80046635866,4.231487768517365,0.10639999970793725,0.12851500041782857,-26.785714523296566,-19.60783941339679,-39.70588396422582,-43.4482726727597,-47.096773139147814,0
HK.06889,490,3.1549999713897705,3.0999999046325684,1.7741957564260347,0.29507797580869355,107920.75,340489.9631623626,2.135858255526734,3.013300004005432,3.1260570740699767,3.4426236300018753,9.548605764629876,2.5838388287622656,-3.733639646842251,-5.524933745158904,1
HK.06890,490,0.7599999904632568,0.7599999904632568,0.0,0.0,166200.0,126311.99841499329,4.6015054805392515,0.6724890315532684,0.4621742893755436,55.64367566696603,66.3251075739608,114.74886846048985,123.2258110824882,142.35943930347923,0
HK.06893,490,0.25999999046325684,0.25999999046325684,0.0,0.7974481658692185,254400.0,66143.99757385254,4.64249725262384,0.21351999968290328,0.2237299993634224,14.537441695103597,18.181814487315386,23.222746940848037,-1.8867907552966041,23.809523133734164,0
HK.06896,490,1.940000057220459,1.9500000476837158,-0.5128200112166769,0.1447789701836539,662424.35,1285103.2769042253,3.5594639524156078,2.749400010108948,2.9570239329338075,-22.08835141404718,-37.21682488324626,-30.170945356648275,-29.94348521636593,-39.4159173091061,0
HK.06898,490,0.7950000166893005,0.7599999904632568,4.605266666478442,0.2096627164995442,217800.0,173151.00363492966,4.783474046586714,0.7768488144874572,0.7295809298753738,-0.3318563322873495,12.302139265262628,8.058083859065723,9.538333649791038,14.232830714897347,1
HK.06899,490,0.23000000417232513,0.23000000417232513,0.0,,0.0,0.0,0.0,0.23000000417232513,0.22944000281393528,0.0,0.0,0.0,4.545457008456409,21.05263529391835,0
HK.06908,490,0.2800000011920929,0.2549999952316284,9.803924089392945,1.2972051698833778,3373850.0,944678.0040219426,6.363286073111711,0.3461000010371208,0.4297249982506037,-26.31578823536055,-25.333333015441895,-45.098037955303525,-40.42553151015406,-49.09090997758974,1
HK.06909,490,0.20999999344348907,0.20999999344348907,0.0,0.0,193017.35,40533.64223447964,5.097619409582686,0.23485999643802644,0.3150558076798916,-15.322581905014951,-17.64705985475166,-40.30809088541768,-47.249012420504044,-59.49477620305409,0
HK.06911,490,2.5,2.5,0.0,0.0,6430.0,16075.0,0.6578949019519267,2.324800012111664,2.588849998116493,10.619469493340473,-3.8461503192516595,-0.3984059960658085,30.208336243716445,-20.63492303772811,0
HK.06913,490,0.09600000083446503,0.09399999678134918,2.1276639591467217,0.36850620168973575,1107000.0,106272.00092375278,9.046441647504407,0.12112000048160552,0.20117999956011773,-15.044245570349538,-33.33332988399032,-61.59999966621399,-66.89655048385099,-69.00149159653756,1
HK.06915,58,16.299999237060547,14.600000381469727,11.643827473788654,0.8435765673175745,1125850.0,18351354.141044617,11.523098664470636,13.632800092697144,,1.874995231628418,,,66.66666341624287,,1
HK.06918,490,0.12099999934434891,0.11900000274181366,1.6806693751717858,0.3196073084265067,1650400.0,199698.39891791344,4.495187394216623,0.1368999995291233,0.15058000009506942,-12.318838858298916,-16.551722188908705,-18.243244739890166,-28.402367150857415,-35.294120225114305,1
HK.06919,490,3.299999952316284,3.359999895095825,-1.7857126384770277,1.4355677992041629,33965.0,112084.49838042259,1.9751748538799927,3.3659999847412108,3.8459807634353638,-1.4925359325276826,-13.385826722380271,-22.141561115024945,-14.90346686589657,-29.618966609441284,0
HK.06922,490,2.684999942779541,2.494999885559082,7.615233103623313,1.9365853658536585,43070.0,115642.94753551483,4.117097077264951,3.404000005722046,5.011100001335144,-21.145375467253157,-33.86699555120321,-53.304348821225375,-60.45655437607999,-53.466205343931406,1
HK.06928,490,0.16099999845027924,0.16300000250339508,-1.2269963327602937,1.0144927536231885,143400.0,23087.399777770042,3.6000124810928056,0.17997999995946884,0.21352499954402446,-8.522727657571313,-25.116281036172673,-22.222223821917446,-36.86274452513797,-23.333331677648705,0
HK.06929,490,3.7249999046325684,3.6750001907348633,1.3605363619779023,0.5270362765229295,67075.0,249854.36860322952,1.7272310979114802,3.7203349590301515,3.6946192348003386,-5.673147461842342,-3.3987793476519563,7.723453268818789,8.618668141631987,-12.806340089931714,1
HK.06933,490,1.2000000476837158,1.2000000476837158,0.0,0.4291845493562232,303200.0,363840.01445770264,4.429290664660171,1.2100000071525574,0.950700001269579,11.11111111111111,-29.824560180473103,130.7692484037417,66.66666666666666,200.0000074505805,0
HK.06936,445,28.979999542236328,29.040000915527344,-0.20661629269761356,1.8638671674990752,1731037.7,50165471.753593825,2.293685817917665,31.452849731445312,32.84915076255798,-9.493637633727992,-1.0617430568909112,-14.612036021292665,-14.903290550866316,-22.47447691750822,0
HK.06938,171,53.25,51.349998474121094,3.7001004524595102,0.7202413402621904,470012.3,25028154.974999998,6.991274193330783,53.93779991149902,,-0.28090172582900014,6.5,-7.871971102281869,-35.14007187614621,,3
HK.06939,490,1.125,1.1200000047683716,0.44642814378045226,0.26337448559670784,109600.0,123300.0,3.0847556681203687,1.242200001478195,1.395549997985363,3.2110060137256915,-44.02985048070998,-26.470586860331117,52.027025067780144,144.56521295475832,1
HK.06951,52,139.1999969482422,124.5999984741211,11.717494906032003,1.3946734798919576,1504441.4,209418238.28880918,8.017044204282188,110.43099975585938,,22.42744123520773,,,32.57142566499256,,1
HK.06955,490,2.434999942779541,2.559999942779541,-4.882812609139367,0.37558548374524614,4490744.25,10934961.991787553,8.901593469810601,4.152799997329712,6.450800001621246,-43.50348085598356,-50.30612458392309,-65.84852869991187,-70.30487805587205,-81.76030057527633,0
HK.06958,490,0.09099999815225601,0.09099999815225601,0.0,0.0,357800.0,32559.7993388772,2.5948512490257034,0.09120000019669533,0.10440000008791685,-2.150541941600428,-5.208336082028408,-21.551723473491606,-18.750004157689936,-28.906254820321692,0
HK.06959,490,3.25,3.25,0.0,0.0,101800.0,330850.0,0.3677846315455864,3.3964000225067137,4.543300006389618,-7.670454045157292,-9.972296552830489,-43.37978868304218,-49.21875075669958,-52.06489823852281,0
HK.06960,263,6.050000190734863,6.21999979019165,-2.733112623650894,0.6263982102908278,78025.0,472051.2648820877,3.9105566193932004,7.011100025177002,11.920470917224884,-23.22334894833808,-48.11320523235138,-53.87219545280961,-60.342068363661824,-67.47965416671408,0
HK.06963,490,3.684999942779541,3.694999933242798,-0.2706357413782323,0.6039403231569079,12594916.25,46412265.66056311,3.3266335606780975,3.624500012397766,3.573911485671997,8.541972414794676,9.284155306712401,7.199708363715003,-0.6507704574046882,-0.6507704574046882,0
HK.06966,490,0.5950000286102295,0.5950000286102295,0.0,0.0,1500.0,892.5000429153442,0.0,0.5586000037193298,0.5062000004947186,-0.8333325054910776,22.680414651681527,22.680414651681527,19.0000057220459,22.680414651681527,0
HK.06968,490,0.0989999994635582,0.0989999994635582,0.0,0.0,275000.0,27224.999852478504,6.280657480429612,0.10781999975442887,0.10495500039309263,4.210527058783669,-44.69273931368251,26.923073616606313,39.43661439752246,20.73170332806523,0
HK.06969,490,9.6850004196167,9.779999732971191,-0.9713631487557427,0.6762758227107913,14176049.1,137295041.48200694,4.1292758938504885,9.11088948249817,9.82605397939682,-0.6205868434062611,26.645043828989408,-11.851003594545789,-16.517288278545912,-46.82265731011153,0
HK.06978,490,0.41999998688697815,0.41499999165534973,1.2048181523292238,1.0246510246510248,56190.0,23599.799263179302,5.135922809693914,0.41639999389648436,1.6822499907016755,7.692308280124724,-27.586207073735576,-84.0909102197849,-85.31468523452844,-92.16417954430915,3
HK.06979,490,7.755000114440918,7.539999961853027,2.8514609240800617,1.0660843160712967,3622797.3,28094793.476096246,3.3080057032490897,7.804899959564209,8.18891820192337,-1.9595415418611188,1.2402060857740371,-16.39029331592807,-9.943974318267824,-17.361482254283573,2
HK.06980,220,30.280000686645508,30.780000686645508,-1.6244314127547586,1.4120956399437412,145250.0,4398170.09973526,4.145706683507287,25.89630699157715,26.723974714279176,7.991532338569048,56.4163145714179,13.593400016829243,-0.3365110925677649,,0
HK.06988,490,0.057999998331069946,0.057999998331069946,0.0,0.07789772899089782,8202200.0,475727.5863111019,13.206260579674487,0.0514199997484684,0.08683500012382865,15.999994933605269,-19.444443294663436,-35.55555997071425,-47.747749924688726,-55.384615031925165,0
HK.06989,490,0.5049999952316284,0.5249999761581421,-3.809520349480781,2.337929011440305,356700.0,180133.49829912186,4.4300186324418105,0.5371999931335449,0.6950999972224235,-4.71697688824151,-17.213117477234448,-32.66666730244954,-38.414634190663776,-57.20338833225893,0
HK.06990,490,461.6000061035156,461.3999938964844,0.04334898345840095,2.2063424603711126,636275.6,293704820.8435181,4.33131311881488,503.7459991455078,453.2945004272461,-14.200742359941335,14.427370621618262,13.638599761599272,15.22715902910833,-11.824258623970273,2
HK.06993,490,3.174999952316284,3.7200000286102295,-14.650539572644956,7.560619186670852,2054167.4,6521981.397049665,4.62646465505593,3.3184776163101195,2.9047184550762175,-2.3472305909940503,5.079440153495711,24.6109217393127,22.33700352810889,5.580684787515633,0
HK.06996,490,3.309999942779541,3.25,1.846152085524339,0.7939094748908542,1152682.5,3815379.0090429783,7.303239195030098,3.921499991416931,4.118425004482269,-15.23687664454635,-1.7804137927911843,-22.482436590987287,-15.345271863943605,-58.10126705288866,1
HK.06998,176,1.659999966621399,1.649999976158142,0.6060600368335035,0.16261349603106082,840787.6,1395707.3879356862,5.6394804604711,1.7103999996185302,,4.075231150171564,-6.741573409952315,-40.50179249755685,-42.75862372304247,,2
HK.06999,490,0.11699999868869781,0.11699999868869781,0.0,,0.0,0.0,0.0,0.11699999868869781,0.11699999868869781,0.0,0.0,0.0,0.0,0.0,0
HK.07489,125,1.9600000381469727,1.8849999904632568,3.9787823906186777,3.0635869690134134,6562024.05,12861567.388321351,5.603803379283202,2.691800007820129,,-34.00673335804217,-51.960782480441495,,-69.89247359084004,,1
HK.07618,189,14.0,13.729999542236328,1.9665001221092135,11.562194981041676,3932942.25,55061191.5,3.5295543722144522,13.37700002670288,,5.50112672987316,9.890111864352477,2.1897824446097944,0.07148126551424996,,2
HK.07630,90,13.029999732971191,11.279999732971191,15.514184764426798,8.3922815475714,3537460.3,46093106.76439619,12.436838489382957,13.243999938964844,,-3.1946530754614995,-65.41932158322894,,-68.87243300768371,,2
HK.07656,53,16.829999923706055,16.34000015258789,2.9987745810428224,0.7213438630892515,364760.3,6138915.821170998,10.024115686584542,24.85679998397827,,-35.26923106266902,,,-19.85714322044736,,3
HK.07666,90,17.399999618530273,15.529999732971191,12.04121003034502,1.5214151846358788,9469750.85,164773661.17757672,11.055674293813524,12.749999904632569,,22.1910105210906,19.752236326932163,,-26.89075556172461,,2
HK.07687,53,79.30000305175781,66.30000305175781,19.607842234715147,1.9163647854710202,107433.55,8519480.842861176,7.50876046516169,80.49999984741211,,-10.597513212959202,,,-17.993789499080922,,1
HK.07688,85,21.219999313354492,19.770000457763672,7.334339008684274,0.7654765839800961,2627480.3,55755130.16185245,9.006586891090445,16.718800010681154,,29.706592430857448,-25.543862058405292,,-55.32631723504318,,1
HK.09600,490,0.125,0.12600000202655792,-0.7936523892651562,1.740731001840652,277560.0,34695.0,3.5465774871204685,0.1444400005042553,0.19165000010281802,-18.83116839134707,-25.59523709211286,-45.887447339555784,-37.50000093132256,-50.98039124022075,0
HK.09606,353,197.5,183.3000030517578,7.746861272136794,1.8815646831565076,971373.8,191846325.5,6.216518572080622,197.89599975585938,261.94499992370606,1.5424164524421593,10.273586415094597,-34.99012247011979,-33.367070152850445,-51.402558325257765,2
HK.09608,490,0.05000000074505806,0.050999999046325684,-1.9607810195433113,0.0,751500.0,37575.00055991113,2.759832089490435,0.04791999995708465,0.0527750001847744,2.0408205157368053,11.111108351636926,0.0,-21.875002546585044,-51.4563100124374,0
HK.09609,198,7.019999980926514,7.099999904632568,-1.1267595039523421,1.381578947368421,2770.0,19445.399947166443,1.2225837336652727,7.754299964904785,,-9.36087689277265,-17.79859470393605,-22.43094107209641,-20.227274673044146,,0
HK.09611,162,20.760000228881836,20.420000076293945,1.665035021143828,0.36361752822956594,262450.0,5448462.060070038,3.3507611694750827,22.08920021057129,,-10.517243335419908,-17.1588161560196,-13.582063351076284,-33.88085453084417,,1
HK.09615,14,81.5,81.80000305175781,-0.3667518833318255,,,,,,,,,,-18.336675843854582,,0
HK.09616,490,1.840000033378601,1.8300000429153442,0.546447553483442,0.4004004004004004,161280.0,296755.2053833008,3.3945795159921537,1.826676948070526,1.984656268954277,-0.3065139048971112,0.8803199038557754,-7.083919713485698,-16.265350771072924,-21.827068237326646,1
HK.09618,490,105.0,105.0,0.0,1.0523402044699603,7094473.65,744919733.25,1.9234106588625743,115.8679997253418,113.2489181137085,-8.854164252126594,-5.490547756885872,-2.8809632416368967,-8.365529822703637,-17.277433538530484,0
HK.09626,490,116.80000305175781,114.5999984741211,1.9197247878965047,0.9407575092356374,6526287.95,762270452.4766502,3.553276047155348,134.2059991455078,176.36750011444093,-12.443771817266956,-14.930808116786523,-43.13534249147952,-41.51226598064006,-36.83071557203626,1
HK.09630,60,379.6000061035156,356.3999938964844,6.509543379445075,1.3475523174476864,498483.7,189224415.56250307,8.925957617823002,337.2320010375977,,2.2629293157995383,,,-26.291260950773665,,1
HK.09633,490,38.599998474121094,38.959999084472656,-0.9240262289817127,1.0681657327383998,6546692.6,252702324.37053984,2.774864923243022,41.96640022277832,44.22074745178222,-9.261876719819549,-9.72871845347385,-12.662308798039252,-17.90835647041462,-23.560565857218236,0
HK.09636,490,27.0,27.639999389648438,-2.315482647543495,1.7126612211866024,1148574.65,31011515.549999997,4.139984921165653,29.25,35.54304759979248,-2.4566484742727064,-3.298650272081026,-18.122331891601874,-45.19610897056641,-62.275287097176516,0
HK.09637,59,25.420000076293945,26.059999465942383,-2.4558687749968984,1.0070400089261748,867938.25,22062990.381218433,9.651034293316666,29.699599952697753,,-23.248789564959793,,,-44.73913026892621,,0
HK.09638,490,36.0,36.0,0.0,,0.0,0.0,0.0,35.53959999084473,34.59341453552246,0.0,4.651158148692013,4.976433322521094,30.273801561681445,47.87836602997577,0
HK.09639,479,0.9300000071525574,0.9300000071525574,0.0,2.0522388059701493,123250.0,114622.5008815527,2.0017646315094653,0.9325000023841858,1.0512249973416328,-5.102041933448131,-10.576919109158116,-8.823527005579463,-19.827583283363058,-24.39024449340317,0
HK.09658,490,9.170000076293945,9.430000305175781,-2.7571603443017003,0.8076193866489139,376955.55,3456682.422259426,3.6384058974560136,10.397399997711181,11.598150062561036,-18.124997924481086,-9.387350000080101,-27.965432788358015,-30.896761416997563,-38.78504434904023,0
HK.09660,469,4.195000171661377,4.130000114440918,1.5738512208070023,1.231400355260817,109799562.75,460609184.58459413,4.017001113469333,4.677199993133545,6.60659999370575,-15.59355435104331,-4.223742875476048,-45.590140714582844,-53.337038059350164,-59.03320053294004,2
HK.09663,490,2.369999885559082,2.369999885559082,0.0,0.0,134600.0,319001.98459625244,7.389051620843694,2.4846999883651733,3.7556750071048737,-5.200004577636719,-22.29508450453531,-50.72765252072878,-51.73116172685368,-45.64220612422942,0
HK.09668,490,0.8050000071525574,0.8050000071525574,0.0,3.3348565305768716,1816350.0,1462161.7629915476,2.830089533929994,0.8191000008583069,0.855124998986721,-1.8292665641127552,10.273970701296802,-8.522725964257532,-17.010310988761145,-26.8181827541225,0
HK.09669,490,3.0,3.0,0.0,0.8840866178378101,559993.0,1679979.0,3.431207127316538,3.1949999952316284,4.56969999551773,-2.9126186624346984,-15.49295661137751,-35.897433546167775,-59.0163944037298,-63.41463329535306,0
HK.09676,490,3.9649999141693115,3.950000047683716,0.3797434507473396,0.8623577658406978,331475.0,1314298.3465492725,4.440642865101345,4.270899996757508,5.740016145706177,-13.238517172136643,-12.545210578831083,-41.73636232225567,-42.97437092836711,-47.76119426426572,1
HK.09677,490,3.009999990463257,3.009999990463257,0.0,0.0,50.0,150.49999952316284,0.1612901709674872,2.8211999988555907,2.661255006790161,8.273382066205754,9.621824240984967,22.94839380321292,17.422619697575385,8.109791828244493,0
HK.09678,303,72.5999984741211,66.9000015258789,8.520174616195277,1.0749340760475286,3999474.95,290361875.2672855,10.521337599853867,72.99799987792969,245.27974979400634,-1.5593241028866527,-56.23869732061541,-74.65083798138576,-82.64818366797516,-86.26300880338296,1
HK.09680,490,7.5,6.550000190734863,14.503813459561954,0.0,1035.0,7762.5,1.7128600295438592,7.077300043106079,8.115975005626678,-5.243208639964027,4.166669426141035,-14.869470570055817,-20.969439611310882,-36.86868747683547,1
HK.09686,490,1.0049999952316284,1.0,0.4999995231628418,7.521367521367521,24150.0,24270.749884843826,3.7877990220959967,0.8970000100135803,0.912349999845028,18.23529024025159,1.5151500555948771,21.08433920960936,11.66666909500411,0.4999995231628418,1
HK.09688,490,20.579999923706055,19.700000762939453,4.467000643076605,2.301927725146236,6764915.7,139221964.5898779,3.707594383487146,18.03680013656616,15.594250054359437,1.179939868818676,51.76990624523734,36.56270962483325,51.546392042170666,-16.612643155477972,6
HK.09689,490,0.47999998927116394,0.47999998927116394,0.0,0.0,366000.0,175679.996073246,4.393131350324076,0.5746000039577485,0.5747999992966651,-6.796115999206506,-33.33333747254461,0.0,9.090907243657693,35.21126866979135,0
HK.09690,490,11.029999732971191,11.760000228881836,-6.207487089309814,1.3279889991003226,1609952.2,17757772.33609638,4.700875974451589,12.220400047302245,13.872700014114379,-8.006672697854814,-15.543649474898613,-19.606417505122696,-31.277256963961925,-44.85000133514404,0
HK.09696,490,31.219999313354492,30.700000762939453,1.6938063110499102,0.8727819027821084,4514239.8,140934563.4563175,4.358167816456633,34.44599979400635,45.641149835586546,-17.188332409677432,-32.773470636153355,-29.366518609810417,-40.3629413116642,-28.09764940136837,1
HK.09698,490,31.139999389648438,30.239999771118164,2.9761892372428242,2.336063374521191,5082914.95,158281968.44063494,2.7508508590610288,31.55680004119873,36.6135000038147,-6.542618022635856,-4.1846172626201925,-25.287909880889558,-12.577202910093623,-3.5315967557582075,2
HK.09699,490,9.489999771118164,8.539999961853027,11.124119596120043,20.668140469355663,5141123.2,48789257.991290286,4.770917360350836,8.331699991226197,10.312575013637543,17.232853095400532,21.97942821587582,-23.467741426890633,-12.453877882533366,-30.628658191420836,1
HK.09857,490,2.799999952316284,2.799999952316284,0.0,1.0586264656616415,15715.0,44001.999250650406,2.267485292127401,2.695299983024597,2.9383749890327455,0.7194237817389376,39.99999761581421,-6.66666825612386,-26.315789803903854,-39.130434557260315,0
HK.09858,490,4.255000114440918,4.210000038146973,1.0688854129738217,1.206398827511636,22670948.5,96464888.46198416,5.180466189186034,4.0561000347137455,4.06162501335144,-1.0465133557646393,35.50955325750762,-5.444441901312934,-14.899997711181639,24.780058866314793,2
HK.09860,490,3.799999952316284,3.950000047683716,-3.7974707229533293,0.2931323283082077,116125.0,441274.9944627285,5.112108339440301,3.6867000007629396,4.268875007629394,3.8251328743840936,-5.0000011920928955,-15.555556615193685,-10.377354777211321,-46.85314822893012,0
HK.09863,490,37.2599983215332,34.939998626708984,6.63995359476275,1.354827244816098,7538557.5,280886639.79678154,4.383457330707776,38.08160011291504,43.232749977111816,-12.821720032113431,2.985069118982073,-12.943927603461855,-24.818407407039654,-42.32198266001563,1
HK.09866,490,29.100000381469727,28.0,3.928572790963309,1.177767073857555,6944716.95,202091265.89419928,3.776828253004669,34.70079990386963,40.40905011177063,-18.39596044310822,-26.51514772030407,-33.10344739892017,-29.574054703793184,-39.12133714239108,1
HK.09868,490,42.040000915527344,41.18000030517578,2.08839389018526,1.0290969201659417,12155321.55,511009729.09052926,3.297821769634711,46.69399993896484,62.79289989471435,-12.598747922734693,-21.19962114728078,-44.05854948512501,-47.67890265851409,-48.00247160303443,3
HK.09869,490,1.0700000524520874,1.059999942779541,0.9434066238083006,0.40864405282205446,458405.7,490494.12304433587,8.93795586751976,1.5471273207664489,1.1452661871910095,-33.381593605804596,-34.5572154850396,40.46813054358837,29.662878806209648,-10.716227896056619,1
HK.09876,490,3.194999933242798,3.180000066757202,0.47169390473918393,1.3104524180967239,63400.0,202562.99576759338,2.212674131082547,2.4562956619262697,2.9246888875961305,44.4619716888708,10.054648722042144,6.807137287107842,-8.750203086755256,-35.62019936752068,3
HK.09877,490,7.184999942779541,7.5,-4.200000762939453,0.5661467359907568,17700.0,127174.49898719788,7.760280546385527,7.356599998474121,8.258799993991852,-4.0720939607330635,0.06963947855796736,-13.848923125618345,-21.64667521264233,-15.569920687022028,0
HK.09878,490,7.824999809265137,6.949999809265137,12.589928403070255,0.9665096520762373,498755.35,3902760.518619966,5.620583361003533,7.91600001335144,8.279750015735626,-11.830988064618179,6.898901991270623,4.89275830096146,-23.359453672584834,-38.2399387360225,1
HK.09879,490,9.21500015258789,9.149999618530273,0.7103883799730469,0.9766364975794569,475000.0,4377125.072479248,2.2903251702318284,9.117654933929444,8.30231589794159,-1.9305694883629538,5.098112751133576,20.150871435110247,17.720512727109252,48.987082432130826,3
HK.09880,490,80.8499984741211,79.30000305175781,1.9545969264990124,0.9209076081325545,5268910.9,425991438.22528005,4.353392842104413,83.79299987792969,106.3625,-3.635283666612379,-25.277263628023995,-26.50000138716264,-38.28244391288466,-25.825689473283397,3
HK.09881,317,17.700000762939453,17.700000762939453,0.0,,0.0,0.0,0.0,17.700000762939453,18.27695041179657,0.0,0.0,-33.10657076580843,10.763462265171121,65.88566669520837,0
HK.09882,490,0.7350000143051147,0.7350000143051147,0.0,0.0,43200.0,31752.000617980957,1.7556555116337864,0.8184999978542328,0.8320749995112419,5.00000383172723,-33.181818329598286,8.088236260888475,20.491802798135097,18.54838849230437,0
HK.09885,490,3.259999990463257,3.299999952316284,-1.212120073667007,0.9851080068868812,534940.0,1743904.3948984146,4.235958554050976,3.455700011253357,4.4823164498806,-8.169013119670883,6.885247260003751,-17.0171604535176,-37.37726596653057,-64.00530629247335,0
HK.09886,490,0.8349999785423279,0.8450000286102295,-1.183437837789033,0.18026275588145432,493100.0,411738.4894192219,4.478159620953428,0.8158000016212463,0.9235499981045723,7.051283226916113,-12.105264313663486,14.383555715807676,-20.476188908358477,-7.222222148636239,0
HK.09887,285,55.75,55.75,0.0,0.46081444117394255,2111727.95,117728833.2125,6.5416039625144276,64.17999992370605,62.78439992904663,-21.69943484614661,4.011196990830065,-15.33788718019541,10.396039603960396,-12.34276519254205,0
HK.09888,490,87.19999694824219,87.3499984741211,-0.171724703490804,4.9433085032172865,18981488.1,1655185704.3930955,3.079203534368958,99.1500001525879,118.90924976348877,-6.437768451142813,-22.28164053474305,-28.407229258288822,-39.36022594042897,-17.813385294712152,0
HK.09889,490,3.134999990463257,3.130000114440918,0.159740442157522,1.2671466282697383,220250.5,690485.3153995275,0.3990642064798709,3.2721999883651733,3.2509014129638674,-3.834355839437812,-7.794120513856536,-1.7438869318997419,-3.7090117835630014,-10.1284092429831,1
HK.09890,490,9.3149995803833,9.154999732971191,1.7476772482677347,1.2752169377926719,457880.0,4265152.007865906,3.9149256815262956,10.220900039672852,14.333875007629395,-5.8615548312107375,-19.559588585885454,-45.3985939508425,-49.18167147215161,-37.567027260383895,1
HK.09893,490,1.4550000429153442,1.475000023841858,-1.355930888354885,5.43171114599686,810000.0,1178550.0347614288,1.5731936429246818,1.6585000109672547,1.5668750011920929,-11.818177943058851,-20.923912145605854,-13.905325819433342,53.157901176125144,151.26322019505415,0
HK.09896,490,16.959999084472656,17.40999984741211,-2.584725829313221,1.5496128860935543,6068214.55,102916913.21238364,3.1218235243720147,21.980799903869627,29.710705213546753,-22.838947053285143,-29.684915031654313,-48.94526164111956,-54.51487231112666,-66.24714633733237,0
HK.09898,490,51.54999923706055,51.29999923706055,0.4873294419454748,4.994681206851651,172178.9,8875822.163637923,1.9229913675672763,57.9339998626709,68.22726707458496,-8.922260376684516,-11.880343184511885,-33.54968720437689,-36.70435967506654,-43.04779240242365,1
HK.09899,490,87.05000305175781,84.9000015258789,2.5323928000443563,1.0987968518183204,679924.85,59187460.26746597,3.161790045410699,107.46199996948242,137.702000541687,-8.464769244506213,-22.62221950954861,-42.197875482207095,-53.819627028245186,-68.64193042585983,1
HK.09900,490,4.820000171661377,5.139999866485596,-6.225675158295561,0.6645722160542971,2355993.6,11355889.556433106,8.688545680152673,5.547400007247925,5.632049996852874,-23.854656717920008,-19.666663805643715,5.010893495151844,-21.753242028304314,107.7586340670357,0
HK.09901,490,43.2400016784668,43.7400016784668,-1.1431183832033323,2.92064242574518,3505789.8,151590356.83635178,3.574639219835623,42.99760009765625,42.26043851852417,-2.480826500531468,19.184132120593226,2.7122762257260153,-4.32280429872274,7.340943246675398,0
HK.09903,172,140.5,125.5,11.952191235059761,1.7941262099765558,6294360.8,884357692.4,9.538859776168163,143.06466613769533,,4.3833533647442176,-18.942305313764876,37.296413526096075,168.81377681816733,,5
HK.09906,490,1.559999942779541,1.559999942779541,0.0,,0.0,0.0,0.0,1.559999942779541,1.599949957728386,0.0,0.0,0.0,-10.85714612688337,3.9999961853027344,0
HK.09908,490,7.800000190734863,7.800000190734863,0.0,0.0,79825.0,622635.0152254105,1.8951924978070582,8.183105735778808,8.071148366928101,-6.504188276210292,-6.3939309421032196,-8.506060839623087,0.44198613455091723,4.2054567603808195,0
HK.09909,490,1.9850000143051147,1.9500000476837158,1.794870039258369,0.8288598776561888,88649.6,175969.45726814272,3.6298465847508488,2.053400008678436,2.341400005221367,-5.476185502378623,-16.244721090488408,-19.635627882077593,-18.647542305128482,-12.168140589317982,2
HK.09911,490,9.75,9.524999618530273,2.3622088239458066,1.0756225185333121,10278637.75,100216718.0625,5.087463881781721,8.642500028610229,9.418275022506714,20.519157182971078,19.19314958742512,-11.924116813132207,-17.860150850871126,-20.081965963675795,4
HK.09913,490,2.4000000953674316,2.319999933242798,3.448282949422888,5.41843004176194,99443.5,238664.4094836712,1.7293800877068135,2.267799983024597,2.339399982690811,5.4945052641772065,2.1276677771900165,0.0,0.41840962444885654,-3.6144543704662766,6
HK.09916,490,0.3499999940395355,0.3449999988079071,1.449273985189887,0.6769825918762089,102600.0,35909.999388456345,2.063467440456158,0.3590000021457672,0.3485750010609627,-2.777783296726149,-6.66666825612386,1.449273985189887,7.692309808449005,-9.09090838719426,1
HK.09918,490,0.9800000190734863,0.9850000143051147,-0.5076137217272785,0.0,2700.0,2646.000051498413,0.026315764707211,0.9643000030517578,0.9907749930024147,-3.92156496088299,2.083337601895229,-2.9702942250534496,-4.854364437391164,-8.411217660443162,0
HK.09919,490,0.7300000190734863,0.7350000143051147,-0.680271446845552,0.13230221914826,290326.5,211938.35053753853,2.584705075974012,0.7511859440803528,0.8470651829242706,-0.3522673795329528,-9.956867054834746,-20.37873799768457,-24.84349052008313,-21.92478344770995,0
HK.09922,490,1.0099999904632568,1.0299999713897705,-1.9417457749564655,1.3083857357050714,1530786.45,1546094.2999012826,3.1053738018475494,1.1667999982833863,1.6062779223918915,-15.126055302689402,-24.06015354335261,-46.3910471688252,-45.53558629207038,-57.15770053016783,0
HK.09923,490,3.890000104904175,4.03000020980835,-3.473947831651171,12.58443350528424,441135.25,1716016.1687769294,3.7651338024107908,4.707184386253357,6.326427413225174,-23.014378462994358,-27.834838557868252,-45.27139424041291,-52.44456135544214,-64.04983160810819,0
HK.09926,490,90.5,90.75,-0.27548209366391185,0.6561765775569848,12779882.35,1156579352.675,4.6922397788392205,94.91399993896485,109.76124988555908,0.2770083102493075,7.866505785563457,-21.235858313181396,-20.123567906121146,-35.403286183205225,0
HK.09927,215,34.79999923706055,35.0,-0.5714307512555803,1.731945568142453,1374359.25,47827700.851447105,3.720208675773852,41.06919990539551,73.9234949684143,-15.410793015673082,-36.43835755788028,-61.75788991470258,-67.10893093878929,,0
HK.09928,490,0.4950000047683716,0.49000000953674316,1.020407170268328,1.202124947673462,491469.2,243277.25634350776,1.5802331156094653,0.49430000483989717,0.49579554826021194,1.020407170268328,3.1250032984341924,4.978438881068088,1.090339323121224,-5.8814022905187615,1
HK.09929,490,1.409999966621399,1.409999966621399,0.0,0.2445745780227351,2657000.0,3746369.911313057,5.246156015114219,1.6728999996185303,1.1401400038599967,-24.39678501816008,-12.962965279558661,90.5405335743294,134.9999850988394,1831.5068319783823,0
HK.09930,490,0.6899999976158142,0.699999988079071,-1.4285700905079517,5.676950176113628,510650.25,352348.67128251493,4.3600088856541905,0.714500002861023,0.8715144595503808,-8.000000317891438,-6.7567582806154425,-21.706451176126613,-34.75537745099642,-44.0760387156852,0
HK.09933,490,1.6699999570846558,1.6200000047683716,3.0864168005624912,0.07722007722007722,49200.0,82163.99788856506,1.2068876497856251,1.657299976348877,1.6589749979972839,-0.29850718650553654,16.78321806572667,-0.5952375461590091,-4.571431023733957,-25.112110188299358,1
HK.09936,490,14.880000114440918,14.329999923706055,3.8381032356113307,1.0161045274992404,1246460.0,18547324.942646027,7.721975493578706,13.934999961853027,13.176172566413879,3.3333368654605247,-6.080561257759222,-0.4416277337010034,144.6524608779465,147.9036413264491,1
HK.09938,490,0.27000001072883606,0.26499998569488525,1.8868020014566025,0.23173803526448364,497250.0,134257.50533491373,4.630911305049793,0.26755999892950055,0.19565999966114758,14.893621878151238,12.500006984919466,82.43243733054963,112.59842685982326,128.81356702731685,1
HK.09939,490,1.8200000524520874,1.8899999856948853,-3.703700199609334,0.6951624258272151,1213850.0,2209207.0636689663,6.6730808167359905,1.775800006389618,2.3588000065088273,0.8310307667627584,-20.524013852848466,-53.21336752259751,-10.784309486020957,-23.529413237880423,0
HK.09955,490,0.49000000953674316,0.5099999904632568,-3.92156496088299,3.6794651084559775,110516.85,54153.25755397082,4.527668996095388,0.5055999952554703,0.7170499975979329,-3.92156496088299,-12.499998669539185,-27.94117582607435,-50.999999046325684,-64.49275280943039,0
HK.09958,490,0.12999999523162842,0.13199999928474426,-1.5151545939038447,0.2463965378843402,1445350.0,187895.49310803413,6.51473499741887,0.13516000136733056,0.16634000040590763,7.438013170286715,-3.7037110623015317,-25.28735691245191,-13.907283983974638,-63.88889164836308,0
HK.09959,490,2.2699999809265137,2.2899999618530273,-0.8733616270600302,0.9053913050969163,5731825.85,13011244.570174098,4.4217895527468505,2.156999990940094,2.1135765355825424,-1.3043466092057148,19.473677209870328,10.980301694952,0.5014691937975184,-25.66082016726466,0
HK.09960,490,0.9150000214576721,0.9200000166893005,-0.5434777327093245,0.5137686095163958,517100.0,473146.51109576225,3.8967000007418524,0.9516000008583069,1.0235999825596809,-1.081080036149411,-7.575756298645518,-13.274045860177756,-14.015299310146428,-33.81440538757701,0
HK.09961,490,319.3999938964844,316.79998779296875,0.8207090289456542,0.9758991901424735,3328693.0,1063184523.8832703,2.705004669256051,344.9360021972656,414.4470004272461,-12.011020965155819,-13.064779748887009,-23.184222396967208,-45.21440928019136,-43.01516612016336,1
HK.09963,490,9.604999542236328,9.510000228881836,0.9989412309999701,0.4425642694435405,142850.0,1372074.1846084595,6.6667750456405965,9.023200016021729,5.177600016593933,-11.55617084821254,-15.000005485737125,455.20227955721947,606.2499589122398,1943.6169290634343,1
HK.09966,490,7.75,7.670000076293945,1.0430237667573756,1.1417934942144359,1248087.9,9672681.225,4.927643845038492,8.05,8.888699994087219,-5.2567272510210605,8.543419396654059,-13.213888744123103,-19.10229580668006,-26.679278867009614,1
HK.09968,490,0.09099999815225601,0.09200000017881393,-1.0869587224068356,0.7733704097489164,18600100.0,1692609.065631777,14.630015758027207,0.04913999997079373,0.0323950001783669,97.82608255518633,167.64703884359983,279.16665567188636,333.3333303767537,313.636357478859,0
HK.09969,490,14.710000038146973,15.09000015258789,-2.518224722322147,1.1242630731944543,8484435.1,124806040.64465551,5.4045771859755485,14.408199996948243,13.155300035476685,3.083388691441258,42.125598994983946,24.450088138227592,17.68000030517578,-14.27738829283626,0
HK.09971,53,40.880001068115234,40.79999923706055,0.19608292291833695,0.2829535264718536,529260.2,21636157.54131088,12.390139104323747,50.37159980773926,,-37.540102407578246,,,23.058397248457354,,1
HK.09973,241,26.360000610351562,25.360000610351562,3.94321757071179,10.95153507933061,2926898.9,77153056.79043731,2.9464964289215594,25.62840000152588,27.338254976272584,-2.2255137036212176,1.9334879667398532,5.798381220076767,-9.545890029283862,,2
HK.09976,9,188.0,188.0,0.0,,,,,,,,,,-19.520550047977654,,0
HK.09978,490,3.0350000858306885,3.140000104904175,-3.343949540303938,0.3118302564136318,1966991.1,5969818.1573282005,12.31395071678945,1.2107000091671944,0.3840450026281178,203.50000858306885,1409.9502538460933,3429.069747395004,3646.9136751819137,3556.6267486086936,0
HK.09979,490,1.725000023841858,1.8250000476837158,-5.4794532180301925,3.0029462423078512,1416021.1,2442636.431260574,4.051496483534418,1.7996000051498413,2.164691762328148,-4.696128266565152,-0.5202452573981728,-21.33191585599358,-32.85116185570225,-42.84266398743343,0
HK.09980,154,95.0,96.19999694824219,-1.247398114667107,1.491603785073633,606316.25,57600043.75,3.159346935233346,108.5546630859375,,-14.781885155411793,-16.942954511542325,-43.45643296690342,-48.57634091433201,,0
HK.09981,146,8.904999732971191,8.829999923706055,0.8493749707039456,0.8077260755048288,1892930.0,16856541.144533157,3.534917703269344,10.329899921417237,,-11.304783199146101,-32.38420894924497,-52.315808115838,-56.281805190635204,,1
HK.09982,490,0.0949999988079071,0.09799999743700027,-3.0612231709717466,0.41199278739614786,4041146.75,383908.93643257767,7.41241267230745,0.09280000016093254,0.10194499978795647,6.74156983563015,-7.766991555381757,1.0638319795733608,-41.358025599826924,-13.636364252114102,0
HK.09983,490,0.2849999964237213,0.2750000059604645,3.636360089641049,3.9214391813830667,355200.0,101231.99872970581,5.202467738925078,0.3123999989032745,0.4324249981343746,-9.523809974335942,-17.391305098987335,-43.00000071525574,-52.500002483526764,-71.67991506651347,1
HK.09985,490,6.989999771118164,6.940000057220459,0.7204569666492262,1.2827836203813665,3148086.9,22005126.71046009,3.080676237928266,7.809099988937378,9.463061194419861,-16.63685652575944,-6.675567627225123,-37.30961534201433,-35.61832459895989,-47.8585503366533,2
HK.09986,490,1.8799999952316284,1.8799999952316284,0.0,,0.0,0.0,0.0,1.8799999952316284,1.8828999948501588,0.0,0.0,0.0,0.0,-14.155253602243356,0
HK.09987,490,324.20001220703125,327.6000061035156,-1.0378491554148626,1.707179903849065,777243.3,251982287.34783328,2.365692620177877,356.3160717773437,371.77318649291993,-16.334874528135757,-3.493949854651163,-22.164933422407273,-14.032156453686234,-5.91268947524251,0
HK.09988,490,109.30000305175781,105.0999984741211,3.9961985143804655,1.0063472267400706,86676426.75,9473733708.290462,2.4485461502288444,115.42,130.5576156616211,-11.138208901009909,2.245090263443917,-17.850865136070865,-26.561979856506905,-22.887483375737716,1
HK.09989,490,3.759999990463257,4.15500020980835,-9.506623330912232,5.992912289583597,447350.0,1682035.995733738,3.0514267428221773,4.303200011253357,4.646236753463745,-12.962966642261877,-2.5906711748779943,-24.58656362999414,-24.29427058906097,-34.89307170645845,0
HK.09990,490,1.6299999952316284,1.6399999856948853,-0.6097555213709185,1.5109204473403752,214149.25,349063.2764788568,4.6001810970927925,1.8925000047683715,1.7926750016212463,-14.210525490240366,-11.413045344427053,9.395972134148693,0.0,-15.104165017449569,0
HK.09991,490,7.199999809265137,7.059999942779541,1.9830009577943053,0.28825773632895296,10330.0,74375.99802970886,3.194556006370697,7.361199970245361,7.101599991321564,-5.263159215615413,0.6992966885427103,9.256443741320695,-0.5524856784194297,-29.480903208969284,2
HK.09992,490,155.10000610351562,153.1999969482422,1.2402148780168356,0.7209952845958578,6374037.4,988613239.6440369,2.2783919084869946,156.73399963378907,177.9977059173584,4.093963827862836,-9.457090869605766,-22.925643201652885,-18.25567986661806,-45.229604257383684,3
HK.09993,490,1.0750000476837158,1.0499999523162842,2.380961571691675,1.224779537794092,68561900.0,73704045.76928616,5.5993459440047655,1.0919999992847442,1.4441999968886376,-9.663865882944096,-9.663865882944096,-24.825168733252866,-40.93406501635165,-61.19133375141222,4
HK.09995,490,74.69999694824219,74.0999984741211,0.8097145566482555,0.9346593231092731,2689464.15,200902963.79740676,4.2994339957221035,80.54599990844727,85.18624996185302,-5.323199615223243,10.830853497177408,-17.458566908019684,1.4256556695308922,-28.44827983098699,2
HK.09996,490,4.804999828338623,4.909999847412109,-2.13849332661035,1.5551040292460212,628851.6,3021631.8300504684,4.750540573772118,4.688000011444092,5.488049997091293,-3.417087026185597,17.195120490356082,-17.581476994528884,-21.486929441344742,-37.67834235324517,0
HK.09998,490,0.5049999952316284,0.5400000214576721,-6.481486080605124,1.0803618946248004,962000.0,485809.99541282654,4.203543111465518,0.4018000018596649,0.41738227888941765,31.16883317944497,27.84809658607993,-9.821429806856472,36.48648343876912,121.63889028226247,0
HK.09999,490,183.60000610351562,185.10000610351562,-0.8103727447535239,1.0188107964686777,6599719.15,1211708476.221489,2.794447327705792,195.3331265258789,194.66306594848632,-9.062670780372445,-6.039174675359309,-0.18322622669365632,-19.55326573060489,-17.491704365679777,0
