code,n_rows,last_price,prev_close,gap_pct,rvol,avg_vol_20d,avg_dollar_vol_20d,adr_pct,sma50,sma200,perf_4w,perf_13w,perf_26w,perf_ytd,perf_52w,consecutive_up_days
HK.00001,490,69.25,68.10449981689453,1.6819742985929795,0.8377237272789858,5823000.65,403242795.01250005,1.8700318880586244,69.84560195922852,63.06779829025268,-0.13118546971560932,3.6388372062486547,17.145815419313102,32.656793724889546,42.387587871242864,1
HK.00002,490,78.25,78.5,-0.3184713375796179,0.6890110031138909,3172051.2,248213006.4,1.228945055450265,77.17558303833007,72.87793453216553,0.4947830600123242,7.992333842178315,8.621256434848327,15.847152543843162,27.109804643535472,0
HK.00003,490,7.09499979019165,7.179999828338623,-1.1838445707406204,0.3717386179255032,41311374.5,293104193.4100287,1.944103973429341,6.9055546855926515,6.895168268680573,6.299691930569858,6.37808381518532,-1.0429952037490526,4.802566319827411,8.939512049333786,0
HK.00004,490,18.6299991607666,18.579999923706055,0.26910246106488567,0.7268066542769822,1060614.1,19759239.792897224,2.735686359931493,19.305095672607422,21.969821949005127,-5.446640071325336,-3.3304935333518477,-24.965613187635423,-14.073524672922469,-15.882501776653857,1
HK.00005,490,164.89999389648438,163.3000030517578,0.9797861695198173,0.6732795780017339,9942728.4,1639555852.474402,1.2237240663694609,161.1006088256836,138.20035320281983,0.8562653801127676,19.135184308164202,27.287398826828184,37.11810533184689,73.14346257573604,1
HK.00006,490,61.5,61.20000076293945,0.4901948256873483,0.6706435782203567,2993439.0,184096498.5,1.5964211264551256,58.6329557800293,57.49763118743896,3.2332028915544155,11.751090487444838,1.6341546260028914,16.653528978046047,28.97675685600147,2
HK.00008,490,5.480000019073486,5.414999961853027,1.2003704095727417,0.9859781963310643,8879965.65,48662211.931371905,1.3388288815400013,5.4760300731658935,5.520888321399688,2.2388037792902336,-1.7730755292380065,-1.0117439020556243,5.599378186847538,11.858612512026676,1
HK.00010,490,12.279999732971191,12.180000305175781,0.8210133439234504,1.3907970420657887,959013.2,11776681.839915847,1.9591864335024154,12.897495670318603,14.342935061454773,-3.0781400234752914,-10.289901306798892,-19.961286326779653,-15.043878721853222,-4.213066108650906,1
HK.00012,490,25.799999237060547,26.079999923706055,-1.0736222678857998,0.5432283771205285,9849231.85,254110174.21563244,2.3990059148897966,26.920110816955567,28.60221279144287,-2.8185475591463773,-1.4344029356985255,-20.538730072310734,-6.819584913879984,2.6047466328459468,0
HK.00013,490,21.399999618530273,20.459999084472656,4.594333216617762,0.8645570034484876,7667415.55,164082689.84511307,4.499258684024219,19.14379997253418,20.775149960517883,6.573703684459943,25.66059163645018,1.614435713247424,2.1967481983799195,-12.07888461637922,1
HK.00014,490,15.680000305175781,15.75,-0.4444425068204365,1.036864976701629,1980175.75,31049156.36430168,2.1284432818991124,17.03573583602905,18.153280396461486,-6.533943203656493,-5.871466016184797,-19.186107951465083,-11.995034541112553,10.035332874899403,0
HK.00016,490,110.4000015258789,108.19999694824219,2.0332760071047855,1.0614295438194696,5815753.85,642059233.914136,2.813234098951355,119.31199981689453,120.98854511260987,-5.802044026815369,-4.166662803402551,-22.196602025269847,15.094260084642746,24.27763968529916,1
HK.00017,490,5.704999923706055,5.889999866485596,-3.1409159078627535,1.8739527265839613,5920612.8,33777095.57229309,3.817980995862387,6.692099990844727,8.03052497625351,-17.438494215847832,-23.525470582663043,-40.19916198618172,-22.80108218162747,-16.83673742461924,0
HK.00018,490,0.21400000154972076,0.21400000154972076,0.0,0.9356287425149701,110780.0,23706.920171678066,2.4647779553491884,0.22176766991615296,0.26720949888229373,-3.75998433493433,-13.754137896120117,-25.253589169203096,-26.47893765721003,-39.39480373412454,0
HK.00019,490,102.5999984741211,103.9000015258789,-1.251205998716,0.8204816003057274,1062129.45,108974479.94931906,2.1471109508049,97.2274594116211,81.51105995178223,1.3136814133663974,26.88920546220438,30.860618612839126,68.14665583448391,63.813184330756776,0
HK.00020,490,1.2649999856948853,1.309999942779541,-3.4351113778810887,0.4549765695340151,573068937.65,724932197.9294331,4.627851051647756,1.412699999809265,1.8937750005722045,-17.320260826813833,-12.758624545175469,-44.0265490693394,-43.018019396747306,-38.292682189305985,0
HK.00021,490,0.06800000369548798,0.0689999982714653,-1.4492675377223445,0.2056730205241361,3927035.0,267038.3945123106,14.046103019282688,0.07876000054180622,0.08393499983474612,-31.999997317791024,-19.999996493844463,-22.727268109144234,-33.98057901282846,-36.44859513733335,0
HK.00022,490,1.8300000429153442,1.7999999523162842,1.6666717440995042,4.442897914875117,59540.05,108958.29405518174,2.759122886643927,1.8275000071525573,6.065524991154671,8.284022541699972,-28.235291092728467,-80.73684165352269,-77.40740794158711,-73.6690634080918,2
HK.00023,490,18.989999771118164,18.600000381469727,2.0967708690854376,0.8837463803563815,3449487.0,65505757.34047508,3.6450007994962794,15.889392642974853,13.977535767555237,19.278815845938826,48.25819980326011,38.25498751796971,46.602837883534264,62.65072434350435,3
HK.00025,490,4.800000190734863,4.800000190734863,0.0,0.9090909090909091,4600.0,22080.00087738037,0.3378139471644291,4.683765897750854,4.162004842758178,3.9528140331078756,19.831042103052745,20.405770651511297,20.986038745752676,31.888710592972043,0
HK.00026,490,58.599998474121094,58.79999923706055,-0.3401373563511823,0.6142086944652972,2980.6,174663.15545196531,0.43613096689455644,58.50900001525879,57.51650796890259,1.5597880403490507,1.3840817432876342,0.7133164800751493,3.042170072822118,0.9405393513763707,0
HK.00027,490,32.86000061035156,32.779998779296875,0.24405684574099162,1.2153737548178571,10823752.3,355668507.18429416,2.3116140042745448,32.69187122344971,34.316269149780275,-2.4161762959968898,8.867751883120166,-9.015098079104208,-10.569186214615007,-14.272293199327956,2
HK.00028,489,3.359999895095825,3.309999942779541,1.5105726036447358,4.936058910162003,74566.8,250544.4401776314,1.6201387260552005,3.4784000062942506,4.041111489534378,-2.608700038955522,-14.720816083789728,-23.248988987567227,-23.582686972663556,-31.343824049823837,1
HK.00029,490,9.175000190734863,9.199999809265137,-0.27173498965833476,1.4285714285714286,46400.0,425720.00885009766,2.0446711617583895,9.598500003814697,11.05587504863739,-3.4718560729387766,-14.651161016419875,-22.214731723400728,-29.2315959161741,-27.75342362060542,0
HK.00030,490,0.23899999260902405,0.23000000417232513,3.913038379754013,1.177199504337051,167600.0,40056.39876127243,2.5042214183300096,0.2471600016951561,0.250504999384284,-2.8455341433143975,11.682238728159442,-16.140352418217983,-2.0491844576249147,-9.81131867523834,1
HK.00031,490,0.4699999988079071,0.4650000035762787,1.0752677834782465,0.3421273061194744,3161561.0,1485933.6662311256,3.5048330223358,0.5061999994516373,0.5740000012516976,-11.320750154859622,-35.616440201682515,-24.193549162391314,-33.802815068692674,-27.69230522347616,1
HK.00032,490,7.199999809265137,7.110000133514404,1.2658182005721912,0.8953603916894215,69968.05,503769.9466546536,0.6919104025915638,7.471350021362305,7.790539221763611,-3.2365944548224714,-8.458277825463249,-10.790483069770444,-7.279172730566352,-9.606028318566693,1
HK.00033,489,0.4000000059604645,0.4000000059604645,0.0,,0.0,0.0,0.0,0.4000000059604645,0.4000000059604645,0.0,0.0,0.0,0.0,-16.666663562258016,0
HK.00034,490,4.400000095367432,4.295000076293945,2.444703543849256,1.1192853546648938,227298.1,1000111.6616768361,2.7384711824701533,4.742700004577637,4.596825767755508,-7.270807134087014,-8.141959699196386,-11.985527329360563,5.699619858101435,35.61943420160927,1
HK.00035,490,0.6899999976158142,0.699999988079071,-1.4285700905079517,0.8080244947989978,821223.65,566644.3165420502,2.682841453620145,0.6792000031471253,0.7501500022411346,1.4705868173635692,-2.816898807176702,-20.68965588114916,-6.7567582806154425,-11.538458599376382,0
HK.00036,489,0.2750000059604645,0.2750000059604645,0.0,,0.0,0.0,0.0,0.2750000059604645,0.2528600050508976,0.0,0.0,0.0,74.05062867336005,7.843141608951449,0
HK.00037,490,0.49000000953674316,0.48500001430511475,1.0309268214748768,0.1454584635276371,362540.0,177644.60345745087,2.071397268481551,0.49650000154972074,0.5037499944865703,-1.9999980926513672,-1.9999980926513672,-22.222220119765602,8.888893892735743,7.692306684621419,1
HK.00038,490,9.335000038146973,9.390000343322754,-0.5857327280599309,0.47262412280387517,4270498.15,39865100.39315658,3.8596461429345656,8.633700008392333,8.376231727600098,12.402163698046857,24.46666717529297,2.469077515682648,14.179836744920763,35.40896772774496,0
HK.00039,489,0.04500000178813934,0.04500000178813934,0.0,,0.0,0.0,0.0,0.04500000178813934,0.060870001073926684,0.0,0.0,-44.44444240038942,-44.44444240038942,-48.86363405457212,0
HK.00040,490,0.6700000166893005,0.675000011920929,-0.7407400212333817,2.0840336134453783,31800.0,21306.000530719757,0.9511026434804081,0.6825129842758179,0.7006583565473556,0.28406011475707466,-4.659512526445925,-3.297511303945212,-8.524674343906831,1.9945527218833061,0
HK.00041,490,14.6899995803833,14.84000015258789,-1.010785516592005,0.5397220075685918,466636.65,6854892.19269147,1.8307062412113766,15.451400032043457,15.779534220695496,-6.134185696786161,-7.784059642419433,-12.679735886997111,0.8221179530432627,13.016387748614019,0
HK.00042,489,0.23899999260902405,0.23899999260902405,0.0,0.13836477987421383,160100.0,38263.89881670475,4.772671436870972,0.2466199979186058,0.3235299991816282,0.0,-27.57576269332788,-49.68421145093079,-16.140352418217983,-22.903228783582648,0
HK.00045,490,5.380000114440918,5.460000038146973,-1.465200057639656,0.4998127784634006,483579.8,2601659.379341316,2.719324758130062,5.593300008773804,5.96252500295639,-0.37037001061669084,-0.37037001061669084,-21.11436980902113,-8.503401195044722,-8.191126418722742,0
HK.00046,489,1.2400000095367432,1.2400000095367432,0.0,0.0,42900.0,53196.00040912628,1.2497338880555575,1.2127144980430602,1.2646228575706482,5.652035954223533,7.39834023054063,-0.9653755449493349,-16.34342173221882,-23.03594824123321,0
HK.00048,490,0.3799999952316284,0.3700000047683716,2.7027000903735274,18.31733198585144,29832.0,11336.159857749939,0.6632976653427645,0.37110000431537626,0.2928550010919571,4.1095850145108725,11.764703304297399,49.01960875977925,167.6056216832456,105.40540018074707,1
HK.00050,490,4.869999885559082,4.869999885559082,0.0,0.09280041709569284,114833.95,559241.3233582973,1.5001676814717182,4.802662563323975,4.7764196419715885,2.48273379071512,3.3349768103803537,-1.7308353994644095,6.44124435765929,4.048889824804194,0
HK.00051,490,4.230000019073486,4.199999809265137,0.71429074216074,0.8353808353808354,20050.0,84811.5003824234,0.332675754826125,4.496200046539307,4.535650038719178,-7.439828004739156,-4.514668555645122,-13.673470678651173,-1.8561467463607977,-2.758618119308167,1
HK.00052,490,4.5,4.349999904632568,3.448278130022205,1.1875226398201117,59750.2,268875.89999999997,1.4760985104812485,4.398252143859863,4.210138533115387,-0.29053274056117256,25.893124064274275,8.113237959848922,1.4139103815966516,-11.095904141830779,1
HK.00053,489,71.0,71.0,0.0,4.63768115942029,4250.0,301750.0,0.5571930097195279,70.5570001220703,70.50900302886963,0.0,2.675341190598159,1.3317351582263044,3.8264946941573363,0.2202104232933692,0
HK.00055,490,0.12600000202655792,0.1379999965429306,-8.695648418106726,1.0296010296010296,20425.0,2573.5500413924456,1.7983532958609876,0.14045999825000763,0.15244999937713147,-11.267607111799316,-19.745224320364706,-23.636365442564923,-17.105259159141173,-36.68341637049049,0
HK.00057,490,1.5,1.5,0.0,3.475609756097561,36200.0,54300.0,0.6419961428522003,1.5081218767166138,1.5678023600578308,0.18900126799730077,-4.728254051083972,-7.010213724288787,-2.941914923207257,-7.724224991370399,0
HK.00058,489,0.23999999463558197,0.23999999463558197,0.0,0.0,37098.0,8903.51980099082,0.6147486288009927,0.2490999975800514,0.24408999957144262,-9.433959399563019,-7.692306369719372,20.60301180171961,14.832529847060618,37.14285641300434,0
HK.00059,489,0.009999999776482582,0.009999999776482582,0.0,,0.0,0.0,0.0,0.009999999776482582,0.009999999776482582,0.0,0.0,0.0,0.0,0.0,0
HK.00060,489,0.5649999976158142,0.5649999976158142,0.0,0.0,41100.0,23221.499902009964,1.0375238920290397,0.5034999972581864,0.48694999620318413,6.603778889698113,18.94736941171156,2.7272700672307866,25.555558351822917,22.82608421008849,0
HK.00061,489,0.18299999833106995,0.18299999833106995,0.0,0.0,4972.2,909.912591701746,0.0,0.20081999719142915,0.27094500049948694,0.5494516741004631,-39.80263019228282,-39.00000298023212,-42.088610788383626,-44.879516477049386,0
HK.00062,490,8.579999923706055,8.649999618530273,-0.8092450625577304,1.1460819922253154,155995.1,1338437.9460985183,1.4905947672178173,9.31129997253418,9.873766365051269,-9.68421132940995,-8.333330786126199,-20.90859996742027,-15.179503356746194,-12.047075946555548,0
HK.00063,490,0.03500000014901161,0.03799999877810478,-7.89473348831195,0.8628127696289906,120900.0,4231.500018015504,2.394944152646381,0.03516000028699637,0.04927999998442829,9.374995270627776,-31.372547444129413,-39.65517042047481,-36.363635747885894,-42.622951220133324,0
HK.00064,490,3.809999942779541,3.805000066757202,0.13140278408983036,0.44906081365491135,177061.75,674605.2573684454,0.2957250935456841,3.725800004005432,3.2647313296794893,0.26315764707211003,15.805470728140495,24.9180328637738,26.999998092651367,33.583660097281864,1
HK.00065,490,0.27000001072883606,0.25999999046325684,3.846161781683767,0.01445687987100849,553149.75,149350.43843465298,2.290427441212034,0.24469999819993973,0.29100999914109704,0.0,22.72727826902692,-15.6249947613104,-23.943656651043256,-40.65934001154234,1
HK.00066,490,32.720001220703125,32.939998626708984,-0.6678731486876178,0.5646171614231855,5202782.85,170235061.20305327,1.7296783901921569,32.2404748916626,31.77387954711914,1.0873664480556948,6.411174538489782,-5.041284920140861,12.66927611154707,30.44099855276808,0
HK.00068,103,8.279999732971191,9.095000267028809,-8.960973173493537,1.532846986461571,7954413.8,65862544.139942355,8.834154870469767,9.143200101852416,,-12.704269555326334,-43.864408590025825,,-55.48387331636751,,0
HK.00069,490,4.019999980926514,4.0,0.4999995231628418,2.1829430184271374,776250.6,3120527.3971941946,2.3663221400455683,4.088600029945374,4.390226256847382,-3.132532806108479,-3.3653815293452016,-13.711891269759633,-14.251200506444267,-7.92528040544304,1
HK.00070,489,0.0689999982714653,0.0689999982714653,0.0,0.1426242868785656,247150.0,17053.34957279265,2.6281603916113125,0.052100000008940696,0.052900000102818014,40.816326685768026,37.99999448657044,25.454542991543587,37.99999448657044,0.0,0
HK.00071,490,10.010000228881836,10.029999732971191,-0.19939685565107196,0.3137382037703489,72596.9,726694.9856161117,0.8916192723815293,10.071300048828125,10.25011634349823,-0.8910905860262356,-2.6264543881590012,-6.872838178047401,-0.0983098678684538,6.035036201690964,0
HK.00072,490,0.21699999272823334,0.22499999403953552,-3.555556232546601,1.2725344644750796,97800.0,21222.59928882122,2.572480831715728,0.24264000058174134,0.24602499879896642,-12.500001502133209,-22.500002927013792,-18.1132058708554,-9.583334342266145,-30.000002884095693,0
HK.00073,490,1.850000023841858,2.0,-7.4999988079071045,2.7110876079675656,1610.5,2979.425038397312,0.6956813552049119,1.9671999955177306,1.8990499955415725,0.5434777327093245,-8.866992615013771,-7.4999988079071045,11.445786809692923,10.119052476285688,0
HK.00075,489,0.12999999523162842,0.12999999523162842,0.0,0.0,4275.3,555.788979613781,1.0811422516186064,0.14272000163793563,0.14754500113427638,-15.584418223346152,-23.976612671598634,-4.411773406819428,-7.801423536436509,-16.129035979478314,0
HK.00076,490,0.1509999930858612,0.15299999713897705,-1.3071922160228198,0.010006616206776557,2002677.15,302404.2358032122,5.697204744190648,0.14434000015258788,0.16095499992370604,7.857137459273264,11.029400646841841,-8.484856311720721,7.857137459273264,-43.01886745770657,0
HK.00077,489,0.48500001430511475,0.47999998927116394,1.041671905356266,0.0,64200.0,31137.000918388367,1.0989512998483033,0.46068111538887024,0.40705800563097,-1.4567702351839398,25.727569535328936,30.217847780369777,18.894544260106684,21.53665274171988,1
HK.00078,490,0.4650000035762787,0.4449999928474426,4.494384505685279,0.346336203227736,171554.7,79772.93611352742,4.187608421570141,0.41869999885559084,0.5049499993026256,6.896551960383053,-5.102041933448131,-13.888891648363074,-13.888891648363074,-13.888891648363074,1
HK.00079,490,0.10999999940395355,0.10999999940395355,0.0,0.04630757981964416,177175.0,19489.24989439547,8.165603101158277,0.11284000024199486,0.0979500000551343,-8.333331781129008,22.22221670327385,29.411762643437918,1.8518486580159448,15.789474509759632,0
HK.00081,490,2.734999895095825,2.7850000858306885,-1.7953389297634297,0.4252283660076472,8847176.35,24197026.389144264,4.876611747816853,2.553300004005432,2.49495913207531,7.045002882018639,3.9852981007946866,5.572866624700438,41.846607877892,19.17475420524649,0
HK.00082,490,0.0729999989271164,0.07199999690055847,1.3888917633414033,0.8264781175910264,2896290.0,211429.16689261794,3.9267699183141227,0.07666000008583068,0.08265000037848949,-3.947366744155975,-17.045455315142625,-14.117649224390187,-10.975613523493951,-22.34042401414152,2
HK.00083,490,10.119999885559082,10.140000343322754,-0.19724316653344384,0.5152311211821942,8907098.1,90139831.75266351,2.202158693556248,10.503400077819824,11.19597038269043,-1.3645257329395941,-8.992805847944691,-12.380947584074448,-1.4285701015663173,11.59704586593281,0
HK.00084,489,0.06800000369548798,0.06800000369548798,0.0,0.0,78843.0,5361.3242913633585,0.8046212670854573,0.06782000288367271,0.06701000068336725,1.492540300967864,11.475414641599901,4.615394138020521,-2.85713799145759,-2.85713799145759,0
HK.00085,490,0.7900000214576721,0.8100000023841858,-2.4691334404499927,0.5560506148636607,1108900.0,876031.0237944126,3.060589364234809,0.9157811284065247,1.1313694494962692,-16.402113498723924,-29.502289606317074,-35.09734467166085,-39.424187964710455,-50.73653959861619,0
HK.00086,490,4.0,4.010000228881836,-0.2493822521457671,0.10798790589447936,365011.85,1460047.4,1.2714059647216196,3.9648204183578493,3.9401305079460145,3.504702965624197,-0.7250522315480681,2.6425858281517147,3.6367013623075013,7.542609612789413,0
HK.00087,490,14.760000228881836,14.899999618530273,-0.9395932431724917,0.930420466208422,707133.3,10437287.66984997,2.223815294530099,14.373650913238526,12.82164297580719,-1.0495713645552975,16.39876818869182,16.76958678743459,34.07988578463074,36.58619541476864,0
HK.00088,489,3.190000057220459,3.2100000381469727,-0.6230523579077277,1.8648416083459654,59600.05,190124.16291034222,1.5437628051713759,3.2928003168106077,3.562295142412186,-2.719596215758753,-9.745401223552216,-18.56728454473847,-6.633176068481039,2.6296457859218103,0
HK.00089,490,1.9800000190734863,1.8899999856948853,4.761906564010437,1.4133651340488493,4760.25,9425.295090794563,0.32573304884143417,1.9652343940734864,2.1302439194917677,0.5714295402405754,-5.121291152232814,-12.554627547109416,-6.5924540147862185,4.237414715125487,1
HK.00090,489,0.9150000214576721,0.9150000214576721,0.0,0.0,44300.0,40534.500950574875,1.9284098286546185,0.9562999987602234,1.025869604051113,-2.139035387755625,6.8458623724027365,-17.396484314044123,-17.396484314044123,-42.17753590844321,0
HK.00092,490,0.17599999904632568,0.18700000643730164,-5.882356691075352,0.23768010634487044,582632.4,102543.30184435844,3.0137706164832236,0.1760000005364418,0.1923800004273653,-12.000001788139317,-4.3478267911701876,-0.564972892935831,-3.2967018571514073,-10.204079770783641,0
HK.00093,490,0.36000001430511475,0.4300000071525574,-16.27906783327278,0.23529411764705882,22200.0,7992.000317573547,8.265043834715899,0.3809000015258789,0.43184999957680703,1.4084577986089954,-19.99999470180921,-24.21052235315376,-27.99999713897705,-33.33333333333333,0
HK.00094,489,0.04800000041723251,0.04800000041723251,0.0,0.0,79150.0,3799.2000330239534,0.7767723740809823,0.05317999973893166,0.0660577180236578,-7.692308794464562,-22.580643223053922,-34.24657380453392,-38.8026641870277,12.195113880865907,0
HK.00095,489,0.1979999989271164,0.19300000369548798,2.590671054865534,0.004411116012351125,389300.0,77081.39958232641,6.643574342926964,0.19998000025749207,0.24419999942183496,5.882348722540229,17.857143807472028,-28.000001950697424,-28.000001950697424,-30.52631529414422,2
HK.00096,490,0.5149999856948853,0.5199999809265137,-0.9615375798129149,3.6842105263157894,4500.0,2317.4999356269836,0.2894477040300003,0.5085999953746796,0.5366655547916889,1.9801961500356329,-6.805753359527589,-6.805753359527589,-5.141564171842184,-14.321418262124954,0
HK.00097,490,0.13899999856948853,0.13899999856948853,0.0,2.6168639148223027,351593.6,48871.50989704132,4.568894917973422,0.14566000044345856,0.1686250001937151,-6.711412819058604,-12.578614171342178,-24.04371593598591,-23.626372861611685,-49.454547070274636,0
HK.00098,490,5.449999809265137,5.454999923706055,-0.091661127604947,0.31007751937984496,45100.0,245794.99139785767,1.9757827187422004,6.243800001144409,6.793076932430267,-17.673717470089272,-22.031473709285677,-25.104700939831492,-19.415140126056553,-25.200720566579044,0
HK.00099,489,1.225000023841858,1.225000023841858,0.0,0.0,17150.0,21008.750408887863,0.4347827213698417,1.2191200423240662,1.2457202458381653,13.636358609829568,0.0,-3.823396344518884,1.5625,-13.089386447247367,0
HK.00100,167,252.39999389648438,270.0,-6.518520779079862,0.6075786519512902,15772284.85,3980924599.873613,11.024338616113091,285.6439993286133,,-24.385858859578725,-41.97701289735991,-68.45000076293945,-26.84058147927989,,0
HK.00101,490,6.724999904632568,6.804999828338623,-1.1756050804425358,1.3743342850040152,5885895.0,39582643.31367731,1.9763012934686817,7.204419584274292,8.111859922409058,-6.009787457257098,-10.176767110640546,-25.12464319210591,-18.083617358899122,-10.59938269894983,0
HK.00103,490,2.0799999237060547,2.109999895095825,-1.4217996626207445,3.2469662184322727,136560.0,284044.7895812988,4.71774851535222,1.8148499870300292,2.333849457502365,14.917126489622207,6.059317052628406,-3.368176230159613,-30.313588182208417,-32.05575349783332,0
HK.00104,490,0.2280000001192093,0.22699999809265137,0.4405295308195402,0.13168935397497158,877767.25,200130.933104638,3.01479135672779,0.21914727956056596,0.20523359179496764,3.544076178906172,7.858417552374084,16.603687542357065,16.080796092490036,8.764784108512142,2
HK.00105,489,5.199999809265137,5.199999809265137,0.0,6.666666666666667,800.0,4159.999847412109,0.0,5.26779993057251,5.233779809474945,-0.9523845854259673,-1.515159040990203,-1.515159040990203,0.9708682130449126,2.3121198016990174,0
HK.00106,489,0.01899999938905239,0.01899999938905239,0.0,,0.0,0.0,0.0,0.01899999938905239,0.01899999938905239,0.0,0.0,0.0,0.0,0.0,0
HK.00107,490,4.730000019073486,4.730000019073486,0.0,0.8278164890841845,862710.0,4080618.3164548874,1.8501672025654996,4.679299983978272,5.046004900932312,4.185023321958561,-1.252608418734305,-9.769629653145083,-3.5229039428618396,10.502392011367137,0
HK.00108,490,2.005000114440918,2.0399999618530273,-1.7156788267935739,0.6041272056624464,966700.0,1938233.6106300354,8.703947111936936,1.7504000067710876,2.453499991297722,7.795704248420366,-4.523799738375334,-10.888883802625868,-15.042364255719292,26.100633481150346,0
HK.00110,490,0.6899999976158142,0.6600000262260437,4.545450029951333,0.15917230401910068,201840.0,139269.59951877594,4.91418585284516,0.6757000017166138,0.3947950003296137,-9.210525490240366,74.68353895551992,227.01422390019187,213.6363642521141,231.7307612401319,1
HK.00111,490,0.6850000023841858,0.6800000071525574,0.7352934086817846,0.6312961719274681,452500.0,309962.50107884407,6.117726181704154,0.6167999994754791,0.6689619719982147,22.321428476395656,5.384619616898009,-14.31465888715309,36.46183841960461,39.03660317077786,1
HK.00113,490,5.875,5.949999809265137,-1.2605010364596916,0.35641757566349114,54203.2,318443.8,1.1592124338230227,6.177131271362304,5.751206710338592,-8.059465997592232,-3.9601422018430865,7.16026897986217,9.464791405275056,26.3296779645046,0
HK.00114,490,0.675000011920929,0.6549999713897705,3.053441435840466,3.5064676498643474,89375.0,60328.126065433025,1.7493163820776185,0.6735000097751618,0.634382461309433,-1.4598526172921515,-3.571425226269879,10.65573706418013,7.142859846015656,26.07327011386829,1
HK.00115,489,3.700000047683716,3.9000000953674316,-5.1282062254635195,0.0,2900.0,10730.000138282776,1.8313252361406709,5.1498999643325805,7.025574997663498,-24.180328669774838,-52.92620884435847,-49.659862643648815,-50.66666603088379,15.62499976716936,0
HK.00116,490,12.920000076293945,12.9399995803833,-0.15455567803629755,0.38230843341506743,2686712.7,34712328.28897992,4.498522597795699,12.417981224060059,11.877804017066955,9.175482502035818,31.511768697901076,7.074870912424361,14.823712284752185,-4.265125272000535,0
HK.00117,490,3.384999990463257,3.5199999809265137,-3.835227022578646,1.7012212703816354,4471040.0,15134470.35736084,9.789667271480953,2.948700008392334,1.8331250104308128,-7.260276656992752,-46.09872806729478,779.2207985226718,867.1428708884184,483.62070480439144,0
HK.00118,490,0.20999999344348907,0.1979999989271164,6.060603323937324,8.298859157435272,705863.75,148231.3828719966,2.431150399377687,0.19453999847173692,0.21279499910771846,10.526313725600916,-1.8691626529275176,8.247416108001156,-16.00000262260437,-12.133891239476133,1
HK.00119,490,1.2100000381469727,1.215000033378601,-0.41152222998090987,0.5686675696807608,18681928.9,22605134.681659028,4.103424972800024,1.4581999945640565,1.8390889376401902,-18.51851673461596,-35.308615631922905,-39.151668821391105,-38.234358077563094,-21.711065060885513,0
HK.00120,490,0.05400000140070915,0.05400000140070915,0.0,3.311748381128585,188550.0,10181.70026410371,11.686383575806211,0.05268000021576882,0.07501500004902482,1.8867962988045544,-16.923071720896196,-39.32584217929311,-40.65933791519487,-54.99999782691395,0
HK.00122,489,1.3300000429153442,1.399999976158142,-4.999995316777831,0.8684452621895125,7088.75,9428.037804216146,0.9883783138003733,1.4418000125885009,1.4550000113248824,-10.135133393582352,-4.999995316777831,-9.52380836531305,-9.52380836531305,-32.14285627398479,0
HK.00123,490,3.055000066757202,3.125,-2.2399978637695312,0.28555889370072807,14872046.85,45434104.11956624,5.144295378591016,3.543899998664856,4.027574988603592,-17.543856149359044,-28.953489971006086,-29.931193275108892,-24.004973103181513,-33.66874270224626,0
HK.00124,490,0.1899999976158142,0.19599999487400055,-3.0612231709717466,0.4657982499577619,874186.6,166095.45191577674,2.6942787291513772,0.19919999957084655,0.22151999935507774,-3.5532991852165954,-17.39130688299524,-18.45493501846497,-17.030569504155732,-30.909093273572637,0
HK.00125,489,0.29499998688697815,0.29499998688697815,0.0,0.0,18300.0,5398.4997600317,2.0721034315225437,0.29949999928474424,0.3287749996781349,-6.349209803242228,0.0,-18.05556245424102,-15.714288025486264,-25.316461044480075,0
HK.00126,490,0.08799999952316284,0.08799999952316284,0.0,1.2903225806451613,125400.0,11035.19994020462,4.183177372308697,0.09696000128984451,0.11838500026613474,-5.376346842624273,-27.86885366039997,-26.666665424903208,-39.31034341011542,-26.050422272602336,0
HK.00127,490,1.0449999570846558,1.0499999523162842,-0.47619004368509765,0.15847265231569632,169251.4,176867.7057365179,1.6149104439817492,1.0812000298500062,1.1898000091314316,-3.2407485592509335,-6.696432800393305,-18.35937652795113,-16.40000343322754,-20.833339730296217,0
HK.00128,490,0.5,0.30000001192092896,66.66666004392862,,87800.0,43900.0,0.09999990463256836,0.3040000116825104,0.3010000118613243,66.66666004392862,66.66666004392862,66.66666004392862,66.66666004392862,66.66666004392862,1
HK.00129,490,0.17000000178813934,0.17399999499320984,-2.298846735729269,0.35912456973189105,154864.3,26326.931276918946,0.8346279578436049,0.18075999915599822,0.21062999911606312,-2.298846735729269,-11.458333171645387,-22.374427266376497,-31.999999284744263,-46.87499825377014,0
HK.00130,490,0.17499999701976776,0.18000000715255737,-2.777783296726149,0.11461318051575932,35100.0,6142.499895393848,0.2953756596573145,0.17864000171422958,0.17868000142276286,-2.234641336136306,-12.500002793967683,-5.405408235428679,12.903223015391266,25.899279727173674,0
HK.00131,490,1.2999999523162842,1.3049999475479126,-0.38314141245931693,0.1201061738576902,25127.9,32666.26880180836,0.6599205418758053,1.3149999928474427,1.2572830486297608,0.7751930820906612,-2.985080601935728,3.155715308807642,13.735790053125838,-4.672396071994208,0
HK.00132,489,0.15399999916553497,0.1550000011920929,-0.6451625928174096,0.0,53750.0,8277.499955147505,1.7405304382408306,0.16600000083446503,0.19389033690094948,-3.749998370185458,-19.35251275894109,-18.94104876275423,-30.92367671385196,-36.44978342626777,0
HK.00135,490,7.590000152587891,7.429999828338623,2.1534364461088322,1.145258781164081,11851208.2,89950672.04635085,2.7248079973002026,7.122200012207031,7.33508421421051,8.661417430339963,10.000000691068335,-9.196112042118022,5.0380211702234785,9.168731405859347,1
HK.00136,490,1.5149999856948853,1.475000023841858,2.71186177670977,0.5068264729384963,167595237.1,253906781.8090309,5.836463922127767,1.4281999969482422,1.747100003361702,7.8291826722463975,13.059697608741777,-17.213117477234448,-32.96460212000535,-46.085408663876805,1
HK.00137,490,0.6299999952316284,0.6600000262260437,-4.545459060957758,18.086124401913874,19050.0,12001.499909162521,0.4280719900756629,0.6596000099182129,0.6569000011682511,0.0,6.779664955205086,-3.076920255401327,-8.695652549493667,-12.50000413921128,0
HK.00138,490,0.2800000011920929,0.29499998688697815,-5.084741139541855,1.9941102229701304,6535.0,1829.800007790327,1.0172414147471145,0.31280000388622287,0.522024999409914,-6.666669978035689,-35.63218398679435,-56.24999883584676,-60.56337892193328,-65.00000037252902,0
HK.00139,490,0.10199999809265137,0.09700000286102295,5.154634107374385,1.1648350794089677,5528975.65,563955.5057543159,6.384650564958373,0.11162000022828579,0.14453410604968667,-2.857141640721497,-17.073174572974224,-38.55421567779954,-29.820113588188224,-67.76111428706801,1
HK.00142,490,4.90500020980835,4.96999979019165,-1.3078386947133915,1.2261483144579457,2954431.5,14491487.127364397,1.9510113740364514,5.079686441421509,5.374180517196655,-3.313535218336958,-0.14820712382371273,-13.766545074773859,-13.33321481789035,-21.369985799018114,0
HK.00144,490,16.3700008392334,16.59000015258789,-1.326095909168357,1.5612273940849355,3728645.3,61037926.69020367,2.9612024336253153,15.197400035858154,15.121801705360413,7.414705282717507,18.451528225172034,-0.284046448937225,11.196412214432765,17.527508766879972,0
HK.00145,490,0.22200000286102295,0.23800000548362732,-6.722690022671052,0.4688456858650412,2445224.8,542839.9125958442,5.442756694170541,0.20194000124931336,0.21663000002503396,1.8348661479239674,25.42372966970187,3.2558135666545565,-4.3103408409496256,3.738318342695649,0
HK.00146,489,1.600000023841858,1.600000023841858,0.0,0.0,11450.0,18320.000272989273,1.6096736575172184,1.4824000024795532,1.6683129942417145,11.888117659406376,2.5641078544558447,-11.111107431811954,-15.343913441692687,13.475181682147952,0
HK.00147,490,0.1770000010728836,0.1850000023841858,-4.324324977406619,0.11015340759221438,109119775.0,19314200.292072818,19.826066581019962,0.09265999987721443,0.114464999884367,227.77777126235256,152.85714331330084,59.45945837098897,4.1176465947735315,-72.34374921419656,0
HK.00148,490,53.95000076293945,52.75,2.2748829629183946,0.9278674873168973,26981092.2,1455629944.7749398,6.33565124020056,51.81080024719238,47.41525092124939,5.268294171589177,-42.422622710713384,44.97970769651858,85.46423631972537,112.53647397148715,1
HK.00149,490,0.06199999898672104,0.06400000303983688,-3.1250061845636785,0.0068728309463017756,2799851.45,173590.78706296944,3.8595368616506427,0.06498000085353851,0.06753000056371093,-8.82353585690328,-1.5873047785303125,-6.0606070868568365,-15.068493290496917,-24.39024722661231,0
HK.00150,490,0.14900000393390656,0.15199999511241913,-1.9736784703800687,1.3938305859311246,127020.0,18925.98049968481,3.578912876148906,0.15480513691902162,0.1656498545408249,-3.364968308971677,1.858554100936041,-11.323143154841588,-16.249639740698736,-7.712699804880218,0
HK.00151,490,2.8399999141693115,2.8350000381469727,0.17636246755068516,1.794357657083903,15483949.6,43974415.53500194,3.03873103887035,3.191566390991211,4.095658941268921,-9.974085422651573,-29.280843408528767,-37.556488051734526,-37.28963920159132,-47.778561149968944,1
HK.00152,490,5.195000171661377,5.045000076293945,2.9732426778796333,1.4101239181314804,6675394.7,34678676.612407446,3.0049758659477983,5.5264999961853025,6.9385267972946165,1.962716105744236,-12.981568605807173,-36.9782925265164,-35.58756550351431,-31.10670106176333,1
HK.00154,490,0.44999998807907104,0.44999998807907104,0.0,0.14657210401891252,209450.0,94252.49750316143,3.880989573714548,0.41290000021457673,0.5047499984502792,7.142857649699376,-1.0989065691980104,-28.57142992300783,-15.09433728853283,-21.052632679679512,0
HK.00156,490,1.034999966621399,0.9900000095367432,4.545450166784631,0.8580056118632732,65879.75,68185.5390510261,1.8885075322474707,0.9941000056266784,0.9502249976992607,5.612239436475804,2.4752451875445414,7.812498932859525,26.219509225527045,27.777773280856717,1
HK.00157,489,0.44999998807907104,0.44999998807907104,0.0,0.0,33000.0,14849.999606609344,0.8649947451564906,0.4595000034570694,0.47587500274181366,-3.2258097595362787,-1.0989065691980104,-10.000002384185791,-8.163269526359606,-19.642859613712943,0
HK.00158,490,58.5,59.0,-0.847457627118644,1.25,425.0,24862.5,0.0847457627118644,57.73199996948242,58.87718002319336,0.8620689655172413,3.639045760492901,-3.657145269574116,-1.8230384708607181,-1.1947088217380835,0
HK.00159,489,0.04800000041723251,0.04899999871850014,-2.0408129131033443,0.16312654938110385,1860728.0,89314.94477635622,6.730390289505397,0.0634400000423193,0.07829000052064657,-19.99999751647308,-44.82758413975166,-40.7407404000649,-46.067416200642626,-58.260869959577036,0
HK.00160,490,0.6549999713897705,0.6499999761581421,0.7692300638503318,1.2605777648088707,182150.0,119308.2447886467,1.2983717633763099,0.6967671549320221,0.8827939656376839,-5.0423305729349615,-29.286840615931876,-34.83296920145232,-30.03118999383535,-37.29210356175421,1
HK.00162,490,0.03700000047683716,0.03799999877810478,-2.6315745616387045,0.3229203229203229,139750.0,5170.750066637993,5.2116420614408385,0.03706000030040741,0.04208000024780631,-9.756098890644923,-24.489792970407436,-21.27659203456816,-9.756098890644923,-27.450978100551872,0
HK.00163,490,0.11800000071525574,0.11800000071525574,0.0,6.230799186534551,113666.25,13412.617581300437,1.25442253734535,0.13901999980211258,0.17718999974429608,-15.107912280829645,-24.840766386626083,-45.116279650018164,-40.703517512683206,-34.44444665202379,0
HK.00164,490,0.44999998807907104,0.4650000035762787,-3.2258097595362787,0.7385048034814101,391226.2,176051.78533622026,4.625157563142842,0.46349999666213987,0.4424249969422817,-4.255321442460307,-11.76470656983444,8.433734247587214,26.760563853240598,7.142857649699376,0
HK.00165,490,6.210000038146973,6.289999961853027,-1.2718588901626446,0.4481308270276015,6631910.1,41184161.97398729,3.804841261558804,5.969099998474121,7.347067074775696,2.899754683670883,15.21336163215967,-22.497887087327413,-34.16399387587742,-25.140133968510753,0
HK.00166,490,0.03500000014901161,0.03500000014901161,0.0,0.4587272186595297,952226.25,33327.91889189277,5.612514418317099,0.03203999996185303,0.038600000217556954,12.903228132335293,2.941171314477376,-16.666665188376843,-16.666665188376843,-20.454544684857375,0
HK.00167,490,6.184999942779541,5.985000133514404,3.3416842907854107,0.11452508990219558,150870.8,933135.8893671035,2.626521528190799,6.125100021362305,5.486225000619888,-4.846154726468599,-11.642857960292272,-21.008939935569128,79.79650697381263,645.1807309813244,2
HK.00168,490,40.15999984741211,39.63999938964844,1.3118074313075405,0.35367606975815713,3859465.05,154996115.81909236,2.258483656186425,43.5884001159668,46.602878131866454,-8.477668938358823,-13.948325361667541,-12.892475850519999,-14.225577614721027,-14.569638906966892,1
HK.00169,490,0.08699999749660492,0.0860000029206276,1.1627843511822382,0.66771644005693,638560.0,55554.71840143204,3.0026911234639946,0.09282000020146369,0.10441999997943639,-5.434785513577022,-23.008850432756763,2.3529371547039415,-22.32143320428307,-40.89674214259864,1
HK.00171,490,0.04800000041723251,0.04899999871850014,-2.0408129131033443,0.5402320715236827,529400.0,25411.200220882893,8.482482127303458,0.042120000049471855,0.06684999981895089,17.073168515591792,0.0,-43.5294118678281,-42.16867199499895,-50.0,0
HK.00173,490,2.0299999713897705,2.0399999618530273,-0.49019562011037376,0.677183988485468,495640.05,1006149.2873196244,1.5503506421528594,2.0266370844841,2.190106464624405,-1.9138715743616894,-3.2770405974750174,-19.523477541548576,-2.8208027224300993,-5.491501109535434,0
HK.00174,489,0.1720000058412552,0.1720000058412552,0.0,0.0,7600.0,1307.2000443935394,0.6509664313299547,0.1997400015592575,0.21054999977350236,-8.510632058137357,-27.731091647774125,-21.818178739429488,-24.22907167996874,-42.666666997803574,0
HK.00175,490,16.59000015258789,16.1200008392334,2.915628342962564,0.8512456112498946,42473811.95,704640546.7314894,3.1343759182986286,18.308799934387206,18.30648687839508,-11.140867248024893,-12.175750721945112,12.329300508785105,-6.4334003945358775,-9.081037721185368,1
HK.00176,489,0.013000000268220901,0.013000000268220901,0.0,,0.0,0.0,0.0,0.013000000268220901,0.013000000268220901,0.0,0.0,0.0,0.0,0.0,0
HK.00177,490,10.210000038146973,10.039999961853027,1.693227857966738,1.0423937293815075,3470550.7,35434322.779391006,1.8273711747431136,9.737599983215333,9.67418845653534,9.197856915403278,-2.179836985293298,8.024070506294297,11.260332875999667,18.22174022461329,1
HK.00178,490,1.090000033378601,1.0299999713897705,5.82524889858715,1.8001117374786042,6256767.05,6819876.293342131,4.290375001406567,0.9025942349433899,0.7308397433161735,26.703178172137388,38.915534318214036,80.15609511588029,92.16648378773546,89.42534112462752,2
HK.00179,490,18.40999984741211,18.049999237060547,1.9944632995463154,0.47695745835975156,3268617.45,60175246.75574856,4.032971276849487,19.103763160705565,24.191171445846557,-12.913905492225886,-13.02820486620399,-31.62000466581044,-39.11974450348063,-36.42835906831638,1
HK.00180,489,0.19499999284744263,0.21299999952316284,-8.450707378411423,0.6521739130434783,19000.0,3704.99986410141,1.603745027109183,0.19631999790668486,0.19831499986350537,-2.0100543151066925,-6.69857083608987,-7.582939794363972,1.5624953918935511,-12.946434451590052,0
HK.00181,490,0.09000000357627869,0.09000000357627869,0.0,0.1520912547528517,132500.0,11925.000473856926,2.7363466215039636,0.09640000104904174,0.11172000005841255,-10.891088670684423,-24.369746636438595,-30.23255169230417,-3.225804901023846,-9.999997764825855,0
HK.00182,490,0.3400000035762787,0.33000001311302185,3.030300019967555,0.4416076782034711,12639794.4,4297530.141203428,5.786111766003834,0.33340000033378603,0.3367995498329401,13.33333002196431,-17.460884651503335,12.307312625525507,7.042919694824891,-13.28169282909933,1
HK.00183,490,0.15000000596046448,0.14499999582767487,3.448282949422888,1.941747572815534,4520.0,678.0000269412994,0.5405406221758272,0.14339999794960023,0.15696499891579152,7.91367446344027,2.7397316198766797,-13.294790717489219,-12.790697170728748,-21.874997574680815,1
HK.00184,490,2.359999895095825,2.380000114440918,-0.840345310226634,0.20833333333333334,38800.0,91567.99592971802,0.5946882508110265,2.3547999906539916,2.234629579782486,-2.2774355124627266,1.72413633637985,9.988830617176182,15.69580424688876,-1.446871273538839,0
HK.00185,489,0.06300000101327896,0.0689999982714653,-8.695648418106726,0.18932760301788198,10663.7,671.8131108053029,8.89216060610928,0.06968000054359436,0.09294999957084656,-20.253166944585885,-17.105259159141173,-32.25806503299205,-39.42307719861614,-48.780488395842184,0
HK.00186,489,0.35499998927116394,0.35499998927116394,0.0,0.0,67519.5,23969.421775594354,0.7347557637419446,0.26755999758839605,0.18450000170618297,1.4285700905079517,133.55263203041955,124.68352717259627,124.68352717259627,82.98967979402602,0
HK.00187,490,2.7300000190734863,2.740000009536743,-0.3649631543230379,0.11363453200303025,1480340.0,4041328.2282352448,2.7893943856865464,2.9386000061035156,3.8485500192642212,-13.60759667967431,-13.05732713799386,-49.908254777689756,-33.414632132335576,-41.29032337454676,0
HK.00188,489,0.22100000083446503,0.22100000083446503,0.0,0.0,65825.0,14547.32505492866,0.39071748690577957,0.23209999978542328,0.24172538049519063,-1.7777748049040583,-7.531377544435701,-16.421816417032005,-8.063997022552405,-12.939388421448466,0
HK.00189,490,12.319999694824219,12.510000228881836,-1.5187892132804521,0.34987182731216077,28988364.45,357136641.1774532,5.687623784165532,13.108800010681152,12.88423607826233,-7.853404635171067,-22.320302890817818,-4.093043835905263,15.600558063069073,0.8371104935270761,0
HK.00191,490,0.47999998927116394,0.4950000047683716,-3.0303061318608857,2.7610619469026547,93000.0,44639.99900221825,1.6583921203832315,0.549099999666214,0.6539499992132187,-14.285716566504256,-22.580647487173948,-34.246578530178894,-33.33333747254461,-21.311479013986766,0
HK.00193,490,0.19499999284744263,0.19499999284744263,0.0,4.249205803201068,10296.35,2007.788176354766,0.2569746198253863,0.1953999975323677,0.20345999948680402,2.094237284062865,-5.339809406914978,-5.797105935377192,7.734806084020818,-12.16216651604412,0
HK.00194,490,4.210000038146973,4.239999771118164,-0.7075409101562271,0.34998687549216906,11629.0,48958.090443611145,0.14471419154117962,4.229261903762818,4.294027879238128,0.35451964236594974,-2.0348739475751243,-12.758740592969147,0.9955063971183654,-2.305008309431523,0
HK.00196,490,0.10999999940395355,0.10899999737739563,0.9174330739619837,0.04526593738211995,1955850.0,215143.49883422256,7.068640106214913,0.1220999988913536,0.16925999909639358,-12.000000476837158,-35.67251640347673,-46.85990425104209,-35.67251640347673,-53.781513920376455,3
HK.00197,490,0.46000000834465027,0.49000000953674316,-6.122449103716459,1.8477965658630606,1988366.8,914648.7445922255,7.70844644015261,0.36530000329017637,0.30913999989628793,27.77777501830359,55.93221314985608,55.93221314985608,58.620697096894034,46.031749786132856,0
HK.00199,490,2.3450000286102295,2.3499999046325684,-0.21276069043588397,0.683579667472154,2739768.2,6424756.507385397,5.59391845682506,2.4486999988555906,1.57817499935627,-13.786764560866729,10.09389214167928,125.48078025233858,123.33334620036835,1011.3744450023553,0
HK.00200,490,3.0399999618530273,3.065000057220459,-0.8156637814259406,0.7411378970630959,3291407.05,10005877.306442784,3.337319091004782,3.341800012588501,3.9448999989032747,-10.456554376079993,-18.716578767346626,-23.809524947695802,-29.30232960446692,-48.21124325177929,0
HK.00201,490,0.05999999865889549,0.05999999865889549,0.0,6.242416019168059,3162739.2,189764.34775843623,2.0027834449391593,0.06462000027298927,0.06844500038772822,-4.761908422431829,-14.285716566504256,-13.04347802613167,-14.285716566504256,-15.492962402167846,0
HK.00202,490,0.06400000303983688,0.05999999865889549,6.66667411724743,0.3979649519502544,534562.5,34212.001624982804,8.126184929370636,0.05142000034451485,0.08635500049218535,52.38096167305982,14.285716186372543,-33.333330746326205,-49.206347610734845,-74.39999878406525,3
HK.00205,490,0.6000000238418579,0.5799999833106995,3.448282949422888,0.693524217617992,204867.5,122920.50488442183,6.38495077232446,0.5984999978542328,0.6999999995529652,3.448282949422888,-14.285709420028917,-22.077917051387566,-14.285709420028917,100.0,1
HK.00206,490,0.20800000429153442,0.20000000298023224,4.000000596046439,3.750277716063097,533700.0,111009.60229039192,4.871205424113466,0.24141999900341035,0.35651499778032303,-7.964598268972953,-42.2222233260119,-60.75471405288664,-19.999995415027158,-22.96296443468253,1
HK.00209,490,0.4000000059604645,0.4000000059604645,0.0,0.18696273929303775,12476016.65,4990406.734362855,41.381089671633084,3.7809000039100646,3.42875748693943,-93.10344839989075,-92.72727261890064,-88.73239404694992,-74.35897303638603,-89.56975222994417,0
HK.00210,490,0.28999999165534973,0.3149999976158142,-7.936509888789085,1.0492332526230832,391100.0,113418.99673640728,3.8536820716802955,0.3249000030755997,0.3665026371181011,-14.705885704413383,-19.444449963392817,-19.444449963392817,-24.41701323550955,-38.159374902090924,0
HK.00211,490,0.26499998569488525,0.2549999952316284,3.92156496088299,4.166168712110766,11829.4,3134.7908307790753,1.448169141913382,0.2583199918270111,0.25702499501407144,1.9230751596258298,3.92156496088299,7.72356844518078,-5.357148369051949,-7.017547712211622,1
HK.00212,490,28.600000381469727,28.600000381469727,0.0,8.181818181818182,775.0,22165.000295639038,0.2486686077354972,28.5056001663208,28.533846969604493,0.2805046368233042,0.35087853147272474,-0.015143121502112302,-0.3484267529913641,10.723966186393374,0
HK.00213,489,0.36000001430511475,0.36000001430511475,0.0,0.0,28048.75,10097.550401240587,0.5770546424203951,0.34027941048145294,0.35622112199664113,11.455108016344589,0.9120650590480632,-6.656343914257584,6.678462920355241,-0.4334340214673685,0
HK.00214,490,0.2290000021457672,0.23000000417232513,-0.4347834819205834,9.147283927571403,3903.55,893.9129583761096,0.2945612547559512,0.20127999782562256,0.24815999887883664,8.01887021221995,0.0,-19.649121045846115,-19.649121045846115,-27.301586070148424,0
HK.00215,490,1.1299999952316284,1.1399999856948853,-0.8771921569070334,1.3593586759648049,1845090.75,2084952.5387019217,1.1299675192077216,1.1267894434928893,1.1036750218272209,1.9961450944858583,3.833916594845245,2.1074417866656296,3.8679129918730117,12.899907039564463,0
HK.00216,489,0.44999998807907104,0.44999998807907104,0.0,0.0,6000.0,2699.9999284744263,0.21627287946223936,0.4782999968528748,0.5726750019192696,-6.250000388051082,-21.052632679679512,-32.835824347785085,-21.052632679679512,-29.68750029103831,0
HK.00217,490,0.11500000208616257,0.11299999803304672,1.7699151220612817,9.89389357071735,588679.05,67698.0919780802,4.665682462359907,0.11746000036597253,0.13066094640642403,0.0,-8.352163595991945,-13.743216411492156,-6.897432173126064,-20.737001774130963,1
HK.00218,490,0.8999999761581421,0.9200000166893005,-2.1739174096029172,0.8899876390605687,617750.0,555974.9852716923,4.5779189561864175,0.9526999974250794,1.13122499614954,-6.250000388051082,3.448272554637248,-23.728812189493883,-35.251799610039825,-51.87165915170032,0
HK.00219,489,0.6949999928474426,0.6949999928474426,0.0,0.0,1306.9,908.2954906523229,0.17985637424513287,0.7111000084877014,0.6807750076055527,-3.472227051302047,2.2058802260453536,0.7246369925949435,13.934422385080783,19.827588421694653,0
HK.00220,490,7.105000019073486,7.445000171661377,-4.566825315626802,0.820017073186482,8288311.1,58888450.52358699,2.821893090250832,7.551000003814697,7.419823977947235,-9.548058538241278,-2.6712351584438387,-5.109169004187477,-5.344635956862316,-19.945192982380732,0
HK.00222,490,2.740000009536743,2.690000057220459,1.8587342473125619,0.21352313167259787,113000.0,309620.001077652,2.6507488184474197,2.9923999977111815,2.9452832627296446,-8.36120398670948,29.955256754626586,-12.28019945878459,-22.026840656930577,-14.419704717865741,1
HK.00223,490,0.09300000220537186,0.09099999815225601,2.1978066964018526,0.07205738673765054,574754.15,53452.13721754663,3.922425314712737,0.08216000035405159,0.1136600000038743,17.721516360955526,-16.216215309157477,-34.042552854206406,-33.57142727898092,-14.6788950064157,4
HK.00224,490,0.5950000286102295,0.5950000286102295,0.0,4.411764705882353,16600.0,9877.00047492981,1.1172816460850765,0.5517000043392182,0.5560999998450279,6.2500046566128535,14.423086622057937,-4.0322541880434235,10.185186105009914,-8.461530702353649,0
HK.00225,489,5.099999904632568,5.099999904632568,0.0,0.0,2059.6,10503.959803581238,0.019353236063512254,5.272900009155274,5.442284173965454,-5.0279327128589575,-2.1055569173013122,-8.3875503053784,-9.516572621379247,-2.531320959537668,0
HK.00227,490,0.1420000046491623,0.14800000190734863,-4.054052149230698,0.5865102639296188,205400.0,29166.800954937935,2.320232393337051,0.1636200001835823,0.21444999933242798,-14.457825268797658,-24.064171250832114,-39.31623664929174,-43.19999814033508,-59.99999748149381,0
HK.00228,490,0.8199999928474426,0.7549999952316284,8.609271261766391,0.21802581144283856,266145.0,218238.89809638262,4.098322635700902,1.050300009250641,1.4335250014066696,-21.904759039413772,-39.25926086179838,-55.91397921823189,-47.09677302750535,-39.70588351306617,1
HK.00229,490,0.8100000023841858,0.8199999928474426,-1.219511042741837,3.2967032967032965,76500.0,61965.00018239021,1.285465257983431,0.7955496871471405,0.8534450322389603,3.7744544404200906,-1.2267194521773406,-8.80776079320444,-7.816543760320958,-5.812081256052851,0
HK.00232,490,0.4749999940395355,0.4749999940395355,0.0,0.5306945489391496,33689418.6,16002473.634195417,1.5936977530256784,0.4479999977350235,0.2518307235836983,3.260866396255947,18.749996740371035,220.23515401655808,191.47152075965977,226.68282075662546,0
HK.00234,490,0.028999999165534973,0.028999999165534973,0.0,0.14895377124979892,3079352.5,89301.21993038803,7.16794144933113,0.028280000165104867,0.0318500002566725,7.407401530749339,-3.3333339542150635,-12.121214173713673,-17.142859879805105,-14.705889442593609,0
HK.00235,490,0.019999999552965164,0.01899999938905239,5.263158926673246,1.2769973663018166,5736027.5,114720.54743579589,6.052632716657246,0.020159999579191207,0.025129999900236726,-4.761905606641802,-9.090910630285256,-23.076926383393687,-33.33333333333333,-25.925929503022143,1
HK.00236,489,1.0800000429153442,1.0800000429153442,0.0,0.0,37400.0,40392.001605033875,1.28865140928093,1.0951999950408935,1.162437030673027,3.846161781683767,-9.243698236624217,-11.441115316223954,-7.841158823273307,-5.537196442074014,0
HK.00237,489,2.0399999618530273,2.0299999713897705,0.4926103745908273,1.57864964063795,24604.3,50192.77106142044,0.3187936365485109,2.128497838973999,2.0918021899461747,-2.9549231119780814,-5.16049841952268,-5.16049841952268,3.804434627917482,0.8460152330121907,1
HK.00239,490,2.4549999237060547,2.450000047683716,0.20407656836847252,0.5250262513125656,73175.0,179644.61941719055,1.6275674451813933,2.419299964904785,2.338736298084259,2.29165942304693,10.709757356026737,9.296445955130254,7.918741516622259,10.586732748679072,1
HK.00240,490,1.350000023841858,1.3550000190734863,-0.3690033329333297,0.6600543366159249,432707.5,584155.1353165507,1.6944376861016395,1.4002020597457885,1.4391953736543655,-3.895522747778788,-8.637516716061878,-14.841454296454451,5.548622821652835,14.464038693273212,0
HK.00241,490,3.0,3.0199999809265137,-0.6622510282393388,0.5461159829761218,66489869.0,199469607.0,2.4402558616653494,3.209759430885315,4.307638019323349,-8.536584568052042,-6.204241822257919,-35.64515936002517,-38.609687783949866,-49.94623847110565,0
HK.00242,490,0.5,0.4950000047683716,1.0101000370632516,0.6266958965683083,1928311.3,964155.65,4.011503561281358,0.4965000009536743,0.5916750019788742,1.0101000370632516,-10.714286094417377,-20.634920034218744,-24.242427252759718,-29.577462660417304,1
HK.00243,489,0.4449999928474426,0.46000000834465027,-3.2608728750215663,0.4103175487401684,166923.85,74281.11205606759,3.946410673124297,0.45509999930858613,0.44029999896883965,0.0,-24.576269046084192,17.105262745120182,23.611104212425648,12.658222977348501,0
HK.00244,489,0.3199999928474426,0.3199999928474426,0.0,6.687398193395528,450550.0,144175.99677741528,4.470639335675314,0.2876999980211258,0.31523000106215476,8.474578668385705,6.666660043928621,-12.328771373571856,0.0,-8.571429057997108,0
HK.00245,490,0.9850000143051147,0.9850000143051147,0.0,6.61670401761326,450311.9,443557.2279417634,1.5937737948879243,1.0017999911308288,1.0438499930500984,-2.4752451875445414,9.444448933189417,-5.288456688971031,-9.633028977808808,-13.596488889014372,0
HK.00247,489,19.350000381469727,19.350000381469727,0.0,,0.0,0.0,0.0,19.350000381469727,19.589840908050537,0.0,0.0,9.857099654883227e-06,-2.985074484136464,0.5436009055588321,0
HK.00248,490,0.21899999678134918,0.21899999678134918,0.0,4.084416724869605,7241.65,1585.9213266916572,0.0,0.2297399976849556,0.27492378853261473,1.8604619249000895,-15.76922891760712,-30.476190971769533,-39.51512558000795,-11.162675371291385,0
HK.00251,489,1.2200000286102295,1.2200000286102295,0.0,0.0,658.5,803.3700188398361,0.0,1.2394000101089477,1.2954531252384185,-1.6129016752173695,-3.9370041785203256,-10.123738899505396,-3.1565868762112403,-5.9311673757759635,0
HK.00252,489,1.6200000047683716,1.6200000047683716,0.0,0.0,1500.0,2430.0000071525574,0.0,1.5938836717605591,1.576652774810791,-4.069773187655689,3.124996917149912,3.124996917149912,3.124996917149912,4.4303785309158465,0
HK.00253,490,0.6200000047683716,0.6200000047683716,0.0,,1000.0,620.0000047683716,0.0,0.6321999955177308,0.6343499988317489,-3.124997089616889,-4.61538038310199,-8.82352966957026,8.77193202602569,5.084751242024469,0
HK.00254,490,0.21299999952316284,0.21899999678134918,-2.739724815693386,0.03696823311290207,12427115.65,2646975.62752429,12.009478872794736,0.16887999922037125,0.5272050021588802,53.23741130592921,-78.70000004768372,-69.99999916049794,-64.50000149011606,-35.454548163847385,0
HK.00255,490,1.4049999713897705,1.399999976158142,0.3571425226269879,0.8080808080808081,19900.0,27959.499430656433,0.4273169826454244,1.3849508452415467,1.3660579138994218,2.453335289793744,6.112395826627778,11.821999324475614,-2.4098793776883665,-1.3231627876446759,1
HK.00256,490,0.11299999803304672,0.10899999737739563,3.669725460452727,0.943838829860632,3114100.0,351893.2938747108,6.970275308129027,0.08672000005841256,0.12015500009059905,37.804871843657025,31.395342087765236,5.607474032463781,-43.21608166255624,-63.548388011621746,5
HK.00257,490,5.010000228881836,5.054999828338623,-0.890199821660067,1.0286072308183403,7577979.45,37965678.77896185,2.2420231997431364,4.978499965667725,5.010753893852234,-1.6682937156041993,1.417007507096331,1.128068244851476,5.933741478175852,18.97493015267612,0
HK.00258,490,2.190000057220459,2.200000047683716,-0.45454501120513113,0.5642178551194604,477349.1,1045394.5563141345,2.7344024080425955,2.1617000007629397,2.29058655500412,4.285721746432066,3.7914770664479396,-7.651088895691921,-3.4359891383535333,-24.441797933813326,0
HK.00259,490,2.7300000190734863,2.7899999618530273,-2.1505356128998296,0.17059708981435023,390900.0,1067157.0074558258,3.7330405276257737,3.169941210746765,3.6127651274204253,-15.757044034527217,-43.58119121095528,-18.11783688841702,-28.642533959210308,-25.50786352327843,0
HK.00261,490,0.25,0.25,0.0,0.10716506998663243,1289754.7,322438.675,3.456108271304638,0.22505999773740767,0.24122499838471412,4.166668994973155,35.869564953311176,-3.8461503192516595,4.166668994973155,9.170304653912401,0
HK.00262,489,0.0820000022649765,0.0820000022649765,0.0,1.8064516129032258,84500.0,6929.000191390514,2.0840567637029404,0.07967999994754792,0.0856300001591444,1.234570399524046,0.0,-1.2048127879974913,-17.99999895691873,20.588232071548358,0
HK.00264,490,1.809999942779541,1.8849999904632568,-3.9787823906186777,0.6455817519647307,4956800.0,8971807.716369629,5.551454642036849,1.935900011062622,2.040025005340576,-10.173704786699393,-19.19643146993249,-10.837439985755957,-22.317596478690493,-32.462690384570045,0
HK.00265,489,1.2200000286102295,1.2200000286102295,0.0,0.0,735.0,896.7000210285187,0.0,1.404499990940094,1.6050749856233597,-12.857139329520963,-20.77921695905455,-23.74999934807421,-35.78947137267303,23.23232493513931,0
HK.00266,489,1.9199999570846558,1.9199999570846558,0.0,,0.0,0.0,0.0,1.904399971961975,1.9620499777793885,0.0,1.5873000855468575,-6.796115999206506,-5.88235328491722,0.7173097021596395,0
HK.00267,490,13.329999923706055,13.487310409545898,-1.1663592003377063,0.5691833424194331,19618257.5,261511370.97824574,2.879736883576629,12.100266571044921,11.801141343116761,11.870226062803797,10.616188554477977,19.01033930525638,14.011518350059896,29.971893933772492,0
HK.00268,490,7.519999980926514,7.570000171661377,-0.6605044861430936,0.4185064728797614,64722032.15,486709680.53352517,5.221161000068869,7.862299976348877,9.80957498550415,-5.646170904783873,2.592088120028176,-19.572195998729523,-46.85512237697432,-51.515152353620216,0
HK.00269,489,0.009999999776482582,0.009999999776482582,0.0,21.334792122538293,472250.0,4722.499894443899,0.0,0.009999999776482582,0.009999999776482582,0.0,0.0,0.0,0.0,0.0,0
HK.00270,490,8.864999771118164,8.545000076293945,3.744876441978991,1.9021006841150776,9800211.25,86878870.48815966,2.1328874127637185,8.02033688545227,7.417433080673217,11.88262732065592,13.128723480965807,24.681674047584014,37.44148503101318,31.789956410164255,1
HK.00271,489,0.14399999380111694,0.14399999380111694,0.0,0.0,20840.0,3000.959870815277,1.7157043853575211,0.15502000242471695,0.17285500086843966,-8.860767611592008,-15.29412218443658,-17.24138049157048,-21.739133955850935,-12.195128156342978,0
HK.00272,490,0.45500001311302185,0.46000000834465027,-1.086955465418649,0.06569866725311993,16029825.0,7293570.5851994455,4.418229226467199,0.44007843494415283,0.5289647057652473,7.33117376505577,9.716317816031655,-21.631201559977388,-28.445884156629486,-33.28062272777012,0
HK.00274,489,0.49000000953674316,0.49000000953674316,0.0,,0.0,0.0,0.0,0.49000000953674316,0.49000000953674316,0.0,0.0,0.0,0.0,0.0,0
HK.00276,489,0.5400000214576721,0.5350000262260437,0.93457850215429,2.1043623431373235,43580.8,23533.63293514252,1.6997984530456436,0.5374000048637391,0.6106999990344048,2.857151615376773,1.8868020014566025,-20.588232973867658,-20.588232973867658,-20.588232973867658,1
HK.00277,489,1.1360000371932983,1.1360000371932983,0.0,,0.0,0.0,0.0,1.2083088874816894,1.4293790018558503,0.0,-25.806449101385674,-25.806449101385674,-21.768710387004166,-32.995957380759606,0
HK.00279,490,0.375,0.375,0.0,0.1256151568510822,2980827.15,1117810.18125,6.208748368193748,0.3805999958515167,0.5168249994516373,0.0,-11.764708357286219,-36.44067514083113,-35.34482572577649,-59.677419664956524,0
HK.00280,490,0.6399999856948853,0.6200000047683716,3.225803350434739,0.6557699881843245,1034600.0,662143.9851999283,1.9387052866146262,0.6248999977111817,0.5413323016464711,0.0,30.612239436475804,20.75472080058264,27.99999713897705,35.92158704459592,1
HK.00285,490,23.31999969482422,23.860000610351562,-2.2632057909213406,0.682108180524102,13145438.15,306551613.64633065,4.499070519270456,23.85959991455078,28.542020120620727,-3.4768218455840225,-4.816327776227679,-20.12349685992156,-33.43624448414161,-42.8620591966533,0
HK.00286,489,1.309999942779541,1.309999942779541,0.0,,0.0,0.0,0.0,1.309999942779541,1.309999942779541,0.0,0.0,0.0,0.0,0.0,0
HK.00287,489,4.355000019073486,4.355000019073486,0.0,,0.0,0.0,0.0,4.358600101470947,4.223100030422211,-0.11468152036242248,-0.11468152036242248,6.479214097777495,6.74019854190674,4.4421342059737565,0
HK.00288,490,6.545000076293945,6.465000152587891,1.2374311186061044,1.9186523478999,52948279.15,346546491.0763831,2.8902336743675323,7.716736164093017,8.46473731994629,-15.82662610162858,-23.643404944749104,-26.608399793350756,-19.100522545463246,-12.977310152321692,1
HK.00289,489,13.100000381469727,13.100000381469727,0.0,0.0,21550.0,282305.0082206726,0.8631788703515827,13.286000061035157,13.435690007209779,-0.9077146984510006,-5.452095340377305,-0.619197129547239,0.028938918928208473,11.834022820697925,0
HK.00290,490,1.6299999952316284,1.6799999475479126,-2.9761877307950457,1.0172937225307295,26428370.0,43078242.97397971,5.640199906231648,1.7928999972343445,3.543475012779236,-15.762271657217406,-46.02648988323647,-57.98969208364313,-38.49056843125799,-23.831779657570777,0
HK.00291,490,18.299999237060547,18.34000015258789,-0.21810749833444995,1.237044135621836,17056103.35,312126678.29222584,2.585774895686079,21.227355308532715,23.789363737106324,-15.152669075715238,-19.922617355525997,-25.127481503632477,-27.548174064045515,-28.302879117880163,0
HK.00293,490,14.220000267028809,13.880000114440918,2.4495688024825766,0.6840599629198421,32040339.1,455613630.5576936,2.0059834138438104,14.02216022491455,12.325581150054932,-2.0072131150988564,24.427262868268624,17.884875523478147,21.151675964921246,45.45108782862023,1
HK.00294,489,1.0199999809265137,1.0,1.9999980926513672,0.0,21366.4,21793.72759246826,1.0845717299899684,0.9501999998092652,0.8541499960422516,-0.9708728874782327,25.925923200519225,29.11391812932563,22.891566438103197,11.893117786926702,2
HK.00295,490,0.017000000923871994,0.01899999938905239,-10.526308049950654,9.694454187614483,3783400.0,64317.8034953773,6.572903441770508,0.016740000415593384,0.01928500028792769,6.250000727595727,-5.5555463573075095,-50.0,13.333342025677558,-19.047613556828285,0
HK.00296,489,0.18700000643730164,0.18799999356269836,-0.5319080636368377,0.0,93207.4,17429.784400004148,1.4802434818608412,0.1939199995994568,0.2236399994045496,-6.499998174607781,-6.96517324415767,-24.291493506019496,-16.88888382617325,-28.076917962914905,0
HK.00297,490,1.284999966621399,1.3049999475479126,-1.5325656498372677,0.6197453488122452,23347279.3,30001253.12120048,3.4356204786146356,1.2987999868392945,1.453381804227829,2.799997329711914,-11.379315561119752,-19.883077358960772,-13.16359972877725,-4.541541547126198,0
HK.00298,489,0.09399999678134918,0.09399999678134918,0.0,0.0,57513.65,5406.282914883644,0.6655016196515924,0.0971400000154972,0.10837000016123056,0.0,-14.545457008456408,-17.543862515612723,-11.320756706278218,-27.131781602563372,0
HK.00299,489,0.10599999874830246,0.10599999874830246,0.0,,0.0,0.0,0.0,0.10599999874830246,0.10599999874830246,0.0,0.0,0.0,0.0,0.0,0
HK.00300,480,100.0,99.19999694824219,0.8064547140815094,0.7235589537893339,4316527.55,431652755.0,1.6207550260221575,96.26500030517577,86.5466957473755,4.712041884816754,16.060954669356622,23.561953868645286,17.750529361720478,25.495086215158697,1
HK.00301,490,6.809999942779541,7.0,-2.7142865317208424,0.9544386085916606,1016881.2,6924960.913813591,4.81221724538433,6.546399993896484,2.9503500026464464,-1.7316001231106875,245.68527126285238,369.65515302279397,408.20893829451546,449.193539548739,0
HK.00302,490,0.19099999964237213,0.18799999356269836,1.595747969360041,2.6507775032698735,774300.0,147891.29972308874,6.365691668526596,0.19364000022411346,0.2769750003516674,-5.445548023748319,-10.747664364855067,-39.365079019675775,-53.41463382722081,-59.789473254924985,1
HK.00303,490,48.63999938964844,50.599998474121094,-3.873516094027315,1.7213912051826314,1011358.1,49192457.366716005,1.9466270557068746,50.98239067077637,55.33761842727661,-7.1755763869081335,-2.935225946679052,-18.094345883861056,-16.497483270922643,-15.280025689704857,0
HK.00305,490,0.3499999940395355,0.3400000035762787,2.9411736347271384,0.8649932157394844,1212700.0,424444.9927717447,3.768551731980315,0.3876999992132187,0.4409091266989708,-12.500002793967683,-11.167519524869318,-25.193696780998877,-23.584959862432704,-42.68871989682453,1
HK.00306,490,2.7100000381469727,2.7100000381469727,0.0,0.21333333333333335,32200.0,87262.00122833252,0.5397457255726908,2.666806344985962,2.5494367480278015,3.752342321562083,18.138174062754803,2.9922540366456998,-0.9968804154614888,21.96900964812195,0
HK.00308,490,1.184999942779541,1.1749999523162842,0.8510630526872615,0.6278756076588844,7325104.0,8680247.820854187,2.275524672227305,1.1535999870300293,1.2151805621385574,3.043475421480001,4.867252015929315,-1.2500086923436844,-12.141550696106194,1.2880563850602944,1
HK.00309,490,1.0,0.9300000071525574,7.526880893449264,7.469654528478058,9193.75,9193.75,2.0189545102264423,0.9871999967098236,1.2911500015854835,-1.477831123772482,-16.66666997803569,-26.470589008710782,-40.476188617768955,-48.97959282973167,1
HK.00311,489,0.3100000023841858,0.3100000023841858,0.0,0.0,65700.0,20367.000156641006,1.5851872193149676,0.2811199998855591,0.2503799995034933,-3.124997089616889,0.0,30.801686861721816,40.90909275634231,29.70711797941744,0
HK.00312,489,0.04600000008940697,0.04600000008940697,0.0,0.0,154900.0,7125.400013849139,4.6486566433592635,0.05287999980151653,0.06371000008657575,-16.363635747885898,-23.333331470688144,-37.837838518131896,-43.20987659998919,-52.57732089419254,0
HK.00313,490,0.07000000029802322,0.06499999761581421,7.6923121009354265,3.125,27750.0,1942.5000082701445,0.8709024843994837,0.061520000249147416,0.07618499988690018,14.754097559733351,11.111109797075754,-12.49999767169351,-16.666665188376843,-13.580246800021634,1
HK.00314,490,1.5950000286102295,1.590000033378601,0.31446510230593494,0.9108982035928144,837650.0,1336051.7739653587,4.203991770429895,1.4575000071525575,1.8908250051736832,9.621991860176928,34.03360940467084,-24.407577824178382,-36.19999885559082,-69.79166732517756,1
HK.00315,490,4.829999923706055,4.824999809265137,0.10362931893420121,0.8205069844069379,395934.05,1912361.431292629,1.0227784456527316,4.81060001373291,4.839790413379669,1.4705817533261394,0.20746372797806312,-5.014751475475753,5.025976946684607,10.756433236714004,1
HK.00316,490,146.8000030517578,148.89999389648438,-1.410336420958137,0.6340745968924967,1641640.15,240992779.02988815,3.9436400238216054,146.37140350341798,133.07237239837647,-4.947918724993795,17.356454730958138,-0.6882782627797189,21.676412101565,17.705925588113036,0
HK.00317,490,14.449999809265137,15.020000457763672,-3.7949442818019894,1.3927016532918766,4018753.75,58070990.92098355,3.9477511583324367,12.33580005645752,14.006110453605652,18.734590950516292,11.068405496154735,-13.008484127240205,10.90263654938219,0.002098787554189804,0
HK.00318,489,0.8899999856948853,0.8899999856948853,0.0,,0.0,0.0,0.0,0.8891999876499176,0.725599994212389,0.0,12.658222977348501,39.062500873114935,39.062500873114935,122.49999310821305,0
HK.00320,489,0.44999998807907104,0.44999998807907104,0.0,0.848356309650053,195900.0,88154.99766469002,1.2650787821199165,0.46109999895095827,0.4774500015377998,-1.0989065691980104,-8.163269526359606,-6.250000388051082,-10.000002384185791,-25.936691898085474,0
HK.00321,490,0.8949999809265137,0.9300000071525574,-3.7634436512754013,2.4774869042075425,1913054.95,1712184.1437613724,3.5023264192004757,1.0170310401916505,1.0739234179258346,-12.182154966750463,-17.527581965970562,-19.62433566301805,-7.919142114656294,23.027838724776934,0
HK.00322,490,12.020000457763672,12.069999694824219,-0.41424389664224454,0.4892920449607662,18644610.1,224108221.9368252,2.8484053954078754,12.150800037384034,11.499613070487976,-9.96254596031429,14.476194835844494,2.379982855825092,11.385222852032332,17.084465923545665,0
HK.00323,490,1.7450000047683716,1.7599999904632568,-0.8522719191002408,0.7983830946261546,3521676.9,6145326.207292664,2.4358804990067218,1.7046000051498413,2.256749997138977,3.2544346559591806,-5.163044939504202,-39.409724464294996,-33.141759582166394,-26.987450703968236,0
HK.00325,412,69.69999694824219,68.0999984741211,2.349483861925657,0.4684342164362384,1088311.45,75855304.74373703,5.501167155069689,61.47343475341797,62.539199371337894,-11.88259729817685,30.128766075283725,31.103509889644204,3.564022815622689,-29.81526617321752,2
HK.00326,490,6.195000171661377,5.800000190734863,6.8103442747726355,0.9345034674360757,2158256.9,13370401.86598935,6.963748342846332,6.95040002822876,5.5205999994277954,-17.729083677953184,10.427807918437558,34.6739195673138,110.00000242459569,188.13953008698175,2
HK.00327,490,3.9000000953674316,3.924999952316284,-0.6369390382820062,0.7679050403396803,1690849.7,6594313.991251993,3.717733543235087,3.8176311826705933,4.203045746088028,-1.7558651158488758,18.067885230566688,-19.29233480294451,-22.438835977471218,-34.66523262205455,0
HK.00328,490,0.5400000214576721,0.5400000214576721,0.0,0.04274914397765605,5333350.7,2880009.4924412905,8.98319667775087,0.4643000012636185,1.191590245962143,31.707323455583676,-5.2631529414422,-30.769225478877487,-80.50541425357511,-91.72441773028811,0
HK.00329,490,0.12800000607967377,0.13099999725818634,-2.290069649848867,0.06249926758670797,251203.0,32153.98552723229,8.290673909404227,0.16555999904870988,0.2664349992573261,-26.436775998373545,-55.087716601451866,-58.70967577573041,-58.0327858760837,-66.75324435056325,0
HK.00330,490,0.5,0.5049999952316284,-0.9900980750178164,0.3738901846578096,45554.4,22777.2,2.1502528064879947,0.5020999962091446,0.7727499973773956,-5.660372265889812,-1.960782480441495,-44.44444297272478,-57.62711676055409,-65.75342555233091,0
HK.00331,490,5.105000019073486,5.099999904632568,0.09804146145916848,0.26965558595094397,70460.25,359699.5775939226,0.8493460555492892,5.170099983215332,5.420148234367371,-1.4478728137176666,-2.946771921363573,-9.179857875206427,-6.937388349015794,-9.0673654784963,1
HK.00332,489,0.16300000250339508,0.16300000250339508,0.0,0.0,48008.05,7825.312270183117,0.9797981774942769,0.18096000134944915,0.3108400023728609,-9.444446652023792,-41.78571363949046,-69.81481555067461,-52.058823297386766,-57.10526196084853,0
HK.00333,489,0.1809999942779541,0.1809999942779541,0.0,0.0,21308.0,3856.747878074646,1.1802711541435023,0.19513999700546264,0.22396999932825565,-10.837438676765103,-9.500004209577975,-32.962967746051554,-30.384615031925165,-39.66667097144639,0
HK.00334,489,0.30000001192092896,0.30000001192092896,0.0,0.48839539155117717,488420.0,146526.00582242012,3.048724814874519,0.334400001168251,0.37245000049471855,-13.04347450506333,-27.710839047420095,-23.076917198752763,-6.249994179233778,-22.077917051387566,0
HK.00335,489,0.6600000262260437,0.6650000214576721,-0.7518789579387514,1.1228070175438596,30100.0,19866.000789403915,1.2110768775510956,0.6340313410758972,0.6414481428265572,5.474068133065607,4.66272930080375,3.0769210719328135,-4.182006855859592,0.04524774450203312,0
HK.00336,490,3.5,3.0850000381469727,13.452186603611842,7.874300622952759,3540702.05,12392457.174999999,4.749994816180026,3.0375375270843508,3.722032495737076,16.31027389207024,-0.8608790427632842,-15.54978289830731,-9.863610360506533,-12.658001759445717,1
HK.00337,490,0.10700000077486038,0.11100000143051147,-3.6036041478388485,1.3739374426187372,1332700.0,142598.90103265643,7.655345237596103,0.1326199994981289,0.18214499909430742,-18.939392913143163,-36.30952248962218,-45.40816144222565,-52.863435385938764,-50.91742965626438,0
HK.00338,490,1.1299999952316284,1.159999966621399,-2.5862045045697752,0.9345390841147067,12874879.3,14548613.547607793,2.3946677530155744,1.1363999962806701,1.2949500006437302,0.8928562875609045,-2.5862045045697752,-24.666666984558105,-18.115942091582276,-13.740454611470518,0
HK.00340,490,2.815000057220459,2.9549999237060547,-4.737728260581912,0.7785674149227784,28969375.75,81548794.39389098,6.863492742345796,2.5984999895095826,2.7681716328859327,2.5500974345986105,62.71676451934677,-20.830098837606556,1.6294500563022059,27.944215424566444,0
HK.00341,490,5.434999942779541,5.329999923706055,1.9699816243238844,1.3281670260162641,839050.85,4560241.321739125,2.3597017206527036,5.259911556243896,4.60202131152153,-0.20263258631081738,48.66188248794162,24.206680057890363,14.766972023311405,-14.580673039805047,2
HK.00343,490,0.11400000005960464,0.10199999809265137,11.764708030732624,1.0197331908714928,558066.5,63619.581033263355,3.335635822892512,0.10763999998569489,0.13823499992489816,4.587158534414711,3.636364252114102,-27.84810454880559,-27.388537419756776,-28.30188422846986,1
HK.00345,490,6.465000152587891,6.400000095367432,1.0156258789356667,1.0234240963485048,532732.05,3444112.78453846,1.5996370961866995,6.357393226623535,6.373028552532196,2.573885741845796,13.803948244469238,-5.570391390705507,2.3353410292915084,-26.379461186730623,2
HK.00346,489,0.24500000476837158,0.24500000476837158,0.0,0.8565310492505354,109575.0,26845.875522494316,3.2214968898234595,0.25496000111103057,0.35509000077843667,6.521739271277513,-29.99999744551518,-53.7735815105932,-32.876712776165455,-40.96385308560685,0
HK.00347,490,1.1549999713897705,1.149999976158142,0.43478220306857157,0.9087381062570487,4163792.45,4809180.160622942,2.5345215462913435,1.1612999892234803,1.5433250004053116,-0.4310340840949625,-3.7500062088169175,-39.84375014551916,-41.071431178045636,-45.77465214395377,1
HK.00348,490,0.07000000029802322,0.07000000029802322,0.0,3.780868277721961,435720.0,30500.40012985468,4.036499221564578,0.07184000000357628,0.10170499982312321,-16.666665188376843,0.0,-46.15384394953229,-49.275360832167244,-58.33333259418843,0
HK.00351,490,0.3199999928474426,0.3499999940395355,-8.571429057997108,1.4128208840990422,207032.0,66250.23851919174,2.926601271207275,0.3349000024795532,0.31389999963343146,6.666660043928621,-8.571429057997108,1.5873000855468575,8.474578668385705,4.918027981350978,0
HK.00352,489,0.36000001430511475,0.36000001430511475,0.0,,0.0,0.0,0.0,0.36000001430511475,0.36000001430511475,0.0,0.0,0.0,0.0,-33.33333333333333,0
HK.00353,490,0.3799999952316284,0.375,1.3333320617675781,1.5324406781811146,418142.5,158894.1480061412,4.305679868408224,0.36999999821186064,0.35264999732375146,1.3333320617675781,0.0,11.764703304297399,18.750001164153243,16.923079744598674,1
HK.00354,490,3.634999990463257,3.694999933242798,-1.623814448269394,0.330289390427074,38528406.85,140050758.53231448,4.582229109822386,3.5660000085830688,4.020212972164154,3.7089835029313583,-2.284947244442043,-4.820980630826294,-28.937908426665583,-38.87004960627958,0
HK.00355,490,0.07500000298023224,0.0729999989271164,2.7397316198766797,0.14071938878645163,899299.0,67447.42768011987,4.600204041048209,0.07298000052571296,0.07680000025779009,-5.063291736146471,10.294116035774179,-7.407404000649029,-28.571423503006237,-11.764703304297399,1
HK.00357,490,5.235000133514404,5.244999885559082,-0.1906530460031045,0.749400479616307,156200.0,817707.02085495,3.442554397635326,5.068899993896484,7.162724986076355,-5.84532037068086,18.97727318292806,-32.88461531407735,-50.84506740821041,-49.27325302015358,0
HK.00358,490,33.81999969482422,34.959999084472656,-3.260867904755649,0.944169298931409,14107438.2,477113555.6187515,4.2506800100121565,35.536399841308594,37.27982891082764,-9.861409162573306,6.620430097505084,-17.612858092845336,-20.89476955988982,43.36401088250259,0
HK.00360,490,0.04399999976158142,0.041999999433755875,4.761905606641802,0.3480525333967674,16226200.0,713952.7961313725,9.934893879156784,0.03272000018507242,0.041820000102743504,57.14285144088237,-2.2222266373809187,2.3255773658299925,0.0,-13.725489050275936,1
HK.00361,490,0.039000000804662704,0.039000000804662704,0.0,2.380293384998616,1809500.0,70570.50145603716,3.723595378833876,0.042319999858736995,0.06266500022262335,-2.4999958090483205,-4.878049445322461,-42.64706075707098,-53.01204543489894,30.000005587935576,0
HK.00362,489,0.014999999664723873,0.014999999664723873,0.0,,0.0,0.0,0.0,0.014999999664723873,0.014999999664723873,0.0,0.0,0.0,0.0,0.0,0
HK.00363,490,13.720000267028809,13.649999618530273,0.512825278057204,0.5909832037845618,633280.8,8688612.745104218,1.651347206500926,13.509600028991699,13.92301404953003,1.5544044011045397,2.1593444174477376,-1.149123353692184,-0.25795792610341195,4.866972806753723,1
HK.00365,490,0.3199999928474426,0.3199999928474426,0.0,0.6443540819518299,309600.0,99071.99778556824,4.816388418162595,0.40729999661445615,0.422914996817708,-20.987656319619237,-47.54098600932451,39.13042914889946,10.344828294942289,6.666660043928621,0
HK.00366,490,0.8050000071525574,0.8349999785423279,-3.5928110372100743,4.564971751412429,105500.0,84927.5007545948,4.288155160373183,0.8222000014781952,0.86786854326725,-5.294119462009894,-8.522725964257532,-10.488505442404467,-9.504862645068252,-19.217096644416216,0
HK.00367,489,0.24300000071525574,0.24300000071525574,0.0,0.0,16075.45,3906.334361498058,0.7317775289267852,0.245280000269413,0.2880700010806322,-0.8163281690572588,-11.636365291500844,-20.327870486340668,-26.363639072938287,-30.571427184708238,0
HK.00368,490,4.684999942779541,4.449999809265137,5.280902103076982,0.19275099957021738,1370460.0,6420605.02158165,9.846334044006818,3.4002999830245972,1.4846999929845333,-1.0559702074971689,137.81725252484668,680.8332927690628,989.5348522906827,1387.3015803935155,3
HK.00369,490,1.8600000143051147,1.899999976158142,-2.1052611765768803,2.4734982332155475,30500.0,56730.000436306,0.5651535397677684,1.9275908446311951,1.9650066709518432,-1.3623015463604695,-9.621434165284201,-22.026343151613148,7.594944914072296,16.736915663047228,0
HK.00370,490,0.26499998569488525,0.27000001072883606,-1.8518610500991368,0.8401646903766656,10609896.85,2811622.513474208,8.39552322621552,0.28485472083091734,0.5912136791646481,-1.8518610500991368,-17.187502619344798,-57.25806715213048,-71.19565425134333,-81.59722394689359,0
HK.00371,490,1.600000023841858,1.6649999618530273,-3.9039002702936454,1.194034724233815,54975323.45,87960518.83071385,3.964439092964774,2.065175714492798,2.3872167611122133,-26.215423821001814,-33.623519807151844,-39.31184472685075,-30.146696500114395,-32.844226692344606,0
HK.00372,490,0.13899999856948853,0.14000000059604645,-0.714287158786028,2.221221090665119,195079.1,27115.99462093711,1.7162803300932623,0.17835999608039857,0.23823499903082848,-20.57142803620318,-33.809522424155034,-47.547167519650415,-49.454547070274636,-16.265057915699103,0
HK.00373,490,2.069999933242798,2.115000009536743,-2.1276631721529804,1.4193548387096775,164900.0,341342.98899173737,3.3105001151207745,2.1808000087738035,2.479163195490837,-6.756760965509316,-17.529882824391986,-35.60301408021556,-17.90613101249599,-3.979501521615096,0
HK.00374,489,2.5,2.5,0.0,,0.0,0.0,0.0,2.4720875215530396,2.5387873125076292,2.669406930098804,2.669406930098804,-5.634741033160347,-5.2865256566392675,3.810176085334195,0
HK.00375,490,0.949999988079071,0.9599999785423279,-1.041665696538963,1.7029392731855182,49977.6,47478.71940422058,1.2408349058108115,1.0392000079154968,1.0384499961137772,-3.061227592911475,-16.666666666666664,-20.83333747254461,7.954544684857372,2.3643400845537075,0
HK.00376,490,2.0899999141693115,2.240000009536743,-6.696432800393305,0.9503045692759869,15176999.7,31719928.070347667,8.709511525474593,1.7694999933242799,2.577724996805191,25.149698675313502,10.582006877682248,-22.59259713857091,-36.85800754382328,-37.98219628655622,0
HK.00377,490,4.954999923706055,5.179999828338623,-4.343627646503849,0.2532625916665382,456305.45,2260993.469936657,10.307671157840232,3.20479998588562,1.6286999967694282,91.3127447069923,259.057966726614,421.5789458824327,438.5869384586589,316.3865281888884,0
HK.00379,490,0.057999998331069946,0.06300000101327896,-7.9365120663333455,4.369939796553871,551950.0,32013.099078834057,5.613661647985648,0.07030000053346157,0.08132000014185906,-22.666671964857102,-47.747749924688726,-25.641029314881873,-15.942029298491105,-27.500000465661294,0
HK.00380,490,0.1289999932050705,0.1289999932050705,0.0,0.5714285714285714,63800.0,8230.199566483498,3.382505457458679,0.12611999869346618,0.13681500006467104,-1.5267206831875426,-12.837843552307909,-12.244902510419916,-16.233770192162087,-21.34146973056339,0
HK.00381,490,0.07699999958276749,0.07500000298023224,2.666662030750035,1.3859509724546948,3345146.0,257576.24060429633,7.606498777672348,0.08529999986290931,0.164975000359118,-6.097564078171489,-23.000001564621904,-42.10526404241162,-64.01869204431884,-78.90411025454613,1
HK.00382,490,0.4749999940395355,0.4699999988079071,1.0638287753851585,0.6841451293443819,203858.3,96832.69128490984,1.7494108170693419,0.476499999165535,0.9576411621272564,-1.041665696538963,-19.49152285530103,-65.74116052210873,-65.02244281083905,-67.4111133275477,1
HK.00383,489,0.7850000262260437,0.7850000262260437,0.0,0.0,4960.0,3893.6001300811768,0.031847481969595554,0.8210000121593475,0.9518499913811683,-3.0864168005624912,-12.777772553172975,-10.795451081858175,-23.786403103793333,-17.368417255105687,0
HK.00384,490,5.414999961853027,5.364999771118164,0.9319700441374358,0.8794274564398472,14228972.0,77049882.8372078,2.843471132253045,5.584588088989258,6.816578969955445,0.2087815680642913,-17.669876306291187,-30.78171386858929,-26.421507786334086,-25.559253895936145,1
HK.00385,489,0.25,0.25,0.0,0.0,36300.0,9075.0,0.6045748649761001,0.25489999920129774,0.3433116764575243,2.040814340536656,-7.407411086706321,-39.855658306243576,-44.974321571342855,-35.34483070907198,0
HK.00386,490,4.744999885559082,4.775000095367432,-0.6282766326529491,0.7108063758177,126975319.45,602497876.2590779,2.2465930153779614,4.431699981689453,4.524944059848785,10.606058921956762,15.450115119624053,-5.923313258695843,4.084846998929758,16.66201041835072,0
HK.00387,489,0.6600000262260437,0.6600000262260437,0.0,0.0,166800.0,110088.00437450409,2.873948099903346,0.7469478273391723,0.6919402822852134,-9.803914700756605,-6.852351861895048,2.4624095041905814,2.4624095041905814,-16.891603487036722,0
HK.00388,490,397.3999938964844,392.6000061035156,1.222615312874741,0.977015506369569,3353850.05,1332819989.3997238,1.4433884317577403,398.6307342529297,397.5966255187988,-0.4264639818317718,8.146443305805633,0.8587318957572346,-1.178811594662625,-6.10180906482918,1
HK.00389,490,0.36000001430511475,0.3499999940395355,2.857148695965302,0.11950165648146764,740597.85,266615.2365943372,10.690873269662445,0.3025000038743019,0.32664500311017036,0.0,67.44186433345443,5.882356034843122,-16.27906783327278,-16.27906783327278,1
HK.00390,490,3.3499999046325684,3.3299999237060547,0.6006000415836379,0.9574664407428919,21796064.0,73016812.32136536,1.9781493306086786,3.4217448234558105,3.7850729632377624,-2.0467885994093913,-1.8390458344679905,-28.369028036824783,-10.970290731123766,-6.951642252505222,1
HK.00391,490,0.3100000023841858,0.3149999976158142,-1.5873000855468575,0.06487390713531886,8062130.0,2499260.319221616,10.427076948268244,0.1879199981689453,0.12150999996811152,84.52381343071833,198.07691921937402,219.58762189763976,206.93068474300404,229.78724787115505,0
HK.00392,490,29.739999771118164,29.1200008392334,2.1291171497819485,1.0984503649701887,2045021.35,60818934.48093176,2.339873436770078,29.9261376953125,30.721560077667235,1.8825466132992372,3.961786971990043,-11.01876031492037,-1.9424449618478408,-2.786142700384059,1
HK.00393,490,1.2999999523162842,1.2949999570846558,0.3861000306814344,2.2862541332073687,216700.0,281709.9896669388,0.6882752166171756,1.2951642084121704,1.2925531178712846,0.37452252749781395,-9.169944845532739e-06,1.3295826399664228,-0.8263688678251788,9.245953587357223,1
HK.00396,490,0.2549999952316284,0.2849999964237213,-10.526316339839756,1.7472419051035968,1199800.0,305948.9942789078,8.22209114711798,0.32583999931812285,0.25006810426712034,-27.142857264499277,1.9999980926513672,1.8013735912361428,152.0795788961373,122.42314917669592,0
HK.00397,490,0.04500000178813934,0.0430000014603138,4.651163395125501,0.9570378814940582,5967806.05,268551.2829212688,8.084601757898838,0.03875999987125397,0.04329938001930714,25.00001034802905,12.500006984919466,-11.764700726241704,0.0,-24.99999534338702,4
HK.00398,490,3.359999895095825,3.4100000858306885,-1.4662812163150738,2.2997852202793325,476917.85,1602443.9259693264,1.2471800043507608,3.311999955177307,3.3303089940547945,1.8181801105005106,5.32914842714743,-0.5917224457964548,-2.946280549789641,5.869214884849097,0
HK.00399,489,0.0729999989271164,0.0729999989271164,0.0,,0.0,0.0,0.0,0.0729999989271164,0.09876999946311116,0.0,0.0,-67.26457518962061,-16.09195284176285,-86.22641455325079,0
HK.00400,490,4.760000228881836,4.860000133514404,-2.057611149904549,3.8789320470505944,5238500.1,24935261.67499752,5.911925511798312,4.190799961090088,3.526199995279312,18.55542682865275,11.737088571266108,70.60932953276452,58.13954298881057,95.08197201864903,0
HK.00401,490,0.10300000011920929,0.10199999809265137,0.9803941620171147,0.1315523599440955,755153.6,77780.82089002132,1.3504169872490557,0.11840000003576279,0.12948593992739915,-20.76922777136391,10.752685673871753,-2.830187419357129,9.574471963860562,21.176469453890856,1
HK.00403,490,0.1899999976158142,0.2199999988079071,-13.636364252114102,0.6783536585365854,260100.0,49418.999379873276,11.582847110443339,0.1752599996328354,0.1625249996781349,4.395605205352333,13.772456585867273,23.376622496979856,22.58064268034779,-3.5532991852165954,0
HK.00406,489,0.5,0.5049999952316284,-0.9900980750178164,22.17391304347826,9700.0,4850.0,0.9035753034553898,0.5252999913692474,0.6649750009179115,-7.407411086706321,-21.874998253770134,-31.50685110466183,-33.33333333333333,-30.555558315029742,0
HK.00408,490,2.6700000762939453,2.6700000762939453,0.0,0.5961406281547993,142606.35,380758.96538000106,2.2009437478138874,2.5065000009536744,2.132523495554924,2.1032530231977176,29.61165778923936,40.683861387077684,49.66367812637213,62.47785728364157,0
HK.00410,490,0.3149999976158142,0.3149999976158142,0.0,0.8131763300482102,608500.05,191677.51429922285,2.5551067654456494,0.3374000018835068,0.44182499557733534,-5.970152307656038,-16.000000635782875,-37.00000047683716,-40.56603497735698,-46.610167522397454,0
HK.00411,489,11.100000381469727,11.100000381469727,0.0,0.0,800.0,8880.000305175781,0.0,11.134000205993653,11.776892247200012,-1.7699097866309885,-7.345569235325117,-12.252965380417653,-0.16336942797540624,4.19942931642679,0
HK.00412,490,0.5849999785423279,0.6150000095367432,-4.878053744586638,0.3303760732960393,10923285.4,6390121.724611724,10.159516824210217,0.524400001168251,1.1460749965906143,27.17390607176308,-24.025974930750237,-61.000001430511475,-58.80281716744784,-96.53436014438901,0
HK.00413,490,0.02199999988079071,0.023000000044703484,-4.3478267911701876,0.8031552527787738,576800.0,12689.599931240082,1.4863309336702533,0.02280000001192093,0.02791500024497509,0.0,10.000001862645192,-31.250003637978637,-33.33333333333333,-35.29412151414197,0
HK.00417,489,0.7300000190734863,0.699999988079071,4.285718786473254,0.4796211730611545,55509.45,40521.899558758734,1.484528444584339,0.7205000054836274,0.827675002515316,-2.6666641235351562,5.797104579113893,-22.34042330584735,-20.65217327925119,-52.59740018466603,1
HK.00418,490,0.6299999952316284,0.625,0.7999992370605469,1.2196552128532896,111787.5,70426.12446695566,4.144771949560566,0.6482999920845032,0.7302249985933303,-2.3255792462719835,-14.864866606417648,-5.970152307656038,-22.222223039844234,-24.09638459043242,2
HK.00419,490,0.48500001430511475,0.49000000953674316,-1.020407170268328,0.2640501481409074,3164867.35,1534960.7100237906,8.95461672524617,0.5270000010728836,0.40338499933481214,-33.56164361191727,7.777783811828397,70.17544575125015,32.876712776165455,-23.015870162539027,0
HK.00420,490,0.6499999761581421,0.6549999713897705,-0.7633580839735752,0.6574823237845324,1398300.0,908894.9666619301,2.7982929303876194,0.6672000050544739,0.6290367004275322,-11.564630815325026,-2.985080601935728,7.081524983240879,12.180652039579485,7.081524983240879,0
HK.00422,490,0.2549999952316284,0.2549999952316284,0.0,1.9298245614035088,17300.0,4411.499917507172,1.8188253891058654,0.26429999589920045,0.27592499867081643,1.9999980926513672,-3.7735815105932082,-10.526316339839756,-7.272731016490004,-38.5542167809484,0
HK.00423,490,0.6349999904632568,0.6499999761581421,-2.307690191550995,2.332695984703633,56700.0,36004.49945926666,1.3440293920123594,0.6557155978679657,0.7032408910989761,-3.7878840559658693,-5.18373349887304,-13.692884340549105,-10.24060349542859,-17.830557376867105,0
HK.00425,490,24.399999618530273,23.899999618530273,2.092050242596395,0.6020509562841426,4640231.0,113221634.62989235,4.847638105979973,27.146400108337403,32.47518591880798,-15.395286097663922,-15.201388157889504,-35.34159968727732,-25.385286317013467,-16.108321198097027,2
HK.00426,489,0.1420000046491623,0.13099999725818634,8.396952382599038,0.8299866131191432,146100.0,20746.20067924261,3.9900975736830784,0.12877999976277352,0.1140700003504753,16.39344512583328,2.15827777737279,67.05882724181174,59.550564243341654,102.8571486351441,2
HK.00430,489,0.3449999988079071,0.3449999988079071,0.0,0.0,4600.0,1586.9999945163727,0.8695648230316494,0.3468999969959259,0.38138249978423117,-1.4285700905079517,-12.658230522240038,-11.989800611829484,-15.170884852014646,-15.577753378048238,0
HK.00432,490,0.2070000022649765,0.21299999952316284,-2.81690012752036,1.2070251787956279,282217.15,58418.95068921522,4.263666534688224,0.2240800005197525,0.23781999811530113,-10.775858525288557,-13.025211136301168,-29.830504587688893,8.947370980254863,1.470591243025672,0
HK.00433,490,0.04600000008940697,0.04500000178813934,2.2222183589583624,0.5057088519353244,27257609.4,1253850.03483702,7.00898781576254,0.05504000000655651,0.0685350003093481,-14.814816858869795,-26.984128016583337,-47.727272342428684,-41.77215446542983,-28.12500327418077,1
HK.00434,490,2.950000047683716,2.9700000286102295,-0.6734000247088343,0.3748646140497805,3917374.35,11556254.519294966,5.985015209180656,2.4560000133514404,2.8309555011987686,29.102841876317626,32.7598808667227,-2.267966337999589,-16.19068797388372,-60.10141682375833,0
HK.00436,489,0.05999999865889549,0.05999999865889549,0.0,0.0,8000.0,479.99998927116394,0.6603772988116535,0.053039999902248385,0.06016382472589612,9.090907243657693,0.0,-16.965158739855944,-9.638564964456021,7.799614773022225,0
HK.00438,489,1.149999976158142,1.1549999713897705,-0.43290003077767186,0.0,6226.0,7159.899851560593,3.135995250557521,1.228699996471405,1.690224996805191,-0.862068168189925,-13.533839169105901,-39.47368470585578,-41.91919368282286,-49.33920767308717,0
HK.00439,490,0.5299999713897705,0.5299999713897705,0.0,4.191344721837322,157630.05,83543.92199016809,5.867957144841475,0.6157999980449677,0.8512999990582466,-25.352114449652248,-15.87301977757817,-45.91837131892669,-54.310345979281216,-68.63905600917785,0
HK.00440,490,45.439998626708984,44.68000030517578,1.7009810124042548,0.6879465891675945,251420.85,11424563.078726007,2.770649291542358,44.633768005371095,38.973027591705325,1.1517648026878646,21.297954237650583,20.26226083486995,35.801777077933735,43.28817198829788,1
HK.00442,489,0.6000000238418579,0.6000000238418579,0.0,0.0,26200.0,15720.000624656677,0.0,0.6125999975204468,0.7331861305236816,3.448282949422888,-22.077917051387566,-32.58426590047685,-23.076917198752763,-49.57983235368012,0
HK.00444,489,0.009999999776482582,0.009999999776482582,0.0,,0.0,0.0,0.0,0.009999999776482582,0.009999999776482582,0.0,0.0,0.0,0.0,0.0,0
HK.00450,490,0.675000011920929,0.6899999976158142,-2.1739109777848307,1.151947339550192,192800.0,130140.0022983551,3.0752154593413277,0.7291000068187714,0.7916499903798103,-9.999998410542805,-11.184207843281193,-18.323244504034207,-20.986620930168954,-21.01344845970721,0
HK.00451,490,0.5199999809265137,0.5450000166893005,-4.587162384811293,0.9616713613206521,3017208.7,1568948.4664513113,5.846321587853416,0.6430000007152558,0.9405000010132789,-22.962967149187598,-35.00000335276122,-57.723579442038506,-46.938778489195016,-37.34939862861918,0
HK.00455,490,0.10899999737739563,0.10300000011920929,5.825240049749624,3.6792452830188678,48800.0,5319.199872016907,2.890038872129255,0.10390000060200691,0.10356000069528819,1.8691556897681316,17.204295475919444,8.999995753169122,-21.582734892688055,-29.677421587686986,2
HK.00456,490,0.46000000834465027,0.550000011920929,-16.36363665919658,1.1276476513643505,76817.75,35336.16564101726,5.411096991720761,0.5250999987125397,0.494624999165535,-16.36363665919658,-29.230765351176824,19.480524607584684,5.747127775503971,-7.999998331069946,0
HK.00458,489,1.6449999809265137,1.6449999809265137,0.0,0.0,4550.0,7484.749913215637,0.2998233544748535,1.761300003528595,1.7011254566907883,9.66666539510091,-7.297832097294127,6.334845115763245,0.4273558701008745,-17.83216283537589,0
HK.00460,490,0.7350000143051147,0.7200000286102295,2.083331263727694,0.4784136487917042,39006230.8,28669580.195988607,4.353170081224256,0.8540999972820282,1.1627228271961212,-15.51724019808473,-19.118119024376423,-46.46666888360971,-41.86614733382268,-53.747996700500835,1
HK.00464,490,0.699999988079071,0.7099999785423279,-1.408449403588351,0.3081232492997199,131400.0,91979.99843358994,6.14354414942086,0.7847999978065491,0.962999999076128,-9.09090838719426,-16.66666548403479,-23.913046154272756,-54.54545419359713,-30.69306983280248,0
HK.00465,490,3.75,3.944999933242798,-4.942964170914637,0.3961661341853035,141900.0,532125.0,4.661486366683136,3.4135999870300293,2.1061749935150145,-6.25,18.2965271213537,451.47058243466915,420.83331263727695,956.3380600937405,0
HK.00467,490,0.41999998688697815,0.4050000011920929,3.7037001606749893,1.0638314922817242,44221821.55,18573164.471118286,4.384422926680465,0.3764000004529953,0.48255000069737436,15.068486551559488,-2.3255860695907784,-43.243245746725364,-10.638300435690931,-23.636367675686586,1
HK.00468,489,2.2739999294281006,2.2739999294281006,0.0,,0.0,0.0,0.0,2.2739999294281006,2.2739999294281006,0.0,0.0,0.0,0.0,0.0,0
HK.00470,144,26.940000534057617,26.479999542236328,1.7371638964252052,0.7696305859760836,1224855.1,32997597.048143197,4.434272527256914,29.648400077819826,,-16.02244701875718,-31.589639910218033,-33.32595517003433,-40.80858656745666,,1
HK.00471,490,0.12200000137090683,0.12200000137090683,0.0,0.1436114245284419,1654383.25,201834.7587680053,9.30151983620089,0.13288000032305716,0.4042196955159307,-10.948900544425367,-24.69135740011899,-81.51515204196022,-82.81690069605635,-83.51351354072527,0
HK.00472,490,0.20100000500679016,0.21899999678134918,-8.219174447080158,0.9821428571428571,108500.0,21808.500543236732,3.482645279319372,0.21787999898195268,0.283104999139905,-7.3732664781612485,-28.214284231772236,-31.864402053753892,-42.571426162914314,23.312884613362865,0
HK.00474,490,0.15000000596046448,0.15000000596046448,0.0,0.016697859892348618,3331974.85,499796.24736011773,6.814042803205616,0.12935999915003776,0.12038499940186739,25.00000776102163,30.43478542555027,25.00000776102163,25.00000776102163,689.4737409670286,0
HK.00475,490,0.3199999928474426,0.3199999928474426,0.0,0.30165912518853694,59800.0,19135.99957227707,3.211233241677617,0.3648999983072281,0.4108249998092651,-1.5384601277006635,-34.6938802817621,-21.951220575930613,-36.000001430511475,-31.18279776637684,0
HK.00476,490,0.6600000262260437,0.6399999856948853,3.1250064028428435,1.3384678393800404,321269.9,212038.14242563845,4.2507851862088835,0.5382999950647354,0.6440499976277352,8.196723073504641,38.94737568588477,-4.347821955569661,-19.512191221587756,-28.260868015947356,1
HK.00480,489,1.0,0.9850000143051147,1.5228411651818354,0.474266974580907,346744.05,346744.05,2.5636296597502337,1.0474000024795531,1.1081500023603439,-5.213265429609397,-4.7619004368509765,-15.254233521108176,-9.090911061310528,2.040814340536656,1
HK.00482,490,0.4950000047683716,0.49000000953674316,1.020407170268328,0.3395585738539898,29950.0,14825.250142812729,3.079101262978056,0.5660000050067902,0.7021316006779671,-11.60714238197828,-29.285712400261204,-54.77407355087306,-16.50600362539951,-39.02123343651487,2
HK.00483,489,0.17599999904632568,0.17599999904632568,0.0,0.0,25158.5,4427.895976006985,0.795133460507926,0.1881399992108345,0.2431499982625246,-12.000001788139317,-12.437813600860324,-40.3389807221396,-42.29508363313166,-36.00000173395326,0
HK.00484,490,0.6499999761581421,0.699999988079071,-7.142858967489158,2.9992858843132586,21455.0,13945.749488472939,1.8348277723692092,0.7175999999046325,0.7871999970078468,-13.33333651224772,-8.45070481655075,-21.686748285773973,-22.619048041416146,-24.418608680681704,0
HK.00485,489,0.3700000047683716,0.3700000047683716,0.0,0.0,36843.75,13632.18767568469,9.3045627704117,0.3873000031709671,0.4069750015437603,-2.6315764707211,-6.329115261120019,-16.853930176305184,-11.90475801897145,15.625004074536356,0
HK.00486,490,2.934999942779541,2.9800000190734863,-1.5100696646282679,0.076921256301626,321758.0,944359.7115888596,2.9065492361827094,3.039499969482422,4.185424991846085,-5.322579578355961,-20.67567824446603,-43.23017602577171,-39.23395467618314,-30.778299499635846,0
HK.00487,490,0.041999999433755875,0.041999999433755875,0.0,0.016214025131738953,236300.0,9924.599866196513,2.10432348768853,0.04178000040352345,0.04848000017926097,0.0,5.000000931322596,-23.636364252114102,-12.500001940255348,-67.69230694284097,0
HK.00488,489,0.699999988079071,0.7300000190734863,-4.109593179530491,0.11415810304959187,85231.0,59661.698983967304,5.191591410687803,0.7091000020503998,0.7057250052690506,11.111110059882801,-11.392408978994343,7.692309808449005,14.754093715305943,6.06060003993511,0
HK.00491,490,0.032999999821186066,0.03400000184774399,-2.941182271212952,2.6569967814559337,3326300.35,109767.91095521115,3.5897021111366585,0.02480000030249357,0.029220000142231584,37.499998059744655,31.999997317791024,13.793106106033584,-5.7142866266017025,-8.333329883990316,0
HK.00493,490,0.009999999776482582,0.009999999776482582,0.0,0.8249347434431455,2998734.3,29987.34232973065,0.0,0.010019999779760837,0.012980000101961195,0.0,-16.666669253673795,-33.33333333333333,-33.33333333333333,-44.44444329466344,0
HK.00496,489,0.17800000309944153,0.17800000309944153,0.0,0.0,400.0,71.20000123977661,0.11627930146477544,0.17975999981164933,0.30743000023066996,1.714289217579181,-36.42857059228177,-46.86567204012905,-57.10843212564028,-62.12765881895426,0
HK.00497,490,0.16500000655651093,0.16300000250339508,1.2269963327602937,0.7983282455966004,369759.1,61010.253924329576,2.237511390130619,0.17682000160217284,0.19419000037014483,-7.8212280271354295,-15.384608918628043,-22.897193756246388,-6.249995766715547,-13.612561850546346,2
HK.00498,489,0.07100000232458115,0.07100000232458115,0.0,,0.0,0.0,0.0,0.07100000232458115,0.11012500133365392,0.0,0.0,-43.19999814033508,-54.19354723966086,-53.89610213681685,0
HK.00499,490,0.2150000035762787,0.20499999821186066,4.87805143982653,0.010319917440660475,193900.0,41688.50069344044,5.560465054237089,0.1860999983549118,0.1512949998676777,28.742520419945073,16.216216651604412,79.16667365158612,83.76068887686891,79.16667365158612,1
HK.00500,490,0.06800000369548798,0.06800000369548798,0.0,0.6881067468597738,138617.65,9426.000712259858,5.330777029099789,0.06560000069439412,0.06980000048875809,4.615394138020521,28.301895280120398,-9.333332008785725,-14.999993480741832,-23.59550279614425,0
HK.00505,489,0.934999942779541,1.0222020149230957,-8.530806129365265,0.0,56200.0,52546.996784210205,2.82270881079043,0.9058357131481171,0.9253350731730461,7.222223475348287,-3.5000028297863803,6.0439532210486355,4.8912976248450954,-3.5000028297863803,0
HK.00506,490,3.765000104904175,3.759999990463257,0.13298176738298134,0.42771136050080544,6200806.65,23346037.687740505,3.1453323094826535,3.4727000045776366,3.6668361032009127,13.746228700612958,16.363238319836086,2.267690633072459,-7.721241810701435,-0.800334946504043,1
HK.00508,490,0.3050000071525574,0.3100000023841858,-1.6129016752173695,11.81640625,321875.0,98171.8773022294,4.8456876262759145,0.3333000028133392,0.45862500071525575,-4.687495634425334,-23.74999934807421,-49.16666749450892,-22.784810413097148,-6.153840510802654,0
HK.00509,489,0.17000000178813934,0.17000000178813934,0.0,,0.0,0.0,0.0,0.17000000178813934,0.17000000178813934,0.0,0.0,0.0,0.0,0.0,0
HK.00510,489,0.44999998807907104,0.46000000834465027,-2.1739174096029172,1.5646687050893986,20752.35,9338.557252612709,1.0268840488509539,0.5513999933004379,0.552649998664856,-13.461537579812916,7.142857649699376,-33.82353186091747,-9.090912374911527,4.6511582776364895,0
HK.00511,490,2.2799999713897705,2.2249999046325684,2.4719132186338113,0.5148399404156315,815727.75,1859859.2466618419,2.9528090601614423,2.397599973678589,2.7454499793052674,-11.28404550139846,-7.692309919824755,-19.99999832688711,-27.15655309817696,-37.70492027536954,1
HK.00512,490,4.880000114440918,4.735000133514404,3.0623015171678993,0.9066429952999268,6176918.5,30143362.986892223,3.3763509466031403,5.159500017166137,6.31240579366684,-8.69971363897957,-0.020495887145620444,-29.777949164654792,-35.26967463816621,-44.94039914100562,1
HK.00513,490,0.13500000536441803,0.14000000059604645,-3.571425150243618,0.3004694835680751,107100.0,14458.500574529171,3.805861158882573,0.11789999857544899,0.13840499863028527,12.500006984919466,-15.094333256890685,-6.8965453455194,3.0534413663750852,-14.012738309422506,0
HK.00515,489,0.17299999296665192,0.17299999296665192,0.0,,0.0,0.0,0.0,0.17299999296665192,0.17299999296665192,0.0,0.0,0.0,0.0,-22.07207624454228,0
HK.00517,490,6.260000228881836,6.264999866485596,-0.0798026769402687,0.2617652521938982,3975687.15,24887802.468962573,2.78341687814307,5.717678775787354,5.787196910381317,11.333061958310012,15.331915774367062,-5.979417296309132,10.18973066652163,12.720991382211885,0
HK.00518,489,0.15199999511241913,0.15199999511241913,0.0,0.0,19900.0,3024.7999027371407,1.5634449404779587,0.1761999997496605,0.19354999989271163,-14.606745805783628,-25.123152962479388,-26.92308078062597,-21.64948936640879,-26.90642367078756,0
HK.00519,490,0.14000000059604645,0.13899999856948853,0.71942592579093,1.2795023266193657,456512.4,63911.7362721026,4.630737667444549,0.1494000005722046,0.1774550002068281,-2.7777731786537547,-1.4084535124187008,-26.31578823536055,-33.96226308998495,26.126125037655633,1
HK.00520,490,0.23899999260902405,0.2370000034570694,0.8438772669962988,0.4256457282592083,585725.0,139988.2706709206,5.390618722191012,0.2606799966096878,0.49879499718546866,-21.639348523202134,-22.903228783582648,-66.33802819266204,-67.70270411771435,-71.20481958858575,1
HK.00521,490,0.19200000166893005,0.1899999976158142,1.0526337253750466,0.23577000790918845,3198723.05,614154.8309384449,4.006575320213372,0.2038999992609024,0.2539649989455938,-0.518135755134859,-24.705880290496683,-39.99999813735481,-23.19999933242798,-30.181819088202843,2
HK.00522,490,154.3000030517578,161.8000030517578,-4.635352199345041,1.0628949865124497,2252715.85,347594062.5297432,5.258485715868101,165.49946166992189,135.38841575622558,-15.266338341556542,-14.725952628494769,38.98290408869052,92.38522305208441,131.43229472415098,0
HK.00524,490,2.0199999809265137,2.0,0.9999990463256836,0.9257487479627589,153668.0,310409.3570690155,5.909233170756853,2.065499997138977,1.1138000003993511,10.382510030354073,-27.598566001954524,303.99999618530273,662.264184894068,621.4285615451482,1
HK.00525,490,2.359999895095825,2.384999990463257,-1.0482220321760118,0.7578561305609398,6063325.65,14309447.897931827,2.6890514018269234,2.2793000030517576,2.163782079219818,8.755751710680713,10.580153420491389,14.147259668557982,14.675706592219312,7.695462030836291,0
HK.00526,489,0.10300000011920929,0.0989999994635582,4.040404724571225,0.9804319172665518,2055200.0,211685.60024499893,5.99866306079361,0.11606000006198883,0.10647999990731477,-5.504584772981487,-11.965810877261935,-9.649122749687745,19.767437931684242,24.09639040900188,1
HK.00527,490,0.824999988079071,0.8299999833106995,-0.6024090761646119,0.8234994857275573,3241160.0,2673956.961362362,3.4616898277387986,0.7078999960422516,0.6714249989390373,7.142858248694736,26.92307974459867,8.552631372560091,37.499992549419694,39.83051266967498,0
HK.00528,490,1.1749999523162842,1.2000000476837158,-2.0833411978347622,3.8805970149253732,8000.0,9399.999618530273,0.8328454678777066,1.1612999963760375,1.09063028216362,1.2931022522848876,14.840523642962827,3.356474891320453,18.121694437397185,5.108278990072173,0
HK.00529,489,1.7000000476837158,1.7000000476837158,0.0,0.0,21500.0,36550.00102519989,0.0,1.799900004863739,1.953023830652237,-6.849314889533817,-7.817664724481125,-28.768197143282148,-20.561767109042567,-4.232796096041505,0
HK.00532,490,0.3199999928474426,0.33000001311302185,-3.0303090509739805,0.27406388879763854,456822.5,146183.19673255086,4.614504044101785,0.31730000138282777,0.3547499978542328,6.666660043928621,-48.38709832478263,16.36363124059263,-1.5384601277006635,1.5873000855468575,0
HK.00533,488,0.8650000095367432,0.8650000095367432,0.0,1.845748187211602,82850.0,71665.25079011917,1.2534669823211697,0.8936999964714051,0.9467563870549202,-2.8089861303337953,-7.978722156308363,-8.49524940879675,-9.438601768133289,-9.438601768133289,0
HK.00535,490,0.10000000149011612,0.10000000149011612,0.0,0.4308076619879808,1159262.5,115926.25172743574,4.932673151095099,0.09636000022292138,0.1357650002837181,4.166667313418449,-11.504421919661246,-39.02439101954287,-37.499997671693514,-60.78431240781732,0
HK.00536,490,1.1549999713897705,1.159999966621399,-0.4310340840949625,3.1638582641717625,310873.55,359058.9413558364,0.8413931269708343,1.148399977684021,1.0732374238967894,1.31578823536055,1.31578823536055,13.123444220791047,17.474355944737045,18.27040174812095,0
HK.00537,48,20.520000457763672,21.200000762939453,-3.207548493887398,1.2222866451310086,356120.0,7307582.563018799,4.541474978482953,,,-24.835161057780645,,,-28.749996523062293,,0
HK.00538,490,0.7950000166893005,0.7950000166893005,0.0,1.2223320506936846,1422046.0,1130526.593732953,1.5715172039485403,0.8111000001430512,0.8144725266098977,-1.8518500803374947,-3.727956777831575,0.5508026340945044,1.6805874501245937,-11.278708279420291,0
HK.00540,489,0.2199999988079071,0.2199999988079071,0.0,0.0,17000.0,3739.999979734421,0.7418695568813913,0.20079999953508376,0.19365499973297118,7.843138687155083,4.761907465063339,15.789474509759632,15.789474509759632,33.333327312662384,0
HK.00542,490,0.8899999856948853,0.8949999809265137,-0.558658697003811,1.859289915051187,150534.0,133975.25784659386,6.003442120288595,0.7538999986648559,0.978275002837181,5.952382557381357,21.917803074097225,-31.538460127700663,4.705877733065725,117.07316913610408,0
HK.00543,490,0.23600000143051147,0.23999999463558197,-1.6666638726988803,2.4278801571377993,16370.0,3863.320023417473,0.6038223316865097,0.26365999430418013,0.2792714112251997,-9.230765351176826,-12.592595536031723,-15.100421782960122,-15.100421782960122,-26.730499376655857,0
HK.00544,490,0.8999999761581421,0.8949999809265137,0.558658697003811,0.684931506849315,7550.0,6794.999819993973,0.5093306317506188,0.9977999901771546,1.591600005030632,4.046238871158326,-46.74556534404082,-47.67442086118175,-52.63157960780771,-18.91892211176569,1
HK.00546,490,4.570000171661377,4.590000152587891,-0.43572941746499666,1.7560242037642015,4522252.7,20666695.615296125,3.1440438365873833,4.937198753356934,6.573897922039032,-10.324162193004337,-15.632843136262414,-38.12932720960763,-41.57083614434708,-47.196605900061265,0
HK.00547,490,0.20399999618530273,0.20999999344348907,-2.857141640721497,0.5245588715206776,220319.1,44945.095559549336,3.5725672586334585,0.2389999982714653,0.27998499885201455,-16.049384532987183,-17.741935677694606,-29.655171705057707,-47.692306751800444,-48.35443274826975,0
HK.00548,490,6.755000114440918,6.699999809265137,0.8209001006197602,0.27864701900195915,472995.15,3195082.2923799995,1.769414364776139,6.6629999732971195,6.865619440078735,2.348488061333975,5.555950884232687,-3.922540999005333,-0.8189184099114837,-3.2644800309307573,1
HK.00550,490,0.9100000262260437,0.9350000023841858,-2.6737942346945314,0.983358547655068,374100.0,340431.00981116295,4.367664668262045,1.1037999975681305,0.731969999410212,-13.744069055063507,-23.529413237880423,175.7575727472403,658.3333721384415,579.1044802675269,0
HK.00551,490,12.880000114440918,12.800000190734863,0.6249993946403356,1.3807954293944356,2737582.05,35260057.1172914,2.335096192142163,13.177454948425293,14.252560114860534,-3.750003385154948,-4.373652853009686,-19.00303083605964,-11.344594328917234,8.492486709615973,2
HK.00552,490,3.9549999237060547,3.9000000953674316,1.4102519741974862,0.9130301676294097,10183105.35,40274180.882340714,2.444673250745423,4.059900007247925,4.14029277920723,-3.3007389693229334,-3.3007389693229334,0.2115873509607999,-9.486315078186145,-7.088599824488257,1
HK.00553,490,3.119999885559082,3.1449999809265137,-0.7949155967901353,0.6525213557453844,1777800.0,5546735.796546936,2.6700421153406215,3.319100008010864,4.396382777690888,-7.55555894639757,-13.573407860825892,-41.93067941430083,-35.19800956473787,-40.83296296179077,0
HK.00554,490,0.18299999833106995,0.19900000095367432,-8.04020228438544,6.890243902439025,44100.0,8070.299926400185,1.6508122398235279,0.19896000146865844,0.21367499999701978,-8.04020228438544,-0.5434793612034178,-14.88372312229085,-29.615382675588414,-34.642858017159966,0
HK.00556,490,0.3799999952316284,0.38999998569488525,-2.5641002128344392,1.513142410880658,730676.95,277657.23751586076,5.940145461015175,0.46537112414836884,0.47760501250624654,-14.606741272038148,-23.660721662643752,-42.02079827484978,-15.894189088347854,30.1637555955928,0
HK.00557,489,0.5099999904632568,0.5099999904632568,0.0,0.0,1000.0,509.99999046325684,0.588235328491722,0.5568000006675721,0.6079499995708466,-8.928573519295567,-25.00000219134721,-17.741937654695683,-27.142857264499277,-42.696629363980925,0
HK.00558,490,1.2899999618530273,1.309999942779541,-1.5267161679471504,0.4493249241083875,1158736.2,1494769.6537977217,3.823835271450946,1.3957101273536683,2.524853051900864,-13.748030970130845,-41.6081802585399,-56.73261708454243,-62.509797552358,-75.92315133221487,0
HK.00559,489,0.12600000202655792,0.12600000202655792,0.0,,0.0,0.0,0.0,0.12600000202655792,0.11937000155448914,0.0,0.0,-0.7874031453886305,35.4838699340159,-35.384611975276606,0
HK.00560,490,0.5950000286102295,0.6000000238418579,-0.8333325054910776,0.6649168853893264,310100.0,184509.50887203217,0.9576911864798417,0.6157000088691711,0.6880753552913665,-2.459013990675489,-12.499996712979183,-17.8338874621258,-21.035163814292332,-21.060797010091225,0
HK.00563,490,0.23499999940395355,0.23899999260902405,-1.6736373760538208,4.122248221390848,676947.4,159082.63859650792,4.3319586041060685,0.23221999973058702,0.2780149997770786,0.0,-7.843135765358715,-18.965515115173133,-25.396825021386714,-29.850748193957067,0
HK.00564,490,11.899999618530273,12.380000114440918,-3.8772252946164163,1.2475678435382773,1432360.75,17045092.378597736,3.397093582225678,13.500999984741211,16.686886916160585,-13.138687706532274,-17.361111571023503,-35.19793988713128,-37.67839594334962,-27.71801225973207,0
HK.00565,490,4.295000076293945,4.394999980926514,-2.2753106954846287,0.8395161013499929,9859350.0,42345909.00220871,6.622365160739077,3.1711000061035155,2.449424998164177,32.7666218105618,40.359482242100825,110.53922336315122,208.99281442415267,263.98307349242924,0
HK.00567,490,0.28999999165534973,0.29499998688697815,-1.694913713180618,0.5571030640668524,162500.0,47124.99864399433,2.2275608483500164,0.27849999487400057,0.22895499885082246,5.454540134461573,-9.375000582076622,85.89742671279531,211.8279406219184,218.68131598215888,0
HK.00568,490,4.829999923706055,4.760000228881836,1.4705817533261394,0.7677408349766364,39961537.25,193014221.86867666,4.660958205764214,5.043099985122681,5.715825020074845,-0.20661629269761356,-24.294673400185204,-44.48275828049667,49.53560047010534,18.67321179336573,1
HK.00570,490,1.2599999904632568,1.2699999809265137,-0.787400835704065,0.8412246985936712,7592732.9,9566843.381590057,1.8364892979214293,1.4012999892234803,1.771774997115135,-10.320283550118896,-14.864866606417648,-34.37499902987229,-40.56603497735698,-41.12149865900697,0
HK.00571,489,0.04399999976158142,0.04399999976158142,0.0,0.0,46066.65,2026.9325890168548,1.419279681942529,0.0431000005453825,0.04656500002369285,4.761905606641802,-10.204079770783641,-13.725489050275936,0.0,-15.384617588929125,0
HK.00572,489,0.3700000047683716,0.3700000047683716,0.0,0.0,14644.0,5418.280069828033,1.5775316071303676,0.3812000036239624,0.4292249996960163,-7.500000186264512,-1.3333320617675781,-18.68131997691532,-21.27659453046219,-23.711341473156402,0
HK.00573,489,0.27000001072883606,0.26499998569488525,1.8868020014566025,1.4270032930845225,89450.0,24151.500959694386,2.4144203282634433,0.2617999947071075,0.29229999750852587,3.846161781683767,-3.571425150243618,-11.475408394405292,-16.92307057465299,-10.0,1
HK.00574,489,0.017999999225139618,0.017999999225139618,0.0,,0.0,0.0,0.0,0.017999999225139618,0.036792364818975326,0.0,-43.75000509317009,-64.70588321229305,-61.702127996857435,-63.26530674307212,0
HK.00575,490,0.8050000071525574,0.8349999785423279,-3.5928110372100743,0.7649929046908089,40716.05,32776.42054122389,1.6450304805455278,0.9050999999046325,0.863324998319149,-10.55555239135828,38.79310867519938,-10.55555239135828,-21.844657328836867,0.6249993946403356,0
HK.00576,490,6.019999980926514,5.960000038146973,1.0067104428777092,2.3864955379163817,10176637.55,61263357.85689605,1.9427254581506077,6.354900035858154,6.6715478777885435,-3.293171515609121,-8.51063752693985,-8.634900725342284,-10.795128715098768,-8.634900725342284,1
HK.00579,490,1.625,1.6100000143051147,0.931676121839001,0.757862818498634,4536721.3,7372172.1125,1.6483469170377871,1.7580000019073487,1.9664749908447265,-5.247815255215962,-14.748420531968073,-23.703415889203704,-21.04961620285821,-23.056826857698212,1
HK.00580,490,1.2300000190734863,1.2100000381469727,1.652890933552547,0.4310372081910099,6401998.75,7874458.584608436,5.141611745008831,1.4674999976158143,1.897633547782898,-21.656052357933092,-53.0534323358943,-30.99740300352243,-37.30221280059638,-23.361349281539667,1
HK.00581,490,1.0950000286102295,1.0950000286102295,0.0,1.646798365122616,1240400.0,1358238.0354881287,3.0361162627610927,1.1067000031471252,1.212153360247612,-4.366808135300151,-0.957449940011794,-19.951919871797944,-12.12767610193333,-28.300490307577576,0
HK.00582,490,0.06400000303983688,0.06700000166893005,-4.47760978263432,0.21155361074692344,63606.9,4070.8417933546007,3.896515736133904,0.06336000062525272,0.0945200003311038,-9.859153599380615,52.38096167305982,-50.7692266251207,-45.762709617032584,-51.87969743696669,0
HK.00583,489,0.17499999701976776,0.18000000715255737,-2.777783296726149,0.0,40100.0,7017.499880492687,1.4909176870474998,0.19716000020504,0.21936499916017055,-18.60465390286356,-10.714284899717844,-27.983540533059298,-28.278690551924957,-19.35483738060101,0
HK.00585,490,4.409999847412109,4.25,3.7647022920496322,0.1752494978849062,419550.1,1850215.8769817352,10.229365293857139,4.966999988555909,2.7152499976754187,-26.926264143930712,11.645564409502676,401.13634901229005,451.24997271224896,374.1935283328113,1
HK.00586,490,7.625,7.614999771118164,0.13132277324241512,0.3578629371044299,5130551.25,39120453.28125,2.8845226443668546,8.57269995689392,10.133770968914032,-10.974893478526404,-22.746700832304306,-34.38317836239768,-18.320736239889683,-24.6284231464898,1
HK.00587,490,0.27000001072883606,0.2800000011920929,-3.571425150243618,1.4319235698882773,404239.3,109144.61533701718,3.8478814145381577,0.2796999990940094,0.44232499837875366,1.8868020014566025,-20.588232973867658,-50.0,-51.78571257512181,-60.294116486933824,0
HK.00588,490,0.675000011920929,0.675000011920929,0.0,0.2207967884103504,6731000.0,4543425.080239773,3.1662960000353415,0.6933999967575073,0.7615499964356423,-4.255315191482674,-9.999998410542805,-16.66666544023365,-11.184207843281193,-21.511627826386366,0
HK.00590,490,21.34000015258789,21.739999771118164,-1.8399246676243184,0.5816640590758363,2132285.3,45502968.62736091,3.8568856754512986,22.92319263458252,23.898766946792602,-8.648246580934885,3.7080932461163596,-18.313677704142687,-6.496986348582371,-11.069268214205605,0
HK.00591,490,0.2549999952316284,0.25,1.9999980926513672,0.22920347935165833,445484.1,113598.44337576628,2.784239868308332,0.25745999693870547,0.27077999904751776,2.8225804028817403,2.8225804028817403,6.694561973806626,-21.538460127700667,-40.69767651395449,1
HK.00595,490,1.2649999856948853,1.2949999570846558,-2.3166001840886064,0.3902792140641158,1915940.0,2423664.0725922585,4.9922746242978295,1.2268225646018982,0.8272506801784039,3.62903158864517,38.17203762039578,247.29729597048185,213.4146410798929,213.4146410798929,0
HK.00596,490,2.005000114440918,2.009999990463257,-0.24875005204286174,0.5200539255916691,1506804.7,3021143.595940113,3.7571924820265794,2.2802000141143797,3.6059970200061797,-18.825907238185273,-29.916814354286615,-44.27812448689914,-70.86541790743111,-77.90443266048752,0
HK.00598,490,4.625,4.59499979019165,0.6528881649219476,0.681490959941631,4167788.9,19276023.662499998,3.1906630477154767,4.4005433177948,4.584143426418304,4.937091264701812,9.249562323815836,-2.9174623148522754,3.352453085923806,12.524600509992181,1
HK.00599,490,0.11500000208616257,0.11999999731779099,-4.166662786155852,2.5,45000.0,5175.0000938773155,0.26923017847465286,0.1268199998140335,0.15150000028312205,-9.448820144867442,-10.85270686538117,-29.44785256443952,-37.83783751129669,-29.878049445322464,0
HK.00600,145,17.100000381469727,17.979999542236328,-4.894322487046896,0.9052332065475834,1456793.4,24911167.69572258,9.836882374977499,14.464600048065186,,16.48501380099234,2.7644291387862108,-39.7887302424032,-39.36170241547436,,0
HK.00601,490,0.0560000017285347,0.06400000303983688,-12.500001455191454,,12030.0,673.6800207942724,0.1785714523296568,0.06384000301361084,0.06396000303328037,-12.500001455191454,-12.500001455191454,-12.500001455191454,-12.500001455191454,-12.500001455191454,0
HK.00602,489,0.04800000041723251,0.04800000041723251,0.0,0.0,57625.0,2766.0000240430236,1.225000186419733,0.04508000113070011,0.046310000121593475,6.666663355297644,20.000003725290384,2.1276639591467217,0.0,-21.311475610066662,0
HK.00603,490,0.12200000137090683,0.12200000137090683,0.0,0.4566735962407704,1512028.5,184467.4790728502,4.021366009926017,0.12363999962806702,0.16189499981701375,5.17241800121984,-21.79487252964304,-55.63636409940798,-23.749997438862863,-28.23529406608595,0
HK.00604,490,0.625,0.6299999952316284,-0.7936500427734288,0.5902655544004051,5063303.05,3164564.40625,3.113285050239615,0.674599997997284,0.7741999968886375,-9.42028954208861,-16.666666666666664,-23.78048714004337,-22.839506399956733,-24.698793666597034,0
HK.00605,489,0.800000011920929,0.800000011920929,0.0,0.44014084507042256,44940.0,35952.00053572655,2.8300116433957236,0.8176000046730042,0.8408499979972839,-5.8823541786431095,-10.11235676635287,6.66666825612386,-2.439022085483674,-37.00787213104537,0
HK.00606,490,0.2549999952316284,0.25999999046325684,-1.9230751596258298,0.846399333980852,75120.0,19155.599641799927,5.425559046739256,0.24859999716281891,0.27634499967098236,0.0,-12.068964631322139,-16.393446147009282,-5.5555610745039266,-15.000004967053535,0
HK.00607,489,0.25999999046325684,0.2750000059604645,-5.454550971669479,5.786942929639858,204132.5,53074.448053240776,5.914132713177933,0.3865000021457672,0.8528349976241588,-33.33333333333333,-81.15942091582278,-78.68852587163974,73.33332008785725,-23.529415373983642,0
HK.00608,490,1.0950000286102295,1.0750000476837158,1.8604632594768054,0.09216589861751152,21800.0,23871.000623703003,2.2189268643769346,1.1155659580230712,1.2399387761950493,0.04152819849629367,-6.071215109141861,-17.476853515563235,-29.980363608644282,-15.976433768386133,1
HK.00609,490,1.0399999618530273,1.0399999618530273,0.0,10.117647058823529,42200.0,43887.998390197754,0.42997159695911547,1.0575060772895812,1.2757365414500237,1.960782480441495,-4.6556186850748205,-29.746245346897236,-27.356660343098078,-19.10173706612409,0
HK.00610,489,0.925000011920929,0.9300000071525574,-0.5376338917391232,0.8920606601248885,114900.0,106282.50136971474,1.392691498822229,0.9062999951839447,0.896575001180172,-1.0695176938778126,7.55813913193183,-2.6315764707211,0.5434777327093245,34.057973205379724,0
HK.00611,490,0.4350000023841858,0.4399999976158142,-1.136362558800321,0.522731455917541,544700.0,236944.501298666,1.7211594984911636,0.4694999998807907,0.49842499792575834,-7.446807768615783,-11.22449103716459,-4.395606626909715,-17.924523421477737,-7.446807768615783,0
HK.00613,490,4.934999942779541,4.840000152587891,1.962805520591877,0.26636496673512305,1525825.0,7529946.287691593,9.92684056752179,4.794400038719178,2.578700005412102,-21.542130799541447,78.80434637071204,304.5081825449854,174.16667075068872,80.76922741027646,3
HK.00616,490,0.12099999934434891,0.14800000190734863,-18.243244739890166,5.263672057578499,15940731.1,1928828.4526484422,13.151885530527046,0.1134600006043911,0.2339250000193715,16.34615081522245,-28.823530546109144,-58.27586109445435,-67.29729789595606,-36.3157890196322,0
HK.00617,490,0.19300000369548798,0.19200000166893005,0.5208343843049795,0.22363538486851037,481865.2,92999.98538072706,2.9084572985814536,0.17826000094413758,0.20964499972760678,6.043960227653723,-2.0304534355346258,-10.232557913881825,-22.79999852180481,-28.518519990238083,1
HK.00618,490,0.3149999976158142,0.3149999976158142,0.0,0.32697547683923706,609000.0,191834.99854803085,5.165203320541556,0.3228999996185303,0.28094000041484835,-5.970152307656038,-7.3529428522066915,45.16129408829714,52.91262002487481,104.54545410563279,0
HK.00619,489,0.2849999964237213,0.28999999165534973,-1.72413633637985,5.555555555555555,4600.0,1310.999983549118,0.26315764707211003,0.29629999816417696,0.34134999990463255,-1.72413633637985,-14.925376321032388,-21.917811239116848,-26.92307515962583,16.32652688850623,0
HK.00620,490,0.27000001072883606,0.25,8.000004291534424,1.619701633909543,150200.0,40554.001611471176,3.6737168955618094,0.30773999989032746,0.3825549985468388,-14.285710230976514,8.000004291534424,-36.47058749281413,-57.14285511548825,-71.87499825377013,2
HK.00621,490,0.47999998927116394,0.5049999952316284,-4.950496276539116,1.471037546651319,1913999.6,918719.7874650122,3.5913069743084294,0.5260000044107437,0.5375500023365021,-9.433959399563019,-33.33333747254461,-3.0303061318608857,-5.88235328491722,-18.644065998710722,0
HK.00622,490,3.0450000762939453,2.819999933242798,7.978728665869628,6.535546906909626,20570498.65,62637169.95865449,4.754055750375772,2.5771000003814697,1.7802249959111214,12.36162484986668,43.632086823953955,81.25001020019994,306.000010172526,515.1515246386333,2
HK.00623,490,2.130000114440918,2.119999885559082,0.4717089349841497,0.5162530995352109,184905.3,393848.31016073225,2.3509751039502387,2.019999992847443,1.9134215730428696,0.7092248149663288,9.76361404066179,12.507700072002716,15.392508236723723,-14.116259693426855,1
HK.00625,10,36.400001525878906,40.060001373291016,-9.136294862566633,,,,,,,,,,-24.94845046210535,,0
HK.00626,490,2.2149999141693115,2.2049999237060547,0.45351432241545603,3.5747831371899,2120500.0,4696907.317996025,1.1336861312771167,1.5040077805519103,1.431060667037964,54.89510457447743,70.12472888061353,37.329607996303935,67.25396070846145,82.81246064479568,1
HK.00627,489,0.4749999940395355,0.4749999940395355,0.0,0.0,43156.25,20499.218492768705,2.0966311162410713,0.5728000164031982,0.5566000026464463,-20.83333747254461,-32.14285683875181,-4.040406168924137,-12.03704163616068,-39.10256263302153,0
HK.00628,490,0.24400000274181366,0.2549999952316284,-4.313722625689836,0.6514450558420016,20960233.3,5114296.9826690545,12.471978336280369,0.30842000037431716,0.2973749995231628,-23.749997438862863,-43.255814259731814,29.7872399450052,26.42486946621648,-0.4081640845286294,0
HK.00629,489,0.2750000059604645,0.25,10.000002384185791,6.349206349206349,24900.0,6847.5001484155655,1.452489441682631,0.26809999972581866,0.2855464743822813,5.769236941309597,-6.779654852722472,-6.591820422462498,-9.604983963463736,-22.159854291868246,1
HK.00630,489,0.20000000298023224,0.14300000667572021,39.86013541507756,1.1016613052483146,28731.6,5746.32008562684,4.805104805717394,0.14448000013828277,0.23177000015974045,81.81818551268462,-15.966387238595757,-6.976744347227267,-19.999998807907104,-36.507935081269515,1
HK.00631,490,9.770000457763672,9.479999542236328,3.0590815351340472,0.6863712699235811,15780615.65,154176622.12429258,5.84120425132223,8.044400005340576,9.531650965213776,29.147394367018375,34.75862700363685,-29.497387341309405,17.965694495829812,50.232767502253026,1
HK.00632,490,0.1809999942779541,0.19099999964237213,-5.235604912639797,0.36889705312570686,4709984.55,852507.1765992522,5.804279872996285,0.19606000036001206,0.2595749995112419,1.117312343397333,-27.60000228881836,-56.38554267049927,-5.729170466333388,-54.75000210478898,0
HK.00635,490,0.5,0.5,0.0,0.37327094585210896,273259.95,136629.975,0.7985572393132088,0.46283174157142637,0.47002150267362597,11.924230066342455,7.2607297228716865,13.6963777221942,9.148514624749806,4.950500871490182,0
HK.00636,490,5.954999923706055,6.09499979019165,-2.2969626136967194,0.28549959076584114,2301631.85,13706217.491149426,3.190065802981973,5.768440599441528,6.2695228958129885,3.163320846276034,0.6867250438449637,-7.544721863269384,-13.563272679125763,-14.432188111686106,0
HK.00637,490,0.1770000010728836,0.17599999904632568,0.5681829727139418,0.480225988700565,63400.0,11221.80006802082,2.09959419443577,0.17456000030040741,0.1804200007021427,1.724141474711444,-3.2786870562324233,-12.376240143564567,16.44737287127837,-12.80787873596162,2
HK.00639,490,2.934999942779541,3.0450000762939453,-3.6124837687454154,0.8463244216208563,27075950.1,79467911.9942017,3.720310600809471,2.6043000078201293,2.790934500694275,7.904408526023607,15.575774332907875,-4.8413979753867205,1.2257574592670222,14.13453882358264,0
HK.00640,490,2.2799999713897705,2.299999952316284,-0.8695644061371431,7.0886075949367084,21400.0,48791.99938774109,0.6339714367024172,2.393500018119812,2.447011557817459,-4.201686480785667,-8.433736439464614,-10.228274084356395,-3.471206235814183,2.6125442296698034,0
HK.00641,489,0.36000001430511475,0.36000001430511475,0.0,0.0,6800.0,2448.0000972747803,1.1513150871836562,0.3713000029325485,0.33975000083446505,-1.3698616715036243,-8.860758347611412,38.461549042245025,22.03390857879588,14.285719692031313,0
HK.00643,490,0.17900000512599945,0.17499999701976776,2.2857189567722416,0.1490066225165563,589500.0,105520.50302177668,5.791401980323796,0.195239999294281,0.22932499952614308,-13.526568518165918,-15.962438719848935,-25.41666286376607,-14.354067122100325,-70.16666699780357,1
HK.00645,489,0.1860000044107437,0.1860000044107437,0.0,0.0,16600.0,3087.6000732183456,0.4032258129124006,0.1787400037050247,0.16249500088393687,5.084747617687392,3.9106140135677148,20.779224297794872,41.9847391631303,16.981138971701757,0
HK.00646,490,0.2849999964237213,0.2800000011920929,1.785712575121809,0.17000197847130116,2752580.0,784485.2901560068,17.937909794047094,0.15113999843597412,0.14413500007241964,119.23077452112251,166.35513491573917,82.6923016304449,73.78048082411415,82.6923016304449,1
HK.00648,490,0.5350000262260437,0.550000011920929,-2.7272700672307866,0.8099900012770954,308165.55,164868.57733196317,5.183600504150269,0.6554999995231628,4.4783749967813495,-14.399995803833008,-78.34008016076555,-90.61403431353767,-84.71428496497018,-92.96052588237619,0
HK.00650,490,0.1899999976158142,0.1889999955892563,0.5291016137011844,0.39706626201315126,2237000.0,425029.9946665764,6.102239034854948,0.2293399977684021,0.3033500000089407,-9.090912979859263,-53.6585367626551,-28.30188382176906,2.150533930223632,-5.940598514708368,2
HK.00653,489,2.2300000190734863,2.0999999046325684,6.190481921172456,0.0,702860.25,1567378.3709059954,14.352038018063585,1.4719999933242798,2.118049993366003,76.98412983746097,185.8974488294106,0.4504500150622546,-34.79532253431973,-30.529595246958568,1
HK.00655,490,0.41999998688697815,0.41999998688697815,0.0,0.8940507904666246,174818.75,73423.87270759791,2.6964206309926735,0.43439999878406527,0.3535799984633923,-3.4482794057458057,-11.578949019519266,47.368418300801224,39.99999006589293,37.704910504116526,0
HK.00656,490,5.074999809265137,5.014999866485596,1.1964096585627166,0.5514655977881291,8977877.7,45562727.61510572,3.4479839602481284,4.774600005149841,4.320000010728836,0.2964400524747048,30.128197055518392,39.80715287241178,15.603643818055879,-5.140188790084069,1
HK.00657,489,0.03799999877810478,0.03400000184774399,11.76469621464508,9.830065359477125,114100.0,4335.799860581756,2.430340492734877,0.027780000381171704,0.03067500020377338,35.71427716132356,-19.14893600157128,2.7026980767031223,51.99999284744273,26.666665424903208,1
HK.00658,490,1.0199999809265137,1.0199999809265137,0.0,1.6658924388781966,224599.55,229091.53671610355,5.370778434741218,1.136199984550476,1.6555000066757202,-16.049386592183264,-47.692309949524955,-50.0,-38.181818444538386,-23.30827458541386,0
HK.00659,490,7.809999942779541,7.820000171661377,-0.12788016192218787,0.4901051388830601,1232452.95,9625457.468978476,1.489512306379417,7.930399951934814,8.045142719745636,0.3856006704648972,-1.264221321891492,-7.5167433936929315,7.938333405824895,20.06268510152371,0
HK.00660,489,0.4399999976158142,0.4399999976158142,0.0,0.0,269175.0,118436.99935823679,6.697961945573964,0.4337000024318695,0.41337999917566776,-9.278353682891009,-22.80701699349358,69.23077452112251,134.0425599371488,137.83783348395588,0
HK.00661,490,0.14499999582767487,0.15000000596046448,-3.3333399560713786,0.34144212828372206,52063935.0,7549270.357772335,7.923383681706496,0.12144000023603439,0.12511500015854835,16.935482417290444,39.423070034596485,-10.493829999459143,31.818178739429488,130.15871983416662,0
HK.00662,490,4.684999942779541,4.800000190734863,-2.3958384038671494,3.076923076923077,6000.0,28109.999656677246,0.20265632061119737,4.6775,4.616536130905152,-1.2644877603083755,0.3140980763177463,3.529296847628068,0.9410535242042505,13.874093541929566,0
HK.00664,113,12.510000228881836,12.5,0.0800018310546875,0.16206261510128914,12995.0,162567.45297431946,4.82292094100821,13.798199920654296,,-12.517482083761013,-38.676468319546345,,-58.98360580694481,,1
HK.00666,490,9.229999542236328,9.3100004196167,-0.8593004701890743,0.3685666451377491,1752688.75,16177316.360182762,3.5422996098565562,10.58,13.48264998435974,-16.8468538285383,-29.863224549722233,-37.761297439509846,-29.756474116633786,-22.43697615028754,0
HK.00667,490,3.940000057220459,3.9700000286102295,-0.7556667801907433,0.19278652502568153,5770194.85,22734568.039173197,4.541679598062539,4.2131000328063966,4.989235627651214,-7.51174071521988,-13.024285325868709,-27.499614806724225,-37.42525647205474,-46.08945631494778,0
HK.00669,490,126.4000015258789,127.0,-0.472439743402436,0.9301932408987491,5637820.85,712620564.0426319,2.5253378226158834,133.08860977172853,113.83949440002442,-9.989485055674766,10.758172822850778,6.32477549702297,39.583573800971486,34.98913202095197,0
HK.00670,490,2.575000047683716,2.6700000762939453,-3.5580534043314676,1.1579763914209635,12710420.15,32729332.492330063,3.236981419338742,2.997100009918213,4.11357501745224,-13.445373773827232,-17.99363179440726,-43.40659473098106,-51.59774502639589,-11.512028462753243,0
HK.00672,490,0.07999999821186066,0.07699999958276749,3.8961021368168507,0.016983660899724782,977130.0,78170.3982527554,8.051908714562511,0.08179999947547913,0.10105499975383282,-6.976749424421009,-14.89361600942768,-25.925929503022143,-26.60550446173587,-43.26241367102253,2
HK.00673,490,0.3149999976158142,0.3100000023841858,1.6129016752173695,0.6527162514840403,98720.5,31096.957264631987,5.043279725570207,0.3645999974012375,0.5476999977231025,-21.250001769512867,-38.23529343016556,-48.360657339549675,-60.62500088475643,-48.360657339549675,1
HK.00674,489,0.05400000140070915,0.05400000140070915,0.0,3.345724907063197,31400.0,1695.6000439822674,4.795129017642308,0.0511999998241663,0.07075500015169382,14.893623935577521,-22.857141184563545,-30.769230401845142,-34.146341574220415,-23.94366248912976,0
HK.00675,490,0.35499998927116394,0.3499999940395355,1.4285700905079517,0.4618937644341801,44300.0,15726.499524712563,2.330977991183209,0.3670000058412552,0.3741416673362255,-1.3888957875743526,-4.054058190241914,-7.607608834339269,-8.73434911039952,-1.716139914995409,1
HK.00676,489,1.0099999904632568,1.0099999904632568,0.0,0.0,400.0,403.99999618530273,0.0,1.0111999893188477,1.0029499959945678,0.0,2.020200074126503,0.0,0.9999990463256836,0.9999990463256836,0
HK.00677,490,0.36500000953674316,0.375,-2.6666641235351562,0.745417515274949,984800.0,359452.00939178467,3.0447905611166597,0.34831333994865415,0.3390865448117256,9.445280925092689,12.712298974677443,7.881774570597722,9.445280925092689,12.996598763413155,0
HK.00679,490,4.900000095367432,5.15500020980835,-4.946655752908267,0.7182947043941024,1629600.0,7985040.155410767,12.475595834450134,5.283799962997437,5.226032530665398,-21.031423761230073,-71.40034762508147,354.68149315934335,416.9011044273611,433.5174192272196,0
HK.00681,490,0.029999999329447746,0.03099999949336052,-3.2258070330838233,0.3356101335476846,2088054.45,62641.63209985038,4.460897452807932,0.02899999976158142,0.03178500014357269,3.448276526508396,-9.090910630285256,-18.918921776153955,-14.285716566504256,7.142851440882373,0
HK.00682,489,0.21899999678134918,0.2160000056028366,1.388884768840569,1.104988655449804,28649.6,6274.262307786941,0.29528677644641693,0.2230000016093254,0.2552799990028143,2.336446353000011,-10.975613523493951,-23.157894901951927,-24.482757557586567,-2.2321473118106465,2
HK.00683,490,17.40999984741211,17.540000915527344,-0.7411691067823748,0.7553231983761556,1505639.5,26213183.465257645,2.561398825331033,18.570050315856932,20.22955940246582,-5.832708842623389,-10.427388304267565,-22.627758634076677,-9.165133820367796,-3.9876982796714366,0
HK.00684,490,0.4449999928474426,0.41999998688697815,5.952382557381357,3.5129740518962076,57900.0,25765.499585866928,3.4221337837819887,0.41970000088214876,0.5008249978721142,11.249996554106525,-12.745097810055187,-16.03773266618113,-16.03773266618113,-25.83333747254461,1
HK.00685,490,0.1850000023841858,0.1899999976158142,-2.6315764707211,32.30769230769231,1700.0,314.50000405311584,0.6321321640202876,0.18644000053405763,0.2036399995535612,-1.0695208472019047,-2.6315764707211,-13.953488694454535,-21.27659453046219,-5.1282004256688785,0
HK.00686,490,0.6600000262260437,0.6650000214576721,-0.7518789579387514,0.8020815656994174,180080.0,118852.80472278595,2.305058185848289,0.7586999988555908,0.9457150134444237,-12.582777431202425,-24.928158455064743,-39.43784370218743,-37.33133367947516,-44.56232881252542,0
HK.00687,490,0.3499999940395355,0.33500000834465027,4.477607558580467,0.01734222960808512,225750.85,79012.79615442008,3.2666414667903654,0.3064833319187164,0.291014763712883,21.212122150407655,17.48252174977772,19.318184473605793,26.549573619011145,41.563948168099465,1
HK.00688,490,12.3100004196167,12.479999542236328,-1.362172506852242,0.7897089047958975,38562481.5,474704163.4464612,4.368367729765287,13.303600006103515,13.332291717529296,-8.271234354447058,-19.599312419349204,-6.766244797663227,0.5491422573364311,-8.235407278452845,0
HK.00689,490,0.14300000667572021,0.1420000046491623,0.7042267562093504,0.8770704416755979,232726.25,33279.85530361533,2.7559847237565918,0.15752000004053116,0.2014980349689722,-4.666666004392862,-33.17756745786958,-33.61897068042684,-32.54716586588153,16.26016481774154,1
HK.00690,490,0.07500000298023224,0.07400000095367432,1.3513540725275752,0.21721943155591403,6061950.0,454646.2680660188,7.838083992990612,0.07098000027239322,0.09404271828010678,31.578952528102906,-11.764703304297399,-28.05341112210914,-32.43277076363971,-51.43605337517049,5
HK.00691,490,0.2549999952316284,0.25999999046325684,-1.9230751596258298,0.03584897543628203,55889.6,14251.84773349762,5.371106588780168,0.26461999595165253,0.43442999839782714,12.334800605394141,-26.086957648481,-50.0,-56.779659903963775,-73.43749990298723,0
HK.00693,489,1.559999942779541,1.559999942779541,0.0,0.0,3150.0,4913.999819755554,0.0,1.5577538084983826,1.6223096877336503,-0.9120535971190338,-3.9147204033896084,-3.328839919012166,-16.57818153931419,8.057259936598594,0
HK.00694,490,1.534999966621399,1.524999976158142,0.6557370898096224,0.7015669828976366,5942414.95,9121606.749900503,3.1495509182419377,1.6302999973297119,2.052474997639656,-4.953562999562579,-9.171602683492717,-31.165921368056487,-44.38405898821202,-46.32867052710265,1
HK.00695,490,7.800000190734863,7.715000152587891,1.10175031063947,1.0232967032967033,577100.0,4501380.11007309,3.367952423220909,8.248499965667724,7.839874994754791,-11.060435762806748,5.405406624492354,-8.343125958296978,-6.02409624710781,51.45631157854115,1
HK.00696,490,8.699999809265137,8.670000076293945,0.346017678283747,0.9434702417640416,3702273.1,32209775.263847448,2.2783086344061747,8.531700057983398,9.402659423351288,3.694868334410716,2.4942683677942825,-11.09780233712726,-13.39478897872979,-15.576085219317658,1
HK.00697,490,1.340000033378601,1.3799999952316284,-2.898547970379774,0.3334846716168492,35993819.9,48231719.867423356,4.021124778750849,1.587900002002716,1.7775985264778138,-23.209167351465396,-22.543351525727292,-29.55846321656887,-37.313493347466995,-38.066169876693614,0
HK.00698,490,2.4000000953674316,2.4200000762939453,-0.8264454667762735,0.727086113627496,122580.35,294192.85169017315,5.804514120066195,2.0985999846458436,3.0065499997138976,3.004299311307958,6.194694933404732,-25.925923200519225,-39.54659752968326,-51.51514772030408,0
HK.00700,490,430.6000061035156,428.3999938964844,0.5135416055964851,0.5973219743898233,18602328.4,8010162722.579601,2.0163715407055873,455.5520007324219,506.9723794555664,-3.5394238371411375,-5.818023926795194,-13.223726730680657,-30.077545586687705,-27.215223566380025,2
HK.00701,490,0.09300000220537186,0.09300000220537186,0.0,1.3523625774227575,118417.0,11012.78126115352,0.4372118579909007,0.09833999961614609,0.1480800000205636,-5.102036084075091,-12.264147826830792,-47.15908936971475,-52.791876310375606,-57.33944750320785,0
HK.00702,489,0.03400000184774399,0.03400000184774399,0.0,,0.0,0.0,0.0,0.03400000184774399,0.03400000184774399,0.0,0.0,0.0,0.0,0.0,0
HK.00703,489,0.09600000083446503,0.10000000149011612,-4.000000596046439,0.3806228373702422,175800.0,16876.80014669895,4.163324505914344,0.10263999983668327,0.11783499956130981,5.49450855355326,1.0526337253750466,-27.2727262464765,-27.2727262464765,-43.19526569828517,0
HK.00704,489,0.13300000131130219,0.13300000131130219,0.0,,0.0,0.0,0.0,0.13300000131130219,0.13569500036537646,0.0,0.0,-13.071892942264524,32.99999932944775,-24.858756776766043,0
HK.00707,489,0.05999999865889549,0.05999999865889549,0.0,,0.0,0.0,0.0,0.05999999865889549,0.05999999865889549,0.0,0.0,0.0,0.0,0.0,0
HK.00708,489,0.17000000178813934,0.17000000178813934,0.0,,0.0,0.0,0.0,0.17000000178813934,0.17000000178813934,0.0,0.0,0.0,0.0,0.0,0
HK.00709,490,1.350000023841858,1.3280000686645508,1.6566230451652377,0.7421221904186525,1019935.35,1376912.7468171536,1.09904739816224,1.3285352206230163,1.345357990860939,2.022298271292541,0.5751760435323469,-0.6413126980879327,4.256649150042813,-5.43038173834212,2
HK.00710,490,3.865000009536743,3.8299999237060547,0.9138403793183644,0.6859329394563628,1882830.0,7277137.967956066,3.627599976237235,4.009000034332275,4.359487324953079,-0.6426759561243633,-11.874961811179686,-8.663117759836796,-25.746495525410335,-29.530943686343164,1
HK.00711,490,0.4300000071525574,0.4449999928474426,-3.3707833564005543,2.3213966064648632,148078.75,63673.863559141755,1.7257754006175845,0.43258810698986055,0.4200258730351925,0.6662708410225139,3.0073398874561534,3.0073398874561534,3.0073398874561534,5.034763941593055,0
HK.00712,490,0.05900000035762787,0.057999998331069946,1.724141474711444,0.6786233640329618,82650.0,4876.350029557943,1.704256296772837,0.06104000002145767,0.09041500009596348,-7.812503819877565,-20.270270814505515,-39.79591642789963,-42.71844632102628,-42.71844632102628,1
HK.00713,489,0.33000001311302185,0.33000001311302185,0.0,0.0,76500.0,25245.00100314617,1.2044213295644572,0.3472000062465668,0.3868999993801117,-8.333333333333332,-15.384608918628043,-18.518515520571142,-17.499997951090364,-29.032255790318807,0
HK.00716,490,0.4000000059604645,0.41499999165534973,-3.6144544569876715,1.2931276504154172,1394775.25,557910.1083135083,2.7262211077023433,0.4317825484275818,0.5436587846279144,-6.863405956401733,-8.82417815548777,-38.130692019590896,-38.130692019590896,-35.36041871668756,0
HK.00717,490,0.06499999761581421,0.06499999761581421,0.0,0.4734174027908504,2754341.95,179032.22018313708,3.8502036917963327,0.06624000027775764,0.08348000027239323,0.0,-7.1428609441737585,-30.10753110276842,-30.10753110276842,-33.67347008595614,0
HK.00718,489,0.03200000151991844,0.03200000151991844,0.0,0.0,554860.0,17755.520843341947,3.995110637654252,0.030760000236332418,0.03171500025317073,10.34483600243968,0.0,-3.030297899049148,0.0,-49.206347610734845,0
HK.00719,490,5.5,5.434999942779541,1.1959532273190232,0.23182231133109865,315610.0,1735855.0,1.9790095597246815,5.940111818313599,6.249791634082794,-7.4074082993586865,0.4390400940724319,-14.687324543292037,-15.702948885713003,-24.46984569024751,1
HK.00720,490,0.27000001072883606,0.2750000059604645,-1.8181800448205245,0.2979403891447033,180183.95,48649.668433164064,3.832334839494035,0.2873000007867813,0.2973550022393465,-5.2631529414422,0.0,-29.87012534624881,80.0,90.1408464006194,0
HK.00722,489,0.4000000059604645,0.4000000059604645,0.0,1.412000593040249,37910.75,15164.300225965679,1.4614789480168204,0.440999995470047,0.45539805546402934,-10.11235676635287,-14.893615537231566,-13.286399605537541,-14.189664890333278,-11.574117355160968,0
HK.00723,490,0.26499998569488525,0.25999999046325684,1.9230751596258298,2.8408481743761653,1425148.4,377664.3056130886,4.762641814068224,0.2279999992251396,0.24288999922573568,12.765951645541577,19.90949533677939,7.72356844518078,-10.169492381566323,7.72356844518078,2
HK.00725,489,0.9850000143051147,1.0,-1.4999985694885254,0.5641748942172073,11425.0,11253.625163435936,0.7950975835575363,0.9732274460792542,0.8664256343245507,4.6562511300435245,-25.57778063997795,27.329260886496098,30.512499950639903,30.512499950639903,0
HK.00726,489,0.032999999821186066,0.032999999821186066,0.0,0.0,64232.5,2119.672488514334,1.3637678651347485,0.037879999876022336,0.039115000218153,-21.428570795018647,-34.000001341104486,-15.384617588929125,0.0,-46.774192966916175,0
HK.00727,490,0.44999998807907104,0.44999998807907104,0.0,0.06808742425274052,62520.0,28133.99925470352,1.6907162359551344,0.5301999974250794,0.6651960900425911,9.756095610793878,-33.82353186091747,-40.789474509759636,-40.0000015894572,-62.80991951304288,0
HK.00728,490,4.59499979019165,4.519999980926514,1.659287822602229,1.1191071233432577,74331910.3,341555112.23304456,2.2996318150084827,4.520477962493897,4.801232163906097,2.03350973136245,-4.687264782187688,-1.9763292542748736,-10.936445211440166,-14.530238909496582,1
HK.00730,489,5.739999771118164,5.659999847412109,1.4134262519924379,0.0,24575.0,141060.49437522888,3.0167414238447177,5.975999965667724,6.088769240379333,-4.3333371480305996,-8.160003662109375,-6.491232581080496,-5.743162031703097,-4.210529666310701,1
HK.00731,489,0.2849999964237213,0.2849999964237213,0.0,0.0,145755.0,41540.1744787395,1.7893210517100733,0.31270000219345095,0.2924150002747774,-8.064517989739157,-41.23711587265499,71.6867513681017,32.55813566654556,50.79365242055177,0
HK.00732,490,0.824999988079071,0.824999988079071,0.0,0.8469601677148847,1453800.0,1199384.9826693535,2.481923284864137,0.8484999942779541,0.9421499747037888,-0.6024090761646119,-14.062499320910607,-8.054710398174858,-19.973543841666846,-24.21317222658555,0
HK.00733,490,0.1809999942779541,0.18299999833106995,-1.0928983996478439,3.085117483995953,12720.65,2302.437577211857,0.7962159576428439,0.21142000049352647,0.24875000111758708,-18.099550409717878,-16.972477691320663,-35.357145175945995,-29.019608759779253,-51.08108325802206,0
HK.00736,490,0.17900000512599945,0.18000000715255737,-0.5555566593452297,0.08193800465197124,455494.15,81533.45518486276,9.902407383630944,0.18219999969005585,0.42686499923467636,20.13422845639675,-38.275858525288555,-64.90195912290011,-74.0579701819557,-48.85714052161388,0
HK.00737,490,1.965000033378601,1.9850000143051147,-1.007555706920991,0.6293933110974508,230464.65,452863.0449425876,1.38946955127598,1.8683259773254395,1.8434920662641525,3.968256521237009,6.889806835803007,4.708379019391131,10.337863043576775,14.064579747251512,0
HK.00738,490,0.36000001430511475,0.36000001430511475,0.0,0.07073607123538468,912820.0,328615.21305799484,3.7512248940983457,0.315100000500679,0.2899850007891655,9.090909090909092,30.909093273572637,24.137939539307464,51.2605067271228,47.540987811399916,0
HK.00743,490,1.7300000190734863,2.069999933242798,-16.425117156244454,,30600.0,52938.00058364868,0.4624276440964666,2.0631999349594117,2.046199985742569,-16.425117156244454,-16.425117156244454,-15.029469168531605,-15.029469168531605,-15.029469168531605,0
HK.00745,490,4.84499979019165,4.974999904632568,-2.6130676770438894,2.074227997100809,87089.75,421949.8204778433,4.427042658568812,5.246299986839294,2.5524250048398973,-12.228264367159776,24.23076081322986,592.1428389573581,572.9166107873144,797.2221477164192,0
HK.00746,490,4.414999961853027,4.474999904632568,-1.3407808728091464,0.07481571129937287,365650.0,1614344.7360515594,2.7801356549150813,4.474908323287964,4.792752904891968,2.6744131631889716,9.169587625948683,-18.94208019974428,-9.332918396820055,-8.457745382956967,0
HK.00747,490,0.06700000166893005,0.07999999821186066,-16.24999604187897,0.13933236574746008,346900.0,23242.300578951836,6.808170508371666,0.06988000027835368,0.08534500056877732,15.517247580745028,-4.2857123090296465,-50.73529556780324,-19.277103350598036,0.0,0
HK.00750,490,0.1850000023841858,0.18799999356269836,-1.5957400432101987,0.18443702792903566,228020.0,42183.700543642044,3.257198889419642,0.2009799998998642,0.22593499965965747,-8.86699127709488,-20.258617367458022,-15.909089369714744,-22.59413886810277,-36.206893893966416,0
HK.00751,490,3.924999952316284,4.019999980926514,-2.363184802511722,1.0961102988584852,818628.75,3213117.8047147393,2.586887855472674,4.366899962425232,5.401324986219406,-11.499436235474342,-22.12301622968262,-43.767909146262696,-24.22779763729942,17.867869136406362,0
HK.00752,490,2.1050000190734863,2.115000009536743,-0.4728127857288839,0.7383224510296333,404200.0,850841.0077095032,1.36079310806901,2.2265048170089723,2.3792400646209715,-6.444443596733941,-3.7038475117414316,-18.159443280915514,-15.105689402752038,-15.105689402752038,0
HK.00753,490,3.6500000953674316,3.825000047683716,-4.575162095024233,1.350924207478926,21636182.3,78972067.45838714,2.999490988585349,4.048200016021728,5.3574500036239625,-9.5415059877041,-13.09523187797328,-38.34459377824172,-48.66385334984133,-26.26262149474102,0
HK.00754,489,2.640000104904175,2.640000104904175,0.0,,0.0,0.0,0.0,2.640000104904175,2.8331500589847565,0.0,0.0,-11.999996503194172,-10.2040798121586,-22.58064403358919,0
HK.00755,490,0.2549999952316284,0.25999999046325684,-1.9230751596258298,0.11989163640555651,43632.5,11126.287291944027,5.070971443874197,0.29189999639987946,0.3346400000154972,-5.5555610745039266,-23.88060033440874,-34.61538343975055,-30.136989433158213,-38.5542167809484,0
HK.00756,489,1.0,1.0,0.0,0.0,89560.0,89560.0,6.392780396775303,0.619600003361702,0.6009250059723854,68.06721880934168,24.99999813735488,96.07843503911701,159.74026617422393,51.515145494480564,0
HK.00757,490,0.05700000002980232,0.057999998331069946,-1.7241350517969516,0.2702702702702703,562200.0,32045.400016754866,3.7548639998105844,0.060319999530911446,0.07374499997124076,-12.307689045307784,-9.523810931704551,-34.48275670119797,-28.74999837018546,-36.66666915019343,0
HK.00759,489,0.20999999344348907,0.20999999344348907,0.0,0.0,92700.0,19466.999392211437,1.298157277653284,0.22228000015020372,0.22213999949395657,-4.977378891149985,-13.223142734960373,1.9417442720587457,-7.079647301376584,-30.000004967053535,0
HK.00760,489,0.11599999666213989,0.11599999666213989,0.0,0.0,3012.5,349.4499899446964,0.0,0.1260000015795231,0.1614600010588765,-5.691062229246363,-32.94797608199877,-35.55555997071425,-27.500000465661294,-20.547946323975335,0
HK.00762,490,6.019999980926514,5.824999809265137,3.3476425415707873,1.0793562960079899,66372815.6,399564348.646039,2.536987454774569,6.19539999961853,7.2006108808517455,-4.897313531056788,-18.20652348205923,-19.85106029218481,-23.82868285760657,-33.9848558212692,1
HK.00763,490,22.600000381469727,22.979999542236328,-1.653608217302956,0.7719201682546555,7884376.0,178186900.60765076,2.5862648389620206,24.29759998321533,25.70045774459839,-12.198909936167547,-12.083183050985543,-11.201983203413995,-16.542732365017805,-29.472727657998014,0
HK.00764,489,0.25999999046325684,0.25999999046325684,0.0,0.0,5381.6,1399.2159486770631,0.09803912402207475,0.2702399989962578,0.6068599983304739,-3.7037110623015317,-17.46031986312503,-65.33333460489908,-73.73737495367094,-51.85185553115077,0
HK.00765,489,0.13600000739097595,0.13600000739097595,0.0,,0.0,0.0,0.0,0.13560000091791152,0.21212500005960463,4.615394138020521,-2.85713799145759,-45.59999704360962,-55.40983468798728,-65.9999986588955,0
HK.00767,490,0.47999998927116394,0.47999998927116394,0.0,0.41478425038932804,4226151.95,2028552.8906583088,13.074525713914573,0.4381999969482422,0.46887499794363974,19.99999552965171,14.285715299398753,7.8651678620858325,-4.000002145767212,-21.311479013986766,0
HK.00769,489,0.699999988079071,0.699999988079071,0.0,,0.0,0.0,0.0,0.699999988079071,0.699999988079071,0.0,0.0,0.0,0.0,0.0,0
HK.00771,489,0.7400000095367432,0.7400000095367432,0.0,0.11411356582070477,49379.2,36540.60847091675,1.9486048167464445,0.719099999666214,0.7429497268795967,7.246378564303781,-2.6315764707211,4.908540472903608,6.203706420508385,-13.975000301413232,0
HK.00772,490,19.350000381469727,19.68000030517578,-1.67682885461778,0.49494957186751215,8331042.8,161205681.3580406,5.052446660043552,20.31200004577637,27.430750007629396,-9.916197421598469,-16.161176579576807,-35.49999872843424,-42.444970267032225,-51.01265726210195,0
HK.00775,490,0.550000011920929,0.5600000023841858,-1.785712575121809,0.28903727681731367,7469294.5,4108112.064040929,4.3043274548489405,0.5756999969482421,0.7208750003576279,-3.508768627628134,-17.910448026752697,-30.37974721746286,-33.73493699034886,-39.560439992305106,0
HK.00776,490,0.23000000417232513,0.23999999463558197,-4.166662786155852,1.1599057188934376,850100.0,195523.0035468936,11.383610187514211,0.28344000011682513,0.7746986349672079,2.2222267845531776,-60.344825725776495,-74.4444433038617,-81.88976317900955,-74.72527499519069,0
HK.00777,490,7.474999904632568,7.389999866485596,1.1502035139737485,0.6103642268200384,1669620.85,12480415.694522548,3.5857318779419014,7.317112798690796,8.093060681819916,4.073897846298147,5.873052246729518,0.25396989441178613,-21.369434489522153,-16.82007026794762,2
HK.00780,490,10.789999961853027,10.569999694824219,2.081364932645509,0.4451421858557701,21239758.35,229176991.78626755,3.803154343372121,12.812800045013427,17.418143663406372,-20.074074356644243,-21.838694786715582,-42.29097406715651,-52.317540487673554,-49.23841481815016,1
HK.00784,490,0.6100000143051147,0.6000000238418579,1.6666650109821552,0.07691124442393478,597600.0,364536.0085487366,4.818027315481936,0.6257000005245209,0.4611300003528595,7.017547712211622,-4.687495634425334,155.2301394013025,609.3023181267855,916.6667132327964,1
HK.00788,490,9.074999809265137,9.029999732971191,0.49833973006263516,0.8947950033080742,18044023.9,163749513.45087555,1.324874496951362,9.205766849517822,10.138101315498352,-1.5443722625713237,-3.7356721255885876,-12.36990848032698,-17.62172291290936,-13.188649985070475,1
HK.00789,490,0.9300000071525574,0.8149999976158142,14.110430659283688,2.3961045965144767,144824.0,134686.32103586197,10.184163955775979,1.1944000005722046,1.6705999970436096,-16.96428542918697,-42.769230329073395,-48.33333156726974,-52.30769310712342,-39.999997692723355,1
HK.00794,490,0.3499999940395355,0.3149999976158142,11.111110059882801,7.9411764705882355,19000.0,6649.999886751175,1.3151260925424433,0.2955999994277954,0.24776499964296816,27.272722346723675,22.80701699349358,82.29166197771625,74.99999441206462,90.2173876952528,1
HK.00797,490,1.125,1.125,0.0,0.14656144306651633,531100.0,597487.5,6.747595166360214,1.046600000858307,0.790799999833107,52.027025067780144,3.2110060137256915,104.54545011205131,125.0,104.54545011205131,0
HK.00798,490,0.13099999725818634,0.1289999932050705,1.5503908205145798,1.6106333072713057,276400.0,36208.399242162704,3.273028471289595,0.1470400020480156,0.18693296544253826,-15.483873386660903,-22.40841335785429,-38.63210835275208,-37.49566922760208,-48.07331799107178,1
HK.00799,490,3.0799999237060547,3.0399999618530273,1.31578823536055,0.32914116102576635,1413819.45,4354563.798134136,2.3186199481518255,3.2159203815460207,3.0225895011425017,-4.799216194616018,-1.7700984378210247,25.80078311582875,-1.4344451946257653,-14.025306467866578,1
HK.00800,210,15.4399995803833,15.9399995803833,-3.1367629433022652,0.8245745108695437,982536.9,15170369.32371111,3.7986369657336665,15.51900001525879,18.975099968910218,-2.4020235257352214,-4.9261096182871515,-10.648154127008883,-33.90411311230299,,0
HK.00804,490,13.800000190734863,13.649999618530273,1.0989053215866738,1.0433540039885514,332671.35,4590864.693452024,7.87311978578081,9.672499966621398,5.0918749856948855,1.9955688329077275,304.6920775186178,304.6920775186178,259.3750129997112,411.11110914881834,1
HK.00805,411,8.949999809265137,8.15999984741211,9.681372262568983,1.010384789043295,2059400.0,18431629.607200623,7.564143104588295,8.021399927139282,3.3130499792098997,1.2443399861825108,147.9224395940755,645.8332878020093,852.1276416984712,692.0353846931263,2
HK.00806,490,2.0,2.009999990463257,-0.4975119657066306,0.3837586882430293,1881850.0,3763700.0,2.7274924967511613,2.0527999949455262,2.1753425455093383,-3.1477024416140047,-0.9900980750178164,-8.852964888986438,-16.971323926342237,-25.69534874018544,0
HK.00807,489,0.9399999976158142,0.9399999976158142,0.0,0.20725388601036268,504500.0,474229.99879717827,1.372233513065462,0.9705000042915344,1.037845158278942,-5.527638883314474,-6.000000238418579,-14.443910861337313,-12.874077919185048,-17.419777090862326,0
HK.00809,490,0.3700000047683716,0.375,-1.3333320617675781,0.5258582464124513,462742.3,171214.65320652723,4.225200839064831,0.38580000162124634,0.5606999991834164,-6.329115261120019,-37.288131997421445,-38.33333498901784,-42.187497962731825,-60.6382972652311,0
HK.00811,490,7.949999809265137,7.940000057220459,0.1259414606122601,0.9406323095631101,1599309.7,12714511.809955882,2.5949607061069404,8.985099925994874,9.613441643714905,-13.86782011325064,-16.841009829329217,-18.34781887278724,-17.214891068814637,-23.676035165035586,1
HK.00813,490,0.03799999877810478,0.03999999910593033,-5.000000931322596,0.48663733076650456,60568631.4,2301607.9191914788,8.775561908850404,0.06344000063836575,0.14566500028595328,-40.62500472937223,-55.813956409773255,-78.7709510112269,-80.10471264436865,-87.33333424395981,0
HK.00814,489,0.28999999165534973,0.28999999165534973,0.0,0.0,83700.0,24272.999301552773,3.687144439712765,0.2831399980187416,0.2981850015372038,1.754384313814067,9.433965022643019,-1.694913713180618,-7.936509888789085,-4.918037752603991,0
HK.00815,490,0.2370000034570694,0.2409999966621399,-1.6597482408591577,0.37331239548068684,35792900.0,8482917.42373854,5.398737822339987,0.2727999979257584,0.470624998062849,-15.357141982840036,-22.29508265600636,-59.13792926264427,-67.97297291854944,-52.12121188403417,0
HK.00816,490,2.2149999141693115,2.194999933242798,0.9111608899671612,0.5793256724409888,258167.75,571841.5440912843,2.6883405505043334,2.2081382036209107,2.328514906167984,-4.861655707604507,-2.466621390928216,-0.4514752022417961,-7.343294698709073,-19.643020401787364,1
HK.00817,490,1.2000000476837158,1.2350000143051147,-2.834005361618721,0.5098111681812347,93136094.95,111763318.38107508,6.254604143350573,1.3827000093460082,1.4628250050544738,-16.955017015578633,-23.076917198752763,-16.666666666666664,-2.439022026387315,-14.490562755294556,0
HK.00818,490,0.33000001311302185,0.33000001311302185,0.0,0.7635882779916491,501999.2,165659.7425827265,4.262946214911932,0.3496000027656555,0.4313750001788139,1.53846929764635,-21.428565853306864,-29.787231074463133,-33.99999737739563,-33.33333132644295,0
HK.00819,490,3.984999895095825,3.799999952316284,4.868419607920642,1.5082869068401845,8880798.1,35389979.4968672,3.4323530395737802,4.619800000190735,6.018948618173599,-17.6652940193588,-22.015659667798477,-36.451675894327515,-40.36782123769257,-42.695320958707775,2
HK.00821,490,0.4000000059604645,0.4399999976158142,-9.090907243657693,2.2560353430586546,7849840.0,3139936.0467886925,13.023546623321655,0.33300000071525576,0.3154050005972385,48.14814446884924,50.94340662380829,14.285717934978315,21.21211820178574,-33.33333498901784,0
HK.00822,490,0.3050000071525574,0.30000001192092896,1.6666650109821552,0.3425925925925926,208200.0,63501.001489162445,3.034889273292706,0.35500000476837157,0.3539750011265278,-16.438356388082727,-11.594200519873441,-1.6129016752173695,-20.77921695905455,-11.594200519873441,1
HK.00825,490,0.2800000011920929,0.2800000011920929,0.0,0.45098039215686275,52150.0,14602.000062167645,3.4730206808844297,0.2721000015735626,0.3076500016450882,5.66038351204981,-1.754384313814067,-19.999998297010123,1.8181800448205245,-6.666669978035689,0
HK.00826,490,3.234999895095825,3.259999990463257,-0.7668740932689097,0.7870553042971281,19108340.85,61815480.645205274,5.302989145846835,3.081599998474121,3.346043789386749,9.106239080690097,-8.406896788220415,-16.391940838951232,2.5381891015153215,30.298499450662526,0
HK.00827,490,0.04600000008940697,0.0430000014603138,6.976740760955494,0.023027189797183597,2258000.0,103868.00020188093,9.27108714208231,0.04582000061869621,0.04116500019095838,-4.166667313418449,35.29411055740639,-23.333331470688144,64.28570953406864,24.32432296373621,1
HK.00828,489,0.16099999845027924,0.16200000047683716,-0.617285199762023,0.27603513174404015,80800.0,13008.799874782562,2.4264508286882847,0.1756000006198883,0.2196849996596575,-13.440863100872285,-17.435895202192718,-32.916665812954285,-36.86274452513797,-43.50877176471474,0
HK.00829,490,0.25,0.22599999606609344,10.619470952064876,3.544440933507877,2596600.0,649150.0,7.1890000214924505,0.16181999772787095,0.20614999800920486,64.47368949920038,60.256406949939645,1.2145773900874939,-9.090911061310528,-12.280700653653822,2
HK.00830,490,0.75,0.75,0.0,0.6609410007468259,541200.0,405900.0,5.641220946464362,0.7046999967098236,0.917136104106903,12.781951248062962,-2.491872005641454,-21.591408307418167,-37.14352566793026,-41.925309231545036,0
HK.00831,490,0.38999998569488525,0.38999998569488525,0.0,0.36047234307022996,437200.0,170507.99374580383,2.409769507006555,0.3663885980844498,0.3285177057981491,-5.851799385665996,17.685250767917505,29.679614880253574,35.758350611462134,31.6444454727765,0
HK.00832,490,0.03500000014901161,0.03799999877810478,-7.89473348831195,0.5398110661268556,190250.0,6658.750028349459,4.540131916678438,0.03644000012427569,0.05215000038035214,0.0,-20.454544684857375,-36.363635747885894,-50.0,-63.15789411768028,0
HK.00833,490,0.5849999785423279,0.6000000238418579,-2.5000074505803007,0.38974538745806925,919279.95,537778.7510243922,5.230063948591796,0.7619000005722046,0.7008078427612782,-28.220861318567376,-40.909093645759604,-6.500478040070008,-9.333804215976242,12.111830473462474,0
HK.00834,490,0.23999999463558197,0.24899999797344208,-3.6144592012486814,3.1325301204819276,57600.0,13823.999691009521,2.1365708588035552,0.26540000051259993,0.3220600012689829,-1.234570399524046,-11.111116630059483,-29.411767026132342,-40.00000223517415,8.59728223048671,0
HK.00836,490,18.950000762939453,18.780000686645508,0.9052186905127892,0.7235936785947674,12370338.45,234417923.06531924,2.1230945951023843,18.275862922668455,17.951577758789064,5.3739309225266645,-0.34698609367521205,7.485874926906634,13.46070370303965,11.878458669049142,1
HK.00837,489,5.889999866485596,5.940000057220459,-0.8417540446667972,0.23104265402843602,83950.0,494465.48879146576,0.6909300286491514,6.060800008773803,6.836419386863708,-2.159470346392097,-9.384617438683144,-19.287377767723733,-21.02643181579444,-13.337770201518989,0
HK.00838,490,0.7149999737739563,0.699999988079071,2.1428551357619274,0.5776325498049963,953700.0,681895.4749882221,2.4709702333865873,0.7571240961551666,0.8089781439304352,-5.217187173573696,-20.504740871375592,-11.047255623360968,-11.047255623360968,-17.756199492813025,1
HK.00839,490,1.850000023841858,1.8550000190734863,-0.26954151914918884,0.6413987024107775,3006852.35,5562676.9191889465,2.6460116801586886,1.852900004386902,2.424524998664856,1.6483500288558521,-7.960197382116542,-32.97101339731014,-40.89457008942296,-33.928569451886744,0
HK.00840,489,0.1720000058412552,0.17499999701976776,-1.7142807026297824,0.0,86000.0,14792.000502347946,2.9915413119624303,0.17592000126838683,0.20164000011980535,3.6144652938028847,-4.444444996339281,-24.561400986260804,-19.99999861384549,-19.62616607678262,0
HK.00841,489,0.16500000655651093,0.16500000655651093,0.0,0.0,175000.0,28875.001147389412,5.308425797133191,0.1539600020647049,0.19165500022470952,-1.7857090589038478,-12.234036060494278,-7.303368717172449,-39.99999891627921,50.00000677325512,0
HK.00842,490,0.8700000047683716,0.8700000047683716,0.0,0.3142126415783705,404800.0,352176.0019302368,2.911650850100396,0.9396000003814697,1.0454500010609626,-3.333330242722041,-33.587782994675806,40.322580335043476,-58.57142646296485,-53.22580655498551,0
HK.00844,489,0.41499999165534973,0.41499999165534973,0.0,0.0,8400.0,3485.9999299049377,0.9832890412590756,0.4025000011920929,0.44572499990463255,5.063286172982784,-7.777777189089913,-5.68181956725673,-18.627451094972404,31.746030094101542,0
HK.00845,489,0.009999999776482582,0.009999999776482582,0.0,,0.0,0.0,0.0,0.009999999776482582,0.009999999776482582,0.0,0.0,0.0,0.0,0.0,0
HK.00846,489,0.07400000095367432,0.08100000023841858,-8.641974400173074,0.056338028169014086,35600.0,2634.4000339508057,1.3633522029692702,0.08234000056982041,0.09855000007897616,-9.756098890644923,-8.641974400173074,-28.846154397232283,-32.11008923471736,-43.07692025540133,0
HK.00848,490,0.0989999994635582,0.0989999994635582,0.0,1.267686221392833,186222.2,18435.997700102627,2.031427481736408,0.10541999995708466,0.11838500011712312,-10.0,-13.15789525281029,-18.852460367949973,-21.42857311804546,-23.84615146549487,0
HK.00851,489,0.16500000655651093,0.17000000178813934,-2.9411736347271384,0.0,4000.0,660.0000262260437,0.15624985448084444,0.16680000096559525,0.2183399998396635,-2.9411736347271384,-9.340653897353759,2.484477108530526,-35.29411386591058,-48.43749679857858,0
HK.00852,489,0.16599999368190765,0.16599999368190765,0.0,,0.0,0.0,0.0,0.16599999368190765,0.16599999368190765,0.0,0.0,0.0,0.0,0.0,0
HK.00853,489,6.074999809265137,6.074999809265137,0.0,0.0,6153502.2,37382524.6913126,2.2468267277769525,6.596999931335449,8.904900002479554,-10.661770016676678,-12.083937143062192,-39.43170517447724,-43.48837386730106,-58.9804210861571,0
HK.00854,490,5.125,5.125,0.0,0.7127583749109052,7265.0,37233.125,0.9236941435138899,5.320299987792969,5.5088249826431275,-7.823740058566925,-10.087716289577694,4.80572883293956,-11.790016342957701,-42.15575396622507,0
HK.00855,490,4.320000171661377,4.320000171661377,0.0,0.8506041415915654,992677.05,4288365.026404309,1.5891384042561598,4.537799987792969,4.920237762928009,-6.493500461665078,-6.086950842960002,-17.014121353044818,-15.913931968197698,-23.587736484255384,0
HK.00856,490,9.5,9.489999771118164,0.10537649233955308,0.3220592952636035,3820713.0,36296773.5,4.7090879994945585,9.70760000228882,8.851110134124756,-12.36162484986668,-0.7314492900357872,27.561597160457936,22.515893042703638,-2.9232544360245734,1
HK.00857,490,9.920000076293945,9.979999542236328,-0.6011970811066598,0.7339076108147049,74493443.7,738974967.1873988,2.7188690957556343,9.53738639831543,9.25681925535202,6.787823001915777,3.0855069059801616,2.583130127122965,23.53320651292245,40.32444045760999,0
HK.00858,490,0.08500000089406967,0.0729999989271164,16.438359100435257,4.635603345280765,1025000.0,87125.00091642141,5.117285017199662,0.07800000086426735,0.07913000050932169,7.5949328886625835,24.999994521632214,7.5949328886625835,3.6585348124734343,-27.966101373861797,1
HK.00859,489,0.11599999666213989,0.11599999666213989,0.0,,0.0,0.0,0.0,0.11397999972105026,0.11720500022172928,-0.8547025963809027,15.999994933605269,-12.781958256806162,-0.8547025963809027,-2.52101345424561,0
HK.00860,490,0.6650000214576721,0.6499999761581421,2.307699361496682,0.7112759150196811,270675.45,179999.18005806507,8.038045385360048,0.4859999978542328,0.5890249973535537,24.299063338120643,3.906255675247066,10.833332505491079,-0.7462679264300778,9.016394403729805,1
HK.00861,490,2.200000047683716,2.069999933242798,6.28019896779725,2.901739380894326,846399.25,1862078.3903594613,5.006149653573385,1.8362000036239623,2.24748047888279,17.333335876464844,11.025671290957058,-9.930983133342515,-15.687280491519907,-25.73779975189783,3
HK.00862,490,1.0800000429153442,1.024999976158142,5.36586029624614,0.11983223487118035,76950.0,83106.00330233574,4.808697577272362,1.1458999967575074,0.7130249978601932,-0.9174302896359119,38.461549042245025,145.45455653805385,134.78261376599048,151.16279650018166,1
HK.00863,490,10.130000114440918,10.34000015258789,-2.0309481145840595,3.950585249644853,1538374.7,15583735.887053013,4.274044302742551,11.689400043487549,13.813200006484985,-16.48804601097221,-1.650486147047503,-37.66153775728666,-40.34157604513834,-36.24921399893037,0
HK.00864,489,0.15600000321865082,0.15600000321865082,0.0,0.0,9400.0,1466.4000302553177,0.0,0.1813200005888939,0.18590999983251094,-17.89473411779321,-17.89473411779321,-28.440363774264625,14.705878485858031,-6.586822019455385,0
HK.00865,490,0.05400000140070915,0.05299999937415123,1.8867962988045544,0.24961369309402115,139360.0,7525.440195202827,3.022907556632103,0.049440000280737875,0.043095000088214874,3.846154397232281,-9.999995653827888,38.46153919630971,45.9459478507693,42.10527141338597,1
HK.00866,490,2.009999990463257,2.109999895095825,-4.739332208735815,0.8960267336931441,4696211.5,9439385.070213437,5.438496752924452,1.8251999974250794,2.658400002717972,-0.248144624347588,14.857142312186106,-48.19587806241897,-23.863639750263772,-22.988503017182673,0
HK.00867,490,11.130000114440918,10.779999732971191,3.2467568658580954,0.9386951887005465,6762168.95,75262941.18736883,3.717213214390898,11.620845165252685,12.41157730102539,-3.858874677766022,4.5823606013714855,-11.934343659958454,-12.673261325840762,-17.039605087896863,1
HK.00868,490,8.569999694824219,8.789999961853027,-2.5028471898016953,1.147276936712496,8618084.45,73856981.10646933,3.0544287008583764,8.915342750549316,9.182158253192902,-6.389951449590211,-5.818280754988448,-17.59121914117032,4.830966509440951,7.8805878301955925,0
HK.00869,490,0.4749999940395355,0.47999998927116394,-1.041665696538963,0.1368839509271036,353062.0,167704.4478955865,1.0791256246776202,0.45409999787807465,0.4521999981999397,7.954544684857372,0.0,18.749996740371035,18.749996740371035,-18.103446946983208,0
HK.00871,490,0.0430000014603138,0.04800000041723251,-10.41666440303543,0.5217391304347826,102000.0,4386.000148952007,1.7251026738944333,0.053360000029206274,0.0709600000269711,-17.307691205535438,-34.84848228285791,-48.80952138090482,-32.81250090949466,-35.82089494147847,0
HK.00873,490,0.4000000059604645,0.3499999940395355,14.285717934978315,3.0888770604181124,1365453.55,546181.4281387375,4.9179110967316655,0.4184000009298325,0.5484750020503998,-9.090907243657693,-25.925927765575384,-33.33333498901784,-32.20338580663828,-45.205480067227505,1
HK.00874,490,13.289999961853027,13.3100004196167,-0.15026639468917347,0.8224969249985616,1505093.9,20002697.873585224,1.4709914512227629,14.632141284942627,16.10135425567627,-9.706064709473837,-8.332878360413542,-22.8673039164081,-22.272337344774197,-23.119515285096494,0
HK.00875,490,0.30000001192092896,0.32499998807907104,-7.692300638503319,0.41604351597506495,5175901.2,1552770.4217015505,12.681843439890928,0.37209999799728394,0.8710999995470047,1.6949238156632322,-36.842101960961465,-58.333333333333336,-79.31034468583914,-17.808218059586352,0
HK.00876,489,1.9199999570846558,1.9500000476837158,-1.538466146946781,0.0,9310.0,17875.199600458145,4.428158309948938,1.945300006866455,4.742125005722046,-13.122175387176663,-43.52941461087915,-80.00000124176339,-49.47368470585578,66.95652146871238,0
HK.00878,490,6.050000190734863,6.079999923706055,-0.49341666690194813,3.151937309534175,33237.5,201086.88133955002,0.7288067461719272,6.248500061035156,6.478490631580353,-2.811240426967275,-8.748113328727504,-9.473723715474637,-2.5764870600524565,2.294690157892072,0
HK.00880,490,1.4149999618530273,1.3899999856948853,1.798559454347344,0.9826804911171292,7860407.05,11122475.675899267,2.772243745775162,1.4798000001907348,2.0126000052690505,-4.713808200523348,-19.602274459070912,-39.00862057891526,-41.528929039539655,-51.70648704390344,1
HK.00881,490,3.200000047683716,3.190000057220459,0.3134793192439665,1.276297528317331,7663562.55,24523400.525427137,5.072862159607052,4.312799983024597,7.998549987077713,-28.73050755441785,-47.88273424645321,-65.99362274629831,-72.53218753248836,-81.49219272273176,1
HK.00882,490,2.0950000286102295,2.075000047683716,0.9638544803331104,0.34035488222475874,242525.0,508089.8819386959,1.796206853499787,2.0883999633789063,2.276019901037216,0.23923993522771544,1.7351811861164201,-17.46013421573072,-10.722186673028268,-17.096986351722528,1
HK.00883,490,24.459999084472656,24.3799991607666,0.3281375162423885,1.0241840324833518,61005304.5,1492189692.2179756,2.4521519711073374,23.11798263549805,23.272931346893312,6.120947297028467,2.686609710563223,-3.4163893721970866,18.67500557326528,35.46063444047171,1
HK.00884,490,0.03099999949336052,0.032999999821186066,-6.0606070868568365,0.5514659211896648,71565604.4,2218533.7001420395,6.9948136860388574,0.037959999665617944,0.08350999983027578,-16.216218665274816,-39.21568613128449,-60.75949611820053,-80.62499988358468,-85.77981640401889,0
HK.00887,490,0.28999999165534973,0.28999999165534973,0.0,0.16826017428301446,4332746.3,1256496.3908447474,2.805251162374999,0.2741018059849739,0.2685330525040627,8.716019906945254,22.02818560983651,-8.404089309821659,34.81649533098728,2.106915889576449,0
HK.00888,490,0.03799999877810478,0.0430000014603138,-11.627912819546511,1.2844036697247707,34200.0,1299.5999582111835,1.3472576296322383,0.040819999799132346,0.06360000006854534,-7.317078711020517,-26.92308078062597,-56.32183922811298,-56.818182972713934,-58.69565358234038,0
HK.00889,490,0.3799999952316284,0.38499999046325684,-1.2987000923330156,0.46218487394957986,241300.0,91693.99884939194,4.072281646724475,0.4190999948978424,0.40807500049471856,-23.23232493513931,-32.14285828325213,2.7027000903735274,2.7027000903735274,20.634920034218744,0
HK.00893,490,0.06599999964237213,0.06499999761581421,1.5384647126735067,0.656311529205863,233800.0,15430.799916386604,5.642977750455692,0.06942000031471253,0.07874000024050475,-10.810812443516545,-1.492540300967864,-25.0,-19.512197781289846,-19.512197781289846,1
HK.00894,490,2.4600000381469727,2.069999933242798,18.840585385585626,3.9044857676545206,4051250.0,9966075.154542923,9.470047517158212,2.02139999628067,1.7279000011086465,33.33333333333333,-61.86046339701758,211.3924014341028,215.38463184349226,339.2857192274259,2
HK.00895,490,1.600000023841858,1.6100000143051147,-0.621117414559334,0.2998370257872276,1609312.5,2574900.038369,2.8203946224766954,1.6639999890327453,2.046299991607666,-5.8823541786431095,-2.439022085483674,-38.69731463023241,-25.925927765575384,-34.95934963289354,0
HK.00896,489,0.25999999046325684,0.25999999046325684,0.0,0.0,55606.8,14457.767469692231,3.195455270145161,0.269040000140667,0.2536699992418289,-5.454550971669479,-7.1428609441737585,12.068964631322139,6.995880534141014,-8.77193202602569,0
HK.00897,490,0.3400000035762787,0.33000001311302185,3.030300019967555,1.3259539087371706,273252.65,92905.90197722764,2.4223817434796886,0.3047000002861023,0.33995000034570694,9.677419664956526,9.677419664956526,0.0,-12.820508705793602,-4.225348210765052,2
HK.00898,490,0.9100000262260437,0.925000011920929,-1.6216200542241166,0.6756756756756757,30600.0,27846.000802516937,0.2284264773389195,0.9835000097751617,0.9919638302922249,-1.6216200542241166,-2.150535566956493,-12.9629665524132,-6.930692284672863,-12.103044266198475,0
HK.00899,489,0.1899999976158142,0.1899999976158142,0.0,0.0,115475.0,21940.249724686146,1.8176666748135082,0.21061999797821046,0.19841577395796775,4.972377691923669,4.972377691923669,-5.940598514708368,8.571429057997108,-14.027150724705498,0
HK.00900,490,9.069999694824219,9.079999923706055,-0.11013468024077125,1.0977271168001255,72121.75,654144.2504901886,1.0801870350139964,8.893400058746337,7.909661087989807,-0.055097680947751575,11.462740856368042,22.783175193537843,29.35181785607835,37.48786212852548,0
HK.00901,77,67.9000015258789,69.30000305175781,-2.0202041330839378,0.6358636267641199,299499.6,20336023.29700012,9.591436282148427,66.92000030517578,,0.5925948531539352,11.311477911276896,,10.947713528455926,,0
HK.00902,490,5.739999771118164,5.724999904632568,0.26200640585964163,0.41162803420405564,30162687.55,173133819.6333087,2.555347824112365,5.747299976348877,5.7454695129394535,0.26200640585964163,-12.207858243754877,0.35426797665091003,6.593916001601347,8.087345504390917,1
HK.00907,489,0.061000000685453415,0.061000000685453415,0.0,,0.0,0.0,0.0,0.061000000685453415,0.0607050003670156,0.0,0.0,5.17241800121984,15.094342275037622,-29.069769053668004,0
HK.00909,490,1.0700000524520874,1.090000033378601,-1.8348605792718238,0.6645846895565719,13607059.05,14559553.897218652,6.860771021526324,1.2874000024795533,2.1130512964725496,-17.69230063850332,-36.30951869886462,-52.03321769618218,-66.35166296612138,-68.3365367865861,0
HK.00910,490,0.019999999552965164,0.01899999938905239,5.263158926673246,0.4815276069227875,20170915.0,403418.2909828983,24.951368684922354,0.016000000201165675,0.014500000374391675,66.66666149265241,42.857135254509835,42.857135254509835,42.857135254509835,42.857135254509835,1
HK.00911,490,0.4050000011920929,0.4300000071525574,-5.813954777818146,1.2049402550456874,51245.0,20754.2250610888,1.6040610083151856,0.5903000032901764,0.4681249994039536,-22.857139126783967,-43.750002069605635,42.105265359359024,44.64285695279131,37.28814209990406,0
HK.00912,490,1.0549999475479126,1.0499999523162842,0.47619004368509765,0.4430379746835443,24500.0,25847.49871492386,0.5158222844811746,1.05996431350708,1.0318805566430092,0.0,5.161978907907734,6.163519281435775,3.214527131833574,-6.94921571688949,2
HK.00914,490,16.260000228881836,16.489999771118164,-1.39478196136283,0.9848716033636494,7483521.25,121682057.23784208,2.833634708896957,17.265880355834963,19.892861375808717,-5.321880194502267,-8.642987286632565,-24.998231613887235,-25.064251941095133,-27.488724288460197,0
HK.00915,490,0.05900000035762787,0.05999999865889549,-1.6666638726988803,0.3091048201989288,331800.0,19576.200118660927,7.975159247975376,0.04524000003933906,0.052569999843835834,51.28204907773755,15.686277374310166,-7.812503819877565,17.99999895691873,-21.33333598242855,0
HK.00916,490,5.34499979019165,5.289999961853027,1.0396943050138931,0.9429844128510825,16366235.5,87477525.31372714,2.3053442126552506,5.478999986648559,6.440401699542999,-2.6411655186095047,-10.916670163472492,-31.696067992937127,-20.076319560190335,-18.849548290058387,1
HK.00917,314,7.900000095367432,8.069999694824219,-2.1065626503780193,0.40403183881279897,9473538.95,74840958.60846707,7.754043855528018,8.448999977111816,17.117699975967408,0.6369451126407831,-23.15174804888713,-57.84418254079807,-66.23931528139221,-89.46666653951009,0
HK.00918,490,1.815000057220459,2.0,-9.24999713897705,0.5152298793848826,878700.0,1594840.5502796173,10.251979702624876,2.1880999875068663,1.121274998486042,-30.05780203430306,101.66667836683798,145.27027484184634,218.4210666659138,303.33335673367594,0
HK.00919,490,0.08100000023841858,0.08100000023841858,0.0,0.3155818540433925,92000.0,7452.000021934509,3.948398563980413,0.08095999985933304,0.08549000028520823,1.2500025611371375,-14.736840784384587,-8.98876536179935,3.846152009225729,-7.954544684857372,0
HK.00921,490,22.65999984741211,23.18000030517578,-2.243315146322767,0.27849369824875264,697534.6,15806133.929564666,3.080827899945219,22.46799987792969,22.30870267868042,0.6216669040971237,-9.58672359990831,6.932639912728372,1.6766284726355798,6.742369952625099,0
HK.00922,490,0.10499999672174454,0.10400000214576721,0.9615332262933276,2.734722775075129,359101.0,37705.603822775185,2.202314634728198,0.10472000017762184,0.11999000042676926,0.0,-5.4054095778756155,-19.230768789906456,-8.69565668088043,-29.687499688173236,1
HK.00923,490,0.01600000075995922,0.01600000075995922,0.0,0.001039906408423242,3836400.0,61382.402915507555,7.026963081962009,0.017100000362843273,0.019119999730028214,0.0,-15.7894669766239,-19.999994412064428,-23.809519163470085,6.66667411724743,0
HK.00924,489,0.12399999797344208,0.12399999797344208,0.0,,0.0,0.0,0.0,0.12401999846100807,0.140675000064075,0.0,47.6190471966791,-34.391533932664885,-10.144926753772236,-58.666668984624984,0
HK.00926,489,2.359999895095825,2.359999895095825,0.0,1.3261648745519714,1487.5,3510.49984395504,0.3084985042802974,2.4068000650405885,2.460750035047531,-1.666674945089223,-3.278695092153664,-5.2208881101612565,-1.2552388490188975,-13.55311799972927,0
HK.00927,489,0.4300000071525574,0.4699999988079071,-8.510636544000942,0.0,13600.0,5848.00009727478,1.2222937621850556,0.4540369641780853,0.53994643419981,-4.444446652023793,-18.60082432681425,-21.507938692614086,-31.31944261974205,-34.42265563500245,0
HK.00928,490,0.14000000059604645,0.14900000393390656,-6.040270537074838,0.5795309144176447,7516353.6,1052289.5084800958,9.673213414037866,0.09792000025510789,0.09010000014677644,34.615382411070875,91.78082555291984,28.440370609659837,42.85714720150484,48.93617594657648,0
HK.00929,489,0.5400000214576721,0.5099999904632568,5.882359128509954,4.602649006622516,344000.0,185760.0073814392,4.315363018573187,0.552299997806549,0.6525568048655986,0.0,-50.90909002241026,-12.441028606839918,-29.952825593402917,25.927505863956217,2
HK.00931,490,0.3100000023841858,0.3199999928474426,-3.124997089616889,0.7261612969908159,1431575.0,443788.2534131408,4.811538830070462,0.29419999837875366,0.38082499980926515,-1.5873000855468575,-1.5873000855468575,-13.888891648363074,-36.082475620472046,-7.462688160516194,0
HK.00932,489,0.029999999329447746,0.029999999329447746,0.0,2.7674311220563337,1479200.0,44375.999008119106,3.5751193352061574,0.028419999927282332,0.032010000050067905,7.142851440882373,11.111105745466787,0.0,-21.052630804995065,-3.2258070330838233,0
HK.00933,490,0.32499998807907104,0.3449999988079071,-5.797104579113893,0.2761653520918102,11066929.75,3596752.0368219167,8.388271626815017,0.3396000003814697,0.5133480778336525,1.5624985448084445,-26.96629363980926,-45.79873724441108,-48.339419590582466,-52.76747049068654,0
HK.00934,490,3.8299999237060547,3.799999952316284,0.7894729412163299,0.9507282535979334,1205844.3,4618383.577001381,1.86929356765151,3.6268618965148924,3.772448251247406,6.983240372284626,8.75644549227841,-5.3805145228997855,-2.6835385372165774,-2.6835385372165774,2
HK.00936,490,0.2750000059604645,0.2750000059604645,0.0,0.10966415352981494,337500.0,92812.50201165676,9.993816702392992,0.28079999923706056,0.3057849995791912,-9.836065733954968,10.000002384185791,17.021279428921556,-25.67567502259338,166.99029673998763,0
HK.00938,490,0.39500001072883606,0.39500001072883606,0.0,1.9895287958115184,21000.0,8295.000225305557,2.0461242580719947,0.39340000092983246,0.405100000500679,-1.2499987892806712,-13.186813330768368,2.597407925529181,36.206904170629606,-45.138889578757436,0
HK.00939,490,9.890000343322754,9.75,1.4359009571564503,1.182977144566269,238668148.2,2360428067.638206,2.308044739799749,8.969199981689453,8.203214750289916,11.123604126131042,17.211400853879542,29.753762410645386,30.585510804288774,36.92925194939737,1
HK.00941,490,79.19999694824219,78.9000015258789,0.38022232770792014,0.8893664037794795,12892486.95,1021084927.0952522,0.973664982170821,78.77910446166992,77.41188549041748,-0.3747809251365217,0.2946648550785897,8.054817962188263,1.3863723552957372,-1.2754615613079845,2
HK.00943,489,0.14800000190734863,0.14800000190734863,0.0,0.0,29153.55,4314.725455605983,0.6338030312109009,0.1539999982714653,0.18410499967634678,-12.426034250804001,-12.426034250804001,-35.65217425106603,-24.102560340535103,-35.08771849562844,0
HK.00945,490,343.0,341.0,0.5865102639296188,0.3703112313018308,12949.8,4441781.399999999,0.8218145875496167,338.0747637939453,300.80339431762695,-1.351682860652901,11.451471998365824,25.292306100777186,21.437063043219656,45.902575701874085,2
HK.00947,489,0.18199999630451202,0.17900000512599945,1.6759726774314094,0.4062288422477996,75350.0,13713.699721544981,4.105523303126114,0.16803999960422517,0.18192999944090843,7.692305657556503,0.0,-25.102882399668275,37.878785826286325,27.272718746952034,3
HK.00948,489,0.26499998569488525,0.26499998569488525,0.0,0.0,111310.0,29497.148407697678,4.181952730607007,0.24189999669790269,0.2656499997526407,10.878658531339013,-10.169492381566323,-11.666674945089223,26.1904733183702,28.019315360037606,0
HK.00950,490,1.1449999809265137,1.159999966621399,-1.2931022522848876,0.871843975205362,1001525.0,1146746.1058974266,3.888191966198124,1.1373999953269958,1.2831564527750015,0.0,5.045866592997515,-9.969585421398635,-24.490621857364687,-48.32827068212806,0
HK.00951,490,1.125,1.1200000047683716,0.44642814378045226,0.347913356193025,594300.0,668587.5,3.1697522700691394,1.2679999923706056,1.4268967139720916,-13.461535287326493,-25.986841176520414,-13.644213593400375,-17.318925011032544,-20.150473275002096,1
HK.00952,489,0.0989999994635582,0.0989999994635582,0.0,0.0,84628.85,8378.256104601547,0.8148976014920597,0.09483999967575073,0.12167499992996454,4.210527058783669,0.0,-28.26086815679002,-30.28169280123877,-28.684562889569865,0
HK.00953,490,0.17000000178813934,0.17100000381469727,-0.5847964937132787,1.1239456293988073,1797400.0,305558.00321400166,4.236765439180063,0.17862000197172165,0.2316600002348423,-8.108108325802206,-9.090911264145943,-29.75206499615618,-43.33333498901785,-45.16129016752174,0
HK.00954,489,0.21799999475479126,0.21799999475479126,0.0,0.4734848484848485,216200.0,47131.59886598587,1.6847039975021678,0.25180000096559524,0.29642500035464764,-11.382118401110294,-29.677421587686986,-33.93939815386361,-23.508772810410274,-29.677421587686986,0
HK.00956,490,3.2750000953674316,3.190000057220459,2.6645779505419727,0.6684551869955307,10260147.15,33601982.89473388,2.241551068592845,3.203300004005432,3.529992536306381,3.4755176884742203,6.843896334473953,-16.787458921052032,-11.142389892533258,-16.787458921052032,1
HK.00959,489,0.7200000286102295,0.7200000286102295,0.0,,0.0,0.0,0.0,0.7200000286102295,0.7200000286102295,0.0,0.0,0.0,0.0,0.0,0
HK.00960,490,5.375,5.670000076293945,-5.202823145053021,1.4949465430191993,24414449.65,131227666.86874999,5.301276378900055,6.475899982452392,8.184617257118225,-16.988415765775816,-37.13450432639085,-41.57385090804673,-37.96399221106941,-47.512614312477716,0
HK.00966,490,21.540000915527344,21.280000686645508,1.221805547426518,0.9231494387279482,7415210.05,159723631.26582757,3.8905933986075434,20.80500003814697,20.129581003189088,4.56310930412979,13.055582835462518,4.517268282389656,18.96890756461868,42.071087852702114,1
HK.00968,490,2.0999999046325684,2.0899999141693115,0.47846846286744554,0.3901429861756254,67028246.75,140759311.78268826,4.129037740401538,2.206877055168152,2.817619563341141,-8.496739223480583,-14.203664309842662,-36.307134235461845,-31.10347231369624,-37.62622349940303,1
HK.00969,490,0.11900000274181366,0.11400000005960464,4.385967262802434,0.4252941176470588,3472300.0,413203.70952039957,14.554034856206261,0.0849200001358986,0.1035350002348423,36.781616282756225,45.12195055467754,-9.848482282857907,0.8474593394037465,-52.399998903274536,1
HK.00970,490,0.41499999165534973,0.4000000059604645,3.749996367842013,0.6813367342527344,594375.0,246665.6200401485,7.618549679929525,0.32949999868869784,0.42910000070929527,38.33332505491078,1.219511042741837,-10.752690652985542,-20.192306369719372,-39.85507346531645,2
HK.00974,489,0.7749999761581421,0.7749999761581421,0.0,0.0,14450.0,11198.749655485153,2.654679449821087,0.7808999955654145,0.9196250012516975,-1.8987398597600829,-4.320990879385587,-23.26732836871882,-29.545458239957238,-5.487806961197449,0
HK.00975,490,9.265000343322754,9.654999732971191,-4.03935163578115,0.26384054989521377,7201913.5,66725731.050080776,6.384282400371749,8.60930004119873,9.854975008964539,0.324858557236829,25.54200812535674,-23.870170211665545,-13.653301597515647,-16.15384449412757,0
HK.00976,489,0.4300000071525574,0.4300000071525574,0.0,,0.0,0.0,0.0,0.4300000071525574,0.4300000071525574,0.0,0.0,0.0,0.0,0.0,0
HK.00978,490,0.23600000143051147,0.23999999463558197,-1.6666638726988803,0.2959628813219675,654800.0,154532.8009366989,2.92972598856449,0.23995999932289125,0.26119499929249285,-3.2786890251666563,-5.59999942779541,-12.592595536031723,-10.943390879184303,-19.999995959006956,0
HK.00979,490,0.3499999940395355,0.3499999940395355,0.0,0.6840288117652955,862317.5,301811.1198601872,8.817820459579382,0.30870000064373015,0.3089399995654821,27.272722346723675,-2.777783296726149,-7.894737254879816,27.272722346723675,39.99999761581421,0
HK.00980,490,0.3400000035762787,0.3499999940395355,-2.8571401810159034,0.04848781682380311,409340.0,139175.60146391392,11.179792695385302,0.30470000088214877,0.32392500191926954,13.33333002196431,17.241383917124878,1.4925358528601556,6.250003492459733,-11.688308571860292,0
HK.00981,490,61.29999923706055,63.150001525878906,-2.9295364119036917,0.7520300499685642,61622593.0,3777464903.8856926,4.099596418384141,69.7960001373291,69.81999994277955,-18.429809724021,-16.37108228525441,-0.32520449258447665,-18.37549869167564,2.1666653951009116,0
HK.00983,489,0.5049999952316284,0.5099999904632568,-0.9803912402207475,0.274636876235634,273146.7,137939.08219753506,3.8312811867661516,0.35179999947547913,0.35107500195503233,42.25352408275375,57.812502037268175,36.48648343876912,48.52940879994201,29.487183014081676,0
HK.00984,489,0.24899999797344208,0.2549999952316284,-2.352940145248341,0.26049204052098407,34100.0,8490.899930894375,4.106018490492318,0.23273999780416488,0.31621999815106394,5.957446214892626,6.410256736821419,-34.47368392158413,-35.32467424899694,-42.093024690322686,0
HK.00986,490,0.27000001072883606,0.27000001072883606,0.0,1.9563656949476973,66632.6,17990.802714890244,1.2527235408039048,0.3010400000214577,0.5630350002646446,-10.0,-16.92307057465299,-55.73770419720264,-69.31818043274328,-66.66666544023366,0
HK.00987,490,0.2160000056028366,0.20999999344348907,2.8571487365127637,1.073983284379117,1003211.65,216693.72202083096,3.383661613988941,0.20206000089645385,0.15654201690107583,10.204087373417103,19.798585195503602,77.20208400339502,90.42610448799793,74.7746608292356,3
HK.00989,490,0.550000011920929,0.5600000023841858,-1.785712575121809,1.8733608092918697,17514.0,9632.70020878315,0.3779768099851831,0.5934000062942505,0.6836250017583371,-1.785712575121809,-29.487175372460268,-21.42856838751807,-23.611112490848203,-19.11764615650409,0
HK.00990,490,0.5550000071525574,0.5600000023841858,-0.8928562875609045,0.897362003990246,11624000.0,6451320.083141327,4.460485041328246,0.5541999995708465,0.720199998319149,-3.4782576245485726,-22.916668736272307,-32.317071708095405,-22.916668736272307,-31.48148080012981,0
HK.00991,490,2.690000057220459,2.680000066757202,0.3731339632150389,0.8559978577636264,28296788.8,76118363.49115525,2.6435743274861303,2.43048921585083,2.39698255777359,11.245996636987732,-0.23117352374752417,10.011240324136313,32.1139657451719,27.19337326497786,1
HK.00992,490,32.13999938964844,31.299999237060547,2.6837066232043045,0.8680660609546113,95253108.95,3061434863.515116,4.947519303742685,27.383227119445802,16.075844960212706,-2.665054681755246,42.37909731572403,253.32249920505342,241.1134588935858,203.7094272105408,1
HK.00993,489,0.09700000286102295,0.09600000083446503,1.041668768609959,0.19730249279611944,1280107.5,124170.43116241693,5.559355684708047,0.09997999966144562,0.11703500002622605,-2.999998584389708,5.434785513577022,-20.491801827016698,-34.89932865770243,-51.980198275434084,4
HK.00994,490,0.23399999737739563,0.23499999940395355,-0.425532778337998,0.11753554502369669,975200.0,228196.79744243622,3.8844165937738913,0.27900000095367433,0.322309999987483,-14.90909370706095,-33.14285675360231,-27.999998166010865,-20.677963464775726,-8.23529343016556,0
HK.00995,490,15.890000343322754,15.550000190734863,2.186496131302124,0.4278544899433849,436846.2,6941486.267979241,2.7981911675941795,15.348200035095214,14.221253118515016,6.787635894583355,-0.8885302136438905,22.17927037110311,30.31179261887796,45.71642311467337,1
HK.00997,490,0.020999999716877937,0.02199999988079071,-4.545455315142628,0.09649275634238846,3748850.0,78725.84893861786,6.979855113975293,0.018859999906271695,0.02444499989505857,10.526317853346493,16.666670116009684,-27.58620578915267,-36.36363687676175,-12.500001940255348,0
HK.00998,490,8.505000114440918,8.454999923706055,0.5913683168071141,0.691789462214354,27701712.6,235603068.83320943,2.4314204152246286,7.672700004577637,7.366168291568756,14.084509744875806,12.798410576526484,23.971637377352632,23.971637377352632,29.539216231687693,5
HK.00999,417,8.010000228881836,7.989999771118164,0.25031862749193673,1.2992776540810234,3222214.1,25809935.67850628,4.7428334184926095,7.442267198562622,7.498485193252564,3.0479282831743535,25.330673648935086,8.294262608649234,-3.4396439573598654,-21.65524870845473,1
HK.01000,490,0.4000000059604645,0.4000000059604645,0.0,0.0970873786407767,10350.0,4140.000061690807,1.708333120508877,0.4782999968528748,0.592424997240305,-23.076919109158116,-23.076919109158116,-43.66196928883178,-21.56862481563465,-41.17647033042974,0
HK.01001,490,0.36000001430511475,0.36000001430511475,0.0,0.10800597463638517,158248.7,56969.53426376582,1.6996744982312513,0.37562025666236876,0.3806887049973011,-3.095550902168077,-11.170924035657537,-4.337913863230319,-6.729469894501171,-5.54883202689759,0
HK.01002,490,0.054999999701976776,0.05299999937415123,3.7735855687594055,0.0038665087842246443,1662600.0,91442.99950450659,4.8437896445826025,0.04998000010848045,0.054390000198036435,3.7735855687594055,-5.172411578305348,-3.5087725031225445,5.769228013838593,5.769228013838593,1
HK.01003,490,0.1979999989271164,0.1940000057220459,2.0618521067476143,1.210978502618227,405160.1,80221.69936531037,2.3883189967608054,0.20400000005960464,0.24903999909758567,-9.589040257018498,-3.8834957776908783,-22.35294014524834,-39.0769211723959,-41.764706810452935,1
HK.01004,489,0.15800000727176666,0.15800000727176666,0.0,0.0,19485.0,3078.6301416903734,8.556899183994714,0.14180000126361847,0.31384500056505205,-4.242423640357147,-28.18181448731539,-50.62499662395559,-69.61538210246681,-47.33333300219643,0
HK.01005,489,0.41999998688697815,0.41999998688697815,0.0,0.0,8061.4,3385.7878942906855,0.06493500461665078,0.4114999943971634,0.4139249987900257,0.0,10.526313725600916,-5.617978957818797,-5.617978957818797,-4.592592201442208,0
HK.01007,489,0.6700000166893005,0.6700000166893005,0.0,,0.0,0.0,0.0,0.6700000166893005,0.6700000166893005,0.0,0.0,0.0,0.0,0.0,0
HK.01008,490,0.15199999511241913,0.15199999511241913,0.0,8.671875,36700.0,5578.399820625782,0.2790918179436336,0.1625400024652481,0.17194100134074689,-6.748470688365073,-15.555561626398765,-7.559446510148432,-11.761294575781868,-32.80283135238578,0
HK.01009,490,1.465000033378601,1.4900000095367432,-1.677850738129515,0.09795686469463172,1428000.5,2092020.780164659,1.9329707645370298,1.4655000281333923,1.2530250111222268,1.3840816747774356,6.159423075411365,49.489796414865836,23.109240582767107,13.565897418647513,0
HK.01010,490,0.05999999865889549,0.06499999761581421,-7.692306369719372,0.8335464075683968,2440800.0,146447.99672663212,14.722047920617804,0.036720000058412555,0.07311500005424022,100.0,-3.2258070330838233,-36.17021200707076,-36.17021200707076,-36.17021200707076,0
HK.01011,489,0.36000001430511475,0.38999998569488525,-7.692300638503319,0.0,470262.5,169294.50672715902,3.295142073172615,0.3810999977588654,0.6231499992311,4.347830593924006,-21.739128744669838,-51.35135004518676,-57.647058328542755,-56.626503428452054,0
HK.01013,490,0.36000001430511475,0.4000000059604645,-9.999997764825855,1.7381228273464657,23450.0,8442.00033545494,1.5611433347582726,0.36029999911785127,0.44405499897897244,14.285719692031313,-27.99999713897705,-19.99999470180921,89.4736941171156,67.44186433345443,0
HK.01020,490,0.24500000476837158,0.25,-1.9999980926513672,0.7168322162360472,16860440.0,4130807.880396843,7.730138328250128,0.22529999881982804,0.26794000081717967,18.93204101204636,20.6896609941688,-31.94444582418154,8.407083642922546,72.53520897671106,0
HK.01021,114,11.0,11.890000343322754,-7.48528442072388,6.384675290316754,6930486.5,76235351.5,12.852569328424904,10.708199920654296,,4.2654009585737445,-40.860216266668665,,-40.21739006493175,,0
HK.01022,490,0.33000001311302185,0.3400000035762787,-2.9411736347271384,0.7042712748614282,225075.0,74274.7529514134,5.592358093235019,0.39039999902248385,0.5179999984800816,-16.455695151977128,-35.29411386591058,-41.07142648070443,-45.0,-45.0,0
HK.01023,490,0.4300000071525574,0.4699999988079071,-8.510636544000942,28.826355525051476,176850.0,76045.50126492977,1.108660411268916,0.4609000051021576,0.48488675966858863,-5.49450664614695,-9.473681568769173,-12.244892870073851,-15.55640431167589,-5.494500456073799,0
HK.01024,490,30.579999923706055,31.260000228881836,-2.1753048630739076,0.5553395015688223,59723426.0,1826342362.5234642,3.226701831670272,39.43679977416992,52.855378799438476,-23.70259848637997,-31.84703669202421,-47.810381500140004,-53.04904126225818,-56.51445590095293,0
HK.01025,490,0.22300000488758087,0.2070000022649765,7.729469781417245,0.25145813505137027,6220230.0,1387111.3204018772,5.645676251602013,0.20044000029563905,0.24164088986814022,17.368425097822204,-3.043477894678465,-18.909090889386896,-2.241428956277872,-21.75438326811853,3
HK.01026,490,0.08500000089406967,0.07400000095367432,14.864864592747242,3.365079365079365,184000.0,15640.00016450882,4.039870760802938,0.05633999988436699,0.0854550001770258,46.551729896406094,-3.409089369714744,-24.10714440142769,-19.047615668670826,-34.6153815293452,3
HK.01027,490,2.700000047683716,2.5299999713897705,6.719370680489038,1.5741632554779676,41774.35,112790.74699195623,4.295613057159868,3.458400020599365,3.1801499950885774,-26.027397886631643,-7.8498298236573225,10.65573706418013,-23.076921509411047,117.74193765469568,1
HK.01028,490,0.8500000238418579,0.8949999809265137,-5.0279282730342985,0.31896734655201636,1882929.0,1600489.6948925257,6.9142619298368295,0.9328999972343445,0.8659249991178513,-20.560749329503484,-37.037036382939434,18.055554175818465,18.055554175818465,347.36843921471194,0
HK.01029,490,0.4050000011920929,0.4050000011920929,0.0,0.08240266963292547,66202.8,26812.134078919888,0.887019177272555,0.43179999589920043,0.49509999811649325,-9.999997350904605,-17.34694014088105,-30.172411578305347,-18.18181872915192,-36.71874839928929,0
HK.01030,490,1.3899999856948853,1.3600000143051147,2.2058802260453536,0.6604633459350225,23252416.35,32320858.39387152,4.259578820092988,1.4075000023841857,1.920125000476837,1.0909080505371094,-16.265059419009816,-37.387388838681375,-32.850240071391966,-41.841007335411135,1
HK.01033,490,0.6650000214576721,0.675000011920929,-1.4814800424667633,0.8128816746643821,25927364.15,17241697.716090877,3.314278701106193,0.6475999999046326,0.7750499978661537,2.307699361496682,0.7575750049918888,-44.583333747254464,-3.6231849629747175,-13.636358710359813,0
HK.01036,490,1.8200000524520874,1.7999999523162842,1.111116703645831,2.022703818369453,26675.0,48548.50139915943,0.6141944163747087,1.7245999956130982,1.6316292411088944,2.8248628284956814,16.49884624893553,17.164556802712134,13.909989179971353,28.954702190544534,1
HK.01037,490,0.6200000047683716,0.6200000047683716,0.0,0.2537250443731296,1067323.85,661740.7920893967,2.526592637066825,0.5635000044107437,0.5869999998807907,-8.82352966957026,16.981139289989432,10.714286094417377,-18.421050980480732,148.00000190734863,0
HK.01038,490,65.9000015258789,66.30000305175781,-0.603320524082994,0.5286589148862405,1389794.3,91587446.4906578,1.6550714043309322,62.606229629516605,60.09381469726563,3.6681651840917677,16.33269474321748,4.25742140450102,20.233826681620187,33.12324231144305,0
HK.01039,490,0.05000000074505806,0.05000000074505806,0.0,1.3902681231380338,53850.0,2692.5000401213765,2.3620557509636284,0.04818000011146069,0.0523000000230968,8.695653582340375,0.0,-5.660374838714258,-1.9607810195433113,21.951217960914253,0
HK.01044,490,20.780000686645508,20.700000762939453,0.38647304713767794,1.5214392571702198,5484721.85,113972523.8090596,2.5951348120270596,22.414985008239746,24.626751565933226,-11.37504266640549,-11.229275202238957,-20.414145466573473,-21.202680005942327,-7.05772976023828,1
HK.01045,490,2.1549999713897705,2.184999942779541,-1.3729964382336555,0.2223090424601356,2585270.15,5571257.099284828,4.715208211058573,2.151700038909912,2.9302818816900253,0.23255236281672798,-25.945020349557673,-30.966027668655876,-41.30266588427149,4.78078772649145,0
HK.01046,490,1.0299999713897705,1.024999976158142,0.4878044241882981,1.8178998790519338,16338124.1,16828267.35556252,8.901773954019365,0.5343999999761582,0.40137500166893003,114.58333216918008,190.1408457798609,202.9411648693383,151.21950740831224,207.46267036808536,7
HK.01047,489,0.3400000035762787,0.3400000035762787,0.0,2.2222222222222223,16000.0,5440.000057220459,0.937229402272691,0.35770000219345094,0.3461999997496605,-1.449273985189887,3.030300019967555,6.250003492459733,-8.108108325802206,-1.449273985189887,0
HK.01049,489,0.7799999713897705,0.7799999713897705,0.0,0.0,2370.05,1848.6389321923257,0.3205129086853752,0.8891999971866608,1.0883499920368194,-13.333334216365131,-22.00000286102295,-41.79104836116144,-30.357145708130318,-16.129035979478314,0
HK.01050,490,1.8899999856948853,2.0199999809265137,-6.4356433890658415,1.9720890765986048,1694164.7,3201971.2587647797,3.4737298641461427,1.9000669932365417,2.3341351544857023,-6.335019103451665,-35.31164470194623,-19.74349353821102,-24.14973091030452,79.06109886773802,0
HK.01051,490,7.534999847412109,7.659999847412109,-1.6318538184074587,0.16864093674418995,34775.4,262032.63369369507,2.705212657939394,7.996399974822998,9.397552723884582,-3.2734289562212067,-1.4266033341577913,-30.554598485125485,-33.66230901094624,-28.426747620360704,0
HK.01052,490,3.3949999809265137,3.4049999713897705,-0.2936854786279273,1.2276828770565753,1797551.1,6102685.950214434,1.9704938100369207,3.5671000051498414,4.007737528085709,-3.000000544956752,-10.200902502351607,-22.831988027402232,-24.653543584567874,-15.63664504093438,0
HK.01053,490,0.8650000095367432,0.8849999904632568,-2.2598848748059988,0.7590587108676365,1433980.0,1240392.713675499,1.871765554249081,0.8947999918460846,1.076150000691414,-4.419885427355438,-4.9450566365283315,-30.241935251282605,-28.51239815980271,-33.96946203666259,0
HK.01055,490,2.930000066757202,3.0350000858306885,-3.4596380923906143,1.4851735390868015,12611058.2,36950401.36787896,2.966894195271973,3.2999999856948854,4.436649997234344,-10.122697075810745,-14.327485339349103,-40.32586236633992,-50.0,-20.81081002711206,0
HK.01057,490,3.825000047683716,3.815000057220459,0.2621229439913207,0.21426813190924385,11703765.0,44766901.683079004,4.340567260889143,3.786216616630554,4.731303131580352,-1.6709525827136238,-7.952171566658141,-37.3007557966622,-21.34094382161738,-16.445854997594395,1
HK.01058,490,0.38999998569488525,0.3700000047683716,5.405400180747055,0.46511627906976744,8800.0,3431.9998741149902,2.9606355115950134,0.39789999544620513,0.37547500014305113,-6.024097942928766,2.6315764707211,18.181809150811755,8.333325054910777,-17.021279428921556,1
HK.01059,489,0.42500001192092896,0.41999998688697815,1.1904821881092846,0.68,14760.0,6273.000175952911,1.5519494430270018,0.3881000006198883,0.4106000007688999,7.594936804365715,-4.494377808534073,-12.37113414731564,-1.1627895694091224,34.92063972625006,2
HK.01060,490,0.4950000047683716,0.5049999952316284,-1.9801961500356329,0.2498286923573742,98956852.2,48983642.31086304,3.5307035436454317,0.5050999975204468,0.6798499979078769,-5.714280524221172,-6.603767643538114,-29.285712400261204,-44.3820210421812,-55.803571190989146,0
HK.01061,490,2.0450000762939453,2.059999942779541,-0.7281488787497977,0.6677294950888033,319631.9,653647.2598859788,2.7021816408847155,2.3926999950408936,3.203465458154678,-11.08695136126127,-20.249745566497378,-46.64473407562763,-43.84392801135462,-59.77193305821598,0
HK.01063,490,0.2849999964237213,0.28999999165534973,-1.72413633637985,0.1581988548223905,85539.05,24378.62894408852,5.362849840571408,0.2927999985218048,0.4414749972522259,-10.937499126885067,-28.75000195577738,-43.00000071525574,-38.7096786598261,-50.0,0
HK.01064,490,0.07400000095367432,0.08299999684095383,-10.843368951598244,1.7222509625108209,1499215.6,110941.95582976342,11.085029833719643,0.06141999945044518,0.06822000032290816,19.35484219850294,-1.3333359824285513,4.225350043480957,12.121214173713673,-12.941176264343794,0
HK.01065,490,3.7200000286102295,3.7100000381469727,0.26954151914918884,0.16702663786897048,684500.0,2546340.019583702,2.0230150117263737,3.7238000011444092,3.9450634753704072,1.086955465418649,-4.6153862142468425,-16.08106464046838,-6.535781630725067,5.742354476954962,1
HK.01066,490,3.1649999618530273,3.0850000381469727,2.593190363592579,0.4578026845110048,10305504.65,32616921.8241262,2.4846321026861635,3.3474000120162963,4.104802204370499,-9.700431996765397,-6.083083996070974,-34.109232876976144,-36.066381296571706,-42.96946241333811,1
HK.01068,490,0.07999999821186066,0.07699999958276749,3.8961021368168507,0.6387906863342679,423250.0,33859.99924317002,4.481787405019091,0.07750000089406966,0.10207500036805868,2.564098155475083,-10.11236312488395,-31.034482315661073,-27.272728504228205,-45.57823246480513,1
HK.01069,490,0.26499998569488525,0.25999999046325684,1.9230751596258298,1.0699385716481231,2353273.1,623617.3378361583,8.061201882937166,0.28061999678611754,0.34869806468486786,-7.017547712211622,-7.017547712211622,-33.750004563480545,-36.9047633408149,-41.111112730002745,1
HK.01070,490,17.200000762939453,17.100000381469727,0.5847975394087778,0.5042940929124402,5660112.6,97353941.03832321,3.690588822018779,15.956999988555909,13.086541275978089,6.1073518468924926,26.858425342666365,55.69993328443621,70.71969458174522,77.32491636418553,1
HK.01071,490,4.159999847412109,4.050000190734863,2.7160407776989985,3.0606625844286834,7196107.35,29935805.477961157,2.0118420920933913,4.010199999809265,4.128576904535294,4.391466924043069,-7.1428609441737585,-6.148782784690512,6.627999005360458,-0.8678457551462543,1
HK.01072,490,18.920000076293945,19.65999984741211,-3.7639866574850043,0.7824611960419317,5765501.35,109083285.98187284,3.8659645284703976,21.754399909973145,28.173510637283325,-21.03505509499329,-23.402195866796273,-56.56260317966333,-24.88320373808619,15.833051424493059,0
HK.01073,490,0.09799999743700027,0.10000000149011612,-2.0000040233134624,6.172291296625222,14275.0,1398.949963413179,0.6927321140081821,0.10234000027179718,0.10617960829287768,-2.9703029457602916,-2.9703029457602916,-20.656595244753625,-5.826048636560365,-34.56745284530019,0
HK.01075,490,1.715000033378601,1.715000033378601,0.0,0.9616555082166768,34240.0,58721.6011428833,1.4424019927478655,1.7665000009536742,2.4859313941001893,-1.4367802310988533,-9.736839215841284,-42.47962722432471,-43.398487632342004,-36.50080931717571,0
HK.01079,490,0.20499999821186066,0.2070000022649765,-0.9661855223342848,0.17119100024455858,396300.0,81241.49929136038,3.381008812636812,0.22242077857255935,0.2754701956361532,-14.93775889995051,-18.000000715255737,-14.93775889995051,-30.508472093457662,-28.07017516341346,0
HK.01080,490,0.05400000140070915,0.057999998331069946,-6.896546630102299,0.9749854566608493,619950.0,33477.30086836964,6.868785256592555,0.055539999604225156,0.07416000036522746,12.500001940255348,-29.870127671021063,-48.07692280138386,-37.93103108673487,-26.027394254316285,0
HK.01081,70,30.459999084472656,31.65999984741211,-3.7902740641912582,1.3405094738700989,963568.05,29350281.920827106,6.315776482547239,34.65999988555908,,-14.91620186142313,-49.148583792084096,,-54.126508457080234,,0
HK.01082,489,0.9900000095367432,0.9900000095367432,0.0,0.0,102964.0,101934.36098194122,2.400965793860873,1.1124999904632569,1.3774249958992004,-2.941173720662243,-29.78723170405794,-33.108108325802206,-33.108108325802206,-35.29411581377483,0
HK.01083,490,3.0,3.130000114440918,-4.153358136989674,0.614771866303311,6770693.75,20312081.25,2.8351752485190707,3.170469193458557,3.3474850940704344,-3.2107964061824297,-4.4244504671294305,-22.224728283762865,-15.623110886277358,-20.673106292791857,0
HK.01084,490,0.6600000262260437,0.6700000166893005,-1.4925358528601556,0.19662921348314608,71300.0,47058.001869916916,4.059279332052198,0.6875999999046326,0.6530979311466217,-5.714280362031807,0.27706011273486697,1.7964143970930238,4.977552950179628,-1.1975983253592786,0
HK.01085,489,1.7000000476837158,1.7799999713897705,-4.494377808534073,0.7260155574762316,57400.0,97580.00273704529,3.355733079291958,1.7725000023841857,1.5913749986886978,-6.593406665384184,-5.0279282730342985,5.590064135337639,6.918239748170006,0.5917153919925783,0
HK.01086,490,0.9150000214576721,0.8849999904632568,3.389834047197181,2.1745310279118444,3532450.0,3232191.825798154,3.5474037904757685,0.7597648298740387,0.782528455555439,23.01860166002536,36.52064797526627,14.048501667546173,3.1395192823157365,-8.761197310280041,1
HK.01087,490,1.5800000429153442,1.3049999475479126,21.072805089697916,3.7280788177339903,224387.5,354532.2596296668,7.952598962853089,1.5316000080108643,1.0959749999642372,4.635765092330359,79.54546039508396,102.56411549607725,39.82301323740045,12.857147844470362,1
HK.01088,490,45.439998626708984,46.119998931884766,-1.4744152665312995,1.0516517330254649,9959381.9,452554299.8588703,2.461305591754352,43.83279998779297,42.63632194519043,5.039298173274914,3.5448468766100345,3.59066296139599,18.06097039789279,36.598477647434684,0
HK.01090,489,0.6600000262260437,0.6600000262260437,0.0,0.0,8700.0,5742.00022816658,0.7496609463597131,0.6777000069618225,0.775675000846386,0.0,-9.589039865544988,-24.13792843578641,-22.352940268995052,-29.032255790318807,0
HK.01091,490,0.3799999952316284,0.3799999952316284,0.0,0.7779193256745854,3571569.3,1357196.3169694303,4.018051825591742,0.3916999989748001,0.486874997317791,-1.2987000923330156,-14.606741272038148,-33.33333333333333,-32.14285828325213,-8.433734247587214,0
HK.01093,490,8.864999771118164,8.710000038146973,1.7795606462955553,0.7729102483575484,125375260.3,1111451653.8633802,4.120382021509232,8.759900016784668,8.464985439777374,1.2564209621860243,25.711046213989068,-0.39817687899659554,6.884041556752352,-18.05207517049883,1
HK.01094,490,0.3149999976158142,0.3050000071525574,3.2786853209006517,0.4204897719191925,6354657.5,2001717.0973493159,7.151375932113088,0.36369999855756757,0.3591499995440245,-26.74418781949995,8.620691958562439,-26.74418781949995,-9.999999148505061,-61.11111151992211,1
HK.01097,490,0.06499999761581421,0.06499999761581421,0.0,0.08330054522436614,4547855.9,295610.6226570666,5.015875670478817,0.06752000093460082,0.07099000019952655,-4.411773406819428,16.071420731213262,10.169486816639697,-42.98245826155341,-18.750001164153243,0
HK.01098,490,0.5199999809265137,0.5199999809265137,0.0,1.25764192139738,60850.0,31641.998839378357,1.8439615946791574,0.5068999934196472,0.6097250008583068,2.9702942250534496,-13.333339956071377,-20.0,-21.212127232792163,-23.529415373983642,0
HK.01099,490,15.350000381469727,15.359999656677246,-0.06509944942070803,0.6274868134695386,5492893.85,84315922.6928727,2.137020473901794,16.647199993133544,18.144127616882326,-8.630945960950669,-3.9800773318801173,-22.14600676458675,-18.239499185475402,-12.614584611442229,0
HK.01100,490,1.315000057220459,1.309999942779541,0.3816881419329523,0.5609852303107332,58642.5,77114.89085555077,2.24726888775842,1.4166000127792358,1.3751557403802872,-5.395678363042032,-10.544215535581378,-7.594587001075757,7.685053759452078,-6.965984157004633,2
HK.01101,489,0.019999999552965164,0.019999999552965164,0.0,,0.0,0.0,0.0,0.019999999552965164,0.019999999552965164,0.0,0.0,0.0,0.0,0.0,0
HK.01102,490,0.10000000149011612,0.09700000286102295,3.0927820006267703,0.17499300166437173,4209366.25,420936.6312724445,8.390360540809613,0.11380000039935112,0.06870500033721327,-12.280700493130402,63.93442683019999,117.39130716468075,132.558135102413,88.67925032257149,1
HK.01104,490,2.0899999141693115,2.1649999618530273,-3.4642054967762284,0.4500541612958216,4143761.55,8660461.283838093,5.638683171164842,1.7317000031471252,2.2025933861732483,21.86588183627901,43.150675312442644,-33.012820806729025,-20.833339730296217,39.02623691330208,0
HK.01105,489,0.18299999833106995,0.18299999833106995,0.0,0.0,58225.0,10655.174902826548,2.377378662644109,0.17654000073671341,0.19347500018775463,1.666661699613133,5.780350156630161,-6.632651470877694,-8.500002197921242,-33.454547503762946,0
HK.01107,489,0.013000000268220901,0.013000000268220901,0.0,,0.0,0.0,0.0,0.013000000268220901,0.015445000161416828,0.0,0.0,-38.09523598339549,0.0,-38.09523598339549,0
HK.01108,490,2.430000066757202,2.5199999809265137,-3.571425192480429,7.086662080133291,5754180.0,13982657.784132957,3.78011545320449,2.33239999294281,3.3011000072956085,1.8867956592823552,-9.999999116968242,-41.58653471420489,-35.199998219807945,-44.520547870639085,0
HK.01109,490,29.299999237060547,29.15999984741211,0.4801076487689425,0.4814778632717495,30831031.55,903349200.8927897,4.044448986386269,32.505963516235354,30.754337663650514,-13.053874361302775,-17.480920303341314,0.838425426218464,9.787294076077627,-0.49879377367638156,1
HK.01110,490,0.39500001072883606,0.4000000059604645,-1.2499987892806712,1.6236312018385832,3146200.0,1242749.033755064,8.932301605685542,0.4307999992370605,0.4737749983370304,-17.70832925879698,1.282057748038625,-20.202018803278424,-25.47169206574415,-30.701751634134556,0
HK.01111,490,0.23999999463558197,0.24199999868869781,-0.826447960311188,0.26373626373626374,161800.0,38831.99913203716,2.607341946253067,0.2350399997830391,0.2565849979966879,-1.639347566099932,9.090907243657693,-7.692306369719372,-17.241378778793283,-15.789474509759632,0
HK.01112,490,17.90999984741211,17.280000686645508,3.6458283317863724,0.683555828838457,2901547.0,51966706.32725906,4.898038529801414,15.21701873779297,13.27124737739563,20.441861392808452,76.69343475551193,36.71450656244331,44.62188223494608,39.117625162368746,2
HK.01113,490,47.599998474121094,47.470001220703125,0.27385137997694625,0.8580839292173287,5324608.35,253451349.33529243,1.9758119695143506,46.46807487487793,44.50596935272217,4.5993943521768745,5.426269479970574,4.426359649922982,22.56493369362042,37.0124497638747,1
HK.01114,490,1.774999976158142,1.809999942779541,-1.9336998744680038,0.4064322355488292,41615192.9,73866966.40531649,4.117728085823109,1.735303568840027,2.4401851326227186,-1.7145682690576234,-14.607520820532397,-43.14373964715757,-44.8200937887034,-29.153871510526585,0
HK.01115,490,0.42500001192092896,0.38999998569488525,8.974366028163349,1.3069859922494362,9065250.0,3852731.358066201,3.6605375003932945,0.42170000076293945,0.498499998152256,1.1904821881092846,-3.409087676400963,-29.166667494508925,-24.107141051517463,-18.269225478877487,1
HK.01116,489,0.2199999988079071,0.2199999988079071,0.0,0.0,27300.0,6005.999967455864,0.7699418268211738,0.22067999839782715,0.26426999948918817,1.3824913272835533,-8.333331781129008,-13.725489050275936,-33.333336343668805,-2.654866089657651,0
HK.01117,490,1.590000033378601,1.649999976158142,-3.6363602210010213,0.35057721323732516,21001102.2,33391753.19898741,4.815927363454773,1.4221999979019164,1.3748999974131584,11.97183672054227,44.54545444693447,11.18881760136062,-1.8518500803374947,30.327868532090065,0
HK.01118,489,1.2000000476837158,1.2000000476837158,0.0,,0.0,0.0,0.0,1.1423999953269959,1.1265600034594536,6.194694933404732,8.10811101069608,1.0766834198505044,7.176148009390222,27.356632490299116,0
HK.01119,490,0.4050000011920929,0.4099999964237213,-1.219511042741837,0.22948013446295445,6227840.0,2522275.207424164,9.075580255113202,0.3463999992609024,0.45802499905228616,24.615389553047677,12.499995860788722,-16.49484757802371,-28.947367320320488,-62.84403772569244,0
HK.01120,489,0.5699999928474426,0.5699999928474426,0.0,0.0,400.0,227.99999713897705,0.0,0.6864000093936921,0.8295000031590462,-5.785128119441005,-25.974025069249763,-41.23711587265499,-40.0,-33.720932166727216,0
HK.01121,490,0.3499999940395355,0.36000001430511475,-2.777783296726149,0.020994604976994177,612500.55,214375.18884921225,8.107790744875809,0.41620000183582306,0.9979999980330467,6.06060003993511,-55.128204246479584,-73.28244203607291,-72.86821671399306,-83.56807628006145,0
HK.01122,490,0.47999998927116394,0.47999998927116394,0.0,0.8332502591889027,1025602.65,492289.26099647733,2.9833147463162324,0.5894999974966049,0.8638249991834164,-14.285716566504256,-40.74074223971443,-53.39805799960325,-50.0,-32.394365665104324,0
HK.01123,489,0.13600000739097595,0.1379999965429306,-1.4492675377223445,0.318775900541919,631800.0,85924.8046696186,2.135456886423753,0.11877001851797103,0.11445148948580026,10.56910864587761,23.798826090353497,22.712871256510645,19.566386759827463,9.291142008338971,0
HK.01124,489,0.10999999940395355,0.10999999940395355,0.0,0.0,52888.35,5817.718468476087,0.725409129071093,0.11221999987959862,0.18002499986439943,-6.779662087127342,-19.117651892677458,-43.00518274729693,-53.97489422357403,-71.42857087565262,0
HK.01125,489,0.6700000166893005,0.6850000023841858,-2.189778925938227,0.0,680.0,455.60001134872437,0.0,0.7071000146865845,0.8774750009179115,-2.189778925938227,-18.29268017884592,-37.383179079862536,-29.473681568769173,-30.927835368289102,0
HK.01126,490,6.300000190734863,6.34499979019165,-0.7092135688696043,1.4123422290160612,630624.2,3972932.5802820204,4.219214815307858,6.667000017166138,7.369797766208649,3.194105995940206,-5.97014373011073,-23.202810071943283,-22.753704905948428,-49.31340917618155,0
HK.01127,490,1.2050000429153442,1.1950000524520874,0.8368192488977131,1.0957446808510638,377800.0,455249.01621341705,0.9760893290390247,1.1771247577667237,1.2168353235721587,2.531645698016957,-3.476066425541598,-1.264036259774064,-3.4261393769281647,2.5099556099664406,2
HK.01128,490,5.40500020980835,5.480000019073486,-1.3686096533594003,0.6194857118660835,3792971.55,20501012.0235471,2.2830893396002225,5.407508544921875,5.381711659431457,-3.1440503109572138,3.927686817078454,3.419083838737823,-2.4413278560989173,-15.166379350217271,0
HK.01129,489,0.16300000250339508,0.16300000250339508,0.0,,0.0,0.0,0.0,0.16300000250339508,0.28622999995946885,0.0,-14.659684393405323,-57.10526196084853,-42.80701594779804,-49.84615123624623,0
HK.01130,490,0.5,0.5400000214576721,-7.407411086706321,2.1646661543623438,259221.8,129610.9,1.6890988345365103,0.5929000091552734,0.6014249980449676,-15.96639059532916,-12.280700653653822,-23.07692025540133,-9.090911061310528,-5.660372265889812,0
HK.01132,489,0.08699999749660492,0.08799999952316284,-1.1363659454278836,0.012017786323759164,1986750.0,172847.24502637982,8.854754696914311,0.08609999969601631,0.0706949999369681,3.5714269875466207,58.181814487315386,26.08695605226334,33.8461549042245,15.999992052714346,0
HK.01133,490,14.350000381469727,14.890000343322754,-3.62659469041036,0.833435667854247,7158732.95,102727820.5633399,5.27113890669297,16.06639995574951,18.7565109872818,-19.291339554064482,-12.17870105590539,-48.27908670761516,-16.988226690493395,74.9602280298381,0
HK.01134,489,0.2290000021457672,0.23899999260902405,-4.184096557532388,0.0676132521974307,286600.0,65631.40061497688,3.3683491469926823,0.27540000289678573,0.2899350006133318,-0.8658025971626642,-31.641792107010797,2.690581671157841,-6.910570804712958,16.24365774044234,0
HK.01137,490,1.0399999618530273,1.034999966621399,0.4830913423070096,0.4601318963185777,191789.25,199460.81268382072,1.7284571881109927,1.0468999814987183,1.2252249968051911,-0.47846846286744554,3.9999961853027344,-25.17985808948673,-25.17985808948673,-27.77778329672615,3
HK.01138,490,18.31999969482422,18.40999984741211,-0.48886558030331506,1.4189269893886416,19982257.9,366074958.6298988,4.978265212888398,14.800107822418212,14.78810001373291,23.783780126522938,45.512803177996,3.4740173451472725,96.67552341933994,165.9933123353198,0
HK.01141,490,0.625,0.6549999713897705,-4.580148503841451,0.6029100949148851,2552192.45,1595120.28125,4.539286264595894,1.8644999945163727,1.7420749941468239,-13.793106283217258,-75.96153757981291,-41.03773266618113,-14.383563880827294,-29.775279770143054,0
HK.01142,490,0.08500000089406967,0.08399999886751175,1.190478619095182,0.12023657046224157,5662893.5,481345.95256302133,6.272759982400037,0.08220000013709068,0.1389800000935793,1.190478619095182,7.5949328886625835,-44.078944982068116,-63.04347854255503,-97.52906978255255,1
HK.01145,490,0.14100000262260437,0.13899999856948853,1.43885185158186,0.1387443635102324,145150.0,20466.150380671024,2.6406219796372477,0.14292000025510787,0.1501550006121397,-3.424654318570909,-4.7297291854944845,2.9197140630203853,-12.962961600259613,-2.7586160828751227,1
HK.01146,490,0.0560000017285347,0.0560000017285347,0.0,0.05466614603670441,253700.0,14207.200438529253,3.7021736278407187,0.05700000010430813,0.04339822688139975,0.0,21.739133955850935,90.7692249120545,96.38007347341994,13.16818670404313,0
HK.01147,490,0.10000000149011612,0.10400000214576721,-3.846154397232281,1.4096573208722742,1322500.0,132250.00197067857,5.582994039380231,0.11854000002145768,0.13007500059902669,-15.25423653901086,-21.259843859302066,-9.909909728498162,-23.6641194022109,-39.393940899107136,0
HK.01148,490,0.2240000069141388,0.22499999403953552,-0.44443873417215174,0.2695180899370148,345950.0,77492.80239194632,4.573178228017658,0.23239999920129775,0.2730299988389015,-7.053937752469573,-8.571427528781744,-25.333333995607138,-32.12121272327922,1.3574688092064093,0
HK.01150,489,0.07400000095367432,0.07400000095367432,0.0,0.0,299875.0,22190.750285983086,5.562819084203892,0.08100000113248824,0.12230999946594238,5.7142866266017025,-13.953490185376506,-50.99337460790701,-56.72514660650897,-67.256636176209,0
HK.01152,490,0.20499999821186066,0.21400000154972076,-4.205609005927529,0.4045039504186971,3974600.0,814792.9928928614,7.282244627129371,0.23659999936819076,0.27557499945163727,-2.3809501846360366,-45.33333381017049,-30.508472093457662,-28.07017516341346,-53.40909106302853,0
HK.01153,490,0.36000001430511475,0.35499998927116394,1.4084577986089954,0.21333333333333335,18950.0,6822.000271081924,1.7974854395649391,0.37500000357627866,0.37762500151991846,-9.999997764825855,7.462688160516194,-9.999997764825855,-27.99999713897705,-22.58064268034779,1
HK.01156,490,0.2849999964237213,0.30000001192092896,-5.000004967053534,1.3108540410841467,1547848.3,441136.7599644631,9.273390513505902,0.2773599994182587,0.2199549997970462,3.636360089641049,29.545453621828848,33.17756745786958,58.33332505491078,87.50000367627344,0
HK.01157,490,5.949999809265137,6.005000114440918,-0.9159084783947906,0.7071465923966664,7107916.6,42292102.414272495,3.27958345245697,6.879899988174438,7.752545304298401,-13.642961907631035,-19.904910761567617,-37.07401592719457,-20.113494941364852,-2.49876502616613,0
HK.01159,490,2.549999952316284,2.5,1.9999980926513672,1.0526008011461654,15700.5,40036.27425134182,1.7823085830703922,2.573699994087219,2.443775001168251,-5.555558989567952,-7.272729006680575,15.909086229387496,27.49999761581421,-11.149823902535145,1
HK.01161,490,1.2549999952316284,1.2599999904632568,-0.3968250213867144,0.34344590726960506,168100.0,210965.49919843674,1.805172370881172,1.3020999908447266,1.0413827097415924,-11.307418440624504,12.053570525758731,40.970622436064644,43.24041741446066,51.28764101166118,0
HK.01162,490,0.24300000071525574,0.24300000071525574,0.0,0.009354536950420954,2411200.0,585921.6017246246,6.054647466435521,0.21319999873638154,0.19509499967098237,3.404255885784311,32.06521752334441,32.78688684774645,30.64515857679173,-4.705880290496682,0
HK.01163,490,0.15299999713897705,0.1509999930858612,1.3245060560887627,0.11976047904191617,42000.0,6425.999879837036,0.6594195453781068,0.16860000163316727,0.16812000077217817,-6.134972521984926,-10.000002629616654,-6.707321394596002,-4.3749996507540265,15.037590699613993,1
HK.01164,490,2.134999990463257,2.2799999713897705,-6.359648366053669,1.673749996015239,52633777.8,112373115.10104518,6.237485778621997,2.5443000030517577,3.423152595758438,-24.156307386673255,-23.908957618949092,-53.755015644048,-33.772616263134594,-17.786689760866516,0
HK.01165,489,0.024000000208616257,0.024000000208616257,0.0,,0.0,0.0,0.0,0.024000000208616257,0.024000000208616257,0.0,0.0,0.0,0.0,0.0,0
HK.01166,490,0.23999999463558197,0.24500000476837158,-2.0408204226431472,6.192287255184994,78251.75,18780.4195802249,2.372013868614024,0.1878399994969368,0.426359998062253,23.076924840374172,29.729725158153673,-60.00000248352677,-71.0843374142887,-52.000001072883606,0
HK.01167,490,5.96999979019165,5.78000020980835,3.287189852707647,0.2731253095427105,3592524.45,21447370.212758373,6.3875826027640885,5.355400018692016,6.190250005722046,15.697673773881595,24.116421231011152,1.530606700664831,-7.009350167516902,-43.25095503407663,1
HK.01168,490,5.230000019073486,5.034999847412109,3.8728932983305495,2.4339238949677133,407978.45,2133727.3012815714,2.2836090111883185,5.120000033378601,4.363150013685226,-5.510385487747136,90.87591244051609,11.51385832120991,2.952757827169431,-39.746545677482295,1
HK.01170,489,0.42500001192092896,0.4000000059604645,6.2500013969838415,0.11192260267476051,1060200.0,450585.0126385689,2.631275333851313,0.4018682837486267,0.4466195046901703,10.319727322800047,-8.817371040341788,-5.937916244142652,-14.077902572167888,-10.703466974744796,1
HK.01171,490,12.529999732971191,12.979999542236328,-3.4668707637535565,1.4270869367148067,31094337.3,389612038.0659162,3.8920272448114615,12.09854742050171,12.309194641113281,2.5143072402551323,-6.021779997816965,-6.289521655395772,34.9430895862072,45.886669114645,0
HK.01172,490,0.023000000044703484,0.020999999716877937,9.523811213283604,3.724590163934426,2828625.0,65058.37512644939,6.108623662703785,0.01780000012367964,0.020704999947920442,43.74999345163846,35.29411055740639,15.000002793967788,-11.538463191696843,-8.000001192092878,1
HK.01173,490,0.027000000700354576,0.027000000700354576,0.0,0.08981645334136291,671029.05,18117.784819958266,2.921428304462114,0.026160000562667846,0.030555000100284814,8.000001192092878,-9.999995653827888,-24.999994825985475,-15.625001818989318,12.500001940255348,0
HK.01176,490,0.01899999938905239,0.017999999225139618,5.555556705336561,0.1161380015869789,30675300.0,582830.6812589988,24.763574019223356,0.01832000007852912,0.03180000012274831,26.666665424903208,11.76469621464508,-52.5000004656613,-60.41666828354613,-69.8412712960947,1
HK.01177,490,5.474999904632568,5.25,4.285712469191778,0.736389201201075,100531225.95,550408452.4888452,4.440610604353297,5.151723909378052,5.648819010257721,15.306366234342958,25.777896913432297,-5.081315599163134,-11.797268504748022,-34.99775417176606,1
HK.01179,490,33.65999984741211,33.84000015258789,-0.5319157930382451,0.53763328239466,2007807.4,67582796.7776329,2.25305065289516,34.2032292175293,37.01489447593689,3.2421874817180214,-2.879836379461933,-17.31019569531226,-9.192037874424216,21.33766203763547,0
HK.01180,490,0.9300000071525574,0.9350000023841858,-0.5347588469389063,0.9294704373726184,726218.4,675383.1171943188,5.250455699980187,0.9296999967098236,0.6864930614829063,-4.6153862142468425,45.31250436557467,60.57552868458305,52.92907868498806,10.989083842765623,0
HK.01181,490,0.10300000011920929,0.09300000220537186,10.752685673871753,0.6586169045005489,559000.0,57577.00006663799,4.406266079156794,0.10008000001311303,0.15503999933600426,5.1020436867085515,-21.96969645657158,-49.00990270648601,-50.95237936427529,-46.63212531243218,1
HK.01182,490,0.699999988079071,0.6949999928474426,0.7194237817389376,0.546448087431694,11800.0,8259.999859333038,0.772005944707566,0.6813000094890594,0.7545750012993813,16.666660043928623,-14.634147050620408,-9.09090838719426,9.375000582076622,64.70587492814134,1
HK.01183,490,0.125,0.12800000607967377,-2.3437546384227588,1.5521460030513257,449362.5,56170.3125,3.1147786638885897,0.13378000110387803,0.1495350009202957,-8.088240289100042,-11.34751937943534,-27.745661802370456,-7.407411086706321,-28.977272342428684,0
HK.01184,490,8.899999618530273,8.944999694824219,-0.5030752132946789,1.1385558841804027,138302.45,1230891.7522418024,2.8845042601881206,7.992100019454956,5.768203256130218,13.015868171812997,36.923071054311905,97.91406456688989,104.46749820889048,113.67191471006018,0
HK.01186,490,4.420000076293945,4.440000057220459,-0.4504500150622546,1.1425688700510066,4576498.85,20228125.26615915,1.2474672012026848,4.551781597137452,4.839702270030975,-1.9955686922482563,-5.183245768035275,-11.208982197852157,-11.86790566510437,-11.37463505450184,0
HK.01187,91,32.0,31.860000610351562,0.439420549172716,0.2717615086881331,59120.0,1891840.0,3.084665551117141,32.7964001083374,,1.0101000370632516,6.453761039668728,,-17.737792429875768,,3
HK.01188,489,0.012000000104308128,0.012000000104308128,0.0,,0.0,0.0,0.0,0.012000000104308128,0.012000000104308128,0.0,0.0,0.0,0.0,0.0,0
HK.01191,55,124.5,156.1999969482422,-20.294492680909702,2.790139306177933,1065332.7,132633921.14999999,12.250337924805347,108.4299998474121,,2.0491803278688523,,,-24.545454545454547,,0
HK.01193,490,16.399999618530273,16.059999465942383,2.1170620416825763,1.0242413210689176,4799243.55,78707592.38923387,2.6633036925536784,15.820527095794677,18.25094027519226,6.049307251955943,-2.839581156920386,-14.675703941173499,-18.83785804559125,-11.608835577022122,1
HK.01195,490,0.017999999225139618,0.017999999225139618,0.0,0.23991596907776325,14291011.05,257238.18782646174,10.80414298277201,0.01370000010356307,0.017199999811127784,49.999992238978614,19.99999751647308,-5.263158926673246,-5.263158926673246,-35.714290465931356,0
HK.01196,489,2.6075000762939453,2.6075000762939453,0.0,0.0,32489908.6,84717439.15328331,8.162671118416824,2.2094500041007996,2.9018125039339067,31.691921776550736,-6.2893063977322266,-14.578212345700612,-22.395828639763067,-11.983122620944812,0
HK.01198,489,0.08500000089406967,0.0860000029206276,-1.1627930146477543,0.5998224525540441,4292.9,364.89650383815166,0.05681829727139417,0.0832800005376339,0.104375,-3.409089369714744,-1.1627930146477543,-34.6153815293452,-31.999999284744263,-63.82978676184641,0
HK.01199,490,5.815000057220459,5.724999904632568,1.5720550932247894,1.3201831414085845,6261985.3,36413444.877813675,2.3116277795859923,5.0710575389862065,5.263312540054321,16.706781334324543,22.792718108698732,-1.3697501168485167,9.178937160336092,12.982510460778244,1
HK.01200,490,1.7599999904632568,1.7999999523162842,-2.222220161814694,0.4778543816966133,1783165.2,3138370.7349944115,4.540403607276071,2.139199993610382,2.4908212929964066,-16.190472838559504,-21.77777820163303,-39.26967547421149,-19.825315910177984,-6.257295894793459,0
HK.01201,490,2.0199999809265137,2.069999933242798,-2.4154567115350485,1.6999150042497875,137557.5,277866.1473762989,2.674472424755832,2.191299977302551,2.1604749834537507,-5.164325239638642,-14.406776664517867,-33.9869274934805,54.19847856180083,143.37349657154795,0
HK.01202,490,1.465000033378601,1.4800000190734863,-1.0135125338900728,0.05637773079633545,127100.0,186201.5042424202,2.190038754203602,1.5356000065803528,1.3099496072530747,-7.278481418554292,7.7495185632405015,1.1074228280451353,71.64748362413546,35.42828427869375,0
HK.01203,490,0.6700000166893005,0.6549999713897705,2.2900833518668904,1.6046943296808573,170610.0,114308.70284736156,2.666082222049172,0.6685999965667725,0.7374954679608345,2.2900833518668904,-2.5132251156343903,-16.77958188768288,-20.650304473957213,-21.206914776690887,1
HK.01204,489,1.840000033378601,1.840000033378601,0.0,0.0,9000.0,16560.00030040741,0.0,1.763800015449524,1.8055999976396562,-3.1578917648653198,21.05263529391835,-0.5405400180747055,-7.999998331069946,33.33333621278478,0
HK.01205,490,0.5,0.5,0.0,0.47509732013702094,4005332.1,2002666.05,2.4947100282151777,0.4909999966621399,0.49112499594688414,1.0101000370632516,-7.407411086706321,-10.714286094417377,26.582275042834237,28.205132907664453,0
HK.01206,490,0.1899999976158142,0.1899999976158142,0.0,2.761627906976744,143500.0,27264.99965786934,1.8524438198688635,0.20795999854803085,0.2830199992656708,-7.766991555381757,-5.472640356702653,-48.64864995481323,-50.64935004616651,-54.21686712379361,0
HK.01208,490,8.635000228881836,9.069999694824219,-4.796025144197244,0.7528979092352915,61648411.75,532334049.57145166,4.373219896582942,8.608599996566772,8.756399991512298,-4.321323059645172,3.166073440215501,-4.055553012424045,-5.31797875836831,56.431164107223054,0
HK.01209,490,38.31999969482422,38.15999984741211,0.4192868135531716,0.8857029806467761,5606802.55,214852672.00493965,3.308979307480763,38.505335388183596,41.60879772186279,-1.4570302238027775,-7.776110962178995,-11.73318133294929,-6.362560751474026,7.604397986900047,1
HK.01211,490,80.19999694824219,79.8499984741211,0.4383199509196311,1.0021384741072137,20094851.5,1611607028.97538,2.9910066598032357,88.57700012207032,94.08949378967286,-10.938373980791718,-5.5915246270038725,-12.977516569868538,-18.397142650872894,-25.386280623943158,2
HK.01213,490,0.5,0.49000000953674316,2.040814340536656,24.0,1200.0,600.0,0.0,0.4802635025978088,0.471864987462759,3.092780464424631,-17.620897399688026,-1.4681219385740318,-8.63408490184213,48.76380527541211,1
HK.01215,490,0.01899999938905239,0.01899999938905239,0.0,0.4729097924570888,2381025.0,45239.47354531847,4.551406075693424,0.017580000162124635,0.02121500000357628,18.749990541255553,-13.636365945427883,-17.39130716468075,-17.39130716468075,5.555556705336561,0
HK.01216,490,0.2849999964237213,0.2849999964237213,0.0,0.04333381482016467,346900.0,98866.49875938892,2.2582241886934753,0.28429999709129333,0.3112749998271465,-3.389827426361236,-5.000004967053534,-14.925376321032388,-12.307690191550995,-14.925376321032388,0
HK.01218,489,1.2000000476837158,1.1799999475479126,1.6949238156632322,3.0303030303030303,1520.0,1824.000072479248,0.9818836350359514,1.1809999895095826,1.3806500017642975,4.347832396711109,-2.040814340536656,-22.829576324037692,-24.764888642082898,-26.605501242620143,1
HK.01220,489,0.0560000017285347,0.0560000017285347,0.0,,0.0,0.0,0.0,0.0560000017285347,0.0560000017285347,0.0,0.0,0.0,0.0,0.0,0
HK.01221,489,1.559999942779541,1.559999942779541,0.0,0.0,2267.6,3537.455870246887,1.2111479744991667,1.5736999917030334,1.5961693578958511,-2.5000050291418283,-2.5000050291418283,-13.573413568777285,2.1405192091623584,13.43145049305329,0
HK.01222,489,0.02199999988079071,0.02199999988079071,0.0,0.0,1105839.85,24328.47656817362,2.770563247385412,0.022499999962747097,0.022169999908655882,4.761905606641802,10.000001862645192,0.0,-8.333334626836898,-18.518521073587245,0
HK.01223,490,1.309999942779541,1.315000057220459,-0.3802368230680391,0.7475750842630989,4029728.0,5278943.449417114,5.72043909050001,1.3244077372550964,1.3842042583227157,0.0,1.945523486967363,-7.387515883028098,-16.23584846118642,-11.73844110073587,0
HK.01224,489,1.184999942779541,1.184999942779541,0.0,0.0,109050.0,129224.24376010895,1.5818669220738997,1.2028000330924988,1.204300040602684,-1.2500086923436844,-1.2500086923436844,-1.2500086923436844,-1.2500086923436844,-1.2500086923436844,0
HK.01225,490,0.24799999594688416,0.24500000476837158,1.224486171479397,0.05505673408978786,202638.0,50254.22317868471,0.06419834276286641,0.24101999700069426,0.22211499877274035,3.3333339542150635,-9.818185246680319,27.179489765882114,25.252523884190886,8.296940446761534,2
HK.01228,490,1.8200000524520874,1.899999976158142,-4.2105223531537606,0.07971354243563991,1074117.75,1954894.361339718,4.4371207733167894,2.0191999959945677,2.269049997329712,-13.53919069068899,-8.542711370349714,-33.57664065264736,-22.881350281662264,-18.749998004308775,0
HK.01229,490,0.16300000250339508,0.16300000250339508,0.0,0.018796992481203006,106100.0,17294.300265610218,4.884500438445245,0.15761999905109406,0.19332000009715558,-1.8072236702979723,-3.5502942406218354,-20.487802963324896,-25.909089369714742,-32.08333077219619,0
HK.01231,489,0.3199999928474426,0.3199999928474426,0.0,0.0,51600.0,16511.99963092804,0.24359095939123984,0.30470000743865966,0.3126500050723553,6.666660043928621,0.0,0.0,4.918027981350978,49.53270585518843,0
HK.01232,490,0.5,0.4449999928474426,12.359552367771112,3.4025407034721185,60223.25,30111.625,5.904401284222001,0.3675,0.393674999922514,19.04762276446209,29.87013308711196,56.25000349245973,42.857145289985546,-31.50685110466183,2
HK.01233,490,0.04699999839067459,0.04600000008940697,2.1739093463565164,0.2679070387047472,29073809.3,1366468.99031078,21.852327635503904,0.033419999741017815,0.06519000022672117,74.0740635982923,38.23528187188377,-36.48648947978033,-57.27272850422821,-69.67742062632176,1
HK.01234,490,2.9000000953674316,2.884999990463257,0.5199343138218234,0.9355656409303182,346786.8,1005681.7530721665,1.6362580663928175,3.1519194793701173,3.2242087602615355,-1.5878972230973751,-15.899902794013537,-3.1078346434990745,-5.138508043761055,-12.475864897103312,2
HK.01235,489,0.19200000166893005,0.19200000166893005,0.0,0.0,250.0,48.00000041723251,0.0,0.1868116596341133,0.17467681050300599,1.0793648104008122,3.1422152650839132,19.620546073570768,12.310403386997223,23.41084698126248,0
HK.01236,88,27.579999923706055,30.979999542236328,-10.974821396930338,0.8846289212791814,1139637.05,31431189.752052594,8.581521769474485,35.15360008239746,,-27.687466268833944,-35.53062012462414,,-54.03333346048991,,0
HK.01237,489,0.7900000214576721,0.7900000214576721,0.0,0.0,27848.6,22000.394597566126,0.5531647971557199,0.7378000044822692,0.7613500025868416,16.17647252177695,3.947372548798166,-8.13953391663639,-12.2222175127193,-28.181817787737895,0
HK.01238,490,0.16300000250339508,0.16099999845027924,1.242238554265263,0.5808325266214908,900600.0,146797.8022545576,4.658556590374317,0.18713999897241593,0.22862499862909316,-12.365592130072073,-25.909089369714742,-32.08333077219619,-36.07842919552427,-49.06249807914715,1
HK.01239,490,0.25,0.25,0.0,24.0,11000.0,2750.0,0.09259305250495685,0.28220000326633454,0.39767499923706057,-16.66666997803569,-40.476188617768955,-47.916665502513425,-59.0163944037298,-13.793100967701989,0
HK.01240,489,0.18400000035762787,0.1850000023841858,-0.5405416290110301,0.0,33750.0,6210.000012069941,0.9674594296787669,0.1757800030708313,0.18037500075995921,-0.5405416290110301,2.2222183589583624,2.2222183589583624,-3.1578933334086234,-10.67961158025657,0
HK.01241,490,0.17399999499320984,0.1599999964237213,8.749999301508053,8.830409356725147,98600.0,17156.39950633049,3.7435036968092916,0.14042000100016594,0.16334500040858985,27.007300699136405,32.824426438937486,-3.867403042010409,9.433962971456591,-12.121214173713673,2
HK.01243,490,0.029999999329447746,0.029999999329447746,0.0,1.2801992528019925,854400.0,25631.999427080154,2.5230346120876956,0.03240000061690807,0.03399000040255487,-6.250006548361542,-9.090910630285256,-23.076926383393687,-9.090910630285256,-18.918921776153955,0
HK.01244,490,2.265000104904175,2.375,-4.631574530350535,0.10563607085346216,383500.0,868627.540230751,12.211302810467314,2.3355000257492065,3.643025004863739,23.09782955520877,-22.16494714440505,-34.7262222988704,-54.609214252596416,-71.68749868869781,0
HK.01245,489,0.2290000021457672,0.22300000488758087,2.690581671157841,0.5224242424242425,168810.0,38657.49036222696,3.249337948270198,0.1998199999332428,0.18647357150912286,7.00934602215942,27.22221835895836,29.241622046931543,20.32841475908956,37.26851909745359,1
HK.01247,490,0.949999988079071,0.9649999737739563,-1.5544027049267966,0.6647410279745183,239230.0,227268.49714815617,2.6417076142182787,1.0302999889850617,1.8731750020384788,-7.317072177911903,-24.000000953674316,-57.77777830759684,-67.90540622175827,-58.333333333333336,0
HK.01250,490,1.0499999523162842,1.0499999523162842,0.0,0.17981003070256274,55914.25,58709.95983380079,3.4431932912803846,1.1450999975204468,1.5204750001430511,-12.863077599902576,-16.666669820351597,-35.9756121051801,-40.677968156437075,-51.83486604758769,0
HK.01251,489,0.17499999701976776,0.18000000715255737,-2.777783296726149,0.0665352390340069,765700.0,133997.49771803617,5.5657608051521725,0.20220000118017198,0.22926999971270562,-0.5681829727139418,-32.69230636971937,-38.59649150325321,-7.4074068233916694,-30.000001192092896,0
HK.01252,489,0.23999999463558197,0.23999999463558197,0.0,,0.0,0.0,0.0,0.23999999463558197,0.2513349950313568,0.0,0.0,2.5641014211250326,-9.433959399563019,-41.46341543194796,0
HK.01253,489,0.10300000011920929,0.09399999678134918,9.574471963860562,0.0,2420.0,249.26000028848648,0.042372966970187324,0.10295999974012375,0.14815499994903802,5.1020436867085515,-14.87603249807809,-27.972031251172297,-50.95237936427529,-48.50000070780515,1
HK.01255,490,2.0999999046325684,2.0999999046325684,0.0,9.6875,8700.0,18269.999170303345,0.7077556925781061,2.308099989891052,1.9428249868750571,-4.328019658291313,-35.384618318997894,46.85314557063697,32.91138275906272,599.9999403953576,0
HK.01257,490,0.7699999809265137,0.7749999761581421,-0.6451606948963502,0.2695598395887903,255582.6,196798.59712514878,1.7230391443946942,0.7714999961853027,0.8402009934186936,-4.347829306218971,-7.228916095257991,-4.250028016884842,-17.216167307922877,-13.225748164726886,0
HK.01258,490,15.84000015258789,16.5,-3.9999990752249053,0.43969375341735156,16255899.5,257493450.56045341,4.904889649228877,14.850846366882324,13.945992493629456,6.1740384343708055,22.288759711182713,23.580876123249002,7.726750673428233,41.03760106794767,0
HK.01259,490,0.032999999821186066,0.032999999821186066,0.0,0.7371412854130375,2261800.0,74639.39959555864,7.826291917167459,0.03298000015318394,0.032810000395402314,-13.157892414985195,0.0,0.0,0.0,0.0,0
HK.01260,490,0.38999998569488525,0.38999998569488525,0.0,2.4275862068965517,79300.0,30926.9988656044,2.779436272681071,0.4013999992609024,0.45324999794363974,-2.5000050291418283,-21.212124861012807,-18.750001164153243,-7.142857649699376,-4.87805143982653,0
HK.01262,490,3.049999952316284,3.119999885559082,-2.2435876862301347,0.36739380022962115,43350.0,132217.49793291092,4.199013981434875,3.1723000192642212,3.1186250150203705,1.4974987075412627,22.489957455210103,-27.207639363623837,58.03108990709273,54.040400148253006,0
HK.01265,489,0.1469999998807907,0.1469999998807907,0.0,1.415929203539823,302000.0,44393.999963998795,0.8107987816156542,0.14868000149726868,0.17184000059962273,-0.6756770362637876,-2.000003973642827,-28.985508081000404,-18.333336644702356,-29.999997871262618,0
HK.01268,490,0.2849999964237213,0.28999999165534973,-1.72413633637985,0.060593680897262255,2739622.65,780792.4454523459,6.6582519491112215,0.3752840793132782,0.9288141155242919,-22.781576159685837,-54.00961723338046,-81.49499314756444,-74.9812313706834,-84.36326919758875,0
HK.01269,490,0.050999999046325684,0.04699999839067459,8.5106399842872,0.3287238938440972,863120.0,44019.119176864624,7.0473060617122485,0.04489999994635582,0.04569499995559454,-5.555559771418952,30.769225625832043,-5.555559771418952,-7.272728504228204,-7.272728504228204,3
HK.01270,490,0.46000000834465027,0.46000000834465027,0.0,0.8660287513255247,654233.35,300947.3464593485,1.7189090673880323,0.4774000042676926,0.49729675218462943,-4.166662786155852,-7.999998331069946,-15.972304410857646,-1.5433134332471092,-0.5386557615810311,0
HK.01271,489,0.28999999165534973,0.28999999165534973,0.0,0.0,9695.0,2811.5499190986156,3.163858574796393,0.2722800001502037,0.5609949993342161,-15.942031113797448,-30.120482533361187,-53.22580815726089,-77.16535464482577,-74.1071437124391,0
HK.01272,489,1.1100000143051147,1.0950000286102295,1.3698616715036243,0.32116788321167883,239200.0,265512.00342178345,2.641401925713456,1.0577999973297119,1.0604376831650735,5.714291877487359,10.911799357710446,0.8289074151739175,8.931224329284278,-2.3976188903878266,1
HK.01273,489,0.7149999737739563,0.7149999737739563,0.0,0.0,42400.0,30315.998888015747,0.5231059571863345,0.68258260846138,0.6048213350772857,6.859407254411821,24.66930291062493,24.66930291062493,24.66930291062493,73.66186565953082,0
HK.01274,490,2.2699999809265137,2.184999942779541,3.8901620307982254,0.6503024290331871,148150.0,336300.497174263,7.068785532926916,2.904999990463257,4.2906499922275545,-23.440133334287545,-45.16908081802684,-54.50901633172119,-63.14935004616651,-81.76706814696328,1
HK.01276,325,45.0,43.7599983215332,2.8336419699006776,0.4796134520190498,6448199.7,290168986.5,3.5190595976910175,53.306999893188475,63.083496017456056,-16.20111850900322,-14.367268024118179,-27.575136050489547,-39.0595088921143,-48.21455929951144,1
HK.01277,490,1.9199999570846558,1.9900000095367432,-3.5175905586243132,1.0283667575833286,14170061.75,27206517.951886922,4.915676687378556,1.8315637111663818,1.7535726803541183,-3.2456776281453013,11.786776698894357,-9.499057125389962,51.50527192987655,76.32079446856712,0
HK.01278,490,0.0689999982714653,0.07100000232458115,-2.8169070248374015,0.8566560906655473,312540.85,21565.318109762295,3.667662910538013,0.06622211828827858,0.07313696892932058,1.4047939897907822,-0.3585834018964853,-10.079691081152852,-1.6871320973041257,-30.43900681780165,0
HK.01280,490,3.009999990463257,2.619999885559082,14.885500837377046,0.6390738942084773,2849260.5,8576274.077827334,14.89710389726732,1.5329999923706055,2.234299997091293,188.03828842831388,86.95651948564672,23.868308961820553,-10.149251458160954,-36.497887430209744,2
HK.01281,490,0.09200000017881393,0.09200000017881393,0.0,0.2682726526142896,179050.0,16472.600032016635,1.3827246920159793,0.09669999942183495,0.10215999990701675,-6.122446341943493,-8.000001192092878,6.976740760955494,-17.11711802417586,-18.58406922103783,0
HK.01282,490,0.10199999809265137,0.09799999743700027,4.081633428840149,1.3626127413436369,1868780.0,190615.55643558502,9.300265474703519,0.0853200002014637,0.1009850002080202,37.837833483955876,22.89156864440092,-13.559324174254684,-8.10811101069608,-31.08108325802206,1
HK.01283,490,1.7400000095367432,1.7699999809265137,-1.6949136561044988,0.9572901325478645,346250.0,602475.0033020973,4.18375542989367,1.5775000047683716,1.639779690504074,17.567566696791175,2.9585769599628913,9.433960566617486,-3.8673997489360077,26.9138622227532,0
HK.01284,490,0.5849999785423279,0.6000000238418579,-2.5000074505803007,1.7304964539007093,763750.0,446793.7336117029,3.8811132634229306,0.4520123988389969,0.3818158429861069,24.093155549441654,35.24760235789328,81.95520433429415,65.41383327344641,70.59823759073493,0
HK.01285,490,1.5800000429153442,1.600000023841858,-1.2499987892806712,0.3106028518989129,350550.0,553869.0150439739,5.786972391126522,1.148063086271286,0.9944224774837493,44.8276039163112,61.27112150830223,95.5841141854621,68.66886374791757,99.01186278182647,0
HK.01286,490,7.704999923706055,7.96999979019165,-3.324967044688258,0.8329026153907965,3754174.15,28925911.539329242,5.757452217945165,8.153092794418335,7.723955371379852,-14.990672338670391,-4.259811846608142,-2.8152183797656676,55.18835460865126,126.29770961630638,0
HK.01288,490,6.414999961853027,6.355000019073486,0.944137570408514,0.661471318623669,85218370.05,546675840.6199272,2.6457871350254876,6.0413000106811525,5.666060836315155,8.728811155273775,9.098636683665749,26.96645766430446,12.810672664796947,26.470893484242218,1
HK.01289,490,1.8700000047683716,1.8600000143051147,0.5376338917391232,0.8948545861297539,23350.0,43664.50011134148,1.8348865940718198,2.0340999865531924,2.219694305062294,-7.654325101201323,-6.391076242351722,-15.324709857242702,-29.388427238741137,-9.704659978838006,2
HK.01290,489,0.5899999737739563,0.5899999737739563,0.0,0.0,60800.0,35871.99840545654,4.694332846018355,0.5534999966621399,0.5367901906371116,13.461537579812916,9.259250061011974,15.443737115650435,15.443737115650435,3.899354921868366,0
HK.01292,490,1.8200000524520874,1.8600000143051147,-2.150535566956493,0.16326530612244897,37050.0,67431.00194334984,0.013440847293478081,1.9935999894142151,2.7724150186777115,-4.2105223531537606,-15.73020293282688,-47.360238135676845,-50.985936898651595,-54.993080605638035,0
HK.01293,489,0.0860000029206276,0.0860000029206276,0.0,,0.0,0.0,0.0,0.0860000029206276,0.0860000029206276,0.0,0.0,0.0,0.0,0.0,0
HK.01298,489,1.1150000095367432,1.1150000095367432,0.0,,0.0,0.0,0.0,1.1145000219345094,1.0269250068068505,1.3636350336153933,26.704547224828048,-0.44642814378045226,13.775508962835408,1.3636350336153933,0
HK.01299,490,75.44999694824219,75.05000305175781,0.5329698603856438,0.8778965119993775,26860618.6,2026633591.3978975,2.1319025229306394,74.93485000610352,79.25240081787109,3.514706130180651,3.0234425793848354,-9.169219318057928,-7.206490284175128,7.6440427707718905,1
HK.01300,490,2.9749999046325684,2.0250000953674316,46.91356861851216,7.4344052549661015,12700890.0,37785146.53874874,15.95432572233923,1.7730999994277954,1.484650009125471,51.015221392221676,-35.043669122482186,245.9302157147505,653.1645123612108,844.4444213174216,1
HK.01301,490,0.3100000023841858,0.30000001192092896,3.3333300219643105,1.5051020408163265,74100.0,22971.000176668167,8.756718671833378,0.32660000324249266,0.34697500184178354,-4.61538038310199,-7.462688160516194,-29.545453621828848,-15.068494716579107,-48.33333498901784,1
HK.01302,490,1.3700000047683716,1.3849999904632568,-1.0830314655719266,0.8044055775468186,14341566.2,19647945.762385916,3.4252368875206565,1.4056999969482422,1.6587249982357024,-3.1802090669829854,-14.37500097788869,-15.950919706985028,-13.291141293862887,-30.45685355980113,0
HK.01303,490,0.17000000178813934,0.1720000058412552,-1.1627930146477543,0.02072538860103627,287500.0,48875.00051409006,2.889452821051557,0.19629999965429307,0.22832000002264977,-9.090911264145943,-31.999999284744263,-25.764192054492703,-20.560747403246378,-33.33333138546909,0
HK.01304,293,115.0999984741211,115.5,-0.34632166742762444,0.3788620639825566,228052.7,26248865.4220192,6.178727756860904,115.83800048828125,124.9173962020874,-4.797355648102543,-5.423170615959841,9.565595106902514,-16.26114551325894,-31.18786153269337,0
HK.01305,489,0.9049999713897705,0.8799999952316284,2.840906397000803,0.0,12700.0,11493.499636650085,0.45466101805877646,0.815499997138977,0.7460250025987625,22.297291854944852,25.694435476153345,7.738095195858385,33.088229686846844,-6.701036629203817,3
HK.01308,490,46.0,45.36000061035156,1.4109333797107222,0.5011678687294413,6696269.7,308028406.2,4.28598553991328,40.07114681243897,32.297640285491944,12.00993082272415,41.17781489874546,45.466845637842965,78.5467714142133,78.16688059720789,2
HK.01310,490,5.46999979019165,5.440000057220459,0.5514656738169157,0.9794348923223777,872315.35,4771564.781480956,1.8500888806996125,5.895700006484986,6.56094562292099,-9.810391779311747,-12.480003356933594,-23.461567921412307,-10.480652325575951,13.777062469557,1
HK.01312,490,0.029999999329447746,0.03200000151991844,-6.250006548361542,2.0779220779220777,2060700.0,61820.99861819297,9.101204012678796,0.030820000022649764,0.02977499975822866,7.142851440882373,24.999996119489307,0.0,7.142851440882373,0.0,0
HK.01313,490,0.9800000190734863,0.9850000143051147,-0.5076137217272785,1.3309684342124664,8819701.35,8643307.491222452,2.6784293872029528,1.0435742497444154,1.3654091089963913,-7.57482220924304,-17.20244431398273,-42.09466939136839,-36.666045204443094,-43.27619393539277,0
HK.01314,489,0.18199999630451202,0.17900000512599945,1.6759726774314094,1.4378029079159935,265400.0,48302.79901921749,3.3904817215732836,0.18508000046014786,0.16406000062823295,1.6759726774314094,29.999996806894043,11.656437735773162,5.202314279628312,-8.08080944914245,1
HK.01315,490,0.09799999743700027,0.09799999743700027,0.0,1.2568077084206117,126850.0,12431.299674883485,1.6818939121717675,0.09699999958276749,0.11279500000178815,8.888881714256007,-14.035090012490178,-21.60000205039978,-27.407412190495993,-47.8723400039282,0
HK.01316,490,4.815000057220459,4.65500020980835,3.4371609065662474,0.7276622863114228,11006344.6,52995549.87878809,4.276192008847999,4.542199997901917,5.389685124158859,-5.957028030388684,10.051026913917967,-25.257695407359332,-25.145464600129873,-24.464971368942315,1
HK.01317,490,0.16200000047683716,0.15700000524520874,3.1847102322189293,1.0368349249658937,148700.0,24089.400070905685,3.405957749663604,0.17733999967575073,0.26574499741196633,-8.47457655656729,-10.989008919655149,-46.00000198682142,-58.461536815650774,-60.0,1
HK.01318,432,47.68000030517578,47.459999084472656,0.4635508321682672,0.2946102692081225,2248408.35,107204110.81415978,4.533789671420545,52.99300010681152,69.84991996765137,-6.141730273115057,-19.663013427091975,-33.747948014059254,-41.4740145446066,-50.327948516351086,1
HK.01319,490,0.28999999165534973,0.2800000011920929,3.571425150243618,1.7621145374449338,98800.0,28651.999175548553,0.4341646775769691,0.27969745635986326,0.2722905094921589,5.454540134461573,5.8819823425298505,11.764318748634645,11.764318748634645,34.13774104075598,1
HK.01321,490,0.7900000214576721,0.75,5.333336194356283,3.5555555555555554,38700.0,30573.00083041191,3.8164151730971025,0.71,0.6805249992012977,2.597407925529181,6.7567582806154425,29.5081972018649,31.666665010982154,25.39682975191411,1
HK.01323,490,0.18799999356269836,0.18199999630451202,3.2967018571514073,0.05240975694975215,1125825.0,211655.0927527249,5.2342298072020785,0.2001199996471405,0.148524999730289,1.6216168323514677,39.2592489572223,63.47825230632718,59.32202747723595,16.049378400822103,1
HK.01326,489,0.027000000700354576,0.027000000700354576,0.0,,0.0,0.0,0.0,0.027000000700354576,0.027000000700354576,0.0,0.0,0.0,0.0,-37.20930282927125,0
HK.01327,490,1.5499999523162842,1.5499999523162842,0.0,2.805049088359046,8130.0,12601.49961233139,0.0,1.6157999849319458,0.9356999936699867,-6.6265070190933795,121.42856838751808,146.03174032507806,112.32875504353261,149.9999903863477,0
HK.01328,490,3.4600000381469727,3.5199999809265137,-1.7045438382004816,0.38603579838637037,19813.9,68556.09475584031,2.6197072125586467,3.8473000049591066,3.6937750017642976,-8.222810194904975,-24.945771411306584,9.49366911923426,13.44262597510269,-63.76963383201012,0
HK.01330,490,6.114999771118164,6.130000114440918,-0.2447038016755731,0.31959092361776925,1388550.0,8490982.932186127,2.7554038602671826,5.573700037002563,5.457008717060089,13.873368741822953,1.2903535629422538,16.050332791877253,22.28720197100046,34.16243445056166,0
HK.01332,490,0.15000000596046448,0.15700000524520874,-4.458598121580564,1.1167552749935414,1253343.7,188001.5624705106,4.753653249936978,0.15112000107765197,0.16677000030875205,-0.6622431597252582,26.050422272602336,28.205134736428384,-41.176467150827804,82.9268314844082,0
HK.01333,337,11.9399995803833,12.34000015258789,-3.241495682807617,0.8132623089560412,1001350.0,11956118.579816818,5.664932593599098,12.289399967193603,18.717750010490416,6.893460150672002,-25.607475713687112,-43.35863556168296,-57.357144355773926,-63.68613384273307,0
HK.01334,490,0.9150000214576721,0.9599999785423279,-4.687495634425334,7.7969312369767,887750.0,812291.2690490484,7.109212359060378,1.1308999919891358,1.2552401471138,-22.784804587294403,-10.831539448997729,-38.839574667764474,-18.452764057740666,-4.589740282946309,0
HK.01335,490,0.09300000220537186,0.09300000220537186,0.0,1.6408668730650156,139800.0,13001.400308310986,3.26182071209082,0.10398000106215477,0.11911000028252601,-6.999999180436147,-23.140493628675994,-15.45454299154359,-31.11111221490079,-31.11111221490079,0
HK.01336,490,47.29999923706055,47.58000183105469,-0.5884879849066915,0.8915501156028878,8840489.5,418155146.6052418,3.4028859502419038,47.28689178466797,49.29839427947998,2.115715778698144,1.6703010059442234,-4.861486706561777,-11.463627173332034,7.691136528970639,0
HK.01338,490,0.029999999329447746,0.03099999949336052,-3.2258070330838233,1.3662498492219854,2619200.0,78575.99824368954,6.032511357716323,0.030419999696314336,0.033199999555945395,0.0,11.111105745466787,-21.052630804995065,-16.66666494199516,-41.176470803073265,0
HK.01339,490,5.940000057220459,5.900000095367432,0.6779654441774425,0.7665383888721093,36667359.7,217804118.71612316,3.1960010798296588,5.3835999965667725,5.7533348536491395,16.015628710738465,17.090789357921516,-2.701805319770882,-12.014630463203826,-9.039255904157791,1
HK.01340,490,0.4650000035762787,0.4749999940395355,-2.1052611765768803,1.2749362531873407,177300.0,82444.50063407421,0.9158422738317006,0.5231599962711334,0.4530300000309944,-10.576919109158116,-38.81578823536055,32.10227445907091,35.17441505363768,16.249999161809694,0
HK.01341,489,0.01600000075995922,0.01600000075995922,0.0,,0.0,0.0,0.0,0.01600000075995922,0.04564500030130148,0.0,-30.434779439734154,-76.11940244565858,-80.24691270016766,-93.84615332814009,0
HK.01343,490,0.14000000059604645,0.13899999856948853,0.71942592579093,0.6217616580310881,279250.0,39095.00016644597,3.1806554087916536,0.1273799991607666,0.12526499964296817,3.70370002440479,13.821135552043485,10.236217423657365,14.754097559733351,77.21518247178376,1
HK.01345,489,2.194999933242798,2.194999933242798,0.0,4.160475482912333,37900.0,83190.49746990204,1.8886826606329798,2.2342999935150147,2.208574510216713,-0.2272779242065186,-3.7280718953325693,-3.4879476519044537,-0.056417418989384585,18.842465105787127,0
HK.01346,489,1.2999999523162842,1.2999999523162842,0.0,0.0,77400.0,100619.9963092804,0.7177753832317452,1.3546548628807067,1.36155517578125,-2.3109310506350216,-4.419326189463451,-5.985867348671781,-4.698004993894836,-10.807096245359064,0
HK.01347,490,106.5,111.69999694824219,-4.655324163215225,0.5880494835183552,27462575.3,2924764269.4500003,6.806378286407436,136.6720001220703,114.60800033569336,-23.874192532987454,-23.546304618220834,22.063037249283667,30.99630504589179,120.49689789287335,0
HK.01348,490,0.20600000023841858,0.18799999356269836,9.574471963860562,1.7175964863096906,1080400.0,222562.40025758743,6.806021829126581,0.21753999948501587,0.21050499968230724,13.81215842585775,-13.445380045342104,11.956521651103728,58.461544457272176,82.30088833999282,2
HK.01349,490,2.494999885559082,2.5,-0.20000457763671872,1.1080100474462742,1365900.0,3407920.34368515,3.1014152495455094,2.4892000198364257,2.755400002002716,-6.728974578161767,11.883401982915546,-17.656768675984505,-11.524824658771855,-30.694445787388634,0
HK.01351,490,0.16300000250339508,0.16200000047683716,0.617285199762023,0.08544027898866609,1146000.0,186798.00286889076,9.411084946103415,0.21814000010490417,0.31831500060856344,-32.92180986682532,-25.570774018715998,-51.34328404681723,-54.7222233260119,-60.72289017326927,1
HK.01354,490,2.634999990463257,2.744999885559082,-4.007282319919703,0.27014652014652013,259425.0,683584.8725259304,8.277166471471046,2.249300003051758,2.7415749967098235,30.445545314048022,43.98906714042913,-12.166666984558105,-16.34920918451917,-52.26449276144779,0
HK.01355,490,0.17499999701976776,0.17000000178813934,2.9411736347271384,0.045146726862302484,416000.0,72799.99876022339,2.1170705259626463,0.15190478011965752,0.14262119490653277,-1.6853966446269009,23.239430486032838,15.894043068107782,39.99999761581421,127.27272463379671,4
HK.01357,490,4.21999979019165,4.204999923706055,0.3567150239654618,0.5538946487109242,70665338.4,298207713.221822,5.059394549373721,4.356054248809815,5.399685323238373,-5.634254860352792,-8.557978963743729,-16.516622660927528,-41.79759276957506,-57.058580179906016,1
HK.01358,490,0.9300000071525574,0.9549999833106995,-2.617798596338677,0.8608655188459748,440550.0,409711.50315105915,2.129396360535791,0.9861999893188477,1.143245854973793,2.7624349782459507,-17.618854576166232,-26.5594411163665,-27.124369283971788,-30.298740278426024,0
HK.01359,490,0.8849999904632568,0.8899999856948853,-0.5617972260667591,0.6886139775396388,51128821.75,45249006.76114756,2.6392168407809815,0.939700003862381,1.0969971215724945,-3.804350607730891,-13.64180285429557,-20.400271825781033,-30.12237848957815,-36.43078006990465,0
HK.01361,490,4.400000095367432,4.380000114440918,0.4566205571678748,0.21998635702223154,3610220.55,15884970.764297461,2.8117091358222073,4.40925886631012,5.002059201002121,-1.0357630229973176,-3.819135798351281,-12.670334824622703,-12.183373722931165,-21.57602005484895,1
HK.01362,489,0.824999988079071,0.824999988079071,0.0,0.0,4300.0,3547.4999487400055,0.9865014316803694,0.8258999872207642,0.7112669515609741,-1.7857126384770277,-0.6024090761646119,22.785260413862137,51.807226404966734,135.1943136860913,0
HK.01364,392,22.280000686645508,22.8799991607666,-2.6223710495144554,0.7793189575741403,6921454.55,154210012.12658566,3.9622027860379716,23.083637084960937,24.725977544784545,-6.93400087878258,1.6118701731991898,-15.779096228950698,-8.160093453733586,9.84119900310008,0
HK.01368,490,3.4149999618530273,3.2850000858306885,3.957378162121581,1.1605381917384934,15673202.5,53523985.93961477,3.2564130921836085,3.4719132947921754,4.272658797502518,0.5301229307996285,-17.190047784307147,-27.673372256157048,-31.323496102998444,-41.771903870038464,1
HK.01370,490,0.14900000393390656,0.1720000058412552,-13.372093678052627,0.42744984006978776,271900.0,40513.10106962919,19.989084572007208,0.13218000039458275,0.2168500006943941,39.25233911672463,12.03007704124339,-41.56862481563465,-53.437497729901175,-40.39999842643738,0
HK.01371,490,1.125,1.149999976158142,-2.1739110153428576,0.19686019842559277,21288.45,23949.506250000002,3.8304344109397577,1.0889000034332275,1.7072249966859818,-10.0,-33.035712194990076,-47.67442092565399,-50.65789411768028,-63.11475352169652,0
HK.01372,490,1.2799999713897705,1.2699999809265137,0.787400835704065,0.687064323579747,1086000.0,1390079.9689292908,5.144284371105065,1.2344999992847443,1.2282749950885772,-7.5812288661724665,37.63440446724632,17.43118643971406,-17.948716773083888,23.076924840374172,1
HK.01373,490,0.6549999713897705,0.6650000214576721,-1.5037668789816911,0.7780182070153624,136555.5,89443.8485931158,2.198567040617477,0.6618999981880188,0.7072049933671951,-0.7575840359983141,-6.428573922235181,-13.815792156718809,-9.027777835266829,-18.23469107897467,0
HK.01375,490,1.659999966621399,1.684999942779541,-1.4836781606593201,0.4316792721865503,9105081.25,15114434.571085125,3.0206614731960895,1.7069533562660217,1.9062686735391616,-4.109420471340675,2.3703228088737336,-14.174376336760213,-21.32651406650339,-37.09504942784191,0
HK.01376,489,0.09600000083446503,0.09600000083446503,0.0,,0.0,0.0,0.0,0.09600000083446503,0.11410500101745129,0.0,0.0,-31.91489429158719,-33.79310096770199,-62.35294014524834,0
HK.01377,48,291.0,317.3999938964844,-8.317578577236636,0.677535657303374,83128.35,24190349.85,6.6042486178165785,,,-21.52103301511542,,,-22.02572602313612,,0
HK.01378,490,22.200000762939453,22.5,-1.3333299424913194,0.9390599365916384,29107861.45,646194546.3975359,3.5133573143094137,23.05840003967285,29.351098623275757,-4.802739907982696,-17.16417389952742,-40.59481973413423,-31.060653175652682,-7.299735443477635,0
HK.01379,489,1.7999999523162842,1.809999942779541,-0.5524856784194297,0.0,3825.0,6884.999817609787,0.03124996973201678,1.703400013446808,2.673248892426491,3.448272554637248,-25.000004967053535,-48.11125155525413,-40.8143961145348,-44.29590094106929,0
HK.01380,490,0.38499999046325684,0.4000000059604645,-3.750003818422499,1.064838421008443,408837.0,157402.24110102654,4.919615048530154,0.48109999537467957,0.61029999807477,-27.358488444120756,-31.250001995691225,-47.972974932219856,-45.00000042574747,105.88234075400511,0
HK.01382,490,0.9449999928474426,0.9399999976158142,0.5319143876925793,0.24401431375864627,493972.55,466804.056216833,0.9478547610626565,0.9503938174247741,1.1101401782035827,-0.5263215352951083,-15.360106096230375,-25.77732770891866,-23.421051487603744,-32.13246217975659,1
HK.01384,216,30.84000015258789,31.0,-0.5161285400390625,0.533785188150329,4499514.1,138765015.53057134,6.698212980200142,34.73599987030029,58.00659993171692,-17.007534232442563,-36.85503673989287,-73.86440665034925,-53.20182179286136,,0
HK.01385,490,24.059999465942383,24.84000015258789,-3.140099363341773,0.595873564807865,2731032.3,65708635.679471396,4.900931036177574,26.51879985809326,37.738874111175534,-12.952243135891003,-9.606439066532847,-48.268980799962726,-48.94792249538687,-28.690116345789114,0
HK.01388,489,0.26499998569488525,0.2750000059604645,-3.6363709268489552,0.4878048780487805,23100.0,6121.499669551849,1.186465507518775,0.2705400040745735,0.3367350032180548,1.9230751596258298,-10.169492381566323,-32.911397848845795,-28.37838316764853,-40.44944045971389,0
HK.01389,490,0.4650000035762787,0.45500001311302185,2.1978000384744694,0.21104467112205416,114920.0,53437.80041098595,2.350824907324382,0.5019999980926514,0.41526499956846236,-3.124997089616889,-15.454546636786318,102.1739109308373,29.16666252745539,36.76470549564461,1
HK.01392,60,24.68000030517578,19.030000686645508,29.689960140123468,19.089433009803912,1720562.2,42463475.62107391,13.92109761384663,19.875200061798097,,8.626765189509616,,,-7.56554456944999,,1
HK.01393,490,0.02500000037252903,0.028999999165534973,-13.79309968311909,0.19973079497464136,16232846.3,405821.1635472065,15.114125354429147,0.03523999989032745,0.05299499996006489,-39.02439101954287,-51.92307719861614,-53.703704214717455,-60.31746036439015,-59.67741809498504,0
HK.01395,490,0.12099999934434891,0.12300000339746475,-1.62601951046537,0.8602150537634409,24250.0,2934.249984100461,2.042036607544125,0.1246800009906292,0.15028000123798846,4.310347263864118,-19.33333697583926,-23.41772545856671,-24.37499871943143,-20.39473471373643,0
HK.01396,490,10.84000015258789,11.609999656677246,-6.6322095336713165,0.935110770226111,4484205.15,48608784.51023541,6.709130943074845,10.722600059509277,9.02040003299713,-6.551725895594698,-20.87591019339332,76.83523572946204,109.67117974122775,97.09091186523438,0
HK.01397,490,0.75,0.7599999904632568,-1.31578823536055,0.17379882030902188,128968.6,96726.45000000001,2.1957135955230878,0.8500999999046326,1.0269749948382378,1.3513500451867637,-24.24242497220256,-34.95935228303936,-30.434782608695656,-25.92592941444635,0
HK.01398,490,7.650000095367432,7.610000133514404,0.5256236682160845,0.49476263868741593,162776481.15,1245240096.321075,2.184460003395154,7.273700027465821,6.653547260761261,5.955683070239635,9.598854935001562,23.703974605360028,24.094206695985914,40.528932914026655,1
HK.01399,490,0.3149999976158142,0.3149999976158142,0.0,0.8842443729903537,128200.0,40382.99969434738,6.267568982070067,0.3639000016450882,0.2812749999761581,-7.3529428522066915,-27.58620784153221,59.0909087488255,67.55319595836107,68.44919078728967,0
HK.01400,490,0.02199999988079071,0.020999999716877937,4.761905606641802,0.718711164533843,58280008.85,1282160.1877524815,9.71378383888114,0.019999999590218066,0.018659999668598173,15.789476780019736,15.789476780019736,22.222226821346243,22.222226821346243,10.000001862645192,1
HK.01401,490,0.2370000034570694,0.24300000071525574,-2.4691346668830096,0.24376151489714268,3791950.0,898692.1631090343,6.892743243196489,0.2448600000143051,0.572980001270771,-12.222224429801571,-13.818182429006265,-77.85046805241332,-64.09090999400973,-71.4457821418592,0
HK.01402,490,0.5099999904632568,0.5600000023841858,-8.928573519295567,1.799083269671505,2810500.0,1433354.9731969833,8.884935758062221,0.3446999979019165,0.2755849996954203,35.999997456868485,96.15384968074834,119.82758842169466,112.50000077610215,82.14285296140886,0
HK.01405,490,30.260000228881836,30.479999542236328,-0.7217825349689975,0.2971216341689879,474152.5,14347854.758524895,5.109472221428866,35.61719982147217,52.03209980010986,-20.11615793128208,-14.423077752936218,-51.19354801793252,-58.08864057075481,-64.81395322223042,0
HK.01406,489,0.35499998927116394,0.35499998927116394,0.0,,0.0,0.0,0.0,0.35499998927116394,0.35499998927116394,0.0,0.0,0.0,0.0,0.0,0
HK.01407,490,0.699999988079071,0.7149999737739563,-2.0979001741372687,0.2700049091801669,406800.0,284759.9951505661,4.159696878174465,0.6007800006866455,0.5770430913567544,14.754093715305943,27.416522956627688,15.08588727217743,16.972537967354008,25.181148934968228,0
HK.01408,490,0.3499999940395355,0.36500000953674316,-4.109593179530491,3.421891604675877,109400.0,38289.999347925186,1.0395989516781758,0.3440000021457672,0.3435152630507946,4.477607558580467,-5.405408235428679,-17.252130198811038,49.016295604717214,118.43382659286372,0
HK.01410,490,0.8050000071525574,0.7950000166893005,1.2578604092237398,0.8350033400133601,1442500.0,1161212.510317564,4.4740394366488285,0.7890999925136566,0.7029249967634678,5.228761072634299,-7.471264052822595,54.80769936149669,64.28571254796958,187.5000013304608,1
HK.01412,490,1.0199999809265137,1.0399999618530273,-1.9230751596258298,0.09648518263266713,140200.0,143003.99732589722,1.6684994951612278,1.052179021835327,1.1642295110225678,-2.848327381600522,3.970971563513132,-10.636527712777918,-31.99383457225537,-31.179387806873937,0
HK.01413,489,0.24400000274181366,0.23999999463558197,1.6666700815161835,0.0,883050.0,215464.20242115855,5.6170539421458585,0.19551999926567076,0.2979257294535637,10.407240642761922,43.5294118678281,-30.285712315111713,-36.623374341329956,-38.22784908496687,5
HK.01415,490,23.360000610351562,23.899999618530273,-2.2594101121241694,0.8233678092041382,2996442.0,69996886.94888306,4.215675362257923,23.04199993133545,26.612861814498903,1.7421669940284035,-6.709266149163798,-6.599496383022226,-16.13827217301277,-26.647001442639496,0
HK.01416,490,0.19200000166893005,0.19200000166893005,0.0,5.195154777927321,468000.0,89856.00078105927,1.9814148639414175,0.18490000069141388,0.19237499959766866,4.918034655704189,-5.4187156681456985,-8.571424922164491,3.7837833483955876,45.454547507047,0
HK.01417,490,4.644999980926514,4.744999885559082,-2.107479600513959,0.4734516962573977,1786400.0,8297827.965927124,13.543268577306542,6.0610999631881715,2.002894989922643,-40.52496779822791,140.67358068211558,1919.5651724624731,2165.853668996651,1795.9183226620748,0
HK.01418,490,0.10899999737739563,0.11400000005960464,-4.385967262802434,0.17887856897144822,290000.0,31609.999239444733,4.814675572240096,0.14004000052809715,0.17591550413519144,-19.259264410277737,-24.827593577743873,-40.65336206688128,-51.605742925658774,-53.35198437852736,0
HK.01419,489,0.7699999809265137,0.7699999809265137,0.0,0.0,39400.0,30337.99924850464,1.6076569789491104,0.7554000008106232,0.7901608446240425,-2.5316506313829312,-1.2820501064172196,-6.097562482568367,-3.750003818422499,-33.427089363788895,0
HK.01420,490,0.26499998569488525,0.27000001072883606,-1.8518610500991368,0.609387867142465,744600.0,197318.98934841156,5.376021740352904,0.21321999967098237,0.2210749989002943,32.499990873038904,31.840785618852625,-7.017547712211622,54.069753892603345,51.42856583303326,0
HK.01421,490,0.6000000238418579,0.5600000023841858,7.1428609441737585,0.17214349389812794,238637.5,143182.50568956137,4.372524061569657,0.5949999970197678,0.47992499873042105,-13.669060429247784,41.17647223819081,50.00000372529024,51.89873608731431,25.00000776102163,1
HK.01425,490,0.5899999737739563,0.6000000238418579,-1.666674945089223,1.1222910216718267,1948750.0,1149762.4488919973,3.166690674371988,0.5952999997138977,0.5998477679491043,1.72413633637985,-1.9933595276935854,-0.46200407642374414,1.1179658882444772,-0.46200407642374414,0
HK.01427,489,0.18199999630451202,0.18199999630451202,0.0,0.0,133850.0,24360.699505358934,7.406430623528058,0.2067999994754791,0.21619999945163726,-14.150944125635345,-26.31578915616532,-9.900995065576542,-27.20000147819519,-24.793389549298368,0
HK.01428,490,7.09499979019165,7.059999942779541,0.49574855093171344,0.4087850864816167,7372110.75,52305124.22451961,3.902998574893415,7.025299968719483,8.817025020122529,-2.674899488090125,-7.976656873054075,-5.020080462283105,-16.33254512746623,-38.30434965050738,1
HK.01429,490,0.20100000500679016,0.1979999989271164,1.5151545939038447,0.17060283913680055,2310200.0,464350.21156668663,8.957830185007255,0.1717799998819828,0.19317499935626983,39.583342819026626,5.7894776468462394,12.921349161156726,109.37500339544685,415.38461758892913,1
HK.01431,490,0.3050000071525574,0.3199999928474426,-4.687495634425334,1.9328516787080323,620200.0,189161.00443601608,4.01183842759382,0.2855400010943413,0.2904200008511543,0.0,17.30769936149668,0.0,17.30769936149668,-10.294116486933829,0
HK.01432,490,0.36000001430511475,0.36500000953674316,-1.3698616715036243,0.6397694524495677,825650.0,297234.011811018,4.410510923322546,0.3601000016927719,0.3446000020205975,-1.3698616715036243,9.090909090909092,4.347830593924006,5.882356034843122,1.4084577986089954,0
HK.01433,489,0.08100000023841858,0.08100000023841858,0.0,,0.0,0.0,0.0,0.08100000023841858,0.08645500019192695,0.0,0.0,-11.956521651103728,-14.736840784384587,-19.801982754340866,0
HK.01440,490,15.979999542236328,14.039999961853027,13.817660866483761,2.1263591834546105,3090996.3,49394119.45905418,17.326173462489233,13.487999992370606,12.131549990177154,18.987335659834674,7.248321821182604,30.448975854990433,113.06666056315105,77.55555046929253,4
HK.01442,489,0.2800000011920929,0.2800000011920929,0.0,0.0,8250.0,2310.0000098347664,0.0,0.2863000017404556,0.30407499983906744,5.66038351204981,-15.151518161850626,-11.111110059882801,-13.84615031925166,-17.64705933914052,0
HK.01443,490,0.0560000017285347,0.06300000101327896,-11.111109797075754,7.037295340573213,4070500.0,227948.0070360005,8.041825515021742,0.04982000008225441,0.054835000038146973,7.692308794464562,16.666669253673795,7.692308794464562,-22.222216473317193,-6.666661699612825,0
HK.01446,489,0.2849999964237213,0.2849999964237213,0.0,0.0,23300.0,6640.499916672707,2.1880343347298234,0.32310000121593474,0.3660250023007393,-12.307690191550995,-21.917811239116848,-14.925376321032388,-40.62499941792338,-34.48275980191527,0
HK.01447,489,0.5299999713897705,0.5400000214576721,-1.8518610500991368,2.294757665677547,94600.0,50137.99729347229,0.4631508197088274,0.58410001039505,0.5343750141561031,-7.017547712211622,-3.6363709268489552,-9.773019162438466,20.963638974322418,3.8461475576209736,0
HK.01448,489,2.640000104904175,2.640000104904175,0.0,,0.0,0.0,0.0,2.640000104904175,2.6908500623703,0.0,0.0,-6.38297278722401,-7.692300638503319,-7.912598759556189,0
HK.01449,490,1.625,1.625,0.0,0.2857127252005542,4110572.5,6679680.3125,14.422807431731297,0.7939999955892563,0.39843999661505225,91.17646522587985,470.1754457512502,525.0000229248642,513.2075802717162,513.2075802717162,0
HK.01450,490,0.6899999976158142,0.7350000143051147,-6.122451131085289,2.982780924467557,212662.2,146736.91749297382,2.84390443297817,0.7985999965667725,0.8427278488874436,-17.857140576352805,-6.7567582806154425,-11.250403833129633,-35.38406759994325,-24.834530869953106,0
HK.01451,490,1.2000000476837158,1.2000000476837158,0.0,2.231270358306189,135800.0,162960.0064754486,5.952866054198909,1.1207000076770783,1.191732449531555,-2.040814340536656,12.149531669060321,-6.976737738815951,-2.439022026387315,44.39324050641263,0
HK.01452,490,0.20600000023841858,0.20499999821186066,0.4878058708685713,0.6865401987353207,112900.0,23257.400026917458,4.020148401532356,0.18246000081300737,0.14543500017374755,30.37974098576458,28.75000302679844,73.10923990931579,79.1304317404057,112.37112800250708,1
HK.01455,490,0.26499998569488525,0.27000001072883606,-1.8518610500991368,1.6968698517298189,631000.0,167214.9909734726,4.921822920656916,0.23745293974876402,0.22077029392123224,7.72356844518078,20.842269117027808,13.53326270853712,21.36314690286914,19.30613737510703,0
HK.01456,490,3.7750000953674316,3.799999952316284,-0.6578909805936686,0.6629327253510091,2451376.35,9253945.955031468,2.521931929710392,3.8984000062942505,4.513213729858398,-2.3285876829816323,-3.526706048483602,-16.890972973330467,-26.864053452552,-38.467354058193834,0
HK.01458,490,1.2050000429153442,1.25,-3.5999965667724605,0.6954180020313377,563025.35,678445.5709124267,3.881472570761515,1.2696999907493591,1.4654250019788742,-5.859369543031667,-10.740739138201622,-15.734259642343776,-26.5243869862125,-49.581590375551144,0
HK.01459,489,0.19099999964237213,0.19099999964237213,0.0,0.0,84100.0,16063.099969923496,4.515585881889859,0.21870000034570694,0.23150499925017357,-19.74790115897222,-10.747664364855067,-16.5938874005803,-20.746887017539347,-51.64557102417602,0
HK.01460,490,0.2409999966621399,0.25,-3.600001335144043,0.06255864873318737,256560.0,61830.95914363861,1.3151571148472576,0.24615999549627304,0.250159999281168,0.836821805424746,-3.600001335144043,10.045662193664612,-15.438596601301285,-26.969700883133086,0
HK.01461,490,0.6800000071525574,0.6850000023841858,-0.7299263086460758,0.027567195037904894,66900.0,45492.00047850609,2.597551302650427,0.6572000086307526,0.6322561231255531,0.7407400212333817,27.737472195829145,4.512469804448161,4.512469804448161,-10.417872473478925,0
HK.01463,489,0.3700000047683716,0.3700000047683716,0.0,0.05141388174807198,467700.0,173049.0022301674,6.99136951305747,0.3334000051021576,0.2888999983668327,23.33333002196431,19.35483932991305,48.00000190734863,45.09804379889626,37.037033357738125,0
HK.01466,490,1.1100000143051147,1.2300000190734863,-9.756097797361269,2.0823039330604294,1819395.0,2019528.4760266542,9.663726059568608,1.0135000014305116,0.6916499999165535,1.8348605792718238,105.55555003660719,105.55555003660719,94.7368470585578,113.46154904224501,0
HK.01468,490,0.18799999356269836,0.18799999356269836,0.0,0.07241391795503095,270440.0,50842.718259096146,5.128838874284699,0.18435999929904937,0.3932200002670288,13.253012480800166,-38.360659293800275,-59.13043692341821,-72.35294241393724,-84.33333449231249,0
HK.01470,490,0.1120000034570694,0.10700000077486038,4.672899669159408,0.15759312320916904,558600.0,62563.201931118965,4.248613996826353,0.13364000037312507,0.13904000103473663,-19.999997871262696,-27.74193380923476,-21.678322917109533,8.737867308197824,-22.758616082875122,1
HK.01471,490,8.744999885559082,9.300000190734863,-5.967745094550654,0.28846153846153844,3165.0,27677.924637794495,1.8494862557820415,8.763300046920776,17.043908302783965,-1.6863469869039454,-23.624453875686676,-76.34033303434283,-50.52140371672882,-37.34106348987253,0
HK.01472,490,0.09700000286102295,0.09799999743700027,-1.0204026552349417,1.0449101796407185,343700.0,33338.90098333359,1.5484835651460698,0.10643999963998795,0.09077000018209219,-12.612611161318627,-2.999998584389708,21.25000628642752,64.40678351365843,42.64705527870319,0
HK.01473,490,1.1549999713897705,1.1699999570846558,-1.2820501064172196,0.1378610353870247,2991733.35,3455451.933655822,8.35542702864919,1.2912028670310973,0.8121839891374111,-14.648311658108454,-31.216581213109684,146.17223749796102,178.40907980692364,148.79109411448866,0
HK.01475,490,6.565000057220459,6.630000114440918,-0.9803930029937893,1.0088714895110262,142286.5,934110.8806416988,2.6450119727682453,6.574199962615967,6.816416084766388,-3.31369522675468,3.712482406742553,-10.28492957481238,-2.765461046126683,-3.7391929651975984,0
HK.01476,489,1.2000000476837158,1.2000000476837158,0.0,0.0,1750.0,2100.0000834465027,0.5482099184145482,1.225600004196167,1.4946831142902375,-5.5118058499284555,-0.8264454667762735,-28.920590110640447,-33.581531177256146,-39.828811227602046,0
HK.01477,490,5.385000228881836,5.329999923706055,1.0319006747290618,0.8563400313999727,317515.95,1709823.4634236337,4.5394972526115795,5.3488999938964845,6.6153249931335445,0.7483711928967408,2.5714329310825894,-19.626859967441273,-28.675495459057753,-41.46738760300072,1
HK.01478,490,5.349999904632568,5.445000171661377,-1.7447247756435265,0.5058553847100802,8471601.4,45323066.682085134,4.596882334066891,6.554700012207031,7.947383043766021,-23.789174940617812,-32.9573948390325,-30.36442209659279,-35.5971527140863,-60.33144449979617,0
HK.01480,490,1.0049999952316284,1.0199999809265137,-1.4705868603311214,0.9032258064516129,80700.0,81103.49961519241,5.1740169259855415,1.1337999868392945,1.1765970197319984,-7.798168398536985,-60.75601687781311,-6.527978627239647,-14.31731215832069,-8.197123501862453,0
HK.01481,489,1.4600000381469727,1.4600000381469727,0.0,0.0,19000.0,27740.00072479248,0.40456581974727923,1.4748000192642212,2.032300001978874,-2.6666641235351562,-9.316768622693642,-46.12546060533333,-21.08108003614941,143.33333002196431,0
HK.01483,490,1.284999966621399,1.1749999523162842,9.36170372503174,0.49431321084864394,468500.0,602022.4843621254,3.9759479762146293,1.1132999968528747,1.1433249980211257,14.732139388441446,10.775862379037251,14.732139388441446,17.889901584532016,27.22772066879009,5
HK.01486,489,0.38999998569488525,0.38999998569488525,0.0,,0.0,0.0,0.0,0.40110000014305114,0.5936750009655952,-8.235300057486924,-37.09677698460874,-49.35064995383349,-39.062500873114935,25.80644603078253,0
HK.01488,489,0.9800000190734863,0.9300000071525574,5.376345326492771,0.0,197100.0,193158.00375938416,1.3921298894772978,0.8496000123023987,0.7602000033855438,15.294116657085514,13.953488694454535,63.33333002196431,63.33333002196431,44.1176483478513,1
HK.01489,490,3.7200000286102295,2.924999952316284,27.17949023091064,0.8691705137751303,8429030.0,31355991.841156483,15.349695686129843,1.1573999977111817,0.6128999972343445,262.92684050133965,629.4117839553644,905.405400180747,853.8461961689801,717.5824003077958,4
HK.01490,490,0.27000001072883606,0.24799999594688416,8.87097384738014,5.8320610687022905,156400.0,42228.00167798996,1.4956025830952693,0.25663999617099764,0.23438499830663204,3.846161781683767,-6.8965453455194,36.363642521141024,42.85715186767138,27.358497130718117,1
HK.01496,489,0.1899999976158142,0.1899999976158142,0.0,2.2988505747126435,91000.0,17289.999783039093,2.353022306071653,0.166725472509861,0.16333086900413035,18.100741845905414,18.81649464669551,11.390466326240718,28.13544687528075,19.105695917331815,0
HK.01497,490,6.760000228881836,6.25,8.160003662109375,0.35843420845778967,128020.0,865415.2293014526,4.2362053497815175,5.8872603416442875,5.827432312965393,32.63038695979779,3.678619672755295,23.636367441920093,25.3156415652597,0.42301387593467776,1
HK.01498,490,0.27000001072883606,0.25999999046325684,3.846161781683767,6.406041759218125,69200.0,18684.000742435455,2.433548453930744,0.2807999986410141,0.31475000113248824,-1.8181800448205245,-12.903223015391266,-15.6249947613104,-22.857138478026023,-40.65934001154234,1
HK.01499,490,0.12200000137090683,0.12300000339746475,-0.813009755232685,0.22125032158476973,1956000.0,238632.00268149376,6.224646657129168,0.11468000054359435,0.15226500015705824,8.92856929033089,5.17241800121984,-26.946105086203666,-33.333331976214815,-74.31578886277788,0
HK.01500,490,0.41499999165534973,0.3799999952316284,9.210525490240366,5.17724649629019,757500.0,314362.4936789274,4.807694833720098,0.3248199987411499,0.2302199998870492,16.9014096331015,48.214282103034925,145.56212558628135,237.39835787996702,510.2940722088319,1
HK.01501,490,35.36000061035156,34.099998474121094,3.6950210927038594,0.7678350515463918,243670.0,8616171.348724365,3.9244934752131977,33.23440021514892,32.507054052352906,8.266995638560585,12.18274142392045,24.267612465301397,21.638068753095276,7.999860185487254,2
HK.01502,490,1.9199999570846558,1.9299999475479126,-0.5181342349755989,0.5186500888099467,143150.0,274847.9938566685,1.215496715789448,1.9840000104904174,2.0025418335199356,-3.5175905586243132,-1.8599064562766665,-6.280642863402291,2.4911269130629976,-9.540442562003848,0
HK.01508,490,1.2350000143051147,1.2400000095367432,-0.4032254188043424,0.8617937052433629,14711219.35,18168356.10769568,3.320098731441047,1.2522000026702882,1.3623040974140168,1.6460889199236395,7.0584653686809125,-20.98065340281997,-25.419940364350495,-17.54503018460963,0
HK.01511,81,54.650001525878906,56.0,-2.4107115609305247,1.2615303754733342,294634.65,16101784.0720768,4.494087533368493,59.68300018310547,,-9.219267718809162,-38.1787323726683,,-4.956519085427989,,0
HK.01513,490,21.079999923706055,20.780000686645508,1.4436921421920097,0.694050109605221,1908026.95,40221207.960429095,3.018475784490035,24.20879981994629,26.088448610305786,-16.67983968621174,-15.03198565537016,-17.768872457200086,-21.558855073479013,-39.24947313221661,1
HK.01515,490,2.4800000190734863,2.4549999237060547,1.018333855167361,1.191632955908361,1273725.0,3158838.0242943764,1.825283241022637,2.4800483560562134,2.706218851804733,-4.416240063147429,3.0823093769271805,-11.147919237075804,-18.046366212066147,-26.197820616954527,1
HK.01516,490,0.8050000071525574,0.8149999976158142,-1.226992698467561,0.3945645915540045,2688406.1,2164166.929728979,3.754187200635619,0.826599999666214,1.0838960206508637,-1.8292665641127552,-4.166662823113064,-37.82974864097536,-41.82641331873659,-49.09811000950298,0
HK.01518,489,0.24899999797344208,0.24899999797344208,0.0,0.0,8275.0,2060.474983230233,1.1811795094499302,0.28896000027656554,0.5183899980783463,-7.777782192936475,-48.12499926270294,-59.83871031316088,-62.272729078928556,-68.87500071711837,0
HK.01519,490,9.300000190734863,9.335000038146973,-0.3749314115595543,0.556473882733084,37101705.25,345045865.9015887,3.02830350732529,9.807700023651122,9.932375016212463,-5.343507671472829,11.244025988766948,-3.726704579334845,-10.662821065777328,-3.326400193669248,0
HK.01520,490,0.699999988079071,0.7250000238418579,-3.448280681469336,0.5044299819556799,1222775.0,855942.4854233861,7.368972246001826,0.5446000003814697,0.7357000024616718,41.414137643620094,14.754093715305943,-1.408449403588351,-35.77981957401163,-55.69620448949717,0
HK.01521,490,1.100000023841858,1.2000000476837158,-8.333334989017844,2.6724137931034484,152800.0,168080.0036430359,4.0769117495602405,1.1954000043869017,1.0595999985933304,-12.698410145429659,15.78947764684624,1.851850012202395,8.910894478060415,-17.293233958799657,0
HK.01522,490,0.2199999988079071,0.21899999678134918,0.4566219366461133,0.013240100955769787,582625.0,128177.49930545688,2.9501110796691674,0.23229999959468842,0.27627777703106404,0.4566219366461133,-13.600004588040221,-27.999999609860502,-30.117645477341075,-31.130435869689236,1
HK.01523,490,7.230000019073486,7.150000095367432,1.1188800369091962,1.2555569195546383,611249.3,4419332.450658656,3.4259732934845584,7.623575973510742,7.421800434589386,-6.709677173245337,-19.033714109893097,-11.46199847337088,23.089405536909265,17.729387333755984,1
HK.01525,490,2.259999990463257,2.2200000286102295,1.8018000602490185,2.6045400238948626,330350.0,746590.9968495369,2.296028823640367,2.4125,2.319525569677353,-5.042021773425426,22.16216007229882,-1.716154582792273,-13.818275644901867,-16.25126827401292,1
HK.01526,490,0.8149999976158142,0.8299999833106995,-1.8072272284938358,0.3165347771761766,113150.0,92217.24973022938,6.656547150950942,0.991700006723404,0.9041472280025482,-20.873784441358634,14.181194742068696,-3.078756217759356,-22.10068788285425,-14.94666497307652,0
HK.01527,490,2.2300000190734863,2.2850000858306885,-2.4070050193108607,0.07018528916339135,142980.0,318845.4027271271,5.395213128973514,1.9617999911308288,1.9689999997615815,23.888893230461893,13.197968867375007,14.358972540660453,14.358972540660453,5.18868582322566,0
HK.01528,490,1.0549999475479126,1.0499999523162842,0.47619004368509765,0.5451704849913527,2444735.8,2579196.140768504,2.707404145427612,1.050999984741211,1.2282999897003173,0.0,-14.227647870883352,-23.5507281743987,-15.600004196166992,-30.592107842998857,1
HK.01529,490,0.875,0.9200000166893005,-4.89130607314954,0.0792507204610951,495600.0,433650.0,9.209346682930086,0.5139000004529953,0.4975250005722046,82.29167074120302,130.2631607841587,75.0,48.30509133806069,78.57142509593915,0
HK.01530,490,16.219999313354492,15.4399995803833,5.051811879335736,0.7501096558441754,25921516.25,420446975.7761073,4.611923070481426,17.029873657226563,21.21338533401489,-7.1551233493436355,1.3517014884388792,-16.618465115941593,-33.036961385002684,-48.17533025467181,1
HK.01532,490,0.15299999713897705,0.15199999511241913,0.6578960912586355,0.23210831721470018,156900.0,24005.6995511055,4.307606502398976,0.13741999998688698,0.11622500073164702,0.0,3.3783751129669097,64.51612205460731,47.115378829061044,24.39023814053866,1
HK.01536,490,0.7250000238418579,0.5550000071525574,30.630633242959803,2.1419576416714365,9539900.0,6916427.72744894,14.643210892082415,0.2550600004196167,0.2278249993175268,168.51851667886905,133.870973634174,229.5454671683391,396.57536609397897,328.994097553053,2
HK.01538,490,0.8700000047683716,0.7950000166893005,9.433960566617486,3.253662297609869,986700.0,858429.0047049522,8.51911935928083,0.7307000029087066,0.6205221319198608,23.404258916833935,2.3529388665328623,75.88601529825758,130.0047966981572,113.57587663846263,2
HK.01539,490,0.3050000071525574,0.3100000023841858,-1.6129016752173695,0.12639642515161187,1418700.0,432703.51014733315,5.792069024981374,0.33860000014305114,0.3384199997782707,-1.6129016752173695,-4.687495634425334,-19.736839215841286,5.1724192858027385,-10.294116486933829,0
HK.01540,490,0.7099999785423279,0.6899999976158142,2.898547970379774,1.1288254528037485,1907675.5,1354449.5640657246,5.107869557002169,0.5889999997615815,0.458566862642765,7.575750049918888,65.11627133309112,64.13977635623161,77.49999199062599,79.58822545893901,1
HK.01541,490,3.1700000762939453,3.2049999237060547,-1.0920389468102643,0.8916377971181785,645963.9,2047705.6122831346,6.651875964589762,3.4176000118255616,4.515300016403199,-11.452509948315113,-8.645531695757283,-16.137563484466114,-47.86184019618085,-74.2694792628469,0
HK.01542,489,0.7749999761581421,0.7200000286102295,7.638881300334879,0.0,142750.0,110631.24659657478,8.127231987915854,0.7626000046730042,1.0234500032663345,15.671635351247048,-14.835169909584996,-29.545458239957238,-32.017545097972786,-46.55172753986071,6
HK.01543,490,0.18799999356269836,0.18799999356269836,0.0,6.648936170212766,50100.0,9418.799677491188,1.2878600956903834,0.1845399981737137,0.22736499957740308,-0.5291016137011844,5.0279263569650485,-20.675109358488672,-39.35484125264351,-39.35484125264351,0
HK.01545,490,0.16200000047683716,0.1589999943971634,1.8867963430112475,3.5714285714285716,287000.0,46494.000136852264,1.7584209598340068,0.14741999983787538,0.12083499997854233,6.578951109190517,16.546764132411507,57.28155367897373,72.34043194029137,138.23528187188376,1
HK.01546,490,0.11999999731779099,0.11800000071525574,1.694912364756178,0.42,163360.0,19603.199561834335,2.2626704803683033,0.12904000043869018,0.17857499942183494,-11.111116630059483,-41.176470803073265,-37.82383677716148,37.93103536867786,57.89473839000987,2
HK.01547,489,0.21899999678134918,0.21900001168251038,-6.804182830569995e-06,0.0,17200.0,3766.799944639206,0.5414142368387409,0.20298562854528426,0.20673013769090176,4.186038565343366,-6.27615385621011,6.666662311989537,14.285713174827228,-2.6441181725195095,0
HK.01548,490,34.0,32.36000061035156,5.067983185154273,0.7682390525634011,44418854.1,1510241039.4,7.699159280355285,24.093799991607668,15.745350003242493,30.368098540885608,187.1621584613625,212.49999671297917,165.83268257550526,96.07842964710531,2
HK.01549,490,0.07599999755620956,0.0729999989271164,4.109587223540079,2.88659793814433,355200.0,26995.199131965637,5.833011442654697,0.07126000091433525,0.09332500033080578,10.144926753772236,-19.14893600157128,-24.752480287129135,-27.619047686626587,-44.117651892677465,1
HK.01551,489,1.4149999618530273,1.4149999618530273,0.0,0.0,2400.0,3395.9999084472656,0.7509195204079379,1.4905999970436097,1.4860653966665267,-5.666669209798178,-8.116883317944497,-5.553923088607309,-3.6898597135722078,-13.887403485992126,0
HK.01552,490,0.2849999964237213,0.2750000059604645,3.636360089641049,15.741935483870968,69000.0,19664.99975323677,0.3540666493131362,0.26559999346733093,0.24857499793171883,7.547174267346414,13.999998569488525,7.547174267346414,27.2321373333548,68.63905137620601,1
HK.01553,489,1.5,1.5,0.0,4.039735099337748,36300.0,54450.0,0.41446275859273635,1.4608000016212463,1.4765000033378601,7.142858967489158,9.48905071380695,-5.660379338946266,-0.6622510282393388,3.4482724601392922,0
HK.01555,490,0.028999999165534973,0.028999999165534973,0.0,1.3061557276803915,12866100.0,373116.8892636895,11.251723060250782,0.025420000366866587,0.03018500014208257,20.83332880607086,3.5714223942892365,-38.29787200314256,11.538456027677187,-17.142859879805105,0
HK.01556,490,0.24300000071525574,0.25,-2.799999713897705,0.032,460500.0,111901.50032937527,1.180541748128027,0.26220000088214873,0.2991457934677601,-8.301881572537058,-8.301881572537058,-32.98984204090485,-25.331534416913993,-23.135405560567538,0
HK.01557,490,0.5,0.5,0.0,0.21978021978021978,18400.0,9200.0,3.12317170102519,0.5595000034570694,0.4159750006347895,-15.96639059532916,8.69565020211481,47.05882198257844,49.25372762546221,143.9024411518612,0
HK.01559,489,0.04800000041723251,0.050999999046325684,-5.882350363120852,1.761467889908257,73125.0,3510.0000305101275,0.9054490479260688,0.04986000016331673,0.06422091027721763,-14.285716186372543,-2.0408129131033443,-41.4634157422041,-44.186047921959506,-29.41176792845164,0
HK.01560,490,0.35499998927116394,0.36000001430511475,-1.3888957875743526,0.09895547003848268,2376400.0,843621.974503994,16.156047519593848,0.21050000086426734,0.150990000218153,179.52754168629045,190.9835944934836,164.92535852860155,200.8474467113011,173.07692484037418,0
HK.01561,489,0.05999999865889549,0.05999999865889549,0.0,0.0,90600.0,5435.999878495932,1.5500002464900524,0.048100000247359276,0.05528000019490719,13.207545976233071,15.384610424909468,7.142851440882373,-11.764712649748445,-27.710842237899563,0
HK.01563,490,0.13099999725818634,0.125,4.799997806549072,1.4463188178370603,409800.0,53683.79887640476,5.926263942203462,0.12692000091075897,0.15412500068545343,0.7692323563367534,-6.42857378538773,-21.084335997499476,-25.56818297271394,-36.09756175568245,1
HK.01565,490,0.17000000178813934,0.1599999964237213,6.250003492459733,1.5838509316770186,34750.0,5907.500062137842,1.7017624798775437,0.18732000052928924,0.18601294599473475,-11.917099205675473,13.33333002196431,-11.952401150742089,-12.392635257248807,-8.264540827259788,1
HK.01566,490,3.984999895095825,3.950000047683716,0.8860720756860072,0.5812761765844715,7284632.5,29029259.74831164,19.176696648219682,1.5169000101089478,0.4335400015115738,109.73683921584127,7713.725430614349,7713.725430614349,7713.725430614349,7713.725430614349,1
HK.01568,490,0.6499999761581421,0.6449999809265137,0.7751930820906612,0.9645909645909646,165000.0,107249.99606609344,1.4118406983171683,0.642999997138977,0.6818499884009361,0.7751930820906612,1.5624985448084445,-15.662646875330374,-5.405407749803441,1.4492713176044585,1
HK.01569,490,0.10599999874830246,0.11699999868869781,-9.401709456136903,0.9099804305283757,199800.0,21178.79974991083,3.1534583155008207,0.11350000023841858,0.14947499997913838,-5.357146896041653,-15.200001001358032,-39.42857111230188,-39.42857111230188,-37.27810716103958,0
HK.01570,490,12.789999961853027,11.220000267028809,13.992866822274804,5.446240626911088,191764.25,2452664.7501847744,4.313062522777811,12.028399925231934,9.252849989533424,6.053063987036989,-0.07812678697516343,44.3566643054436,149.31773248599464,813.5714414046737,1
HK.01571,490,3.7699999809265137,3.6649999618530273,2.864939158700515,0.2235409766898434,861867.1,3249238.9505611896,1.7771220048457028,3.8134999895095825,3.791226097345352,-1.3088992981693386,-3.947865325682868,3.648092216203305,6.640561774474449,0.3211158646235304,1
HK.01572,490,0.07599999755620956,0.07000000029802322,8.571424618059293,0.9617486338797814,383600.0,29153.59906256199,3.3435739820617525,0.07660000011324883,0.0899200002476573,-1.2987039376318668,-20.0000015685433,-20.833336567092246,-24.000003576278633,-27.619047686626587,1
HK.01575,489,0.03700000047683716,0.03700000047683716,0.0,0.0,161400.0,5971.800076961517,2.5131481867284227,0.036260000094771386,0.04683500003069639,0.0,-21.27659203456816,-36.206893893966416,-11.904759581735043,-27.450978100551872,0
HK.01576,489,1.7000000476837158,1.7000000476837158,0.0,0.0,13100.0,22270.000624656677,0.37155463145281303,1.6709999918937684,1.6523307275772094,3.6585403970846935,7.738962667993726,3.525714179517513,1.8192418959128032,0.16812183779399986,0
HK.01577,489,1.0449999570846558,1.0199999809265137,2.4509781005518687,0.0,200.0,208.99999141693115,0.0,1.0370999801158904,0.9812844559550286,1.4563093312173492,-1.213630252687972,11.628597877360518,11.628597877360518,25.425395090720667,1
HK.01578,490,2.1050000190734863,2.125,-0.9411755730124081,6.099953292853806,68650.0,144508.25130939484,1.69327662790053,2.1222999906539917,2.21139914393425,0.23810069847564236,-2.546299285726664,-3.272028896750211,-12.340269885228334,-8.404530946452244,0
HK.01579,490,13.920000076293945,13.970000267028809,-0.3579111652049919,0.4015259066960549,3934311.7,54765619.16416416,3.3591555141339393,14.728552055358886,13.936955609321593,-4.819134433312323,4.566856636547347,-5.434422331612999,15.482633351699352,11.375695107182539,0
HK.01580,490,0.2409999966621399,0.23000000417232513,4.782605343595179,2.7988338192419824,191000.0,46030.99936246872,4.422005722685849,0.23397999942302705,0.2848549996316433,-12.363639476870635,0.41666752037904586,-19.666670971446397,34.63686578807536,79.85073929774164,1
HK.01581,490,0.2750000059604645,0.30000001192092896,-8.333334989017844,1.1402508551881414,87200.0,23980.000519752502,2.4594930291399772,0.3091000020503998,0.2678749995678663,-12.698410145429659,-16.666668171834402,12.244898207432918,38.19095710682051,34.14634554106735,0
HK.01582,490,0.46000000834465027,0.4650000035762787,-1.0752677834782465,0.0862895493767977,253375.0,116552.50211432576,2.2356303743424375,0.4001999992132187,0.3782499998807907,16.455695151977128,13.580248639671158,21.05263529391835,29.577471055437947,16.455695151977128,0
HK.01583,490,0.8999999761581421,0.9850000143051147,-8.629445371829501,6.350710900473934,13900.0,12509.999668598175,3.6163028388959595,0.9673000001907348,1.0802147096395494,-15.887856818732034,-6.250000388051082,-16.059659455412397,-29.41381114149172,-24.85985894080699,0
HK.01585,490,8.694999694824219,8.5600004196167,1.5770942592262693,1.5598102346680598,14496444.05,126046576.59078637,4.391046229498606,9.825900001525879,10.775182223320007,-14.671245801001762,-14.22721767128346,-17.096657921718837,-20.544974809756162,-33.07219058790885,1
HK.01586,490,1.4700000286102295,1.399999976158142,5.00000383172723,1.3329290115331682,32009.1,47053.37791578769,3.0394601174240616,1.6375000119209289,1.795175006389618,-14.534883479159097,-19.230769986533936,-16.477270649114907,-32.876712776165455,-48.0565346911679,1
HK.01587,489,0.5,0.5,0.0,0.23696682464454977,510200.0,255100.0,3.355686600080474,0.5101000010967255,0.5741161164641381,0.0,-16.66666997803569,-15.894514018720637,-17.251055988604598,-18.56452516987308,0
HK.01588,489,4.460000038146973,4.474999904632568,-0.33519255430749123,0.218258980447633,100045.0,446200.7038164139,5.0326123675175385,4.226440148353577,5.832457283735275,10.064270166990408,4.114837244073557,-31.663959881965724,-41.03528106135382,-36.40454747732363,0
HK.01591,489,0.11599999666213989,0.11599999666213989,0.0,0.0,79000.0,9163.999736309052,1.4718359115113062,0.12657999932765962,0.13803999967873096,-12.121214173713673,-27.500000465661294,-10.769230063850333,-12.781958256806162,-34.09091063028525,0
HK.01592,490,0.16500000655651093,0.17499999701976776,-5.714280362031807,2.139486103828002,736875.0,121584.37983132899,4.3503473866056925,0.2079799997806549,0.1954372000694275,-20.673075407611226,-31.818178739429488,-1.1975983253592786,15.38461458304677,-41.07142648070443,0
HK.01593,490,1.159999966621399,1.090000033378601,6.422012027451383,3.0566198382290337,270800.0,314127.9909610748,2.9594940280166266,1.0512999701499939,1.1964249926805497,11.538462420187086,-5.691061086715743,-7.936509888789085,-7.200002670288086,-14.705885704413383,2
HK.01596,490,0.3199999928474426,0.2750000059604645,16.36363124059263,1.745627719845636,527850.0,168911.9962245226,6.401396743307974,0.2981599977612495,0.5453423612564802,25.490195620110374,-31.18279776637684,-41.55495117576279,-52.56633232173132,-55.165440058898554,4
HK.01597,489,6.010000228881836,5.800000190734863,3.6206901938112788,1.6756756756756757,18900.0,113589.0043258667,1.4318921069615391,6.279800004959107,4.521050010919571,15.576931717833437,-19.002693165959634,70.73864379112635,140.40000915527344,134.76563918811766,1
HK.01598,489,0.11100000143051147,0.11100000143051147,0.0,,0.0,0.0,0.0,0.11100000143051147,0.11100000143051147,0.0,0.0,0.0,0.0,0.0,0
HK.01599,490,1.0099999904632568,1.034999966621399,-2.4154567115350485,0.5755395683453237,100100.0,101100.99904537201,2.0607674835863765,1.031499969959259,1.1650895577669145,-2.884612739438744,-6.481486080605124,-19.129980191245682,-20.3192423922809,-26.28174792211832,0
HK.01600,490,2.690000057220459,2.690000057220459,0.0,0.008321198252548368,689450.0,1854620.5394506454,2.07734618077545,2.694200029373169,2.8004560136795043,1.127818436908127,-2.536229474082302,-6.680542159920353,-13.971127694340598,-42.29468612128926,0
HK.01601,490,0.7099999785423279,0.699999988079071,1.4285700905079517,0.53156146179402,152500.0,108274.996727705,1.446241077384985,0.7590439939498901,0.7690893369913101,-8.387096724574695,-6.6435555352134275,-6.6435555352134275,-9.90017544463434,-14.850714901489276,1
HK.01606,490,1.559999942779541,1.5199999809265137,2.6315764707211,1.5344904316866934,2380900.0,3714203.863763809,2.0683211516364755,1.4417999982833862,1.4520471876859664,8.710801741070433,11.104075604471287,14.883128250125868,-4.588584995208733,-0.6598874256100816,1
HK.01608,490,0.03999999910593033,0.04500000178813934,-11.111116630059483,1.2971081609550272,2420050.0,96801.99783630669,10.642570951141732,0.06208000019192696,0.11056499987840653,-27.272728504228205,-66.10169587841462,-65.21739271277514,-72.41379292626443,-85.18518610500992,0
HK.01609,92,106.0,100.30000305175781,5.6829479310193225,5.200523248936409,327151.6,34678069.599999994,14.727344612255077,140.9759994506836,,-31.16883116883117,-45.304438425787446,,-50.697674418604656,,1
HK.01610,490,1.184999942779541,1.2200000286102295,-2.8688594270410825,0.691631070841506,24054003.95,28503993.304368854,4.564016780196707,1.1200000023841858,1.3572499972581864,7.727265190487229,7.727265190487229,-23.051949861500475,-24.522299159878255,-31.502894236141334,0
HK.01611,490,1.9950000047683716,1.9800000190734863,0.7575750277974386,0.4070778434059325,400526.5,799050.3694098592,4.6025113179420805,1.981399998664856,2.377249993681908,-2.68292433303564,3.3678787039886875,-15.822780544238219,-26.383764697933344,-70.48816660915466,1
HK.01612,490,0.6700000166893005,0.6700000166893005,0.0,0.3424657534246575,262200.0,175674.0043759346,3.0718945178100987,0.687105860710144,0.7979917246103286,0.043922106125064524,-9.170651368686157,-28.843168761003184,-14.268875344494175,-32.870907431033096,0
HK.01613,490,0.875,0.8700000047683716,0.5747120924395414,0.20788411379954527,3741659.95,3273952.4562500003,11.515623726186348,0.7945000034570694,0.350269341096282,-2.234634788015244,130.2631607841587,548.1481223930557,400.00000851494934,270.7627096170326,1
HK.01615,490,0.38999998569488525,0.39500001072883606,-1.265829088137235,0.43356643356643354,355750.0,138742.49491095543,3.4235193694993455,0.3932999974489212,0.34071499831974505,1.2987000923330156,0.0,52.941173720662235,13.04347450506333,57.894734936991924,0
HK.01616,489,0.05999999865889549,0.05999999865889549,0.0,,0.0,0.0,0.0,0.05999999865889549,0.05999999865889549,0.0,0.0,0.0,0.0,0.0,0
HK.01617,490,0.2549999952316284,0.25999999046325684,-1.9230751596258298,0.09977620290936218,7131000.0,1818404.9659967422,7.5478550064358485,0.2883799996972084,0.3756899976730347,-30.136989433158213,-64.08450662841447,-42.696629363980925,157.57575415492164,79.57745555125427,0
HK.01618,490,1.409999966621399,1.4049999713897705,0.3558715539817855,1.8100720717397627,8509247.05,11998038.056473238,2.185909885717172,1.4440999937057495,1.6662750047445298,-1.0526306103030627,-1.3986001160915125,-22.099446895223593,-25.789474509759636,-41.25000372529015,5
HK.01620,490,0.20200000703334808,0.19699999690055847,2.53807624946995,4.547461368653422,546000.0,110292.00384020805,4.222923611005978,0.1307800006866455,0.11039500046521425,64.22764345835105,68.33334295700016,117.20430348729624,102.00000402331347,32.02615085663174,1
HK.01621,490,0.2150000035762787,0.20999999344348907,2.3809572804273027,1.594896331738437,261200.0,56158.00093412399,3.3655267194016805,0.18577999979257584,0.16542000006884336,18.784536117781418,16.84782780347733,2.3809572804273027,72.00000286102295,115.00000037252902,4
HK.01622,490,0.12800000607967377,0.13600000739097595,-5.882353585690328,0.8074949810394825,386700.0,49497.602351009846,7.032625699565634,0.1497799998521805,0.16350499991327525,-1.5384532502413988,-39.33648870725008,-24.70587956864119,-34.35896883349427,40.65935019637193,0
HK.01623,490,0.25,0.2549999952316284,-1.960782480441495,0.3425327852808769,509400.0,127350.0,4.855724775838468,0.22413984656333924,0.22125136829912662,12.408131471533276,20.437284295882392,1.5736108896261363,40.51015492517053,69.74380215960467,0
HK.01626,490,25.360000610351562,25.440000534057617,-0.31446510230593494,0.883240890261883,706700.0,17921912.43133545,16.230485453321787,22.044200019836424,10.481100004911422,-1.6291701516963601,61.52866827033788,736.9637244161321,780.5555417581846,894.5098464537573,0
HK.01627,490,0.4300000071525574,0.4650000035762787,-7.526880893449264,5.153664302600473,63200.0,27176.000452041626,1.1657072169295477,0.4712859958410263,0.5324790006875992,-9.416472792526555,-15.287628220144983,-22.466641388966625,-32.72841273640789,-30.689877634664075,0
HK.01628,490,0.10199999809265137,0.10400000214576721,-1.923080780625969,0.5663580096704652,1312636.2,133888.88989634512,6.0395572772975115,0.11598000034689904,0.12885499984025955,-13.559324174254684,-26.618705652964604,1.9999965727329765,-9.734513391034234,-74.50000085681675,0
HK.01629,489,0.19099999964237213,0.19099999964237213,0.0,0.0,17800.0,3399.799993634224,0.8947642386249486,0.17016000002622605,0.1664900004118681,12.352939784320595,12.352939784320595,12.352939784320595,31.72414147471144,18.633541292460094,0
HK.01630,490,0.29499998688697815,0.3149999976158142,-6.349209803242228,1.6817155756207676,1147200.0,338423.98495674133,5.0164286405801,0.3075000011920929,0.1999050004594028,-11.940304615312076,-15.714288025486264,375.80643823907207,602.3809306289736,637.4999837018546,0
HK.01631,490,1.2999999523162842,1.3049999475479126,-0.38314141245931693,0.49382716049382713,31250.0,40624.99850988388,1.5020367905689123,1.34489999294281,0.8510499960184097,-4.059045460000049,-16.666666666666664,154.90195620110373,136.3636225708263,154.90195620110373,0
HK.01632,489,0.050999999046325684,0.050999999046325684,0.0,,0.0,0.0,0.0,0.050999999046325684,0.0724399996548891,0.0,-19.047621863409102,-40.00000175307777,-53.6363642521141,-58.196722562916634,0
HK.01633,490,0.46000000834465027,0.5,-7.999998331069946,0.2193956524665186,1975800.0,908868.01648736,9.412134434106207,0.4303000009059906,0.30302500031888485,21.05263529391835,-6.122449103716459,183.9506215991779,289.83051318336027,475.0000232830649,0
HK.01635,490,2.259999990463257,2.2850000858306885,-1.0940960362521437,0.6569602869560703,5354166.0,12100415.108938694,2.675254823601664,2.3474999904632567,2.985441871881485,-3.62473505799265,-16.33744006058151,-42.06368007991548,-33.02159835500593,-3.4394707343717466,0
HK.01636,489,0.3100000023841858,0.3100000023841858,0.0,,0.0,0.0,0.0,0.3100000023841858,0.4311750003695488,0.0,0.0,-40.384612739438744,-34.73684078438459,-69.60784233519315,0
HK.01637,490,0.6549999713897705,0.6499999761581421,0.7692300638503318,1.7651006711409396,279100.0,182810.49201488495,4.058192214675507,0.5173999971151352,0.3919935967028141,19.09090130782341,47.191007172515,94.1872003617593,189.37700897262656,259.9567655247069,2
HK.01638,490,0.03099999949336052,0.03099999949336052,0.0,3.249601403217864,23880763.15,740303.6455510625,10.331570048678074,0.040220000073313715,0.07301500020548701,-22.499999534338702,-48.33333302289247,-61.728395799859385,-68.36734662846395,-79.47019807098044,0
HK.01640,490,0.44999998807907104,0.4300000071525574,4.6511582776364895,0.43870967741935485,136500.0,61424.9983727932,5.543400478383222,0.45709999680519103,1.8714500057697296,4.6511582776364895,-39.18919158382427,-85.9375005820766,-88.52040869079495,-89.77272776532763,1
HK.01641,165,3.6649999618530273,3.7699999809265137,-2.78514640861302,0.8902077151335311,8025.0,29411.624693870544,1.9696878285515944,4.24909996509552,,-10.391202319783542,-26.250870522482366,-50.18699170288925,-67.68229335293292,,0
HK.01643,490,0.7699999809265137,0.8050000071525574,-4.347829306218971,1.5286624203821657,226950.0,174751.49567127228,6.421892206790646,0.8568999969959259,1.3452249974012376,-7.228916095257991,-42.96296538312408,-47.26027665699275,50.98039124022075,13.235290121660967,0
HK.01645,490,2.7699999809265137,2.740000009536743,1.0948894629691135,0.759220465942995,3095600.0,8574811.940956116,4.859485546166207,2.6632000160217286,3.0060500007867814,6.949809757616668,2.973974795700099,-30.050506205987386,-17.31343105126654,142.98245751626607,2
HK.01647,490,0.054999999701976776,0.057999998331069946,-5.172411578305348,4.921728240450845,497500.0,27362.499851733446,4.757969616428937,0.059039999842643735,0.06749500012025238,-1.7857178494485173,7.843138687155083,-19.117651892677458,-27.63157701248766,-47.61904626746833,0
HK.01650,490,0.15000000596046448,0.14800000190734863,1.3513540725275752,0.19700700890320136,1066200.0,159930.00635504723,2.3846316965330523,0.138258436024189,0.12329150121659041,10.201456459481,13.46667541366186,30.033640871026318,27.953106583947722,75.75977468007305,1
HK.01651,490,47.880001068115234,50.25,-4.716415784845305,1.8815310733474582,2062716.85,98762884.98121929,6.092735985971352,55.11644195556641,46.094114990234374,-17.81044242977864,-6.4521875166531215,26.52752940037944,41.270744554587836,74.4041730983777,0
HK.01652,490,0.8500000238418579,0.800000011920929,6.2500013969838415,2.0631391729657627,123450.0,104932.50294327736,5.038193521152495,0.9721999943256379,0.9835500010848045,-21.296297216121022,-19.047613100670095,-14.141412560227785,6.2500013969838415,157.5757545654221,1
HK.01653,490,1.340000033378601,1.3799999952316284,-2.898547970379774,1.3874066168623265,200400.0,268536.00668907166,5.771754450598662,1.7467999958992004,2.6270999985933305,-22.093022611090927,-49.24242499500811,-51.79855945434735,-38.53211044291937,235.00000335276124,0
HK.01655,490,0.164000004529953,0.164000004529953,0.0,0.1605351170568562,702750.0,115251.00318342447,3.4662772711428875,0.16842000007629396,0.2032200000435114,-4.651163395125501,-17.99999895691873,-30.801686861721816,-13.68420705900954,2.500005122274275,0
HK.01656,489,3.9800000190734863,3.9800000190734863,0.0,,0.0,0.0,0.0,3.9580800485610963,3.11103950381279,1.79027958327848,-1.1159173629031551,77.1123919461236,77.1123919461236,100.25269511970929,0
HK.01657,490,50.5,54.0,-6.481481481481481,10.181818181818182,8300.0,419150.0,4.360231659398149,48.869199981689455,29.95374994277954,0.19840966486825898,-12.931034482758621,243.53741942343964,248.27586206896552,216.8130572735288,0
HK.01658,490,5.385000228881836,5.420000076293945,-0.6457536331999714,0.4751157130886224,55331522.7,297960262.40388054,2.478092006184015,4.992300004959106,4.95978562116623,11.83800965498678,8.58435669534516,13.266637406794334,5.068287347591326,0.7191149403974998,0
HK.01660,490,0.20000000298023224,0.20000000298023224,0.0,0.3842443729903537,3314400.0,662880.0098776817,6.33669002704306,0.20615999937057494,0.3378300001472235,-1.9607810195433113,-24.52829668809585,-45.205480067227505,-58.762887199749294,68.06722552280849,0
HK.01661,490,1.9049999713897705,1.940000057220459,-1.804128082389593,0.6138894103715684,613705.0,1169108.007441759,8.899326430408186,1.905399990081787,1.630399999320507,4.958672800657641,-23.80000114440918,58.749991307656316,121.51162089561383,51.19047506416015,0
HK.01662,490,0.5099999904632568,0.5249999761581421,-2.857140262110586,0.2519975414874001,147450.0,75199.49859380722,7.187304657034366,0.5650999999046326,1.1309365397691726,-5.5555610745039266,-40.69767651395449,-50.0,-76.60550574102078,-79.27579532990762,0
HK.01663,490,0.0560000017285347,0.05999999865889549,-6.666661699612825,0.16679637107478415,2567412.4,143775.0988378614,7.751280814494227,0.05245999999344349,0.07050000024959445,14.285720802257252,-8.196719509400037,-38.461535312518706,-9.67741509071863,-18.84057517187896,0
HK.01666,490,3.1500000953674316,3.140000104904175,0.3184710232218929,0.21555307509372204,2323753.55,7319823.904110407,3.4974709904948895,3.325899987220764,3.735065985918045,-3.374229920785793,-6.319240108576177,-19.41197840650635,-24.67560825376569,-31.46715459016584,1
HK.01667,490,0.3400000035762787,0.3400000035762787,0.0,0.4444444444444444,23000.0,7820.00008225441,1.170902244535833,0.3485000002384186,0.3677500021457672,-9.333332379659016,13.33333002196431,-4.225348210765052,-17.073169136104084,53.15315279032966,0
HK.01668,489,0.10700000077486038,0.10700000077486038,0.0,,0.0,0.0,0.0,0.10700000077486038,0.10700000077486038,0.0,0.0,0.0,0.0,0.0,0
HK.01669,490,1.4600000381469727,1.4000000953674316,4.285709906597825,1.6644993498049414,159900.0,233454.00609970093,1.6728090124901156,1.3401003551483155,1.03028212338686,1.157139470747741,13.235602489240769,64.96102513859367,79.7889895287474,113.81441965322672,1
HK.01671,490,0.7850000262260437,0.7099999785423279,10.563387316953921,9.929078014184396,21100.0,16563.500553369522,1.2741431295089107,0.6869000101089477,0.668272997289896,17.16418010032262,9.027777087909232,9.02778611369007,25.80129567516689,-7.078594876935599,1
HK.01672,490,9.0,9.449999809265137,-4.761902839658683,1.4768530827777184,2503864.9,22534784.099999998,7.331622847559191,9.920300006866455,13.17752498626709,-13.87559651416973,-10.447762893605343,-38.39835584194072,-21.875003104408457,-36.170214492846156,0
HK.01673,490,0.25,0.26499998569488525,-5.660372265889812,0.9142857142857143,109800.0,27450.0,3.4597908120859895,0.28729999959468844,0.271324999704957,-3.8461503192516595,-15.254233521108176,-16.66666997803569,5.932202747723595,17.924529694394753,0
HK.01675,490,3.9100000858306885,3.8299999237060547,2.08877712058079,1.1886639616592702,5882716.8,23001423.192917634,6.352515090856342,4.385399994850158,6.037479449510574,-15.823463899115422,-19.04761599187462,-38.06532282813213,-48.21189453493829,-62.07838444218741,1
HK.01676,490,0.47999998927116394,0.5099999904632568,-5.88235328491722,0.4526832444456006,9514784.1,4567096.265917441,9.978793630291602,0.25127999871969225,0.3231068101525307,119.17808051403699,134.24574185802123,109.60698025043061,-25.0,9.090907243657693,0
HK.01679,490,1.2999999523162842,1.2999999523162842,0.0,0.1424491278552147,66200.5,86060.64684331417,4.1616955321718985,1.3719999957084656,0.896299998909235,8.333325054910777,-33.67347311149377,150.0,188.88888594544957,56.626503428452054,0
HK.01680,490,0.11400000005960464,0.10999999940395355,3.636364252114102,0.45061283345349673,27760.0,3164.640001654625,2.380723761424609,0.10887999981641769,0.20555499907582997,0.8849575610306408,-21.917807030776206,-55.29411678770695,-63.225806715213054,-81.00000074505803,1
HK.01681,490,13.279999732971191,13.039999961853027,1.8404890477013416,0.6402521303816958,2128521.7,28266767.607623387,3.674397078243368,13.282812576293946,14.572927083969116,0.96718330114247,-1.0082661301645186,-17.34605303660647,-9.638778051545476,-7.252995825645539,1
HK.01682,490,0.1509999930858612,0.1509999930858612,0.0,0.07641365257259297,785000.0,118534.99457240105,5.484230694585758,0.1699600002169609,0.17974234987050294,-12.716763453875693,-39.60000276565552,27.96609505981048,-20.526318431230827,-22.564103269483002,0
HK.01683,490,0.13600000739097595,0.14000000059604645,-2.85713799145759,0.7352067769060048,3275900.0,445522.4242120981,11.312551203641544,0.14932000130414963,0.23721499979496002,-11.111104618230296,-24.44444334065477,-35.5450188100681,-63.73333136240641,-79.0769211723959,0
HK.01685,490,0.6200000047683716,0.6050000190734863,2.4793364003288203,0.3786217245757821,420700.0,260834.00200605392,4.548613113523749,0.7397000050544739,0.5764619417488575,-8.148149063884787,-25.301202742761642,-16.803337888596385,118.03264136162007,85.96900330080207,1
HK.01686,490,5.449999809265137,5.489999771118164,-0.7285967854399462,0.4213770556209286,7201143.65,39246231.51899085,4.021978584107604,4.982799978256225,5.577749986648559,7.283462423541789,5.009629078576975,-14.710486335854103,14.495788806829268,-20.453694941507827,0
HK.01688,56,6.409999847412109,6.465000152587891,-0.8507394257951417,0.6015501881529185,12841323.95,82312884.56006946,4.4086467801441644,6.575073652267456,,-3.6203808167996683,,,-33.745212047945266,,0
HK.01689,490,0.28999999165534973,0.28999999165534973,0.0,0.479539641943734,296200.0,85897.99752831459,2.712424890643333,0.2852999973297119,0.34397499829530714,0.0,-4.918037752603991,-26.582282587725775,-30.95238078343354,-41.41414366429123,0
HK.01690,489,0.14800000190734863,0.1470000147819519,0.6802632822044472,0.631578947368421,528500.0,78218.00100803375,2.034784477490996,0.12248879417777062,0.10059738002717494,20.662613969577254,12.104977474851442,131.2683536042075,143.94057834657582,165.78600400387165,5
HK.01691,490,1.4950000047683716,1.5099999904632568,-0.9933765423590082,0.23500812843871874,17122436.85,25598043.172396142,7.620419008413455,1.4456000089645387,1.6493000018596649,0.6734000247088343,12.406011769093586,-14.080459966985877,-23.72449103716459,-20.478722948923323,0
HK.01692,489,1.2699999809265137,1.274999976158142,-0.392156496088299,0.0,25700.0,32638.9995098114,0.09420249587070419,1.2917519783973694,1.494357212781906,7.99738864750999,-14.02839221269926,-18.873629580702012,-22.540357454073117,-25.51655322951383,0
HK.01693,489,5.300000190734863,5.900000095367432,-10.16948974464724,33.333333333333336,800.0,4240.000152587891,0.0039002453665709915,6.6159000587463375,5.408025012612343,-20.895517289332982,-30.079152452767328,3.9215743106313647,125.53193216250529,112.00000762939453,0
HK.01695,489,0.07599999755620956,0.07599999755620956,0.0,0.0,185750.0,14116.999546065927,1.052631295164857,0.0789199997484684,0.09015500016510486,-5.000000931322596,-19.14893600157128,-23.232325284824785,-20.0000015685433,-15.555561626398765,0
HK.01696,490,1.934999942779541,1.9550000429153442,-1.0230230023922955,0.9696242888690642,280928.0,543595.6639251709,5.241405495036941,2.155382580757141,3.0722982132434846,-9.95545245843583,-19.28277639358923,-46.96328707224657,-52.773840314165376,-63.56110934363755,0
HK.01697,490,0.23399999737739563,0.23399999737739563,0.0,1.2179487179487178,131850.0,30852.899654209614,2.337444304868057,0.2496399986743927,0.3204600004851818,-0.425532778337998,-23.27869118365246,-33.14285675360231,-35.00000331136902,-43.61445732950073,0
HK.01698,490,31.780000686645508,30.959999084472656,2.648584064668485,0.44173186463647196,1314085.9,41761650.80431118,2.32553163887931,34.83480007171631,47.17503373146057,-7.61628117156445,-10.880536111522664,-41.39172120622118,-54.22411453124828,-66.18992171959587,1
HK.01701,490,0.0729999989271164,0.07000000029802322,4.2857123090296465,0.13559322033898305,59400.0,4336.199936270714,0.5861339854829857,0.0723199987411499,0.09429999999701977,1.3888917633414033,-13.095238200830225,-33.636364252114106,-40.65040901566264,-49.65517170505771,1
HK.01702,489,1.7999999523162842,1.7999999523162842,0.0,0.0,5000.0,8999.99976158142,0.5737705825744815,1.5406000304222107,1.6822219079732894,24.999991721577445,24.13792366363513,13.390304233377382,-2.29133210302566,44.63960589271922,0
HK.01703,490,0.3149999976158142,0.3050000071525574,3.2786853209006517,0.7156631669166488,1081250.0,340593.7474220991,5.085505326351033,0.6367000007629394,0.7213750004768371,-1.5624985448084445,-49.193549162391314,-64.60674127203815,-56.84931652253774,-34.37499902987229,1
HK.01705,490,0.8849999904632568,0.8649999499320984,2.3121435478381738,0.0970873786407767,443600.0,392585.99576950073,4.66816362127857,0.7742068958282471,0.5140034879744053,11.829547232199431,92.34682297782287,131.74317178870308,149.80107216450443,148.28804272848964,2
HK.01707,489,0.041999999433755875,0.041999999433755875,0.0,,0.0,0.0,0.0,0.041999999433755875,0.0420899997651577,0.0,0.0,-22.222225288304692,19.999997871262696,-61.46788950064157,0
HK.01708,489,0.24300000071525574,0.24300000071525574,0.0,0.0,14250.0,3462.7500101923943,2.8116230588022586,0.25965999603271483,0.30591499716043474,-4.705880290496682,-2.799999713897705,-24.062498079147147,-2.799999713897705,-22.857142046195303,0
HK.01709,490,0.8899999856948853,0.9049999713897705,-1.6574570352582891,1.1382697383387785,2908373.05,2588451.9728953894,4.779727383091454,0.9663710689544678,1.3501093143224716,-11.76864613403923,-20.208165872634428,-35.37986888776176,-59.754155086202424,-66.8734533483815,0
HK.01710,490,1.815000057220459,1.8350000381469727,-1.089917194045954,0.9416939394183064,6405025.0,11625120.74149847,11.331382237825967,0.7465000021457672,0.43266500018537046,177.09925748079274,485.4838849230437,756.1321125720888,659.414273367609,842.3676460041097,0
HK.01711,489,0.14499999582767487,0.14499999582767487,0.0,0.0,15500.0,2247.4999353289604,0.06832349579673043,0.14058000087738037,0.1409650008380413,-7.051286643602345,-27.135680837795697,11.538462420187086,22.881351651490633,44.999993667006585,0
HK.01712,490,8.619999885559082,9.0649995803833,-4.908987483984005,1.1379476415330043,861903.25,7429605.916363001,5.1813892639647365,6.649900007247925,7.584225008487701,15.860212624507211,63.257567102861266,-22.82900781842178,27.514786889066517,43.66666475931804,0
HK.01713,490,1.684999942779541,1.7300000190734863,-2.6011604507406547,0.47808764940239046,98800.0,166477.99434661865,0.8765155326919278,1.8032000064849854,2.0911640053987504,-5.865922978277004,-12.298811863544861,-29.975020527239177,-25.345270368479937,-29.702549383462667,0
HK.01715,489,0.4050000011920929,0.4050000011920929,0.0,0.0,301820.0,122237.10035979748,4.190822311731943,0.4441999953985214,0.47167499765753745,-13.829786761846407,-10.9890132922939,-7.954544684857372,-17.34694014088105,15.714288025486264,0
HK.01716,490,4.264999866485596,4.400000095367432,-3.0681869535405646,0.8529621698786581,543400.0,2317600.9274482727,6.687857635681698,4.874700021743775,3.540450003743172,-9.061837644981624,-26.338516501118796,252.47931669631464,648.2456000007529,720.1923121009354,0
HK.01717,490,1.1549999713897705,1.149999976158142,0.43478220306857157,0.03624501631025734,272050.0,314217.74221658707,3.12044494049925,1.2082999992370604,1.6198795425891876,-4.938276571234809,-17.500000638621206,-38.30681440331739,-40.4553333046944,-53.61055036528517,1
HK.01718,490,0.6000000238418579,0.6000000238418579,0.0,0.011347195824231937,874775.0,524865.0208562613,7.4280676104778465,0.6649000036716461,0.4273900017887354,-23.56687849726445,79.104480267527,50.00000372529024,118.18182212262104,106.89656589884578,0
HK.01719,489,0.21299999952316284,0.21299999952316284,0.0,0.0,3200.0,681.5999984741211,0.2793132253766138,0.24861999988555908,0.2895200016349554,-19.62263735047668,-16.47058686033112,-39.14285624270535,-35.454548163847385,-46.075950952470876,0
HK.01720,490,0.3149999976158142,0.3149999976158142,0.0,0.1692824840995381,2825300.0,889969.4932639599,8.329747019625449,0.30191999942064285,0.38039499826729295,-19.230766879501108,-50.0,-48.360657339549675,171.5517298964061,142.30769936149667,0
HK.01721,489,0.14000000059604645,0.14000000059604645,0.0,,0.0,0.0,0.0,0.14000000059604645,0.16386999934911728,0.0,0.0,-12.49999767169351,-25.925923881870844,-71.99999988079071,0
HK.01722,490,0.11400000005960464,0.12300000339746475,-7.317075682329301,0.47337278106508873,1124500.0,128193.00006702542,4.707636186187302,0.10350000008940696,0.08798000026494264,20.0000015685433,32.558135102413,46.15384321476117,46.15384321476117,70.14924958198908,0
HK.01723,490,0.46000000834465027,0.48500001430511475,-5.1546402521829435,0.552610402948106,1545636.8,710992.9408977985,6.672617387993279,0.5475,1.0440249970555306,3.3707900535517603,-55.76922834448551,-59.29203448798608,-64.61538267558842,-85.01628604731731,0
HK.01725,490,0.2849999964237213,0.29499998688697815,-3.389827426361236,0.1126422695331343,3626940.0,1033677.8870290518,7.626961069988136,0.31489999711513517,0.5909250015020371,-17.391305098987335,-43.00000071525574,-60.95890561955842,-71.50000035762787,-74.09090997758973,0
HK.01726,490,0.8199999928474426,0.8450000286102295,-2.958584013766768,1.406133133881825,354250.0,290484.99746620655,3.8675232155901003,0.9474999976158142,1.170724996626377,-14.583332169180089,-17.17171869208867,-36.43410720186772,-43.448278215070324,-45.6953643691168,0
HK.01727,490,0.22200000286102295,0.22100000083446503,0.4524896030688031,0.0400200100050025,50075.0,11116.650143265724,2.22171467044825,0.2356000006198883,0.31472999945282937,-3.478261376599048,-10.843371619343909,-41.57894588243266,-40.79999923706055,-55.59999942779541,1
HK.01728,489,0.14300000667572021,0.14300000667572021,0.0,,0.0,0.0,0.0,0.14300000667572021,0.14300000667572021,0.0,0.0,0.0,0.0,0.0,0
HK.01729,490,17.780000686645508,18.290000915527344,-2.788410078475556,0.6606068887204224,12759426.6,226862613.70920295,5.7788400112563165,15.799453601837158,17.159447412490845,3.095916338924371,11.542166757306694,4.557316377755136,1.0090020038525374,23.459532309249813,0
HK.01731,490,0.7549999952316284,0.75,0.6666660308837891,1.8858560794044665,162400.0,122611.99922561646,0.6551726923031816,0.7607999897003174,0.7264549788832665,-0.657894117680275,-3.5759894523375984,10.38012341822203,13.363361186422384,4.861114962877481,1
HK.01732,489,0.21400000154972076,0.2160000056028366,-0.9259277783507519,0.0,1511000.0,323354.0023416281,1.3180197437081398,0.21784000009298324,0.2255249997228384,-6.140350246565201,-0.46511721391815564,-5.309732179315302,-20.74074331624998,5.940591137896152,0
HK.01733,490,0.7450000047683716,0.7300000190734863,2.0547925072554363,0.15905229683010635,1566746.0,1167225.777470827,3.62076081144301,0.6794283771514893,0.7536006316542625,3.3333385692971405,23.01587973345401,-6.626501478815301,-14.835166632189257,-7.738092470022324,1
HK.01735,490,8.199999809265137,8.194999694824219,0.061014211435247906,0.7819592912578709,6837150.0,56064628.69591713,1.741018509621652,8.249399967193604,8.354900019168854,-0.12180546693508941,1.8633492543629413,-0.12180546693508941,-0.24331456343007174,-1.5606256378341037,1
HK.01736,489,0.46000000834465027,0.46000000834465027,0.0,5.269146608315099,28870.0,13280.200240910053,1.3534112223409995,0.4316000020503998,0.4958000029623508,12.195124965136735,13.580248639671158,-11.538456688971031,-23.333334989017846,-32.35294066085948,0
HK.01737,490,0.16200000047683716,0.16200000047683716,0.0,3.271889400921659,229000.0,37098.00010919571,2.5766658732490884,0.15445999979972838,0.12274999994784594,4.516128536069558,-4.142011416934667,39.655176843389306,63.63636500469801,52.830190933781985,0
HK.01738,489,0.05700000002980232,0.05700000002980232,0.0,0.0,156125.0,8899.125004652888,2.8114041767644213,0.0574600001424551,0.09172000007703901,-18.5714288755339,-28.74999837018546,-50.0,-44.11764598463369,-61.74496743296303,0
HK.01739,490,0.1289999932050705,0.1289999932050705,0.0,0.224944375168097,1027125.0,132499.11802075803,9.22546955701142,0.14286000028252602,0.20179999981075525,-7.194248537649339,-32.812504123042615,-42.66666816782072,-43.91304745002588,-28.70490723077877,0
HK.01740,490,0.16300000250339508,0.1589999943971634,2.5157284573483296,1.7641228939544102,548250.0,89364.75137248635,4.812012668716139,0.16638000041246415,0.12740000069141388,1.242238554265263,0.0,71.57895215660587,73.40426391986472,73.40426391986472,1
HK.01741,490,0.13500000536441803,0.14300000667572021,-5.594406250234458,2.4317180616740086,254600.0,34371.00136578083,7.010421056566645,0.1617200008034706,0.1950650006532669,-14.012738309422506,-36.91588580056523,-44.67212957072503,-15.6249947613104,-29.319368786810646,0
HK.01742,490,0.13199999928474426,0.13300000131130219,-0.7518812155627725,0.5812417437252312,183500.0,24221.999868750572,3.2774118870748414,0.14669999927282334,0.1658749995008111,-3.649631702015051,-25.842698322313453,-42.358079455073,6.451614066167647,67.08859899949081,0
HK.01745,490,2.9000000953674316,2.940000057220459,-1.360542893691104,1.8161312620511514,29983.0,86950.7028594017,3.663297403372649,2.1146000242233276,4.564900014400482,57.60869797607897,-10.769227834848257,-52.459014086786084,-42.57425770620751,-67.95580072654175,0
HK.01746,490,0.5149999856948853,0.5149999856948853,0.0,0.15643802647412755,1310000.0,674649.9812602997,6.393132202394224,0.48280000030994413,0.4150850002467632,8.421050980480734,18.390800660282437,51.47058243466914,80.70175163413455,56.0605955244319,0
HK.01747,490,3.940000057220459,3.940000057220459,0.0,0.32786885245901637,6000.0,23640.000343322754,1.039683134780679,3.778499984741211,4.210618453025818,4.509285866154465,-3.877539292255461,-3.177623601527826,-9.132529510998303,-3.4120661580166156,0
HK.01748,489,1.7599999904632568,1.7599999904632568,0.0,,0.0,0.0,0.0,1.7599999904632568,1.7599999904632568,0.0,0.0,0.0,0.0,0.0,0
HK.01749,489,0.4950000047683716,0.4950000047683716,0.0,0.0,3950.0,1955.2500188350677,1.6996513460328315,0.45570000052452087,0.6536249974370003,16.470586090351944,-8.333336092807519,-44.999998013178455,-33.99999936421712,-42.44186086806817,0
HK.01750,490,0.08799999952316284,0.08699999749660492,1.1494276498076295,2.4383561643835616,385500.0,33923.999816179276,2.278685694557312,0.08596000000834465,0.09056000025942922,4.761905606641802,-12.000001788139317,-2.2222266373809187,8.641974400173074,100.0,2
HK.01751,490,0.7200000286102295,0.7250000238418579,-0.6896544920278584,0.09851963574335076,611489.85,440272.7094948649,3.5730663307867077,0.7752054727077484,1.3669916400313378,7.405138440784446,-36.28318303995716,-54.78937281181479,-65.04854132963035,75.6097646074449,0
HK.01752,490,0.08900000154972076,0.09000000357627869,-1.1111133186904594,2.1356421356421356,383500.0,34131.50059431791,3.5411881874123488,0.09714000031352044,0.09091813988983631,-10.999999776482586,0.0,8.536584257795896,-2.197798508950481,73.95454913157631,0
HK.01753,490,0.7049999833106995,0.5149999856948853,36.893204445326106,1.4948509818168234,17836230.0,12574541.852325797,23.88178292838603,0.25515999853610993,0.1967799996957183,463.99998664855957,346.2025005467689,349.0445603550159,220.45453960491602,181.99999332427979,1
HK.01755,489,2.799999952316284,2.799999952316284,0.0,,0.0,0.0,0.0,2.799999952316284,2.799999952316284,0.0,0.0,0.0,0.0,0.0,0
HK.01756,490,0.375,0.36500000953674316,2.7397233430072485,2.2549019607843137,11300.0,4237.5,0.474044649662942,0.3898999953269959,0.5236499950289726,-6.2500013969838415,-15.730335724171665,-37.50000248352677,-40.47619002566405,-38.52459160559471,1
HK.01757,490,5.190000057220459,5.170000076293945,0.38684682072288146,0.5761316872427984,60600.0,314514.0034675598,4.152355535610373,7.314700021743774,10.75877499103546,-6.4021643677010385,-68.959328526556,-64.64577691193506,77.73972334300726,3143.7501082662516,2
HK.01758,489,0.09399999678134918,0.0949999988079071,-1.0526337253750466,2.191780821917808,40500.0,3806.999869644642,0.641700486504298,0.10825999915599822,0.10903000015765428,-6.000004619359902,-29.323311387545697,8.045976420881425,-4.081633428840149,-40.88050308571195,0
HK.01759,490,0.6850000023841858,0.675000011920929,1.4814800424667633,0.18691588785046728,54000.0,36990.00012874603,3.408841479541701,0.695100005865097,0.8879249978065491,-0.7246369925949435,3.787875024959444,-41.45298910172333,-30.80808123378483,-31.49999976158142,1
HK.01760,490,1.2649999856948853,1.2649999856948853,0.0,0.14778834229020257,928600.0,1174678.9867162704,5.2753239900757,1.496599988937378,1.8416247963905334,-7.326009021479505,-56.82594003846106,-31.274504483068018,-35.11196737715251,-12.44559919372904,0
HK.01762,490,1.0850000381469727,1.034999966621399,4.830924940876222,1.1560035406516593,4980590.45,5403940.828244448,5.53171264221887,1.0903999900817871,1.2336999967694282,-12.499997596586923,0.4629625030505988,-40.05524461615266,57.24638288348095,10.714287452030426,1
HK.01763,490,13.489999771118164,13.359999656677246,0.9730547738146439,1.9263899765074393,123290.0,1663182.0717811584,4.378807433092278,16.438400001525878,19.036890926361085,-18.83273712433583,-24.75536553195084,-33.65919468931754,-36.07722201324288,-18.15682416338259,1
HK.01765,490,0.14000000059604645,0.14000000059604645,0.0,0.25521225208861703,3713508.75,519891.2272134237,3.735212826020336,0.14385999977588654,0.160920000448823,-7.284763571849949,2.1897855472652887,-16.666665188376843,-22.651930927105823,-29.648241243658397,0
HK.01766,490,5.239999771118164,5.289999961853027,-0.945183196510814,0.6954086322203997,18697479.9,97974790.39648646,2.3902863840912185,4.960047693252563,5.208460514545441,6.8099031116758875,3.6220996338126503,-5.11710474907667,-7.1936696538066585,-5.114507666079979,0
HK.01767,490,0.3499999940395355,0.3499999940395355,0.0,0.293398533007335,170000.0,59499.99898672104,2.5485272835501105,0.3235999995470047,0.32285600155591965,12.903223015391266,7.692309808449005,-7.248288871043458,17.48549519611059,17.48549519611059,0
HK.01768,154,389.6000061035156,363.3999938964844,7.209689776300437,1.0220604414131216,489061.15,190538227.02499238,5.69140411388598,389.4880023193359,,-5.711521153511242,2.5263173956620064,-4.650024404352676,-2.5999984741210938,,1
HK.01769,490,0.8450000286102295,0.8450000286102295,0.0,0.1552035718082279,895000.0,756275.0256061554,5.436903148802715,0.9361999988555908,1.5497000020742417,-6.6298281410331565,-23.873872277450488,-54.07608623470275,-60.697674831227374,-64.1949124503703,0
HK.01770,48,77.30000305175781,80.1500015258789,-3.555830842000525,0.47524552522862273,43710.4,3378814.053393555,13.341524165506385,,,-29.470799153332106,,,-3.3749961853027344,,0
HK.01771,489,0.17000000178813934,0.17000000178813934,0.0,0.0,28950.0,4921.500051766634,0.6326918947858452,0.16928000271320343,0.20633999973535538,1.190478619095182,-9.090911264145943,-31.174086650797435,-33.33333138546909,-39.285713905582625,0
HK.01772,490,34.15999984741211,34.65999984741211,-1.442585118872505,0.5720273381434801,11609501.75,396580578.0085306,4.837353456754426,39.199600067138675,57.00775913238525,-14.770463356255782,-41.35622343791913,-42.05267044279091,-36.69709549317631,12.506139735640367,0
HK.01773,490,0.8999999761581421,0.875,2.857140132359096,0.6927610512505838,13623871.45,12261483.980181592,7.372729589069725,1.134900004863739,1.8482233363389968,-19.282514039432936,-31.818186333685034,-61.86440609474694,-62.62131399148431,-75.5139613368385,1
HK.01775,490,0.3449999988079071,0.33000001311302185,4.545450029951333,10.99476439790576,52800.0,18215.999937057495,0.6708088323312744,0.3443000036478043,0.37910000041127206,0.0,-10.389608479527276,-21.590908936971477,-4.166670805877945,-8.000000317891438,1
HK.01776,490,17.530000686645508,17.770000457763672,-1.3505895606958678,0.6845939893334878,6180352.2,108341578.30971108,3.228766021055235,17.422478828430176,16.684844245910643,1.2124768794542429,12.452001603561065,17.935674744456122,0.9377197188565098,4.617550692580812,0
HK.01777,490,0.06700000166893005,0.06700000166893005,0.0,0.47677488634173504,1570359.65,105214.09917082041,13.990136438946482,0.16464000031352044,0.32333499904721974,-43.22033791287266,-76.49122718958972,-84.23529416714572,-82.13333288828531,-81.8918916741978,0
HK.01778,490,0.14900000393390656,0.14900000393390656,0.0,0.18164669717399656,1253950.0,186838.55493292212,3.4398883915630134,0.14882000058889389,0.1827200000733137,-1.9736784703800687,-6.874995459802347,-35.21739076914545,-12.352939784320595,-36.0514991815553,0
HK.01779,70,96.0999984741211,97.0,-0.9278366246174291,0.611462863844272,228097.65,21920183.816950608,10.24471392376741,106.425,,-22.123178860765716,-32.276249043234095,,-27.086497534918376,,0
HK.01780,490,4.53000020980835,4.519999980926514,0.22124400274413455,0.278372591006424,522750.0,2368057.6096773148,7.018859700450161,4.8332000350952145,2.1457000076770782,-29.71295439639039,89.53974941310626,547.1428981362565,596.9231347642727,342.6213346385091,1
HK.01782,489,2.299999952316284,2.140000104904175,7.47662801723432,3.8461538461538463,11500.0,26449.999451637268,1.9642384276064973,2.6515999841690063,3.646100001335144,0.8771921569070334,-33.333335636894454,-52.577319638307706,-39.31398481619625,-28.79257155620604,1
HK.01783,490,4.25,4.275000095367432,-0.5847975394087778,0.7365623454358848,6447353.7,27401253.225,4.373529377471566,4.566032700538635,3.7052747941017152,-13.057809963790735,-0.4633817003036164,34.81541772128731,29.488376201464355,-1.2707455148170934,0
HK.01785,489,2.0,2.0250000953674316,-1.234572552595136,0.0,10650.0,21300.0,0.5006152854239988,1.9721000099182129,1.9377022433280944,-0.9900980750178164,4.166668994973155,4.684092659173212,5.197249043019584,2.6805666263873356,0
HK.01786,490,0.6850000023841858,0.7099999785423279,-3.521123508970877,2.180755395683453,246650.0,168955.25058805943,1.1315956361403712,0.7082000005245209,0.7900299987196923,-3.521123508970877,-5.475007622523584,-20.178894012628557,-20.178894012628557,-25.93918430717097,0
HK.01787,490,24.5,24.399999618530273,0.4098376353816929,0.4236929003815486,33562705.4,822286282.3,6.735208548147678,22.147345962524415,30.005610332489013,10.261029509911818,18.493416056659623,-37.106416165397114,-30.47681708289465,-20.496791073843212,1
HK.01788,490,2.884999990463257,2.880000114440918,0.17360679943269625,0.3369130465715377,27988365.15,80746433.19083215,0.4692218800577931,2.482299976348877,2.4928557646274565,0.8741292407143254,38.7019277059822,6.656151391753486,10.292154785325012,-47.06149966781554,1
HK.01789,490,4.909999847412109,4.914999961853027,-0.10173172898729488,0.8580166478813223,3786919.55,18593774.412661932,3.7432656729676044,5.498499965667724,5.748907458782196,-16.709077806639662,-13.543614773044995,-12.02949694141295,-13.24497089957588,-14.572858735154288,0
HK.01790,489,0.4699999988079071,0.4699999988079071,0.0,0.0,2250.0,1057.499997317791,0.04999995231628418,0.49899999976158144,0.5106249903142452,-6.000000238418579,-7.843135765358715,-11.320750154859622,-17.5438588235737,4.444446946367871,0
HK.01792,490,1.0199999809265137,1.1950000524520874,-14.644356807054637,1.3135066078412734,633470.95,646140.3569175005,4.9475792503046945,0.9060289645195008,1.0926321724057197,20.710052827347994,-0.9708728874782327,-25.547446906836548,1.9999980926513672,82.14318253614815,0
HK.01793,490,1.2200000286102295,1.1549999713897705,5.627710721260601,0.67447840732321,3808495.0,4646364.008961916,15.469969047897795,0.6680268496274948,0.3723033347725868,109.17020509062965,304.62427082908107,279.7243538113376,468.71157534495404,513.9821277127392,1
HK.01795,489,0.4950000047683716,0.49000000953674316,1.020407170268328,0.0,19200.0,9504.000091552734,0.512735862400722,0.45980000257492065,0.5476499989628791,12.50000169331378,-11.60714238197828,-8.333336092807519,-17.500002483526767,-31.250002069605635,1
HK.01796,490,0.3400000035762787,0.35499998927116394,-4.225348210765052,0.11765510275423377,7362497.9,2503249.312330344,20.628423934049053,0.32883999884128573,1.5390600037574769,54.54545700845641,-22.727271495771795,-88.85245872485768,-87.59124078858076,-89.34169286904243,0
HK.01797,490,26.600000381469727,23.899999618530273,11.297074502235867,1.1163350290779825,13209746.25,351379255.2891183,6.1380080120826666,22.919400024414063,23.564550046920775,22.693726969733333,26.305797986778067,10.373443819205196,47.042565821451504,1.1406887951024507,1
HK.01798,490,1.0850000381469727,1.0750000476837158,0.9302316297384027,1.4171242953854484,6275705.0,6809140.164399147,3.0466032367965625,1.1906999993324279,1.641732087135315,-8.438810925003773,-26.058641342442137,-40.92515566337404,-46.32141474557515,-52.90721733977033,1
HK.01799,490,3.6649999618530273,3.7100000381469727,-1.2129400493597144,1.1999084937178348,1994186.65,7308693.996177816,4.223052754079569,4.058900032043457,5.757175011634827,-17.54781056660374,-20.15250893212582,-40.1143785884529,-51.13333384195964,-53.07298349929729,0
HK.01800,490,3.4749999046325684,3.505000114440918,-0.8559260721489288,0.760057978912091,10754085.15,37370444.87066052,1.6730034078357683,3.7057464027404787,4.40087042093277,-5.698779956793506,-13.651834186849932,-28.419624895651285,-30.24422932903698,-28.17337140903965,0
HK.01801,490,96.8499984741211,93.55000305175781,3.527520379168255,0.7912483523383783,14553497.8,1409506239.7231247,3.9194238587480292,95.03199981689453,86.935,1.5731515721073812,32.76216932926795,23.454432430403287,22.90608467427037,-9.485982734466267,1
HK.01802,489,0.04500000178813934,0.04500000178813934,0.0,,0.0,0.0,0.0,0.04500000178813934,0.04491500172764063,0.0,0.0,0.0,0.0,-15.09433524618792,0
HK.01803,490,0.7699999809265137,0.7699999809265137,0.0,1.834862385321101,8150.0,6275.499844551086,2.3164881796731915,0.7783999979496002,0.829650000333786,2.6666641235351562,-19.79166686069221,-7.228916095257991,-12.50000169331378,-29.357802078244383,0
HK.01808,490,1.909999966621399,1.9950000047683716,-4.260653531017988,1.021320056172603,49398.0,94350.17835116386,2.7131133008306514,2.292900011539459,2.3649750006198884,-19.578948773835837,-11.981571453056812,-23.293174325057592,-34.137934351364194,-43.32344120229754,0
HK.01809,490,6.784999847412109,6.715000152587891,1.042437724997543,0.8438818565400844,60300.0,409135.4907989502,2.175765874927846,6.879739999771118,7.159168379306793,-0.6588591039035859,3.852038986108931,-7.393088794409473,-8.442790642607324,3.556163003782966,1
HK.01810,490,27.15999984741211,26.360000610351562,3.034898401126696,0.758538006177188,145774492.65,3959235198.130578,3.9239111177285855,27.22599998474121,31.932900009155272,4.94590698668165,5.108357921940724,-15.652176385437002,-32.571994363187976,-50.3473501488255,2
HK.01811,490,2.1500000953674316,2.1600000858306885,-0.4629625030505988,0.819069338932754,3692225.15,7938284.424618029,2.125402699202973,2.1989999866485594,2.4450307977199555,1.8957441829536132,-19.776117842827894,-16.04269705622844,-11.064988828085058,-8.904628585311304,0
HK.01812,490,0.6100000143051147,0.6150000095367432,-0.8130073421291051,0.49107294677775887,555106.25,338614.8204408586,2.8033125677688724,0.6335000038146973,0.8264249989390373,-3.174600171093715,-12.857139329520963,-37.75510179256708,-18.66666475931803,-28.235294447638164,0
HK.01813,490,0.09300000220537186,0.09300000220537186,0.0,0.35434829535683754,1081388.3,100569.11428486333,9.309396105853063,0.10063999980688094,0.14933499958366156,-6.060603323937324,-30.597015008360216,-43.63636453946428,-41.13924181952224,-60.92436972159248,0
HK.01815,490,1.940000057220459,1.875,3.466669718424479,0.3700360523611864,11095483.2,21525238.04288864,5.51514706634174,1.586999992132187,1.5660499998927115,9.915018297106428,145.5696208261943,36.619726468400344,-23.6220438442387,18.2926874477051,1
HK.01816,490,3.069999933242798,3.065000057220459,0.16312808903739726,0.8167145279827682,46156279.75,141699775.7512359,2.6059793543513083,2.889700016975403,3.0409087646007538,10.035841405668107,1.9933535870312966,-1.6985187115781797,6.936067385973248,11.063429648010406,1
HK.01817,490,0.25,0.2549999952316284,-1.960782480441495,0.14727540500736377,11225.0,2806.25,4.165341530489032,0.24541999757289887,0.2693299996107817,-3.8461503192516595,8.69565020211481,-10.714286094417377,-18.03278880745961,-32.432433303208825,0
HK.01818,490,21.239999771118164,21.299999237060547,-0.281687643622014,0.38666225465172077,25298977.35,537350273.1235236,5.346056733590043,21.694799995422365,27.338948183059692,-9.847197569668623,11.789472479569286,-33.93691902733853,-33.06711952645907,-23.471006179770765,0
HK.01820,490,2.799999952316284,2.799999952316284,0.0,4.444444444444445,550.0,1539.9999737739563,0.0,2.9438000106811524,2.563935846686363,1.8181800842285156,10.545083541937952,14.508843146869532,14.966882554947745,1.5608513674982993,0
HK.01822,490,0.13500000536441803,0.14000000059604645,-3.571425150243618,0.25561972354483453,739202.35,99792.32121539042,5.309763587503409,0.1390612806379795,0.14321532040834428,-15.094333256890685,-2.877692982903758,-12.337658379266484,-6.8965453455194,-23.295451081858175,0
HK.01823,490,1.0850000381469727,1.0950000286102295,-0.9132411143357496,7.026239067055394,78400.0,85064.00299072266,4.989158072151343,1.2272000002861023,1.3537500002980232,-13.199996948242188,-27.666664123535156,-23.049640862983967,-3.1249970064631656,-7.264950603030912,0
HK.01825,490,12.460000038146973,1.0,1146.0000038146973,,196198.75,2444636.4324843884,0.7423753700367318,1.2292000007629396,1.0802000001072884,1146.0000038146973,1146.0000038146973,1211.578967842039,929.7520368039459,836.8420779021029,1
HK.01826,490,0.5400000214576721,0.4749999940395355,13.684216470269359,1.517484463407847,5702000.0,3079080.1223516464,12.093704845928562,0.20624000132083892,0.1535081205703318,167.32673398794674,377.876133502011,212.13875341703883,474.4681276040375,671.428598798051,1
HK.01827,489,0.8100000023841858,0.8899999856948853,-8.98876231421935,0.42857142857142855,34500.0,27945.00008225441,1.50615588341235,0.8245999944210053,0.8587499979138374,1.2499987892806712,-10.9890132922939,15.714288025486264,-14.736840784384587,-18.99999976158142,0
HK.01828,295,34.119998931884766,33.5,1.8507430802530318,0.8083519044764463,531476.8,18133987.848321535,3.3424151860245286,30.368399963378906,33.172899913787845,15.114708618384576,10.492227523226818,-2.792021609228481,-10.680632852272057,-22.80543361326479,2
HK.01830,490,1.2649999856948853,1.2999999523162842,-2.6923052234761613,0.6724007342497533,329708.9,417081.75378347636,2.151073300887893,1.3051049900054932,1.190148382782936,-5.5970183444409995,19.962067818273262,12.84567904582369,4.029607431836744,-9.85124794848851,0
HK.01831,489,0.7549999952316284,0.7549999952316284,0.0,0.0,1446025.0,1091748.8681048155,2.322800429930547,0.7736000001430512,0.46356999956071376,4.861106282031287,52.525250092658126,251.16278263863657,264.7342932224553,151.6666550768751,0
HK.01832,490,1.399999976158142,1.3949999809265137,0.3584226021499716,0.6299212598425197,6550.0,9169.99984383583,1.0136146235002184,1.1442999935150147,0.8931749987602234,24.444442325168186,29.629622271031803,79.48718301408168,129.5081874306119,118.75000116415325,1
HK.01833,490,6.159999847412109,6.125,0.5714260801977041,0.3139055457152905,11286799.8,69526685.04577103,3.6827545889190447,7.17420000076294,11.024749989509582,-16.756759891551766,-29.276695517413202,-48.27875796530259,-57.7503437610011,-73.37942951645991,2
HK.01835,490,3.5999999046325684,2.990000009536743,20.401334219070314,3.8878619839802835,77500.0,278999.99260902405,5.526999319194239,4.430399994850159,2.1122000035643578,-22.077922211962996,183.46456367709789,185.7142803079687,236.44857272507184,62.89592047478308,1
HK.01836,490,11.350000381469727,11.59000015258789,-2.0707486450254735,1.1026613957966882,2051996.05,23290155.950274374,2.4266451063278174,12.839365005493164,13.285923166275024,-17.595194027306437,-13.213254885963735,-13.55690138220049,-17.640820094487882,-20.459202229993025,0
HK.01837,490,1.4049999713897705,1.399999976158142,0.3571425226269879,0.4994457944904089,2277603.35,3200032.6415872457,3.9699631186283098,1.5961000061035155,1.3479395499825477,-13.538463299091047,-3.1034534354554064,39.12212783070766,36.545779295520276,67.57891007110518,1
HK.01841,490,0.44999998807907104,0.44999998807907104,0.0,1.3427010148321623,665000.0,299249.99207258224,6.712141396753987,0.40131999731063844,0.27295499965548514,26.760563853240598,95.65216518079417,91.48935711507939,98.23788187672184,104.54545023520127,0
HK.01842,490,0.04500000178813934,0.04100000113248825,9.756098890644923,0.2612730757591042,4017000.0,180765.00718295574,9.903347432568019,0.03809999980032444,0.04515000008046627,25.00001034802905,18.421061145054278,-4.255312065993758,-16.66666551688574,-24.99999534338702,1
HK.01843,490,0.3449999988079071,0.35499998927116394,-2.816898807176702,1.12049021446883,804450.0,277535.24904102087,6.822584186006219,0.28021999925374985,0.1872800001502037,25.454542301903153,55.40540286564093,146.4285695279131,210.81080573128185,148.20144054565264,0
HK.01845,490,0.2549999952316284,0.18000000715255737,41.66665838824411,110.0,29250.0,7458.749860525131,3.753267638040615,0.19818000137805938,0.19410500019788743,41.66665838824411,15.909089369714744,42.45809381521079,90.29849916397815,43.258421792931124,1
HK.01846,489,2.299999952316284,2.299999952316284,0.0,0.0,10500.0,24149.999499320984,0.6101051388250461,2.4707999992370606,2.724975070953369,-19.86062564360558,-7.522451947024103,-25.421332907209237,-22.93538031632214,-24.689143319302016,0
HK.01847,490,0.41499999165534973,0.41999998688697815,-1.1904750923180183,4.49438202247191,27250.0,11308.74977260828,2.57690793914926,0.44649999678134916,0.47944999888539314,-3.4883756389999006,-21.698110555150944,-5.68181956725673,-18.627451094972404,-42.36111456045384,0
HK.01848,490,3.615000009536743,3.7100000381469727,-2.5606476451056586,0.6557149414292271,326473.75,1180202.6093634963,2.5202934582266927,3.503367085456848,3.8173183405399325,6.846745296477627,3.8463408747403913,-10.346779849867724,-16.081531660573397,-17.682466154192944,0
HK.01849,489,0.05000000074505806,0.05000000074505806,0.0,,0.0,0.0,0.0,0.05000000074505806,0.05000000074505806,0.0,0.0,0.0,0.0,0.0,0
HK.01850,490,0.4000000059604645,0.4000000059604645,0.0,0.0739784560262006,6150526.5,2460210.6366599947,11.04851665102666,0.44880000174045565,0.8926749956607819,-21.56862481563465,-85.5595664723914,-64.91227973861376,-35.48387050256521,-43.66196928883178,0
HK.01851,490,8.510000228881836,8.414999961853027,1.1289396014196658,2.3941461810408615,984025.0,8374052.975225449,12.078226697402519,5.7810000228881835,4.759850015640259,86.62281437869007,21.571431841169083,139.71831952643487,175.40454580140627,554.6154262328305,3
HK.01853,489,1.1649999618530273,1.1649999618530273,0.0,0.0,4375.0,5096.874833106995,1.4215385349544563,1.244499990940094,1.53315101146698,-14.33823900007249,-14.963506730060486,-39.75852191296211,-24.888788426971587,-37.53909587481957,0
HK.01854,490,1.0099999904632568,1.0,0.9999990463256836,0.13499480789200416,872500.0,881224.9916791916,3.208242085126088,1.1838999938964845,1.1882249909639357,-17.213117477234448,-7.339453253719029,-14.406776664517867,-25.735295600028994,8.60214867692751,1
HK.01855,490,0.1589999943971634,0.16200000047683716,-1.8518555992860688,0.21320495185694635,280600.0,44615.39842784405,6.214931150514502,0.18987999975681305,0.6369900019466876,-22.815536789737237,-18.461538343975057,-82.90322654039711,-87.67441867449615,-96.49779745081173,0
HK.01856,490,1.6749999523162842,1.6799999475479126,-0.2976187730795046,0.9795134443021767,155850.0,261048.7425684929,3.3313555180065584,1.4666999936103822,1.6900749921798706,4.687495459802516,-4.285717010498047,-11.842106666591375,-10.904257629537222,32.93650515826169,0
HK.01857,490,1.284999966621399,1.309999942779541,-1.908395209933938,4.0234375,215250.0,276596.2428152561,1.2393226822793337,1.332143280506134,1.4288655751943589,-5.517235273926856,-2.6756483648720244,-12.127140815311197,-15.550760761962184,-10.923397348334788,0
HK.01858,490,7.835000038146973,7.875,-0.507936023530506,0.6021111428099521,837662.5,6563085.7194542885,3.25398482437559,8.786499919891357,11.698357090950012,-13.995605560706606,-13.041067268437615,-35.658450051496935,-47.128220609804764,-54.48401731465889,0
HK.01860,490,10.350000381469727,9.779999732971191,5.828227648891431,1.0635649558096087,12580892.3,130212240.10422955,6.006509249500907,10.667000064849853,13.559100008010864,-10.156250258700705,-20.99236580091969,-16.733707744479737,-34.0764298903888,-34.7414842022884,1
HK.01861,489,2.299999952316284,2.200000047683716,4.545450112051311,0.0,51350.0,118104.99755144119,0.7602604898514363,2.35780002117157,2.083652994632721,2.6785688626827135,12.195122234882314,26.60318024429013,19.497895479681862,47.528275274402866,1
HK.01862,489,0.01600000075995922,0.01600000075995922,0.0,,0.0,0.0,0.0,0.01600000075995922,0.015800000657327472,0.0,0.0,0.0,0.0,33.33333850734759,0
HK.01865,490,0.4000000059604645,0.41999998688697815,-4.761900369272073,1.552112521290039,4558440.0,1823376.0271704197,5.500303436923728,0.4318999981880188,0.40799499928951266,0.0,-19.999998807907104,-9.090907243657693,60.642573982321004,56.862750368730694,0
HK.01866,490,10.359999656677246,10.770000457763672,-3.8068782141125377,1.1335559210589827,6163478.6,63853636.17993755,5.097668807150818,9.691600017547607,9.81455064535141,6.694125808204604,12.091998992505392,-1.9322066611460589,18.088180286538048,40.47892227197216,0
HK.01867,489,0.2280000001192093,0.2280000001192093,0.0,0.0,25000.0,5700.000002980232,0.021834105178771636,0.22416000217199325,0.22639499999582768,-0.8695669638411668,8.571432017955757,6.54205535892754,-10.588233575413902,9.09090585011728,0
HK.01868,490,0.18000000715255737,0.19200000166893005,-6.249997089616979,0.7775871926815323,45425.0,8176.500324904919,2.601116885872243,0.1893800014257431,0.30902000233530996,1.694918678807493,-43.74999650754027,-42.85714015398434,-54.43037917380571,-53.84615031925166,0
HK.01869,490,0.054999999701976776,0.05299999937415123,3.7735855687594055,0.17903455199531498,5930000.0,326149.9982327223,8.678065083860835,0.06439999990165234,0.09901499999687076,9.999997764825855,-42.10526274512018,-50.450451357509195,-51.75438625156127,-53.389831043563674,1
HK.01870,490,0.18700000643730164,0.1889999955892563,-1.058195343189913,4.713990351481737,1081750.0,202287.25696355104,5.14706384151851,0.20271999955177308,0.4027299991250038,-4.59183095514089,-55.999999719507564,-58.901098670770615,-64.71697801285751,-37.66666699780357,0
HK.01871,490,0.30000001192092896,0.3050000071525574,-1.6393426604503258,1.5704387990762125,791600.0,237480.00943660736,2.6560637881799227,0.3058000040054321,0.3206800004839897,0.0,-13.04347450506333,-21.052627451201833,15.384624201870853,31.578952528102906,0
HK.01872,490,4.099999904632568,4.019999980926514,1.9900478628265224,0.4779213785675821,742550.0,3044454.9291849136,7.613194736303383,3.999600019454956,5.744200003147125,-5.529959435881885,-13.135591379632405,-44.51962139774201,-41.1764701858071,4.325695546759616,1
HK.01873,490,1.309999942779541,1.2799999713897705,2.343747817212667,0.9666692878888302,4319650.0,5658741.252827644,5.478659406970615,1.3643000078201295,1.719525004029274,-12.666670481363932,10.0840235116771,-37.32057432642471,-25.568184666027722,-53.710248123822645,1
HK.01875,490,3.75,3.625,3.4482758620689653,0.3348720757374227,744520.0,2791950.0,4.391938656036142,3.6463999938964844,3.7192499870061875,-3.3505183146019086,5.337080344785417,-6.947895663302342,50.0,63.043481641095234,1
HK.01876,490,5.809999942779541,5.739999771118164,1.2195152343663034,1.0107478548850826,20811563.45,120915182.45365278,2.6048428059744424,6.331099996566772,6.96708206653595,-8.791208050867821,-16.881257038294052,-17.46987515208814,-20.550154078327047,-28.38453652517339,1
HK.01877,490,17.260000228881836,16.600000381469727,3.975902603887015,0.6471515536857856,2955563.1,51013019.78247471,4.56094546431867,18.68459987640381,21.32574995994568,-11.030924905814828,4.669499505465786,-6.551159336523539,-22.531419672588378,-46.95759144663773,1
HK.01878,490,1.7999999523162842,1.7999999523162842,0.0,0.005660765747221078,182277.5,328099.4913083315,5.608918780357254,1.7106999921798707,1.9482249957323075,6.8249266137683975,-17.050696358018993,-8.629445371829501,-7.692312394843655,-21.739130885479366,0
HK.01879,96,277.0,312.3999938964844,-11.331624387999948,1.211909844021275,355232.7,98399457.9,11.15881972136652,316.10800079345705,,-20.721235020380135,-42.26761003597105,,-68.73589164785552,,0
HK.01880,490,46.36000061035156,46.79999923706055,-0.9401680211151647,0.6779606001794435,880005.0,40797032.33711243,2.582433599796572,49.634999923706054,64.80171001434326,-6.153847817058862,-13.695976525411513,-35.58339056959185,-41.8572187351001,-20.61249832608788,0
HK.01882,490,17.299999237060547,17.510000228881836,-1.1993203259638074,0.414366569186378,3907150.95,67593708.45408039,2.77247222484902,19.42219997406006,21.055695943832397,-14.4411482465551,-14.525694502491568,-22.648328235360637,-19.173403789185297,-18.661851999286537,0
HK.01883,490,2.390000104904175,2.380000114440918,0.42016764631987913,0.774018278212049,4217178.35,10079056.698899614,1.0863602771986478,2.507670407295227,2.4943149209022524,-2.7804739055563896,-10.286390512632986,-2.310352822009883,2.789893428304356,3.2342248200962826,1
HK.01884,490,0.1120000034570694,0.1120000034570694,0.0,1.2824956672443675,122800.0,13753.600424528122,0.9706401891710988,0.11540000066161156,0.11232000011950731,-5.084743408319849,10.891088670684423,-2.6086944127578815,-7.438013170286715,0.9009027150183835,0
HK.01888,490,46.15999984741211,47.900001525878906,-3.6325712380754873,0.7580505445113189,81142446.7,3745535327.290645,7.8099195071901555,43.12799995422363,33.83264116764069,9.591645341826137,-31.30952091714409,104.40404190897334,246.4527158938115,305.0787125628355,0
HK.01889,489,0.1899999976158142,0.19300000369548798,-1.554407265404577,2.0575347685273386,27195.0,5167.049935162067,2.5947815393233613,0.16830000042915344,0.3248600006103516,11.764703304297399,-28.30188382176906,-51.89873608731431,-62.00000047683716,-55.294119462009895,0
HK.01890,490,0.8349999785423279,0.8299999833106995,0.6024090761646119,0.32427277062470194,426200.0,355876.99085474014,4.063205943059814,0.8425595712661743,1.035036573112011,-1.7647111622106002,4.9331476008063,-30.317827675167987,-30.317827675167987,-37.286047403219605,1
HK.01891,490,0.1850000023841858,0.1899999976158142,-2.6315764707211,1.492537313432836,625400.0,115699.0014910698,4.257302134703687,0.16921999990940095,0.15829000011086464,9.467457186494999,-3.6458329291134697,27.586212212067167,34.057976100480474,43.41086211538975,0
HK.01894,490,0.6200000047683716,0.6200000047683716,0.0,0.34168928628452816,1590500.0,986110.007584095,8.563328072062596,0.5332000023126602,0.4885199598968029,33.33333333333333,69.8630105668418,-11.428569239013012,33.31727833106585,8.32021141962115,0
HK.01895,489,0.2709999978542328,0.2709999978542328,0.0,,0.0,0.0,0.0,0.2709319865703583,0.37275238662958143,0.03692011843921189,-4.882938532936446,-37.61138972024904,-39.56102964478579,-49.132712351498526,0
HK.01896,490,4.164999961853027,4.170000076293945,-0.11990681893132675,0.36324249811633974,5100297.85,21242740.350689076,3.370627997829985,4.626399993896484,5.629471151828766,-8.158762910879078,-16.031060662502494,-27.226923438384187,-36.350078438025214,-43.58675973202632,0
HK.01897,489,0.4399999976158142,0.4399999976158142,0.0,0.0,33915.45,14922.797919139264,0.3760567402503683,0.4671358597278595,0.4678644047677517,-12.000000476837158,1.3986035598557696,-10.769230583266841,-5.073651753886599,5.67412720133108,0
HK.01898,490,10.970000267028809,11.140000343322754,-1.5260329538126296,0.7437988845548728,17188443.55,188557230.33330962,3.2792519158851445,10.778860378265382,11.370325837135315,0.9740415067981973,-5.454727025700837,-13.118621859382259,13.547931936069363,23.5028517186811,0
HK.01899,490,1.059999942779541,1.059999942779541,0.0,0.24495109385125885,372680.25,395041.04367506504,2.2796636911327233,1.1038999891281127,1.1685432010889054,-8.620691958562439,-9.401710969221485,-15.200004577636719,-3.0291966185996215,1.625391570254867,0
HK.01900,490,0.17000000178813934,0.17499999701976776,-2.8571401810159034,4.778862826317311,158626.8,26966.55628364682,3.6475805274038255,0.18386000037193298,0.24459999829530715,-8.108108325802206,-27.038624386166475,-42.3728781882046,-31.726906356733682,-33.33333138546909,0
HK.01901,490,0.14100000262260437,0.14399999380111694,-2.083327296983053,0.09699909063352531,656600.0,92580.60172200203,4.467181201314736,0.18016000002622604,0.3009799987822771,-14.545456351655831,-41.493774035078694,-66.42856975599206,-66.82352972525626,-59.71428427890852,0
HK.01903,490,2.25,2.2799999713897705,-1.31578823536055,1.0963455149501662,51200.0,115200.0,2.722531190159519,2.503199996948242,2.3869499909877776,-9.274194246152184,-20.774645492969466,-19.642855774383133,20.96774100513042,60.714288451233735,0
HK.01905,490,1.059999942779541,1.0299999713897705,2.9126186624346984,0.34841757844054755,8212979.1,8705757.376049565,5.196694680437458,0.8855999946594239,0.7835658699274063,13.978487594318741,43.243233664702935,40.84280694890643,46.33019430551478,34.780114943016564,2
HK.01906,490,0.8050000071525574,0.7649999856948853,5.228761072634299,0.9300727573707398,7197237.5,5793776.238978654,8.79990513355636,0.6288000005483627,0.5486999979615211,31.96721119254039,67.70833857202292,49.074069474950434,67.70833857202292,111.84210980367799,1
HK.01907,490,1.7999999523162842,1.8600000143051147,-3.2258097595362787,0.5243117594428068,26349825.95,47429685.45354239,4.352366737848821,1.8955045413970948,2.4249202686548235,-0.26190384344055384,-26.508774318988497,-27.331017537490027,-22.028977275074464,-24.86261838763908,0
HK.01908,490,11.880000114440918,12.149999618530273,-2.222218210423417,0.7169723733237934,9798353.95,116404446.04733261,5.134549085519933,14.45519998550415,14.44072760105133,-23.601286374778546,-21.79064883067534,-11.40261450515237,-18.08486356851047,-26.453306514976223,0
HK.01909,490,1.7799999713897705,1.850000023841858,-3.7837865702682367,0.3693657297858833,44117.5,78529.1487377882,3.2254827833657496,1.8566999983787538,2.036674994826317,-1.6574570352582891,-2.197806588435245,-39.6610188943084,16.339869586593085,8.536584568052042,0
HK.01910,490,12.579999923706055,12.5,0.6399993896484375,0.4367549074189611,4040229.8,50826090.575754926,2.6754839225416487,13.333999938964844,15.532589282989502,-6.189410388891465,-5.740246508621056,-23.046597487033633,-33.35835431016722,-22.868465131639653,1
HK.01911,490,3.7799999713897705,3.815000057220459,-0.9174334287215952,0.5438961337474013,717097.75,2710629.474483669,7.057284990075193,3.246300001144409,3.7821249890327455,26.42140332218348,10.850436253550672,-0.5263152941442201,-16.000000635782875,-50.06605170842183,0
HK.01912,490,3.5350000858306885,3.694999933242798,-4.330171862051717,0.5386968174047732,1062789.9,3756962.3877199884,12.571280919495692,2.0033999991416933,1.032074998766184,142.12328722383455,63.6574048778894,579.807733748793,397.8873510796794,341.8750041443854,0
HK.01913,490,39.08000183105469,38.5,1.5064982624797079,0.5610679171307663,1165076.3,45531183.93731842,2.7850332030927705,40.94560020446777,39.65087083816528,-5.329450129115678,-0.05114231162858311,-6.114118319297234,-8.886587566312244,-11.538456888871082,1
HK.01915,489,0.26499998569488525,0.26499998569488525,0.0,,0.0,0.0,0.0,0.26499998569488525,0.26499998569488525,0.0,0.0,0.0,0.0,0.0,0
HK.01916,490,0.5799999833106995,0.5799999833106995,0.0,0.39914253796684884,664375.0,385337.48891204596,2.3002193758098857,0.5916913855075836,0.6220631283521653,0.8695644061371431,-3.2759185213562065,-10.284916911911136,-7.6068554930177115,-14.023044383060848,0
HK.01917,490,0.07699999958276749,0.08100000023841858,-4.93827239984856,3.865546218487395,71000.0,5466.999970376492,1.5948771903750631,0.08306000024080276,0.10672499988228083,-4.93827239984856,-18.085104021997918,-15.38461412500748,-35.294119488527045,50.98039416201712,0
HK.01918,490,0.5400000214576721,0.5450000166893005,-0.9174302896359119,0.32052294674468906,313578465.6,169332378.15266392,7.724156517567127,0.5701999998092652,0.9717999944090843,-2.7027000903735274,-35.71428115270561,-51.35135004518676,-57.8124973806552,-66.03773521248155,0
HK.01919,490,16.43000030517578,16.440000534057617,-0.060828640857517935,0.9433569678751995,25634102.2,421168306.9689072,3.0130392299031103,15.891400051116943,14.42026581287384,-0.060828640857517935,18.713873728560586,7.740220060635089,22.312278799316424,29.607001564482783,0
HK.01920,490,0.4050000011920929,0.4099999964237213,-1.219511042741837,0.22593196937366639,375050.0,151895.25044709444,4.958968383466682,0.44479999601840975,0.6353249973058701,-2.4096363046584477,-25.00000275947419,-63.18181887145868,0.0,-6.896551960383053,0
HK.01921,490,3.3499999046325684,3.424999952316284,-2.1897824446097944,0.8031900683449625,1377250.8,4613790.048655129,7.523670561662459,3.5706000185012816,5.069700001478195,-23.603198864899262,8.766233364111004,-44.259571097290326,-54.912517065540214,-44.07345521472002,0
HK.01925,490,1.2300000190734863,1.2300000190734863,0.0,1.2307692307692308,20600.0,25338.00039291382,0.7181159949936439,1.2843999934196473,1.2280503898859023,-3.14960334281626,-1.5999984741210938,-5.384610446952323,9.821429806856472,29.334326677604988,0
HK.01927,490,0.3149999976158142,0.3149999976158142,0.0,1.1639676113360324,510000.0,160649.99878406525,3.9746606277313785,0.2520199978351593,0.18577500004321337,21.15384968074834,25.999999046325684,133.3333222954366,131.6176327183902,135.0746192308599,0
HK.01928,490,13.0,13.359999656677246,-2.6946082779075557,2.429048293072802,14913637.55,193877288.15,2.3865348759477634,14.000999946594238,16.227956366539,-10.406617540061879,-10.46832238184225,-23.013136828731458,-32.80025713543436,-32.934520143031165,0
HK.01929,490,11.529999732971191,11.670000076293945,-1.199660174871344,0.7696410845454145,18281955.7,210790944.33919114,3.2498325222247257,12.17235897064209,11.990060563087463,-8.637085281079637,7.658041881636253,-0.4028754955315048,-3.997001296150909,-21.74973792162871,0
HK.01930,490,0.35499998927116394,0.3050000071525574,16.39343637575627,1.5463917525773196,167200.0,59355.99820613861,6.461563482719635,0.35870000302791594,0.3703801602125168,-2.7397315080268676,1.948344662759673,-5.995681671647633,-5.995681671647633,-8.375547076185034,1
HK.01931,490,0.4950000047683716,0.5,-0.9999990463256836,0.07461221284115453,247750.0,122636.25118136406,4.003072647523218,0.5934999907016754,1.5013750043511391,-14.655169135891914,-14.655169135891914,-58.050845188849244,-80.19999980926514,-95.34336783217988,0
HK.01932,490,0.12800000607967377,0.1340000033378601,-4.47760978263432,3.0034129692832763,67400.0,8627.200409770012,1.2269665903245253,0.14916000306606292,0.20241999931633473,-13.513510520219668,-44.34782445318085,-49.80391824580021,-11.111103062644071,-19.999994412064428,0
HK.01933,490,0.2199999988079071,0.20999999344348907,4.761907465063339,1.0037641154328734,485600.0,106831.99942111969,5.330693834334631,0.22655999898910523,0.196474999114871,-12.000000476837158,-45.679012799913465,4.761907465063339,70.54264371795311,28.654967193046545,3
HK.01935,489,0.8199999928474426,0.824999988079071,-0.6060600368335035,2.1782178217821784,11200.0,9183.999919891357,0.7117579895196879,0.7655000007152557,0.9410250002145767,10.810808416175734,-5.747127775503971,-24.07407775337299,-9.890113273056663,-4.651165208409023,0
HK.01936,489,0.8700000047683716,0.8700000047683716,0.0,0.0,20400.0,17748.00009727478,0.4796318468120157,0.8571000027656556,0.7767749997973442,1.1627895694091224,10.126579890857109,14.473686274399084,24.285717083483373,33.84615948919735,0
HK.01937,490,0.14000000059604645,0.15600000321865082,-10.25641172595275,4.598214285714286,130000.0,18200.00007748604,2.003724357953849,0.15120000168681144,0.17473500017076732,-12.49999767169351,-24.324324977406615,-28.20512526604305,-19.54022722729975,-45.098037955303525,0
HK.01938,490,0.2409999966621399,0.2409999966621399,0.0,1.6709346991037133,167250.0,40307.2494417429,5.496805951719076,0.23453999996185304,0.2956500009447336,8.071745013473523,-12.363639476870635,-34.86486660641765,-13.92857298711124,-39.75000173225997,0
HK.01939,490,0.4300000071525574,0.46000000834465027,-6.521739271277513,0.21267168808152415,2041400.0,877802.0146012306,9.206744700845945,0.4290999978780746,0.9061499990522861,1.1764694332664312,-24.561401307307644,-40.27777915751487,-56.56565626158226,-94.90521293209557,0
HK.01940,489,1.3450000286102295,1.3250000476837158,1.5094324684347307,0.08954008954008955,235100.0,316209.50672626495,3.450904270802211,1.1357000005245208,1.181875006556511,30.58253067671759,23.394494258979222,-14.873418222920007,49.44445158228481,116.93548681708701,2
HK.01941,490,0.699999988079071,0.6549999713897705,6.870231855708342,2.611683848797251,127600.0,89319.99847888947,4.091572494581118,0.553999992609024,0.37196999713778495,22.80701699349358,29.629622271031803,118.75000116415325,211.11111405455043,191.666668218871,2
HK.01942,490,0.07100000232458115,0.0729999989271164,-2.7397214136017394,0.42044192959209253,2685100.0,190642.10624173284,4.580847728772312,0.07625999987125397,0.18975535441190006,-1.3888814153123512,-24.4680800471384,-70.66115590524709,-77.81249877763909,-84.56521716595597,0
HK.01943,490,1.1950000524520874,1.2050000429153442,-0.8298746976857471,0.2435014988088645,5094600.0,6088047.2672224045,8.613000068541751,1.004599997997284,0.7408499999344349,0.42016764631987913,75.73529998272342,70.7142961146882,148.95834982550429,99.16666749450891,0
HK.01945,490,1.350000023841858,1.2999999523162842,3.8461594891973454,0.3160270880361174,23800.0,32130.00056743622,4.322965469631967,1.4753999996185303,1.5775500005483627,-7.534247358289553,-9.999998410542805,-9.999998410542805,-12.903221588849147,14.406786767000481,1
HK.01947,489,0.5849999785423279,0.5950000286102295,-1.6806806028663923,0.0,26000.0,15209.999442100525,0.7410138922147075,0.5284000033140183,0.4376500007510185,8.333325054910777,8.333325054910777,60.27396253627718,53.94736470608164,42.682922840260204,0
HK.01948,489,3.990000009536743,3.990000009536743,0.0,0.045454545454545456,21500.0,85785.00020503998,1.4995178600597385,3.9547000408172606,4.276193667650222,14.000000272478378,0.0,-18.396335438398843,-3.824260855382897,-36.08574399639718,0
HK.01949,489,0.6399999856948853,0.6150000095367432,4.065036710645526,0.09565062924449667,1463860.0,936870.3790593147,3.0166949384720994,0.5898000049591064,0.6773750011622905,13.274334229301918,50.588227704322264,-8.571429057997108,-14.666668574015299,-48.17813941038796,2
HK.01950,490,0.11100000143051147,0.10999999940395355,0.9090927563423067,0.042716787697565144,184880.0,20521.68026447296,4.616246701722253,0.10728000015020371,0.13221000019460916,3.738318342695649,0.9090927563423067,-21.276596194391455,-40.0,-46.376811489874946,2
HK.01951,490,2.115000009536743,2.0950000286102295,0.9546530144813964,0.7871810321544862,15396429.25,32563448.01058179,3.656792990282973,2.175700001716614,2.287685400247574,-0.2358432213320762,-1.3310754257907542,-10.338198909154457,-9.964608829625059,-22.550192691357086,1
HK.01952,490,27.1200008392334,26.81999969482422,1.1185725123892323,0.32164475928157393,19094520.25,517843405.2047591,11.023760690988773,28.729200172424317,34.74900004386902,-6.547207403719973,-1.0218933693251417,-23.43308232293751,-28.443272434394757,-57.624998688697815,1
HK.01953,490,1.2599999904632568,1.2599999904632568,0.0,0.529857921162269,2384750.0,3004784.9772572517,6.913860890333093,1.1894000053405762,0.7369289243966342,8.620691958562439,20.000004541306474,298.9334871247642,727.0572589078156,662.0077738931142,0
HK.01955,490,0.6150000095367432,0.5799999833106995,6.034487453992663,0.8322496749024707,79000.0,48585.00075340271,3.1984782737338935,0.5709999978542328,0.5555249997973442,-0.8064508376086847,11.818181128541315,32.25806554985509,0.8196713302251629,3.98303456064295,1
HK.01956,56,73.9000015258789,79.30000305175781,-6.809585520891359,2.431066246555219,218864.55,16174090.578960799,10.737747554879931,78.89900024414062,,-22.61779944934146,,,-33.84064141011432,,0
HK.01957,490,0.2800000011920929,0.2849999964237213,-1.754384313814067,0.15429122468659595,253125.0,70875.00030174851,2.5169285704166935,0.27789999842643737,0.2369549988210201,-3.4482726727597,17.154815837228938,41.414142782475786,24.44444827091557,27.272728504228205,0
HK.01958,490,0.8199999928474426,0.699999988079071,17.142858115994215,2.5869716119389388,7567848.1,6205635.3878705315,6.184133743883715,0.8113999998569489,1.3929999992251396,0.0,-18.000000715255737,-51.76470765605512,-58.37563548534942,-59.203980261788345,1
HK.01959,490,4.599999904632568,4.650000095367432,-1.0752728969764116,0.12517246774675334,310715.0,1429288.9703679085,5.906574599540484,3.4009999775886537,3.2811499959230424,8.490569644994716,112.96295008541676,21.372030367607483,38.138138439147276,1669.2307974459868,0
HK.01960,490,0.3799999952316284,0.35499998927116394,7.042255412962399,0.24258760107816713,364750.0,138604.99826073647,4.835733546582588,0.3326999992132187,0.371319999396801,15.151509130844202,24.590159449260913,-22.44898207432918,40.74073338214291,46.153849680748344,1
HK.01961,489,0.0989999994635582,0.0989999994635582,0.0,,0.0,0.0,0.0,0.0989999994635582,0.19908999845385553,0.0,0.0,-67.54098454363657,-63.33333498901784,-61.923075732747435,0
HK.01962,490,0.4699999988079071,0.4699999988079071,0.0,0.06534823731728288,583400.0,274197.999304533,2.40689587972071,0.4469895964860916,0.42274094820022584,5.060805773933759,12.06486048760411,15.212322543419997,15.212322543419997,12.884805207540742,0
HK.01963,490,8.654999732971191,8.649999618530273,0.05780479377370818,0.7992413725387946,1715814.8,14850376.635828018,2.381352236179151,8.098866577148437,7.762237091064453,11.246780200079149,6.463903974642249,17.068980262771756,14.116420332393306,23.528976601168523,3
HK.01965,490,0.13500000536441803,0.12999999523162842,3.846161781683767,0.44052863436123346,34750.0,4691.2501864135265,1.0208006194737294,0.13691999971866609,0.13990000069141387,1.503762431125545,3.0534413663750852,-10.0,-3.571425150243618,-15.6249947613104,1
HK.01966,490,0.04500000178813934,0.04600000008940697,-2.1739093463565164,1.988767756854972,136400.0,6138.000243902206,3.2749528820026708,0.04698000021278858,0.06469500033184886,-6.249997089616979,-4.255312065993758,-40.78946942747286,-42.307691205535434,-54.999998882412925,0
HK.01967,489,0.29499998688697815,0.29499998688697815,0.0,0.0,19310.0,5696.449746787548,1.5249921216261986,0.2903999960422516,0.3679749970138073,13.461537579812916,-18.05556245424102,-24.35897494679139,-28.048783058498977,-37.23404518399859,0
HK.01968,490,0.1589999943971634,0.16599999368190765,-4.216867199499895,1.5384615384615385,42000.0,6677.999764680862,1.4916251336976456,0.1696399998664856,0.17272499956190587,-0.6250012805685687,0.0,-24.285714589819626,-4.790420069990845,0.0,0
HK.01969,490,0.9350000023841858,0.9399999976158142,-0.5319143876925793,0.6209850107066381,95750.0,89526.25022828579,3.2171860319162118,1.0354000043869018,2.011500008404255,-14.220185894304235,-12.616826490664742,-65.11194107858606,-74.02777702352145,-77.99999994390151,0
HK.01970,490,8.489999771118164,8.484999656677246,0.05892887027971938,9.814925373134328,11035.0,93687.14747428894,2.1405688431228205,8.395499992370606,8.14887501001358,-0.11764975155101104,1.5550253562161944,4.428039995199957,4.171781208613166,1.9207664931277062,2
HK.01971,489,0.3149999976158142,0.32499998807907104,-3.076920255401327,0.7717041800643086,32300.0,10174.499922990799,3.592148615599426,0.32230000257492064,0.3568000009655952,-4.545459060957758,-7.3529428522066915,-13.698633045075482,-18.18181677438852,-19.230766879501108,0
HK.01972,490,24.299999237060547,24.399999618530273,-0.4098376353816929,0.7516892673423499,2183621.0,53061988.63402939,2.3097684975593906,23.257155838012697,22.6134814453125,1.7292912245556957,15.217207286823445,0.17535919463408098,20.721722749910928,24.85199046161297,0
HK.01973,489,1.875,1.9500000476837158,-3.8461561974218275,3.584637268847795,16580.0,31087.5,2.200062129648452,2.0745000219345093,2.51592500269413,-6.25,-4.822336407642029,-32.553956140414826,-47.18309788211094,-45.96541831295152,0
HK.01975,490,0.5,0.5149999856948853,-2.9126186624346984,0.4838709677419355,254000.0,127000.0,2.262869336910302,0.4175000023841858,0.39655113622546195,24.99999813735488,12.359552367771112,32.38929416274654,41.45703507612081,47.33061215313932,0
HK.01977,489,0.9300000071525574,0.9210000038146973,0.9771990554378851,0.18609742747673783,184400.0,171492.00131893158,0.8572715402210339,0.9009559822082519,0.9061295330524445,4.757095947463307,-0.05318006473977865,-3.0352033147037027,10.816906562169052,19.44086484103065,1
HK.01978,490,0.23399999737739563,0.22699999809265137,3.0837001513485354,0.3791469194312796,236300.0,55294.19938027859,4.223005510691296,0.2556399980187416,0.31223500095307827,-16.428572721019076,-14.90909370706095,-29.090912703311663,-35.00000331136902,-40.759495943904035,3
HK.01979,490,1.5449999570846558,1.5700000524520874,-1.59236270905759,0.35308673167515253,589419.05,910652.4069548786,3.0075014341333537,1.75239999294281,2.2238220369815824,-11.206899504788172,-37.16816626187599,-41.98374825016554,-26.744454200245332,-26.667432787339386,0
HK.01980,490,0.5899999737739563,0.5949999690055847,-0.8403353768210848,3.3656174334140436,142250.0,83927.49626934528,3.7512232721421555,0.5522053444385528,0.5978497368097305,10.08403305271158,3.094568998755811,-11.827020727144749,-1.4537295643480492,0.03939499077229443,0
HK.01981,490,0.6800000071525574,0.6800000071525574,0.0,0.45078196872125115,436650.0,296922.0031231642,3.8925277123365034,0.6648000001907348,0.7778964129090309,1.4925358528601556,-2.8571401810159034,-6.882025062705738,-21.584857147197198,-54.851888482788524,0
HK.01982,489,0.7799999713897705,0.7799999713897705,0.0,0.281135788585887,300300.0,234233.99140834808,1.450080863033578,0.7896000027656556,0.9575115284323692,-3.703707519273088,-11.36363913451346,-30.97345356803427,-25.714285065527648,-3.2647897287713485,0
HK.01983,490,2.049999952316284,2.049999952316284,0.0,0.07168458781362007,14000.0,28699.99933242798,0.2912047336403782,2.216299977302551,2.0812338119745255,-8.07175180348151,-8.205900586603967,12.506613506082987,1.1004104066252027,-11.892407845564405,0
HK.01985,490,2.5999999046325684,2.615000009536743,-0.5736177762703767,0.06069802731411229,117000.0,304199.9888420105,2.888887022038437,3.040800004005432,1.9226500010490417,-14.754100154721936,-0.7633580839735752,96.96968191801959,107.99999237060547,60.49382080121152,0
HK.01986,490,0.949999988079071,0.9599999785423279,-1.041665696538963,0.4850151223535881,911975.0,866376.2391284108,4.850002794098263,0.8998625004291534,0.8556467491388321,8.435882946282504,6.052672763262011,25.991186188739256,21.266513711035593,23.7101747373119,0
HK.01987,489,0.2150000035762787,0.2150000035762787,0.0,0.0,271800.0,58437.00097203255,3.4091493748575243,0.2290399992465973,0.20557413630187513,-13.999998569488525,0.0,21.619981799662092,16.09179458155911,53.24115898375974,0
HK.01988,490,3.5999999046325684,3.4700000286102295,3.7463940907921303,0.9738429546410212,34117856.75,122824281.04626763,2.792942370019045,3.3676659727096556,3.550885648727417,9.66826417282845,9.222176056423608,-2.8202633363063176,-4.5337614073333175,-10.043647569941323,1
HK.01989,120,118.69999694824219,124.80000305175781,-4.887825283935125,0.5774923104052077,1194140.6,141744485.5757721,7.478924820953588,123.61299926757812,,-20.602008730272782,-27.526451402171897,,24.18644914027507,,0
HK.01991,490,0.6700000166893005,0.6800000071525574,-1.4705868173635692,1.4524423705699687,305020.0,204363.40509057045,5.068061248891112,0.7821999979019165,0.7293249961733818,-15.723270110175621,6.349209803242228,-9.459458370988969,-20.238090760988843,-49.62406052103062,0
HK.01993,489,0.47999998927116394,0.4699999988079071,2.127657550770317,1.6179775280898876,11800.0,5663.9998733997345,8.823370785324464,0.5109999972581863,0.5852749980986118,14.285715299398753,-25.0,-18.644065998710722,-7.692306369719372,-23.809524935839857,1
HK.01995,490,1.7649999856948853,1.75,0.8571420397077287,1.2327336418089268,1514055.7,2672308.288841259,1.8208304023634734,1.6726282000541688,1.6469428449869157,6.482942109136958,7.400893379360962,13.076792420638322,15.060597646439684,8.703660930229894,1
HK.01996,490,0.028999999165534973,0.028999999165534973,0.0,0.047609954808732736,3927250.0,113890.24672284722,15.06576313547095,0.023119999822229148,0.028035000138916074,61.11111341067313,20.83332880607086,-9.375006912159405,-14.705889442593609,-34.09091063028525,0
HK.01997,490,30.420000076293945,30.920000076293945,-1.6170763220125117,0.75126785529103,4113302.5,125126662.36382008,2.6058481318290676,28.155310592651368,24.78026470184326,-3.779200233022084,41.803663850570224,16.082917612259248,27.672816514105907,44.63472724487822,0
HK.01999,490,2.859999895095825,2.7799999713897705,2.8776951269557505,2.320442927060086,10232395.65,29264650.48557898,3.273730624728022,3.0972999906539918,3.9289379942417146,-8.038585480154719,-16.825045670716957,-35.28806142582913,-36.54324426777877,-33.91324818094502,1
HK.02000,490,0.2750000059604645,0.2750000059604645,0.0,3.6105675146771037,240900.0,66247.50143587589,2.214466343278265,0.25969999730587007,0.2987499983608723,7.843141608951449,-6.779654852722472,-14.062496216501957,-22.535207247454903,-11.290321340173895,0
HK.02001,490,0.4950000047683716,0.4950000047683716,0.0,0.20175447696282992,1452354.0,718915.2369253635,3.8477283842227545,0.5560999941825867,0.7533249977231026,-8.333336092807519,-18.85246013768477,-39.63414523340561,-48.96907317852512,-54.58715691649543,0
HK.02002,490,1.159999966621399,1.100000023841858,5.454540134461573,1.1182371320506497,157875.0,183134.99473035336,3.4840975565709633,0.9841999983787537,1.163999992311001,15.422882798526455,20.83333255723117,-10.769230063850333,-18.88111823986394,-34.83146150189509,2
HK.02003,490,0.9399999976158142,0.9399999976158142,0.0,0.2013888888888889,29090.0,27344.599930644035,3.907530656052373,0.9085999989509582,1.558900002837181,5.617978957818797,-1.0526305882884401,-46.89265492964766,-64.39394089910712,-70.43880721903753,0
HK.02005,490,2.6449999809265137,2.619999885559082,0.9542021549400515,2.8330644167827614,5810806.5,15369583.081667662,2.683554697810771,2.4465224838256834,2.5277543103694917,12.037509258247491,20.540368279418885,15.897056809431366,-4.364666059668045,-5.11410152766008,1
HK.02007,490,0.17100000381469727,0.17299999296665192,-1.1560631406153732,0.3400380419489425,373055222.15,63792444.41074273,5.685085073923076,0.18314000070095063,0.28517499938607216,-5.524856784194297,-19.718307888492863,-43.00000099341071,-56.70886096960458,-61.99999814563323,0
HK.02008,490,1.399999976158142,1.2799999713897705,9.375000582076622,6.218938885157824,37400.0,52359.999108314514,1.9571994906437566,1.3170999908447265,1.6246749955415725,10.23622025071122,-10.828029975440609,-25.1336913054418,-23.076926603825033,5.263152705571259,1
HK.02009,490,0.5950000286102295,0.6000000238418579,-0.8333325054910776,0.6009567911057955,10970036.1,6527171.79335525,2.320866964802442,0.589799998998642,0.6737084040045738,0.0,-4.669260403117832,-19.969252627680927,-12.398777568871445,-18.968874051070067,0
HK.02011,490,1.2000000476837158,1.2000000476837158,0.0,1.1695906432748537,18100.0,21720.000863075256,0.5580233586422093,1.3160000228881836,1.3898000115156173,-11.111109148818315,-11.111109148818315,-18.918916741977938,-19.46308456354919,-9.774435416307956,0
HK.02012,490,0.17000000178813934,0.17000000178813934,0.0,0.11579642005754948,2219226.5,377268.5089682862,11.075300085737503,0.18570000022649766,0.32625,2.4096435292019236,-35.849052466035474,-55.844154285930145,-60.919540033014115,-66.66666569273454,0
HK.02013,490,0.8199999928474426,0.8299999833106995,-1.2048181523292238,0.3545062237012324,44485571.4,36478168.229814395,5.107920077110084,1.1106999981403352,1.5748249998688697,-35.68627386815452,-38.34586718884517,-52.6011570053855,-57.06806245143859,-66.11570384314975,0
HK.02015,490,47.52000045776367,46.34000015258789,2.5463968521585842,0.8543793263062316,10244731.35,486829638.4416658,3.36211355921368,48.844199905395506,61.563950023651124,-1.9801961500356329,-10.592663982095972,-27.560973226988565,-30.16899584615643,-48.68250405960419,1
HK.02016,490,2.4149999618530273,2.450000047683716,-1.4285749040608522,1.193131293387754,6521330.75,15749013.512480974,1.9331298529852385,2.322200016975403,2.359469177722931,6.153840027113693,0.9699520700833608,-2.113103849223215,1.369034442424696,-6.740486819688746,0
HK.02017,490,0.5600000023841858,0.550000011920929,1.8181800448205245,0.3215692579789372,1173100.0,656936.0027968884,15.02224364359756,0.41210000067949293,0.26757999941706656,15.46391461174027,128.57142509593916,209.3922762915767,143.47825748933965,128.57142509593916,1
HK.02018,490,41.2400016784668,42.0,-1.8095198131742933,0.4488926087389598,5920949.55,244179969.3801172,5.03533278727407,40.7052001953125,39.12461658477783,-4.889296360799975,-3.1924808553232134,29.03758266104992,3.0126585438620115,-0.9625781417974691,0
HK.02020,490,73.6500015258789,72.44999694824219,1.656321087900106,1.2344451181987195,8228767.7,606048753.6611031,3.0068314563595018,73.66406387329101,76.14525184631347,4.152437142211952,0.7318866938931564,-3.163825315858901,-6.947414020042624,-16.948413387359786,2
HK.02022,489,0.04899999871850014,0.04800000041723251,2.0833297761985303,1.6166883963494132,165800.0,8124.199787527323,3.539025951057865,0.04950000025331974,0.05251500006765127,-7.547171137518811,-24.615383821831625,-3.9215693435775414,-3.9215693435775414,-3.9215693435775414,2
HK.02023,490,0.75,0.75,0.0,0.5714285714285714,25600.0,19200.0,1.9523339378662548,0.7602999997138977,0.761524997651577,-2.5974001846660313,-5.063293717874323,-3.8461503192516595,-5.063293717874323,-5.063293717874323,0
HK.02025,490,12.199999809265137,12.199999809265137,0.0,1.0246262093227791,460100.0,5613219.912242889,2.7299983118424898,12.135199966430664,12.640671253204346,2.6936000988353372,10.676966018247827,-41.762836131056694,6.346130377689822,122.3600857483592,0
HK.02026,210,51.79999923706055,51.5,0.5825227904088289,0.36939694464666867,1692741.6,87684013.58854066,5.178373738942229,57.64300003051758,85.12074989318847,-18.553458365037507,-18.87235634303814,-49.75751697022309,-55.3832903377627,,1
HK.02028,490,3.1500000953674316,3.4149999618530273,-7.759879046727808,0.4974237591018152,24229430.0,76322706.81069851,19.38797048954582,1.9758000040054322,0.6920850012823939,92.07317822217806,270.58823611909537,2547.058842680681,4099.999960263572,2150.000058540276,0
HK.02030,490,1.2999999523162842,1.2899999618530273,0.7751930820906612,0.5137614678899083,26500.0,34449.99873638153,1.1867330223012038,1.2784185767173768,1.343528035879135,1.8722780234263856,0.31697957414459305,-6.143552677895965,-11.182827838994905,-14.066497896891997,2
HK.02031,490,0.4950000047683716,0.4449999928474426,11.235957915637593,16.231884057971016,50000.0,24750.00023841858,0.9253825914493086,0.43829999983310697,0.36949999958276747,1.020407170268328,33.78378334839559,52.30769936149669,62.295079724630455,39.43662527557705,2
HK.02033,490,0.2199999988079071,0.22200000286102295,-0.9009027150183835,0.07936507936507936,50600.0,11131.9999396801,1.2950245049051798,0.23193999707698823,0.2914265365898609,-4.347828340440215,-24.137929262644278,-32.307690191550996,-33.333336343668805,-38.65294134463368,0
HK.02038,490,16.239999771118164,16.40999984741211,-1.0359541613326382,0.9257269981622631,650569.15,10565242.847096538,4.073765897971557,17.667799797058105,20.773490991592407,-11.498640689306425,-31.93629775486046,-20.729827246629398,-15.117424838313672,6.171808068331532,0
HK.02039,490,7.664999961853027,7.824999809265137,-2.0447265343401373,0.9311267609797457,3313841.25,25400593.05483699,4.919848758135076,7.678899974822998,8.93722017288208,-5.07739761110188,-9.901993776692256,-36.37146590168887,-15.59340759165589,-2.6719121780493316,0
HK.02041,5,8.255000114440918,8.779999732971191,-5.979494698146319,,,,,,,,,,-13.650630208111478,,0
HK.02048,490,0.06700000166893005,0.07800000160932541,-14.10256373517848,0.2476816039679889,68942165.0,4619125.170059651,29.91486135385124,0.03425999999046326,0.05347000010311603,148.14814789264128,103.03030918780769,-1.470591135606476,-4.2857123090296465,-36.190472608791076,0
HK.02050,304,24.15999984741211,24.420000076293945,-1.0647019986467352,0.3100413632470181,6825576.1,164905917.53449973,3.403956211289991,26.20439998626709,30.99376196861267,-10.518519083658855,-14.990899646455292,-19.685679215289877,-38.98197947792559,-18.345705442277513,0
HK.02051,490,0.39500001072883606,0.38499999046325684,2.597407925529181,0.9026929564357588,2136700.0,843996.522924304,8.055423924406972,0.36689999997615813,0.5263250017166138,21.53846929764635,-19.387754481417705,-30.701751634134556,-24.03845668897103,-33.05084266322859,1
HK.02057,490,163.3000030517578,162.39999389648438,0.5541928504302246,0.6866792430526983,1766716.6,288504826.1715912,2.357638943556142,178.84599914550782,179.2869445800781,-9.378465140228867,-6.8454077530489075,-8.586889711090254,-1.841948906222169,16.366864956630028,1
HK.02068,490,1.7400000095367432,1.7649999856948853,-1.416429255567361,1.0206896551724138,775250.0,1348935.0073933601,2.1407809005201517,1.8249999952316285,2.3285499918460846,-6.451613109971017,-15.533977773369479,-38.51589906553394,-33.076920255401326,-25.321885557441075,0
HK.02076,490,63.099998474121094,63.900001525878906,-1.251960927471682,0.4029095058118805,55607.0,3508801.6151504517,2.912750040319333,62.41200035095215,63.504850234985355,1.938605684428776,23.00194817261498,2.7687246025973984,-20.528970703413826,-30.556728013530225,0
HK.02078,490,0.13600000739097595,0.13600000739097595,0.0,4.178272980501393,21700.0,2951.200160384178,4.961921184872524,0.12868000075221062,0.13020999997854232,-2.85713799145759,4.615394138020521,-1.4492675377223445,4.615394138020521,-14.999993480741832,0
HK.02080,490,0.3100000023841858,0.3199999928474426,-3.124997089616889,0.8876811594202898,109900.0,34069.00026202202,3.381362140605998,0.30399999737739564,0.31502499848604204,1.6393426604503258,8.77193202602569,-1.5873000855468575,-13.888891648363074,10.714286094417377,0
HK.02086,489,0.5350000262260437,0.5350000262260437,0.0,0.0,12900.0,6901.500338315964,2.5440798763580594,0.5050000005960464,0.4804249981045723,2.884624201870852,-6.140345098349234,11.458341288380502,15.053768196000068,-6.140345098349234,0
HK.02088,489,0.03799999877810478,0.03799999877810478,0.0,,0.0,0.0,0.0,0.03799999877810478,0.03799999877810478,0.0,0.0,0.0,0.0,0.0,0
HK.02096,490,11.390000343322754,11.050000190734863,3.0769244046979463,1.1547536914674834,6297825.9,71732239.16318694,3.4469636474881007,12.129600067138671,11.772029347419739,-7.9223892587128795,19.79527456224298,1.0610013138551855,-1.422697090127232,-13.70829567236657,1
HK.02097,379,192.39999389648438,195.5,-1.5856808713634911,0.38817035622715834,502318.25,96646028.23409271,4.189527795128878,218.72800079345703,309.43500022888185,-15.761821787226468,-29.575408016203358,-41.37721305899377,-52.70403154623451,-52.958436700126065,0
HK.02098,490,0.07500000298023224,0.07500000298023224,0.0,0.7838154154823608,1526700.0,114502.50454992056,8.121052253669985,0.06852000020444393,0.0921300002373755,5.633803555899658,-15.730335197429499,-22.680411579277248,-25.74257389223702,-42.307687899064575,0
HK.02099,490,258.20001220703125,266.6000061035156,-3.1507853353997377,0.5048279631029903,2402057.05,620211159.6319854,5.265331095216018,206.2620004272461,177.25586402893066,16.832584709063912,86.83069313216464,41.782766168060384,60.00947873931254,106.78541141738911,0
HK.02100,489,0.2750000059604645,0.2750000059604645,0.0,0.43543543543543545,408200.0,112255.0024330616,2.9285857745367303,0.3360324674844742,0.4087361048161984,-20.28985306936711,-36.21411474571484,-25.303369313039635,-33.212428906554045,-52.69213543009261,0
HK.02101,490,0.9399999976158142,0.9399999976158142,0.0,0.052576235541535225,230000.0,216199.99945163727,5.494716055505653,0.9721419024467468,0.913414281308651,1.0752677834782465,33.42926856135992,4.029602946811571,-5.5731289620996405,2.9278396134181093,0
HK.02102,490,0.3050000071525574,0.32499998807907104,-6.153840510802654,0.7894736842105263,79000.0,24095.000565052032,2.0576240320915815,0.2957000035047531,0.28364978939294816,1.6666650109821552,8.928573519295567,6.586021477379597,18.428912752643996,65.11722778778758,0
HK.02105,490,6.635000228881836,6.014999866485596,10.307570675948991,0.6657716825198149,2285607.1,15165003.63163395,7.7284546680486,6.624400024414062,11.809899985790253,-3.2093331813204764,-26.195768656214508,-48.16406148427633,-51.17733514065959,-58.191554651998715,1
HK.02107,490,0.4000000059604645,0.4000000059604645,0.0,1.1248131539611361,705875.0,282350.00420734286,4.64563999680734,0.38,0.2501300001889467,0.0,66.66667287548397,79.37219605089835,72.41380063376181,42.857144377669506,0
HK.02108,490,0.4099999964237213,0.4000000059604645,2.4999975785613424,1.3070283600493218,157100.0,64410.99943816662,4.1878972989244945,0.4175999999046326,0.37953671388328075,0.0,-10.844343007226128,38.04745965714405,50.156887793247776,99.04517810530342,1
HK.02110,489,0.6000000238418579,0.6000000238418579,0.0,2.1003178112477547,39785.0,23871.000948548317,5.866824072920547,0.7689999985694885,0.9786499956250191,-26.82926474689796,-37.49999611948919,-32.58426590047685,-41.74756888271727,-50.41322273338814,0
HK.02111,490,2.7300000190734863,2.6549999713897705,2.82486058349962,0.3372936222293362,1166892.15,3185615.591756701,2.708906724492798,2.4543000173568728,2.7544128465652467,16.417909840769944,10.080645083760869,-9.304630683960365,-12.33699245017664,-11.662451189636291,1
HK.02112,490,0.03500000014901161,0.035999998450279236,-2.7777731786537547,0.07616707616707617,693000.0,24255.000103265047,7.119889216320892,0.035639999955892565,0.057925000004470345,6.0606070868568365,-46.96969645657158,-46.15384394953229,-35.18518659047298,-36.363635747885894,0
HK.02113,489,8.899999618530273,8.899999618530273,0.0,0.0,1943312.5,17295480.508685112,21.293547228548075,4.180399980545044,2.2559999865293503,173.00612406644683,323.80952489078726,584.615380383102,595.3124857391227,270.83330270316986,0
HK.02116,489,0.7099999785423279,0.7149999737739563,-0.6993000580457562,1.5183246073298429,41100.0,29180.999118089676,1.39817548737772,0.69799999833107,0.6613749994337559,0.0,-1.3888957875743526,-11.250004004687012,39.21568467038631,54.34781862229179,0
HK.02119,490,0.45500001311302185,0.44999998807907104,1.111116703645831,0.2633423409918688,75330.8,34275.51498781443,0.6512454733249374,0.4508230829238892,0.4753615905344486,-1.4938260994792367,-1.4938260994792367,-8.292408928332014,-11.627232159136966,-16.198235050535967,1
HK.02120,490,9.300000190734863,9.890000343322754,-5.965623176001505,0.1638521986289918,29780.0,276954.0056800842,1.3572207053455732,8.25353874206543,8.58687169790268,14.579392561342097,23.32523833208829,10.86951974065527,0.3954249348422398,-3.094504490735616,0
HK.02121,490,3.0199999809265137,3.380000114440918,-10.650891163474162,2.1332015015208303,2192280.2,6620686.162185574,6.8762451490259915,3.845700001716614,4.729324998855591,-21.55844011079962,-24.500000476837158,-31.98198328814657,-45.780971492757935,-63.61445889726986,0
HK.02122,490,0.09000000357627869,0.09000000357627869,0.0,0.0035124692658939235,1139000.0,102510.00407338142,7.826277716621241,0.1231000004708767,0.18727499950677157,-36.17021141682563,-36.17021141682563,-63.56275069168235,-68.96551511517313,-34.78260447037007,0
HK.02125,490,0.3050000071525574,0.28999999165534973,5.1724192858027385,0.38910505836575876,8800.0,2684.000062942505,1.8514188157528706,0.29470000028610227,0.3733750008046627,5.1724192858027385,1.6666650109821552,-18.66666475931803,-35.78947137267303,-50.806450837608686,1
HK.02126,490,1.9800000190734863,1.9600000381469727,1.020407170268328,2.875989082847433,1278872.85,2532168.267392564,6.700141351560333,1.8355000042915344,2.204825000166893,4.2105286273269735,17.857147672144073,5.319150217845466,-20.799999237060547,-64.2599272074505,1
HK.02127,489,0.019999999552965164,0.019999999552965164,0.0,,0.0,0.0,0.0,0.019999999552965164,0.019999999552965164,0.0,0.0,0.0,0.0,0.0,0
HK.02128,490,3.1649999618530273,3.194999933242798,-0.9389662603004103,0.513130183942257,8966414.9,28378702.81645842,4.028880761030522,3.847200002670288,4.558902217149734,-22.898905063406563,-23.365620480582567,-44.17989560378012,-28.540634653090564,-30.92261870381107,0
HK.02129,490,0.2409999966621399,0.23199999332427979,3.879311895186257,3.1161137440758293,462250.0,111402.24845707417,4.093392184595235,0.2156599995493889,0.17573000010102988,10.55045984437719,25.520830503794283,62.83783348395588,58.552634481268505,92.79999732971191,2
HK.02130,490,3.25,3.0999999046325684,4.83871290264477,0.33222591362126247,14950.0,48587.5,1.730292802134806,3.129900031089783,3.2383598840236663,4.501611242011348,3.5074173990111754,-0.8971428268159779,-1.7926539702199822,-3.8221953295568203,2
HK.02131,489,0.45500001311302185,0.45500001311302185,0.0,,0.0,0.0,0.0,0.45500001311302185,0.45500001311302185,0.0,0.0,0.0,0.0,0.0,0
HK.02132,490,0.1550000011920929,0.1589999943971634,-2.5157190855485068,0.7421150278293135,158400.0,24552.000188827515,3.532622763092667,0.1643400001525879,0.14799499981105327,-7.1856256435606465,14.814811135515901,-6.060609070941536,24.000000953674316,63.15789803903853,0
HK.02135,490,0.11299999803304672,0.10999999940395355,2.727271495771795,3.255813953488372,50000.0,5649.999901652336,3.1745907605602732,0.10639999970793725,0.13314000025391579,-4.237290382967418,-4.237290382967418,-24.161077147909822,-20.97902604347721,-3.418804017505935,1
HK.02136,489,0.5899999737739563,0.5899999737739563,0.0,2.0887472419710713,112625.0,66448.74704629183,1.4620690090814301,0.599100011587143,0.5959209448099136,-2.479346252335911,-7.812502037268178,-15.714288025486264,46.02006342620088,39.577999836289216,0
HK.02137,490,0.8799999952316284,0.8899999856948853,-1.1235944521335182,0.8819306761468517,894545.0,787199.595734477,5.943415657759539,0.9714000010490418,1.2914000004529953,-11.557789847801487,-12.000000476837158,-36.23188418316455,-38.02816747696805,-56.00000023841858,0
HK.02138,490,0.5099999904632568,0.5099999904632568,0.0,2.292376748236276,958716.3,488945.3038569689,5.921962089708623,0.4043999981880188,0.4869499976933003,19.999994390151237,32.46753327177799,-1.9230751596258298,-10.526316339839756,-38.5542167809484,0
HK.02139,490,0.25,0.25,0.0,0.25944907110826393,922800.0,230700.0,3.427552981974614,0.24221305996179582,0.20380337715148925,4.6025136950404315,1.0017143641829187,58.071784601536,55.54263581343245,41.402395002256235,0
HK.02142,490,13.380000114440918,12.890000343322754,3.8013945544384145,0.9199807404541975,10612951.15,142001287.60155588,7.0029106374667665,13.616000003814698,12.733899984359741,-9.533467552730485,34.8790323743587,14.554792507255437,10.761591050871736,-16.791043669624916,1
HK.02145,490,22.1200008392334,22.5,-1.6888851589626737,0.38859404733734265,2454954.5,54303595.60027981,5.9786198304929,26.0139998626709,49.61409197807312,-23.46020369823685,-33.772455602750696,-60.086152435177276,-67.53405533060406,-75.43979332346174,0
HK.02146,490,2.075000047683716,1.9900000095367432,4.2713586803831225,4.057971014492754,26975.0,55973.126286268234,3.153884685714832,1.9135000038146972,1.458474999666214,0.0,41.1564630815325,62.109382348717354,47.16312743295809,60.8527216313302,1
HK.02147,490,0.7200000286102295,0.6499999761581421,10.769239233796018,1.4152136183203874,878340.35,632405.077129519,10.844116513194745,0.5641779404878616,0.6384694840013981,28.57143313300851,44.0000057220459,9.090909090909092,-23.404252081232507,-16.27906783327278,4
HK.02149,490,32.279998779296875,33.0,-2.1818218809185606,0.6479577496042723,68657.0,2216247.8761901855,5.113159148592296,31.520799980163574,37.55430009841919,4.196253248126113,-6.434786146965579,-21.268295660251525,-25.069643901390258,-41.415608578541296,0
HK.02150,490,0.6899999976158142,0.6949999928474426,-0.7194237817389376,1.9431055009624782,2448175.25,1689240.9166630954,4.238001458092837,0.7083000075817109,0.8640749993920326,-6.7567582806154425,-11.538458599376382,-26.595744748307652,-37.27272884904843,-49.264706591318216,0
HK.02152,489,4.789999961853027,4.789999961853027,0.0,0.0,1600.0,7663.999938964844,0.0,4.473200044631958,4.539270267486573,11.395343008913306,12.938629233614197,12.45495245379268,-7.865848284077484,-11.43934543093119,0
HK.02153,490,0.9750000238418579,0.9700000286102295,0.5154634107374384,1.6355810616929698,71900.0,70102.50171422958,5.036404355396842,0.8292999923229217,0.9022749933600426,20.37037295950674,13.372093909749974,4.838711434753648,-2.499997615814209,-10.55045926744472,3
HK.02155,490,7.175000190734863,7.085000038146973,1.270291490519589,0.3881507059639331,3861952.15,27709507.412858915,5.58584968832333,7.494929294586182,8.346456136703491,-6.086383296818466,-14.783422738517022,-22.02819492047035,-19.90014151427514,-33.54033629405191,2
HK.02156,490,2.674999952316284,2.630000114440918,1.711020377082083,1.1634521459786924,1345075.85,3598077.8346117856,2.9747790106788012,2.6072999668121337,2.5648038852214814,3.4816213865059327,0.18726126889400213,16.03432827115127,4.641869625973892,-10.073395124849137,1
HK.02157,490,3.984999895095825,3.734999895095825,6.693440616377473,1.0799718126393703,12818871.75,51083202.57899684,6.874993547521162,4.350899982452392,4.80762500166893,-11.24721384777658,4.868419607920642,-4.436455103438213,-19.97992209170268,-53.98383411881152,1
HK.02158,490,3.5299999713897705,3.509999990463257,0.5698000279445594,0.3113138584763714,6926996.65,24452297.976317037,5.225656622860113,4.358957848548889,5.205053561925888,-19.664076647297136,-30.60476281805755,-36.64449336281444,-33.32869371657799,-40.74892127921466,1
HK.02159,490,1.7000000476837158,1.7200000286102295,-1.1627895694091224,0.13150684931506848,170860.0,290462.0081472397,2.5909642597907356,1.6848999977111816,1.5255750024318695,-1.1627895694091224,3.6585403970846935,12.58278532585741,30.76923923379602,11.111116305415763,0
HK.02160,489,1.2799999713897705,1.2799999713897705,0.0,0.0,542600.75,694528.944476068,3.997415858394261,1.2106999921798707,3.017874997258186,0.0,-15.231789438814767,-60.371518147639705,-77.73913093235181,-81.17647153695971,0
HK.02161,490,1.649999976158142,1.6749999523162842,-1.4925359325276826,0.5551983419037572,264940.4,437151.65368332865,2.155559712320017,1.8369639134407043,2.328299140930176,-6.697669019604459,-24.703376673001042,-37.114911148457246,-35.21649570425344,-42.012025426019555,0
HK.02162,490,74.94999694824219,73.05000305175781,2.600949783859941,0.6705726284401895,1873782.85,140440018.88916856,4.899496417531248,79.6820004272461,65.47425003051758,-3.102781607270325,34.923488708598946,56.145826975504555,40.22450117570467,3.737019997567041,1
HK.02163,489,0.6000000238418579,0.6000000238418579,0.0,,0.0,0.0,0.0,0.6000000238418579,0.6000000238418579,0.0,0.0,0.0,0.0,0.0,0
HK.02165,489,1.5,1.5099999904632568,-0.6622510282393388,0.0,28250.0,42375.0,1.0539003712427049,1.5760000085830688,1.7674000030755996,-7.6923076923076925,-10.179638410376207,-21.46596721394966,-21.05263058828844,-30.555558315029742,0
HK.02166,490,3.9200000762939453,4.019999980926514,-2.487559828533153,0.3739778680293444,920755.0,3609359.6702480316,6.853703724003343,4.504775633811951,3.3898719906806947,-17.262025954336302,4.9546583256199925,32.00779087917321,92.40760049758754,134.09303796377992,0
HK.02167,490,4.989999771118164,5.019999980926514,-0.5976137434728165,0.032801941874958995,149540.0,746204.5657730103,5.5006714609532,3.8050999784469606,3.7781037199497223,19.951921974766144,58.41268635060488,53.362180369301846,15.193562679391604,27.16913284388327,0
HK.02168,490,1.0449999570846558,1.0,4.499995708465576,0.5563636074616307,11444.2,11959.188508868217,3.1633077376335903,0.96039999127388,1.104850001335144,4.499995708465576,4.499995708465576,-5.855860935384808,-17.063494841738315,-42.58242159516828,2
HK.02169,490,0.5299999713897705,0.5400000214576721,-1.8518610500991368,0.6228800493370336,327400.0,173521.99063301086,3.7664922561388945,0.5011000049114227,0.5955250009894371,11.578942745346053,-3.6363709268489552,-11.666674945089223,-32.911397848845795,-59.54198514961585,0
HK.02170,490,1.2999999523162842,1.350000023841858,-3.703708936484497,1.014544164597375,70350.0,91454.99664545059,2.623121266142641,1.383399987220764,1.7475499957799911,-8.45070481655075,-7.142858967489158,-28.17679594398612,-34.010155663124955,-61.988306335799315,0
HK.02171,490,12.739999771118164,12.550000190734863,1.5139408565393446,0.8692483293473355,2687700.3,34241301.20683422,5.432188544681492,14.215200004577637,16.233549962043764,-11.466299741752424,-20.125392329361205,6.521736876951055,-16.84073090796271,-42.664265684917154,2
HK.02172,489,8.055000305175781,8.055000305175781,0.0,0.0,655639.25,5281174.35883522,1.5114690235708925,8.74740005493164,10.241569428443908,-8.152794928932238,-9.27092376668512,-22.664260664259565,-28.139357720219703,-39.17225298117016,0
HK.02175,490,2.255000114440918,2.2799999713897705,-1.0964849676561144,1.6628175519630486,61500.0,138682.50703811646,2.2746556216644827,2.5160999965667723,2.936825000047684,-11.568621309479008,-26.547225945409288,-19.175622033226833,-32.886899260554685,8.937207109388865,0
HK.02176,489,0.4699999988079071,0.4699999988079071,0.0,0.0,64000.0,30079.999923706055,2.2291412197808382,0.611300008893013,0.9742780043184758,0.0,-37.33333349227905,-58.28621728115119,-66.62897523720271,-73.16902460879434,0
HK.02177,490,2.234999895095825,2.2300000190734863,0.2242096851827024,3.0898876404494384,3930.0,8783.549587726593,1.076195527892839,2.1924000215530395,2.3265779972076417,3.4722132539311197,2.1027509334008334,-1.138602991657873,-13.496278758040054,13.758318201791564,1
HK.02178,490,0.25999999046325684,0.25999999046325684,0.0,0.2782179837248367,4542553.35,1181063.8276788353,5.622939754385035,0.2389199984073639,0.17510999916121364,-10.344828294942289,42.0764988166198,62.49999767169351,419.99997317791025,282.35290637272226,0
HK.02179,489,4.900000095367432,4.900000095367432,0.0,0.0,525.0,2572.5000500679016,0.0,5.012600030899048,4.923600015640258,-4.4834310710059775,2.083331263727694,13.953485535311785,38.02817355448996,-36.36363354877704,0
HK.02180,490,4.894999980926514,4.900000095367432,-0.10204314986942933,0.007621951219512195,32812.5,160617.18687415123,2.372661312521427,5.083000001907348,5.1309958267211915,6.1822090923637685,-0.5392870222706231,-16.485886557969998,-2.8345310585073697,-9.322659929908864,0
HK.02181,490,0.4350000023841858,0.4350000023841858,0.0,0.6211180124223602,24400.0,10614.000058174133,1.6212244296344873,0.4206000006198883,0.46964999705553057,8.749998975545182,14.473686274399084,7.4074076799480775,-12.999999523162842,-46.29629616002596,0
HK.02182,489,0.4000000059604645,0.36500000953674316,9.589039865544988,46.81818181818182,25600.0,10240.00015258789,0.6155300718459475,0.3354999989271164,0.35120000019669534,11.111108351636926,19.402983879612854,15.942031113797448,5.263160784158717,3.8961080178621965,2
HK.02185,490,1.659999966621399,1.7100000381469727,-2.9239807257405617,0.428121937380719,95265.0,158139.89682018757,6.795616961075138,2.264300003051758,4.090875000357628,-25.56054025008077,-38.05970428090334,-63.99132497733989,-72.10084000277608,-80.47058862798355,0
HK.02186,490,1.7899999618530273,1.7999999523162842,-0.5555550404536735,0.5576970177641635,37573764.75,67257037.46917462,4.31396647471989,2.0389000010490417,2.446274998784065,-12.682926659070612,-4.278077150339552,-26.938778489195016,-35.379062304025524,-51.881721825637705,0
HK.02187,490,0.44999998807907104,0.4399999976158142,2.272725117600642,0.1783285476802176,663300.0,298484.9920928478,5.628532103373442,0.5002000004053115,0.6558749976754189,-7.2165000399412556,-28.57142992300783,-36.6197180733797,-13.461537579812916,5.882347166332156,2
HK.02188,490,0.0729999989271164,0.07000000029802322,4.2857123090296465,0.018791105543376135,308600.0,22527.79966890812,7.594157485527556,0.09691999986767769,0.14070499990135432,-14.117649224390187,-43.41085056410139,-52.59740303722435,-61.17021200707076,-73.92857192274259,2
HK.02189,490,0.4650000035762787,0.4699999988079071,-1.0638287753851585,8.887987209027104,29502.1,13718.47660550773,0.46159808100366617,0.4573980063199997,0.4355475006997585,0.955272448601672,8.721063719202904,7.539311804855172,9.929084559972562,16.3346643548075,0
HK.02190,490,20.719999313354492,20.360000610351562,1.768166464690069,0.6081925623382705,988747.25,20486842.341081142,3.6424442152687684,20.023000106811523,21.73860947608948,3.8596417091143342,13.908733947312928,0.823227108923734,-8.020913822729181,-16.249081887076603,1
HK.02192,490,6.934999942779541,7.059999942779541,-1.770538257976064,0.37175415242638077,1495676.65,10372517.482166694,3.1820190680471865,7.40442364692688,8.42451268196106,-11.894411286821171,-0.44810761208645444,-18.719800229671943,-26.40959132735425,-48.67871523782201,0
HK.02193,489,0.4000000059604645,0.4000000059604645,0.0,0.0,31600.0,12640.000188350677,0.8842451764812548,0.3770999997854233,0.3072399996221066,-2.439022085483674,33.33333002196431,60.00000238418579,65.28925955698601,96.07843796091338,0
HK.02195,490,0.25999999046325684,0.25999999046325684,0.0,2.3300970873786406,14375.0,3737.499862909317,0.5494505631712708,0.27219999372959136,0.3666499988734722,-7.1428609441737585,-31.578949019519264,-33.33333333333333,-45.26315921561541,-48.00000190734863,0
HK.02196,490,17.1200008392334,16.329999923706055,4.83772761309392,1.0541912321370799,5772536.9,98825836.57250577,3.581557686737814,16.564008808135988,18.29959279537201,0.9434066238083006,9.296338860853917,-6.607648033272351,-11.850728793569917,-25.67294479625959,1
HK.02197,490,1.9850000143051147,1.909999966621399,3.9267041358321846,0.9677249568238794,3712584.2,7369479.690108944,8.018624058894233,1.9811999940872191,2.279799998998642,-10.986547205060718,16.081869592011444,6.1497331146257235,-16.244721090488408,26.433117706261488,1
HK.02198,490,4.105000019073486,4.170000076293945,-1.55875434127635,0.8619344123677284,3318355.0,13621847.338292599,5.527271122016793,3.3896999979019165,3.8626381957530977,23.831069327806336,20.381229200863594,-10.567956459995699,32.862293719536126,127.24535314979302,0
HK.02199,490,2.549999952316284,2.549999952316284,0.0,0.972176759410802,289050.0,737077.486217022,6.284231675792763,2.213778419494629,2.0802023148536684,0.022313477424530926,36.872638148043805,14.460154117846239,10.203357637443862,25.088461508323245,0
HK.02202,490,2.2200000286102295,2.240000009536743,-0.8928562875609045,0.4928579450708744,23893897.5,53044453.13360989,4.452318798952709,2.409700016975403,3.0245250046253203,-7.500002483526767,-15.267170779417668,-35.83815016952526,-34.12462599410646,-57.389635079545776,0
HK.02203,490,0.11500000208616257,0.12099999934434891,-4.95867544685781,1.5355086372360844,260500.0,29957.50054344535,2.825299276494301,0.1416199994087219,0.18401499971747398,-17.857141716747872,-40.10416610075886,-41.3265280133855,-43.90243751743163,-38.50267479818489,0
HK.02205,489,0.5450000166893005,0.5450000166893005,0.0,0.0,1100.0,599.5000183582306,0.0,0.7045999991893769,0.9912499994039535,-5.217386436822859,-42.6315764707211,-55.327868532090065,-58.07692025540133,-10.65573706418013,0
HK.02208,490,9.225000381469727,9.140000343322754,0.9299785005923945,0.7513227904205049,23592513.45,217640945.57607964,3.7552935255419237,9.891400032043457,12.855907039642334,-17.63392376276295,-13.965503179360999,-33.422066157437165,-41.91875638793082,7.1760814790102785,1
HK.02209,490,3.6449999809265137,3.549999952316284,2.6760571798950137,0.979959727682424,541000.0,1971944.989681244,4.9544331994762345,3.2802000045776367,3.295701378583908,0.9695314916279082,23.094704715392613,28.101943025184863,-8.276517516134604,-45.2317783145292,2
HK.02210,490,2.009999990463257,2.0,0.4999995231628418,0.5947955390334573,16620.0,33406.19984149933,0.8790367852582543,1.8963999843597412,2.275696201324463,7.774797865150197,-10.267857950636923,-21.655372333831497,-23.08501971102659,-29.75098142214051,1
HK.02211,490,0.7400000095367432,0.7200000286102295,2.7777750183035925,0.05337564054080294,6160547.5,4558805.208751559,8.066818324644103,0.6209999972581863,0.9668749986588955,20.325202936851642,42.30769936149668,34.54545336321368,-55.68862104472312,-49.659864276577224,3
HK.02212,489,0.1599999964237213,0.15000000596046448,6.666660043928621,0.0,24000.0,3839.9999141693115,0.0,0.1542600041627884,0.16774500079452992,-3.0303090509739805,8.108104298461395,-11.602209126031227,-15.789474509759632,36.75213522816671,1
HK.02215,490,0.19499999284744263,0.19499999284744263,0.0,0.06303821691900714,835250.0,162873.74402582645,12.751179610332636,0.20167999923229218,0.24860999740660192,-33.89830457106021,-2.985080601935728,-25.0,-32.75862122120672,-63.207546533236226,0
HK.02216,490,0.5950000286102295,0.6050000190734863,-1.652890933552547,0.5158861950625484,225600.0,134232.00645446777,5.3182726931096225,0.6486000025272369,1.3383500066399574,-3.2520293685164203,-20.6666628519694,-55.597013896333294,-74.78813326023177,-82.34421220131529,0
HK.02218,490,26.68000030517578,25.799999237060547,3.4108569540232856,1.4300184314962723,1591565.0,42462954.68570709,7.473411288877416,19.687600002288818,16.838726387023925,27.168736355138506,37.88113580982424,70.09739069971988,100.5794403981475,67.47889557589681,2
HK.02219,490,2.4700000286102295,2.5,-1.1999988555908203,0.5599647174688013,321096.9,793109.3521866561,2.6604526583321526,2.556699986457825,2.515293287038803,-4.077670568120446,-2.7559029249642277,5.086568680565438,-0.730041502976346,-3.9208528843179886,0
HK.02221,490,0.6600000262260437,0.6100000143051147,8.196723073504641,0.4417611544691503,122420.0,80797.20321059227,5.889017696640749,0.6145000004768372,0.8425249996781349,8.196723073504641,-11.999996503194172,-29.032255790318807,-34.65346213287375,-21.428565853306864,2
HK.02222,489,0.6200000047683716,0.6200000047683716,0.0,0.0,8860.0,5493.200042247772,0.20661136669406838,0.6316000103950501,0.6559000042080879,2.4793364003288203,-7.462688160516194,-11.428569239013012,-4.61538038310199,-23.45678976006923,0
HK.02223,489,0.5199999809265137,0.5199999809265137,0.0,0.0,20500.0,10659.99960899353,1.4764072294435138,0.5521999973058701,0.7742499981820583,3.9999961853027344,-48.00000190734863,-38.09523843313292,-33.33333333333333,89.09089805666103,0
HK.02225,490,5.869999885559082,6.300000190734863,-6.825401462815256,1.1483606020653436,10791259.95,63344694.6715383,11.352633797056583,4.537499980926514,2.986874994635582,14.0913490246896,92.45901565018663,205.7291675397816,373.3870839043042,1028.8461732441158,0
HK.02226,490,0.6800000071525574,0.675000011920929,0.7407400212333817,1.418706842435656,213125.0,144925.0015243888,5.569461916479159,0.5282999962568283,0.5189249983429909,44.68085295261437,-6.849316522537741,78.94737254879817,36.000001430511475,21.428572188834753,3
HK.02227,490,0.36500000953674316,0.375,-2.6666641235351562,0.15680684248039914,262400.0,95776.0025024414,4.175362896711925,0.32370000183582304,0.25575500059872863,15.87301977757817,23.7288222919765,95.18716415612654,150.00001020627494,237.9629630268397,0
HK.02228,490,6.835000038146973,6.929999828338623,-1.3708483772708164,0.5157462650044301,55456080.6,379042313.0164816,4.404863614377458,7.4163999843597415,9.091350004673004,-13.699495299180395,0.07320811854716443,-29.75333648807113,-31.581579632189094,-31.922310118361054,0
HK.02230,489,0.19900000095367432,0.20200000703334808,-1.4851514728801458,0.0,289750.0,57660.25027632713,1.6457008855169997,0.19928000032901763,0.2217023266106844,-1.4851514728801458,-8.715593696453222,-10.360361086007353,-14.224135051796951,-25.863527057467955,0
HK.02231,490,0.017999999225139618,0.017999999225139618,0.0,0.18982536066818528,65815650.0,1184681.6490020603,28.91255553844005,0.013659999966621398,0.047255000197328624,79.99999627470962,-5.263158926673246,-64.00000208616254,-77.215191902898,-90.1098903348201,0
HK.02232,490,6.635000228881836,6.675000190734863,-0.5992503477160751,0.5148396465156297,3504749.95,23254016.720423605,3.6950299816501233,6.425096273422241,6.295184116363526,-3.9621121648163347,18.255084879652163,-0.5393259326481609,7.146278815103227,6.661443952664427,0
HK.02233,490,1.8600000143051147,1.8899999856948853,-1.5873000855468575,0.5023750878277283,13832571.55,25728583.280876525,3.975819317751454,1.7854999995231629,2.3517266100645067,8.454809218916422,10.714290022444697,-7.808266997772316,-38.83432883436333,-34.194181266248684,0
HK.02235,490,6.815000057220459,6.599999904632568,3.2575781165842304,0.46635239029328945,161640.0,1101576.609249115,3.9685810090192266,7.058700008392334,7.343024997711182,-1.94244252877112,-7.1525897064502155,-6.771544315099737,-11.950901049756418,-19.729090212650284,2
HK.02236,490,0.5049999952316284,0.49000000953674316,3.061221510804984,0.35759518338340185,543478.65,274456.7156584919,8.373575427091982,0.4582000011205673,0.470874999910593,17.441857402681904,-0.9803912402207475,17.441857402681904,38.35615946217995,10.989006742333125,1
HK.02237,489,0.1899999976158142,0.19699999690055847,-3.5532991852165954,0.3826086956521739,280000.0,53199.99933242798,4.094553186477268,0.20364000111818314,0.28896500147879123,-2.0618597877583125,-25.490195620110374,-43.283584214021595,-47.945207492744565,-46.478872293518805,0
HK.02238,489,2.140000104904175,2.1500000953674316,-0.46511581486920134,0.3680434225807408,12397641.5,26530954.11056435,3.02005986695752,2.192300009727478,3.020775009393692,-1.8348605792718238,-11.57024638687492,-37.79069565965914,-45.959593831075864,-37.243400262763835,0
HK.02239,489,1.2400000095367432,1.25,-0.7999992370605469,2.4719101123595504,15000.0,18600.000143051147,1.9613573526160117,1.3082999849319459,1.017366068959236,-11.428569239013012,-6.766919584552951,43.30335595258588,50.20954065966787,25.933246943354714,0
HK.02245,490,17.68000030517578,16.690000534057617,5.931694064946076,1.2983593134227314,3381853.25,59791166.49205971,6.04695454079087,15.377800006866455,17.40165518760681,14.064518097908266,31.449818259452876,-32.08754800055476,-24.262016446235,28.66644730445086,1
HK.02246,489,1.1799999475479126,1.2000000476837158,-1.666674945089223,1.0865548315366222,82329.25,97148.51068165898,4.395977989048052,1.207799994945526,1.8081500005722047,-1.666674945089223,-26.708078443265894,-44.33962211103019,-45.116283943873384,-68.53333473205566,0
HK.02249,47,26.0,28.0,-7.142857142857142,1.0665215332513518,1381611.05,35921887.300000004,5.392048778896792,,,-29.15531482425628,,,-19.504642061514417,,0
HK.02250,490,0.3499999940395355,0.3499999940395355,0.0,0.039486673247778874,49600.0,17359.999704360962,3.399868010118419,0.30560000002384186,0.6112250019609928,14.754093715305943,-27.08333294528225,-52.05479658976525,-63.15789490195193,-78.78787884261216,0
HK.02251,490,7.989999771118164,8.494999885559082,-5.94467476449745,2.3051277980631846,34565.0,276174.34208869934,4.263104698018177,9.52620005607605,11.096649997234344,-15.894739251387746,-31.592469500385718,-30.521741120711614,-35.77170385345,-46.80426413044334,0
HK.02252,489,21.18000030517578,21.18000030517578,0.0,0.0,2409015.8,51022955.37917327,3.1784722326908543,22.678799934387207,25.078799962997437,-16.87597847061478,-12.261802648354433,-11.306528268337445,-13.338789515732467,-15.279998779296875,0
HK.02255,490,0.1889999955892563,0.20499999821186066,-7.804879396178775,0.07271276218517238,109021281.45,20605021.71318507,10.327214792818557,0.3011600011587143,0.43121499940752983,-44.4117665878629,-50.90909083871943,-62.20000088214874,-58.913045182457914,-74.10959032177362,0
HK.02256,490,8.704999923706055,8.520000457763672,2.171355117402675,0.9113917754173586,1207306.4,10509602.119889831,6.575669997097219,10.100499973297119,11.799824967384339,-18.262908586776398,-3.3851309370458535,-23.2363332753616,-33.14132398117262,-51.719358889688294,2
HK.02257,490,3.940000057220459,3.994999885559082,-1.3767166436583282,0.42083061316727766,49312.5,194291.25282168388,5.980552549547437,4.099200005531311,6.216250017881394,-6.190470567906269,-5.741621554409346,-33.67003334568775,-50.74999928474426,-71.73601021649297,0
HK.02258,490,0.29499998688697815,0.28999999165534973,1.72413633637985,1.98334595003785,145200.0,42833.99809598923,4.836999605855169,0.3344000029563904,0.257076426371932,-10.606068131899294,-24.50002002185242,32.94560832086842,32.94560832086842,61.78567138174481,1
HK.02259,234,160.6999969482422,160.10000610351562,0.3747600386339944,0.5946837486614076,8261105.0,1327559548.2891083,5.3383889085199785,131.28705215454102,152.93107265472412,20.08464824423136,58.742050752490826,-22.41767771383816,11.222357271223512,,1
HK.02260,489,1.2350000143051147,1.2350000143051147,0.0,0.0,500.0,617.5000071525574,0.0,1.2457000088691712,1.236464650630951,-1.593623984263234,-12.337659645312085,4.4642847239427175,8.066509329404248,-16.982024886005785,0
HK.02261,27,16.489999771118164,16.5,-0.06060744776870265,1.0688823660072366,384441.0,6339432.002008438,6.489162952865291,,,0.06068100218210874,,,-3.5672549517167527,,0
HK.02262,489,0.38499999046325684,0.38499999046325684,0.0,0.0,12150.0,4677.749884128571,0.8011363350424499,0.46460000216960906,0.7026000015437603,-15.384619919203612,-45.00000042574747,-51.87500190921125,-51.87500190921125,-69.68503966571838,0
HK.02263,490,0.3149999976158142,0.3149999976158142,0.0,0.5914972273567468,252500.0,79537.49939799309,3.281607406446148,0.3117000013589859,0.30931999869644644,6.779664955205086,-3.076920255401327,14.545451195772102,8.620691958562439,16.666661147718294,0
HK.02265,490,1.149999976158142,1.1349999904632568,1.3215846538256728,1.124859392575928,678250.0,779987.4838292599,5.322159633681114,1.2249999952316284,1.2766499918699266,-8.730159931562515,-23.333334922790527,-33.908047709475724,5.504581737815471,3.603600120498037,2
HK.02266,490,0.36000001430511475,0.3449999988079071,4.347830593924006,0.5833333333333334,49400.0,17784.00070667267,2.6820525106276314,0.38250000357627867,0.3672404810786247,-8.860758347611412,-1.6270918277475115,-1.6270918277475115,9.946194646770108,43.77578796646865,1
HK.02268,490,75.80000305175781,72.0999984741211,5.131767900057257,0.4369632906862318,12384047.95,938710872.403115,5.40329410244517,63.7760001373291,61.32660013198853,16.705167995868965,65.35777225009134,31.483089411075603,23.55339028041228,13.134332913071361,1
HK.02269,490,49.13999938964844,47.0,4.553190190741356,0.8223127691811349,41229907.25,2026037617.1002617,4.901235628541785,43.91400009155274,36.997900047302245,6.4558049221991,64.12825154679027,38.65688852655483,51.01413032290345,34.33569417684093,1
HK.02270,489,6.599999904632568,6.599999904632568,0.0,0.0,1300.0,8579.999876022339,0.0,6.995399980545044,4.801000018119812,-9.465021410577203,64.99999761581421,63.771701266150494,66.24684778511244,180.85107116906477,0
HK.02271,490,2.994999885559082,2.934999942779541,2.0442911055977437,0.412166003411029,701200.0,2100093.9197540283,4.966868984130253,3.0217000007629395,2.6271311295032502,0.5033512211271503,-5.221525183225805,9.877935369563193,57.625937759290544,-30.94827241229037,1
HK.02272,56,73.8499984741211,84.5,-12.603552101631843,1.6488817748202587,102434.35,7564776.591197587,12.166367576895428,107.79000030517578,,-37.73187232356044,,,-38.56073182271318,,0
HK.02273,490,27.059999465942383,26.540000915527344,1.959301177381692,1.1816136406057922,741078.3,20053578.40222149,3.5834038839346256,28.233199996948244,27.8670130443573,-0.5147106362872786,0.5311047497491901,8.627036378931617,-4.1834609065215504,-16.68023495235811,1
HK.02276,490,41.20000076293945,42.540000915527344,-3.149976783613051,0.7258557764659963,1892889.6,77987052.96416016,4.75163867929553,36.60759983062744,46.93890567779541,0.6350809598240804,7.934856127272859,-28.043429248484763,-23.388195861118145,-10.409349458379001,0
HK.02279,490,1.975000023841858,1.965000033378601,0.5089053584423078,0.14812744550027948,173450.0,342563.75413537025,4.3056963093605045,2.244399995803833,1.9623093020915985,-24.61831640804013,-5.502387322975624,3.6752636248874935,20.751185664694148,-29.214824865075585,1
HK.02280,489,0.20600000023841858,0.20600000023841858,0.0,,0.0,0.0,0.0,0.20600000023841858,0.20512000031769276,0.0,0.0,0.9803941620171147,7.85340346813215,38.2550300668422,0
HK.02281,490,0.6000000238418579,0.5950000286102295,0.8403352926397583,0.4408817635270541,49350.0,29610.001176595688,1.7435348044697818,0.6205735325813293,0.6663991326093673,-3.9999961853027344,-5.362772762933808,-17.49574603947895,-13.036067423952034,-13.036067423952034,1
HK.02282,490,10.069999694824219,10.09000015258789,-0.19822058930833752,1.1503910147936585,3846016.75,38729387.49878883,2.285687962934315,10.233522930145263,11.428695378303528,0.2700193956256573,-1.075885328836425,-13.006354007282342,-17.95830458537677,-33.215899498124365,0
HK.02283,490,1.5449999570846558,1.559999942779541,-0.9615375798129149,0.689854584282154,657199.65,1015373.4310460509,3.0147685860376074,1.7154523825645447,2.094725915789604,-5.727448550484125,-23.750140904930884,-31.31240256307087,-34.54475511047808,-34.54475511047808,0
HK.02285,490,25.18000030517578,24.600000381469727,2.357723230536806,2.16964389927622,1997793.95,50304452.27067833,4.848189748444027,19.736969184875488,19.25003973007202,21.282999287455358,70.83253669502085,17.902264766772884,34.555797058980914,29.64597311580544,2
HK.02286,490,0.30000001192092896,0.3050000071525574,-1.6393426604503258,0.3247773703509691,274650.0,82395.00327408314,16.087634925257785,0.24922000199556352,0.20258000038564206,0.0,85.18519199870195,64.83517473208408,26.050422272602336,17.647065698344395,0
HK.02288,489,0.15000000596046448,0.1509999930858612,-0.6622431597252582,1.0916583655145122,38641.5,5796.225230321288,5.770048117846191,0.12999999955296515,0.14769499983638526,20.000004768371582,4.1666752900242106,7.1428609441737585,-7.407404000649029,2.7397316198766797,0
HK.02289,489,5.494999885559082,5.494999885559082,0.0,0.0,25.0,137.37499713897705,0.0,6.1197000503540036,5.925129475593567,-0.09091117165305397,0.4570401522182823,0.6843637786344545,-20.113636434534513,0.16627087262698503,0
HK.02290,70,3.8299999237060547,3.755000114440918,1.9973317437915294,0.5199396043664861,1842594.25,7057135.836921215,5.0878025996649185,3.7305999898910525,,3.5135101174855863,39.27272449840199,,36.29893244473059,,1
HK.02291,490,10.949999809265137,10.489999771118164,4.385129153324469,0.12541353379667855,1545000.6,16917756.27531452,10.934265090790893,11.977800025939942,13.207258152961732,-2.8394022670876935,18.122969455675236,-23.627436157852898,-29.895093953973763,-45.55119500019158,1
HK.02293,489,0.3799999952316284,0.3799999952316284,0.0,0.0,9600.0,3647.999954223633,0.2001687918422681,0.37670000553131106,0.431938236951828,2.7027000903735274,-10.588238924019787,-20.83333255723117,-24.000000953674316,-30.086578330085505,0
HK.02295,490,5.199999809265137,4.974999904632568,4.522611235088775,0.4452054794520548,147750.0,768299.971818924,6.807207241873779,6.393500003814697,4.03912499666214,-13.33333651224772,173.68420392192294,36.842101960961465,31.64556320232001,14.285705302911053,3
HK.02297,490,0.15800000727176666,0.1589999943971634,-0.6289227425372592,0.3135498320268757,178450.0,28195.10129764676,3.3539609590202994,0.206139999628067,0.24894999884068966,-18.13471282567626,-34.16666216527412,-45.51723730408184,-38.039211675965774,-51.38461136394689,0
HK.02298,490,0.2849999964237213,0.2849999964237213,0.0,0.2196779298147631,527450.0,150323.2481136918,2.8472550013593594,0.30079999804496765,0.3318472231924534,-5.000004967053534,-18.57142820650217,-14.78405142427531,-8.228979085966479,-17.15116664392507,0
HK.02299,490,5.75,5.710000038146973,0.7005247212924408,26.666666666666668,700.0,4025.0,0.05267164563222722,5.606300001144409,4.982466607093811,7.476637429863714,8.490562133408956,26.740172443058945,20.49425468597273,33.3652296195284,4
HK.02302,490,3.5999999046325684,3.6050000190734863,-0.13869942897262558,0.8011080175195994,450715.5,1622575.7570164204,3.931661792638296,4.055300002098083,5.300175000429153,-18.181822122621057,-10.891090628096048,-55.66502518017339,-28.853756020893762,-5.511812107634038,0
HK.02306,490,1.9199999570846558,1.8849999904632568,1.8567621643752554,1.1788617886178863,74700.0,143423.99679422379,1.6969808406976452,1.962200005054474,2.1041500002145765,-3.5175905586243132,-0.5181342349755989,-11.520742415652565,-24.705882627933775,-2.5380746598692765,1
HK.02307,489,0.1550000011920929,0.16500000655651093,-6.060609070941536,1.7245005257623554,103300.0,16011.500123143196,2.5447960724313266,0.14846000134944914,0.21533999972045423,3.3333300219643105,-9.35672647115414,-42.592594432242045,-41.509430355005286,-17.55318803221124,0
HK.02309,490,2.130000114440918,2.009999990463257,5.970155450100474,0.9662690174882701,3991626.0,8502163.836805344,7.484502184314526,1.8764999938011169,2.1650250005722045,18.662961858804263,-7.792200553998094,-20.817841296188725,1.42858148432148,12.698419606484457,4
HK.02310,489,0.1809999942779541,0.18400000035762787,-1.6304380836102534,1.1479289940828403,122300.0,22136.299300193787,2.4255773806705525,0.17962000042200088,0.10379500018432736,0.5555483809226732,13.124998952262079,108.04597642088143,432.3528954159867,311.3636255880032,0
HK.02313,490,35.459999084472656,35.97999954223633,-1.4452486503043223,0.6632267879259856,9030118.25,320207984.8776798,3.3894281685031573,40.175359649658205,49.32081497192383,-12.29531250722371,-15.557226633682758,-35.1457848296706,-39.90524610296088,-35.36797965010671,0
HK.02314,490,3.5299999713897705,3.5799999237060547,-1.3966467425095275,0.8245944857385498,4574471.95,16147885.852623308,3.2509867218688244,3.7763346815109253,3.300554631948471,-13.2678176288916,18.433538355113765,2.6698443742468383,28.514318261594756,32.63045373451573,0
HK.02315,490,59.45000076293945,56.099998474121094,5.971483743201373,0.8540455914201885,1725868.15,102602862.8342329,7.6147726677625736,57.72299987792969,48.609349985122684,-6.671899449132569,54.41558639724533,31.584772822874267,71.12837619633413,132.40813502835337,1
HK.02317,490,0.8199999928474426,0.8199999928474426,0.0,4.158415841584159,24400.0,20007.9998254776,1.038517019005459,0.7119999980926514,0.6730356574058532,18.84057908417722,9.333332379659016,37.12318655101419,35.04554945986951,31.7200323006805,0
HK.02318,490,53.599998474121094,54.0,-0.740743566442419,0.877145879687107,41948083.15,2248417192.8323045,2.042829973688022,54.92401664733887,58.61838298797608,-0.1963978154596405,-3.7952979857215534,-11.658377033382841,-15.29519864871814,2.002005206626227,0
HK.02319,490,18.1200008392334,18.360000610351562,-1.3071882523949898,0.3627895492795432,23786024.05,431002775.74802583,2.964336846948402,18.27340003967285,16.3196782207489,-0.9294700261585187,9.552598768134226,24.458499811218072,25.958997061274637,26.382253243051228,0
HK.02320,490,0.2549999952316284,0.24899999797344208,2.4096374726984093,0.7582158580513185,4667900.0,1190314.4777417183,11.166696257964691,0.18877999864518644,0.10252999944612384,0.0,249.31506709503083,280.5969983279563,203.5714269875466,186.51684358586223,6
HK.02321,489,0.5,0.5,0.0,3.1734317343173433,21750.0,10875.0,0.298514568201525,0.5068148767948151,0.48082363680005075,-3.8461503192516595,3.756792311966194,2.7087405684200863,27.102066258892748,21.049594773714777,0
HK.02322,490,0.061000000685453415,0.061000000685453415,0.0,0.3578205475738683,7187200.0,438419.2049264908,7.647578903216715,0.07130000062286854,0.09569000015035271,-14.084508889749145,-32.22222415385415,-40.77669843218084,-53.07692082852293,-64.94252733292673,0
HK.02325,490,0.48500001430511475,0.4950000047683716,-2.020200074126503,0.19639934533551553,277500.0,134587.50396966934,6.645229069044464,0.6056999933719635,0.7864249989390373,-25.384610446952323,-33.56164361191727,-37.01298359494354,-51.01010003706325,-75.25510179256707,0
HK.02326,490,0.009999999776482582,0.009999999776482582,0.0,9.87012987012987,1725000.0,17249.999614432454,0.5000000931322596,0.009999999776482582,0.010039999783039093,0.0,0.0,0.0,0.0,0.0,0
HK.02327,490,0.22599999606609344,0.2290000021457672,-1.3100463107262983,4.005743000717875,159400.0,36024.399372935295,2.382169101307574,0.24002635657787322,0.25651298426091673,-2.391688267691254,-12.729877659817488,-2.8294993964084867,-18.85410348852489,-15.450412964215419,0
HK.02328,490,17.030000686645508,17.040000915527344,-0.058686786059520914,0.6304894520757869,24463614.8,416615376.8418312,2.8219761077864907,15.800800037384032,15.282218766212463,10.297934905920087,16.990003413935,13.23792192774067,6.798496002543464,-2.791510878684502,0
HK.02329,490,0.0989999994635582,0.10899999737739563,-9.174310233434214,0.21713842574641334,130350.0,12904.649930074811,8.877391306476383,0.09366000026464462,0.10736000034958124,11.235952516529824,-9.174310233434214,-21.42857311804546,-31.249997412992737,-42.774564457559386,0
HK.02330,490,0.23000000417232513,0.23000000417232513,0.0,0.47553629927084434,182100.0,41883.00075978041,4.807917426782568,0.27319999992847444,0.28538500040769577,-7.999998331069946,-29.230765351176824,-13.207540910156226,9.523814930126678,76.92308662205794,0
HK.02331,490,12.930000305175781,13.010000228881836,-0.6149110092131828,0.4672659157224973,39137687.8,506050315.1978744,3.40659782223783,13.94609857559204,17.390298380851746,-7.687602385209413,-22.969899595625844,-32.22275622936214,-27.037213470356246,-26.081373204862523,0
HK.02333,490,7.739999771118164,7.579999923706055,2.110815950165358,2.1691327243535174,18808829.25,145580334.09000063,2.6567236328361847,8.470900001525878,11.22539354801178,-9.314588055147963,-20.87519139023036,-35.11765592790078,-46.36049414570395,-58.107989389668504,2
HK.02335,58,20.81999969482422,21.979999542236328,-5.27752443844722,1.421504851433933,460529.0,9588213.639457703,5.583126784167414,31.533999977111815,,-31.33245414122382,,,-43.57723893257125,,0
HK.02336,489,0.2280000001192093,0.24500000476837158,-6.938777272773717,3.8596491228070176,19500.0,4446.000002324581,1.1848019575711128,0.2456799989938736,0.22863999888300895,0.0,38.18181276321433,-12.307689045307784,-10.588233575413902,-10.588233575413902,0
HK.02337,490,1.3550000190734863,1.4249999523162842,-4.912276181414292,0.8586688578471652,241950.0,327842.25461483,4.259103853717651,1.359899995326996,1.4402249979972839,-9.966775856039535,11.983469120263056,-14.24050745129716,-21.67630033905051,-18.862272221914882,0
HK.02338,490,30.68000030517578,31.34000015258789,-2.105934410334105,0.6254992149842079,19941922.25,611818180.7157917,5.002505036663931,33.02729740142822,30.38952142715454,-14.06162563160219,-9.222334441429023,-2.0722253711143566,63.76330430317124,105.28778426371126,0
HK.02339,490,5.179999828338623,4.949999809265137,4.646465210826574,2.055582450811117,1540843.0,7981566.475496769,8.169354270242756,4.520899972915649,4.71307498395443,13.347913211466839,-17.647061053199106,16.404495513765806,40.37939696511891,935.9999656677246,2
HK.02340,490,0.1420000046491623,0.14000000059604645,1.428574317572056,4.9885644606490045,13334.5,1893.4990619942546,1.2490556858728974,0.1486999997496605,0.1589750000834465,2.8985566713310185,-5.333333995607138,-11.801238499380862,-15.476186569281664,-3.4013573031858173,2
HK.02342,490,0.6949999928474426,0.7099999785423279,-2.112674105382526,0.46079263014548844,13863310.85,9635000.941591874,6.881399535205871,0.7953896069526672,1.6063508117198944,-13.892934690339818,-38.81866602442916,-62.094173644848496,-71.98926853436186,-72.79768915206792,0
HK.02343,490,4.199999809265137,4.269999980926514,-1.6393482897905813,0.3787341330411918,25926192.65,108890004.18497118,3.721836591383027,3.6123198747634886,2.997628161907196,9.388506233615237,44.52322432088284,45.97330529668018,88.6519326887325,100.54888864678013,0
HK.02347,490,0.75,0.7300000190734863,2.7397233430072485,0.5970693394264561,218579.85,163934.8875,4.477667928945768,0.71689155459404,0.6961713615059852,7.913670175336283,-4.226624393039693,7.913670175336283,12.674567104742144,2.989920700562262,1
HK.02348,490,0.9850000143051147,0.9950000047683716,-1.0050241623450802,1.723772518544684,138950.0,136865.7519876957,1.2511677003386532,1.0009999990463256,1.077542896270752,-1.4999985694885254,-5.288456688971031,-11.211810144432151,-14.880743836312002,-17.2324487128966,0
HK.02349,490,0.09000000357627869,0.08799999952316284,2.272731890855767,1.1018159559273617,103420.0,9307.800369858742,5.699495871534381,0.0870200002193451,0.08619500014930964,1.1235977630846006,30.43479105925987,-30.23255169230417,20.0,57.894743033723486,1
HK.02350,490,0.7400000095367432,0.7149999737739563,3.4965086265430414,0.7777680678143843,538250.0,398305.005133152,4.187599482115843,0.6514999997615815,0.7719037936627865,8.82352966957026,3.600102605920001,-25.999999046325684,-12.941177790552649,19.35483932991305,1
HK.02352,490,3.9000000953674316,3.799999952316284,2.631582744894313,2.1176470588235294,1880.0,7332.0001792907715,1.7068706634955362,3.581800012588501,4.678599976301193,14.705881940452297,-2.7431453176020684,-21.212116249628405,-35.10815396269912,-49.80694845635783,1
HK.02355,490,2.8550000190734863,2.950000047683716,-3.2203399008356532,4.2105263157894735,55000.0,157025.00104904175,1.4323040192928387,3.200699987411499,3.744728389978409,-11.059190493917132,-26.72146368863523,-28.33001020698746,-26.538261121675795,-29.19350375356553,0
HK.02356,490,14.710000038146973,14.220000267028809,3.4458492399209133,0.8945339876838346,1616427.65,23777650.79316182,3.1037398583930647,13.692522487640382,11.906521887779236,4.86974833794479,22.419030460800965,28.59907981252754,44.62943692370414,56.32105149704167,2
HK.02357,490,2.869999885559082,2.9200000762939453,-1.7123352543991492,0.9375069856816146,12105761.8,34743534.980605505,2.2093738389001576,2.9554000234603883,3.4747771155834197,-4.966890606450028,-6.5146596753329105,-27.272997498222708,-30.703513798389636,-29.70883269844836,0
HK.02358,490,0.014000000432133675,0.014999999664723873,-6.666661699612825,0.093930043961445,18332000.0,256648.00792187452,13.535606198485436,0.012760000098496675,0.01201500007417053,16.666669253673795,7.692308794464562,27.272731890855766,27.272731890855766,40.00000745058077,0
HK.02359,490,197.89999389648438,188.8000030517578,4.819910327136956,0.776739784090316,4981001.0,985740067.4983826,3.4849046089654054,179.76843170166015,133.13215141296388,-2.4214641910748296,60.83851580237617,85.33673876364473,99.09935668224794,71.57613666640297,1
HK.02360,490,1.7999999523162842,1.7799999713897705,1.1235944521335182,3.676216359238649,463015.35,833427.6079217076,1.8603986129527086,1.6561999940872192,1.760014967918396,11.801238280930978,7.989834883730744,-3.521771425194121,-6.373342915402381,-10.026484085415973,1
HK.02361,490,4.034999847412109,3.950000047683716,2.1518936380326763,0.021574973031283712,46300.0,186820.49293518066,1.2836517733770236,4.921500039100647,4.938774536848069,-20.882354453635767,-13.628548809928686,-15.761184877245588,-25.563515847690184,34.229720100683295,1
HK.02362,489,0.6359999775886536,0.6359999775886536,0.0,,0.0,0.0,0.0,0.6359999775886536,0.6359999775886536,0.0,0.0,0.0,0.0,0.0,0
HK.02363,489,0.25,0.25,0.0,0.0,75856.25,18964.0625,0.8182067425214278,0.2915199986100197,0.32460499919950964,-12.280700653653822,-35.897433546167775,-20.634920034218744,-33.33333333333333,-30.555558315029742,0
HK.02367,490,25.360000610351562,25.479999542236328,-0.47095343030070386,0.4107743048417258,4021272.1,101979462.9103897,3.602789422298526,27.964000205993653,29.646665315628052,-14.842175870989966,-5.584512159027709,-10.655354737567478,-22.29992262685339,-51.52421546264454,0
HK.02368,490,2.815000057220459,2.930000066757202,-3.9249149118286613,1.8867924528301887,23200.0,65308.00132751465,2.363214149536294,2.8161150074005126,3.1126505756378173,-1.724377160736083,0.8986388343887683,-15.867893900180285,-20.803020910289625,-22.534104578407035,0
HK.02369,490,0.5,0.4699999988079071,6.3829789932306245,0.4833702672947803,1626127.0,813063.5,7.139651032609281,0.6639999985694885,0.7815500003099441,-31.50685110466183,-41.17647223819081,-20.634920034218744,-46.80851050338469,-56.14035032682692,1
HK.02370,490,1.25,1.2599999904632568,-0.7936500427734288,0.5991951110448651,165900.0,207375.0,4.365480050663721,1.1736999940872193,0.8906249971687794,7.758623790372514,21.359226671956627,42.045455315142625,98.41269991445314,296.82539982890626,0
HK.02371,490,0.1979999989271164,0.20000000298023224,-1.0000020116567312,0.2631578947368421,65450.0,12959.099929779768,3.236630696268246,0.20612000197172164,0.24693000078201294,-5.714283281442994,-17.154809602433264,-29.285714969951275,-38.12499895226208,-47.894736470608166,0
HK.02372,490,0.9750000238418579,1.0299999713897705,-5.33980088113028,2.7012987012987013,87400.0,85215.00208377838,4.326717157866379,1.0410999977588653,0.5972149986773729,-4.878044241882981,54.76190971769537,109.6774228695073,248.21429274672147,304.5643308488172,0
HK.02373,490,18.389999389648438,17.979999542236328,2.2803106665769923,0.49295158423552715,246684.5,4536527.80443573,3.7322198065452064,18.137973442077637,20.77183554172516,-0.2873382533011219,4.284637779663856,-18.563738100016284,-27.52296653774886,-45.81694352600081,1
HK.02376,490,2.299999952316284,2.305000066757202,-0.21692469831258607,0.6896551724137931,9750.0,22424.99953508377,2.8396294720472652,2.1821999835968016,2.440488652586937,5.504581737815471,-7.183113172746667,-19.098803057320694,-14.780224847579829,-23.73645027128905,0
HK.02377,490,0.7900000214576721,0.7850000262260437,0.6369420464437858,0.2413793103448276,88050.0,69559.50188934803,1.714091299770701,0.8270000064373016,0.8760631301999092,-8.13953391663639,-5.9523754615900915,-4.440619698280688,-15.794212863370117,-17.429274603087087,1
HK.02378,490,103.4000015258789,103.69999694824219,-0.2892916404935019,0.3078923233007812,92092.3,9522343.960521698,1.7385717734578643,109.66183898925782,113.36458728790284,-6.092441210791518,3.176593406869479,-7.7781729744155506,-12.765209700918284,6.022279875109286,0
HK.02380,490,2.7200000286102295,2.7100000381469727,0.3690033329333297,0.7711866847587028,41633257.9,113242462.67913707,2.4490110948927106,2.790600004196167,3.04903328537941,-2.333933760044078,-14.733542952339453,-13.712284554073515,-12.396927179265717,-11.040839859418334,1
HK.02381,490,0.44999998807907104,0.36000001430511475,24.999991721577445,3.3858688393214904,8708000.0,3918599.8961925507,10.896106484502813,0.24012209177017213,0.16644907224923372,119.3136545262808,143.37671198487533,260.3239707409517,224.50229136382353,433.5566808128708,2
HK.02382,490,66.94999694824219,69.0999984741211,-3.1114349831485333,0.7463250965107171,13702123.7,917357139.899437,4.797165808137461,60.92599990844727,62.869962520599366,11.956518064218452,-5.6377733221299335,26.41279964043688,-0.0045922403899963,-13.773000528646135,0
HK.02383,490,0.36500000953674316,0.36000001430511475,1.3888875091517963,2.4068150869303606,66654.0,24328.71063566208,1.9016422346856285,0.3693000054359436,0.39355000361800196,0.0,-5.194800369332063,-7.594936804365715,-12.048188704574885,-19.780219996152553,1
HK.02385,490,5.230000019073486,5.28000020980835,-0.9469732717430737,1.2375068144648373,223420.0,1168486.6042613983,4.8327412904433,5.916100015640259,5.713525006771087,-11.054423175453202,-3.1481495054006667,-9.201392165764483,-15.645158387619706,-20.152673789667208,0
HK.02386,490,5.40500020980835,5.519999980926514,-2.0833291941218763,0.5458291097211672,11996071.4,64838768.43387594,3.9370262953758934,5.181145067214966,6.018459544181824,6.999746922264167,3.0220578732194436,-24.379943068341404,-24.28070184814132,-16.741554489181755,0
HK.02388,490,53.650001525878906,52.29999923706055,2.5812663642674165,1.3337809299300085,12022098.9,644985624.3292671,2.082424118037081,49.49265625,42.99846998214721,7.543097449587736,18.287485663009637,33.10225345938401,39.386906872096795,53.27616294150188,4
HK.02389,490,0.07999999821186066,0.08100000023841858,-1.234570399524046,0.34444444444444444,449400.0,35951.99919641018,1.360584001743319,0.07937999978661538,0.07074500028043985,-4.761905606641802,15.942029298491105,15.942029298491105,23.076924840374172,-5.882356034843122,0
HK.02390,490,7.320000171661377,7.309999942779541,0.13680203775806693,1.7352281226626776,27305.0,199872.6046872139,2.8802145391186835,8.046699991226197,8.513324999809265,-12.177562829516786,-9.741054481616839,-9.62963176634839,-16.91260132789129,-40.680712470443055,1
HK.02391,490,13.300000190734863,13.300000190734863,0.0,0.26143790849673204,12240.0,162792.00233459473,2.726106009286597,14.137199993133544,16.60243968486786,-4.178673767463559,-21.764704760383157,-29.03749496634511,-20.825220593845717,-36.29967014463648,0
HK.02392,490,1.0,1.0,0.0,0.055205047318611984,379825.0,379825.0,6.606912453693098,1.0218999803066253,1.2138249930739402,-3.381639396149068,-14.529911394890362,-27.536231633670887,-10.714286094417377,-34.640521653627665,0
HK.02393,490,0.06199999898672104,0.05900000035762787,5.084743408319849,0.5169340463458111,143875.0,8920.24985421449,2.2128854598834735,0.057780000269413,0.08714499998837709,-1.5873047785303125,-18.421051341658444,-43.11926561607554,-38.00000193715093,-55.39568372317202,1
HK.02396,178,4.369999885559082,4.179999828338623,4.545456101034725,0.14861165428236214,47530.0,207706.09456062317,10.117008729763318,4.240700011253357,,-0.34208306818216416,-11.178865491993207,-49.186050096287836,-72.72159949632663,,1
HK.02399,490,0.3149999976158142,0.32499998807907104,-3.076920255401327,0.5369499031275948,5580050.0,1757715.736696124,4.73768149072769,0.31109999656677245,0.4660500006377697,0.0,-3.076920255401327,-39.42307515962583,-54.347826274746836,-14.864866606417648,0
HK.02400,490,38.0,39.18000030517578,-3.0117414394708417,0.8541581147222131,3830165.5,145546289.0,5.102272645974025,43.407600250244144,60.12735019683838,-12.037038590518835,-24.901183506092885,-46.478873239436616,-41.896025820483615,-52.76569118523715,0
HK.02402,490,11.300000190734863,11.4399995803833,-1.2237709334229432,0.3611425707116839,308935.3,3490968.948924732,4.455423015339586,12.536199989318847,19.300399909019472,-14.71697969256707,-16.234244755674858,-56.73813235962166,-45.19883738688068,-53.83986763872885,0
HK.02405,490,0.32499998807907104,0.33500000834465027,-2.985080601935728,0.09259259259259259,39600.0,12869.999527931213,1.5359661605079549,0.4396999979019165,0.7156249988079071,-5.797104579113893,-43.96551768433893,-65.0537649914493,-69.90740970696922,-77.11267620413768,0
HK.02407,490,4.650000095367432,4.579999923706055,1.5283880530009717,0.8345664397750814,17535.0,81537.75167226791,3.3671487598567835,4.833800010681152,6.00835000038147,0.6493552067419409,-5.6795079659373835,-21.979864671055168,-42.23602502867835,-43.43065761178843,1
HK.02408,189,3.950000047683716,3.990000009536743,-1.0025053072035335,0.6691772100457858,188605.0,744989.7589933872,3.1744739230235033,3.5836000061035156,,21.351763711448342,9.88635559428136,-16.724951238798898,-9.137251744668864,,0
HK.02409,490,4.355000019073486,4.300000190734863,1.2790657185813674,0.9249045396690708,113950.0,496252.25217342377,2.062726352102415,4.122000007629395,4.205199992656707,2.4705886840820312,7.26601183378302,6.479214097777495,4.186607605781138,1.7523319062756555,1
HK.02410,490,3.069999933242798,2.984999895095825,2.8475725673097205,1.0944906301455881,7303394.6,22421420.93444581,14.20354042634934,6.47050000667572,9.768574992418289,-54.51851950751411,-55.82733787776309,-71.49489505332608,-76.25676828473159,-78.66574107020547,2
HK.02411,490,1.4149999618530273,1.3949999809265137,1.4336904085998865,1.0615749228636586,1752025.0,2479115.30816555,5.234856157678508,1.4455000066757202,1.6168138933181764,-5.033560215011954,-15.773809164796276,-4.698560989924601,-20.22519974985273,-7.190103096652672,1
HK.02415,490,0.7599999904632568,0.7599999904632568,0.0,0.5862953462806889,35112.5,26685.499665141106,3.4844495667234563,0.7403999996185303,1.0799000042676925,1.3333320617675781,-30.275232367880296,-33.33333333333333,-41.08527031492692,-55.237889953604366,0
HK.02416,490,3.140000104904175,3.134999990463257,0.15949328408703137,0.09719286885866749,723839.5,2272856.1059337854,8.701808153474204,3.406600022315979,3.028650004863739,-16.042778157823793,6.802722577930842,26.10442140071968,37.71930457482385,54.679810303370616,1
HK.02418,490,2.8350000381469727,3.0,-5.499998728434244,0.7040417209908736,57825.0,163933.8772058487,2.4558453142888093,2.8240000104904173,3.7702409160137176,4.999999558484121,6.179773675589296,37.51773637738084,-69.84133570432606,32.44794494837518,0
HK.02419,490,58.599998474121094,59.900001525878906,-2.1702888458127423,0.6012941557223034,1102584.9,64611473.457588956,5.86122423235038,53.319400253295896,62.676300048828125,14.67710415646739,18.960618089394174,-13.886854010056673,-15.440121365716609,-32.44956948228116,0
HK.02420,490,5.650000095367432,5.400000095367432,4.629629547867429,1.713595166163142,222175.0,1255288.7711882591,6.119594461275275,4.070699973106384,3.7254379558563233,48.68421490172606,47.51958767404557,46.422715084034294,57.24023942528377,53.19806487210178,4
HK.02421,490,0.5600000023841858,0.5649999976158142,-0.8849549119871483,1.2614033111836918,133385.0,74695.60031801462,2.287590073492743,0.5883999979496002,0.6043999975919724,-5.882357066065183,-5.084741139541855,-5.084741139541855,-13.84615031925166,-24.324324977406615,0
HK.02422,490,1.9850000143051147,2.1600000858306885,-8.101854841282218,0.1046284802269906,2250400.0,4467044.03219223,13.842253336750304,2.3162000036239623,1.5072750015556813,-33.94342966025393,5.585107411691755,33.22147661745804,142.07317458774847,384.14634917549694,0
HK.02423,490,44.47999954223633,44.560001373291016,-0.17953731730053332,0.4699241527890353,11073926.45,492568243.4267587,3.8594746699556364,44.29119979858398,43.80620216369629,0.5879654327360713,5.904760814848401,4.563776589290866,6.258326374848007,-7.651218000629642,0
HK.02425,489,1.7599999904632568,1.7549999952316284,0.2849000139722797,0.0,28778.8,50650.687725543976,1.0192652360736958,1.8305999851226806,2.0495500028133393,-7.368420392192293,1.1494241848790827,-23.47825969775365,-17.757013823040616,-21.076234286558602,3
HK.02427,490,2.8299999237060547,2.6500000953674316,6.792446107956289,1.9838056680161944,131500.0,372144.9899673462,6.275370352132289,2.429500017166138,2.7905750116705894,34.12322580127573,-33.41176650103401,-13.455659320700988,433.96227857997883,515.2173635583298,2
HK.02429,490,2.0299999713897705,2.015000104904175,0.7444102086688992,3.118562874251497,117975.0,239489.24662470818,3.83670171355188,2.0807999992370605,2.295950002670288,6.842105098048074,-6.018523577554525,-17.142859923248682,-16.803281812121863,-34.090908387194254,3
HK.02431,421,2.2699999809265137,2.450000047683716,-7.346941357302347,0.27995351942643815,7964631.45,18079713.23958671,9.436694200531708,4.80739999294281,10.024050010442734,-46.65100070802752,-77.04752373988433,-81.86901039992468,-83.76251748744056,-90.09598615457962,0
HK.02432,423,20.540000915527344,21.040000915527344,-2.376425752106333,0.3847309829288097,2768034.3,56855427.056211084,5.023482234128926,24.571999893188476,32.215400037765505,-26.11510259271807,-22.37338765600829,-46.00420499163755,-46.145775447751845,-60.61361397020367,0
HK.02433,490,0.06599999964237213,0.06800000369548798,-2.941182271212952,0.2725896012115093,357200.0,23575.199872255325,2.179239635089773,0.06866000019013882,0.07504000009968877,-5.7142866266017025,-13.157892414985195,1.5384647126735067,-9.589040257018498,-25.842698322313453,0
HK.02436,490,18.700000762939453,18.65999984741211,0.21436718035606706,1.1438178858317098,569640.0,10652268.43460083,5.452856655566234,20.004799995422363,15.065549948215484,-6.030145118562806,-10.952377319335938,64.03509990073421,306.52176414410474,410.9289706121749,4
HK.02438,490,0.30000001192092896,0.3050000071525574,-1.6393426604503258,0.025282851905694962,773300.0,231990.00921845436,3.272601516500817,0.33140000224113464,0.46760000005364416,-11.764703304297399,-3.225803350434739,-50.0,-49.152538092168385,-50.819671330225155,0
HK.02439,490,0.22200000286102295,0.23000000417232513,-3.478261376599048,0.4298244752428567,29930500.0,6644571.085631847,8.647053873666847,0.30962000131607054,0.301524999961257,-17.777779985357125,-52.25806426803478,-3.478261376599048,-7.112966641723327,-24.74575839690573,0
HK.02440,490,0.8100000023841858,0.8349999785423279,-2.994009197675062,1.0364145658263306,75100.0,60831.00017905235,4.716608566006671,0.9071999990940094,1.4842500025033951,-9.999997350904605,-35.19999980926514,-57.59162217070634,-56.21621665160441,-78.22580655498551,0
HK.02442,490,140.0,142.1999969482422,-1.5471146240902804,0.6876773158998396,646660.0,90532400.0,17.862801461641258,85.62299995422363,42.23499995470047,93.90582537054873,132.9450974283862,1257.9048913870447,620.5352434436487,5028.205092376283,0
HK.02443,490,1.215000033378601,1.1200000047683716,8.482145375515113,2.1698369565217392,317370.0,385604.5605933666,7.119002348497889,1.487300009727478,2.048724998831749,-18.45637412067148,-27.245505113686047,-47.40259465475853,-56.607140926073974,-70.22058686033112,2
HK.02450,490,8.600000381469727,8.829999923706055,-2.604751350210597,0.283520849763899,708967.5,6097120.770449638,18.599958739925086,7.522199993133545,4.7306499934196475,-5.4945052641772065,80.67226823411181,138.88890581366502,164.61539635291467,237.25492322687867,0
HK.02451,490,13.479999542236328,12.90999984741211,4.415179717747857,0.7654980995256403,1475138.05,19884860.23873539,4.879618358382667,13.204599914550782,12.739049978256226,3.7721307140252973,38.82594736641022,-17.046156663161057,10.491801253956673,41.7455227950218,3
HK.02453,490,0.75,0.7300000190734863,2.7397233430072485,0.040530823037196836,151390.0,113542.5,6.455844735919588,0.7679000055789947,1.275575000345707,-13.793103920766105,-11.764708357286219,-46.04316491233186,-59.0163944037298,-85.0,2
HK.02455,490,0.6949999928474426,0.6899999976158142,0.7246369925949435,2.731006160164271,110700.0,76936.4992082119,1.439059130674766,0.679200006723404,0.6776178449392318,2.2058802260453536,-1.518219589471923,5.41712495947465,-8.724199197300967,13.403258517743128,1
HK.02457,490,0.39500001072883606,0.39500001072883606,0.0,0.6378132118451025,110500.0,43647.501185536385,1.6683739410986826,0.36910000383853914,0.32597500041127203,6.7567582806154425,5.333336194356283,25.39682975191411,36.206904170629606,21.53846929764635,0
HK.02458,490,6.900000095367432,6.630000114440918,4.07239783206673,0.09515910216101177,156269.0,1078256.1149029732,2.044072906848146,6.314099969863892,5.89022500038147,6.15384762103741,50.98467912877577,11.470113595859791,8.150469774279644,15.000001589457193,3
HK.02459,490,0.6549999713897705,0.6800000071525574,-3.6764758087977683,0.10121681986123925,936204.7,613214.0517149686,8.462835235170111,0.6080999994277954,0.8465249958634377,24.76190497815745,-0.7575840359983141,-41.517859946328144,-35.78431532961369,-52.87769941505973,0
HK.02460,466,7.170000076293945,7.190000057220459,-0.2781638493372328,0.9325556735935889,1040857.0,7462944.769411087,2.2803081621341184,7.443082580566406,8.534549987316131,-4.725830893859127,-5.825462532524693,-24.679127225251214,-25.348313932884984,-30.276292025160036,0
HK.02465,461,8.895000457763672,8.819999694824219,0.8503488155840337,0.6537985473738294,4042900.0,35961597.35069275,4.489599812812367,9.92229995727539,12.727674961090088,-14.79884276549851,-29.123503405757106,-12.278104964551813,-37.09335048238451,-2.145211128172567,1
HK.02469,490,0.2849999964237213,0.2800000011920929,1.785712575121809,0.06724895075432256,2840950.0,809670.7398399711,6.577303298726194,0.36359999895095824,1.2150499963760375,-19.7183084402782,-50.0,-79.92957711006954,-86.92660606897755,-90.2730378863388,1
HK.02473,490,0.46000000834465027,0.4749999940395355,-3.1578917648653198,0.8104914859773872,46127699.05,21218741.947919514,5.1581969791502225,0.4887000018358231,2.9204249833524227,-2.127657550770317,-29.230765351176824,-66.17647033042974,-94.11011508687747,-93.42857130936214,0
HK.02475,48,57.0,59.0,-3.389830508474576,1.1723423950084135,3355374.55,191256349.35,4.784780290972281,,,-10.094639387771188,,,-8.507221993524077,,0
HK.02476,101,191.5,200.0,-4.25,0.5285280981784222,3260047.35,624299067.525,6.323778418617588,223.17600128173828,,-25.370227807887684,-49.44561611109044,,-39.20634920634921,,0
HK.02477,490,0.2150000035762787,0.22300000488758087,-3.5874444555887606,0.40255770116164324,305213763.55,65620960.25477948,6.227302543272538,0.22445999950170517,2.2909149969369174,-24.561401307307644,-54.73684078438459,-92.32142831293903,-93.02514177107454,-87.71428550992694,0
HK.02479,489,65.0,65.0,0.0,,0.0,0.0,0.0,65.0,65.0,0.0,0.0,0.0,0.0,0.0,0
HK.02480,490,13.800000190734863,13.5,2.2222236350730613,0.5882352941176471,340.0,4692.0000648498535,0.04198460056262415,13.380800075531006,19.378900055885314,6.15384762103741,11.290327542530415,-43.442621284901065,-42.25941250628567,-44.79999923706055,1
HK.02481,489,2.5,2.5,0.0,3.207547169811321,6050.0,15125.0,0.15934220752173978,2.57699999332428,2.5084260284900664,-3.8461503192516595,0.8064508376086847,-1.287518497246465,4.85800894623489,-5.11088145918661,0
HK.02482,489,0.30000001192092896,0.30000001192092896,0.0,0.823045267489712,61500.0,18450.00073313713,3.169217191058995,0.4166000038385391,0.5608000020682812,-1.6393426604503258,-41.176467150827804,-50.0,-59.45945837098897,-61.038958525693786,0
HK.02483,490,1.7999999523162842,1.7999999523162842,0.0,4.615384615384615,3200.0,5759.999847412109,0.0,1.7804999732971192,1.7003199422359467,6.508869311918361,0.558658697003811,17.480127103752512,9.922929796132724,9.283843318773487,0
HK.02486,490,3.365000009536743,3.299999952316284,1.9696987321116526,1.0095953274926992,24160.0,81298.40023040771,4.854872387846298,3.8765999984741213,5.524000006914139,-23.60953804169862,-9.543011192021746,-37.68518610909805,-55.897772489308664,-44.836064554997186,1
HK.02487,490,1.399999976158142,1.600000023841858,-12.500002793967683,0.45697202647875296,140560.0,196783.99664878845,6.609719685847519,2.224400005340576,4.0440499973297115,-37.219732547813614,-58.45697259049365,-67.96338643429894,-69.49891220877613,-86.27450978100552,0
HK.02488,490,6.949999809265137,6.829999923706055,1.7569529560692645,0.8057017960835409,440120.0,3058833.916053772,2.725582291940576,6.801838960647583,7.388919105529785,1.3448603167713953,-0.8612872777547232,-10.374699790233644,-11.911127410428028,-29.221525481590334,1
HK.02489,490,0.8299999833106995,0.8299999833106995,0.0,0.1595668898703519,1752250.0,1454367.4707561731,4.903016322684314,0.7773049747943879,0.9647974672913552,-0.9784968624783931,11.881444189392983,-20.23268307012101,-20.964492652611057,-47.38222479001202,0
HK.02490,490,4.119999885559082,4.03000020980835,2.23324245819363,0.23696373226034473,2748075.0,11322068.685507774,7.384319743049897,4.550099997520447,4.861637895107269,-10.822511090592664,3.5175845682077815,-33.225286310955944,-1.8001501365833756,-48.964236253816196,1
HK.02493,87,20.6200008392334,20.299999237060547,1.5763626315248473,0.6957413306968399,277360.0,5719163.432769775,5.444643938093037,22.048400039672853,,-11.804954750232362,-19.32706858343766,,-20.75326488673853,,1
HK.02495,490,27.200000762939453,27.540000915527344,-1.2345684142522846,0.5206306331847903,54234.65,1475182.5213777542,5.780378714501007,34.5064001083374,49.3825500202179,-19.33570647014264,-46.19188689720519,-53.85920201711094,-63.34231552339191,-55.84415351184383,0
HK.02496,489,3.299999952316284,3.299999952316284,0.0,,0.0,0.0,0.0,3.577399983406067,5.347600002288818,-8.333332229543586,-21.428568995728675,-42.10526205716258,-58.015268495411966,-40.000000866976656,0
HK.02497,490,0.5199999809265137,0.5400000214576721,-3.7037110623015317,2.181110029211295,785500.0,408459.9850177765,6.904091512395535,0.6065999990701676,0.5668499979376793,-15.44715888407701,-18.750001164153243,8.333331781129008,18.181814487315386,-30.666669209798176,0
HK.02498,490,16.459999084472656,16.84000015258789,-2.256538388788777,0.5520073519057093,5106946.05,84060327.30745125,4.541959212994596,21.147199897766114,30.294299917221068,-26.779362012232482,-41.38176948292444,-52.01166340934517,-55.87131522480482,-56.22340491369552,0
HK.02499,490,5.75,5.699999809265137,0.8771963580347817,1.6593886462882097,4610.0,26507.5,1.5994364022570293,5.8010999584198,5.874525015354156,-2.0442911055977437,-2.2108862569857046,-0.8620722256998448,-4.958680682263314,-0.5190347529303004,2
HK.02500,490,1.149999976158142,1.225000023841858,-6.122452752980354,0.4903695121382249,1047391.0,1204499.6250282526,8.287453381924442,1.1568000042438507,1.9071500000357628,6.481475042708381,0.0,-52.674899400607856,-53.25203421442243,-73.56321835930525,0
HK.02501,490,1.7799999713897705,1.8450000286102295,-3.5230382771007944,2.1220423412204235,1232900.0,2194561.964726448,7.655043003046511,1.3926999974250793,1.1123249942064286,22.33676418477849,67.92453466763774,67.92453466763774,93.47825424995688,109.41175546613144,0
HK.02502,489,0.6000000238418579,0.6000000238418579,0.0,0.15894039735099338,75400.0,45240.00179767609,5.382720346907554,0.6124999988079071,0.527624998986721,3.448282949422888,3.448282949422888,46.34147050620408,39.53488694454536,21.212124861012807,0
HK.02503,490,0.24899999797344208,0.24799999594688416,0.40322663020208255,0.48455498345362746,2880394.0,717218.1001627147,4.551627914709481,0.25519999563694,0.34599522784352305,-2.352940145248341,33.87096347781557,-28.85714222460376,-50.200000405311584,-86.68449212093535,1
HK.02505,489,0.6100000143051147,0.6200000047683716,-1.6129016752173695,1.8688877607377365,39200.2,23912.122560763357,1.908023107380285,0.660900000333786,0.9614000013470649,-8.955224013376348,-12.857139329520963,-38.38383753243034,-57.34265477763757,-79.05046621562092,0
HK.02506,420,66.80000305175781,67.6500015258789,-1.2564648262364553,0.09952995607800659,227387.65,15189495.713932037,5.679356769854584,69.22400039672851,77.58200000762939,4.784318512561274,-18.287458040663225,-12.10525914242393,-12.793727960287308,-37.453182450392866,0
HK.02507,490,44.81999969482422,44.7599983215332,0.13405133052060478,0.11009040700753843,866004.85,38814337.112716295,4.953399792780304,43.105200119018555,45.65015112876892,-5.642105905633224,29.95824937157263,-18.893250891710117,-24.037587296562858,-14.61262069322875,1
HK.02508,301,3.0899999141693115,3.0399999618530273,1.6447352942006876,0.5532742597795548,354025.0,1093937.2196137905,5.318518300023828,3.280999994277954,4.0863000106811525,-3.4375041211023314,-13.445378936953645,-38.93280732979764,-20.360829303363055,-54.28994364575007,3
HK.02509,490,16.530000686645508,16.239999771118164,1.785719948365347,20.148689516129032,144500.0,2388585.099220276,3.7772940661793353,16.498200073242188,18.101550011634828,-7.910863598545102,5.219609462173215,-1.2544748347904497,-15.577115673876113,-33.50764167011923,1
HK.02510,459,13.789999961853027,13.630000114440918,1.1738800151776252,0.4449323898528858,4928600.6,67965402.0859888,5.305067762357648,10.084119358062743,8.244319591522217,37.27757570441105,74.94521265330461,66.42875722809472,90.03139227437535,82.93570691499096,1
HK.02511,490,3.3299999237060547,3.3499999046325684,-0.5970143730110731,0.1541091767198825,462576.25,1540378.8772082329,6.716786049600951,3.036099991798401,3.0327249974012376,-0.7451593211714986,21.09090631658381,54.883710511508745,9.90098861877821,-2.346045751055911,0
HK.02512,490,2.759999990463257,2.7100000381469727,1.8450166646666484,0.05405405405405406,7700.0,21251.999926567078,1.59514917824149,2.752099988460541,3.1756750041246415,0.3636360168457031,-7.382551248393275,-19.533529540930246,-20.231215027922538,-29.048845346207365,1
HK.02513,168,721.0,793.0,-9.079445145018916,1.850013386052343,6072764.85,4378463456.849999,9.632576882886438,1175.71,,-40.0665004156276,-32.045240339302545,38.65384615384615,448.28897338403044,,0
HK.02515,490,5.204999923706055,4.579999923706055,13.64628843692777,1.6928836734391879,361085.0,1879447.3974514008,6.928109749289149,2.2412000060081483,1.3326499998569488,123.87095986907795,319.7580551350651,373.18180099006565,471.9779971097643,940.9999847412109,5
HK.02516,490,0.7049999833106995,0.7200000286102295,-2.083339542150251,0.04280516515659556,2696600.0,1901102.9549956322,6.513150094368949,0.8097000026702881,1.0261250019073487,-11.320758677892533,-41.25000372529015,-45.76923006385033,-28.061227592911475,17.499992549419698,0
HK.02517,490,1.5299999713897705,1.576799988746643,-2.9680376516283884,0.6638956833888106,9353501.15,14310856.491894186,3.3550130056824923,1.7900581026077271,2.908513641357422,-19.875124615991712,-24.453682051359326,-57.7222508841402,-54.48854438105999,-49.320052517793854,0
HK.02518,490,41.02000045776367,42.31999969482422,-3.0718318677576413,0.3065702852717181,5957.6,244380.75472717287,1.8725607564297753,42.253599853515624,39.698455791473386,-6.772726232355292,23.40628125138433,16.83022094549374,-4.189446941076291,-21.202658305894236,0
HK.02519,454,4.0,3.990000009536743,0.25062632680088337,26.951219512195124,5760.0,23040.0,0.8213192987077012,4.026300029754639,4.80392501115799,6.666666666666667,-14.529911394890362,-21.568625984353197,-34.210525490240364,-47.916665502513425,1
HK.02520,489,2.434999942779541,2.369999885559082,2.742618580554298,1.3093980992608236,94700.0,230594.49458122253,1.434447456032512,2.2456999969482423,2.0948749589920044,7.743360754634894,27.555869927640785,25.603474399009844,4.758646863332376,18.928901264882953,4
HK.02521,490,0.9350000023841858,0.9300000071525574,0.5376338917391232,0.6647230320699709,629250.0,588348.7515002489,3.423531230035755,1.0011999940872192,0.9460999964177609,-6.499999761581421,-0.5319143876925793,-10.952376681390339,50.806450837608686,216.94916743925404,1
HK.02522,490,4.954999923706055,4.954999923706055,0.0,1.0995686774801046,507405.0,2514191.7362880707,5.9579267304805965,4.9075,7.035025000572205,5.2016960419276534,-15.58773389594162,-9.90909229625355,-40.229192442619926,-74.11180730556404,0
HK.02525,244,16.920000076293945,16.850000381469727,0.4154284465251335,0.5759957107216765,6557385.4,110950961.46828881,1.8308712548539532,16.762350101470947,20.59277501106262,-5.999999576144748,-1.9130430359771287,-29.756096131797932,-25.049836082083832,,2
HK.02526,114,507.0,474.6000061035156,6.826800143238425,1.854026768991823,95141.3,48236639.1,19.178365323051402,409.99,,34.62559526901374,59.23367139411181,,141.88930593332464,,3
HK.02528,490,0.8500000238418579,0.8799999952316284,-3.409087676400963,4.40771349862259,36200.0,30770.000863075256,2.149040715058998,0.8983999991416931,0.5489750012755394,-5.555550404536735,21.42857690246747,150.00000438269444,203.57143579393014,240.00000953674316,0
HK.02529,489,2.7249999046325684,2.7249999046325684,0.0,0.0,3000.0,8174.999713897705,0.08147514404088788,2.7554999876022337,2.767906292676926,-2.6785731771771086,-2.6785731771771086,3.6421590581716594,-0.834081594459504,5.101914891699622,0
HK.02530,412,0.7250000238418579,0.7200000286102295,0.6944437545758981,0.9428284854563691,405200.0,293770.0096607208,1.063935628196925,0.741700006723404,0.6387379620969296,-2.0270250677801456,-4.013736626434736,26.897103286476572,18.84013962454726,22.7365276192156,1
HK.02531,489,4.75,4.75,0.0,0.0,9700.0,46075.0,0.613675113103635,4.570600008964538,6.075449991226196,6.26398709062008,11.241218295493644,-28.571429595783354,-34.02777603011068,-61.16107785944009,0
HK.02533,490,9.295000076293945,9.774999618530273,-4.9104814421312355,1.5176448426331568,5411035.3,50295573.52632923,5.369131629779979,11.17269998550415,16.218675093650816,-22.15242543588469,-28.279320610071935,-51.07894696687397,-52.40655530212137,-47.98545249149138,0
HK.02535,490,0.6549999713897705,0.6700000166893005,-2.23881267550565,0.24601587590135127,14780500.0,9681227.077126503,11.44266487609072,0.5707999968528747,0.7419749958813191,12.931032799512062,28.431369340772616,-36.40776800158699,-25.568184666027722,14.912277124374922,0
HK.02536,490,0.5899999737739563,0.6000000238418579,-1.666674945089223,0.01010611419909045,97700.0,57642.99743771553,1.1143937474151875,0.8323157501220703,1.6115398865938186,-27.12000703873032,-48.55530020019583,-70.5676963171074,-71.7883927026282,-73.26672644990005,0
HK.02539,191,8.5649995803833,8.569999694824219,-0.05834439462043094,0.3131381892443839,7450.0,63809.24687385559,4.749174161413543,10.260900058746337,,-24.934270859557287,-33.08594177535263,-52.70473997766114,-75.98167536466667,,0
HK.02540,489,0.800000011920929,0.8050000071525574,-0.621117414559334,2.081447963800905,30500.0,24400.000363588333,1.2997927155034723,0.7818000018596649,1.0325499936938285,6.66666825612386,-14.893615537231566,-23.80951921415416,-38.46153528732649,-46.666665871938065,0
HK.02543,249,34.79999923706055,34.459999084472656,0.9866516587955785,0.6624576813981151,55780.0,1941143.9574432373,3.1083001648575324,30.642399864196776,31.546663494110106,14.173227558084337,20.833333885228207,23.455168016074893,0.18362839876168063,,1
HK.02545,490,0.4099999964237213,0.4099999964237213,0.0,0.2504943968358603,99200.0,40671.999645233154,2.690884244323446,0.4118999981880188,0.4244999997317791,-3.529415312110247,3.7974646297370884,-4.651165208409023,-1.2048181523292238,-31.66666997803569,0
HK.02546,179,18.950000762939453,18.84000015258789,0.5838673538251148,1.2112259970457901,576800.0,10930360.440063477,7.448173236804364,18.017400035858156,,-4.196157203707431,39.646287318394265,4.0438658910966,93.14918506185862,,1
HK.02549,480,4.025000095367432,3.950000047683716,1.8987353614766647,0.24609375,126200.0,507955.0120353699,3.4997084183038507,3.889300003051758,4.361759178638458,8.490567492764542,-2.9598663034010113,-9.891299984969496,-9.30236081449368,-14.692183236870198,1
HK.02550,490,1.9850000143051147,2.0,-0.7499992847442627,0.09289514190813103,910125.0,1806598.1380194426,4.6447871907468725,1.9897000002861023,2.2586749923229217,1.53452535709584,7.880433603050825,6.720430055840579,-36.78344114686926,-58.1223605452442,0
HK.02551,454,1.5499999523162842,1.4900000095367432,4.026841771510837,2.303030303030303,27200.0,42159.99870300293,2.399128738729004,1.646900007724762,2.2099184626340866,0.32362429582607755,-27.712277748342824,-34.85180453049138,-43.861661709824666,-49.259576915143036,1
HK.02552,490,2.4000000953674316,2.450000047683716,-2.040814340536656,1.0023250701110742,1809863.5,4343672.572602034,5.271810852934335,2.505499997138977,2.9425249922275545,-7.335900582947254,1.6949238156632322,-21.31147105281816,-21.31147105281816,-39.99999761581421,0
HK.02553,72,17.100000381469727,18.809999465942383,-9.09090448178269,1.3879254350166688,368771.4,6305991.080675125,9.012162988776677,25.709800033569337,,-37.90849741102018,-58.71559358423518,,-18.80341493301864,,0
HK.02555,490,4.054999828338623,4.090000152587891,-0.8557536172002734,0.37922270072694625,1196760.85,4852865.041312385,2.8048702349560064,4.622500019073486,5.527345643043518,-14.810932072346212,-19.223110682358726,-21.213871107966895,-33.411404161435364,-50.55075403556785,0
HK.02556,490,52.20000076293945,53.400001525878906,-2.2471923757490986,0.49627725500593367,7343486.0,383329974.8026352,8.082611645160817,46.91259998321533,39.560700006484986,-6.868864454105925,53.71025374027931,57.228914347524196,40.852668183007054,-3.86740055916578,0
HK.02558,489,1.1100000143051147,1.1100000143051147,0.0,0.0,850.0,943.5000121593475,0.022522500753112733,1.146500015258789,1.2380195200443267,-6.722692358704943,-1.0268011457536579,-15.370744442752912,-17.17136449881735,-20.552127583418578,0
HK.02559,490,1.1299999952316284,1.0549999475479126,7.10900961256301,0.3955159399066265,1630881.45,1842896.0307233513,9.165877740631304,1.4273000109195708,1.7531750032305717,-18.115942091582276,-13.076920255401328,-30.674846715502497,-50.220264108970945,-43.781094497856664,1
HK.02560,413,1.3700000047683716,1.3799999952316284,-0.7246369925949435,0.3218390804597701,65550.0,89803.50031256676,1.5790214651549375,1.4411999893188476,1.5081364452838897,-4.52961258557732,-4.861114560453843,-13.921867816612812,-9.871133931683213,-21.827002106150157,0
HK.02561,365,19.31999969482422,19.280000686645508,0.20746372797806312,0.43609527004360954,13155.0,254154.5959854126,1.6301152449713963,19.71699993133545,26.691399974823,-3.351676257955595,-5.201175218804624,-40.22277265702402,-42.53420491188242,-57.04757694209691,1
HK.02562,461,0.6050000190734863,0.6200000047683716,-2.419352512826054,0.31829246370626413,12441521.15,7527120.533053184,8.92384684766989,1.2880000007152557,2.5364500018954277,-57.09219621308432,-68.48958163560985,-83.42465744476691,-68.48958163560985,-96.22111174001063,0
HK.02563,460,4.300000190734863,4.300000190734863,0.0,0.016122531237404272,24830.0,106769.00473594666,2.2648088551410788,3.6221000146865845,3.6634249973297117,28.550079340998224,37.82052398903642,14.66667175292969,1.6548503864240967,-50.2314812515253,0
HK.02565,323,5.789999961853027,5.809999942779541,-0.34423375427686415,1.4520876254178738,8089150.7,46836182.24442339,6.232665268091673,6.026699991226196,35.827025046348574,-6.3106776265144315,-23.10757237016874,-90.66129038410801,-91.63898922476096,-86.59722254722698,0
HK.02566,440,5.394999980926514,5.400000095367432,-0.09259471023356985,0.03104384943733023,25740.0,138867.29950904846,2.861814396416924,5.47649998664856,7.046057941913605,1.2195132861327163,3.7306654498583183,-33.78357894490419,-28.30180082384139,-62.474325368459645,0
HK.02567,471,0.33000001311302185,0.3449999988079071,-4.347821955569661,1.8547986076578817,538950.0,177853.50706726313,3.603496097986911,0.36120000123977664,0.48077500000596046,-8.333333333333332,-24.13792843578641,-23.255812180500048,-49.23076535117683,-77.99999912579855,0
HK.02569,361,1.399999976158142,1.4299999475479126,-2.0979001741372687,0.7349563619660082,338550.0,473969.991928339,2.574544780099102,1.2347000169754028,1.0840250077843665,15.226332320757555,27.272722346723675,23.89380372264239,45.8333341094355,52.17390769145449,0
HK.02570,434,8.024999618530273,8.385000228881836,-4.293388199460665,0.446121225843834,658052.15,5280868.252723026,8.929465561131313,17.00390007019043,44.50517496109009,-54.14285932268415,-69.625285407433,-83.47405397120895,-87.76676858964242,-94.37631409239555,0
HK.02571,409,15.140000343322754,15.079999923706055,0.3978807687019772,0.14916428048212027,75645.0,1145265.3259706497,1.6710268648855158,15.741000099182129,14.083250031471252,-10.625738689417334,11.487484745073303,13.663668845320895,15.572518339302169,19.02515743310766,1
HK.02573,312,5.539999961853027,5.550000190734863,-0.18018429798489485,0.19845644983461963,29160.0,161546.39888763428,3.3142796807469956,5.0207000160217286,5.98537499666214,0.36231849629747176,17.62207891685276,-17.31343105126654,-30.576441746722626,-55.21422786494522,0
HK.02575,225,8.479999542236328,8.9399995803833,-5.145414538456278,0.45453343277064034,1595991.4,13534006.341413116,9.477977035031653,11.501600017547608,36.30544988632202,-31.502427594126996,-48.134560584798905,-84.03013222991117,-86.9938651239999,,0
HK.02576,476,4.900000095367432,4.800000190734863,2.083331263727694,0.24603558495548614,668030.0,3273347.0637083054,6.294042883014679,5.569300003051758,4.855924996137619,-14.930557280226923,0.40983566511258146,2.9411735242391543,22.80701964049227,0.0,2
HK.02577,420,40.68000030517578,42.099998474121094,-3.3729173881518943,0.5247096508266634,4131134.65,168054558.82272223,5.103925500262495,45.30859977722168,60.71314989089966,-16.570956305363865,-28.50615252325792,-37.415384145883415,-45.65130108955095,-58.67953116691071,0
HK.02579,203,22.760000228881836,23.0,-1.0434772657311482,0.7911973854986676,896728.55,20409542.003244877,3.801569925919456,25.223600120544432,31.31549416542053,-11.370716672870996,-22.320816308781655,-31.232691179053717,-28.728200895198253,,0
HK.02580,254,9.520000457763672,9.670000076293945,-1.5511852879711787,0.2732950287284537,1133210.0,10788159.71874237,3.1980448748878696,9.577908878326417,10.17794424533844,-6.575065262116789,2.0349454655548738,-6.51248061873211,-18.712678466674333,-31.760065609142842,0
HK.02581,178,2.7950000762939453,2.7699999809265137,0.9025305248944288,0.10504201680672269,23775.0,66451.12681388855,3.06966233054071,2.7226000213623047,,0.17921557380943673,13.157896514947831,-23.002755146622825,-34.54332344780291,,1
HK.02582,449,5.025000095367432,4.699999809265137,6.91489998492383,0.3150133466929814,1654370.25,8313210.664023042,8.656748974887432,9.65399995803833,23.903849930763243,-51.68268961842939,-67.15686253121491,-85.82110527628409,-80.67307655627911,-91.58995799938505,1
HK.02583,234,69.25,74.55000305175781,-7.109326404826813,2.0987595646594746,459740.0,31836995.0,10.562313859950594,60.16799987792969,108.77250003814697,17.972741226472593,15.416666666666668,-42.81585394503648,-58.779761904761905,,0
HK.02585,439,26.84000015258789,25.559999465942383,5.007827517176025,5.811797303777908,479250.0,12863070.073127747,10.756517843557612,28.140000038146972,19.34999252796173,-2.824042950561898,117.50405041088369,14.952709889179886,92.39622885677505,85.98738270870827,1
HK.02586,434,4.715000152587891,4.389999866485596,7.403195808351429,4.1443779119502935,4151924.8,19576326.065533448,6.146044149769201,5.086899976730347,6.732874991893769,-12.115557246236408,-22.704914322914284,-33.40395192942594,-36.796244926574104,-56.4635255235126,3
HK.02587,420,0.8849999904632568,0.8999999761581421,-1.6666651213610204,0.5218413636707814,10251931.4,9072959.191229964,8.370875728379602,1.8981999969482422,3.7518500018119814,-56.51105881393615,-70.5980068681977,-81.4075641195683,-80.67685578153612,-89.73317862862295,0
HK.02588,490,72.69999694824219,74.55000305175781,-2.48156408824185,0.948858029844202,1308392.4,95120123.48710327,3.071568276339473,75.74699996948242,76.53172927856446,-3.3887083744289863,-1.0884395262011055,-7.318350879650164,1.8617885553121147,9.868417563295555,0
HK.02589,336,77.05000305175781,78.5999984741211,-1.9720043924347077,0.24663635645443938,161286.15,12427098.349706268,2.866077349567002,90.10821792602539,99.55979721069336,-9.459454249944885,-46.217988057835846,6.274971587321632,-6.706602270613077,-39.19766257348107,0
HK.02590,293,8.369999885559082,8.75,-4.342858450753348,1.1996637918241764,10444581.5,87421145.9597125,5.82269705284798,9.851499977111816,18.057174978256224,-21.62921679409708,-33.99053876881551,-59.565219434462854,-63.70338213614946,-64.35264033756496,0
HK.02591,266,4.045000076293945,3.990000009536743,1.378447785106344,1.0103145501509914,11611004.9,46966515.70634937,7.073453890762785,6.088499989509582,18.620274983644485,-15.46499048518008,-51.73031001129274,-82.21196078712605,-86.70282686999012,-90.40559750727267,5
HK.02592,296,1.190000057220459,1.190000057220459,0.0,0.0,76125.0,90588.75435590744,3.0393071627990884,1.2203999948501587,2.4058500009775163,1.2766047245027552,-4.799995422363281,-39.593906602125024,-73.61419075769103,-76.00806354701085,0
HK.02593,425,0.9399999976158142,0.9399999976158142,0.0,0.6827880512091038,54840.0,51549.59986925125,1.439709538788312,0.9465999960899353,1.0547499984502793,-2.083331393077926,-8.73786177416297,-15.315316621479901,-20.33897971189134,-32.85714188400578,0
HK.02595,241,25.799999237060547,25.479999542236328,1.2558857950282876,0.6458744688131464,1238079.0,31942437.255420685,6.866304660832285,31.559999961853027,31.55189989089966,-17.14836306118559,-14.963747174339082,10.920030022290394,15.487909851566615,,1
HK.02596,410,2.6500000953674316,2.640000104904175,0.3787875024959444,17.272727272727273,10250.0,27162.500977516174,0.22743513014820144,2.6409000539779663,2.6029814434051515,-0.1883192495750447,1.2052587480234533,2.359689372782591,2.7503872007525665,3.540770303268497,1
HK.02597,292,39.31999969482422,42.47999954223633,-7.4387944478912615,5.564222568902756,12265.0,482259.79625701904,4.393192208822438,36.53959999084473,28.871650052070617,-3.6274499262538598,1.3402073917233062,72.60754394039628,159.53795831605913,184.92753008237742,0
HK.02598,490,3.609999895095825,3.575000047683716,0.9790166977700094,0.11609524831583946,1211501.8,4373521.370908404,6.340489075051082,3.973199977874756,5.574200006723404,-8.025479262351737,-17.954549617018493,-48.35479237049607,-46.597636496042675,-65.48757283049352,1
HK.02600,490,8.145000457763672,8.345000267028809,-2.396642335115773,0.7146080943748743,38552944.8,314013753.04413754,3.3324951168817343,8.063711738586425,10.312918107509613,-1.36363032663585,-12.383125293337677,-40.480951072456264,-31.722605487116823,24.699200744984342,0
HK.02601,490,29.18000030517578,29.399999618530273,-0.7482969939082268,1.3807504838667382,9665673.8,282044364.4337296,2.8713103290728426,29.004522399902342,31.42467307090759,3.1852225358055604,-3.5228510681636376,-7.9447092675518345,-14.556431024924683,-8.21787869267121,0
HK.02602,490,19.479999542236328,19.15999984741211,1.6701445583124066,0.6939469536994702,927898.0,18075452.615242004,3.5230804371362017,17.4639235496521,17.29113268375397,12.872332771649678,3.8794456388784293,10.395304848976108,13.367706188568068,-11.768298709188283,1
HK.02603,323,12.649999618530273,12.75,-0.7843167174096201,0.878614359974009,2435625.0,30810655.320882797,3.572634349975285,12.962599925994873,14.020261607170106,0.23771579432040843,-12.274621694860462,-16.61598788361039,-2.549689829319802,-28.74791620537682,0
HK.02605,313,1.100000023841858,1.100000023841858,0.0,0.047926267281105994,96240.0,105864.0022945404,4.873779166933172,1.1519999980926514,1.7218999934196473,-16.666668171834402,-10.569105139490373,-29.936306554650432,-59.55882307825205,-78.0439127028271,0
HK.02607,490,11.140000343322754,11.029999732971191,0.9972857027615833,0.9288945917663435,1744863.1,19437775.533051204,1.849813328806494,11.672425193786621,11.415956459045411,-4.78632029975696,-0.7491773094599429,2.1518715803114086,-0.3202582682825615,-2.797026244661534,1
HK.02608,490,0.010999999940395355,0.010999999940395355,0.0,1.21728777706765,37513650.0,412650.1477640122,13.977274695429303,0.010279999822378158,0.010549999866634607,10.000001862645192,10.000001862645192,0.0,10.000001862645192,-8.333334626836898,0
HK.02609,304,2.884999990463257,2.805000066757202,2.8520471230697977,0.22606868546413955,7001425.0,20199111.058229208,4.5348256148824335,2.9742999982833864,4.03422500371933,-4.47019838794303,-42.757936263901364,-4.47019838794303,-25.83547782360985,-58.127720662281845,2
HK.02610,363,24.559999465942383,25.040000915527344,-1.916938626337315,0.7604177993222655,889946.3,21857080.6527174,4.277084944518348,26.23243251800537,41.92903136253357,-7.074934195133997,-19.850621602882622,-61.322273193726595,-49.56941452798876,-42.00985144737212,0
HK.02611,490,14.859999656677246,14.75,0.7457603842525159,1.0241948537299577,12943947.25,192347051.69104838,2.543354274334413,14.640009136199952,14.60907105922699,5.8943287095322265,7.163863438182655,6.331868178511909,-6.833021248831887,3.8044919256565093,1
HK.02613,412,31.0,31.0,0.0,0.0,75.0,2325.0,0.1774197240029612,31.537599792480467,30.74249999046326,-3.125,2.1080348378854215,2.5132282891341235,2.242745092414565,12.645346963483007,0
HK.02616,490,5.974999904632568,5.784999847412109,3.2843571690923135,1.0748738079020481,12770362.2,76302912.92712335,7.811051443699524,5.322999973297119,6.271000003814697,6.31672644666203,33.96860658133634,-7.07620429009587,11.891380784641772,-50.619837055684336,1
HK.02617,304,9.569999694824219,9.375,2.079996744791667,1.5244123554866968,4776840.0,45714357.34222412,4.137610221755138,10.331299934387207,64.27882504463196,-8.508607457714893,-70.91185638001711,-85.0702029288068,-91.54593643743661,-84.0632809052261,1
HK.02618,490,10.90999984741211,10.789999961853027,1.1121398144886905,0.583536970803048,13442915.85,146662209.87227383,2.2029610954316245,12.769000034332276,12.769400010108948,-9.610603784103931,-14.364206880558203,6.231736719783941,-7.698814474678736,-14.964926638435527,2
HK.02619,198,1.1050000190734863,1.2450000047683716,-11.244978727605051,7.17741935483871,16850.0,18619.250321388245,2.9235261041375433,1.2821999788284302,,-14.999995415027156,-29.251391019623107,-33.77601197851463,-50.041553835338156,,0
HK.02621,319,2.815000057220459,2.8299999237060547,-0.5300306321546637,0.7961399276236429,14840.0,41774.60084915161,2.218203951228168,2.9350999879837034,3.1692156457901,2.3636384443803267,-10.96495355715905,0.6217911105372803,-19.05905312735824,-38.53229674549778,0
HK.02623,490,3.430000066757202,3.609999895095825,-4.986144974218761,1.090960300157354,1444449.5,4954461.881427407,6.4980042661772295,4.1055999898910525,4.669400738477707,-14.357054463255203,-25.434779611562224,-18.333328035142447,-30.0,592.9292997405572,0
HK.02625,359,1.3799999952316284,1.440000057220459,-4.166670805877945,1.1931818181818181,222050.0,306428.9989411831,10.854126764581892,2.0545000004768372,3.5801250034570695,-33.33333141369898,-35.81395655725361,-69.53642535725155,-68.49315161701138,-55.6270083028698,0
HK.02627,269,29.31999969482422,29.31999969482422,0.0,,0.0,0.0,0.0,29.31999969482422,36.26169984817505,0.0,0.0,-42.50980451995251,-27.137180735969206,-39.74517100952365,0
HK.02628,490,29.799999237060547,29.600000381469727,0.675671800720733,0.887667154383632,52836423.1,1574525368.0690084,3.598258514340909,28.57359992980957,28.576595821380614,6.504645191565837,8.231942404618405,6.870528829760274,6.055288946656853,33.66248092968925,1
HK.02629,324,12.40999984741211,12.40999984741211,0.0,,0.0,0.0,0.0,12.40999984741211,22.050749869346618,0.0,0.0,-11.293780911761743,-71.13953523857649,-74.02678910743427,0
HK.02630,210,82.4000015258789,75.0,9.866668701171875,0.8813941581713663,92190.6,7596505.580671692,9.119505005005916,85.505,85.17675001144408,-11.06314067046937,34.09275915839275,-14.434061355541342,-1.9631189363108517,,1
HK.02631,263,58.900001525878906,60.04999923706055,-1.9150669871647663,0.5200425325452618,1801383.85,106101511.51369363,5.787074438402721,68.28400009155274,69.03269996643067,-30.047501590665387,-31.630875818167308,12.943432027802304,-0.8417508201277808,33.56009878422739,0
HK.02632,118,61.79999923706055,61.650001525878906,0.24330528381037572,0.6035619440265938,149359.1,9230392.26604805,15.184821611398643,69.4710001373291,,-30.483691590184637,-50.59952039100556,,121.66427940222817,,2
HK.02633,490,0.9700000286102295,0.949999988079071,2.1052674507500932,5.283851167947828,302047.55,292986.1321416497,1.9841982754924672,1.0062697744369506,1.118777606189251,-1.839598983888241,-7.639991482441161,-19.368248275577773,-21.243399847596283,-26.644493701006816,1
HK.02635,177,10.1899995803833,10.6899995803833,-4.677268658808235,1.202125489724481,4334620.0,44169775.98112106,6.782779266780056,10.991700019836426,,-12.682094997728996,-32.82795300504222,-80.62737666162343,-70.49797536107644,,0
HK.02637,188,190.0,193.0,-1.5544041450777202,0.8286385852329963,120090.0,22817100.0,6.123313389510158,194.0120001220703,,-14.104881274271703,6.204587189610717,37.28324304848569,44.04852827295257,,0
HK.02638,490,6.269999980926514,6.315000057220459,-0.712590275315881,1.5112876404656153,2372708.15,14876880.055244183,0.88047002377425,6.274649696350098,6.245859422683716,-0.6606910114957047,1.6970437101499491,-6.256987517749953,3.7816389869967737,9.835559186722847,0
HK.02643,302,11.40999984741211,11.869999885559082,-3.875316281229319,1.1197162985366114,1197084.8,13658737.385339355,4.021125018331135,14.674199981689453,27.336549987792967,-20.59846946221329,-67.23147631414788,-63.68555117852838,-61.53068136847056,-86.02571998263133,0
HK.02648,296,60.650001525878906,60.75,-0.1646065417631173,0.396991033211397,708303.5,42958608.35578537,3.2759745429441542,66.57320907592774,70.65559942245483,-10.604290984856458,-14.509629704191799,-15.624016880467526,-5.092689484407095,13.083350836238175,0
HK.02649,128,3.9000000953674316,3.9000000953674316,0.0,,0.0,0.0,0.0,3.9000000953674316,,0.0,0.0,,-37.09677072022871,,0
HK.02650,228,9.529999732971191,10.180000305175781,-6.385074191737621,2.782049562848914,21875187.5,208470531.03369474,12.899242079323267,14.630100059509278,31.333774943351745,-14.910715220838192,-36.21151271326415,-82.59360779365993,-75.20811635422501,,0
HK.02651,293,29.0,28.3799991607666,2.1846400900903022,2.2069271758436946,125025.0,3625725.0,10.656284416134712,22.206600074768065,13.549199676513672,49.484539021846714,132.37180339514182,295.8606649063286,181.72565755541945,117.44460593189281,2
HK.02652,230,10.119999885559082,10.359999656677246,-2.3166001840886064,1.2043253531988907,3788602.5,38340656.86642885,9.148695165978268,15.343099956512452,24.907175097465515,-39.50986155133915,-43.27354372757075,-72.63385610916347,-70.2002351048761,,0
HK.02655,182,15.170000076293945,15.529999732971191,-2.3180918407419133,0.7367486005866015,1534413.4,23277051.39506645,4.617251697655803,16.506199893951415,,-14.390515439460355,-15.204021275307285,-70.42884931402745,-61.1025639069386,,0
HK.02656,243,8.680000305175781,8.555000305175781,1.4611337877378556,18.819710443278268,2141860.0,18591345.4536438,6.59085767345889,10.094799976348877,42.210349946022035,-17.803030679322237,-33.740457615147434,-88.50331085407181,-85.20034087067194,,1
HK.02657,174,49.47999954223633,53.04999923706055,-6.729499992773288,1.2030352818385595,67285.35,3329279.0871992116,6.014881685007915,51.22339973449707,,-3.9223309859488777,44.42499114524767,-21.48580488174856,-40.676109909926225,,0
HK.02658,189,32.79999923706055,34.70000076293945,-5.475508599723605,1.2889746792324288,116305.0,3814803.911266327,6.138557473506158,39.44320007324219,,-12.064343410304653,-26.687532394870097,-30.508477315927323,-30.830871987378515,,0
HK.02659,186,14.25,14.3100004196167,-0.41929013177699376,0.7661595676177729,405410.65,5777101.7625,4.875828195071184,17.218799934387206,,-14.976134812674127,-26.470585051169206,-91.09375,-79.5552358336805,,0
HK.02660,490,2.3499999046325684,2.3350000381469727,0.6423925584814727,0.5083046983846996,366156.9,860468.6800805569,2.987902935398899,2.313300008773804,2.2792210149765015,2.1739110153428576,4.444440205891928,12.032795739745477,-0.6090342534626357,3.8036573344679128,1
HK.02661,177,4.425000190734863,4.5,-1.6666624281141493,2.696310292952112,11920411.55,52747823.38238807,6.449258741390248,5.817700033187866,,-19.69146992879809,-68.88185578311918,-95.30752911184304,-94.07630472354526,,0
HK.02663,490,0.4449999928474426,0.4449999928474426,0.0,0.029261155815654718,623500.0,277457.4955403805,3.9912372969514656,0.46950000047683715,0.3412500002980232,-11.000001430511475,14.102566453832226,64.81480561656753,50.847461907831615,39.062500873114935,0
HK.02665,182,2.0199999809265137,2.049999952316284,-1.4634132725648943,0.39488494609930724,4233125.0,8550912.419259548,5.087397121458063,2.487500009536743,,-29.493892697992063,-41.10787342239715,-81.83453235867589,-80.48309269105873,,0
HK.02666,490,4.559999942779541,4.534999847412109,0.5512700376759199,1.037126411675035,5880960.55,26817179.771488737,1.6959362448729616,4.66170000076294,5.225833835601807,-0.8695644061371431,-5.3149592655864755,-16.951335702600907,-17.3686634021443,-19.525435498668127,1
HK.02667,50,2.384999990463257,2.3949999809265137,-0.41753613957810165,0.5091011314920233,169965.0,405366.52337908745,2.8838537367778723,2.7146000051498413,,-11.99262151693335,,,-28.80596840718877,,0
HK.02668,490,0.5,0.5199999809265137,-3.8461503192516595,0.5022006774435632,24314000.0,12157000.0,9.914984313949653,0.4733999979496002,0.3427599995955825,17.647055523618373,69.49153295778365,78.57142781116525,168.81719792643136,78.57142781116525,0
HK.02669,490,3.305000066757202,3.2699999809265137,1.0703390224721543,0.544189403139906,9234779.25,30520946.037738025,2.915077038738791,3.370592255592346,3.848485540151596,0.9599155157816156,-8.981403668682047,-16.367165108932774,-23.488733910731654,-31.27680453371043,1
HK.02670,224,91.55000305175781,98.0,-6.58162953902264,2.0842516119401937,217940.8,19952480.90510254,12.211688664382308,142.4339991760254,186.51649940490722,-38.96666463216146,-70.25665799787626,-39.76973483436986,-16.77272449840199,,0
HK.02671,174,5.400000095367432,4.980000019073486,8.433736439464614,0.300187617260788,4515.0,24381.000430583954,1.3166441154028685,4.5792999792099,,8.216439740585285,33.33332940874785,64.60494436021331,-29.593187948710792,,1
HK.02672,55,37.0,34.2599983215332,7.997670206377805,3.5150839307298956,1430761.95,52938192.15,12.443743208035329,59.79360008239746,,-39.34426229508197,,,-49.31506849315068,,3
HK.02675,168,34.2400016784668,37.0,-7.459454923062711,1.2867808550568494,525759.35,18002001.02646961,5.383979793659497,37.47279975891113,,-8.595828843307588,-14.399995803833008,-42.93333053588867,-39.50529575699165,,0
HK.02676,188,158.3000030517578,156.6999969482422,1.021063263992344,0.3737602230562921,197329.4,31237244.622201536,5.859511331224403,156.00199951171874,,-8.23188228883605,-11.613624982087325,28.699189472973828,32.136894006059954,,1
HK.02677,147,24.34000015258789,23.399999618530273,4.017096364878734,0.6072401712728688,6122.5,149021.65093421936,8.117231811100964,24.773200073242187,,-4.698514956629851,-2.483970170778012,-59.43333307902018,-64.15316700204914,,2
HK.02678,490,5.650000095367432,5.75,-1.7391287762185803,2.761505548753946,233459.15,1319044.2197643996,2.7384452417791554,6.378100004196167,6.029924995899201,-15.73452409161987,-4.399319099111776,-12.267080044002295,16.97722949511336,16.016431789275178,0
HK.02680,490,6.199999809265137,6.199999809265137,0.0,0.9210526315789473,13700.0,84939.99738693237,1.2378021296249406,6.538099994659424,9.616974964141846,-6.060607593140567,-7.462686779611126,-48.76033377023701,-37.81344389960765,36.86533161391266,0
HK.02682,490,0.12600000202655792,0.12600000202655792,0.0,0.14311270125223613,477200.0,60127.20096707344,3.6470929860075927,0.12038905411958695,0.13485836066305637,8.737007479520146,-12.308862753280673,-13.97389117882401,-9.385834868803315,-6.261198786010856,0
HK.02683,490,1.0950000286102295,1.0850000381469727,0.921658074808496,1.1272416737830915,123700.0,135451.5035390854,0.7295825367168987,1.103000020980835,1.1577475014328957,-1.3513500451867637,-6.410250532086098,-15.116274341798363,-7.203383281017627,53.90251215337162,2
HK.02685,195,4.025000095367432,4.340000152587891,-7.258065579390088,1.0165992449135257,41455231.5,166857310.74097896,7.928607307035178,7.515700073242187,,-10.055861873858188,-68.57923525745,-87.43757808877957,-85.07047391672357,,0
HK.02687,188,345.79998779296875,320.6000061035156,7.8602561477545745,0.6223306894447834,200125.0,69203222.55706787,10.009260714825992,244.98599975585938,,23.942647954469088,156.3380307180137,134.9184748383911,110.21275853675911,,1
HK.02688,490,49.13999938964844,48.13999938964844,2.0772746420412926,1.2941321215595598,3478267.85,170922080.0260338,2.5375044082701637,46.36939994812012,57.242237663269044,5.269920883440733,0.12224440985205379,-26.450570444239663,-26.869650659434562,-18.498135519377655,1
HK.02689,490,6.135000228881836,6.295000076293945,-2.5416973069570807,0.9172634146266498,19026974.95,116730495.67317896,5.146694049653514,7.35810001373291,7.087225003242493,-23.883375812856453,-6.049004107736569,-24.81617225976406,2.591976744380757,12.775738315276486,0
HK.02691,178,6.625,6.670000076293945,-0.6746638047858722,0.4478858359068007,2410642.6,15970507.225000001,4.231594925114777,6.6617999935150145,,0.37878932922232267,12.017803352834708,-16.46948638616168,-4.630505839631406,,0
HK.02692,129,37.29999923706055,37.459999084472656,-0.42712186685137976,0.679473733122685,372715.0,13902269.215641022,4.548891069946036,44.38859992980957,,-19.577407550550703,-39.790155322524804,,-48.55606689814576,,0
HK.02693,191,2.994999885559082,3.0,-0.1666704813639323,1.1111111111111112,16250.0,48668.74814033508,3.9788312319893673,2.9614000034332277,,-0.1666704813639323,-21.596860264428678,-29.945392613280212,-29.636102307646635,,0
HK.02695,178,1.1349999904632568,1.1449999809265137,-0.8733616270600302,0.6490026793688598,164950.0,187218.24842691422,2.4888873071646316,1.4348000025749206,,-17.15328565599871,-36.59217795243456,-16.901047164789485,-46.994497066040886,,0
HK.02696,487,64.55000305175781,63.0,2.4603223043774802,1.227372765624618,1256722.45,81121437.98271255,5.994678806767293,63.83300018310547,66.25899982452393,-6.17732530738807,13.444642039947185,-0.3088755957408301,10.153591693802445,-20.111385379021318,1
HK.02697,54,261.0,282.6000061035156,-7.643314096604654,1.2263269431602348,42376.25,11060201.25,17.375555734374686,587.9679998779297,,-66.55989750160154,,,-34.75,,0
HK.02698,208,29.139999389648438,29.3799991607666,-0.8168814771058754,0.3605239923801845,2261598.5,65902978.90962982,5.131133436120148,31.107587852478026,29.328316745758055,-13.831620033576772,8.575932252294253,8.882064228774922,-2.652349188977299,,0
HK.02699,490,5.565000057220459,5.574999809265137,-0.17936775581694311,0.09124115541118935,287752.6,1601343.2354653357,2.6778112557373612,5.366600017547608,6.099710273742676,-1.7652233946327915,-6.939798671059629,-25.799999237060543,6.000001089913504,-93.19266048046427,0
HK.02700,490,0.6000000238418579,0.6000000238418579,0.0,0.8523014803411336,46931.75,28159.051118940115,3.6362147008961467,0.5713000011444092,0.5744499996304512,6.194694933404732,0.0,5.263163398397555,9.090911061310528,27.65957986461249,0
HK.02701,119,7.96999979019165,8.104999542236328,-1.6656355295416667,0.7448577961263363,2102170.0,16754294.458947182,5.021537457070544,9.379499988555908,,-17.065555932107515,-30.93587680643395,,-29.15555742051866,,0
HK.02706,142,40.279998779296875,41.68000030517578,-3.3589287802981502,0.3664124359168038,3383385.4,136282759.78189087,11.463671163997113,43.11099987030029,,-3.1730763058690403,-37.01329429437616,-48.42509658608522,-56.50108051507806,,0
HK.02714,147,38.20000076293945,38.08000183105469,0.3151232303431905,0.3371997128709835,3959930.55,151269350.03118724,4.057429693674401,34.219199905395506,,14.645861683105815,20.580809327512707,-8.684871330021554,-4.538280156320827,,2
HK.02715,129,14.420000076293945,14.460000038146973,-0.2766249083506453,0.545020721460507,5235193.45,75491489.94841357,5.2308884965948685,18.11379997253418,,-24.463069874103002,-13.289231485269545,,11.782949633426803,,0
HK.02718,213,42.2599983215332,43.18000030517578,-2.1306206047717464,0.3172232264614852,4910634.5,207523405.72766304,11.185657329631676,71.75260040283203,188.920650100708,-9.079176553924908,-79.09990160269358,-83.59472153717607,-78.8700008392334,,0
HK.02720,145,27.739999771118164,27.780000686645508,-0.1439917729972308,0.29806259314456035,47725.0,1323891.4890766144,6.0915075606418565,23.50560005187988,,18.445771480577335,35.98039357765784,11.048840189989642,11.945113004245659,,0
HK.02722,490,1.7649999856948853,1.7949999570846558,-1.6713076382739795,0.6590301896243829,5584636.05,9856882.54836114,3.6095036808146927,1.9425000071525573,2.346619923710823,-15.95237781671696,-32.086548764467146,-45.830934806184494,-4.206284193398597,3.425904820795477,0
HK.02723,77,485.0,568.0,-14.612676056338028,0.9940314073750008,210559.55,102121381.75,12.91537320472397,623.1860003662109,,-19.9009083402147,104.81418654964824,,138.91625615763547,,0
HK.02726,114,96.69999694824219,104.80000305175781,-7.729013232485553,2.0560316313728473,280679.9,27141745.473432925,7.662369507533649,103.46100006103515,,-11.039558727599443,-13.737735714094661,,-6.116507817240595,,0
HK.02727,490,2.924999952316284,3.0,-2.5000015894571943,0.8867027803668953,17271603.4,50519439.12142577,2.5573846264749878,3.149500002861023,3.9002721238136293,-8.593752852175342,-21.244069235001124,-40.29276081896134,-28.871763879333944,-13.600112961843337,0
HK.02728,490,0.02500000037252903,0.02500000037252903,0.0,0.013615773349742085,7643400.0,191085.0028473884,7.4651678924286955,0.019000000227242707,0.023515000264160334,66.66667287548397,-10.714287139779408,-3.846154397232281,0.0,-26.470591135606476,0
HK.02729,118,39.29999923706055,42.41999816894531,-7.355019015933961,4.332637889626519,560496.05,22027494.33737545,9.416040960825178,33.05880012512207,,2.3437439464035053,39.065813583737295,,28.01302364950711,,0
HK.02738,490,0.22300000488758087,0.25,-10.799998044967651,0.4149009574290572,3239195.0,722340.5008318275,15.848423207849818,0.06345999993383884,0.16361000049859287,346.0000031292438,443.9024359218285,-2.1929803636027114,-23.10344437781741,-32.424243628376615,0
HK.02768,149,37.459999084472656,36.63999938964844,2.2379904707528073,0.7926594297829915,813378.45,30469155.992329787,7.079677568630884,37.458999938964844,,-9.033514310672723,-20.018254242205415,19.716272387870465,39.50998606166537,,1
HK.02772,490,0.03400000184774399,0.03700000047683716,-8.108104298461395,0.25825830014822376,4684245.15,159264.34375528584,9.859788164466854,0.03465999990701676,0.048219999969005584,-10.526308049950654,-5.5555463573075095,-43.333328987161224,-44.26229267920005,-52.77777317865375,0
HK.02777,490,0.125,0.12800000607967377,-2.3437546384227588,0.3154997408674046,4605533.8,575691.725,7.199491612090521,0.20143999934196472,0.3954799973964691,-37.50000093132256,-57.62711676055409,-75.96153757981291,-75.96153757981291,-82.87671277616546,0
HK.02779,490,0.3449999988079071,0.33000001311302185,4.545450029951333,0.1735159817351598,549300.0,189508.49934518337,7.432505641883995,0.3178000038862228,0.45882500007748606,14.999995032946467,-10.389608479527276,-37.27272884904843,-38.39285761802172,-45.238095012832034,1
HK.02788,198,16.309999465942383,16.899999618530273,-3.49112524204424,1.0723002928998926,4819144.15,78600238.51279937,5.421744642795214,16.704000034332275,,-4.284045835465668,-13.474805645225674,-32.79694085196019,-17.965010349424507,,0
HK.02789,490,0.17299999296665192,0.1770000010728836,-2.259891571743324,0.13246129646493915,791000.0,136842.99443662167,4.729392332864723,0.18603999942541122,0.1682491707801819,-23.451329213272082,1.1695842732973984,-0.7782057604165153,27.653765900736722,24.735971728684937,0
HK.02797,48,85.0,85.5,-0.5847953216374269,0.2018365511461894,56756.3,4824285.5,8.88984971136512,,,-21.80312567950394,,,304.76190476190476,,0
HK.02798,490,0.8849999904632568,0.8949999809265137,-1.117317394007622,0.151426907396622,420750.0,372363.7459874153,6.274316759440127,0.8155000030994415,0.9970249956846238,9.259257760285571,7.926829046681122,-23.706895178549313,-23.706895178549313,17.999998728434242,0
HK.02799,490,0.6200000047683716,0.625,-0.7999992370605469,0.38717551817499407,59383666.5,36817873.51316339,3.81025362463583,0.6035999929904938,0.7410999992489815,5.982910685442232,-3.124997089616889,-22.500000558793538,-27.058825014371727,-42.592594432242045,0
HK.02858,490,1.1399999856948853,1.125,1.3333320617675781,0.4681694384562113,32602727.25,37167108.598614246,4.411298429073739,1.318499994277954,1.8795365524291991,-11.28404550139846,-17.985611695889382,-51.75781315028871,-51.75781315028871,-58.97009896932411,1
HK.02863,490,0.7749999761581421,0.7799999713897705,-0.6410250532086098,0.01804069645479337,7128900.0,5524897.330033779,7.567869173939538,0.807299997806549,0.5144000008702279,0.0,59.79380480401133,103.94736470608166,138.46153987229934,109.45945031630735,0
HK.02865,336,11.779999732971191,11.920000076293945,-1.1744995170023649,0.734691253393788,3717856.1,43796343.865225315,5.688146662526842,16.415600109100343,26.29039999485016,-38.581858469562576,-55.94614871427653,-67.29594785323731,-46.454546668312766,-46.600181241355436,0
HK.02866,490,0.9350000023841858,0.9399999976158142,-0.5319143876925793,0.3056886260378195,9722418.3,9090461.133680053,2.152291114997095,0.912464998960495,1.0355717980861663,3.8888919059141984,1.456875661605453,-23.704431278917802,-10.86966230387197,-15.354363254698661,0
HK.02869,490,4.144999980926514,4.150000095367432,-0.12048468255457401,1.2221030622537528,3065022.6,12704518.618539333,3.242026056711899,4.198000020980835,4.200721806287765,-0.5995226597130012,-6.635091400503434,3.959509740700841,-0.9574976198430122,-8.002360928725098,0
HK.02877,490,8.069999694824219,7.949999809265137,1.509432558969763,0.9406512349977303,2068573.7,16693389.127721405,3.8085509153564483,7.293633975982666,7.582581055164337,13.010256786251492,10.06514349329552,5.633616974265094,11.420087303125554,12.951630065207414,1
HK.02878,490,0.24300000071525574,0.24300000071525574,0.0,0.7025719150461511,1056500.0,256729.5007556677,2.793527235399912,0.273220000565052,0.37145500011742116,-10.000003311369023,-28.529412306097544,-37.69230522347616,-44.77272681091443,-49.37499871943143,0
HK.02880,490,0.675000011920929,0.6700000166893005,0.7462679264300778,0.3051509885383353,3456885.0,2333397.4162092805,1.9494601509830063,0.6858000063896179,0.7817537924647331,-2.1739109777848307,-11.33792919652408,-27.622799459744435,-10.215623701997545,-16.55334243601656,1
HK.02881,490,10.0,10.0,0.0,0.1238390092879257,7550.0,75500.0,1.067798085312459,10.237899990081788,7.872800958156586,-0.596425617435365,-13.793106283217258,80.16916804733371,96.20694075017285,62.88878042506152,0
HK.02882,489,0.38499999046325684,0.38499999046325684,0.0,0.0,18147.55,6986.806576931476,0.9237810779619947,0.4051999968290329,0.4870499953627586,4.054050135560291,-14.444444297272478,-31.250001995691225,-23.000001907348633,-47.972974932219856,0
HK.02883,490,7.659999847412109,7.610000133514404,0.6570264523059149,1.594697863267949,13756482.4,105374653.08492737,3.663806978687451,7.12230001449585,7.82442006111145,9.66356050100873,2.2696940118673252,-21.028062836243848,11.353736490611844,13.571304344137472,1
HK.02885,490,0.9150000214576721,0.9150000214576721,0.0,0.08123889312008124,394100.0,360601.5084564686,2.3158569713899047,0.8246957886219025,0.7642299467325211,11.015328510543638,5.17241568306443,24.709821635293334,32.50418414195095,56.31004247648195,0
HK.02886,490,1.1649999618530273,1.190000057220459,-2.1008482491862717,0.8590254003808543,176460.05,205575.9515185833,1.9883475035860547,1.083400011062622,1.0633518758416176,9.90566271146717,7.870362551860179,13.911614342562611,8.019639717449985,10.88742134240034,0
HK.02888,490,246.60000610351562,241.8000030517578,1.9851128995769125,1.645722601241099,738294.9,182063526.84619448,1.6873694080773156,231.27719970703126,199.3516596221924,3.613447942653624,27.751126693082977,37.375324616926314,28.99964950731872,74.94721926184367,1
HK.02889,234,84.19999694824219,87.0999984741211,-3.3295081247797573,1.431633287195277,567187.0,47757143.66908264,9.087584712772864,142.34300018310546,177.12024997711183,-52.18626119822648,-59.90476335797991,-59.1658592655668,-62.577779134114586,,0
HK.02892,489,0.6150000095367432,0.6150000095367432,0.0,0.0,22500.0,13837.500214576721,0.0,0.6201000058650971,0.5254250031709671,-0.8064508376086847,-33.870967225072455,75.71429143146602,83.58208782610745,57.69231592174613,0
HK.02898,489,6.389999866485596,6.389999866485596,0.0,,0.0,0.0,0.0,6.389999866485596,6.510299913883209,0.0,0.0,-0.15625357395032685,-3.7650603166701484,-19.011407165817072,0
HK.02899,490,34.619998931884766,34.81999969482422,-0.5743847349004486,0.8196753830699149,51008655.25,1765919590.2718782,3.3759466597220205,34.2059135055542,35.01723080635071,-3.6191517353262648,20.717240986685212,-12.820217000731315,-3.568878825811899,30.15106999246952,0
HK.02908,15,0.7599999904632568,0.7599999904632568,0.0,,,,,,,,,,0.0,,0
HK.02912,12,1.2899999618530273,1.2899999618530273,0.0,,,,,,,,,,7.4999925494197,,0
HK.02913,8,0.6000000238418579,0.6000000238418579,0.0,,,,,,,,,,-6.249994179233778,,0
HK.02921,3,6.130000114440918,5.739999771118164,6.794431339267824,,,,,,,,,,8.303891867483076,,2
HK.03200,147,99.3499984741211,103.5999984741211,-4.102316662737823,0.5100261802180323,1730464.4,171921635.49952087,7.572785457968386,109.22099990844727,,-12.774365984931041,-34.42244325140521,-15.966334657832315,-9.243639790584382,,0
HK.03223,15,94.19999694824219,98.0,-3.877554134446747,,,,,,,,,,-5.8000030517578125,,0
HK.03231,4,38.29999923706055,41.65999984741211,-8.065291941090305,,,,,,,,,,4.416572841893279,,0
HK.03268,128,18.920000076293945,19.40999984741211,-2.5244707623400346,0.25480671154630763,1573720.0,29774782.520065308,7.741749283544842,18.397086448669434,,4.4726639350823225,-9.42158828933543,,-35.018489165783826,,0
HK.03277,103,78.0,81.19999694824219,-3.940883089296053,1.754551076994618,1145716.7,89365902.6,9.143872839521865,74.64300003051758,,0.8403381237252081,-10.06918177474369,,11.771156142429614,,0
HK.03288,306,27.100000381469727,27.079999923706055,0.07385693434276308,0.2694295887212371,2928523.95,79363000.16214323,2.4371121294021694,30.884400100708007,31.97041127204895,-14.993723039928502,-15.047019731850694,-17.60450501075452,-13.159326072796592,-18.52354382146362,1
HK.03296,99,67.5,71.05000305175781,-4.996485431776464,0.9146583488957507,922813.0,62289877.5,5.455919879854129,70.47799949645996,,-13.682861081598427,-15.572229422725348,,8.822163935450554,,0
HK.03300,490,0.3050000071525574,0.30000001192092896,1.6666650109821552,1.226831428477844,807931.65,246419.15902877747,4.236243789659392,0.35910000205039977,0.4686999996006489,-18.66666475931803,-22.784810413097148,-41.346150319251656,-44.54545444693447,23.48178731167903,1
HK.03301,490,0.07400000095367432,0.07699999958276749,-3.8961021368168507,0.06154771451483561,2045050.0,151333.70195031166,14.261586717941874,0.07403999976813794,0.10602500008419156,-12.941176264343794,0.0,-41.26984145756061,-44.360902087159694,-63.0000000745058,0
HK.03302,490,0.30000001192092896,0.29499998688697815,1.6949238156632322,0.4921829762594094,327400.0,98220.00390291214,3.261647867394473,0.3325,0.3579950001835823,-6.249994179233778,-21.052627451201833,-6.249994179233778,-16.666666666666664,92.30769598154855,1
HK.03303,490,0.38499999046325684,0.38999998569488525,-1.2820501064172196,0.11781849390818243,176333.3,67888.3188183546,2.2520743851261487,0.43680000185966494,0.49433993697166445,-7.228916095257991,-24.509804379889626,-25.961537579812916,-24.509804379889626,-36.310518401656516,0
HK.03306,490,21.299999237060547,21.139999389648438,0.7568583350596313,2.844957124118277,1361998.95,29010576.595877264,3.3014142540803357,19.85720001220703,19.979767303466797,5.029578480668957,9.85043789342141,5.6702650761561095,13.11646859468412,7.671637456614941,3
HK.03308,33,1070.0,1170.0,-8.547008547008547,1.0310525759446556,1733841.85,1855210779.5,7.3194358566033015,,,-15.630484886198312,,,11.613839828873312,,0
HK.03309,490,0.8550000190734863,0.8199999928474426,4.268295918455612,0.6414201303490061,297171.95,254082.02291810513,3.4357703187120996,0.898800003528595,1.2288242679834367,-0.5813947847045612,-13.556984274980067,-35.64096786660683,-48.13419306541985,-53.348214271195374,1
HK.03310,77,23.299999237060547,24.139999389648438,-3.4797024599267146,0.6760624155026672,591186.3,13774640.33896065,6.214649721300079,28.243999977111816,,-22.333335876464844,-28.789736039747467,,-41.60401417040472,,0
HK.03311,490,8.25,8.239999771118164,0.12136200436421749,0.9537959506618733,9638321.0,79516148.25,3.296683024990842,8.164799966812133,8.580209341049194,1.2891287456742178,-1.9835224263733635,-8.307167816472557,-7.811531572391815,-16.73987466831183,1
HK.03313,489,0.6700000166893005,0.6650000214576721,0.7518789579387514,0.7321537522879805,42475.0,28458.25070887804,1.536316500067294,0.7095000088214874,1.0950750035047532,-6.944445824181537,-4.285710271523855,-43.22033504479491,-58.12499958090485,-58.12499958090485,1
HK.03315,490,0.6050000190734863,0.6050000190734863,0.0,0.30377266046055856,205500.0,124327.50391960144,2.6605637592260036,0.6437999975681304,0.7298805052042008,-6.923070574652987,-12.318837512468384,-20.121739747686078,-22.974531292922762,-41.71045563536491,0
HK.03316,490,21.0,21.200000762939453,-0.9433997912353016,1.1449144168248464,317225.0,6661725.0,2.2579240761388375,22.52520008087158,22.519874858856202,-8.056042645776468,-5.9859131477572225,0.19584060758638464,-7.492036871950549,-6.705411291341461,0
HK.03317,174,93.69999694824219,101.0,-7.227725793819616,1.0325127723714667,2023386.0,189591262.02511597,7.628174126844193,119.16600006103516,,-35.64560918931189,-39.07672621000558,32.625612065868296,92.00819346956649,,0
HK.03318,490,3.180000066757202,3.130000114440918,1.5974425076088279,2.5141365043798904,505436.0,1607286.5137414932,4.1156770223272225,2.6912000036239623,1.9746000027656556,24.218755384208755,37.66234396226092,76.66667505546874,76.66667505546874,59.7989975636976,8
HK.03319,490,1.6399999856948853,1.6699999570846558,-1.7964055186050372,1.785012860962228,1835499.5,3010219.153742969,4.324252830505246,1.7770000004768371,2.030379511117935,-10.869567611717729,-23.36449040649363,-19.54944399344621,-26.545146009849358,-41.350965182195765,0
HK.03320,490,4.309999942779541,4.25,1.411763359518612,0.6866413605872308,10597200.6,45673933.97962332,2.4365494630413145,4.57810266494751,4.60454692363739,-9.08564676280137,-5.332927380531944,3.2731701303287877,0.7543036182139539,-5.57011206773166,1
HK.03321,490,0.9700000286102295,0.9700000286102295,0.0,3.7427145134732496,567762.5,550729.6412438154,6.735106668710267,1.0854000115394593,0.8033749996125699,-8.920190000568622,-30.21582456165929,106.38298533415029,120.45455315142628,67.24138905545647,0
HK.03322,489,0.1979999989271164,0.20000000298023224,-1.0000020116567312,0.0,96600.0,19126.799896359444,2.833281863105485,0.19120000064373016,0.20696499973535537,2.590671054865534,7.6086948599335384,-12.77533013621368,-10.0,-7.476636685391298,0
HK.03323,490,3.4200000762939453,3.4649999141693115,-1.2986966519493937,0.7517870123787475,34543762.8,118139671.41147994,3.7531073300884135,3.813600015640259,4.871173882484436,-15.555557648667811,-26.76659485179248,-41.20398591701242,-31.13773863648256,-32.7087445062791,0
HK.03328,490,8.15999984741211,8.09000015258789,0.8652619716184643,0.898629281173696,34480074.75,281357404.6987581,2.1957306222696666,7.422300033569336,6.924886770248413,11.780816906946864,12.331261152544224,24.664376543711274,28.08504373387547,29.11657761499255,4
HK.03329,490,0.46000000834465027,0.45500001311302185,1.0989000192372347,0.1432354580604098,2862689.75,1316837.3088881448,3.7301820151197997,0.5517000025510788,0.4509750001132488,-13.207540910156226,16.455695151977128,26.027396253627717,29.577471055437947,-17.857141716747872,1
HK.03330,490,23.280000686645508,23.5,-0.9361672908701796,0.34036409707845133,25759339.3,599677436.5915346,6.750201815950538,20.488200073242187,20.73191880226135,5.530377380954336,70.1754398195269,-1.4586359072227215,23.698650378673943,42.715267756908645,0
HK.03332,490,0.14900000393390656,0.15000000596046448,-0.6666679912142757,0.15544041450777202,115500.0,17209.500454366207,2.0530152529957064,0.14090000063180924,0.2829799996316433,-2.6143746927244154,-21.578944313889355,-65.34883687082274,-60.78947215694468,-63.658535308883266,0
HK.03336,490,2.315000057220459,2.369999885559082,-2.3206679744479652,0.3791090138366792,2496600.0,5779629.142856598,6.514660454940047,2.8741999959945677,2.7490000176429747,-21.39218642795124,-46.90367003832087,12.378646675924097,14.603964310862894,92.91666376921877,0
HK.03337,490,0.9300000071525574,0.9100000262260437,2.1978000384744694,1.0590083913506452,6115335.65,5687262.198240289,5.162555853135388,0.8096999931335449,0.9251156651973724,19.230774521122513,-2.1052611765768803,-18.39043996993125,21.3942276084923,-26.42774483288102,1
HK.03339,490,3.365000009536743,3.380000114440918,-0.443790070896372,0.4503515475042817,10344425.25,34808991.06490213,3.8443164924436,3.1451999807357787,2.9523096299171447,14.067795089660336,24.169740301466653,12.888321143479283,22.041433012001605,30.885020034992728,0
HK.03347,490,44.58000183105469,41.400001525878906,7.68115987432508,1.2117401494110982,1976864.5,88128623.02974701,5.9780042345524915,39.11080024719238,40.714040241241456,8.467161766745084,38.83476206757514,2.913812176687565,5.5327392350579085,-12.180207628515872,1
HK.03348,490,1.3600000143051147,1.3600000143051147,0.0,26.666666666666668,1400.0,1904.0000200271606,0.03676467043408923,1.3782000136375427,1.2595439916849136,-0.7299263086460758,5.492817181249559,21.584952697690127,15.70180604642856,36.638325574610306,0
HK.03355,119,36.79999923706055,39.0,-5.641027597280649,2.5420781043498035,533407.7,19629402.95304222,7.455880443493382,37.734400024414064,,-4.860395691009524,7.665298152405302,,-20.8533861518968,,0
HK.03360,490,6.590000152587891,6.579999923706055,0.15197916410010393,1.116160396109046,7686850.55,50656346.29742031,2.3831912584570327,6.497925958633423,6.785099112987519,-2.2802817504913833,-2.697302373758734,-4.00513445827888,-10.613036164828088,-0.8675450525056061,1
HK.03363,489,0.36000001430511475,0.36000001430511475,0.0,0.0,300.0,108.00000429153442,0.0,0.3471000039577484,0.32970975041389466,2.857148695965302,24.653731208053724,9.988591033626859,3.87811112663793,-1.5891520896833062,0
HK.03366,490,0.20000000298023224,0.20000000298023224,0.0,0.136986301369863,29000.0,5800.000086426735,0.7741900251241931,0.21079999953508377,0.26223999962210653,-5.21326669477407,-17.01244574678809,-32.20338580663828,-33.33333498901784,-7.407408429434898,0
HK.03368,490,0.12999999523162842,0.13500000536441803,-3.7037110623015317,1.7045454545454546,205325.0,26692.249020934105,4.686562955772073,0.1552799990773201,0.1596850000321865,-16.66667144267977,-33.67347008595614,-18.750001164153243,-25.714287173991323,-0.2733290786771883,0
HK.03369,490,2.430000066757202,2.4049999713897705,1.0395050172489153,0.9915700737618546,488025.0,1185900.7825791836,1.5629967966556735,2.326086368560791,2.3768608951568604,5.194810690482929,9.821867658093828,-6.210529231408566,-5.520897381740511,10.293208492141568,1
HK.03377,490,0.0430000014603138,0.041999999433755875,2.380957238190364,0.25227471041831045,20198498.2,868535.4520961456,6.833712499344362,0.047979999855160715,0.07440000005066395,-13.999998360872294,-27.118642034458052,-50.57470954296082,-56.5656548552386,-62.93103215722061,2
HK.03378,177,28.600000381469727,27.399999618530273,4.379564889219589,0.0780403208324301,10477.5,299656.50399684906,3.9378370167659447,28.984799957275392,,-2.322405359388966,6.716422371833641,58.01104850113488,67.64361826953834,,1
HK.03380,490,1.2799999713897705,1.2999999523162842,-1.5384601277006635,0.6713823738541068,3139687.1,4018799.3981728316,3.568332203249056,1.3946999955177306,1.4062749952077866,-6.227108978249763,-13.513516561230885,-3.0303090509739805,-28.08988809194278,47.12643268669374,0
HK.03382,490,0.6150000095367432,0.6150000095367432,0.0,1.2301094117267868,1408525.2,866243.011432743,1.7595681772702716,0.6117000091075897,0.6351602858304978,2.499997516473233,-4.8080742922271895,-4.8080742922271895,-1.9665338554570015,-8.774412245002612,0
HK.03383,490,0.1459999978542328,0.15199999511241913,-3.947366744155975,0.8621942919378676,1086184.2,158582.89086930154,4.911200171882372,0.1640399995446205,0.2386650002002716,-22.34042401414152,-27.722775856077213,-46.90909284008431,-46.90909284008431,-66.43678228643142,0
HK.03388,75,20.940000534057617,21.860000610351562,-4.208600414486217,0.8298029484078555,1250246.4,26180160.28370361,9.199096111014613,22.000999908447266,,-13.03986461626688,-8.15788932123985,,-8.15788932123985,,0
HK.03389,490,0.2849999964237213,0.29499998688697815,-3.389827426361236,0.11262642232106118,6613856.85,1884949.1785970046,12.110258335712473,0.28479999631643294,0.21081999864429235,18.750001164153243,20.76270961703258,59.2178705375498,105.03597076027656,117.55725373185939,0
HK.03390,489,0.25,0.25,0.0,0.0,28500.0,7125.0,1.255599454009984,0.24173999905586244,0.26981499932706354,0.0,-1.960782480441495,-9.090911061310528,-13.793100967701989,-24.242427252759718,0
HK.03393,490,13.829999923706055,14.239999771118164,-2.879212457879942,0.24500952073273205,4735128.4,65486825.41073838,6.596549546607025,17.58479995727539,21.51519685268402,-25.12181679559428,-30.432593020427724,-46.847005146768296,-21.600807292184758,27.682740332604695,0
HK.03395,490,0.19599999487400055,0.18700000643730164,4.812827875338324,1.8577151285125448,62825.15,12313.729077958316,4.15383928999546,0.22399999797344208,0.26648999854922295,1.030922212868458,-19.672134150999938,-53.88235544085909,-30.0000021287373,-46.30137267043825,1
HK.03396,490,19.15999984741211,18.329999923706055,4.528095620080292,1.507706422276986,11041186.55,211549132.61324865,5.305000386267289,16.015000019073486,11.64389860868454,-0.9819148853328639,24.75544085722376,106.9016810239713,115.67653837429486,72.84987452269023,1
HK.03398,490,0.05999999865889549,0.05700000002980232,5.263155486885312,0.03551346552234389,338200.0,20291.999546438456,8.98712309666271,0.09387999996542931,0.0834900001809001,-42.85714235030063,-42.307694787545266,-11.764712649748445,1.694912364756178,-42.307694787545266,1
HK.03399,490,1.25,1.2549999952316284,-0.3984059960658085,1.277258566978193,117950.0,147437.5,1.261192021782378,1.3133000016212464,1.4123619210720062,-7.407409042651405,-8.365761288131084,-16.33395500505311,-18.854012271851005,-25.165366486848185,0
HK.03600,490,7.429999828338623,7.449999809265137,-0.2684561266919879,0.7459885868855717,715460.1,5315868.420183134,4.063406444230335,7.586030759811401,6.047957901954651,-9.75601322943488,26.962390567954387,35.50361959805047,44.58765923875694,49.43107811100747,0
HK.03601,490,0.550000011920929,0.5899999737739563,-6.779654852722472,2.549317147192716,72100.0,39655.00085949898,3.429811726020006,0.7027999985218049,0.8210999977588653,-19.11764615650409,-30.37974721746286,-33.73493699034886,-38.888885945449566,-47.619044104941416,0
HK.03603,489,0.08500000089406967,0.08500000089406967,0.0,0.0,139350.0,11844.750124588609,6.002601734586512,0.07870000042021275,0.06760500004515052,30.769236941309597,2.4096435292019236,66.66667153632729,69.99999925494194,102.38095723819036,0
HK.03606,490,55.150001525878906,54.849998474121094,0.5469517959956874,0.5882826067286212,3203158.6,176654201.67763215,2.939012329525791,55.40060012817383,59.32147239685059,-2.5618321330965435,4.648957737136092,-6.82550256156297,-16.364145237591387,-21.72206834371499,1
HK.03613,490,5.90500020980835,5.894999980926514,0.16963916733150197,0.9017689218536564,1071386.8,6326539.2787858965,1.8056722856538803,6.500300006866455,7.3218965816497805,-9.01386104685524,-11.203005637218997,-25.914931245513518,-25.5625628292336,-29.897107332517788,2
HK.03616,490,0.1899999976158142,0.20000000298023224,-5.000002607703171,1.9614147909967845,136600.0,25953.99967432022,5.770306838935949,0.22818000108003617,0.24060500025749207,-11.214955028086948,-19.14893697969187,-12.44239447797282,-24.000000953674316,-26.92307515962583,0
HK.03618,490,6.300000190734863,6.34499979019165,-0.7092135688696043,2.4976064133049194,8164384.3,51435622.64723272,2.512492545521407,6.381599988937378,6.232730357646942,-0.0792963955571935,-4.109588643408482,7.264534191272641,7.439152844535041,12.693331504590963,0
HK.03623,489,0.5799999833106995,0.5699999928474426,1.754384313814067,0.4878048780487805,24400.0,14151.999592781067,1.3508091789306935,0.569600002169609,0.7743250031769275,-3.3333399560713786,13.725489050275936,-26.582282587725775,-47.747749924688726,-60.81081244351655,1
HK.03625,113,61.45000076293945,66.3499984741211,-7.385075846072276,3.4878063122248424,169982.4,10445418.60968628,9.73987886541909,86.19499992370605,,-38.33416977220917,-39.577185243955334,,-23.187499046325684,,0
HK.03626,489,1.8799999952316284,1.9500000476837158,-3.5897461918134885,0.06384676775738228,124200.0,233495.99940776825,5.755094157331973,1.6659999990463257,2.3006499934196474,10.588231911708835,-3.0927866092331895,-19.99999695635844,-41.61490749914536,-82.89353926856042,0
HK.03628,490,0.210999995470047,0.21699999272823334,-2.764975787672317,8.444444444444445,25600.0,5401.599884033203,0.0,0.19980000138282775,0.20102000035345555,5.49999616295105,5.49999616295105,3.9408874588667384,5.49999616295105,-4.090910630285256,0
HK.03633,490,2.6649999618530273,2.7799999713897705,-4.136691033102877,1.6356986100950988,1793050.0,4778478.181600571,2.8488116834199335,2.5713000011444094,2.704803104400635,7.894734047939123,0.5965784553001742,-8.299714959947135,-2.319260194116725,-27.721491640860428,0
HK.03636,167,16.0,16.559999465942383,-3.381639396149068,0.32056868261833027,244703.2,3915251.2,6.631633566864596,15.617999935150147,,-6.976748312273766,0.5240520935210965,-53.940680027440315,-56.86507738578533,,0
HK.03638,490,2.9649999141693115,3.1500000953674316,-5.873021447529219,0.36553659227224755,94542.5,280318.50438535213,11.603162141984283,6.120299997329712,9.666125001907348,-54.73282705604533,-62.46835596991966,-74.65811997858879,-78.6690647802851,-82.5690777526567,0
HK.03639,490,0.035999998450279236,0.03999999910593033,-10.000001862645192,0.15064591829760088,22110800.0,795988.7657344341,26.733583993811017,0.03034000039100647,0.04274000024423003,49.999992238978614,-5.263158926673246,-29.4117664245861,-32.0754738200301,-52.000003973642826,0
HK.03650,490,1.350000023841858,1.4249999523162842,-5.263153051515313,0.9485213938121511,316870.0,427774.5075547695,6.830027618189835,1.7934999942779541,2.8758750057220457,-34.46601643977164,-44.672131467909935,-57.4132494842036,-62.603876369197984,-76.68393725844163,0
HK.03658,490,1.7000000476837158,1.7050000429153442,-0.2932548449136124,0.02400384061449832,208100.0,353770.00992298126,1.8595775988238792,1.8103999996185303,1.8553328645229339,-7.3569475562291045,-10.120912251090585,-10.120912251090585,-7.312184552084922,-9.41560097631158,0
HK.03660,490,33.2400016784668,33.560001373291016,-0.9535151422219338,0.0977361124962601,49217.5,1635989.7826099396,3.78510464214359,46.729158096313476,57.282991333007814,-31.411682436390443,-42.26508797986608,-42.20922532266478,-55.726647276561415,-71.00873238107653,0
HK.03661,56,89.55000305175781,91.0,-1.5934032398265796,0.5549506041490616,387365.8,34688608.5721466,6.723457456012029,94.47000030517579,,-15.037948998728845,,,-28.53152364667757,,0
HK.03662,490,0.35499998927116394,0.3416999876499176,3.8923038050772796,8.276661514683154,913100.0,324150.4902034998,3.663367295525382,0.34772607862949373,0.3586074206233025,3.8923038050772796,15.435894235426437,-7.943535286620423,-16.408494291945846,-22.633393941972237,1
HK.03666,489,0.024000000208616257,0.024000000208616257,0.0,,0.0,0.0,0.0,0.024000000208616257,0.02900500006042421,0.0,0.0,-22.580643223053922,-41.4634157422041,-41.4634157422041,0
HK.03668,490,34.099998474121094,36.7599983215332,-7.23612613946704,0.8895756125985138,1550824.95,52883128.42862892,3.1198688294785337,32.15388175964355,33.63255620956421,4.941178956611776,-5.3494430361331125,-0.043397114008053905,31.485518017000974,21.60241139552524,0
HK.03669,490,0.8399999737739563,0.8199999928474426,2.439022085483674,0.1512009114911266,3132088.9,2630954.5938576995,4.8720555478296,0.8430999946594239,1.1992749989032745,-1.1764764455773846,9.09090838719426,-39.568346588577434,-50.87719561198283,-60.555626211989534,2
HK.03677,350,4.34499979019165,4.394999980926514,-1.1376607725109182,0.5908722837656212,1807665.0,7854304.04573679,3.2177318985136787,5.3490999317169186,7.462824981212616,-20.9281186409056,-33.46095481489774,-47.333335876464844,-48.335316658433996,-56.7231094950152,0
HK.03678,490,2.1649999618530273,2.2049999237060547,-1.8140572896618241,0.36771638695078257,4773850.0,10335385.067892075,3.183378340565689,2.2146240043640137,2.8065491306781767,-5.04386013069312,-4.428407092406091,-33.24691846556541,-34.05850569992509,-45.76312125327189,0
HK.03680,490,2.2799999713897705,2.384999990463257,-4.402516540601384,0.5001211644520285,1379552.1,3145378.748530698,4.3900353683090625,2.2512000131607057,2.0158000022172926,-6.938778489195016,1.785712575121809,20.634920034218744,43.39622160541621,2.7027000903735274,0
HK.03681,490,1.100000023841858,1.100000023841858,0.0,0.44799018103712795,742170.0,816387.0176947117,4.902596496959473,1.1874000144004822,1.433450002670288,-9.090909986546098,-19.708027736259975,-44.444443775480984,-20.863306822845132,-56.86274335641942,0
HK.03683,490,0.03500000014901161,0.03400000184774399,2.941171314477376,0.00943050243621313,2387000.0,83545.00035569072,5.253151919343734,0.04123999960720539,0.06425000052899123,-5.405406221758272,-30.00000074505805,-57.3170741679837,-53.33333498901784,-57.83132351669931,1
HK.03686,490,0.48500001430511475,0.48500001430511475,0.0,0.12226184411614875,936000.0,453960.0133895874,2.898888033042176,0.5312000012397766,0.6258463937044144,-10.185186105009914,-20.783524585296234,-28.805447462305896,-27.892691045886743,-10.724287542631691,0
HK.03688,490,0.19099999964237213,0.1860000044107437,2.688169415623739,0.10458567980691874,55900.0,10676.899980008602,3.4947162695317058,0.24084000140428544,0.3056450010836124,-23.600000143051147,-30.545456180887737,-38.387097363417396,-48.37837914030772,-60.20833251842607,1
HK.03689,489,1.899999976158142,1.899999976158142,0.0,0.0,710.0,1348.9999830722809,0.40785496313299596,1.8361999797821045,1.7331274223327637,6.44257768555661,12.701480876353644,17.060105845302694,23.185340575379744,5.412331076500611,0
HK.03690,490,75.05000305175781,75.0999984741211,-0.06657180210264492,0.4062707075633425,41971360.05,3149950699.838926,3.575940611747588,84.31600021362304,86.58975006103516,-14.375354540525489,-3.905243894945677,0.7382591298762584,-28.250474047257462,-25.323380048002175,0
HK.03692,490,34.400001525878906,32.720001220703125,5.13447506876248,1.0077812433113158,13107398.9,450894542.16030353,4.410884097541903,33.2728002166748,35.26588203430176,4.432310139764538,18.47936300036085,6.52206140577283,-4.995419786207525,-6.26606321070255,1
HK.03696,174,51.900001525878906,50.5,2.772280249265161,0.6904470628999458,16261975.25,843996540.288805,7.07205618431758,45.254600067138675,,15.333336724175348,50.78444011279623,-7.486625779820019,38.10537253085154,,1
HK.03698,490,4.849999904632568,4.860000133514404,-0.2057660207224004,0.6380207091902463,5325617.35,25829243.63960955,3.333764982975872,4.8283000183105464,4.1401997923851015,1.6771472542126864,0.9484072905026574,40.342912792509075,58.368613727119126,45.060327428697875,0
HK.03699,490,0.46000000834465027,0.46000000834465027,0.0,1.0616929698708752,73400.0,33764.00061249733,2.2963709720273875,0.4069999969005585,0.3840329237282276,9.523814930126678,18.5880429288399,26.49392347182041,23.2083664934756,17.99805622870297,0
HK.03700,490,0.800000011920929,0.8149999976158142,-1.8404890477013416,0.2284408909194746,977050.0,781640.0116473436,4.598959296612133,0.9321000027656555,0.9446250024437904,-12.087913311531134,-41.60583874916216,15.942031113797448,-26.605505741020778,-44.82758719912604,0
HK.03708,490,0.18400000035762787,0.19300000369548798,-4.66321407540497,0.5112547042533551,690500.0,127052.00024694204,4.171134992191701,0.19080000013113022,0.26292999982833865,-1.6042812708028569,-6.5989831205392,-34.28571443776695,-50.270270814505515,22.666662030750036,0
HK.03709,490,4.554999828338623,4.800000190734863,-5.104174013766686,0.712038566415648,489193.5,2228276.30852437,3.9249493050294806,5.136800012588501,6.116133222579956,-12.822968201394847,-17.927933841467027,-27.472293773241642,-36.85823459494003,-35.42319136773598,0
HK.03718,490,0.38499999046325684,0.38499999046325684,0.0,0.25934065934065936,854600.0,329020.9918498993,1.8775235498088596,0.3858534926176071,0.3794697579741478,0.7853380063166879,-1.6728422791549367,8.474244951692125,7.101149145314416,10.879925347948802,0
HK.03728,489,0.06199999898672104,0.06199999898672104,0.0,0.0,57000.0,3533.999942243099,1.3566832238430608,0.05977999985218048,0.06148999996483326,1.6393414590667243,6.896553053016792,-3.1250061845636785,0.0,-22.499999534338702,0
HK.03737,490,0.6850000023841858,0.7099999785423279,-3.521123508970877,1.1404561824729893,402040.0,275397.40095853806,6.1227702509957,0.670900000333786,0.7209749972820282,8.730159931562515,3.787875024959444,-8.666666348775227,14.16666252745539,-8.666666348775227,0
HK.03738,490,2.9649999141693115,3.119999885559082,-4.967947983177429,1.0824519516004374,41311838.0,122489596.1241765,6.922594890256328,2.620299987792969,3.579374990463257,18.363264619293613,16.732281838548943,-33.52018186526293,-31.046516682535362,-50.25167961087528,0
HK.03750,328,549.0,547.5,0.273972602739726,0.6817002684145904,2012609.8,1104922780.2,2.7558843262151966,614.8765808105469,590.9018740844726,-15.797546012269938,-16.865225283211636,11.50308300864653,8.317281596071838,32.059807359045664,1
HK.03752,48,49.79999923706055,50.54999923706055,-1.4836795476153841,0.20960112315837265,234286.4,11667462.541253662,8.496953715584606,,,-27.930534968519087,,,13.750572466005801,,0
HK.03759,490,29.420000076293945,27.540000915527344,6.826431003154536,0.9928595874723739,9456434.45,278208302.2404687,5.548297159388249,26.712000007629396,21.415141158103943,-3.477688588786016,99.27933079480069,63.56460713505929,50.037342628882165,28.57564647499546,1
HK.03768,489,0.3799999952316284,0.3799999952316284,0.0,0.0,33850.0,12862.999838590622,5.240517180313973,0.4600999957323074,0.6196249993145466,-24.000000953674316,-34.48275755758657,-41.53846012770067,-50.0,-48.64864995481323,0
HK.03773,490,2.4200000762939453,2.4600000381469727,-1.6260146842582102,1.0392902408111533,161800.0,391556.01234436035,2.9600571406697687,2.5688999557495116,2.1054249846935273,-7.633580839735752,-3.968250213867144,53.164557630560004,47.56098154894592,55.12821570891169,0
HK.03774,490,21.0,18.969999313354492,10.701111018050637,4.16661470349816,943750.0,19818750.0,18.609871626065637,17.17139995574951,9.369199994802475,46.54570908447664,90.38985048409565,206.12244302160997,284.61538192822115,900.0000454130648,3
HK.03778,489,2.8499999046325684,2.8499999046325684,0.0,0.0,1700.0,4844.999837875366,0.03449297960948711,2.929200029373169,2.9808000075817107,-3.3898353028728145,1.7857126131349395,-8.064516377126521,-10.937504307366844,-7.994958942504729,0
HK.03788,490,3.234999895095825,3.25,-0.4615416893592248,0.38736367859204834,3759472.25,12161892.334365666,5.21372535932905,2.914899983406067,3.5004750061035157,-1.371953557514158,33.67767740115087,-20.320198505197702,-13.502676822278136,12.717770874253551,0
HK.03789,490,0.2329999953508377,0.23800000548362732,-2.1008445452046747,0.2088167053364269,348400.0,81177.19838023186,2.8703453954260034,0.2130246502161026,0.1429749988950789,11.99418554889013,24.89403704001013,100.46017844334176,222.36162518336778,266.9963321173558,0
HK.03798,490,1.225000023841858,1.2300000190734863,-0.40650367106455254,0.7168458781362007,26600.0,32585.00063419342,1.4217616178795325,1.2360999989509582,1.3266749984025956,2.083331263727694,-10.583940176776064,-5.038755033589298,-8.58209005016131,31.720431658115967,0
HK.03800,490,0.7099999785423279,0.7049999833106995,0.7092191985804456,0.36278331509650097,359725292.5,255404949.95613262,4.554576265879249,0.6778000032901764,0.9154000025987625,-2.7397315080268676,-7.792208294861243,-33.01886633309057,-36.036038793494605,-44.96124034589546,1
HK.03808,490,41.36000061035156,40.84000015258789,1.2732626244388523,0.511927037680882,6623737.15,273957772.56680834,4.033564090496072,39.44098991394043,36.08546913146973,7.497422189790286,6.073227405642283,14.044024164263814,56.471370343022485,91.69196828977175,1
HK.03813,490,0.36000001430511475,0.3529999852180481,1.983011155862438,0.3073700150911263,4423861.85,1592590.3292838512,2.980128908943287,0.32655038237571715,0.37545974999666215,4.702549869724176,1.983011155862438,-8.815792304414467,-15.606105711219447,-20.118392733599023,1
HK.03816,489,4.539999961853027,4.78000020980835,-5.020925469058607,1.4841694638483172,2357800.0,10704411.910057068,10.142972354456976,2.509100008010864,1.851423590630293,89.95814906188279,123.64532146987524,112.20538637990659,839.7667466435583,1215.6734615337448,0
HK.03818,490,0.25999999046325684,0.25999999046325684,0.0,0.39714599758374075,2590194.5,673450.5452979803,3.023915447906391,0.2853999960422516,0.38940854102373124,-11.864406094746942,-22.388064481548582,-40.90909275634231,-41.57303491184741,-43.76934023197514,0
HK.03822,490,1.0549999475479126,1.100000023841858,-4.090915938054087,3.557628247834777,17680.0,18652.399072647095,1.3647270826100084,1.0422000145912171,1.1211642873287202,-3.211016950357425,-18.21705591119148,-9.051726042657402,-12.083341197834763,6.843162291550504,0
HK.03828,490,0.7099999785423279,0.7250000238418579,-2.0689716974136187,0.1389133462631697,224656.9,159506.39417938588,2.2640745933525253,0.7469999921321869,0.8185047629475594,-2.7397315080268676,-8.974358386541944,-23.92857405147989,-18.967394435809922,-17.457682401518213,0
HK.03830,490,0.20000000298023224,0.20200000703334808,-0.9901009819200971,1.2747252747252746,241000.0,48200.00071823597,3.854852218334063,0.19671999901533127,0.15579500015825032,-0.9901009819200971,5.263160784158717,14.285717934978315,177.77779387471188,194.1176354575741,0
HK.03833,490,2.009999990463257,2.0,0.4999995231628418,0.5775229744540933,3520750.0,7076707.4664235115,5.258491798166347,1.8406999969482423,2.1456614512205126,3.0769200673000614,19.642860310621103,-17.59595509576083,-31.962451538520575,8.86007578128793,1
HK.03836,490,0.5199999809265137,0.5199999809265137,0.0,0.02547608432583912,391075.0,203358.99254083633,3.666091092095199,0.6560999965667724,0.8803499953448772,-21.212127232792163,-8.77193202602569,-50.4761900436851,-49.01960875977925,-74.75728177813045,0
HK.03838,490,0.1770000010728836,0.1770000010728836,0.0,1.055683365601304,4966842.95,879131.2074788444,2.8643626299359757,0.16584000021219253,0.16842619515955448,11.320759314467837,4.1176465947735315,8.203207909240353,3.4207389147807334,-6.4042309561586475,0
HK.03839,489,8.529999732971191,8.529999732971191,0.0,0.0,12289.0,104825.16671848297,1.4358106599339124,8.923399887084962,7.71709995508194,-2.8473804966210277,-6.775955315926778,49.64912312989898,17.817679594398612,39.607193888305694,0
HK.03848,490,2.049999952316284,2.059999942779541,-0.4854364437391164,1.0045772103107684,435950.0,893697.4792122841,2.297365497190896,2.195599985122681,2.2270617365837095,-12.765955935780788,-8.482145375515113,-8.31865523724669,-8.31865523724669,-8.236788856492765,0
HK.03858,257,53.04999923706055,55.099998474121094,-3.720506885355675,0.30515804073467456,2833879.05,150337281.44042185,7.027283319112413,54.9791104888916,71.80782393455506,-12.662712476887245,-36.92028119740045,-59.099318142514804,12.485265706637419,82.70424302340666,0
HK.03860,490,0.5649999976158142,0.6299999952316284,-10.317460017109372,0.04240282685512368,347250.0,196196.24917209148,4.891309021969869,0.5795000040531159,0.6101750022172928,-3.4188002837792526,-2.5862045045697752,-10.317460017109372,-16.911765930458735,17.70833546761428,0
HK.03866,490,5.139999866485596,5.164999961853027,-0.4840289555096618,0.5347671995765265,3445670.0,17710743.339953423,2.5928942328268043,4.85189998626709,4.30716082572937,9.594878545307104,12.227073190132261,25.882173373618016,41.040769871801,19.4624646190606,0
HK.03868,490,0.7900000214576721,0.7950000166893005,-0.6289302046118699,1.6954948474315232,7930870.7,6265388.023178023,2.223369675478649,0.8410341489315033,1.0530509015917777,-5.3892165558151115,-20.633270286269916,-32.809859622601714,-26.915984929717713,-34.39702635512896,0
HK.03869,489,3.4000000953674316,3.4000000953674316,0.0,,0.0,0.0,0.0,3.4000000953674316,4.2491500174999235,0.0,-0.2932548449136124,-28.270036718474927,-42.37288067101817,-47.69230622511644,0
HK.03877,490,2.4600000381469727,2.4800000190734863,-0.8064508376086847,1.3183521453608567,15191452.5,37370973.72950792,2.881342003869534,2.23280002117157,2.2240698993206025,12.072898084906779,1.5441059965023438,-1.6291464082822293,23.296749559071404,40.69898897199823,0
HK.03878,490,0.19200000166893005,0.1940000057220459,-1.0309298938791562,1.1149825783972125,56300.0,10809.600093960762,2.3419075378068315,0.21930000007152559,0.23145999863743782,-15.044245570349538,-23.19999933242798,-24.705880290496683,-16.521739919154076,7.865167598714749,0
HK.03880,299,18.860000610351562,18.530000686645508,1.7808953668516818,0.9252561784207354,98845.0,1864216.7603302002,5.82014814747618,22.037000007629395,23.959600048065184,-14.350589381109558,-12.19738821098686,-15.350089635966087,-35.41095850145109,-48.07268510787128,1
HK.03881,179,21.200000762939453,21.34000015258789,-0.6560421211218214,1.4234134655705202,1230670.1,26090207.058926776,5.536963531227891,19.60620002746582,,6.265663920785855,15.847003534327586,-18.649266318498682,-5.777774386935764,,0
HK.03882,489,0.4000000059604645,0.4000000059604645,0.0,0.0,63500.0,25400.000378489494,3.376684100907798,0.4241000008583069,0.5157749977707863,-6.976744347227267,-15.789471372673027,-24.52829668809585,-38.46153528732649,-48.0519459910689,0
HK.03883,490,0.035999998450279236,0.03700000047683716,-2.7027081450551504,0.9237268981629686,3171331.6,114167.93268532158,8.238197418040945,0.039780000150203706,0.060760000087320805,-10.000001862645192,-30.76923517785825,-50.68493290496917,-48.571431004271204,-67.56756938168506,0
HK.03886,490,0.17399999499320984,0.17399999499320984,0.0,3.0674412730487495,497675.0,86595.4475082457,7.595347123602783,0.19467999994754792,0.22771959580481052,-4.395605205352333,-19.515874240671547,-29.817845240277556,-29.25185754935869,-32.517158884882264,0
HK.03887,181,2.4000000953674316,2.5850000381469727,-7.156670794951172,0.7458230981998413,2694480.4,6466753.216965675,8.269391660717318,2.262700002193451,,-14.742449499727533,-13.04347450506333,-61.72248640082475,-62.905716024817046,,0
HK.03888,490,24.260000228881836,24.3799991607666,-0.49220236265583367,0.6065078990083402,10680436.85,259107400.42555797,3.5047354483954782,25.22360004425049,25.582330589294433,-7.120982199808198,1.9327773385176887,1.538367829604432,-16.34741818434848,-26.56491478702993,0
HK.03889,490,0.06499999761581421,0.06300000101327896,3.1745977307424083,0.3488045007032349,1439600.0,93573.99656772614,7.978821139832235,0.05028000004589558,0.07413000026717782,27.450978100551872,-7.1428609441737585,-24.41860999027526,-29.347828815784478,-31.578949019519264,1
HK.03893,490,1.3700000047683716,1.3350000381469727,2.6217202712578285,2.5939465219798246,380921.75,521862.79931637645,6.988954177111366,1.264300000667572,1.1241749933362006,10.48387050256521,12.295079724630456,42.70833701981861,35.6435661093416,372.4138083412592,1
HK.03896,490,5.065000057220459,5.25,-3.5238084338960194,0.5215366766406767,60408572.5,305969423.16910625,3.907153711288708,5.607199983596802,6.485600011348724,-15.933610339443947,-8.574005557821154,-19.60317612895735,-10.82746108635093,-30.616439385180556,0
HK.03898,490,29.31999969482422,29.420000076293945,-0.33990612240108353,0.6587923589440764,3509634.55,102902483.93494453,2.6153662372525153,32.87717887878418,36.736638660430906,-15.373418659493174,-23.882718535596922,-25.9199166639519,-20.296045021275475,-18.846523394523505,0
HK.03899,490,7.994999885559082,8.095000267028809,-1.235335122557454,1.083967471185848,4205077.6,33619594.93076706,4.108710069770356,7.693299989700318,9.201397793293,1.5238080705915178,-3.790619953688843,-35.02752239255712,-13.483302839322794,16.987211578480622,0
HK.03900,490,5.599999904632568,5.675000190734863,-1.3215909001156003,0.34824473391400196,16347343.85,91545124.0009958,5.056261319451839,7.038500003814697,8.715075018405914,-25.33333460489909,-32.61131622312397,-43.3198396784689,-33.17422639431337,-39.978564304123374,0
HK.03903,489,0.1679999977350235,0.1679999977350235,0.0,,0.0,0.0,0.0,0.1679999977350235,0.1679999977350235,0.0,0.0,0.0,0.0,0.0,0
HK.03908,490,19.8799991607666,20.1200008392334,-1.19285123487073,0.9150685419544036,19071952.2,379150393.73018074,4.056475123702943,21.451199989318848,20.2140816116333,-6.578954326620357,8.86109940169894,7.466933810293037,-0.20167737977010136,0.17509517640565106,0
HK.03913,490,0.14100000262260437,0.14000000059604645,0.714287158786028,0.009353092628856478,299041.15,42164.80293426663,4.22124185532315,0.14552000045776367,0.1861200000345707,-7.236837397053315,-18.02325707317813,-32.857139511984116,-35.616436212380606,-42.21311432860834,1
HK.03918,490,3.130000114440918,3.109999895095825,0.6430938913094892,0.36494034397635233,3193735.85,9996393.575994063,3.2239432180112577,3.3729317951202393,3.913494256734848,-9.32329179766429,-12.443860062738407,-18.527168239317472,-31.738967574770538,-42.7766591107972,1
HK.03919,490,1.4450000524520874,1.090000033378601,32.56880809197008,1.7700649668882493,1296530.0,1873485.9180057049,14.220615821322696,0.7589000022411346,1.1694750010967254,109.42029818044297,38.94231783215148,17.479677239399773,20.41666625274554,36.320767024099624,1
HK.03928,490,27.15999984741211,27.040000915527344,0.4437830170924954,0.6667323950605112,404885.0,10996676.538219452,6.299921208182783,26.478000106811525,17.824750037193297,2.4905654619324884,32.358670767652036,66.62577373414648,213.62586981486382,420.30653139959105,2
HK.03931,490,16.850000381469727,16.920000076293945,-0.4137097784195227,0.5329390610061358,3361627.85,56643430.55485926,4.2852006081787115,18.65779998779297,26.17024998664856,-20.668547254966988,-32.220434562445334,-35.19230622511644,-35.19230622511644,-22.421726914560523,0
HK.03933,490,8.125,7.940000057220459,2.3299740736312238,1.0578702770180188,8676828.5,70499231.5625,3.3542155883182128,8.864899988174438,10.114130635261535,-6.8767949024279185,-0.5684500478328068,-33.99937080135598,-28.541515290467423,-51.46256974099409,1
HK.03938,490,3.0350000858306885,3.0399999618530273,-0.16446960806181066,6.732206055839559,40387.5,122576.06596648693,1.0423147678370488,3.233700008392334,3.031275010704994,-3.343949540303938,-20.549734584569038,-3.343949540303938,105.067570724132,333.57144821663326,0
HK.03939,490,15.199999809265137,15.4399995803833,-1.5544027049267966,0.3833625568290536,37631162.85,571993668.1424253,6.157956241553164,12.33779998779297,11.7089812707901,19.685039665718374,67.50946778410027,-6.463691490345634,95.39225119886254,79.2279963682906,0
HK.03952,54,50.599998474121094,51.79999923706055,-2.316603823578644,0.3734687780101584,127775.0,6465414.805030823,6.974745831221493,65.96599975585937,,-27.610876438410976,,,-30.684933597094393,,0
HK.03958,490,5.769999980926514,5.755000114440918,0.26064059404545986,0.6902366977691061,7916365.5,45677428.78400731,2.5906203623475106,5.654199991226196,5.973509223461151,3.0357156998040966,5.19190755716282,3.200322311060364,-14.098300163106195,-8.925630197581478,1
HK.03963,490,0.12099999934434891,0.12200000137090683,-0.819673783049966,20.0,4000.0,483.99999737739563,0.0,0.12590000048279762,0.14519500110298394,-0.819673783049966,-22.435899456518367,-17.12328690226696,-6.923074013382618,-49.58333247962096,0
HK.03968,490,52.75,51.95000076293945,1.5399407609465472,0.8984739945391597,12923796.25,681730252.1875,2.2360991733020175,49.12240013122559,47.89850383758545,10.309494639560565,12.323613227678822,12.277027758329353,3.3988896286578933,15.64349202117295,1
HK.03969,490,3.0950000286102295,3.1050000190734863,-0.32206088250655707,0.9307410337721443,1843329.55,5705105.009988082,1.585846326288466,3.189350752830505,3.2776237988471983,-4.622491902584737,-1.5925018070423673,-8.445394185937358,-2.4685327068938223,-1.8862529797580518,0
HK.03978,490,2.684999942779541,2.6050000190734863,3.0710143232362834,0.9824873481611163,844738.55,2268122.9584136726,3.1850244897432907,3.0632000207901,3.3584461867809297,-14.761909159042444,-17.638038324104606,-12.462434895054006,-29.88174660648867,-43.565938072648805,1
HK.03983,490,1.9600000381469727,1.975000023841858,-0.7594929374080014,0.29405283984101704,5479042.4,10738923.313008882,2.5097779225447385,2.069600021839142,2.3660660940408706,-9.259261098908716,-10.502283701553946,-31.261958952010342,-14.922591571031585,-12.40975366310016,0
HK.03986,165,420.0,452.20001220703125,-7.12074554130907,0.7431622345912666,2530143.6,1062660312.0,5.529269137578472,532.1420007324218,,-24.187725631768952,-38.864628820960704,12.632881668921906,88.86735250090162,,0
HK.03988,490,6.085000038146973,6.045000076293945,0.6617032481089798,0.8039205038315147,210737287.25,1282336400.9552395,2.1475927556350074,5.4460000228881835,4.87806881904602,14.703114704013547,16.465178780931286,39.914554691488185,38.06137195754591,48.95432213904942,4
HK.03989,490,0.08100000023841858,0.0820000022649765,-1.2195146328490274,0.3353029378910886,2873541.6,232756.87028510572,4.544644527148828,0.08435999989509582,0.08987499993294477,-5.8139564097732555,-3.5714269875466207,-28.94736824906324,9.459458370988969,-5.8139564097732555,0
HK.03990,490,2.3499999046325684,2.4000000953674316,-2.0833411978347622,0.9189611055566999,583487.85,1371196.3918542622,3.9660276324273194,2.5619433641433718,3.233152325153351,-4.858304558206035,-13.783623145240966,-43.23763073794891,-38.80739592209231,-44.88725852214907,0
HK.03991,490,0.6000000238418579,0.6050000190734863,-0.8264454667762735,1.1182108626198084,1103400.0,662040.026307106,1.8185620412566748,0.6514000058174133,0.960899994969368,-6.976737738815951,-33.333328918174345,-47.368418300801224,-46.90265253329763,-35.48386890028983,0
HK.03993,490,15.619999885559082,16.0,-2.3750007152557373,0.8254541462521502,42077316.25,657247675.0096333,4.164112823631068,16.730500526428223,18.39821589946747,-10.870426674642138,-6.190590740572097,-27.918516040315534,-20.624551904190923,26.1000096699409,0
HK.03996,490,1.034999966621399,1.034999966621399,0.0,0.5163612820960368,15233710.9,15766890.273020042,1.7867349124306522,1.0707000017166137,1.150127007961273,-2.816909764057405,-8.59029454862991,-19.58695065256462,-0.97281996317993,-9.364947732121722,0
HK.03997,490,1.2000000476837158,1.2100000381469727,-0.8264454667762735,0.11727559765448804,217200.0,260640.01035690308,6.5003708458479785,1.8810000014305115,1.468649999499321,-30.43478080590869,-57.142854710014454,55.844165897224876,62.16216651604412,90.47619948671885,0
HK.03998,490,4.364999771118164,4.364999771118164,0.0,0.7109582301071742,21236243.95,92696199.9811595,2.664312948830036,4.478416061401367,4.271024979352951,0.5013281688725962,10.095729895350901,-1.6415552209153588,2.057774483649917,6.244381850660321,0
HK.03999,489,0.5699999928474426,0.5699999928474426,0.0,0.0,19100.0,10886.999863386154,3.5649469281216803,0.5552999985218048,0.581274998486042,3.636360089641049,3.636360089641049,-6.557380413054316,-3.389827426361236,-9.523809974335942,0
HK.06030,490,24.8799991607666,25.219999313354492,-1.348137041414802,0.4589704462203988,12941619.45,321987481.0549607,3.168474242286702,26.97520004272461,26.755088920593263,-6.955873695857494,0.48464834723543454,-0.9666022401830848,-11.175521750694667,-7.350330620124838,0
HK.06031,216,19.93000030517578,19.700000762939453,1.1675103214666562,0.8412870721238478,3850139.15,76733274.43446922,3.1933591350080794,19.623600044250487,21.50090691566467,6.236674104580656,-0.34999847412109375,-13.338446133837877,-8.868121355323588,,1
HK.06033,489,0.49000000953674316,0.49000000953674316,0.0,0.0,17900.0,8771.000170707703,1.2054728897312987,0.4877823489904404,0.5430279430747033,6.249998788330361,-13.229168964575663,-13.229168964575663,-21.11742406069234,-27.66344572956359,0
HK.06036,490,1.2200000286102295,1.2000000476837158,1.6666650109821552,0.2738892270237371,827000.0,1008940.0236606598,7.266665278837396,1.2963000059127807,0.8202250000834465,-22.04472945662199,0.0,174.15731420662667,187.05882220944733,174.15731420662667,2
HK.06038,490,0.38499999046325684,0.38999998569488525,-1.2820501064172196,0.12338754907459339,886500.0,341302.4915456772,3.3401637410060094,0.3180724173784256,0.3047191383689642,29.449270813887317,20.702696990583785,20.702696990583785,29.624609624754118,106.09772800351749,0
HK.06049,490,27.299999237060547,27.219999313354492,0.29390127011063394,0.3534653478026451,694896.3,18970668.4598362,2.458781214866781,27.863200073242187,29.78027865409851,-0.5102087983682995,-9.8414840885365,-9.802383442630171,-10.585247723019748,-16.2450635535299,1
HK.06051,490,1.159999966621399,1.225000023841858,-5.306127016765692,1.0201170490452522,5057290.05,5866456.289194733,4.859467821130723,1.3449999976158142,2.2212500059604645,-11.450380359549793,-30.95238078343354,-50.0,-59.72222498169641,-62.8205125266043,0
HK.06055,490,23.219999313354492,22.780000686645508,1.9315127894922675,0.47418673767974584,2643154.4,61374043.35308991,4.33055776982495,22.675257034301758,29.670978603363036,4.497750210729976,9.075004007222589,-38.48587217659039,-33.632218129149635,-43.89014883669224,1
HK.06058,490,0.6000000238418579,0.6050000190734863,-0.8264454667762735,1.7488833746898262,641200.0,384720.0152873993,4.926071852069833,0.5838000011444092,0.5273250003159046,-6.249994179233778,11.11111111111111,36.363642521141024,26.315796078077064,-10.447759866236506,0
HK.06060,490,10.109999656677246,10.15999984741211,-0.49212786895463406,0.5037782952623763,12613395.35,127521422.65803437,3.939204772299857,10.79300006866455,13.015100030899047,-5.425630930522995,-4.712535496505247,-25.825388321414973,-38.80145655851969,-47.1510710914631,0
HK.06063,490,1.0499999523162842,1.1749999523162842,-10.638298304062632,0.964337918744118,7197550.0,7557427.156794071,9.90801524989131,1.0831999969482422,0.5863649990409613,-0.9433953776483021,64.06249621650196,130.76921363856414,438.4615337590022,604.697935969212,0
HK.06066,490,11.449999809265137,11.529999732971191,-0.6938415052802376,0.3876245915338074,6606415.75,75643459.0774262,2.827978526726,11.827000026702882,11.783569617271423,-1.378121034827842,1.0798173251495315,3.2304607970937047,-11.314579347934156,-12.099846100356098,0
HK.06067,59,7.824999809265137,7.534999847412109,3.8487056101617263,2.1072763668813157,2055185.0,16081822.23300457,5.847277605131455,7.780900011062622,,-6.622915245781101,,,-28.863638097589668,,2
HK.06068,490,0.05900000035762787,0.05999999865889549,-1.6666638726988803,0.40540540540540543,114300.0,6743.700040876865,5.857470968509093,0.062000000178813935,0.07347500011324883,-4.838707545359315,-6.349207287803033,-22.36841808581442,-16.901410667698975,-53.90625190993879,0
HK.06069,490,6.21999979019165,6.034999847412109,3.065450662088608,1.2319370303627895,5967150.0,37115671.74804211,5.483711473216926,6.93869366645813,8.735913271903991,-12.14689467205861,-19.226547308189378,-36.223277212934015,-41.006533008348725,-40.848087658280285,1
HK.06078,490,10.0,9.829999923706055,1.729400586097388,0.3427593845950693,2736749.15,27367491.5,3.50059195724101,10.001699981689454,11.428275012969971,1.677681354479336,10.4972352402569,-18.032785603770048,-21.197790932488346,-31.880110407938727,1
HK.06080,489,0.11900000274181366,0.12099999934434891,-1.652889763117717,0.5136436597110754,560400.0,66687.60153651237,4.24007750209827,0.13906000107526778,0.13366000059992075,-9.848482282857907,-27.87878908292207,-15.602836504673787,5.309738772749573,-10.526314610117844,0
HK.06082,172,33.099998474121094,35.459999084472656,-6.655388243890191,1.167549411224223,12245121.9,405313516.2054268,7.4773687236449335,38.298800010681155,,-15.084661716694036,-36.16200685012234,2.160484306406831,-3.946606635182314,,0
HK.06083,490,0.7799999713897705,0.7900000214576721,-1.265829088137235,0.5134348793428034,1161600.0,906047.9667663574,4.818703870858535,0.81299999833107,0.6681107074022293,3.9999961853027344,-4.87805143982653,49.24262909245389,56.916235996899864,81.04095907703093,0
HK.06086,490,0.7049999833106995,0.7350000143051147,-4.081636790548634,0.8712871287128713,349400.0,246326.9941687584,6.241228304173778,0.7305999994277954,1.5909499979019166,2.919705234584303,-27.31959149312703,-66.90141101256476,-68.3856512430161,-83.41176509857178,0
HK.06088,490,5.275000095367432,5.275000095367432,0.0,1.1580322678155646,24721166.1,130404153.53509413,5.000434354535463,5.4125000095367435,6.28022501707077,-3.9162055503500106,-27.739726609015097,-8.42014087226096,3.2289619871212913,23.536302551056473,0
HK.06090,239,40.20000076293945,40.29999923706055,-0.2481351762139328,0.731005342845333,649070.0,26092614.49520111,6.301529464769826,41.001199836730954,65.23935008049011,-9.459460852701657,15.252292235986703,-62.84657865363042,-57.32483857188745,,0
HK.06093,490,0.6299999952316284,0.7200000286102295,-12.50000413921128,0.5405405405405406,19000.0,11969.99990940094,0.6123232254919881,0.7171000015735626,0.7179750037193299,-9.999999148505061,-20.253167326605755,-7.3529428522066915,-16.000000635782875,-9.999999148505061,0
HK.06098,490,5.375,5.360000133514404,0.279848248357425,0.665151108802677,5618792.0,30201007.0,2.686543527489734,5.481099977493286,5.576012675762176,0.5612761643770602,-0.8302596985333475,-4.449231508397297,-2.5602565339358034,-7.872387776757152,1
HK.06099,490,14.65999984741211,14.680000305175781,-0.1362428974652013,0.9297612637433478,5494127.05,80543901.71466275,2.938052297808625,15.12596616744995,14.244244236946106,-1.3836901153086858,0.03169727211493167,16.500337478414036,6.887015870285322,-6.3778736864261445,0
HK.06100,490,2.2100000381469727,2.2899999618530273,-3.4934465082401207,0.7173229206069419,502826.65,1111246.9156813144,6.417305241481677,2.1765000081062316,2.7313661080598832,6.506023487274365,-7.531383215751747,-17.646791246160383,-39.731485761879405,-37.86269506117193,0
HK.06106,58,69.9000015258789,79.94999694824219,-12.570351226991816,1.0948941042187543,458343.55,32038214.844376754,11.277937407042575,66.32460006713868,,3.173433986537131,,,-34.0566023340765,,0
HK.06108,490,0.23000000417232513,0.2160000056028366,6.481480651084145,2.139630715587606,111752.0,25702.96046626568,4.356396527169353,0.2138200005888939,0.22523999989032745,5.022834498923952,13.861384239632498,7.981222857849637,-20.689651451552983,-42.49999981373549,1
HK.06110,490,1.0,1.0149999856948853,-1.477831123772482,0.6052915573561506,24163417.4,24163417.4,2.906775415479892,1.2576130247116089,2.1991588038206102,-18.699188252593434,-57.46456473958467,-62.60773678467852,-60.544718107081444,-61.52318257458585,0
HK.06113,490,1.284999966621399,1.309999942779541,-1.908395209933938,3.7096774193548385,14700.0,18889.499509334564,2.6619667418407036,1.4058999991416932,1.7091249918937683,-10.763894752771533,-23.964501590914928,-25.290700857738546,-35.750001668930054,-68.50490218994481,0
HK.06117,489,0.5699999928474426,0.5699999928474426,0.0,0.0,11000.0,6269.999921321869,0.08771921569070334,0.5971999979019165,0.6361672896146774,-6.557380413054316,-6.557380413054316,-10.400607959578297,-10.400607959578297,-26.790740231652677,0
HK.06118,490,0.7300000190734863,0.7350000143051147,-0.680271446845552,0.75,53550.0,39091.50102138519,3.532955065092421,0.7061000013351441,0.8002250009775161,1.3888875091517963,-2.6666641235351562,-6.410250532086098,-17.9775246284387,-35.964909804054436,0
HK.06119,489,0.4399999976158142,0.4399999976158142,0.0,,0.0,0.0,0.0,0.4399999976158142,0.486275000423193,0.0,0.0,6.024097942928766,-22.80701699349358,-10.204083866896262,0
HK.06123,490,1.1100000143051147,1.149999976158142,-3.4782576245485726,0.1590909090909091,163500.0,181485.00233888626,4.013778107360808,1.206800012588501,1.2414500105381012,-23.183392801854616,-23.972603746372283,-22.916668736272307,2.7777750183035925,-6.722692358704943,0
HK.06127,490,22.34000015258789,21.200000762939453,5.377355418030525,1.1636802655879515,3961461.7,88499054.9824711,5.7282616595621745,23.836799964904785,21.02082556247711,-16.20404996080134,40.12446302254266,17.526104633667174,12.815638043526212,0.08000354773822715,1
HK.06128,490,0.05299999937415123,0.054999999701976776,-3.636364252114102,0.036864094372081595,1529500.0,81063.4990427643,5.121877539949708,0.05354000002145767,0.112085000295192,0.0,0.0,-13.114756100666625,-75.11737113014044,-75.46296388917537,0
HK.06132,59,41.70000076293945,41.619998931884766,0.1922196855065239,0.47716062620630495,91810.0,3828477.070045471,8.358937495333983,42.1479997253418,,0.2403901261692827,,,18.26432997154556,,2
HK.06133,489,0.27000001072883606,0.27000001072883606,0.0,,0.0,0.0,0.0,0.27000001072883606,0.24395500548183918,0.0,0.0,12.500006984919466,54.285723043947954,11.570252971842656,0
HK.06136,490,0.7900000214576721,0.7799999713897705,1.282057748038625,0.45472676505783804,360150.0,284518.5077279806,3.6934984119159706,0.7752999985218048,0.6643749959766865,1.282057748038625,-5.337685675858805,37.097146571464805,65.65904710933484,114.90903336181167,1
HK.06138,490,0.3050000071525574,0.3149999976158142,-3.174600171093715,0.40519641200123724,860450.0,262437.256154418,2.334540743194095,0.31170000076293947,0.34205000147223474,0.0,-1.6129016752173695,-11.594200519873441,-15.277779157514871,-25.609753704156123,0
HK.06158,490,0.02199999988079071,0.023000000044703484,-4.3478267911701876,0.04794599060053045,75730400.0,1666068.7909722328,36.49744566112422,0.02182000007480383,0.0240450001321733,-8.333334626836898,37.49999272404273,-21.428574279558816,-24.137929262644278,-40.54054162901103,0
HK.06160,490,212.8000030517578,206.1999969482422,3.200778953053175,0.9795722370781365,3774687.75,803253564.7194328,2.799386210506613,205.74200012207032,191.4160001373291,-0.5607462374963493,36.936944279102704,19.819817420347146,15.33875504160315,4.930966395226257,1
HK.06162,490,0.06199999898672104,0.0689999982714653,-10.144926753772236,1.1632609942350065,12928000.0,801535.9869003296,7.627584069264762,0.24541999846696855,0.2787049984186888,-34.04255201099896,-79.33333449231249,-65.74585583051996,-74.16666651144624,-65.55555748718749,0
HK.06163,490,0.7900000214576721,0.6949999928474426,13.669069005455755,0.06045035514583648,33085.0,26137.150709927082,2.471276186051497,0.6539000058174134,0.4188250030577183,25.39682975191411,77.52809756302722,143.0769385952927,182.14286360509539,187.2727288490484,1
HK.06166,216,110.0,120.5,-8.71369294605809,0.8482992515553789,11316785.05,1244846355.5,8.922490720942458,94.84611755371094,98.43582973480224,8.03854550146746,-6.623172607032276,43.59665708155156,14.832502350144864,,0
HK.06168,301,12.520000457763672,12.630000114440918,-0.870939474905265,0.1222185863287938,824829.9,10326870.725577164,3.5387236014152843,14.35100004196167,21.117001333236693,-9.34105664486889,-24.213074389596496,-39.22356435606895,-54.16929656796484,-70.4112129395606,0
HK.06169,490,0.36500000953674316,0.36500000953674316,0.0,0.061892964669227925,4201914.4,1533698.7960725785,3.948617267707443,0.36190000534057615,0.44929999962449074,1.3888875091517963,-3.9473647060816504,-26.999998092651367,-32.40740832723213,-28.431369340772616,0
HK.06178,490,7.130000114440918,7.195000171661377,-0.9034059161870736,0.665408290517642,1685508.95,12017679.006391192,2.377833255549137,7.421268663406372,7.966518697738647,-3.256441992467655,-2.657961407808341,-7.916384666498749,-19.979743270625878,-27.739126383775965,0
HK.06181,490,369.0,369.6000061035156,-0.16233931104091442,0.39584745049773085,1369131.9,505209671.09999996,5.327443106235016,369.9640002441406,548.0891610717773,5.188145051410985,-16.779430518858714,-40.98414232693286,-39.2762928994487,-48.821567063202366,0
HK.06182,490,0.7099999785423279,0.6549999713897705,8.396948023655492,1.8100378874332406,38131000.0,27073009.181797504,14.522900578495623,0.6389999967813492,0.7286500038206577,41.999995708465576,-11.250004004687012,-4.054058190241914,-4.054058190241914,118.46153987229933,2
HK.06185,490,26.459999084472656,25.799999237060547,2.5581390191052757,0.4176988385045334,11071370.35,292948449.3248577,10.117569159259535,25.88640007019043,30.814800052642823,5.670918997709658,15.545849455218743,-17.826091746784194,-24.313501780883172,-49.11538637601412,1
HK.06186,490,2.5250000953674316,2.575000047683716,-1.9417456850635995,0.7281849546907534,24419697.45,61659738.390093826,2.642934512688572,2.9987558031082155,3.315245313644409,-20.198742514076677,-17.149019251050497,-27.040343440124698,-32.65262400017399,-36.4037996962693,0
HK.06188,489,0.38999998569488525,0.38499999046325684,1.2987000923330156,2.4827586206896552,3525.0,1374.7499495744705,0.12345667202249964,0.48509999871253967,0.4553249989449978,-3.703707519273088,-29.090913228752107,1.2987000923330156,-3.703707519273088,-41.79104836116144,1
HK.06189,489,0.07199999690055847,0.07199999690055847,0.0,,0.0,0.0,0.0,0.07199999690055847,0.07199999690055847,0.0,0.0,0.0,0.0,0.0,0
HK.06190,489,2.700000047683716,2.75,-1.8181800842285156,0.0,720.0,1944.0000343322754,0.24776517442694304,2.8342000102996825,2.176391970515251,-9.999998410542805,20.772459843546173,53.4677728912636,62.442485187833555,-18.05998774006152,0
HK.06193,490,0.39500001072883606,0.39500001072883606,0.0,1.0309278350515463,20400.0,8058.000218868256,0.5273731405210987,0.37640000104904175,0.3117899994552136,0.0,2.597407925529181,31.666665010982154,31.666665010982154,94.581291672328,0
HK.06196,490,0.9100000262260437,0.9100000262260437,0.0,0.2659039120477481,6164038.9,5609275.560658354,1.6851924019244635,0.8971000003814698,1.0268749970197677,4.000002997262137,-5.2083284826948155,-14.15093628780453,-20.869561296329525,-33.088234069541265,0
HK.06198,490,7.5,7.53000020980835,-0.3984091497005836,0.5555452969519661,3474364.25,26057731.875,2.239949311779025,6.8531271171569825,6.894444065093994,10.293781985245161,7.017098020965054,9.231248310693031,13.294212117204603,20.16593959859731,0
HK.06199,489,0.9150000214576721,0.9200000166893005,-0.5434777327093245,3.4294621979735,75150.0,68762.25161254406,0.9009493235603716,0.9126342606544494,0.9539657908678055,-2.139035387755625,-8.852727877487316,-5.347057945076807,-10.509953518804965,-14.400821199701436,0
HK.06600,174,44.68000030517578,43.36000061035156,3.0442796961333256,6.992255475639995,601979.25,26896433.073709488,7.5058607807020294,57.04319999694824,,-28.397437159283044,-26.933770743624528,-59.30783327563807,-51.43478227698285,,1
HK.06601,490,2.180000066757202,2.180000066757202,0.0,0.5012834063113393,830550.0,1810599.0554451942,2.085411686637354,2.1353509521484373,2.132430815696716,0.6384404644856347,7.071816450114659,3.3149171894981877,5.1598291833904755,-2.356702406412629,0
HK.06603,299,4.244999885559082,4.329999923706055,-1.9630494144263395,0.13225589190193454,4936181.5,20954089.902598858,8.33697164728799,5.413500022888184,10.774802560806274,-19.219794612493367,-48.420411644329285,-63.470821210502024,-72.92844150723555,-86.01954999409212,0
HK.06608,490,4.659999847412109,4.710000038146973,-1.0615751662400106,0.30964631995812375,1199256.65,5588535.806007957,5.596862327097334,5.145699996948242,7.7806250095367435,-18.245613976382003,-14.49541265139143,-49.23747611658845,-63.450981588924634,-58.72453619878256,0
HK.06609,490,49.779998779296875,47.5,4.799997430098684,1.6162884563637994,26882.5,1338210.8171844482,4.670743312970306,47.45159996032715,48.69524995803833,-5.71969791932103,11.364648612196945,18.523806617373513,-8.827838515616016,-17.10241563404621,1
HK.06610,490,0.8349999785423279,0.8799999952316284,-5.11363828785657,0.7696315241072275,209965.0,175320.77049463987,6.904371868904673,0.7879999995231628,1.2779499980807305,11.333330472310383,-18.137255474862034,-43.95973334242204,-41.197182832552166,-79.73300966660054,0
HK.06611,489,0.04600000008940697,0.04600000008940697,0.0,,0.0,0.0,0.0,0.04600000008940697,0.04600000008940697,0.0,0.0,0.0,0.0,0.0,0
HK.06613,293,21.940000534057617,22.399999618530273,-2.053567376367831,0.31340791051863487,10749690.65,235848218.6019542,4.674198080347976,22.41579257965088,23.481094636917113,-6.3215651361079805,-9.251419287861896,-3.287185682149063,-12.70434876250681,-13.934877728329736,0
HK.06616,490,9.694999694824219,9.395000457763672,3.1931795896043718,1.1483130579582774,2190126.9,21233279.62712631,4.639953867980616,8.757200031280517,8.350050022602082,5.03792172968219,36.935025413804404,14.058819939108455,-1.473581864991508,98.26175786364466,1
HK.06618,490,34.79999923706055,34.7400016784668,0.17270453567922198,0.5179535557225766,9235589.3,321398500.5938046,3.339494542114909,37.74840003967285,48.04800006866455,-11.042944306686065,-8.179425234855502,-26.73684371145148,-38.24312301793131,-45.497259093647024,2
HK.06622,490,2.5,2.484999895095825,0.6036259773603081,0.549003614460531,174030.2,435075.5,2.316828283204243,2.549699988365173,2.9245249962806703,-0.990102749433508,-9.74729179731632,-19.61414519845281,-21.1356485857642,-34.89583187814178,1
HK.06623,489,10.899999618530273,10.899999618530273,0.0,,0.0,0.0,0.0,10.899999618530273,10.899999618530273,0.0,0.0,0.0,0.0,0.0,0
HK.06626,490,1.809999942779541,1.7949999570846558,0.8356538191369898,0.23349149019428345,756666.2,1369565.7787032127,2.9003731182965997,1.7059855270385742,1.8567617744207383,12.97770541274151,14.330743643274117,2.699947389830802,-20.355147458100816,-27.461008700065776,1
HK.06628,490,0.800000011920929,0.9100000262260437,-12.087913311531134,3.0388841927303467,529800.0,423840.00631570816,8.170350483822688,1.065200002193451,1.905400003194809,-26.605505741020778,-45.9459458370989,-62.0853056068708,-64.44444391462538,-84.28290789904618,0
HK.06633,489,3.200000047683716,3.1500000953674316,1.5873000254767275,2.5,225.0,720.0000107288361,0.04716976534589024,2.960100016593933,2.8590749990940094,6.66666825612386,28.000001907348633,28.000001907348633,-3.0303001841675177,-3.323259728018419,1
HK.06636,114,68.3499984741211,77.0,-11.233768215427151,2.36230151252277,201726.6,13788012.802189637,8.62150811870289,85.60199935913086,,-26.505377984816032,-29.390499670154803,,-31.650001525878906,,0
HK.06639,489,1.8300000429153442,1.8300000429153442,0.0,,0.0,0.0,0.0,1.8300000429153442,1.825000041127205,0.0,0.0,0.0,0.0,-12.01922547887749,0
HK.06651,174,56.400001525878906,59.0,-4.406777074781515,0.3999072435460959,2230728.3,125813079.52382125,6.378306541132453,64.21099975585938,,-23.00341088617214,-50.61295706387754,17.353308186176587,48.812662942421824,,0
HK.06655,490,16.420000076293945,16.459999084472656,-0.24300735360576978,0.5365029576474891,3008668.1,49402330.431543164,4.084293240698657,14.705000019073486,15.947876505851745,16.619319355592506,23.08845493610096,0.6923468843512972,-9.855337066739212,31.114980291194723,0
HK.06656,104,321.0,310.20001220703125,3.481620685998138,0.46893932949149136,291453.35,93556525.35,6.78433128828876,317.6160028076172,,-2.490890614510162,-13.69420712727972,,-50.97778516838785,,1
HK.06657,490,11.65999984741211,12.260000228881836,-4.8939671310630075,1.0891900409706903,83080.0,968712.787322998,7.116936891326151,14.067199993133546,14.699550046920777,-19.08396966772954,-12.855009359621958,-29.33333425810843,-37.17672315234588,-35.580112697957226,0
HK.06658,64,177.8000030517578,166.60000610351562,6.722686997552183,0.9512714053760991,257068.05,45706700.07450943,9.794748410856366,154.59,,14.561859889116185,,,38.90625238418579,,3
HK.06660,490,1.6699999570846558,1.6950000524520874,-1.4749318344424251,0.13064672100412464,508260.0,848794.1781878471,8.264901547822475,1.6108000040054322,2.5590000051259993,7.741936029678345,-25.77777968512641,-43.77104575766253,-51.45349042714768,-68.31119614556329,0
HK.06661,489,4.945000171661377,4.945000171661377,0.0,,0.0,0.0,0.0,4.963200082778931,4.8780714130401615,0.0,-1.000995296161227,0.1197816955187338,5.51545891935555,3.0472642995432717,0
HK.06663,490,0.2800000011920929,0.2849999964237213,-1.754384313814067,0.21108179419525067,191500.0,53620.00022828579,3.8969178779935403,0.2957000023126602,0.29617500156164167,-6.666669978035689,-15.151518161850626,3.70370002440479,-6.666669978035689,-11.451392726891621,0
HK.06666,490,1.1950000524520874,1.1549999713897705,3.4632105673722413,1.7891091955934828,19426189.1,23214296.99344417,4.266269533025219,1.0182999873161316,1.1698749923706055,13.270152783378858,4.824567319944038,9.633028977808808,4.824567319944038,40.588237521557595,2
HK.06667,490,7.144999980926514,7.190000057220459,-0.6258703189960979,7.575175943698016,21350.0,152545.74959278107,0.7839550950980847,7.049299955368042,7.011593840122223,0.9180799141369828,1.7806267854647808,5.176352517482655,1.6704757653995057,1.6704757653995057,0
HK.06668,490,1.409999966621399,1.3899999856948853,1.4388475634778752,0.4459346186085499,289400.0,408053.99034023285,1.611755775068267,1.309599974155426,1.291292474269867,9.302326226118405,10.156249854480844,10.534442670933062,8.93249363628418,12.124869547972645,2
HK.06669,490,5.820000171661377,5.835000038146973,-0.25706711889515643,1.2241794503053036,480492.1,2796464.1044819355,5.127734699767384,7.202600030899048,10.5225,-8.49056525969968,-28.325120028488083,-47.09090753035112,-57.611067984686755,-51.98019615003563,0
HK.06675,62,27.959999084472656,31.0,-9.806454566217237,0.9810848740423486,452274.3,12645589.01393051,10.397328658201392,28.522799682617187,,-8.026317646959175,,,-32.949643710026294,,0
HK.06676,372,0.7049999833106995,0.7149999737739563,-1.3986001160915125,0.45614572172049594,324750.0,228948.74458014965,7.980990242271541,0.6936999994516373,1.153174999654293,-8.44155834102775,25.892853626639273,-47.77777993629985,-58.529413909648056,-74.45652225555379,0
HK.06677,490,0.30000001192092896,0.30000001192092896,0.0,2.1207071565526676,139251.4,41775.421660006046,2.693629845849458,0.3205000013113022,0.3667208009958267,-6.249994179233778,-13.04347450506333,-27.070340039150047,-25.312991077324416,-36.09256357933906,0
HK.06680,490,15.779999732971191,15.829999923706055,-0.31585717609502956,0.5398756539628318,2255972.45,35599244.65859037,3.573982181454628,16.966599941253662,19.20104501247406,-9.6737243663852,-9.828572954450335,-30.522501449256133,-17.117096584397856,-27.668868296590297,0
HK.06681,414,1.2699999809265137,1.2599999904632568,0.7936500427734288,1.1287911982377268,8495800.0,10789665.837955475,4.8471146409326735,1.5524999928474426,3.74117499768734,-18.06451483894209,-46.63865882944096,-70.9382147783733,-81.32353021611803,-76.39405290127043,1
HK.06682,490,25.5,26.559999465942383,-3.990961924911216,0.6555407862794899,5711702.3,145648408.65,5.721191664116159,28.132800102233887,36.77815003395081,-13.559322033898304,-9.95762614834916,-31.488449318438043,-43.35850790600661,-55.18453547245996,0
HK.06683,490,3.674999952316284,3.640000104904175,0.9615342418521926,0.13327912755902782,16523030.85,60722137.58587049,6.662435853579948,4.177499985694885,5.548525000810623,-14.534888620825095,-25.152748135964824,-42.39812090288142,-38.54515149507187,-65.19886547078681,1
HK.06686,489,13.59000015258789,13.59000015258789,0.0,1.5476190476190477,6335.0,86092.65096664429,0.7793660073054378,14.752439880371094,15.60971842288971,-7.926829662268781,-8.01149579694365,-21.510071062115788,-11.574054222971432,-21.550316993984705,0
HK.06687,221,12.859999656677246,12.350000381469727,4.129548659550944,0.7106480020912016,840667.5,10810983.761379719,5.780711346440113,13.725599994659424,19.680150003433226,-9.691012195378402,-17.40526712436501,-27.955185535865045,-58.00130860806597,,2
HK.06690,490,20.979999542236328,20.579999923706055,1.9436327503068391,1.4088332512205028,12352385.7,259153046.33152655,2.1587685154614564,20.799679946899413,22.193042850494386,0.5752585252812379,2.600599696402064,-11.16795690925187,-13.134197924661764,-12.604755316941146,1
HK.06693,374,38.63999938964844,39.119998931884766,-1.2269927283794078,0.23107148011969592,8213313.2,317362417.03499144,6.10183343735768,35.71119998931885,34.834782190322876,1.6842089201274673,54.43644557431851,-0.2616038973545395,27.241218931213325,36.97405912555347,0
HK.06696,489,2.940000057220459,2.940000057220459,0.0,,0.0,0.0,0.0,2.940000057220459,2.244424995481968,0.0,0.0,37.38317350933526,425.0000079827648,352.30771770138807,0
HK.06698,490,0.8450000286102295,0.8450000286102295,0.0,0.1371461920046688,29210.0,24682.450835704803,4.653425666979445,0.8543000030517578,0.9471250024437904,-0.5882347166332156,6.962026032742867,-11.979161719015378,-17.15685839104855,-52.793293485019056,0
HK.06699,490,88.19999694824219,86.55000305175781,1.906405359105142,1.0053097825260697,680863.9,60052193.902168274,4.4442236119571685,82.78853713989258,69.30451904296875,-2.524922837307165,32.76175761313985,42.85749592362678,62.796536823359794,39.55953316176939,1
HK.06715,54,65.3499984741211,67.80000305175781,-3.6135759105591942,0.9186116529437846,234040.95,15294575.725381851,6.5629122703016405,72.72699996948242,,-10.540731356549111,,,-42.6754399349815,,0
HK.06745,47,3.065000057220459,3.0850000381469727,-0.6482975908981448,0.3528255873116129,5502250.0,16864396.56484127,3.2875127164287825,,,-3.159554686819679,,,8.303891867483076,,0
HK.06805,490,2.930000066757202,3.009999990463257,-2.6578047827083955,1.3274336283185841,46600.0,136538.00311088562,2.666994573261422,3.02,2.8725999963283537,6.934308633545686,-11.480358990678338,15.810280628094436,19.59183713189267,34.91537894299676,0
HK.06806,490,2.4600000381469727,2.4800000190734863,-0.8064508376086847,0.4147428393406217,10396397.1,25575137.262591075,2.4657904626838714,2.532852334976196,2.755803886651993,-2.1868812907782256,-3.6086900631822507,-12.552212991800085,-18.698698586696814,-18.805669193388706,0
HK.06808,490,1.0750000476837158,1.065000057220459,0.938966190232495,0.3352429814615138,14311264.55,15384610.073664272,5.078979057834432,1.1080000066757203,1.3642779517173766,-0.921658074808496,-2.2727250560256556,-27.444406923913757,-34.5331702207965,-42.177338438383906,1
HK.06809,146,243.0,258.0,-5.813953488372093,0.6957870823908094,3116942.8,757417100.4,6.441351094934873,285.5959994506836,,-21.864951768488748,-33.34563856227714,39.98182593933154,39.02195019835526,,0
HK.06810,95,52.150001525878906,55.54999923706055,-6.120608024983212,1.1870023803660839,984055.0,51318469.75154877,8.141970937552086,60.45700035095215,,-14.508194219870646,-37.168672860386856,,-38.502358904339815,,0
HK.06811,490,1.4550000429153442,1.4800000190734863,-1.6891875564834549,0.5082159830243936,2746400.0,3996012.1178627014,4.1867649237079165,1.3047999954223632,1.120828269124031,9.39849593733858,41.262144012695906,26.761355469460767,38.285120280072846,49.45878029350821,0
HK.06812,490,0.25,0.2800000011920929,-10.714286094417377,36.18055555555556,200500.0,50125.0,2.2999969297015666,0.2532680842280388,0.2576386835426092,10.132159515684688,-9.189275324916016,-13.72981762912619,32.723369043268036,82.26095843890941,0
HK.06816,489,0.2029999941587448,0.2029999941587448,0.0,0.0,8400.0,1705.1999509334564,0.0,0.21341999679803847,0.20575499840080738,-8.558562368205273,6.84210352950477,-7.7272748823993584,-6.018523660594329,-3.3333330968069577,0
HK.06818,490,2.8299999237060547,2.859999895095825,-1.0489500870686344,1.6436668051354753,22384661.5,63348590.33718586,2.4310214919596373,3.009900007247925,3.152465856075287,-5.351173422085646,-12.08622243862249,-9.9087898867306,-17.80801808546557,-14.295540124425072,0
HK.06820,490,0.36000001430511475,0.35499998927116394,1.4084577986089954,0.018342313424280637,854800.0,307728.0122280121,4.265837326874237,0.39320000052452087,0.44503708854317664,-7.692300638503319,-1.3698616715036243,-23.228614211710404,-19.961744674992072,-39.32583727870895,1
HK.06821,490,153.3000030517578,134.1999969482422,14.232493694379183,1.206824109842031,1309189.95,200698823.33033064,8.441463058146702,123.26800018310547,95.77722263336182,25.75881963316695,71.26448048233158,91.05410592071402,111.17190184040054,60.89287195631488,1
HK.06822,490,0.4000000059604645,0.38499999046325684,3.8961080178621965,0.5357142857142857,11500.0,4600.0000685453415,1.0784652932419125,0.39350000441074373,0.3994500005245209,1.265821543245696,0.0,-2.439022085483674,-2.439022085483674,-5.8823541786431095,1
HK.06823,490,12.369999885559082,12.319999694824219,0.4058457140698548,0.8386976851157145,6523250.05,80692602.37197328,1.2487450434066742,12.318317165374756,11.595655674934386,-0.08077729232143507,6.836149238846432,7.543491202265804,13.548919743724355,12.677705027289251,1
HK.06826,490,16.469999313354492,16.489999771118164,-0.12128840534432386,0.8214971209213052,132055.0,2174945.7593250275,2.825030068392719,16.213147888183595,20.466031241416932,0.6513588421779241,1.6896332317303313,-26.980723977217032,-28.302870783601453,-34.58986858469215,0
HK.06828,490,0.035999998450279236,0.035999998450279236,0.0,0.04269934094495498,3980000.0,143279.99383211136,5.093180096444029,0.03356000006198883,0.03503000018186867,5.882342628954752,12.499989813659825,-10.000001862645192,12.499989813659825,-23.40425599371488,0
HK.06829,490,2.6500000953674316,2.8499999046325684,-7.017537402020417,1.7646178735375835,387134.5,1025906.461920023,9.10940098935111,2.000800001621246,2.415900003314018,44.02174170081462,9.958506265115712,3.1128468561355356,-9.863944088735826,124.57628925104942,0
HK.06830,490,0.19900000095367432,0.19599999487400055,1.5306153868026038,0.45045045045045046,22700.0,4517.300021648407,1.0256639534605392,0.2035999998450279,0.2245098764449358,-2.4509781005518687,-13.47826202447561,-11.263134449667422,-21.00678512890917,-29.321861258630705,1
HK.06831,330,5.139999866485596,5.139999866485596,0.0,0.293527242409823,5880302.8,30224755.606894873,6.007707620733749,6.131899995803833,6.510901532173157,-25.290700857738546,-20.858106104441042,-22.17897211820603,-17.351076865064723,-25.88964341248784,0
HK.06833,489,0.14499999582767487,0.14499999582767487,0.0,0.9406952965235174,102400.0,14847.999572753906,1.5302621418087037,0.16432000041007996,0.17479850359261037,-13.690477510377816,-21.62162488703309,-13.953540605744733,-17.356510032093322,-39.554139343987345,0
HK.06838,490,0.23499999940395355,0.22300000488758087,5.381163342315682,4.471830985915493,69500.0,16332.499958574772,1.582804091835328,0.23107999920845032,0.2372800000756979,11.904765114762714,-11.320750154859622,29.120881415164945,-12.962966642261877,-11.320750154859622,2
HK.06839,489,0.0820000022649765,0.08500000089406967,-3.529410114750335,0.4569237948206546,88541.95,7260.440100545436,1.8040483556760998,0.09734000042080879,0.1250150004401803,-15.463917684144551,-12.765952050280957,-43.05555153132203,-43.4482726727597,-60.38647276920801,0
HK.06855,490,32.060001373291016,31.3799991607666,2.1669924496830415,0.6460900799984023,3335109.1,106923602.32607536,5.715941263970766,34.92079975128174,43.990349988937375,-8.92045261815564,-4.526504987733443,-26.366557879750303,-37.01375164597812,-60.19863419162045,1
HK.06858,489,2.940000057220459,2.950000047683716,-0.33898272208872127,33.53982300884956,15125.0,44467.50086545944,1.3292625587709055,2.8631999683380127,3.0211499881744386,3.8869306176642056,-0.33898272208872127,-4.854364437391164,-9.538459777832031,-16.239314381524203,0
HK.06860,490,0.10999999940395355,0.1120000034570694,-1.7857178494485173,0.48744066983094236,835300.0,91882.9995021224,3.5956841116461,0.1259399999678135,0.1713249996677041,-8.333331781129008,-31.249998835846753,-47.86729774145002,-38.88889164836307,-43.29897105180688,0
HK.06862,490,9.960000038146973,10.0600004196167,-0.9940395357710803,0.6866037060551965,39870805.95,397113228.7829506,3.3961701364660986,11.062684707641601,13.103769817352294,-8.484712849982664,-16.296990598073453,-37.432410962436265,-26.577524708108207,-19.664472528868103,0
HK.06865,490,6.099999904632568,6.204999923706055,-1.6921840509995214,0.84300278527746,3281195.1,20015289.797080852,4.0855997543698805,6.795499992370606,8.690809216499328,-16.151205159201012,-18.88297978584558,-35.47008585810894,-36.39382286607558,-41.25888546677749,0
HK.06866,489,0.2849999964237213,0.2849999964237213,0.0,0.0,13700.0,3904.499951004982,2.0175601102444007,0.2939999967813492,0.321424999833107,-6.557380413054316,-9.523809974335942,-24.000000953674316,-5.000004967053534,-6.557380413054316,0
HK.06868,490,2.630000114440918,2.5850000381469727,1.7408153048308308,0.32432432432432434,9200.0,24196.001052856445,1.0372415892399738,2.6294986152648927,2.6787069308757783,0.0,-0.7490638389033633,-6.5963389997215085,1.3602705581981116,-11.145217738929801,1
HK.06869,490,176.0,183.5,-4.087193460490464,0.6615364969386396,25221952.2,4439063587.2,8.45017249627957,143.00299911499025,145.95367407798767,18.75843699340073,-23.546668414777002,17.37776312831629,236.45303683118541,248.07775179827894,0
HK.06871,83,27.260000228881836,25.079999923706055,8.69218625122565,1.890302494522812,266580.0,7266970.86101532,5.762691061782429,29.064400024414063,,-15.341616201895572,17.196904387959627,,-49.283720504405885,,1
HK.06872,79,125.0,125.0,0.0,1.6457205997165054,89233.7,11154212.5,10.226953448449407,182.05400024414064,,-39.729988583129426,-48.26159071103555,,-40.758293838862556,,0
HK.06877,490,0.08799999952316284,0.09000000357627869,-2.2222266373809187,3.372549019607843,117950.0,10379.599943757057,0.576856285380614,0.09542000025510788,0.12708000093698502,-7.368420392192293,-19.266053540830413,-52.17391339558509,-38.02817137887891,-61.40350900124901,0
HK.06878,489,0.03700000047683716,0.03700000047683716,0.0,,0.0,0.0,0.0,0.03700000047683716,0.03700000047683716,0.0,0.0,0.0,0.0,0.0,0
HK.06880,49,172.39999389648438,184.60000610351562,-6.608890467852972,1.4585261581759066,131866.9,22733852.755148314,8.03834561159324,,,-40.837337849180955,,,-41.67794643545713,,0
HK.06881,490,7.65500020980835,7.635000228881836,0.2619512812960677,0.35028301386103544,16999478.3,130131009.9531325,2.7919906170833997,7.615900011062622,8.610028474330901,0.7236882350782123,4.553326061658833,-12.332499455276121,-24.015898932340413,-24.74846465989643,1
HK.06882,490,0.47999998927116394,0.47999998927116394,0.0,0.014540167211922937,218200.0,104735.99765896797,1.5480896812032174,0.4878999984264374,0.4665196539461613,-11.926610170214454,3.225803350434739,7.692303063248837,3.384609281664288,-7.692316950424873,0
HK.06883,300,1.9700000286102295,1.9700000286102295,0.0,,0.0,0.0,0.0,1.9700000286102295,1.9851842761039733,0.0,0.0,0.49505140155913185,-3.3333286537130093,-4.143861603375136,0
HK.06885,490,0.6150000095367432,0.6050000190734863,1.652890933552547,0.07990867579908675,85700.0,52705.50081729889,6.529243160172829,0.6417000031471253,0.9761249959468842,-6.8181840759334245,-32.41758331730231,-38.499999046325684,-38.499999046325684,-44.5945944494652,1
HK.06886,490,17.09000015258789,17.139999389648438,-0.2917108450467245,0.6616237621287336,9852531.55,168379765.69287702,2.2756308713702653,16.790516147613527,16.653069734573364,1.7262999474683838,6.9756371782544635,12.172564894865474,-9.703645238543453,-3.030548993583192,0
HK.06887,272,37.279998779296875,36.959999084472656,0.8658000615553437,0.8545796880420563,245828.85,9164499.227915956,3.9057987279943767,36.75320022583008,40.46260004043579,1.4145823762431105,9.647055233226103,-7.859615366121377,-16.487456789836497,-31.28110824092742,2
HK.06888,490,0.08299999684095383,0.09300000220537186,-10.752693685248547,1.2494061757719714,215350.0,17874.049319699407,5.18168260922758,0.1091799995303154,0.129530000500381,-20.952381493012666,-26.548674083445057,-38.518523301607104,-42.75862122120672,-46.794874917649594,0
HK.06889,490,3.049999952316284,3.075000047683716,-0.8130112188539084,0.009868820600024293,227176.0,692886.7891674042,2.732784576430435,3.0018000078201292,3.1279001212120057,-3.174607619797007,4.8109918335494255,-0.8302040020865568,-6.937433550131618,-11.852227971820003,0
HK.06890,490,0.7599999904632568,0.7599999904632568,0.0,0.2465483234714004,203900.0,154963.99805545807,6.806483317828444,0.6552323865890503,0.45331316262483595,55.64367566696603,71.36525896202306,132.39944752045824,123.2258110824882,142.35943930347923,0
HK.06893,490,0.25999999046325684,0.25999999046325684,0.0,1.106179583475589,291000.0,75659.99722480774,4.907037973944379,0.20670000046491624,0.22312999963760377,13.53711267555227,16.071420731213262,11.58798096616445,-1.8867907552966041,13.53711267555227,0
HK.06896,490,1.9850000143051147,1.9850000143051147,0.0,0.12091188901711081,1123561.0,2230268.601072669,4.05057033519472,2.8466000080108644,2.9803023195266722,-39.48170635306288,-36.763706986287794,-28.084213324967322,-28.31846456390219,-37.12505867839047,0
HK.06898,490,0.75,0.6600000262260437,13.636359120860423,0.13307984790874525,211800.0,158850.0,2.9270284945408482,0.7856376373767853,0.7281975546479225,-8.26677895674912,17.533192407095306,4.7732924240294645,3.3380484436522417,-1.9027629186888044,1
HK.06899,489,0.23000000417232513,0.23000000417232513,0.0,,0.0,0.0,0.0,0.23000000417232513,0.22977500274777413,0.0,0.0,0.0,4.545457008456409,21.05263529391835,0
HK.06908,490,0.2549999952316284,0.23899999260902405,6.694561973806626,1.3701073086738615,3360350.0,856889.2339766026,6.511126525902494,0.3555800008773804,0.43464499816298485,-30.136989433158213,-33.766233364111,-40.000002804924385,-45.744681727999534,-52.777780537251964,1
HK.06909,490,0.20399999618530273,0.20900000631809235,-2.392349273511376,1.3735108354568673,167117.35,34091.938762497906,4.451412309706539,0.23965999633073806,0.3201250014454126,-18.072290021841273,-17.741935677694606,-43.50039957693214,-48.75618285252965,-61.342380001398325,0
HK.06911,490,2.5,2.5,0.0,1.4792899408284024,14520.0,36300.0,1.2773638678176653,2.3320000100135805,2.5928499990701677,2.040814340536656,4.602505868937422,-0.3984059960658085,30.208336243716445,-20.127798447491394,0
HK.06913,490,0.09200000017881393,0.10400000214576721,-11.538463191696843,3.1901382144191257,1223900.0,112598.80021885037,8.892969543239367,0.12506000056862832,0.20517999943345785,-27.559057289213694,-36.111108236658595,-63.199999928474426,-68.27586109445434,-68.37652158796381,0
HK.06915,54,14.770000457763672,15.539999961853027,-4.954951775929985,0.491863113619759,1344949.95,19864911.377169225,12.32627480181226,12.798200101852418,,2.073256290246522,,,51.02250369158757,,0
HK.06918,490,0.11800000071525574,0.11900000274181366,-0.84033781808187,0.8341555296439143,1100200.0,129823.60078692436,3.848445153669322,0.13909999996423722,0.1512550000846386,-12.592595536031723,-24.840766386626083,-26.249997904524157,-30.17751427116833,-32.57142701440925,0
HK.06919,490,3.3399999141693115,3.259999990463257,2.453985396935122,0.5571327182398864,28965.0,96743.09751391411,1.7021854467190376,3.350199990272522,3.865382045507431,1.212120073667007,-12.105269828331103,-18.38345825675518,-13.871994705783406,-27.882793809800916,1
HK.06922,490,2.6449999809265137,2.6649999618530273,-0.7504683381911679,1.0826511750726169,38860.0,102784.69925880432,3.239655260008085,3.5153000116348267,5.076825002431869,-25.910363294490697,-37.02380711799835,-52.34234432384236,-61.045655437608005,-50.375234169095584,0
HK.06928,490,0.16899999976158142,0.18199999630451202,-7.142855388403277,0.070298769771529,112000.0,18927.99997329712,3.138365091248026,0.18202000021934509,0.2156949996203184,-5.586595015669944,-22.477062464302147,-17.156861312844917,-33.72548905027594,-37.40740998291665,0
HK.06929,490,3.684999942779541,3.690000057220459,-0.13550445429218694,1.4031229382010117,110650.0,407745.2436685562,1.7639499328655321,3.8002000045776367,3.779098181724548,-8.560800225000866,-7.412062182919765,3.4437386159924745,5.163027762449829,-14.662729169846015,0
HK.06933,490,1.184999942779541,1.190000057220459,-0.4201776639067547,0.2238567316917173,310700.0,368179.4822216034,4.632452153443503,1.2305000042915344,0.9344250009953976,-3.658542731392981,-26.397519735986226,163.33332759362665,64.58331884609386,229.1666376921877,0
HK.06936,441,29.15999984741211,29.420000076293945,-0.8837533249747983,1.3326892792261487,1535950.75,44788323.635632515,2.206009237217322,31.581118965148924,32.94906690597534,-7.513850323345614,-3.737687519062638,-12.07540003689923,-14.374738656033648,-21.511435802919145,0
HK.06938,167,53.150001525878906,54.150001525878906,-1.8467220162904123,0.6472744700058869,500348.55,26593526.1959713,7.247394328091943,53.90340003967285,,3.8085951833636287,6.300003051757813,-8.755362187332349,-35.26187269950751,,0
HK.06939,490,1.1799999475479126,1.190000057220459,-0.840345310226634,0.7044025157232704,149300.0,176173.99216890335,4.120130238650297,1.3201000034809112,1.3868249982595444,-5.2208881101612565,-39.795922215210226,7.272720179282098,59.45945031630735,171.2643542713716,0
HK.06951,48,126.5,124.4000015258789,1.688101646593816,2.568690699035311,1418034.2,179381326.29999998,7.8830207186944445,,,-0.8620677799962414,,,20.476190476190474,,3
HK.06955,490,2.7799999713897705,2.8499999046325684,-2.456138090707146,0.6502160633355046,5152326.5,14323467.522590756,7.584717893482662,4.34239999294281,6.61219999909401,-39.23497076962042,-42.20374211099679,-60.678926394757084,-66.09756053593242,-79.39214219008589,0
HK.06958,489,0.0949999988079071,0.0949999988079071,0.0,0.0,292100.0,27749.499651789665,2.961081419691605,0.09160000011324883,0.10509000010788441,10.46511114143324,2.150533930223632,-22.76423074483816,-15.178575111096801,-23.387096483458087,0
HK.06959,490,3.115000009536743,3.115000009536743,0.0,0.14167650531286896,63975.0,199282.12561011314,0.6833868139648085,3.4000000238418577,4.596250004768372,-10.999999727521624,-21.733668477170223,-45.44658513614244,-51.328125576255836,-52.51524334286983,0
HK.06960,259,6.019999980926514,6.300000190734863,-4.444447640178389,1.1093418259023355,89075.0,536231.4983010292,3.866146573455094,7.186300020217896,12.144185948371888,-26.225489050275936,-48.76595760913605,-49.23110275493497,-60.53872063343817,-67.22202582617281,0
HK.06963,490,3.7200000286102295,3.700000047683716,0.5405400180747055,0.4419351040266782,11955468.3,44474342.418048695,3.2000180575567208,3.615500020980835,3.567802846431732,9.090907184068996,10.938459871402827,10.32213492002662,0.292847348619152,5.0686985087781204,1
HK.06966,489,0.5950000286102295,0.5950000286102295,0.0,0.0,3000.0,1785.0000858306885,0.04166662527455388,0.5518999981880188,0.5038249997794628,2.5862147812329632,23.958342064482665,23.958342064482665,19.0000057220459,19.0000057220459,0
HK.06968,490,0.09099999815225601,0.09700000286102295,-6.185571682264239,0.7173229802181549,537350.0,48898.84900711477,7.100278122901845,0.1124999998509884,0.10461000047624111,-22.222222929779743,-48.295455315142625,9.638556163600754,28.169007285723147,19.73684352417571,0
HK.06969,490,9.595000267028809,9.515000343322754,0.8407768872251846,0.3634311495293005,18949973.75,181825003.1914389,4.843664203252611,8.95203860282898,9.868771483898163,5.628886442212385,15.953995439789267,-11.196559741576367,-17.293071083693082,-46.81150946478388,2
HK.06978,490,0.4399999976158142,0.41999998688697815,4.761907465063339,0.030543677458766034,68970.0,30346.799835562706,4.635223484083275,0.42749999463558197,1.7361249913275243,14.285716497389473,-21.428572188834753,-81.66666749450893,-84.6153841344434,-91.77570083253987,3
HK.06979,490,7.590000152587891,7.614999771118164,-0.3282944094770809,0.8052838966635453,3653584.6,27730707.671492767,3.476706990605645,7.78439995765686,8.206449220180511,-6.699447584021226,-0.7854817824798008,-15.366188063203772,-11.860059499807798,-22.63272393997918,0
HK.06980,216,31.81999969482422,32.20000076293945,-1.1801275127688695,1.400802608477552,162515.0,5171227.250404358,4.461878267384288,24.884749717712403,27.194536113739012,28.938825015710773,50.62399437477366,24.29587179323077,4.732236284864301,,0
HK.06988,490,0.06400000303983688,0.06199999898672104,3.2258130416166604,0.4574649446726597,8129950.0,520316.8247137219,12.295883420572471,0.05055999979376793,0.0881050001643598,30.61225451761785,-12.328761670620239,-32.631574902177796,-42.34234034681311,-46.21848607962354,1
HK.06989,489,0.5350000262260437,0.5600000023841858,-4.464281437804522,0.10967379077615298,356500.0,190727.50934958458,4.657354296849562,0.5387999939918519,0.7055999970436097,0.9434066238083006,-13.709673852999948,-27.70270009037353,-34.75609379357908,-53.478257624548576,0
HK.06990,490,481.20001220703125,465.20001220703125,3.439380821185234,1.3787691386608547,640224.05,308075820.67523503,4.493798593804206,506.5239990234375,452.88750061035154,-7.90430388382177,22.008118573482715,30.124399159371904,20.119821486644828,-6.290163153450584,1
HK.06993,490,3.609999895095825,3.7249999046325684,-3.0872486572073266,0.3724220551532281,1487816.4,5371017.047921848,3.5255993472487535,3.333300004005432,2.9504838860034943,10.736193425044526,17.207791705138757,49.073146420831556,36.015632228513326,15.607192436556074,0
HK.06996,490,3.424999952316284,3.3399999141693115,2.5449113871643,0.5138691557537779,1331995.45,4562084.352735507,7.380040909207356,3.9824999952316285,4.142025007009506,-16.46341385407364,-1.8624658178464297,-11.269428875690217,-12.40409521401238,-51.55587172338859,1
HK.06998,172,1.7599999904632568,1.7000000476837158,3.5294082997992935,10.609937502936893,803912.6,1414886.168333292,5.305979859374384,1.7279999995231627,,3.5294082997992935,2.3255791388182447,-33.07985118329946,-39.31034715223815,,1
HK.06999,489,0.11699999868869781,0.11699999868869781,0.0,,0.0,0.0,0.0,0.11699999868869781,0.11699999868869781,0.0,0.0,0.0,0.0,0.0,0
HK.07489,121,2.059999942779541,2.119999885559082,-2.830186132944906,0.6236257084502707,5549567.95,11432109.659451175,5.3971820691820085,2.7918000078201293,,-28.719727750741882,-56.170212204718574,,-68.35637679949255,,0
HK.07618,185,13.319999694824219,12.850000381469727,3.6575820965130257,0.7570411581085268,2537326.85,33797192.8676693,3.7831093348339415,13.278000011444092,,2.4615361140324516,3.095972261364041,24.369744606731338,-4.789135720195905,,1
HK.07630,86,11.949999809265137,12.899999618530273,-7.364339824479564,11.978032631027855,1939284.55,23174450.00261083,12.041494913958344,13.857999935150147,,-12.325754153118671,-67.70270321820233,,-71.45246145479028,,0
HK.07656,49,15.6899995803833,16.229999542236328,-3.3271717626839865,0.27118669722036787,453325.3,7112673.766777134,10.589684439350082,,,-47.977454709007276,,,-25.28571628388904,,0
HK.07666,86,15.15999984741211,15.420000076293945,-1.6861233955604789,1.7296046999364558,8407553.35,127458507.50310916,10.349983510344027,12.56399990081787,,21.474362207352645,18.06853323406406,,-36.30251960762472,,0
HK.07687,49,67.0,66.8499984741211,0.22438523455909232,0.0476792017558521,91711.95,6144700.649999999,7.219784694812292,,,-21.176470588235293,,,-30.713544866127396,,1
HK.07688,81,17.950000762939453,19.200000762939453,-6.510416407965962,0.6338285841431179,2812371.6,50482072.36566925,9.116254659975626,16.859599952697753,,6.338872365940674,-48.3304551074171,,-62.21052470960116,,0
HK.09600,490,0.13199999928474426,0.13899999856948853,-5.035970760276549,1.0548086866597726,243000.0,32075.999826192856,4.261219560482462,0.14484000071883202,0.19332000013440848,-8.333329883990316,-27.071821294072862,-43.347638661543144,-34.000001341104486,-49.23076764366325,0
HK.09606,349,185.89999389648438,168.6999969482422,10.195611890567617,1.3199395372618798,962058.25,178846622.80306244,6.450617489477903,200.09599975585937,264.71300010681153,-0.05376672232022849,3.796754640554571,-36.1607190578285,-37.28070252207608,-49.702383434371896,1
HK.09608,490,0.05000000074505806,0.052000001072883606,-3.846154397232281,0.06660323501427212,1003000.0,50150.000747293234,3.87811979879307,0.04714000001549721,0.053165000211447475,4.166667313418449,8.695653582340375,0.0,-21.875002546585044,-53.27102767946377,0
HK.09609,194,7.21999979019165,7.21999979019165,0.0,0.33175355450236965,4010.0,28952.199158668518,1.4360008931171593,7.804699964523316,,-7.613567020758677,-19.599107369290326,-20.74643180804409,-17.954549617018493,,0
HK.09611,158,20.360000610351562,20.579999923706055,-1.068995695675759,0.1520463651974814,439490.0,8948016.668243408,4.087507700710933,22.257600212097167,,-15.588723457943873,-19.525686860387957,-15.590832714765284,-35.15482527620165,,0
HK.09615,10,83.75,95.0,-11.842105263157894,,,,,,,,,,-16.082166894758547,,0
HK.09616,490,1.840000033378601,1.840000033378601,0.0,3.118310673994793,154040.0,283433.6051416397,3.4745985330409535,1.8231867933273316,1.991687486767769,0.8803199038557754,3.340808757118848,-7.083919713485698,-16.265350771072924,-22.3997574313545,0
HK.09618,490,106.0,106.19999694824219,-0.18832104895413354,0.5334154591271422,7844107.15,831475357.9000001,2.068757500836052,116.0379995727539,113.37089576721192,-6.1946902654867255,-2.662994935945664,9.825439799535992,-7.492820582919863,-11.784783202219725,0
HK.09626,490,121.80000305175781,121.9000015258789,-0.08203320169759347,0.4021462943974865,6004003.5,731287644.6227646,3.53665219799424,135.94799880981446,178.03950019836427,-10.441174226648666,-13.739372744884387,-42.16524239230563,-39.008510308928216,-30.519109565676377,0
HK.09630,56,344.6000061035156,346.6000061035156,-0.5770340348472699,0.46956879304983895,527840.7,181893908.44168395,9.39457100575391,340.2400015258789,,-8.835977221292163,,,-33.08737745562804,,0
HK.09633,490,39.7400016784668,39.5,0.6075991859918908,0.6004437293072198,6471045.3,257159351.08343467,2.814547163921689,42.058000259399414,44.425666885375975,-6.538096776500102,-6.494113697725183,-8.387111128347442,-15.48388133121286,-17.4334586039192,1
HK.09636,490,28.139999389648438,28.579999923706055,-1.5395400113092828,0.5551953944034143,1122404.65,31584466.165938564,4.004683605436467,29.428000068664552,36.054123106002805,-1.8143770430292794,11.422202703789617,-13.995775298484093,-42.88216814375478,-61.78043234186125,0
HK.09637,55,23.0,24.020000457763672,-4.2464631070978625,0.5581421997359687,632604.5,14549903.5,8.321571214701851,30.178799896240236,,-31.83165721453171,,,-50.0,,0
HK.09638,489,36.0,36.0,0.0,,0.0,0.0,0.0,35.268399963378904,34.293349800109866,0.0,0.5902379807561633,4.672167440259168,30.273801561681445,47.636543344763716,0
HK.09639,474,0.9300000071525574,0.9300000071525574,0.0,0.0,227000.0,211110.00162363052,3.540951277145549,0.9300000023841858,1.0588499975204468,-4.6153862142468425,-12.264145532507925,-12.264145532507925,-19.827583283363058,-28.461535287326495,0
HK.09658,490,9.380000114440918,9.279999732971191,1.0775903485690004,0.370656386127784,397831.65,3731660.9225282194,3.5726645301108584,10.435400009155273,11.688400058746337,-16.399287957193113,-11.425873661118725,-28.614917280367685,-29.31424422858171,-36.664416956959926,1
HK.09660,465,4.184999942779541,4.230000019073486,-1.0638315860764902,0.4493965326786377,118769185.7,497049035.3584727,4.470926075562791,4.699499979019165,6.673274989128113,-16.04814782965445,-8.823533689427139,-44.56953858206191,-53.448275313370594,-56.54205718540112,0
HK.09663,490,2.200000047683716,2.0999999046325684,4.761911790117163,0.0176678445229682,138050.0,303710.00658273697,7.656128805275941,2.5338999891281127,3.8074750089645386,-7.756811049026757,-25.67567502259338,-53.68420952244809,-55.19348032478536,-63.21070166109174,1
HK.09668,490,0.8349999785423279,0.8450000286102295,-1.183437837789033,0.6241099033937455,1279290.35,1068207.4147994071,2.6382108709262524,0.8163999986648559,0.8585499989986419,4.374995762482349,12.83783348395588,-6.179776183885556,-13.917530524336513,-16.500002145767212,0
HK.09669,490,3.0,2.990000009536743,0.3344478405137593,0.48681657992500554,577734.4,1733203.2000000002,3.9801784124797472,3.2360999965667725,4.64537499666214,-8.536584568052042,-14.285714285714285,-32.27990708240984,-59.0163944037298,-62.40601512744966,1
HK.09676,490,4.320000171661377,4.329999923706055,-0.23094115983537775,0.16259874597045593,548710.0,2370427.294192314,5.842579618146764,4.252699995040894,5.801600379943848,0.0,-5.865404846846931,-34.93060576676324,-37.86866766423023,-48.47478558310408,0
HK.09677,489,3.015000104904175,3.015000104904175,0.0,0.0,150.0,452.2500157356262,0.3231605218587482,2.796600298881531,2.657455310821533,8.84476987959087,10.189198470226073,25.61569019643837,17.617678348173552,7.180614604393363,0
HK.09678,299,70.0999984741211,72.0,-2.6388910081651473,0.4971966522998419,3430330.95,240466194.36073038,10.2116806361108,72.9779997253418,255.37349979400634,-6.283428323371262,-57.151591773311864,-76.38140115995591,-83.24569801703572,-90.10585766067452,0
HK.09680,489,6.5,7.78000020980835,-16.45244441246462,4.484848484848484,1010.0,6565.0,2.136495109277458,6.978800029754638,8.180450003147126,-7.2753239975740485,-10.220991636908252,-26.052331874757716,-31.506847663136096,-44.39691844893229,0
HK.09686,489,1.0,1.0,0.0,0.6349206349206349,16250.0,16250.0,3.31651327572217,0.8867000079154969,0.9120749998092651,17.647055523618373,-0.9900980750178164,16.27906783327278,11.111114054550438,2.040814340536656,0
HK.09688,490,18.959999084472656,18.940000534057617,0.1055889643671233,0.5961662397390978,7912977.05,150030037.62345314,4.0352559336839295,17.6914001083374,15.512500042915343,-4.531729598285115,42.02246099400721,28.108100271120584,39.61707798963205,-27.57830839014823,2
HK.09689,489,0.4699999988079071,0.4699999988079071,0.0,0.0,394400.0,185367.99952983856,5.665017957208631,0.5959000045061111,0.5709499996900559,-25.396825021386714,-28.787881798214265,-1.0526305882884401,6.818182126057051,30.555550036607183,0
HK.09690,490,12.520000457763672,12.420000076293945,0.8051560455349537,0.4648574935480091,1494270.65,18708269.222022817,3.99404216374133,12.323800029754638,13.974000010490418,6.191692097307784,-5.007585979743321,-7.327903437053472,-21.993762910255263,-39.575285363575,1
HK.09696,490,31.780000686645508,31.81999969482422,-0.12570398668236663,0.5781254962610578,4731599.55,150370236.94793156,4.713939887575509,34.88799987792969,45.999499816894534,-12.112829588631948,-28.935599688818982,-26.70664151453333,-39.29321563904962,-16.936743123798497,0
HK.09698,490,30.399999618530273,30.5,-0.3278701031794313,0.35675339404951245,5219342.1,158667997.848979,2.9266509001079655,31.647600059509276,36.613700008392335,-10.324488937490955,-5.707202122031734,-18.367351642445286,-14.65468688906074,-7.033642479347847,0
HK.09699,490,9.010000228881836,9.109999656677246,-1.0976886011418758,0.6524169436115763,2451158.7,22084940.448025703,4.289354135795987,8.258699989318847,10.361025011539459,12.274151491261492,10.960595515593104,-24.030350002504804,-16.881917877733326,-40.132889603359565,0
HK.09857,490,2.890000104904175,2.7899999618530273,3.5842345669686178,0.6001304631441617,15790.0,45633.10165643692,2.3065783969876508,2.6508999848365784,2.9587749898433686,7.0370390320347145,40.29127112521767,-8.544302961799987,-23.94736470608165,-41.61615724722187,1
HK.09858,490,4.275000095367432,4.445000171661377,-3.8245235034581686,0.45111491963109335,22537285.15,96346896.165573,5.264133352867776,3.967600030899048,4.049250012636184,8.365023262582746,29.54545930725819,-4.575891134671266,-14.499998092651367,32.76397693737121,0
HK.09860,489,4.0,4.005000114440918,-0.1248467989523632,0.36589698046181174,132700.0,530800.0,5.701727039440975,3.7009000062942503,4.315525006055832,14.94252810564519,15.942027383029947,-13.793100967701989,-5.660372265889812,-44.44444297272478,0
HK.09863,490,36.880001068115234,35.29999923706055,4.475925963748704,1.3695575149911339,7057953.35,260297327.08670747,4.1548933764181335,38.182800216674806,43.5002499961853,-11.938872665900387,-2.0711598047191027,-4.1081592666894,-25.585149220777293,-41.32060149006874,2
HK.09866,490,29.34000015258789,28.520000457763672,2.875174199378386,0.944290086938661,6514720.1,191141888.7280674,3.7620171812164407,35.53039989471436,40.7398500919342,-18.77076129510032,-29.7750095504391,-21.17141539407605,-28.993222726806927,-43.084382954763164,2
HK.09868,490,42.02000045776367,41.34000015258789,1.6448967166566717,0.6885618252768116,12484935.95,524617014.3341501,3.2358667129841976,47.543599929809574,63.589299869537356,-9.867006820060267,-25.231316926469948,-33.9827188524432,-47.70379433013013,-46.77643814817242,1
HK.09869,490,1.2400000095367432,1.2599999904632568,-1.5873000855468575,0.0888786879856065,687255.7,852197.0745541811,8.30193192604196,1.6742000031471251,1.1874293205142021,-19.99999692363114,-14.482760775245115,64.39102242197751,44.519568731266205,2.3571155293428596,0
HK.09876,490,3.009999990463257,3.049999952316284,-1.3114741796192448,1.1400651465798046,61400.0,184813.99941444397,2.637972277218861,2.4169013833999635,2.9414194059371948,39.18331474410868,3.3330678700203222,0.29386240588554186,-14.033836125977658,-39.34798017566564,0
HK.09877,490,7.150000095367432,7.195000171661377,-0.6254353748480103,1.2132141978850726,12859.0,91941.8512263298,6.552417569701252,7.393199996948242,8.298499991893769,-3.962391799758885,0.8462615160542796,-9.608088074658113,-22.028352934789687,-13.438257902623157,0
HK.09878,490,6.769999980926514,6.989999771118164,-3.1473504634529887,1.6220453935808137,482100.35,3263819.3603046653,5.044659031384383,7.923700008392334,8.340975019931793,-24.441964820274436,-5.7103044180292,-16.419757258108763,-33.692458808695456,-53.851397779700584,0
HK.09879,490,9.1899995803833,9.095000267028809,1.0445223811469655,0.9795060430898581,475500.0,4369844.8004722595,2.721942514997735,9.085830116271973,8.269322402477265,-0.6799053428127944,5.527609410390301,16.371293775109073,17.401133440113917,50.75373244596443,1
HK.09880,490,78.9000015258789,77.94999694824219,1.2187358753426376,0.6188257546636969,6083606.75,479996581.8578472,4.992670094918584,84.59599990844727,107.07024997711181,-14.932612910103604,-24.64183015699356,-28.076569078570802,-39.770991201619154,-23.694390366008022,1
HK.09881,312,17.700000762939453,17.700000762939453,0.0,,0.0,0.0,0.0,17.700000762939453,18.157600388526916,0.0,0.0,-25.379421267629404,10.763462265171121,59.8916102158078,0
HK.09882,489,0.7450000047683716,0.7450000047683716,0.0,0.0,46100.0,34344.50021982193,2.1842269645336416,0.8351999974250793,0.8283999994397163,-8.024691040060576,-27.669900440565144,14.615389553047677,22.131145458585426,24.166662527455387,0
HK.09885,490,3.5,3.484999895095825,0.43041909198572165,0.3842736895996145,624000.0,2184000.0,4.628416909316453,3.520900011062622,4.547839635610581,1.3024624395845237,8.695651208134308,-16.655875882745548,-32.76700314161754,-65.01803517359271,1
HK.09886,490,0.800000011920929,0.7950000166893005,0.6289302046118699,0.03800799142383783,499925.0,399940.0059595704,4.741146394093646,0.8258000016212463,0.9275999975204468,-2.439022085483674,-11.111107431811954,5.263160784158717,-23.80951921415416,-2.439022085483674,1
HK.09887,281,61.5,60.20000076293945,2.159467143829103,1.0750377548280352,1892299.6,116376425.4,6.524443285822182,63.685199966430666,62.69539993286133,-17.89052236701095,10.215055270383763,19.070664439740266,21.782178217821784,-0.7263934744108325,1
HK.09888,490,89.30000305175781,89.0999984741211,0.22447203261716067,0.5626203671692924,17115630.8,1528425882.67276,3.1162826180899446,101.28000015258789,119.40124980926514,-10.967098370200118,-21.043320728080346,-22.95081805342485,-37.899860113621735,-4.999996753449135,1
HK.09889,490,3.1549999713897705,3.1600000858306885,-0.15823146535148142,0.9595827900912647,196050.0,618537.7443909645,0.4260410928338849,3.290599980354309,3.251177041530609,-3.220859490204032,-8.017495335719419,-1.1170542705749194,-3.094715791989708,-10.034879169078446,0
HK.09890,490,9.09000015258789,9.225000381469727,-1.4634170547354244,1.0548182290339154,526680.0,4787521.28036499,3.8676748977681656,10.31450002670288,14.417925009727478,-9.371880412850663,-28.25572140606669,-48.932581223587775,-50.40916426392419,-39.11587430151183,0
HK.09893,490,1.600000023841858,1.5850000381469727,0.9463713144399526,2.78699402786994,167700.0,268320.0039982796,1.2474201918620926,1.6746000099182128,1.554900000691414,-4.191612876745086,-11.602205832956825,-5.325445581737081,68.42105725465395,176.3031934330048,6
HK.09896,490,17.770000457763672,17.799999237060547,-0.16853247518357162,0.5554747687164583,5926418.9,105312466.56589928,3.1488618905593775,22.438799934387205,30.131577463150023,-17.117537242893814,-30.531663366834223,-46.18388771846807,-52.34252455870047,-63.20995084049758,0
HK.09898,490,52.29999923706055,51.849998474121094,0.8678896358387619,0.6637488673243089,139705.65,7306605.388413047,2.020876194029742,58.59499984741211,68.71604324340821,-12.174643312989348,-12.468620523748038,-30.081009377826884,-35.78347255680696,-40.086457343888036,1
HK.09899,490,87.3499984741211,86.8499984741211,0.5757052490323142,0.3613702059536788,845138.3,73822829.2154213,3.6852310832614985,109.93100006103515,139.84425048828126,-25.596254396243584,-22.35555691189236,-38.485916567520356,-53.660478263065734,-66.73648269463934,2
HK.09900,490,5.199999809265137,5.315000057220459,-2.1636923182925227,0.8855668762909501,2335793.6,12146126.274482727,8.961295841122405,5.666900014877319,5.625274996757508,-18.431375540939033,-18.495302257203566,-9.407665215774639,-15.584416589722485,140.74072234424617,0
HK.09901,490,44.380001068115234,43.18000030517578,2.779066128898602,0.6330402022961548,3631429.4,161162840.65078506,3.492265034366968,42.554400024414065,42.17987369537354,5.215743828881617,25.084559303007065,6.993666709737761,-1.8003264895452442,15.909000789268498,1
HK.09903,168,318.79998779296875,311.6000061035156,2.310648763935275,1.2652119591649726,1967919.05,627372569.1175507,8.974443349406771,443.0300012207031,,-30.08772197522615,-39.962337515448446,17.551612626624873,103.31631478842299,,1
HK.09906,489,1.559999942779541,1.559999942779541,0.0,,0.0,0.0,0.0,1.559999942779541,1.603999959230423,0.0,0.0,0.0,-10.85714612688337,3.9999961853027344,0
HK.09908,490,8.180000305175781,7.795000076293945,4.939066390168407,0.012558869701726845,79675.0,651741.5243148804,1.7498906628641793,8.369999904632568,8.2172167801857,-3.4808267022495007,-3.7647022920496322,-6.855286834197921,3.5067772013022225,9.010081779624263,1
HK.09909,490,1.8600000143051147,1.8650000095367432,-0.26809625769762824,0.9706650755802603,94649.6,176048.2573539734,2.7503540263229267,2.0653000020980836,2.3522250056266785,-10.361447153632678,-19.827583283363058,-24.39024449340317,-23.770493004662256,-16.216216651604412,0
HK.09911,490,9.385000228881836,9.475000381469727,-0.9498696460625381,0.46158785619410614,9718252.55,91205802.4060815,5.279407029489915,8.613000040054322,9.41695002555847,14.103340955770616,18.348050845393814,1.3498919752736767,-20.935127890780105,-24.375500851928575,0
HK.09913,490,2.184999942779541,2.1649999618530273,0.9237866641529014,0.13895296992317863,107664.65,235247.2540893793,1.4312897439535242,2.2675999784469605,2.343499982357025,-6.223175350833462,-7.021275257405839,-11.895164275206564,-8.577412264710052,-11.178865491993207,2
HK.09916,490,0.36500000953674316,0.36500000953674316,0.0,4.5321637426900585,83900.0,30623.50080013275,1.8451849222773604,0.3606000030040741,0.3479250010848045,0.0,-3.9473647060816504,8.955224013376348,12.307699361496683,-3.9473647060816504,0
HK.09918,489,0.9750000238418579,0.9750000238418579,0.0,0.0,2300.0,2242.500054836273,0.026315764707211,0.9632000041007995,0.9919999930262565,1.5625047536257475,1.5625047536257475,-14.473681045921404,-5.33980088113028,-8.018860710010568,0
HK.09919,490,0.7649999856948853,0.7569999694824219,1.0568053546862324,0.31550842043626215,266802.15,204103.64093336466,2.363788589317539,0.7531552338600158,0.8512604930996894,4.42535895538272,-5.639734773705696,-15.726904261505256,-21.240099760564334,-16.312714425289364,1
HK.09922,490,1.034999966621399,1.0449999570846558,-0.9569369257348911,0.5711552014050711,1292051.65,1337273.4146231234,2.7288943271163313,1.1843000006675721,1.6208699303865433,-13.389127933708068,-27.622377301750152,-43.8889949140043,-44.1874585128405,-55.1591507114143,0
HK.09923,490,4.199999809265137,4.184999942779541,0.3584197536603377,0.5368181687975468,287751.45,1208556.0351157666,3.815098865472797,4.810300016403199,6.449325015544892,-15.322585141869629,-28.449746317752915,-41.58553858358673,-49.02912711252177,-63.06068732155826,1
HK.09926,490,95.69999694824219,90.30000305175781,5.980059483928508,1.1549356288653274,14076271.5,1347099139.5926285,4.9769117202072914,95.29699996948243,110.1697498703003,5.74585298148308,8.997714831316527,-6.176473580154719,-15.533985551152698,-37.695316962587164,1
HK.09927,211,36.939998626708984,35.97999954223633,2.668146461051866,1.459401745719526,940001.2,34723643.03710479,3.1604926619386284,42.112799911499025,75.4508359527588,-10.987955116363892,-35.19298486542283,-57.127764463891126,-65.08631975318568,,2
HK.09928,490,0.48500001430511475,0.48500001430511475,0.0,0.38801351938168804,476469.2,231087.56881594658,1.4792234160084647,0.4939000052213669,0.49703325986862185,-2.020200074126503,0.0,6.97196744046205,-0.9518877868192045,-6.164944520850146,0
HK.09929,490,1.4149999618530273,1.5,-5.666669209798178,1.1875808538163002,3861500.0,5464022.352695465,7.209612150866694,1.6649000000953675,1.1133550039306284,-31.47700132475288,-4.391895701538606,102.14285513576193,135.8333176043305,2076.92309808449,0
HK.09930,490,0.6899999976158142,0.7200000286102295,-4.166670805877945,0.07323597920911924,369871.25,255211.16161815822,4.317346218878535,0.7179000055789948,0.8800365367531776,-11.538458599376382,-10.389608479527276,-23.408485071432306,-34.75537745099642,-43.174039251576545,0
HK.09933,489,1.6749999523162842,1.6749999523162842,0.0,0.0,61800.0,103514.99705314636,1.4912936332731936,1.6484999799728393,1.6629249984025956,-0.593471264263728,-0.887580141792744,2.1341443247982146,-4.285717010498047,-12.303665885440122,0
HK.09936,490,13.699999809265137,13.430000305175781,2.0104206846912764,1.2065192940839655,1223975.0,16768457.266545296,7.034220476842245,14.098799991607667,13.016604096889496,-7.744111398405046,-2.0646773715780475,-23.238401566620485,125.25125279476839,136.08806005519983,1
HK.09938,490,0.25999999046325684,0.27000001072883606,-3.7037110623015317,0.07586533902323377,500750.0,130194.99522447586,4.46107071087895,0.263259998857975,0.1925399997457862,6.557371943300105,8.78661025257282,89.78102253294952,104.72439540593695,118.48738190986549,0
HK.09939,490,1.9199999570846558,1.850000023841858,3.783780126522939,0.30528854807934624,1397200.0,2682623.940038681,7.401088119497909,1.7792000031471253,2.3621000057458876,3.5040397489394555,-18.644065998710722,-33.33333747254461,-5.88235328491722,-17.596565667232323,1
HK.09955,490,0.5099999904632568,0.5099999904632568,0.0,1.3081140150031028,106736.85,54435.792482078075,4.50011824626276,0.5096999961137771,0.7290749974548817,-1.9230751596258298,-16.393446147009282,-27.142857264499277,-49.000000953674316,-62.77372345341827,0
HK.09958,490,0.1289999932050705,0.12600000202655792,2.3809453414772515,0.09458991809897335,1300200.0,167725.79116523266,5.28940238994013,0.13714000180363656,0.1675100004673004,3.1999945640563965,-3.731350752419659,-28.33333995607138,-14.56953701201902,-60.30769294253469,1
HK.09959,490,2.244999885559082,2.2149999141693115,1.3544005666935368,1.039417211133463,5659771.7,12706186.81879053,4.3935438540308045,2.1096999931335447,2.114513781666756,0.4474268873658309,14.648248682719334,17.55809762420883,-0.6053794121599234,-18.4544169067831,2
HK.09960,490,0.9300000071525574,0.9200000166893005,1.086955465418649,0.32977006857603874,498225.0,463349.2535635829,3.834086332803324,0.9549000000953675,1.027999504506588,-2.1052611765768803,-6.999999284744263,-11.085812490511831,-12.605715430277135,-32.28389825874244,1
HK.09961,490,310.6000061035156,305.79998779296875,1.5696594186251442,0.9508914212717127,2847535.85,884444652.3899796,2.3622929179655685,345.5320013427734,418.9940003967285,-12.55630759312028,-15.597824428392492,-20.358972793970352,-46.723841148625105,-44.33691646890401,1
HK.09963,490,9.954999923706055,9.899999618530273,0.555558659546155,0.5310477279145464,187100.0,1862580.4857254028,7.862953213513392,8.938100032806396,4.992525015622378,-2.878049524818979,12.740656961725366,601.0563538427325,631.9852808084353,2112.222263871889,1
HK.09966,490,8.029999732971191,7.96999979019165,0.7528223884444823,0.5334255338818527,1335337.9,10722762.980426311,5.210483519015261,8.023599996566773,8.932049992084503,-3.8323429207102646,11.52777702352145,3.080869990929688,-16.179542829633352,-15.916234841946212,1
HK.09968,490,0.0949999988079071,0.06199999898672104,53.225807033083825,11.152065022209621,16119400.0,1531342.9807841778,13.39110288802495,0.04388000000268221,0.031020000176504255,115.90908936971474,156.7567502259338,265.3846032608898,352.3809528033209,331.81817873942947,3
HK.09969,490,15.510000228881836,13.539999961853027,14.549485026432768,3.171787442532953,8796419.95,136432475.43784073,5.4139547176051,14.29159999847412,13.14375002861023,6.015038329167826,49.85506915198177,38.235292867680755,24.080001831054688,-15.980492968020602,1
HK.09971,49,42.79999923706055,46.0,-6.956523397694463,0.24291371587745184,595160.2,25472856.1059288,12.94734360638699,,,-35.15151630748402,,,28.838042336937196,,0
HK.09973,237,25.719999313354492,24.940000534057617,3.1275010529038387,1.1423643348013854,2254918.05,57996490.697670646,3.16401938914527,25.644799995422364,27.41194291114807,-0.6949818835016476,-0.9244983805169473,5.351397057576949,-11.742048844137619,,2
HK.09976,5,186.8000030517578,206.1999969482422,-9.408338595346306,,,,,,,,,,-20.03424735828955,,0
HK.09978,490,3.255000114440918,2.9149999618530273,11.663813277436786,2.4377864037822254,2065966.1,6724719.891931057,11.492471727218842,0.9905000033974648,0.32625000113621355,195.9090948991538,1379.545514581125,3869.5122250395107,3918.518647975337,3729.411859062715,2
HK.09979,490,1.8350000381469727,1.909999966621399,-3.9266978945080155,2.3791749048689717,1449775.9,2660338.8318045614,4.311915170931468,1.7905000066757202,2.1852548903226854,8.90208311342697,8.699024214669807,-24.240072573157853,-28.569206461873375,-29.85963356637366,0
HK.09980,150,100.0,101.19999694824219,-1.18576777117485,0.49496120657789705,534512.0,53451200.0,3.0654284624226884,109.25341033935547,,-12.200442253296016,-21.40738535049301,-39.043043874293765,-45.86983254140211,,0
HK.09981,142,9.5,10.100000381469727,-5.940597611961833,2.7423338683978273,1858140.0,17652330.0,3.6692054890963806,10.522399921417236,,-11.54562195106141,-23.330646454193097,-50.715352966437955,-53.360711606625586,,0
HK.09982,490,0.10199999809265137,0.10000000149011612,1.9999965727329765,1.0691089661240205,3593950.0,366582.8931450844,6.576295931434964,0.09332000002264977,0.10217999977990985,15.909089369714744,-3.7735855687594055,7.368420392192293,-37.03703839974039,-7.272728504228204,3
HK.09983,490,0.2849999964237213,0.2800000011920929,1.785712575121809,1.9151251360174102,331050.0,94349.24881607294,4.611844675199736,0.3161999988555908,0.4450249983370304,-13.636368151866849,-32.94117919301484,-43.00000071525574,-52.500002483526764,-71.4049631802398,1
HK.09985,490,7.074999809265137,7.199999809265137,-1.7361111571023504,0.7115444987522473,3535428.05,25013152.779420614,3.509534330824296,7.836099987030029,9.539887998104096,-17.34813712097993,-9.080296926683816,-34.42262777451993,-34.83542831222953,-41.79664272972602,0
HK.09986,489,1.8799999952316284,1.8799999952316284,0.0,,0.0,0.0,0.0,1.8799999952316284,1.8886499947309494,0.0,0.0,0.0,0.0,20.51282462753973,0
HK.09987,490,332.79998779296875,335.79998779296875,-0.8933889544539216,0.5921649855964112,804814.8,267842355.61560062,2.273098307853073,356.9870489501953,372.67296951293946,-10.274770807662739,-2.3856862761947317,-18.17822969585566,-11.751708187688424,-2.113978095814788,0
HK.09988,490,105.9000015258789,107.5,-1.4883706736010174,0.49954765142941054,97085591.75,10281364314.465857,2.8817717869643915,115.29400009155273,131.4886707687378,-13.33878545779927,-1.3966480248499464,-16.057933316839865,-28.846420602836666,-20.940466435883835,0
HK.09989,490,4.195000171661377,4.224999904632568,-0.7100528674165819,0.24834899079155429,530375.0,2224923.216044903,3.086697430658645,4.314300003051758,4.668397556543351,-5.518015369406493,6.202534709368661,-15.041819259717645,-15.535758329746605,-26.254565944408643,0
HK.09990,490,1.7000000476837158,1.690000057220459,0.5917153919925783,0.8253836421858738,193449.25,328863.73422437906,4.537303810901851,1.9247000050544738,1.7951750022172928,-11.91709358108607,-6.593406665384184,18.055554175818465,4.294481758089831,-5.555550404536735,1
HK.09991,489,7.235000133514404,7.269999980926514,-0.4814284388436666,0.024469820554649267,12235.0,88520.22663354874,3.6217970187278117,7.380299978256225,7.112524988651276,-1.0259891908647394,-0.06905577019082706,13.401253977068468,-0.06905577019082706,-13.869042118119834,0
HK.09992,490,152.89999389648438,153.0,-0.0653634663500817,0.4974627948935073,9332037.75,1426868515.0167618,2.5843818757543566,156.6259994506836,178.86452758789062,-0.3908834550590391,-14.245658284088867,-24.53477836409205,-19.415180157216916,-50.505952451513835,0
HK.09993,490,1.0099999904632568,1.0299999713897705,-1.9417457749564655,0.20989128802396428,103472200.0,104506921.0132122,6.86344364638844,1.096399999856949,1.4686999967694283,-9.821429806856472,-14.406776664517867,-32.21476617458032,-44.50549662883344,-62.31343413041941,0
HK.09995,490,76.0,73.75,3.050847457627119,0.8221218659112801,3093587.45,235112646.20000002,4.540276610529686,81.20600006103516,85.34599998474121,-6.056862093273826,9.117011249112048,-1.1703530663468604,3.1907650039835485,-20.75078332559654,1
HK.09996,490,4.945000171661377,4.769999980926514,3.668767116029876,1.197163232569972,618901.6,3060468.518241501,4.917953974856582,4.628400011062622,5.498300000429153,0.4060909675524187,19.44445244292092,-13.999997014584748,-19.19934208937269,-36.275772863296446,1
HK.09998,490,0.4399999976158142,0.4300000071525574,2.3255791388182447,0.3793466807165437,227750.0,100209.99945700169,2.126974907970527,0.3893000018596649,0.4149481019377708,14.285716497389473,17.333332697550453,-20.00000216744158,18.918916741977938,91.51515214408775,2
HK.09999,490,182.10000610351562,182.10000610351562,0.0,0.6511433702348054,7110852.5,1294886283.6511993,3.1695236802912885,197.24059997558595,195.1941552734375,-6.182977416429185,-7.890468893859566,1.534118061843717,-20.210510269780215,-12.939012474253623,0
