ticker,raw_score,rs_percentile
A,0.18051412890214608,92
AA,-0.12001870753939914,24
AACG,-0.10577542039362467,28
AACI,0.00401510649640342,67
AACIU,0.018963032044175154,74
AACOU,0.0009127194794923411,64
AACPU,0.002827965279759814,66
AAL,-0.07278552908880147,38
AAME,-0.06192305615727305,41
AAMI,0.0933725148833518,86
AAOI,-0.05973382154976689,41
AAON,-0.014616860725711535,58
AAP,-0.1782267363317257,15
AAPG,-0.13955907348126867,21
AAPL,0.08577456277982576,85
AARD,-0.18076544106442793,14
AAT,-0.07148708545734671,38
AAUC,-0.012640244335129825,58
AB,-0.017094488782722173,57
ABAT,-0.08819896966229315,33
ABBV,0.014199131227236907,72
ABCB,-0.058654157288934014,42
ABCL,0.5831911202883908,98
ABEO,-0.08913239781432736,32
ABEV,-0.03468649280971944,50
ABG,-0.14796444492213529,19
ABLV,0.3989251332404622,96
ABM,0.04484403970059585,79
ABNB,-0.056445430929496984,43
ABOS,-0.1408506950211681,20
ABR,-0.20207668872783685,12
ABSI,0.11689689036113694,88
ABT,-0.056088101365809044,43
ABTC,0.22339785235802073,93
ABTS,-0.04520426100426215,47
ABUS,0.008967057103622623,70
ABVC,0.26217914041798823,94
ABVX,-0.20256332787292533,12
ABX,-0.1740259177567925,15
ACA,0.010452544992456781,71
ACAAU,0.007451917597323332,70
ACAD,-0.24856669840522724,9
ACB,0.25445850640540296,94
ACCL,0.08971867258089428,86
ACCO,0.025372985491551515,76
ACCS,-0.20662136686397403,12
ACDC,0.028724592154073567,76
ACEL,-0.09595638614315455,31
ACET,0.04944234983887756,80
ACFN,0.06886556476012708,83
ACGCU,0.015057438089698972,73
ACGL,-0.06929067762515502,39
ACGLN,-0.02995047796733581,52
ACGLO,-0.0014418245374298363,62
ACH,-0.6009629796353246,1
ACHC,-0.07804066855824524,36
ACHR,0.05498400743375416,81
ACHV,0.07238230738568416,84
ACI,-0.052769293954227164,44
ACIC,-0.07750504750495917,36
ACIU,-0.03515764660842034,50
ACIW,-0.0845879502806087,34
ACLS,-0.03874312039347574,49
ACM,-0.11477666076440898,25
ACMR,-0.04150324401443312,48
ACN,0.08269833101435972,85
ACNB,0.009034228544916312,70
ACNT,-0.028061243693253413,53
ACOG,0.012808873443956932,72
ACON,0.08838404917462556,86
ACP,-0.09388103201035462,31
ACR,-0.34615020885682823,5
ACRE,-0.08328013106525543,34
ACRS,-0.08813777692852902,33
ACRV,0.16389858499750007,91
ACT,-0.018932927745329575,56
ACTG,-0.06573545707906757,40
ACTU,-0.5355835320324209,2
ACU,0.07717769720217552,84
ACV,-0.06081214292985903,41
ACVA,0.3995069748001367,97
ACXP,-0.05616641746151002,43
AD,-0.034695925041110826,50
ADAC,0.005173981165865138,68
ADACU,0.002249778478917985,65
ADAG,-0.24396685757383282,9
ADAM,-0.10164940545116691,29
ADAML,0.020841756620135477,74
ADAMM,0.015621650295285283,73
ADAMN,0.008585035394913986,70
ADAMZ,-0.05258906734350678,44
ADBE,-0.05368446326868039,44
ADC,-0.11194813894064931,26
ADCT,0.19702476556786555,92
ADEA,-0.04225865734478393,48
ADGM,-0.6222665423935326,1
ADI,0.058763898388897014,82
ADIL,0.11405883921381285,88
ADM,0.01347601207616599,72
ADMA,0.021556256846929148,75
ADNT,-0.11422737924135003,25
ADP,0.01026359372261132,71
ADPT,0.23537214084430386,94
ADSE,-0.06717596194935473,39
ADSK,-0.1110117521934414,26
ADT,-0.10098551081825669,29
ADTN,-0.2064284073300771,12
ADUR,-0.13297147218307231,22
ADUS,-0.012820829126332978,58
ADV,-0.10133774810901142,29
ADVB,-0.19465566907557175,13
ADX,0.02527904593269248,76
ADXN,-0.26222805131656923,8
AEAQ,0.0027077697438541385,65
AEAQU,-0.005623884455648076,61
AEBI,-0.14563684334502947,19
AEC,-0.16851063781991668,16
AEE,-0.09943121268048541,30
AEF,0.0956117126721256,86
AEG,0.01172352782297521,72
AEHL,0.23298461846330287,94
AEHR,0.24760618467362625,94
AEI,-0.40232823230516324,4
AEIS,-0.038253446196960354,49
AEM,0.11013425808975456,87
AEMD,1.3387858707039157,99
AENT,-0.15050072024971803,19
AEO,-0.06764988448437147,39
AEON,-0.09124928225263382,32
AEP,-0.07939180173974295,35
AER,-0.009713270837937072,59
AERO,0.011270110894910323,71
AERT,0.04062082771534709,79
AES,0.014327446466377292,72
AESI,0.003986321915980445,67
AEVA,-0.053707261661577126,44
AEXA,-0.021608902578863463,55
AEYE,0.05955203391859046,82
AFB,-0.10928871429481049,27
AFCG,0.14848724833655508,90
AFG,-0.03718505603977845,49
AFJK,-0.10472363943247592,28
AFJKU,-0.044146916022032495,47
AFL,-0.06096039871084219,41
AFRI,0.04090883767826417,79
AFRM,-0.056003758719724316,43
AFYA,-0.1048046717613447,28
AG,0.04188873209026128,79
AGBK,-0.10579222138301961,28
AGCC,0.019893137845916342,74
AGCO,0.017771067907538234,73
AGD,-0.011864755064675013,59
AGEN,0.4694539497623742,97
AGI,0.04032063751817768,79
AGIG,0.3911662043969339,96
AGIO,-0.07723982692711953,36
AGL,-0.19870221552440062,13
AGM,0.019272790835203137,74
AGMB,-0.22835883006311844,10
AGMH,-0.19668985767626795,13
AGNC,-0.10110071230833886,29
AGNCL,0.0190609804197726,74
AGNCM,0.008872640778760021,70
AGNCN,0.0023619075950943817,65
AGNCO,0.007823358983417971,70
AGNCP,0.0034743663000847084,66
AGNCZ,-0.009855141683868928,59
AGNT,-0.17891811417192433,15
AGO,-0.1220567968708692,24
AGPU,0.41099426281710644,97
AGRO,0.004000358711068141,67
AGRZ,-0.2106567212867931,11
AGX,-0.295471522513863,6
AGYS,-0.10101345240621022,29
AHCO,-0.2422224001679903,9
AHG,-0.3684183280818624,4
AHMA,-0.10046918125301228,29
AHR,-0.06960177550151538,39
AHRT,-0.14423422067896297,20
AHT,-0.23584752523213043,9
AI,0.1472836742516631,90
AIB,0.1510562778204727,90
AIDX,-0.19230331161165104,13
AIFA,0.7134214266059623,98
AIFC,0.02976886758292633,76
AIFF,0.8330828060603366,98
AIFU,-0.5777397839497174,1
AIG,-0.040297176093801346,48
AII,0.12745140208532935,89
AIIA,0.0064814201465094754,69
AIIO,-0.528178747867977,2
AIIR,0.1710311060380245,91
AIM,-0.2599193597597173,8
AIMD,-0.06638544106762097,40
AIN,-0.07842950288297164,36
AIO,-0.036158863809307204,50
AIOS,-0.09358613034934835,31
AIOT,-0.17031735877209167,16
AIP,-0.11847498536255147,24
AIR,-0.17144606564960668,16
AIRE,-0.17925941758667674,15
AIRG,-0.08266049001443057,34
AIRI,-0.044566811611829335,47
AIRJ,-0.11384671848070899,26
AIRO,-0.014570958616164286,58
AIRS,-0.42774881133307124,3
AIRT,0.03318763732673698,77
AIRTP,0.0033916930298159226,66
AISP,-0.13160751604007156,22
AIT,-0.027338296225481815,53
AIV,-0.17179386213824488,16
AIXC,0.8904421209337349,98
AIXI,0.7330513413093344,98
AIZ,-0.05656699190852805,42
AJG,-0.09578090685983992,31
AKA,0.0462898847103026,80
AKAM,0.03412438152189416,77
AKAN,-0.4494256642988532,3
AKBA,-0.13721739238902764,21
AKR,-0.10541426028561515,28
AKTS,-0.24777143737230073,9
AKTX,0.06496867535541472,83
ALAB,0.23450313235004697,94
ALAR,-0.12367854935424609,23
ALB,-0.13415456459586858,22
ALC,-0.0863842246298501,33
ALCO,-0.02821057181620157,53
ALDF,0.008488956114890377,70
ALDFU,0.007567194292544732,70
ALDX,-0.2532905623994535,8
ALEC,-0.009112674876719991,59
ALF,0.00571176375220821,69
ALFUU,0.0,64
ALG,-0.03563449798319869,50
ALGM,-0.12705365128956025,23
ALGN,-0.12354673790775053,23
ALGS,-0.04636899203457318,46
ALGT,-0.1514229447507605,19
ALH,-0.13489709304693653,21
ALHC,-0.5002290673096422,2
ALIS,0.010514937639339594,71
ALISU,-0.00018518942046714671,63
ALIT,-0.2580388214129249,8
ALK,-0.11926569660036229,24
ALKS,-0.19351699909455553,13
ALKT,-0.26499785967341133,8
ALL,-0.12107301381368601,24
ALLE,-0.006055277324689388,61
ALLO,-0.1424658939018671,20
ALLR,-0.19534571102160572,13
ALLT,0.1321865906982022,89
ALLY,-0.11281388667687475,26
ALM,-0.11880364434372957,24
ALMS,-0.7171144407052785,0
ALMU,-0.10543534659197497,28
ALNT,0.2792719870576188,95
ALNY,-0.022578699365031655,55
ALOV,0.0026140900144067556,65
ALOVU,0.0014985071805672322,65
ALOY,-0.12920877092124666,22
ALRM,-0.0051947904451500534,61
ALRS,-0.009114062921369237,59
ALSN,-0.08480446429048095,34
ALT,0.009758944252330815,71
ALTG,-0.037115881091876406,49
ALTI,-0.17275368591729845,15
ALTO,-0.14769350299534714,19
ALUB,0.0026305305988677755,65
ALV,-0.03620316626919517,50
ALVO,0.454491357417224,97
ALX,-0.07924312577053352,36
ALXO,-0.34327313987415176,5
ALZN,0.2719882111776275,95
AM,-0.06263889889497941,41
AMAL,-0.020523705212762897,56
AMAT,-0.03392534810821678,51
AMBA,0.0719250364083835,84
AMBO,-0.012860939902099466,58
AMBP,-0.1210961402143207,24
AMBQ,0.11288852993030542,87
AMBR,0.5116876876811854,97
AMC,0.16577771674890934,91
AMCI,-0.25071124871740647,8
AMCR,-0.06523939404111503,40
AMCX,0.0751888691045173,84
AMD,0.31359877749253834,95
AME,0.03550404708525805,77
AMG,0.025635229973232,76
AMGN,0.021813496146571857,75
AMH,-0.09015658517179065,32
AMIX,-0.10584808768941736,28
AMKR,0.04394682263618953,79
AMLX,0.18172023276540697,92
AMN,0.01453770310403386,72
AMOD,-0.5668089696773465,1
AMP,-0.07019255126844585,38
AMPG,-0.22310295664147,10
AMPH,0.22230136053558566,93
AMPL,0.3286134189460641,96
AMPX,-0.0506407171300068,45
AMPY,0.03437159982428048,77
AMR,-0.027958424810751347,53
AMRC,-0.027391876250739855,53
AMRN,-0.09122487556601049,32
AMRX,0.09510680844691224,86
AMRZ,-0.2075335503061106,12
AMS,-0.08378358942176035,34
AMSC,-0.02696589220564203,53
AMSF,-0.16932753743869633,16
AMST,-0.008026034921662463,60
AMT,-0.030855978504135604,52
AMTB,0.0405957739333591,79
AMTD,-0.08311306945137126,34
AMTM,-0.09952199197323296,30
AMTX,0.04825836229270894,80
AMWL,0.218913440226363,93
AMX,-0.10776997855571031,27
AMZE,-0.4323767185557314,3
AMZN,0.01865600575615567,74
AN,-0.17364263990371823,15
ANAB,-0.1052149730561927,28
ANDE,-0.023248376628472477,55
ANDG,0.1266788480353408,88
ANET,0.13787254610497482,89
ANF,0.15051578193309498,90
ANGH,0.11927467162692129,88
ANGI,0.0009143900538820283,64
ANGO,0.048879121796296866,80
ANGX,0.18805646756838448,92
ANIK,0.14295552783207388,90
ANIP,-0.05466862700194168,43
ANIX,-0.17874346970406316,15
ANL,0.1933437068284412,92
ANNA,-0.030160023145224757,52
ANNX,-0.2827054696797698,7
ANPA,-0.5078564024261474,2
ANRO,-0.15166440225963676,19
ANTA,-0.2570546761875638,8
ANTX,-0.059588649347366594,41
ANVS,-0.24715254919346716,9
AOD,0.0018372780954764127,65
AOMR,-0.11311017086882898,26
AON,-0.21856168124593844,11
AORT,-0.14095761933387307,20
AOS,-0.06290363276076619,40
AOSL,-0.04956806576363558,45
AOUT,0.527599793703167,97
AP,-0.0164792132714513,57
APA,0.1466667324034912,90
APAC,0.0052049478081329205,68
APACU,0.0045537288547545796,67
APAM,-0.10691382636272219,27
APC,-0.14038132309572748,21
APD,-0.04784101501587918,46
APEI,-0.14425429835369813,20
APG,-0.05318922536736496,44
APH,0.07905711308746573,84
API,0.03763276176655736,78
APLD,-0.08164147852102066,35
APLE,-0.024146235214363484,54
APLM,0.009432785660681989,71
APO,-0.04417538068599255,47
APOG,-0.126087564929793,23
APP,-0.14253514097031877,20
APPF,0.06361891572699337,83
APPN,0.19107193119138727,92
APPS,0.10714814196811692,87
APRE,-0.04725241621461324,46
APT,-0.010884858956586706,59
APTV,-0.14127299759526246,20
APUS,0.2210296057097381,93
APVO,-0.3901275827175052,4
APWC,-0.09259976042141649,31
APXT,0.003619763476907756,66
APXTU,0.0030565760699467707,66
APYX,-0.15314670458127144,18
AQB,-0.149273073463457,19
AQMS,-0.07925795227146673,36
AQN,-0.14751964380954646,19
AQST,0.020753372446270058,74
AR,-0.03685782359739193,50
ARAI,-0.23407368885146204,9
ARAY,-0.1326922845194582,22
ARBB,0.03867351876248193,78
ARBE,-0.03883505821846115,49
ARBK,-0.23767861278151506,9
ARCB,-0.12739742995000805,23
ARCC,0.02078435283681246,74
ARCI,0.00043244190787264944,64
ARCIU,-0.007674467135498386,60
ARCO,-0.10798590433954856,27
ARCT,0.5626855311780005,98
ARDC,-0.05134021565931421,44
ARDT,-0.038396049667642616,49
ARDX,-0.22851162907466363,10
ARE,-0.0680933661440125,39
AREC,-0.12214680168902746,24
ARES,-0.050609556285347926,45
ARGX,0.004479233704408489,67
ARHS,0.14178351457698274,90
ARI,-0.08398504673472437,34
ARIS,0.1006143004061874,87
ARKO,-0.26909041071932244,7
ARKR,-0.17931312768829244,15
ARL,0.01836374115294335,74
ARLO,-0.032778818066225145,51
ARLP,-0.011125572208829869,59
ARM,0.18407724482197793,92
ARMK,-0.054711404496588435,43
ARMP,-0.3185903390517381,5
AROC,-0.11322632494364193,26
AROW,-0.037103682479336667,49
ARQ,-0.04681378582501771,46
ARQQ,0.2274415423905032,93
ARQT,0.018975252955055845,74
ARR,-0.1221211858203176,24
ARRY,-0.22192572250233633,10
ARTCU,-0.0025512958869052804,62
ARTL,-0.3832080248306476,4
ARTNA,-0.04352688143781546,47
ARTV,-0.3585911049241302,4
ARTW,0.2061682035086117,93
ARVN,-0.12537819459371968,23
ARW,0.10883908018661971,87
ARWR,-0.23249958488547545,10
ARX,0.1920289410803932,92
AS,-0.15922845846740036,17
ASA,-0.00771041249558263,60
ASAN,0.06698079720785097,83
ASB,-0.045397403510090494,47
ASBP,0.12124651968300523,88
ASC,0.13942399305880596,89
ASG,-0.017592974438565168,56
ASGI,-0.1792451902619457,15
ASH,-0.00906528967023058,60
ASIC,0.05564222689227638,81
ASIX,-0.13042375497181297,22
ASLE,-0.11467953683896476,25
ASM,-0.0915249225773743,32
ASMB,-0.2111203203493615,11
ASML,0.024627164004974174,75
ASND,-0.1102155054543177,27
ASO,0.062361589130988056,82
ASPC,-0.00833534037835556,60
ASPCU,0.053146772883733345,81
ASPI,-0.30201363330160746,6
ASPN,0.045045119448537035,79
ASPS,-0.04312102846549236,47
ASR,-0.11001224853071781,27
ASRV,0.01838528472819548,74
ASST,0.9411039196016987,98
ASTC,0.0055090172519729405,68
ASTE,-0.1688286859280807,16
ASTH,-0.07822567605124908,36
ASTI,-0.1052444784777775,28
ASTL,0.006963245193599543,69
ASTS,0.01703619412144032,73
ASUR,-0.06555750707028919,40
ASX,0.20899272522206802,93
ASYS,0.0040172404119330485,67
ATAT,-0.0667679365290303,40
ATCH,-0.011977489426814016,59
ATEC,0.08054046058110408,85
ATEN,-0.1086577097572285,27
ATER,0.41964200876619906,97
ATEX,-0.11872101735561555,24
ATGL,-0.34569659803615754,5
ATHE,-0.22290760690390682,10
ATHM,-0.0027677387989693755,62
ATHR,0.09454990870290751,86
ATI,-0.07881418881502517,36
ATII,-0.000714964208983382,63
ATIIU,-0.013590416694980335,58
ATKR,0.11650371621596375,88
ATLC,-0.0699631635900575,38
ATLCP,0.007086105805697662,69
ATLO,0.03561365320494856,77
ATLX,-0.1442906299393636,20
ATMU,-0.13518574102039096,21
ATNI,0.03834979992947298,78
ATNM,0.25170862263658145,94
ATO,-0.09106013412576158,32
ATOM,-0.12359898895256669,23
ATOS,-0.20384461410981403,12
ATPC,-0.10054718211698557,29
ATR,-0.07408343669807498,37
ATRA,-0.024321606526971205,54
ATRC,0.43346137156300646,97
ATRO,-0.08538540603589773,33
ATS,-0.17005352471290835,16
ATTT,0.03252504112534428,77
ATXG,-0.05048354977638715,45
ATYR,-0.42247749571545384,3
AU,0.042085267920950915,79
AUB,-0.06424262532178879,40
AUBN,0.020621339790150902,74
AUC,0.16406687241528972,91
AUDC,0.09679258516611103,86
AUGO,0.19079653360938303,92
AUID,-0.2213282399050387,11
AUNA,-0.020139289597562626,56
AUPH,0.017486127317284637,73
AUR,0.00603006911976476,69
AURA,-0.18515396925981037,14
AURE,-0.32231561050201507,5
AUST,-0.06191852030901167,41
AUTL,0.012296564359330686,72
AUUD,0.06619420245584177,83
AVA,-0.11473754275606378,25
AVAH,0.11862594159871839,88
AVAL,-0.04000570298305932,48
AVAT,2.808183777015715,99
AVAV,0.02979086748028608,76
AVBC,-0.0012002156296827878,63
AVBH,-0.024283812013774553,54
AVBP,-0.091149263921686,32
AVD,-0.21811544144568606,11
AVGO,-0.030968905010312565,52
AVIR,0.04333896695778687,79
AVK,-0.05437572643385557,43
AVNT,0.018855884667297006,74
AVNW,-0.027589454919808142,53
AVO,0.028461984645545904,76
AVPT,0.03289402063307042,77
AVR,-0.12929617034086519,22
AVT,0.17288079089398056,91
AVTR,0.19091216933611457,92
AVTX,-0.2158448108874507,11
AVX,0.6365474028273919,98
AVXL,-0.17321559456995234,15
AVY,-0.019542517776244227,56
AWF,-0.026177592859662556,53
AWI,-0.0670214021866838,40
AWK,-0.038887614567264105,49
AWP,-0.10089600166041501,29
AWR,-0.053511756507911366,44
AWRE,-0.03413617571241416,51
AWX,-0.015026120395406684,57
AX,-0.09700428886812398,30
AXG,-0.9261498675178477,0
AXGN,-0.06991588773801469,38
AXIL,0.019086973281465358,74
AXIN,0.002719999508941728,65
AXINU,-0.01310710445720611,58
AXON,-0.22531499923119597,10
AXP,-0.083264159198712,34
AXR,-0.03988084535307074,49
AXS,-0.11577270177479122,25
AXSM,-0.11775597973976754,25
AXTA,-0.08172491662304072,35
AXTI,0.38444985231256523,96
AYA,0.2402918296000457,94
AYI,-0.07735904710780883,36
AYTU,0.02691715607243885,76
AZ,-0.12382219635737958,23
AZI,-0.14213376463785649,20
AZIO,-0.04180476153078255,48
AZN,-0.032502706868011856,51
AZO,-0.061270732043197225,41
AZTA,0.1263085369586579,88
AZTR,0.0744390700760142,84
AZZ,-0.056481132233416095,43
B,0.04075447547418137,79
BA,-0.08251532110176243,35
BABA,-0.02480070862896272,54
BAC,-0.07216099586249805,38
BACC,0.002399733132630477,65
BACCU,-0.024784165514823143,54
BAER,-0.44388449544549363,3
BAFN,0.07148234057873012,84
BAH,0.02886402626828826,76
BAK,-0.1605994915216357,17
BALL,-0.11472371253385337,25
BALY,0.2427071777577687,94
BAM,-0.08424919571557253,34
BANC,-0.0909452579335139,32
BAND,0.23124408626551454,93
BANF,-0.0414068300217512,48
BANL,-0.27784130725515493,7
BANR,-0.00853445580394575,60
BANX,0.0005174907771613568,64
BAOS,-0.5633118002484192,1
BAP,0.0036390403354764622,66
BARK,-0.14668940290499896,19
BATL,-0.1824112006751693,14
BATRA,0.05265255932424793,81
BATRK,0.05385985416274379,81
BAX,-0.05893493629521015,42
BB,-0.024557329897780283,54
BBAI,-0.07571624863508553,37
BBAR,-0.21121228609951367,11
BBCP,-0.019753111977288185,56
BBD,0.00851723831491168,70
BBDC,0.009338553348792432,71
BBDO,-0.007431667521806818,60
BBGI,-0.25084270145128534,8
BBIO,-0.17029618713765085,16
BBLG,-0.37170675582010415,4
BBN,-0.08061824104146145,35
BBNX,0.22028601830455594,93
BBOT,-0.5420092035103925,2
BBSI,-0.14040014459889877,20
BBT,-0.08851582833425056,33
BBUC,-0.14228572485128949,20
BBVA,0.0607585982334599,82
BBW,-0.2806865050903651,7
BBWI,-0.17620624163971751,15
BBY,0.06504448988943361,83
BC,-0.17604923794827215,15
BCAL,0.021628029087708153,75
BCAT,-0.1014190596352072,29
BCAX,-0.2542233009963689,8
BCBP,-0.08279007204050343,34
BCC,-0.03634241760937882,50
BCDA,0.020022564757439184,74
BCE,-0.06972428217866343,39
BCG,-0.21808137561144147,11
BCH,0.03288219974120203,77
BCHT,0.13490628001629437,89
BCIC,-0.037132820491594394,49
BCML,0.011508331888888156,71
BCO,-0.02248970106649295,55
BCPC,-0.03318388516115485,51
BCRX,-0.12565611786339329,23
BCS,-0.07599811564758391,37
BCSF,-0.06047927068001122,41
BCSS,0.003994254336342617,67
BCTX,0.1918201434152617,92
BCV,-0.013958817834912353,58
BCX,0.00235070295884985,65
BCYC,-0.1165832384812226,25
BDC,-0.013767754404253717,58
BDCI,0.00466724062235091,67
BDCIU,0.00635583491742182,69
BDJ,0.0026453578128641016,65
BDL,-0.01566937732321443,57
BDMD,-0.31523626072491545,5
BDN,-0.09105314741666659,32
BDRX,-0.46690829242734594,2
BDSX,0.13996877173800212,89
BDTX,-0.04556549942037669,46
BDX,0.056711332102128274,82
BE,0.40974768323274463,97
BEAG,-0.00036162581822301036,63
BEAGU,0.014104992846874475,72
BEAM,-0.1816536180165903,14
BEAT,-0.31417935612366177,5
BEBE,0.005408225848226955,68
BEEM,-0.11369554277197988,26
BEEP,0.3360910322746664,96
BEKE,-0.019822506610884926,56
BELFA,-0.07499116665919221,37
BELFB,-0.0399563335733912,48
BEN,-0.03035913562052941,52
BENF,-0.44705509729416465,3
BEP,-0.126293750616934,23
BEPC,-0.1454432940341513,20
BESS,-0.16660808002017558,17
BETA,0.22365053568949522,93
BETR,-0.38924152922144173,4
BFAM,-0.12499915765054367,23
BFC,0.006399902037612759,69
BFH,-0.0394052394680731,49
BFLY,0.14753840901752813,90
BFRG,0.1286695057512889,89
BFRI,-0.052411805299943465,44
BFS,-0.13988068872988094,21
BFST,-0.013138518820509325,58
BG,-0.03994383362656629,48
BGB,0.0032406263075004825,66
BGC,0.0019444896261425213,65
BGDE,-0.12717858546795466,23
BGH,-0.051209609120395495,45
BGIN,0.00985047114571973,71
BGL,-0.02446064391903349,54
BGLC,-0.0707976010488985,38
BGM,-0.16239800491532194,17
BGMS,0.13363298047234276,89
BGR,0.06532036783601451,83
BGS,-0.15350626104716314,18
BGSF,-0.08884609001087115,32
BGSI,-0.15940994134131808,17
BGT,-0.013868415904145493,58
BGX,-0.0003316853682938772,63
BGY,0.009799855803829005,71
BH,-0.10443631824230315,28
BHAVU,0.0008960973548816309,64
BHB,-0.008249125434728855,60
BHC,0.053750452116471906,81
BHE,0.07193363836240681,84
BHF,-0.07370018653670059,38
BHFAM,0.06262032333355474,82
BHFAN,0.0461141097136182,80
BHFAO,0.039279403253474475,78
BHFAP,0.04369894482747702,79
BHK,-0.06118517041607179,41
BHM,-0.03617974724375306,50
BHP,-0.024147223861611757,54
BHR,-0.19775929141437038,13
BHRB,-0.030655239341199847,52
BHST,-0.31487893255054605,5
BHV,0.02059023337385759,74
BHVN,-0.16968890199448333,16
BIAF,0.15891566939846075,91
BIDU,-0.11450049515397745,25
BIIB,0.05756557975678354,82
BIII,0.006617899853032916,69
BILI,-0.11055486996979633,26
BILL,-0.004615019406052197,61
BIO,0.08882093713050668,86
BIOA,-0.485937624616926,2
BIOX,0.02017123932181372,74
BIP,-0.103283949447611,28
BIPC,-0.12272882491218276,23
BIRD,-0.057882246578139805,42
BIRK,-0.1435116650206315,20
BIT,-0.056717707645371124,42
BIVI,-0.09217424059621157,31
BIXI,0.00926763885945332,71
BIXIU,0.004773224388367925,67
BIYA,-0.31741720564377185,5
BJ,0.0031311924246149054,66
BJDX,-0.14515561594738238,20
BJRI,-0.08739867412648994,33
BKD,-0.18638256528566435,14
BKE,-0.04652173943855472,46
BKH,-0.05011209195689808,45
BKHA,0.0281128630695886,76
BKHAU,0.014812178644050288,72
BKKT,0.05919071330750505,82
BKNG,-0.17811111852839076,15
BKR,-0.030527145156929447,52
BKSY,-0.023400283511151997,55
BKT,-0.06836457547261658,39
BKTI,-0.05112741763919332,45
BKU,-0.07241764761152411,38
BKV,-0.10324986823034646,28
BKYI,-0.49345612008040957,2
BL,-0.09281403559272595,31
BLBD,-0.13620306660523646,21
BLCO,-0.00017131970091892584,63
BLDP,-0.17882205433615816,15
BLDR,-0.19549375732887375,13
BLFS,0.14970827047664376,90
BLIN,-0.21804456586982285,11
BLIV,0.03595658118422136,78
BLK,-0.009842378960173391,59
BLKB,0.11472606999337238,88
BLLN,0.12418056920487903,88
BLMN,-0.19605627702734402,13
BLND,-0.3156427696555112,5
BLNE,-0.14426111218772694,20
BLNK,0.015937708345873908,73
BLRK,0.004685503814465752,67
BLRKU,-0.0005656017693965064,63
BLRX,-0.07690063311247838,36
BLSH,0.3870867771349546,96
BLTE,0.08085580456155833,85
BLUW,0.0010654500999613403,64
BLUWU,-0.0005697955124776888,63
BLW,-0.06202560912177717,41
BLX,-0.043219935915754334,47
BLZE,-0.050727409516444666,45
BLZR,0.0044374685835627085,67
BLZRU,0.003615579709715111,66
BMA,-0.1799344358348436,14
BMBL,-0.07624732445103696,37
BME,0.012884201975092602,72
BMEA,-0.09723506840410108,30
BMEZ,0.054680085281950466,81
BMGL,-0.4063207719403835,3
BMHL,-0.12013869353915121,24
BMI,-0.052497092659554226,44
BMM,-0.06714499505914609,39
BMN,-0.09659764321694686,30
BMNR,0.43025597962883333,97
BMO,-0.01538881962953984,57
BMR,-0.021458063665770077,55
BMRA,0.38653332006822205,96
BMRC,0.014067357625629162,72
BMRN,-0.04524825442183751,47
BMY,-0.0173085837535729,57
BN,-0.12292323340481329,23
BNAI,-0.5491669740379501,1
BNC,1.1099394412789398,99
BNED,-0.12033815707515325,24
BNGO,0.43405915654606386,97
BNKK,0.24859144566499644,94
BNL,-0.12223679959356124,24
BNR,0.9478050170623346,98
BNS,0.035878680378964814,78
BNT,-0.13171652144641172,22
BNTC,-0.23069680107049786,10
BNTX,-0.02666435816052211,53
BNY,-0.04178388216232002,48
BOBS,-0.1860473338659736,14
BOC,-0.03997212754824945,48
BODI,-0.41211338040861223,3
BOE,0.0006737410293863218,64
BOF,-0.07511245706059841,37
BOH,-0.08472644456756862,34
BOKF,-0.05478892577513622,43
BOLD,-0.012849817785293982,58
BOLT,-0.10871781806760984,27
BON,0.0754228013187251,84
BOOM,-0.03420150803917012,50
BOOT,-0.2419461699569861,9
BORR,-0.006989868431896384,60
BOSC,0.04707859435681502,80
BOTJ,0.009904881252858334,71
BOW,0.043962297745416795,79
BOX,0.006267086041885483,69
BOXL,0.10934575977425431,87
BP,0.08190877203035903,85
BPOP,-0.05210009740432376,44
BPRE,0.027757371694799103,76
BPRN,0.05801461582670371,82
BPYPN,-0.027892185303826734,53
BPYPO,-0.02338968777960635,55
BPYPP,-0.040268201733354624,48
BQ,-0.043526310725691394,47
BR,0.005131695983394552,68
BRAG,-0.1150965520729344,25
BRAI,-0.024973262706464036,54
BRBI,0.0608403562941149,82
BRBR,-0.3227683323991134,5
BRBS,0.025689037693584035,76
BRC,-0.10888557958251083,27
BRCB,-0.1721498997589862,15
BRCC,-0.04636943641997235,46
BRFH,-0.38665660494091914,4
BRIA,0.06907329445114144,83
BRID,-0.08921775349789182,32
BRKR,0.08006350696743054,85
BRKRP,0.07219692686904908,84
BRLS,0.24986991027199082,94
BRLT,0.16489250657518897,91
BRN,-0.036097548359357204,50
BRNX,-0.4738563177293904,2
BRO,-0.14400273817140988,20
BROS,-0.3489581312297316,4
BRSL,-0.09318434608376824,31
BRSP,-0.18681441108417002,14
BRT,-0.07814434629863785,36
BRTX,8.786486003922722,99
BRUN,-0.13961022260456107,21
BRW,-0.04866871189308928,45
BRX,-0.08300451008466246,34
BRZE,-0.08147818970871132,35
BSAA,-0.025375134370534957,54
BSAAU,-0.053041139192022024,44
BSAC,0.0045000800271070025,67
BSBK,-0.0023378493553871896,62
BSBR,0.04384953154406071,79
BSEM,0.16717168357534865,91
BSET,-0.025091899348344514,54
BSIN,0.1165835465709998,88
BSL,0.005393786950291479,68
BSM,-0.004626767658490637,61
BSRR,-0.005169235475001233,61
BST,0.0840026701296124,85
BSTZ,0.08433380392162032,85
BSVN,0.10457266350141729,87
BSX,-0.05945472730491581,42
BSY,-0.09970352766652472,30
BTBD,0.5625530477364309,98
BTBT,0.14714086089216608,90
BTCS,0.2576115969310185,94
BTCT,0.311462057538775,95
BTDR,0.009485073966741378,71
BTE,0.05329527926292038,81
BTG,0.18793815277330023,92
BTGO,0.2764601173832407,95
BTI,-0.06813010142752668,39
BTLN,0.26349062747606633,94
BTMD,-0.3067458760245062,6
BTO,-0.06931337508597482,39
BTOC,-0.04923096866652302,45
BTQ,-0.24371292149667378,9
BTSG,-0.14042247001227157,20
BTSGU,-0.13661332747884464,21
BTT,-0.033702519928191996,51
BTU,0.012089981651313395,72
BTX,0.0684619386679313,83
BTZ,-0.048767451843611184,45
BUD,-0.038155989657272814,49
BUDA,-0.14890669148488897,19
BUI,-0.08547087583331754,33
BULL,-0.08299747989836898,34
BUR,-0.15643942946261888,18
BURL,-0.22913077501799028,10
BURU,15.161258825792874,99
BUSE,0.001685218800824706,65
BUSEP,-0.014501492124237004,58
BUUU,0.7392189417941215,98
BV,-0.16315087061703634,17
BVC,0.026814495159660348,76
BVFL,-0.011464478291739,59
BVN,0.004033612289200385,67
BVS,0.09031260239161036,86
BW,-0.2838595599583094,7
BWA,-0.052445120229050506,44
BWAY,-0.09299636120673985,31
BWB,-0.01317297643069294,58
BWBBP,-0.006072089114691804,61
BWEN,-0.003644993896344339,61
BWFG,0.028630587538667186,76
BWG,-0.06638923025357459,40
BWIN,0.10036160279231554,87
BWLP,0.17658465149548314,91
BWMN,0.26807360177298073,94
BWMX,0.006942510499310606,69
BWXT,-0.16258343300276074,17
BX,-0.11117095793127084,26
BXBL,-0.17202478139937086,16
BXC,0.07809598173013012,84
BXMT,-0.1782371586021566,15
BXP,-0.0870909817456493,33
BXSL,0.024046280296058667,75
BY,-0.023055186919600623,55
BYAH,-0.15686414706880633,18
BYD,-0.16314806308708427,17
BYFC,0.07534384965404363,84
BYND,-0.4682022880582551,2
BYRN,-0.14155730987247914,20
BYSI,-0.14829497895071064,19
BZ,-0.14561800547683187,20
BZAI,-0.2326205383502591,10
BZFD,-0.13059683719928977,22
BZH,0.03176226607546542,77
BZUN,0.03874129833478061,78
C,-0.0012492629514231149,63
CAAP,-0.016080158379572794,57
CAAS,0.015866758650562827,73
CABA,-0.3178817454182131,5
CABO,-0.5606994097414217,1
CABR,-0.08473803506051275,34
CAC,0.025323199827322663,76
CACC,-0.05678760440737485,42
CACI,0.13097241061356252,89
CADL,-0.018433715292001284,56
CAE,-0.03020330590550674,52
CAF,-0.047208575196229605,46
CAG,-0.070421868361028,38
CAH,-0.06846252721400835,39
CAI,0.5573210598511709,98
CAKE,0.0667459711743061,83
CAL,-0.048138680133460544,46
CALC,-0.4703570850299375,2
CALM,-0.2089707936108991,12
CALX,-0.11372439785208104,26
CALY,-0.1539002418683207,18
CAMP,-0.002806976136761119,62
CAMT,0.01955758917115198,74
CAN,0.1981731963666573,92
CANF,-0.31254456666237507,6
CANG,-0.0706807172580422,38
CAPL,-0.04114543356068688,48
CAPN,0.00804316912341152,70
CAPNU,0.016114619869859848,73
CAPR,-0.10844615617525878,27
CAPS,-0.25894737970135556,8
CAQ,0.004629255151666789,67
CAQUU,-0.006481719107402517,60
CAR,-0.29857888864637033,6
CARE,-0.07371089483340762,38
CARG,-0.12032952338397737,24
CARL,0.09142168707144596,86
CARR,-0.09867402720424098,30
CARS,-0.08258640695409636,35
CART,-0.10862433980339907,27
CASH,-0.1302772152596222,22
CASS,-0.019959831694420727,56
CAST,-0.3648491270382281,4
CASY,-0.26573822526158614,8
CAT,-0.04204969113565148,48
CATO,-0.19295422588899724,13
CATX,-0.1720617194670435,16
CATY,-0.010549740313697353,59
CAVA,-0.2576935064286362,8
CB,-0.04183424087385249,48
CBAN,-0.029241006925168976,52
CBAT,0.8540157632479044,98
CBC,0.00841307757197285,70
CBFV,-0.0069924969870273305,60
CBIO,-0.20577394544041147,12
CBK,-0.04910537177820613,45
CBL,-0.06456184422231659,40
CBLL,0.14085229311027359,89
CBNA,0.0992506388627658,87
CBNK,-0.011811287606773142,59
CBOE,-0.11092154642713464,26
CBRE,-0.0822238025293871,35
CBRL,-0.0717543081123079,38
CBSH,-0.03558229547227939,50
CBT,-0.10122228943627726,29
CBU,-0.03736293105271056,49
CBUS,-0.08903809605370225,32
CBZ,0.19722990489701794,92
CC,-0.14597156016726237,19
CCAP,-0.11047288806843834,26
CCAQ,0.01763209814406415,73
CCAQU,-0.00204978528454417,62
CCB,-0.2215363611850454,10
CCBG,-0.024259284512300413,54
CCC,0.08628713204679926,85
CCCC,-0.2568477968663078,8
CCD,-0.0614965917391981,41
CCEC,-0.0175274698027527,56
CCEL,0.16756859807672914,91
CCEP,-0.05919433447560285,42
CCHH,-0.34858185673515285,4
CCI,-0.10524788846271885,28
CCID,0.0008551960163234673,64
CCIF,-0.058957993071255765,42
CCII,-0.003386302505974492,62
CCIIU,-0.0010263325628965812,63
CCJ,-0.11743742524932216,25
CCK,-0.08209452856621366,35
CCL,-0.17369036394082019,15
CCLD,-0.1604515613161527,17
CCM,-0.24879606152716469,9
CCNE,-0.002097305573982555,62
CCNEP,0.00522078248991752,68
CCO,-0.02153274432511436,55
CCOI,-0.32398942274019565,5
CCS,-0.1077594506873184,27
CCSI,-0.06488896795106086,40
CCTG,-0.2944468257309557,6
CCU,-0.08657904853975781,33
CCXI,-0.1444509908322866,20
CCXIU,-0.16969229508999023,16
CD,0.5546571661581828,97
CDE,0.07489794382864523,84
CDIO,0.07421125256937715,84
CDLR,0.016036681814154585,73
CDLX,-0.20254439093190277,12
CDNA,0.6010967501877803,98
CDNL,-0.46050728558937176,3
CDNS,-0.056062271727637655,43
CDP,-0.09208526498188685,31
CDRE,-0.15458079736433514,18
CDRO,0.08079476478932662,85
CDT,-0.9681569910226673,0
CDTG,0.052677379447382225,81
CDW,-0.03371242738911543,51
CDXS,-0.22553971724827215,10
CDZI,0.004609647643613088,67
CDZIP,-0.016560999860224756,57
CE,0.04219188068234103,79
CECO,0.009308771900146777,71
CEE,-0.05997252519177402,41
CEG,-0.0248784355410661,54
CELC,-0.13340240274194737,22
CELH,-0.130088324053335,22
CELU,0.7739890430495386,98
CELZ,0.024048623363083724,75
CENN,0.15208959247736387,90
CENT,-0.11012090429538585,27
CENTA,-0.11870974906946553,24
CENX,-0.13554139592089548,21
CEPF,-0.008848262168793131,60
CEPO,0.007845125474743054,70
CEPS,-0.006168875433297994,61
CEPU,-0.06885317353742616,39
CEPV,-0.0038342426401613227,61
CERS,-0.07326772709800422,38
CERT,0.21163449937515372,93
CET,0.052930250341390636,81
CETX,-0.27752012911922347,7
CETY,0.03659753563108684,78
CEV,-0.04582950681180864,46
CEVA,0.16874934551192292,91
CF,-0.04447687069954692,47
CFBK,0.006382322347023973,69
CFFI,0.06990857335882779,83
CFFN,0.007239941335304023,69
CFG,-0.07653605277348972,37
CFND,0.05459212592038235,81
CFR,-0.026306530856218133,53
CG,-0.13640907000490213,21
CGAU,0.17724483717765058,91
CGBD,0.03794389224514486,78
CGC,-0.029665827539063973,52
CGEM,-0.26062999404349174,8
CGEN,-0.03730544614051691,49
CGNT,-0.00712423932084164,60
CGNX,-0.056320006042418616,43
CGO,0.011059207289055474,71
CGON,-0.10782226583483721,27
CGTL,-0.11895859266247058,24
CGTX,-0.08226732751513904,35
CHA,0.018734389535232755,74
CHAI,-0.21173419961784368,11
CHAR,0.008092506908970676,70
CHARU,0.006018523710418222,69
CHCI,0.12613497308385313,88
CHCO,-0.002185041000474019,62
CHCT,-0.1244467010090913,23
CHD,-0.04711111828375131,46
CHDN,-0.09691169960021606,30
CHE,-0.014565057619170204,58
CHEC,0.00549868324316991,68
CHECU,-0.0007774531001227381,63
CHEF,0.052369177516807947,81
CHGA,-0.49407794399977295,2
CHGG,-0.20599336525946502,12
CHH,-0.08909690635160993,32
CHI,-0.05303100931679424,44
CHKP,-0.003634258432274595,61
CHMG,0.02850607712004445,76
CHMI,0.06672008979142373,83
CHNR,0.05111525773700909,81
CHOW,0.7871971621967111,98
CHPG,0.0013737898808948157,64
CHPGU,0.0,64
CHPT,0.5727519344806347,98
CHR,-0.11227135677525643,26
CHRD,0.04224062752829097,79
CHRN,-0.05778052448822012,42
CHRS,-0.22426151969488578,10
CHRW,-0.08667975361159314,33
CHSCL,0.007789457739399208,70
CHSCM,0.0001165332477465643,64
CHSCN,0.002956339205986436,66
CHSCO,0.011173834928341075,71
CHSCP,-0.006551935484759453,60
CHSN,0.07864524685946904,84
CHT,0.07143323266920668,84
CHTR,-0.2221688158197787,10
CHW,-0.01786203027283172,56
CHWY,-0.16619005960742325,17
CHY,-0.06078921501349412,41
CHYM,0.026645951653143277,76
CI,-0.04708242065794184,46
CIA,-0.21870996375915971,11
CIB,0.05260383974281048,81
CIEN,-0.10396719669675375,28
CIFR,-0.04944925887850329,45
CIG,0.0006876160803956817,64
CIGI,-0.11110691737564658,26
CII,0.005271880536845863,68
CIIT,-0.2885755705197448,6
CIK,-0.030242467669551607,52
CIM,-0.14878521074540713,19
CINF,-0.07972915051358445,35
CING,-0.03815220299683753,49
CINT,-0.11038737575874191,27
CION,0.09828281031472527,86
CIRC,-0.5176162095213727,2
CISO,-0.010925897260908759,59
CISS,-0.757426333706899,0
CITR,-0.2603484276389221,8
CIVB,-0.03712069573137085,49
CIX,0.28340622136658605,95
CJMB,0.46614785381973955,97
CKX,-0.02182831572540833,55
CL,-0.06614979421856171,40
CLAR,0.033508713994478134,77
CLB,-0.08615165490191548,33
CLBK,0.0382694665143447,78
CLBR,-0.007670537943553424,60
CLBT,-0.1609030989878409,17
CLDI,-0.2968110341955662,6
CLDT,-0.014845408070746824,57
CLDX,-0.17808202147649793,15
CLF,0.0775621489879543,84
CLFD,-0.020955578515238552,55
CLGN,0.33390985871449386,96
CLH,0.015804314190242676,73
CLIK,-0.20464727450015469,12
CLIR,-0.18303244070437846,14
CLLS,-0.5259190914361119,2
CLM,-0.05726537945363824,42
CLMB,0.19220837159369908,92
CLMT,0.25520052471827137,94
CLNE,-0.0837409281749835,34
CLNN,-0.13720314112886905,21
CLOV,0.0049507978623269736,68
CLPR,0.09316992007734282,86
CLPS,0.09458224612507629,86
CLPT,-0.08034536492762384,35
CLRB,-0.28681216097168927,7
CLRO,-0.30091489872312427,6
CLS,0.12415258625519061,88
CLSK,0.05397121587831977,81
CLST,0.043003317362359024,79
CLVT,-0.16312770227649287,17
CLW,0.06697604639039817,83
CLWT,-0.1469744210705912,19
CLX,-0.17064451020964497,16
CLYM,-0.17452871271776485,15
CM,-0.03398064081950734,51
CMBT,0.1784970052833631,92
CMC,-0.049177955520589345,45
CMCL,0.1060013421075777,87
CMCM,-0.10434020026694064,28
CMCO,0.013954490093258234,72
CMCSA,-0.13381811173328684,22
CMCT,-0.41986174216814287,3
CMDB,0.15676291170042717,90
CME,0.019921653566293576,74
CMG,-0.1120508419795401,26
CMI,-0.14580625740497283,19
CMMB,0.14183345345150494,90
CMND,-0.5340908027771825,2
CMP,-0.16714839521960606,16
CMPR,-0.13022994683980005,22
CMPS,-0.015691522064672087,57
CMPX,-0.49265939662767944,2
CMRC,0.2554301201063362,94
CMRE,-0.02485567639024021,54
CMS,-0.12833322600696373,22
CMT,-0.05637349265575271,43
CMTG,-0.3094958119316446,6
CMTL,-0.2283722644933449,10
CMTV,0.01483847053601668,73
CNA,-0.09135823958610542,32
CNC,-0.04958321145466052,45
CNCK,-0.27565497557473795,7
CNDT,0.04028378568100139,79
CNET,0.44264412551406707,97
CNEY,-0.005875158570380595,61
CNF,-0.17380653292745252,15
CNH,0.14387495455985405,90
CNI,-0.040037288198788115,48
CNK,0.05944015480498906,82
CNL,-0.08302008194980819,34
CNM,-0.044011496996673685,47
CNMD,0.009607736397075288,71
CNNE,0.04792039448219818,80
CNO,0.004586192578277782,67
CNOB,-0.04302682262956463,47
CNOBP,0.014032193602688637,72
CNP,-0.11805550015810157,25
CNQ,0.048842101212262456,80
CNR,0.007410918622732941,70
CNS,-0.09168951949867307,32
CNSP,-0.007218964566447536,60
CNSY,-0.4169912912369585,3
CNTB,-0.5138409455485351,2
CNTN,0.12723830458198374,88
CNTX,-0.29703629590273856,6
CNTY,-0.11010368540827481,27
CNVS,-0.19946045337464333,12
CNX,-0.06328318744911429,40
CNXC,0.02597208403439174,76
CNXN,0.13651339507743865,89
COCH,0.016032196840999283,73
COCO,-0.12192905186019298,24
COCP,0.1291525058623636,89
CODA,0.07850516772042032,84
CODI,0.03714485032133998,78
CODX,-0.260843246860487,8
COE,-0.28035963123269264,7
COF,-0.05843450850940754,42
COFS,-0.008271571413318834,60
COGT,-0.15210975792863984,19
COHN,-0.15885520535776276,18
COHR,0.02267763151672137,75
COHU,0.33847969736752626,96
COIN,0.14707064876416703,90
COKE,-0.01417077429637066,58
COLA,-0.022079638822144865,55
COLAU,-0.023680095813152557,54
COLB,-0.03706414885070079,50
COLD,-0.027207874518695517,53
COLL,-0.2790911491419636,7
COLM,-0.055973430903834456,43
COMP,-0.18644336283078866,14
CON,0.05516152984756206,81
COO,-0.23250089411673286,10
COOK,-0.2343222210511567,9
COOT,0.06604948682892144,83
COP,0.06614954517792013,83
COPL,0.008124920590719365,70
COR,-0.028212138331185577,53
CORT,0.12026049928710994,88
CORZ,-0.12403700035468729,23
COSM,0.7732706840607672,98
COSO,-0.02603449820443997,53
COST,-0.036980300378559636,50
COTY,0.045589577082340564,80
COUR,-0.14840073886892952,19
COYA,0.08728784360274938,85
CP,-0.056665683752356956,42
CPA,-0.02575694791355466,54
CPAC,-0.0033253595574092463,62
CPAY,0.039406245509514194,78
CPB,-0.15500996249102722,18
CPBI,-0.019281164489317285,56
CPF,-0.03436453379199147,50
CPHC,-0.010763732316966625,59
CPHI,-0.16435475929246768,17
CPIX,0.1472872676480809,90
CPK,-0.030011321636730395,52
CPNG,-0.15256146087040612,18
CPOP,11.103848138550187,99
CPRI,-0.012802653086294802,58
CPRT,-0.12742823938968773,23
CPS,-0.18350141129572756,14
CPSH,-0.060176404267336565,41
CPSS,-0.003200415895189535,62
CPT,-0.11795063010774445,25
CPZ,-0.01917292629331855,56
CQP,-0.024369934404834724,54
CR,-0.042453431784494615,48
CRAC,0.008178745154718302,70
CRACU,0.009174951816422762,70
CRAI,-0.03170047673334772,51
CRAN,-0.0035510625448204047,61
CRANU,-0.001872479616332845,62
CRAQ,0.004550611824452511,67
CRAQU,-0.0011171855419459529,63
CRBG,0.11143169004561186,87
CRBP,-0.28491083157286723,7
CRBU,-0.2269589327073175,10
CRC,0.022531723599875673,75
CRCL,0.1519977525027148,90
CRCT,0.19209782740563186,92
CRDF,0.2847115993344056,95
CRDL,0.1558788654014039,90
CRDO,-0.027815688491087502,53
CRE,-0.23719768648787665,9
CRESY,0.13005543601272296,89
CREX,-0.20849361590561893,12
CRF,-0.05170902432594496,44
CRGO,-0.20432703302723032,12
CRGY,0.13659539968931356,89
CRH,-0.1621239675703338,17
CRI,-0.1543015918658994,18
CRIS,-0.6530291853621129,1
CRK,-0.04615756847971134,46
CRL,0.13302845029571397,89
CRM,0.25360675912236647,94
CRMD,-0.011773029353870479,59
CRML,0.06176192742725624,82
CRMT,-0.5810965451431394,1
CRNC,-0.062125166661241835,41
CRNT,-0.015730251456440792,57
CRON,0.05972389820006361,82
CROX,-0.014053207263752933,58
CRS,-0.24309460506839242,9
CRSP,-0.0025759685773614873,62
CRSR,0.27572781178646766,95
CRT,0.2623446426074946,94
CRTO,-0.10503648444931432,28
CRUS,-0.02865685268635073,52
CRVL,0.1259796309032765,88
CRVO,-0.07753975257163731,36
CRVS,-0.171382772153291,16
CRWD,0.37013265872399126,96
CRWS,-0.13706505520247755,21
CRWV,0.06944290397929953,83
CSAI,-0.4277165794402603,3
CSBR,-0.08839676678906146,33
CSCO,-0.059962778577452566,41
CSGP,-0.09944285925382124,30
CSHR,0.16358247946577334,91
CSIQ,-0.23313074580813542,9
CSL,-0.10256787002456902,29
CSPI,-0.032286483242902536,51
CSQ,0.02882967523080804,76
CSR,0.010302987684970654,71
CSTE,0.15559745284314863,90
CSTL,0.2698000680112242,95
CSTM,-0.12871278161488678,22
CSV,-0.14136394452602824,20
CSW,-0.0322088034569228,51
CSWC,-0.03513132343650482,50
CSX,-0.07322676609514114,38
CTAAU,-0.0006875760120672592,63
CTAS,-0.0012709254474490561,63
CTBI,0.0038403622148065926,66
CTEV,-0.24425948461041708,9
CTGO,0.04526334191566192,80
CTKB,0.2504389050703639,94
CTM,-0.04096691749396473,48
CTMX,-0.182997153617982,14
CTNM,-0.18789453174863463,14
CTNT,-0.9802220431327544,0
CTO,-0.03127650913465504,51
CTOR,0.5880548922436151,98
CTOS,-0.07509480034828134,37
CTRE,-0.08399259229472493,34
CTRI,-0.14546416741336965,20
CTRM,-0.025232231062694132,54
CTRN,-0.2601621179462445,8
CTS,-0.017491327074287577,56
CTSH,0.0936482434014056,86
CTVA,-0.06942587149829152,39
CTW,-0.20558125553953416,12
CTXR,0.0649726956481346,83
CUB,0.005642239136644212,68
CUBE,-0.07990376090162171,35
CUBI,-0.02871023514123463,52
CUBWU,-0.002714907914331599,62
CUE,0.10329178748978814,87
CULP,0.050119252055856794,80
CUPR,-0.4438753959642686,3
CURB,-0.0780082284923713,36
CURI,0.21910590525658838,93
CURR,-0.05718225751696321,42
CURV,0.03309453325328271,77
CURX,0.05250373976698646,81
CUVL,-0.2266164620472046,10
CUZ,-0.051751203532945114,44
CV,0.049527064527126075,80
CVBF,0.001798877034290958,65
CVCO,-0.0533305422335696,44
CVE,0.08120025226194573,85
CVEO,-0.037843460340189684,49
CVGI,-0.18136754115430992,14
CVI,0.4845299277847165,97
CVKD,-0.38198063036130137,4
CVLG,-0.17278042262458246,15
CVLT,0.11345051474251867,88
CVM,0.23703438440853464,94
CVNA,-0.05600137423508456,43
CVR,-0.009262602901372253,59
CVRX,-0.33136941059568487,5
CVS,-0.11106061077571783,26
CVSA,-0.0856171139394438,33
CVU,-0.013461479507336938,58
CVV,-0.36628047908590994,4
CVX,0.08154801211503596,85
CW,-0.19734514434977293,13
CWBC,0.030529557065001,77
CWCO,-0.07014104703743698,38
CWD,0.143260010643962,90
CWEN,-0.08225172613611695,35
CWH,-0.18669536520349758,14
CWK,-0.1352684081541547,21
CWST,-0.11618698698691347,25
CWT,-0.0853977622456175,33
CX,-0.15443065698862354,18
CXAI,-0.5106753736413532,2
CXDO,-0.08832365954095947,33
CXM,-0.22308493974517046,10
CXT,-0.06687327824412663,40
CXW,-0.003829715286187174,61
CYAB,-0.30506468990824037,6
CYCU,-0.1568730555762336,18
CYD,-0.22152682387267703,10
CYH,-0.0011780053524151277,63
CYN,-0.369620039999932,4
CYRX,0.08726996758127906,85
CYTK,-0.1902965648791797,13
CZFS,0.029096933689482997,76
CZNC,0.03855659240720344,78
CZR,-0.008760879916743614,60
CZWI,-0.0034716270468637227,62
D,-0.10493360715493608,28
DAAQ,0.004948720585624433,68
DAAQU,0.11105110205148581,87
DAC,0.10322506191785322,87
DAIC,0.651418594828198,98
DAIO,-0.08021194378629659,35
DAKT,-0.13072374077606164,22
DAL,-0.019708422733545127,56
DAN,-0.05637485659979067,43
DAO,-0.02188100250452027,55
DAR,0.03854384305316654,78
DARE,-0.21264141194101072,11
DASH,-0.08404268785975144,34
DAVA,-0.40423795497274495,4
DAVE,-0.13755936038330369,21
DB,-0.01708958959199929,57
DBCA,0.003302788075319696,66
DBCAU,0.007672087641412484,70
DBD,-0.18237658100210186,14
DBGI,-0.5570716932486154,1
DBI,0.030201205903290628,76
DBL,-0.028488404716826135,52
DBRG,0.005180185133371951,68
DBVT,-0.2006297274546258,12
DBX,0.009443390228983418,71
DC,0.27551069332328787,95
DCBO,0.050269897325904714,80
DCGO,-0.25844946871152474,8
DCH,-0.08109191777009345,35
DCI,-0.06704399002119579,40
DCO,-0.05114055574943438,45
DCOM,-0.0034742927631285056,62
DCOY,-0.1452584400161654,20
DCTH,0.12191742935607548,88
DCX,-0.9460274013188773,0
DD,-0.045880343082194845,46
DDC,-0.6601776674558055,1
DDD,0.2007775034876824,92
DDI,0.07199702553676321,84
DDL,-0.006474546993709966,60
DDOG,0.13314008892324689,89
DDS,0.0935212498547894,86
DE,0.09356545540827774,86
DEA,-0.07243879858596197,38
DEC,0.02498693379382435,75
DECK,-0.1827698592658624,14
DEFT,-0.010222753786849436,59
DEI,-0.17685281364201808,15
DELL,0.3197411929935737,95
DEO,-0.02788132942618815,53
DERM,-0.11569195549396882,25
DFDV,0.7797784028509271,98
DFH,-0.2753784339748562,7
DFIN,0.03367479857267522,77
DFLI,-0.2915472243984729,6
DFNS,-0.5017361135510673,2
DFP,-0.06697040165512413,40
DFSC,-0.3217996962865913,5
DFTX,-0.16727969507958013,16
DG,0.01568313839115304,73
DGICA,-0.045715676029138695,46
DGICB,-0.22589492349243012,10
DGII,0.08705256750786014,85
DGNX,0.09500656643971872,86
DGX,0.008879869941127296,70
DGXX,0.1290713132001656,89
DH,0.28545495410631305,95
DHC,-0.05863041763698173,42
DHF,-0.04124031326931137,48
DHI,-0.07354074981886825,38
DHR,0.08838879217954625,86
DHT,0.23259572221522995,94
DHX,0.1323918371204611,89
DHY,-0.0476357029409687,46
DIBS,-0.11721944868433148,25
DIN,-0.20733192169794146,12
DINO,0.22922054604158393,93
DIOD,0.07143058218103279,84
DIS,0.022699894316795345,75
DIT,-0.042705830159621525,48
DJCO,0.080566682764651,85
DJT,0.0049442139358309295,68
DK,0.08892483508015525,86
DKI,-0.35075958886818503,4
DKL,-0.005343946734155915,61
DKNG,-0.11600977281071742,25
DKS,-0.15826763486112855,18
DLB,0.007557542812600702,70
DLHC,-0.2612212608749012,8
DLNG,-0.015532897104607379,57
DLO,-0.035888675353436816,50
DLPN,-0.022211133354431478,55
DLR,-0.06950995151098743,39
DLTH,-0.0031448269221194466,62
DLTR,-0.11436122970352229,25
DLX,-0.007677571248111567,60
DLY,-0.04122437096315703,48
DMA,0.038818998977093136,78
DMAA,0.01111832305960978,71
DMAAU,0.0164308878993213,73
DMAC,0.1937150269078025,92
DMB,-0.09998514478434598,30
DMC,0.022961628689041457,75
DMII,0.005649015810521285,68
DMIIU,0.001968502089260138,65
DMLP,0.08114608038868194,85
DMO,-0.06557913847412547,40
DMRA,-0.28647879186946185,7
DMRC,-0.23047492825442722,10
DNA,0.36053074994684137,96
DNLI,-0.17123421035729522,16
DNMX,0.0018993910548848359,65
DNMXU,0.00010014815011634144,64
DNN,-0.17492755142443703,15
DNOW,0.07855646756734572,84
DNP,-0.09825095407153162,30
DNTH,-0.1530842421161548,18
DNUT,-0.15152738251050396,19
DOC,-0.06613057282488498,40
DOCN,0.1809699849262224,92
DOCS,0.15363641616591667,90
DOCU,0.2292596310955824,93
DOGZ,-0.09643260271091303,30
DOLE,-0.05939908965466274,42
DOMH,-0.08470106027507446,34
DOO,-0.06695021953866542,40
DORM,-0.0767591669247391,37
DOUG,-0.14038869185346703,20
DOV,-0.07548936034411455,37
DOW,-0.04275558170399989,48
DOX,0.003635026967136825,66
DOYU,0.026960540080363016,76
DPG,-0.11382324757631987,26
DPRO,0.21955335538611742,93
DPZ,-0.12466928156602315,23
DQ,-0.10677343153321191,27
DRCT,-0.36277083191146664,4
DRD,0.05049120099383417,80
DRDB,0.009535800622954338,71
DRDBU,0.0094198039161681,71
DRH,-0.01666129687006593,57
DRI,-0.0655943812063496,40
DRIO,-0.07445238471652979,37
DRK,0.28047418795286266,95
DRMA,-0.19229548121177117,13
DRS,-0.11635902935178664,25
DRTS,0.13090430301773967,89
DRUG,-0.28858821691689684,6
DRVN,-0.10486281315839147,28
DSAC,-0.000783363803200565,63
DSACU,-0.00019002267987391355,63
DSGN,-0.12339781874040516,23
DSGR,0.05634327061800262,82
DSGX,0.04212472830519913,79
DSL,-0.045828973534532316,46
DSM,-0.10142033103077518,29
DSP,0.019050325979234117,74
DSS,0.3123947232080127,95
DSU,-0.039822465783506567,49
DSWL,-0.050586897328125394,45
DSX,0.18711303800613413,92
DSY,0.03045208330889662,77
DT,0.22478011691102612,93
DTCX,-0.13407205463270852,22
DTE,-0.14464713305259252,20
DTF,-0.017392233018938365,56
DTI,0.06326906675814355,83
DTIL,-0.20279094429755065,12
DTM,-0.10457130012760225,28
DTSQ,0.014826808429187287,72
DTSQU,0.03767019740155222,78
DTSS,0.17631157262197478,91
DTST,0.008247999611056343,70
DUK,-0.0914931331913925,32
DUO,-0.02228465934033982,55
DUOL,0.051510279512188915,81
DUOT,-0.025776842988840747,54
DV,0.10960963232062917,87
DVA,-0.11633893043358809,25
DVLT,-0.5141065653537155,2
DVN,0.06299393490793104,82
DWSN,-0.2592707719428593,8
DWTX,-0.3162866015328831,5
DX,-0.10315156703185217,29
DXC,0.040164143070402315,79
DXCM,0.08101414961853354,85
DXF,0.18112726248884636,92
DXLG,-0.2097239726663523,12
DXPE,0.09817352459367773,86
DXR,0.07875480190026833,84
DXST,-0.10052579203622586,29
DXYZ,0.09296200612311967,86
DY,-0.24943221589629,9
DYAI,-0.4579502820048291,3
DYN,-0.3571610174497519,4
DYNC,0.0063906265878118425,69
DYNCU,0.008652608221923153,70
DYOR,0.0038736208547730747,66
DYORU,0.003845888051114921,66
E,0.08749149343417317,85
EAD,-0.03805145129942552,49
EAF,0.5345348542147619,97
EARN,-0.019328197620103238,56
EAT,-0.01475125882062376,57
EBAY,-0.003539483725463443,62
EBC,-0.04865839396714168,45
EBF,0.023023942147877487,75
EBMT,-0.06794478600474402,39
EBON,-0.01496108126104307,57
EBS,0.006538922737672585,69
EC,0.04130121712653454,79
ECAT,-0.05641824526208865,43
ECBK,0.018856319626189257,74
ECC,-0.05057218592137297,45
ECCC,0.00866104295854837,70
ECF,-0.02509896519693382,54
ECG,-0.0676670043114072,39
ECHO,0.026096212355147495,76
ECL,-0.023076486472763738,55
ECO,0.40320599009633484,97
ECOR,0.36865473512115765,96
ECPG,0.016357651101060067,73
ECVT,-0.09014651287680993,32
ECX,0.008150232396921387,70
ED,-0.05891297223011194,42
EDBL,-0.38125542298917925,4
EDD,-0.04023030607874127,48
EDF,-0.01675523072587425,57
EDHL,0.23556256217079155,94
EDIT,-0.11786715937379756,25
EDN,-0.12417064621230886,23
EDRY,0.5264395344606786,97
EDSA,-0.25415288974281747,8
EDTK,0.12727242642646253,89
EDU,0.06644210947486152,83
EDUC,-0.08050040653957002,35
EDVA,-0.5076065941395689,2
EE,-0.13539516760073356,21
EEA,-0.04013920803503936,48
EEFT,-0.11080821120720408,26
EEIQ,0.8865548126446143,98
EFC,-0.06993074259160453,38
EFOI,-0.03242273070554812,51
EFOR,0.29169169670435724,95
EFR,-0.013855346863184225,58
EFSC,-0.05773119111416666,42
EFSCP,-0.1456505310208024,19
EFSI,0.1052058015944003,87
EFT,-0.0032338758193913297,62
EFTY,0.0,64
EFX,-0.18453513994283344,14
EFXT,0.10908342405290708,87
EG,-0.019893397922262246,56
EGAN,-0.1609614339640409,17
EGBN,0.014178107400009398,72
EGG,-0.24738999536755835,9
EGHA,0.005134263625124369,68
EGHAU,0.0,64
EGHT,0.23241564158080275,94
EGO,0.10560786699181493,87
EGP,-0.014604500649194264,58
EGY,0.09941480783750163,87
EH,-0.13017903572839748,22
EHC,0.07453011273923822,84
EHGO,-0.4630897554248369,3
EHI,-0.047670876444173615,46
EHLD,0.37405274445665415,96
EHTH,-0.41302523331283947,3
EIC,-0.06117882002021304,41
EICA,0.007907567866596722,70
EIG,-0.045087928889710895,47
EIKN,-0.28073963327418244,7
EIM,-0.08114719876804131,35
EIX,-0.3079257868606349,6
EJH,-0.09601097414636461,31
EL,0.022058751963892932,75
ELA,-0.29232582980967237,6
ELAB,-0.397212593928298,4
ELAN,-0.11135483596885593,26
ELBM,-0.03517476984728193,50
ELDN,-0.23044240885992406,10
ELE,0.1332760576093054,89
ELF,0.11525123408968284,88
ELLO,0.12507154257586722,88
ELMD,-0.21487612338550588,11
ELME,0.07612287296856546,84
ELOG,-0.4241416615553205,3
ELPC,0.06606589836523336,83
ELPW,-0.4802850306684915,2
ELS,-0.07995203254195182,35
ELTK,-0.02557716707708325,54
ELTX,-0.4121565180542112,3
ELUT,-0.15698339259329028,18
ELV,0.004861014058295709,68
ELVA,-0.1467212191188007,19
ELVN,-0.20394811224591236,12
ELVR,-0.3082397088058065,6
ELWT,-0.015712142476486165,57
EMA,-0.08444446815016324,34
EMAT,-0.23126519905829251,10
EMBC,0.4287838213478016,97
EMBJ,0.11367071431202294,88
EMD,-0.0717364917789157,38
EME,0.014169059472259238,72
EMF,0.03159170318473572,77
EMIS,0.006184702128502018,69
EML,-0.04072765662477736,48
EMN,-0.044612672819895345,47
EMO,-0.008848729697057432,60
EMPD,-0.083202456606741,34
EMR,0.03485070375892101,77
ENB,-0.11024737032696616,27
ENGN,0.06065502181927784,82
ENGS,0.04506069800733512,79
ENIC,-0.031508553702359714,51
ENLT,-0.15810809993002128,18
ENLV,-0.7085626778881997,0
ENOV,-0.2842822969983623,7
ENPH,-0.1745317336528388,15
ENR,0.0038484924413494602,66
ENS,-0.0813418274144296,35
ENSC,0.26618445872083835,94
ENSG,-0.013158143059018614,58
ENTA,-0.12786486992012103,22
ENTG,0.10740177361484204,87
ENTX,0.019667913109188168,74
ENVA,-0.2742690672631485,7
ENVB,0.09780524730452933,86
ENVX,-0.2645940535611044,8
EOD,0.005287605955687192,68
EOG,-0.0007141273698411665,63
EOI,0.02409480946579561,75
EOLS,0.061839989623606005,82
EONR,-0.0047240559252139215,61
EOS,0.016190886625127153,73
EOSE,-0.13770148594685017,21
EOT,-0.10506529335291749,28
EP,-0.26742675376017927,7
EPAC,-0.04376639813891152,47
EPAM,0.08652451330514466,85
EPC,-0.013197265235842059,58
EPD,-0.036895306760061156,50
EPM,0.02144158282702545,75
EPOW,-0.5192876500438544,2
EPR,-0.06286098413032468,41
EPRT,-0.14499046782116376,20
EPRX,0.17569271025685065,91
EPSM,-0.0679282582929506,39
EPSN,0.06363391484556336,83
EQ,-0.32072996189711034,5
EQBK,-0.03155089989546607,51
EQH,0.11518307905229139,88
EQIX,-0.05386350373371221,44
EQNR,0.1191645308182854,88
EQPT,-0.08109173604459188,35
EQS,-0.11327277197199957,26
EQT,-0.04689895476908004,46
EQX,0.07669477782790922,84
ERAS,-0.2145160995716221,11
ERC,-0.043379922444211,47
ERH,-0.11844832825218456,24
ERIC,-0.06567661220072149,40
ERIE,-0.10330378390539101,28
ERII,-0.1735226294012862,15
ERNA,-0.26153993570683914,8
ERO,0.21139066396297906,93
ES,-0.11889736244024403,24
ESAB,-0.1777154347634013,15
ESBA,-0.19400742662492995,13
ESCA,-0.011738455167758278,59
ESE,-0.11416886511131526,25
ESEA,-0.03697755143002907,50
ESI,-0.05224595979294128,44
ESLA,-0.38002738875004877,4
ESLT,-0.016582188743945313,57
ESNT,-0.05442639908033407,43
ESOA,-0.17677009000347554,15
ESP,0.07204551244269225,84
ESQ,0.03741570172602069,78
ESRT,-0.18706916382926275,14
ESS,-0.06651500341435027,40
ESTA,-0.18007964717218122,14
ESTC,0.295033935677056,95
ET,-0.009900759126404533,59
ETB,0.015829008403888577,73
ETD,0.048408490134475055,80
ETG,0.0006279373435680961,64
ETJ,0.004109421074510189,67
ETN,0.08611255260983822,85
ETO,-0.0049639854216293015,61
ETON,0.15454597516292534,90
ETOR,-0.22948197420230593,10
ETR,-0.10443875298470609,28
ETS,0.9085352071748882,98
ETSY,-0.16851173687193957,16
ETV,0.03384609753474559,77
ETW,0.012108583649761051,72
ETX,-0.033379696419377956,51
ETY,0.0011394027840677442,64
EU,-0.04026328163302524,48
EUDA,0.13755238844029433,89
EURK,-0.031233515589814964,52
EURKU,-0.006937823337283044,60
EVAC,0.00591659023680915,69
EVAX,0.08947045398100849,86
EVC,-0.2048217563057011,12
EVCM,-0.17652966934388933,15
EVER,-0.2759815558610494,7
EVEX,-0.1036015544333344,28
EVF,-0.007302085777726241,60
EVG,-0.05052232780214009,45
EVGN,-0.13858367803583171,21
EVGO,-0.11659136220236727,25
EVH,-0.2125234407828553,11
EVI,0.3961558096328408,96
EVLV,-0.10671298059196958,27
EVMN,-0.4053150770599279,3
EVN,-0.08451889555795958,34
EVO,-0.24735591908888116,9
EVOX,0.00408243351935973,67
EVOXU,0.003817300887082187,66
EVR,-0.16098110787499958,17
EVRG,-0.06941743254702548,39
EVT,0.008740026452559602,70
EVTC,-0.05155080879227868,44
EVTL,-0.2546080951198802,8
EVV,-0.06449357596540733,40
EW,-0.025265070741495324,54
EWBC,-0.022055119409374137,55
EWTX,-0.07451834444495586,37
EXC,-0.11173853152592365,26
EXE,-0.056808808694631806,42
EXEL,0.039498641279908694,78
EXFY,0.07656393473482714,84
EXG,-0.00566637302857156,61
EXK,0.020063553392874453,74
EXLS,0.07210842706693266,84
EXOD,0.20754511180886093,93
EXOZ,-0.00371268835867674,61
EXP,-0.1590028080009352,17
EXPD,0.05418109785741833,81
EXPE,-0.13365206114559475,22
EXPO,-0.03227505342409176,51
EXR,-0.08506663779820273,34
EXTR,-0.17802313395854794,15
EYE,-0.15464677396011786,18
EYPT,-0.4934704084572909,2
EZGO,-0.10929729806707758,27
EZPW,-0.03759201402149485,49
EZRA,0.03582709246434781,78
F,-0.10331632285055002,28
FA,-0.020830381793606287,55
FABC,-0.13017832113524286,22
FAC,0.15166819007753626,90
FACTU,0.0,64
FAF,-0.10118618956086288,29
FAMI,-0.0686885792674661,39
FANG,-0.028411133818689663,53
FAST,0.022809343546759245,75
FATE,-0.015112731450578822,57
FATN,-0.06409579429237036,40
FAX,-0.05078510033663223,45
FBGL,-0.19223716852505762,13
FBIN,-0.1698757183123136,16
FBIO,-0.22731875412087973,10
FBIOP,-0.11547722952007017,25
FBIZ,0.036182398728032215,78
FBK,-0.08758914415424424,33
FBLA,0.05196053520045372,81
FBLG,0.471008036462665,97
FBNC,-0.005602515177157097,61
FBP,-0.029474555322241153,52
FBRT,-0.1445470304288326,20
FBYD,-0.33327993242946063,5
FC,-0.1933419262664968,13
FCAP,-0.03913991345970555,49
FCBC,-0.004770380008948871,61
FCCO,-0.021762782987013552,55
FCEL,-0.17860118198382358,15
FCF,0.0026723605604714873,65
FCFS,0.01591126432878537,73
FCHL,-0.07434575155853233,37
FCN,-0.1391934459312702,21
FCNCA,-0.03261339699469254,51
FCNCO,-0.039715911219445406,49
FCNCP,-0.03917154162845439,49
FCPT,-0.12257240315434309,24
FCRS,0.0018586467877450552,65
FCUV,0.08202933147530361,85
FCX,0.04172810091725372,79
FDBC,0.05576394787605867,81
FDMT,0.15516769508433167,90
FDS,-0.009865538903439441,59
FDSB,0.006251811885758199,69
FDUS,0.00015972210375992876,64
FDX,-0.11739011322992372,25
FE,-0.09203660667185105,32
FEAM,0.9572192147916672,98
FEBO,-0.11552200161972519,25
FEDU,0.07288867952566432,84
FEIM,0.4115579946419758,97
FELE,-0.08015776503270282,35
FEMY,-0.19002163930140203,14
FENC,-0.051758828798432015,44
FENG,-0.03854018991442454,49
FER,-0.0997920681949915,30
FERA,0.007366099006024984,69
FERAU,0.0009354573002344325,64
FERG,-0.05108263647101544,45
FET,0.34884494394768306,96
FF,0.05880509354272181,82
FFA,0.0036353093867227734,66
FFAI,-0.5771205039770424,1
FFBC,-0.018334777478001787,56
FFC,-0.04654091391020313,46
FFIN,-0.05117234216383405,45
FFIV,0.10843998238024483,87
FG,-0.13732580783423345,21
FGBI,-0.11174824729078783,26
FGBIP,-0.09447493082329783,31
FGI,0.41390131690690446,97
FGII,0.005019156497540367,68
FGIIU,0.00288732896870334,66
FGL,-0.8680570361170191,0
FGNX,0.10080689469328516,87
FGNXP,0.04963101777468948,80
FHB,-0.06892861038087564,39
FHI,-0.06532188704177182,40
FHN,-0.06224118246022904,41
FHTX,-0.36786040432251693,4
FIBK,-0.01615318237794532,57
FICO,-0.27963101237696986,7
FIEE,0.032044339747342145,77
FIG,-0.1338019249471278,22
FIGR,0.015047339267859394,73
FIGS,0.06198520917486491,82
FIGX,0.0052212094183812004,68
FIGXU,0.0014501507494240062,65
FINS,-0.03871575116629603,49
FINV,-0.3114238851545947,6
FINW,-0.2056255241862932,12
FIP,-0.22223887278777965,10
FIRY,0.27068044690986615,95
FIS,-0.1344095074454055,21
FISI,-0.006288038817275143,61
FISK,-0.22082243242383096,11
FITB,-0.07044809910341393,38
FIVE,-0.010098547489259181,59
FIVN,0.29014557069638425,95
FIX,-0.00142949485121098,62
FIZZ,-0.07579237368745749,37
FJET,-0.5490808924452459,1
FKWL,-0.016260900938026047,57
FLC,-0.04445414402862018,47
FLD,0.04895391969042148,80
FLEX,-0.027157667488061303,53
FLG,-0.11753843086387093,25
FLGT,0.12204465473359549,88
FLL,-0.26744870731429093,7
FLNA,-0.21170949714186624,11
FLNC,-0.377675776802101,4
FLNG,0.04144237970974927,79
FLNT,-0.12684065307341025,23
FLO,-0.21116066882567186,11
FLOC,-0.05476770243609804,43
FLR,-0.02168784182314073,55
FLS,-0.04640178278992896,46
FLUT,-0.18690374358126835,14
FLUX,-0.2849775321463971,7
FLWS,-0.2881191118802974,6
FLX,-0.4245524544699552,3
FLXS,0.13588382567862892,89
FLY,0.11619029515899199,88
FLYE,-0.20587353054296623,12
FLYW,-0.024595545717115,54
FLYX,-0.04982878244224365,45
FMACU,0.007982957397931844,70
FMAO,0.05188107397482447,81
FMBH,-0.013010123017588303,58
FMC,-0.1407817056476208,20
FMFC,-0.20258491252733105,12
FMN,-0.09024497265665582,32
FMNB,0.0022667183335949755,65
FMS,-0.04487382342149149,47
FMST,-0.4491229615717939,3
FMX,-0.044204974863729665,47
FMY,-0.030484719461953913,52
FN,-0.08580708981443672,33
FNB,-0.05547313579033383,43
FND,-0.16034089281937589,17
FNF,-0.14660762081566048,19
FNGR,-0.28848267360981483,6
FNKO,-0.11946783520863319,24
FNLC,-0.015408353128398788,57
FNRN,-0.03568853061657292,50
FNUC,-0.1183174550205141,24
FNV,0.09110216573688386,86
FNWB,-0.09891666799379024,30
FNWD,0.047563289103323095,80
FOA,-0.31823957126844177,5
FOCL,-0.048112163531064005,46
FOF,-0.08086486634540926,35
FOFO,-0.11332992881507205,26
FOR,-0.1062282586690948,28
FORM,0.23922746322740732,94
FORR,0.11082964510808051,87
FORTY,0.006088991760415585,69
FOSL,0.27527824680957536,95
FOUR,-0.21260004627830792,11
FOX,0.03420119454078653,77
FOXA,0.037234567802093096,78
FOXF,-0.07188529831691463,38
FOXX,-0.1398404749572402,21
FPF,-0.07199825461713386,38
FPH,-0.099332034839466,30
FPI,0.08651252134742812,85
FPS,0.10703333736173334,87
FR,-0.04220411167530365,48
FRA,-0.01329147394303888,58
FRAF,-0.000795604693398355,63
FRBA,-0.014472910422781649,58
FRD,0.0119089619811488,72
FRGT,-0.8294814633654326,0
FRHC,0.1060962416415366,87
FRME,-0.03548252625452193,50
FRMEP,-0.009002265182430113,60
FRMI,-0.2859662342361286,7
FRMM,-0.09764434330911896,30
FRNM,0.30541675657084455,95
FRO,0.29923283805385303,95
FROG,0.03419526751195217,77
FRPH,-0.0833370265879512,34
FRPT,-0.12791486567865445,22
FRSH,0.07678303481593368,84
FRST,-0.02739824126883559,53
FRSX,-0.10387512890077753,28
FRT,-0.08877810023312191,32
FSBC,-0.05770616635838598,42
FSBW,0.033118908154926616,77
FSCO,0.040625328489088994,79
FSEA,0.011549189424002581,71
FSHP,0.007859645997378872,70
FSHPU,0.005968259174754053,69
FSI,0.020954553097461144,74
FSK,0.02355615756898686,75
FSLR,-0.1566935116131871,18
FSLY,0.18761144043782188,92
FSM,0.162235007799154,91
FSP,-0.22732842406607595,10
FSS,-0.05202356775872606,44
FSTR,-0.06642647393866176,40
FSUN,0.002956936578222313,66
FSV,-0.0990251087700737,30
FT,-0.0914824957530473,32
FTAI,-0.1824649497375389,14
FTAIM,0.004615631303386647,67
FTCI,-0.012593662880339182,58
FTDR,-0.0610508792271754,41
FTEK,0.11726069220789107,88
FTF,-0.05461866955419357,43
FTFT,0.2245819297795689,93
FTH,-0.04214678844400571,48
FTHM,-0.2570798679200309,8
FTHY,-0.02381579443533409,54
FTI,-0.016260027220827755,57
FTK,0.2663162854282407,94
FTLF,-0.0975420755057168,30
FTNT,0.12671022678480576,88
FTRE,0.050340495660122844,80
FTS,-0.061255507831200595,41
FTV,-0.08839584737868561,33
FTW,-0.08600437428398862,33
FUBO,-0.016867020679629578,57
FUFU,0.028668252212967864,76
FUL,-0.1457021606381851,19
FULC,-0.017089017138915863,57
FULT,-0.036176985205718784,50
FULTP,-0.02374379502715091,54
FUN,-0.30882330752701276,6
FUNC,-0.01701459173481845,57
FUND,-0.010553097660675914,59
FURY,-0.06649503808066537,40
FUSB,-0.002064488085358751,62
FUSE,-0.3217732953239277,5
FUTU,0.00089893523626592,64
FVAV,0.010535644015564215,71
FVCB,-0.01137222665460802,59
FVN,0.0032878323625452933,66
FVNNU,-0.28405226715139437,7
FVR,-0.11225759394147433,26
FVRR,-0.17362415497921446,15
FWDI,0.7667019674965514,98
FWONA,-0.06373893177997533,40
FWONK,-0.05648018425941076,43
FWRD,-0.08762837537586374,33
FWRG,-0.2134881461516817,11
FXHO,0.12749796975463132,89
FXNC,-0.035678647071112436,50
G,-0.027053995349692023,53
GAB,-0.03437624279455354,50
GABC,0.0010008730969790717,64
GAIA,-0.2508865319056372,8
GAIN,-0.012488306450216924,58
GALT,-0.028675103870700658,52
GAM,-0.014527704607711266,58
GAME,-0.0224275638403164,55
GANX,0.00381179484930726,66
GAP,0.05767093058757346,82
GASS,0.0015355893539757658,65
GATX,0.01676012323851607,73
GAU,0.005478371073467745,68
GAUZ,-0.3725365744659052,4
GBAB,-0.07761924904842807,36
GBCI,-0.08152496475406709,35
GBDC,-0.012962445495267337,58
GBFH,-0.2161413341379141,11
GBLI,-0.0928700174432206,31
GBR,-0.05586962355730161,43
GBTG,0.006146548151768361,69
GBX,-0.12352521738622317,23
GCBC,0.013881378018516221,72
GCDT,0.5463730952250242,97
GCL,0.4506143880441005,97
GCMG,0.01804803770661173,74
GCO,-0.04304041848855299,47
GCT,0.2575356447944845,94
GCTK,-0.6161385704321514,1
GCTS,0.13872342410374716,89
GCV,-0.03311654726543826,51
GD,-0.10728398988780236,27
GDC,-0.19645772452644195,13
GDDY,0.021306598848084404,75
GDEV,-0.04554400111672161,46
GDHG,-0.08717633052172785,33
GDL,0.00833661988287009,70
GDO,-0.054533474355099,43
GDOT,-0.08349499136000339,34
GDRX,0.020305183344061867,74
GDS,0.048357840031858765,80
GDTC,-0.017233695558761156,57
GDV,-0.025756877586925166,54
GDYN,0.16397133559902005,91
GE,-0.09112771879764456,32
GECC,-0.016652010969479134,57
GEF,0.009202732236990632,71
GEG,-0.021279128079763624,55
GEHC,-0.031007276344951772,52
GEL,-0.07349896079221153,38
GELS,-0.07413530321227493,37
GEMI,0.2546559811785523,94
GEN,-0.22145262770294877,11
GENB,-0.0008078866990043725,63
GENC,0.03611595687554754,78
GENI,-0.10502833801757608,28
GENK,-0.12937155365140773,22
GEO,-0.01329991043510352,58
GEOS,-0.14366144753622012,20
GERN,-0.13663656302992075,21
GETY,-0.6170159019838906,1
GEV,-0.009838055527590608,59
GEVO,-0.09387838882591228,31
GF,-0.06091237929765804,41
GFAI,-0.11035006017399147,27
GFF,0.010071311007975158,71
GFI,0.05756910544899417,82
GFL,0.06202794612244633,82
GFR,-0.0262957805301828,53
GFS,-0.03842090534906951,49
GFUZ,-0.01786687229522437,56
GGAL,-0.16671002001458288,17
GGB,0.076937807311819,84
GGG,-0.022398570033553198,55
GGN,0.04856451993332726,80
GGR,0.030951795649263758,77
GGT,0.00665202383955863,69
GGZ,-0.041685748922242284,48
GH,0.12633401812087464,88
GHC,-0.018639817225264133,56
GHG,-0.09635856967142259,30
GHI,-0.007988507049022778,60
GHM,-0.11984172761131004,24
GHRS,-0.16435501271851494,17
GHY,-0.04421744578635266,47
GIB,-0.04151604526680613,48
GIC,0.10841667617815033,87
GIFT,-0.2423215639615517,9
GIGM,0.016849610985905827,73
GIII,-0.21248096356332186,11
GIL,-0.22307914791976044,10
GILD,0.08883434413314073,86
GILT,-0.04704227289312955,46
GIPR,-0.3195205904721783,5
GIS,-0.1222204454044796,24
GITS,0.052331730213035194,81
GIW,0.0045558217663277615,67
GIWWU,0.01450286762778865,72
GIX,0.004928238844391686,68
GIXXU,-0.0002895127476775116,63
GKOS,-0.05237410928825162,44
GL,-0.05789298406649608,42
GLAD,0.01792133069612315,74
GLAS,-0.35542383058592436,4
GLBE,0.043736974778477024,79
GLBS,0.07691160169911149,84
GLDG,-0.010772145261734966,59
GLE,0.1365800988472116,89
GLIBA,-0.05367303734286649,44
GLIBK,-0.026470582488309413,53
GLND,2.3011365255564042,99
GLNG,-0.007864018423591745,60
GLO,-0.05521856961409641,43
GLOB,-0.030739738517144254,52
GLOO,0.4143858972990322,97
GLP,-0.019751351852808977,56
GLPI,-0.10356074121183473,28
GLQ,-0.036939922635039965,50
GLRE,-0.08589645058463037,33
GLSI,0.09016016722768752,86
GLU,-0.062410151454357105,41
GLUE,-0.32493442375889214,5
GLV,-0.048740915338837044,45
GLW,0.02987035985833781,76
GLXG,0.05029050536399038,80
GLXY,0.00484799102330314,68
GM,-0.03331568143110093,51
GMAB,0.15908265503466895,91
GME,0.18244013651694996,92
GMED,-0.10138601692315467,29
GMHS,-0.15298985683116348,18
GMM,-0.23402174160400308,9
GMTL,-0.18275504654748914,14
GNE,0.08490161930971368,85
GNK,0.05127759535887908,81
GNL,-0.04739405214219691,46
GNLN,0.27680402955283,95
GNLX,-0.1181707217453824,24
GNPX,-0.4023058470080625,4
GNRC,-0.027680823965781625,53
GNS,-0.09301630262421964,31
GNSS,-0.08161068808225475,35
GNT,0.02213966197332794,75
GNTA,-0.4903203263143569,2
GNTX,-0.06841253875865423,39
GNW,-0.04363946172626592,47
GO,0.04064714677829217,79
GOAI,0.0700254778538291,83
GOF,-0.12598056122889922,23
GOGO,-0.2823039820508272,7
GOLD,0.04208107350231924,79
GOLF,-0.13767797544186805,21
GOOD,-0.01667080679249434,57
GOODN,-0.04155618783822524,48
GOOG,0.0150452644053505,73
GOOGL,0.01650955391365283,73
GOOS,-0.12719910733223794,23
GORO,0.1674698776451446,91
GOSS,-0.2327144897584749,9
GOTU,0.4521263818735962,97
GOVX,-0.5234049222990942,2
GP,-0.6009105194098039,1
GPAC,0.005684247003602816,69
GPACU,0.001289433879254709,64
GPAT,0.015212910138083546,73
GPATU,-0.003431282491585463,62
GPC,-0.0045298692519355685,61
GPCR,-0.26633081210899273,8
GPGI,-0.1784222973766261,15
GPI,-0.13522624624461901,21
GPK,-0.1688538001100601,16
GPMT,-0.22206847489116116,10
GPN,0.012553903328526274,72
GPOR,-0.063536626703176,40
GPRE,-0.02897709126569097,52
GPRK,0.1837529032068311,92
GPRO,0.9623611986024962,98
GPUS,-0.6452702739992633,1
GRAB,-0.12154298550796663,24
GRAL,0.7730487039202831,98
GRAN,-0.16971339424757642,16
GRBK,-0.08207632214751162,35
GRC,-0.0845454725652624,34
GRCE,-0.04615889894032038,46
GRDN,0.039901743442223914,78
GRDX,-0.07579231047821738,37
GRF,-0.01943390202457207,56
GRFS,-0.0575911647538999,42
GRI,0.19199386093896478,92
GRML,1.1254376235614252,99
GRMN,0.11405659756099036,88
GRND,0.004310921240852975,67
GRNQ,-0.17677718308736975,15
GRNT,-0.047511582730681325,46
GRO,0.0472164006781223,80
GROV,-0.0062887850596220415,61
GROW,-0.06176655493301758,41
GROY,0.05427734023905977,81
GRPN,-0.025340510244005778,54
GRRR,-0.025531889192901745,54
GRSD,-0.19968650759240003,12
GRVY,-0.027800364445037598,53
GRWG,0.003277777787521908,66
GRX,-0.00030759951406168426,63
GS,-0.09096056114481277,32
GSAT,0.02760701394093494,76
GSBC,-0.004645357734023036,61
GSBD,0.00967987055211038,71
GSHD,-0.2926951029621417,6
GSHR,0.009072215445339316,70
GSHRU,0.0037986669389725725,66
GSIT,-0.04883281153485134,45
GSIW,-0.2529295424756901,8
GSK,-0.05449532328494456,43
GSL,0.048994394708270404,80
GSM,0.11184643467212498,87
GSRF,0.0036370438247482545,66
GSRFU,0.003461544457272181,66
GSUN,-0.10141741682946157,29
GT,-0.23115233515395317,10
GTE,0.23619279348865257,94
GTEC,0.6556390278325319,98
GTEN,-0.008654497735553868,60
GTENU,-0.005891462990279395,61
GTERA,0.004928529037723828,68
GTERU,0.004601026078326753,67
GTES,-0.00484914904640359,61
GTIM,0.032990809459253714,77
GTLB,0.3156002920413633,95
GTM,0.09592442820709693,86
GTN,0.05152127834872614,81
GTX,-0.11774221607543611,25
GTY,-0.1407832108055622,20
GUG,-0.08469200406258132,34
GURE,-0.05521587665627453,43
GUT,-0.06622518427755603,40
GUTS,-0.33780417695867243,5
GVA,-0.10771941721656993,27
GVH,-0.09224856537836909,31
GWAV,-0.2825069431868895,7
GWH,-0.5880736636759164,1
GWRE,-0.10549579782117147,28
GWRS,-0.009925821308179282,59
GWW,-0.08343846452100073,34
GXAI,-0.3560323711337515,4
GXO,-0.0946420763178201,31
GYRE,0.15444938659152205,90
GYRO,-0.1637786440290602,17
H,-0.1409058282331912,20
HACQ,-0.000991098342342944,63
HACQU,-0.00029082623689677964,63
HAE,0.14910626902700747,90
HAFC,0.01998248293641731,74
HAFN,0.252803248049051,94
HAIN,-0.19350648940484116,13
HAL,-0.013613273567002093,58
HALO,0.2453069088442417,94
HAO,-0.2985689012051379,6
HAPN,-0.20319212337866602,12
HAS,-0.0581934942879658,42
HASI,-0.07695719370751339,36
HAVA,0.004826302665706561,68
HAVAU,-0.0010725300149552087,63
HAYW,-0.16113780981482662,17
HBAN,-0.08507260341392561,34
HBANL,0.007110098707494461,69
HBANM,-0.03189945114641917,51
HBANP,-0.021981745753102033,55
HBANZ,-0.019694242326632763,56
HBB,0.40360979901288413,97
HBCP,-0.03152310706847561,51
HBIO,0.18721597089719505,92
HBM,0.039634676434475755,78
HBNB,-0.13464112360251518,21
HBNC,-0.03733709558350266,49
HBT,0.04192853862428528,79
HCA,0.046745628062387065,80
HCAC,0.0044240470912174645,67
HCACU,0.007962860301465735,70
HCAI,-0.9024086244547205,0
HCAT,-0.02574707610345872,54
HCC,-0.014003028068541864,58
HCHL,0.0,64
HCI,-0.044738064771271326,47
HCIC,0.0006051971636228393,64
HCICU,-0.0003824538742325356,63
HCKT,-0.070981541994768,38
HCM,0.21190490352000296,93
HCMA,0.0006802876815584557,64
HCMAU,0.00028848701429546876,64
HCSG,-0.10151915468021697,29
HCTI,-0.33237860971135336,5
HCWB,-0.3561485449354098,4
HD,-0.13240607164539797,22
HDB,-0.03191675969038262,51
HDL,-0.1262528528634769,23
HDRN,-0.27331884740580126,7
HDSN,-0.07537713819376227,37
HE,-0.2627520450774793,8
HEI,-0.12085140086713916,24
HELE,-0.00927676553570801,59
HELP,0.3495431917505014,96
HEPS,-0.08417781134935383,34
HEQ,-0.01770295133861648,56
HERE,-0.1190134909510761,24
HERZ,-0.010634866133888865,59
HESM,-0.022899850009655186,55
HFBL,0.039942945415808756,78
HFFG,-0.073721334950504,37
HFRO,-0.04412945500639621,47
HFWA,-0.01867683743455385,56
HG,-0.059171393075485655,42
HGBL,0.09924863454610444,87
HGLB,-0.05468099927947958,43
HGTY,0.07462944508727642,84
HGV,-0.2681873513750748,7
HHH,0.016014626247902796,73
HHS,0.6116232133206584,98
HIFS,0.004736302987961115,67
HIG,-0.10654571441946464,27
HIHO,-0.020947981932214508,55
HII,-0.09907718564835487,30
HIMS,-0.03248430861008167,51
HIMX,0.08750615025926539,85
HIND,-0.03135124630393937,51
HIO,-0.04945181451120569,45
HIPO,-0.00953741633883056,59
HIT,-0.1677513029210133,16
HITI,0.20898924892540255,93
HIVE,0.04114933848001304,79
HIW,-0.04534842482130545,47
HIX,-0.06503357504318982,40
HKD,0.027349454602716837,76
HKIT,-0.15381453231184972,18
HKPD,-0.7009879633180129,0
HL,0.0486455682046036,80
HLF,0.006855546889739994,69
HLI,-0.04530419707494537,47
HLIO,-0.12392335841601448,23
HLIT,-0.11104686218308142,26
HLLY,-0.10733347131806924,27
HLMN,-0.13622332364422596,21
HLN,-0.07071426073826294,38
HLNE,-0.07358132868814818,38
HLP,1.2065660388834702,99
HLT,-0.046982903012854606,46
HLXC,0.021570678551221835,75
HMC,0.09592256279534941,86
HMH,0.004404838504905494,67
HMN,-0.11769020908449337,25
HMR,0.42968456541755434,97
HMY,0.03362450259188521,77
HNGE,0.15106229058344928,90
HNI,0.03967072318482502,78
HNNA,0.018736992713441758,74
HNRG,-0.07659860586255698,37
HNST,0.1717465260366353,91
HNVR,0.017869710986142893,74
HODO,-0.6056356839693624,1
HOFT,-0.0785741365622036,36
HOG,-0.03253329883941826,51
HOLO,-0.013264570325705778,58
HOMB,-0.029570066460787768,52
HON,-0.08444021436690169,34
HOOD,0.1781552662053305,91
HOPE,-0.0009342791769208049,63
HOS,-0.12793584765367155,22
HOUR,-0.042859032209850365,47
HOV,-0.14219451386285487,20
HOVR,-0.0470020137177594,46
HOWL,0.7211912840421959,98
HP,0.04676522012143318,80
HPAI,-0.30588899705819983,6
HPE,0.27517500818068064,95
HPF,-0.1113462526296835,26
HPI,-0.09451327651192672,31
HPK,0.06278989174274,82
HPP,-0.19308162314892408,13
HPQ,0.12916714063223786,89
HPS,-0.10772692022318447,27
HQ,-0.024623699468555582,54
HQH,-0.0442307470721387,47
HQI,0.3255581370452082,96
HQL,-0.0545692976404197,43
HQY,-0.1163951623527546,25
HR,-0.10247368616103367,29
HRB,-0.08286037190554424,34
HRI,-0.10949044217191312,27
HRL,-0.20253308345322518,12
HRMY,0.09886288092901332,86
HROW,-0.17005452893283235,16
HRTG,0.07452761151987475,84
HRTX,-0.21982335492368082,11
HRZN,0.048799865131561176,80
HSAI,0.0019009509427639695,65
HSBC,-0.003170208779526961,62
HSCS,0.7406147142263506,98
HSDT,0.5788510809100169,98
HSHP,0.1882075694905917,92
HSIC,-0.016530796668922588,57
HSLV,0.07914587127790458,84
HST,-0.05035795010015366,45
HSTM,0.02687357354386395,76
HSY,-0.08966807865855132,32
HTB,-0.04440687970705519,47
HTCO,-0.26070616028497173,8
HTCR,-0.16275672396710783,17
HTD,-0.11260330025221,26
HTFL,0.35463439971196564,96
HTGC,0.027291224067347276,76
HTH,-0.014645237822387226,57
HTHT,-0.06155010506170184,41
HTLD,-0.1461454972150446,19
HTLM,-0.013284493824129308,58
HTO,-0.011602039011003772,59
HTOO,-0.11311224748963289,26
HTT,-0.036027780461583746,50
HTZ,-0.1561631485037664,18
HUBB,-0.033259686624820095,51
HUBC,1.0436455636953392,98
HUBG,-0.2885974464286965,6
HUBS,-0.04937558110112865,45
HUDI,-0.11511117239590485,25
HUHU,-0.03638634826736615,50
HUIZ,-0.056588507008625125,42
HUM,0.0232412567962176,75
HUMA,-0.16970177837548187,16
HUN,-0.14016708560965244,21
HURA,-0.016823255942069973,57
HURC,-0.022750591516877305,55
HURN,0.21501889517390088,93
HUT,0.014120793250539006,72
HUYA,0.012952950748241255,72
HVMC,0.0052049478081329205,68
HVMCU,0.009396622444294778,71
HVT,0.05639471841494912,82
HWBK,-0.02256813408731223,55
HWC,-0.016272678256007714,57
HWKN,-0.024862918897793254,54
HWM,-0.1514678722550751,19
HXHX,-0.061319152057733466,41
HXL,-0.1342143691231133,22
HY,-0.10207976288006938,29
HYFM,0.24001971850019738,94
HYFT,-0.03838720204353328,49
HYI,-0.03656948102829964,50
HYLN,0.1841194680285072,92
HYMC,-0.07692310418329833,36
HYNE,-0.012304078760068293,58
HYPD,0.3607488982128058,96
HYPR,-0.1548033718698637,18
HYT,-0.049725733921989444,45
HZO,0.22447250012018738,93
IA,-0.05719212784890247,42
IACO,0.004933171560158068,68
IACOU,0.001198800028124336,64
IAE,0.030436826061768806,76
IAF,-0.014860188061305566,57
IAG,0.12000195773277655,88
IART,-0.10591993021968404,28
IAUX,0.11248756941647708,87
IBAC,0.04293447809363449,79
IBCP,-0.03273919617770382,51
IBEX,0.27634040761434603,95
IBG,-0.0464761288914127,46
IBIO,-0.18456652070506935,14
IBKR,-0.04603439278312769,46
IBM,-0.04280726566172673,48
IBN,-0.0673132952217259,39
IBO,0.015293206113030531,73
IBOC,-0.05148938054513637,44
IBP,-0.1695614937957804,16
IBRX,0.06858650021835588,83
IBTA,0.2378576531988005,94
ICCC,-0.03659535633031641,50
ICCM,-0.37819553038699527,4
ICE,0.03221348556013748,77
ICFI,0.004431202207264152,67
ICG,0.07074586013970699,84
ICHR,-0.11870430574929886,24
ICL,-0.038817758309167415,49
ICLR,-0.00019413844469327,63
ICMB,-0.0022228941811397937,62
ICON,0.020311088231359097,74
ICU,0.06556355321548997,83
ICUI,-0.01976201717592638,56
IDA,-0.09586613534331899,31
IDAI,0.33290889003522783,96
IDCC,0.11356947667209266,88
IDE,-0.0652146635321473,40
IDN,-0.27383863230044425,7
IDR,-0.04574551194939387,46
IDT,0.021575153012337797,75
IDXX,-0.06905584463549228,39
IDYA,-0.0546774304674898,43
IE,0.021545789185041086,75
IEAG,0.0018875121175656595,65
IEAGU,0.004277591686373827,67
IEP,0.004250223187532655,67
IESC,0.028101981748602352,76
IEX,0.0002193606483492979,64
IFBD,0.3718952891452742,96
IFF,0.0455632606263298,80
IFN,-0.04170505534630761,48
IFRX,-0.07712619990659539,36
IFS,0.005072206567599457,68
IGA,0.017274048333523043,73
IGAC,0.010567774267751706,71
IGACU,-0.0034951422331144675,62
IGC,-0.009925537820105525,59
IGD,0.0024667319501228135,65
IGI,-0.002950063556439431,62
IGIC,-0.09839510938180901,30
IGR,1.6636158058002588,99
IH,-0.1191156854762856,24
IHD,0.03794622966344736,78
IHG,-0.042027843941391016,48
IHRT,-0.2732215731131713,7
IHS,0.015343771047399035,73
IHT,-0.09083762923409285,32
IIF,-0.040109317751203334,48
III,0.17123316743548875,91
IIIN,-0.05161872642994691,44
IIIV,-0.21378038328029902,11
IIM,-0.11905219266873363,24
IIPR,-0.05642260608687298,43
IKT,-0.10310612381155837,29
ILAG,-0.12219448466839633,24
ILLR,-0.7120185865366743,0
ILLUU,0.01125063948797065,71
ILMN,0.32602196079101353,96
ILPT,-0.15791193599841596,18
IMA,-0.16273360041482,17
IMAX,0.15963308914130384,91
IMCC,-0.17968980219021646,14
IMCR,-0.11222077335698546,26
IMDX,-0.1439032609522805,20
IMKTA,-0.031530744818683364,51
IMMP,-0.324561411764263,5
IMMR,-0.03176359427535891,51
IMMX,-0.0003948168035257729,63
IMNM,-0.13650811685086126,21
IMNN,-0.13347218562062996,22
IMO,-0.01772717961752075,56
IMOS,0.3018198310060626,95
IMPP,0.05562946025800515,81
IMPPP,0.01989418386349735,74
IMRN,0.03748920356754062,78
IMRX,-0.10390249098602218,28
IMSR,-0.21269518040361163,11
IMTE,0.07553541561059711,84
IMTX,-0.0928990689166151,31
IMUX,-0.38433215076227883,4
IMVT,-0.19240162118721704,13
IMXI,-0.19326035932086535,13
INAB,0.007124084916526961,69
INAC,0.003893903185001335,66
INACU,0.0023255720723121655,65
INBK,-0.03163829273626469,51
INBS,-0.15283285341787214,18
INBX,-0.01747763058458014,56
INCR,-0.022017614279467825,55
INCY,-0.012625331078002986,58
INDB,-0.034672257816246,50
INDI,-0.1604366929348868,17
INDO,0.014652000576396595,72
INDP,1.5820329448302854,99
INDV,-0.06664367509456247,40
INEO,0.08352659345272966,85
INFQ,0.20446324513539116,93
INFU,0.16513424106160182,91
INFY,-0.10103226697491419,29
ING,0.08811711108124348,86
INGM,-0.07075652882048084,38
INGN,-0.11305144019763777,26
INGR,-0.055648368098853394,43
INHD,-0.7127495673550029,0
INKT,0.07249713123232651,84
INLF,0.0014552917550831879,65
INLX,-0.05613599376854398,43
INM,-0.09035752127943049,32
INMB,0.05718876530133287,82
INMD,-0.05096091535194135,45
INN,-0.10192254145139888,29
INNV,-0.19695036607888294,13
INO,0.012080905335489625,72
INOD,0.16774344042893374,91
INR,-0.04036273882825311,48
INSE,-0.3022342349383938,6
INSG,-0.3418618312440428,5
INSM,0.041056364804213256,79
INSP,0.2857528459463903,95
INSW,0.22746134700549347,93
INTA,0.08938820305973771,86
INTC,0.31624926441341816,95
INTG,-0.02374950954223505,54
INTJ,-0.2635734023827223,8
INTR,-0.07586732555622461,37
INTS,-0.1446586835771521,20
INTT,-0.08063324077996938,35
INTU,-0.13003599396452334,22
INTZ,0.002721164792110844,65
INUV,-0.31835533372304275,5
INV,-0.6475498919387905,1
INVA,-0.05050183661174205,45
INVE,-0.1123489774605771,26
INVH,-0.1041773937305409,28
INVX,0.06211463116252744,82
INVZ,-0.02657534241814357,53
IONQ,0.15525502438901312,90
IONR,-0.006566284035598738,60
IONS,-0.29778866841455076,6
IOR,-0.08816393351744214,33
IOSP,0.09971182665795901,87
IOT,0.0238877844361332,75
IOTR,-0.25016025000039954,8
IOVA,0.9004678226259157,98
IP,-0.15319244277685032,18
IPAR,0.008160234383448851,70
IPDN,28.909001794169534,99
IPEX,-0.700867113975892,0
IPEXU,-0.6790165039238637,1
IPFXU,-0.027766638381101952,53
IPGP,-0.048962340875375834,45
IPHA,-0.11296589606234587,26
IPI,-0.05840060356938545,42
IPM,0.004642785934296257,67
IPSC,-0.2214573522752249,10
IPST,0.07258373910501965,84
IPW,-0.6081349212578707,1
IPWR,-0.10843256695245082,27
IPX,-0.12064186446102801,24
IPXG,-0.0009674556745448706,63
IQ,-0.029483517443329468,52
IQI,-0.09962812365050536,30
IQMX,-0.01979972211293548,56
IQST,-0.026501664674127116,53
IQV,0.13371518216185796,89
IR,-0.07335626408762955,38
IRAB,0.004526684222315724,67
IRD,0.28308417693449417,95
IRDM,0.06576918667612384,83
IREN,0.13448753836385446,89
IRHO,0.0019960309960919353,65
IRHOU,-0.0023506459667190114,62
IRIX,-0.23006086690239522,10
IRM,-0.10042572441058034,29
IRMD,-0.054878612572132654,43
IRON,-0.16875047774825963,16
IRS,-0.0319663284306016,51
IRT,-0.1235971178973473,23
IRTC,-0.06898471457063532,39
IRWD,0.007404643675476694,70
ISBA,-0.020338775938003748,56
ISD,-0.05147738099613114,44
ISOU,-0.13464757572649436,21
ISPC,-0.321471639032735,5
ISPR,-0.10769132348070344,27
ISRG,0.08312704065320742,85
ISTR,-0.021762459197006433,55
IT,0.12705843610863993,88
ITGR,0.151301606136534,90
ITHA,0.005705803094058814,69
ITHAU,0.004877941415055442,68
ITIC,-0.027209602137082886,53
ITOC,0.028985897427647192,76
ITP,-0.10478160027434602,28
ITRG,0.10329694531989547,87
ITRI,-0.08046507147669725,35
ITRN,-0.050105918213255995,45
ITT,0.016750413282485457,73
ITUB,0.02336076658320606,75
ITW,-0.034598978780763325,50
IVA,-0.23487308491892694,9
IVDA,0.12662341410247363,88
IVF,-0.18781670080675078,14
IVR,-0.13774139436617683,21
IVT,-0.10849005926915015,27
IVVD,0.1996680605562484,92
IVZ,0.024038197132371777,75
IX,-0.0021179903808165477,62
IXHL,-0.020712852221943606,55
IZEA,-0.21582962730608612,11
IZM,4.023394251652751,99
J,-0.02673898109193453,53
JACK,-0.146570800726152,19
JACS,0.011830017204561293,72
JAGU,-0.13858686869429565,21
JAGX,-0.5268513633908763,2
JAKK,-0.001326055589881213,63
JAN,-0.02668469059525924,53
JANX,-0.024348658526832465,54
JAZZ,-0.03800042397581774,49
JBDI,-0.02996419683605954,52
JBGS,-0.20793330740604984,12
JBHT,-0.16722137821695016,16
JBI,-0.19596745980605818,13
JBIO,-0.31129362006150574,6
JBL,-0.00020905707721708203,63
JBLU,-0.19245153208072668,13
JBS,-0.1407366137593566,20
JBSS,-0.15412601870710285,18
JBTM,-0.15604154838456724,18
JCAP,-0.048346359231537,46
JCE,0.036723612330765446,78
JCI,0.061565729703457465,82
JCSE,0.001954833954795898,65
JCTC,0.10557457869298789,87
JD,-0.08028164486052161,35
JDZG,-0.4248012672635647,3
JEF,-0.10385424328559582,28
JELD,0.11993137537963228,88
JEM,-0.4391124073612037,3
JENA,-0.003047489515357993,62
JF,0.012640399770968307,72
JFIN,-0.36312413949072675,4
JFR,-0.01939164466933199,56
JFU,0.05237294587940654,81
JG,0.22418729865195763,93
JGH,-0.05309736466101903,44
JHI,-0.05103620298783399,45
JHS,-0.03302789744474209,51
JHX,-0.07995830592965261,35
JILL,0.3324534073694631,96
JJSF,-0.057017699731374966,42
JKHY,-0.06739300709918958,39
JKS,-0.33294401818953073,5
JL,-0.07807086102938157,36
JLHL,-0.16647233445353737,17
JLL,-0.09726783984684059,30
JLS,-0.04135798566912013,48
JMIA,0.0651630427395918,83
JMM,-0.03514528045804488,50
JMSB,0.014613747437864144,72
JNJ,0.022869905136592553,75
JOB,0.03296704464839689,77
JOBY,-0.1534767789521166,18
JOE,-0.01411643624945217,58
JOF,0.0761928822116803,84
JOUT,-0.040741935023717035,48
JOYY,0.09779895125711609,86
JPC,-0.09099241730211416,32
JPM,-0.021359551580671585,55
JQC,0.007467543196532223,70
JRI,-0.11236158458817591,26
JRS,-0.11852613579928015,24
JRSH,0.13567726437933045,89
JRVR,-0.191756037856303,13
JSPR,0.0699051038665173,83
JTAI,0.23723007922206396,94
JUNS,-0.6110134546707026,1
JVA,0.18732852978095796,92
JWEL,0.17082483841541246,91
JXG,-0.1741225117021487,15
JXN,0.07947393946238579,85
JYD,0.06154543948499722,82
JYNT,-0.03886244274097932,49
JZ,-0.7937379303616665,0
JZXN,-0.052977009664033944,44
KAI,-0.12259665135335915,23
KALA,-0.4541919094738191,3
KALU,-0.06355938821176456,40
KAPA,-0.1477322586849711,19
KARO,0.02098908764224615,74
KAZR,0.29782871974015257,95
KB,0.11517963650579728,88
KBDC,-0.03870393535405579,49
KBH,-0.1667472641677019,17
KBON,-0.003556207484494711,61
KBONU,0.004244991412754206,67
KBR,-0.05638557783051093,43
KBSX,0.7348223203022266,98
KC,-0.0160375107679529,57
KCHV,0.004384132016528208,67
KCHVU,-0.019194143809403496,56
KD,-0.07696557959682007,36
KDK,-0.41992516444780403,3
KDP,-0.004320935103380363,61
KE,0.12606219473421776,88
KEEL,-0.003266432409235298,62
KELYA,0.05290286625124936,81
KELYB,0.014389344379725895,72
KEN,-0.041242500479307755,48
KEP,-0.08282914462472475,34
KEQU,-0.07391200567080829,37
KEX,-0.08208793802498271,35
KEY,-0.07428208429749054,37
KEYS,0.13896622106312445,89
KF,0.08276437881826477,85
KFFB,-0.027194172282235217,53
KFII,0.00611830777642044,69
KFIIU,0.0021625318577269013,65
KFRC,-0.06774037187420669,39
KFY,-0.10919949763904867,27
KG,-0.38186951069785563,4
KGC,-0.08560028495541926,33
KGEI,0.2233690803348512,93
KGS,-0.13970784987888837,21
KHC,-0.04935800298903433,45
KIDS,0.032350427874043644,77
KIDZ,-0.6135099295583097,1
KIM,-0.0925577200713386,31
KINS,-0.07405687315032355,37
KIO,-0.038007316922246834,49
KITT,-0.5607371770501668,1
KKR,-0.05656372425491035,43
KLAC,-0.041740811916307935,48
KLAR,-0.21820456575715294,11
KLC,-0.35336874597891216,4
KLIC,-0.013891061335962275,58
KLRS,-0.2446962006638761,9
KLTR,-0.09521760063739744,31
KLXE,-0.10854743822089749,27
KMB,-0.10221912913265496,29
KMDA,0.15446498247717752,90
KMI,-0.0382367787589767,49
KMPR,-0.11466957072451878,25
KMRK,-0.15061975866360627,19
KMT,-0.04537072752919172,47
KMTS,0.0573396066752794,82
KMX,-0.043566697985941136,47
KN,0.044232671431861936,79
KNDI,-0.07863536025353046,36
KNF,-0.26677438573429374,8
KNOP,0.019076401009573217,74
KNRX,-0.32096696398522173,5
KNSA,0.014305924361216853,72
KNSL,-0.10353556912821323,28
KNTK,-0.015099131753119222,57
KNX,-0.10122032698114633,29
KO,0.00433196444342392,67
KOD,-0.1678355013265882,16
KODK,0.04184638834248166,79
KOF,-0.007696365518300996,60
KOP,-0.01723430387585488,57
KOPN,0.21281995862509415,93
KOS,0.05948160888480436,82
KOSS,0.10447723450031343,87
KOYN,0.003936978540194458,67
KOYNU,0.0015653639780052629,65
KPLT,-0.19106612345186127,13
KPRX,0.021812585318881993,75
KPTI,-0.48645385784047107,2
KR,0.006622810831084802,69
KRAQ,0.003505589878602944,66
KRAQU,0.0019801488449493476,65
KRC,-0.087138603237211,33
KREF,-0.13990751385118166,21
KRG,-0.10125510646263906,29
KRKR,0.05235316232653779,81
KRMD,-0.11590419609791,25
KRMN,-0.2612509618571065,8
KRNT,-0.041189959121783803,48
KRNY,-0.026367053847603027,53
KRO,0.12825626371751114,89
KROS,0.08012375483718674,85
KRP,-0.0027102403697807694,62
KRRO,-0.22608209561858159,10
KRSA,0.17520032181810521,91
KRSP,0.04065752245586271,79
KRT,0.2628960741128418,94
KRUS,-0.21343588709298122,11
KRYS,-0.0487376585320043,45
KSCP,-0.39968457122057166,4
KSPI,0.012209334885060177,72
KSS,-0.027405508606592445,53
KT,0.03877579416177446,78
KTB,-0.19101298380392429,13
KTCC,-0.44128052049420274,3
KTF,-0.06391630089951776,40
KTOS,-0.09441598903496172,31
KTTA,-0.04582025186356352,46
KTWO,0.008233322863807646,70
KTWOU,0.005906565525072516,69
KULR,-0.11780993602178147,25
KURA,-0.043899986384803816,47
KUST,-0.3469679193903804,4
KVHI,-0.10074139201412488,29
KVUE,-0.06434533195716996,40
KVYO,-0.09292334328003145,31
KWR,0.018756100704389787,74
KWY,-0.09106166754358232,32
KXIN,-0.7198084320817544,0
KYIV,-0.05490712433444106,43
KYMR,-0.03071492637216803,52
KYN,-0.035364518622093555,50
KYNB,-0.08166184380062333,35
KYTX,-0.17039149907161028,16
KZIA,-0.31142000867038167,6
L,-0.07893681394089158,36
LAB,0.05298317500563387,81
LAC,-0.1286984233943536,22
LAD,-0.09010103601098574,32
LADR,-0.08430220308309311,34
LAES,-0.074286625130918,37
LAFA,0.005926916639739543,69
LAFAU,0.0027549538728515177,65
LAKE,-0.06782366694895778,39
LAMR,-0.06505552150650569,40
LAND,0.09986222012605778,87
LANDO,-0.04830831650202383,46
LANDP,-0.029454119623934516,52
LANV,-0.08663982735665407,33
LAR,-0.15176631324209935,19
LARK,0.0027733263217805783,65
LASE,-0.3440936553576994,5
LASR,-0.21598858360373052,11
LATA,0.004250157164965263,67
LATAU,0.00990458526635616,71
LAUR,-0.017457387272566148,56
LAW,0.07817408101057499,84
LAWR,0.0,64
LAZ,-0.12499180784031066,23
LB,0.03608217509258471,78
LBGJ,-0.5649065692864446,1
LBRT,-0.022021320991375548,55
LBRX,-0.05805975347069825,42
LBTYA,-0.11821022368748024,24
LBTYB,-0.027373455691860615,53
LBTYK,-0.11096979852459064,26
LCCC,0.004688394758216674,67
LCCCU,-0.005987621833775603,61
LCFY,0.008216324362151861,70
LCID,-0.2968318850026409,6
LCII,-0.17340610968281733,15
LCNB,-0.025428078959972133,54
LCTX,-0.0904560624808034,32
LCUT,0.08283366054937435,85
LDI,-0.3133691026000472,6
LDOS,0.009238101138231293,71
LDP,-0.056664739128120846,42
LE,-0.16291556373019603,17
LEA,-0.0742298838702669,37
LECO,-0.022282055545385628,55
LEDS,0.20647908151002342,93
LEE,-0.18220954233126066,14
LEGH,0.06530385039415317,83
LEGN,-0.1036392861834565,28
LEGO,0.0032161448560633858,66
LEN,-0.07077907301528104,38
LENZ,-0.2562002241928708,8
LEO,-0.09194356741721177,32
LESL,-0.6547899754118167,1
LEU,-0.17030766971426758,16
LEVI,-0.14532860467348324,20
LEXX,-0.6474520769137213,1
LFAC,0.00669206207815467,69
LFACU,0.0029673782810485157,66
LFCR,-0.09889537324627562,30
LFMD,-0.16580974291942074,17
LFMDP,-0.0018428342384100957,62
LFS,-0.05847655308018586,42
LFST,0.03360726881881955,77
LFT,-0.3403324152291101,5
LFUS,0.031751457105058375,77
LFVN,-0.03768149183267103,49
LFWD,-0.037571372804332176,49
LGCL,-0.7801020044795697,0
LGCY,-0.16277597687316697,17
LGHL,-0.5495050307139682,1
LGI,-0.04328171125921392,47
LGIH,-0.17457636629762896,15
LGL,-0.06858144639810639,39
LGN,-0.150044036194026,19
LGND,0.02768707172071718,76
LGO,-0.22521919597118217,10
LGPS,-0.10505702866447807,28
LGVN,-0.5813844225953182,1
LH,-0.012991427917082597,58
LHAI,0.223616491942322,93
LHSW,-0.7245785563655924,0
LHX,-0.14712139869779806,19
LI,-0.0741634730418944,37
LICN,-0.10664756279283545,27
LIDR,0.03669707219544,78
LIEN,0.05086432612783187,81
LIF,-0.15431817922440327,18
LIFE,0.33620469596602665,96
LII,-0.1863629548123632,14
LILA,0.033796983816334426,77
LILAK,0.046871451807058186,80
LIMN,-0.12405524419073474,23
LIN,-0.0611344449655173,41
LINC,-0.31126165846812587,6
LIND,-0.06451233583559388,40
LINE,-0.13348719932153827,22
LINK,0.19205357893916325,92
LIQT,-0.05965186780482509,41
LITB,0.0008083357181440927,64
LITE,0.16523586259020223,91
LITS,0.49263359966220305,97
LIVE,-0.19432882228402135,13
LIVN,-0.05713766042630697,42
LKFN,-0.027882355225233316,53
LKFT,0.01620219383937589,73
LKQ,-0.10726492552662965,27
LKSP,0.0067813204658291985,69
LKSPU,0.00026127753888571803,64
LLY,-0.015028716084052863,57
LLYVA,-0.04327546456917335,47
LLYVK,-0.04843187374629989,46
LMAT,-0.07728122726701533,36
LMB,-0.05345624743945185,44
LMND,-0.2115038647090065,11
LMNR,-0.12636707936534264,23
LMRI,-0.1251841709927643,23
LMT,-0.06202507184053847,41
LNAI,-0.21918534235297032,11
LNC,0.0028878219818281696,66
LND,-0.042610614937728594,48
LNG,0.015551806906052946,73
LNKS,-0.039331737024865185,49
LNN,-0.017180853127929243,57
LNSR,0.033863346640848356,77
LNT,-0.11214529083770713,26
LNTH,-0.03215655614753117,51
LNZA,-0.010589007252625144,59
LOAN,-0.05606278709055819,43
LOAR,-0.12048943201028182,24
LOB,-0.08764944256554708,33
LOBO,-0.1855680362778659,14
LOCL,0.029661907622792964,76
LOCO,-0.12227084767577812,24
LODE,-0.24493528589117086,9
LOGI,7.884898797585506e-05,64
LOMA,-0.10858696923493857,27
LONA,-0.5828992516007533,1
LOOP,-0.3113943024492443,6
LOPE,-0.008547555868346345,60
LOT,-0.15484162858540965,18
LOVE,-0.08549921841899598,33
LOW,-0.11870777405216391,24
LPA,-0.08333304536580037,34
LPAA,-0.001661671128442066,62
LPAAU,0.005550401950330075,68
LPBB,0.005392773163810793,68
LPBBU,0.0019605121355065537,65
LPCN,-0.04650375833789394,46
LPCV,0.007498497434425322,70
LPCVU,0.004865259902244512,68
LPG,0.22119544780811756,93
LPL,-0.09356441452765403,31
LPLA,-0.05390947265792861,44
LPTH,-0.18066036616917677,14
LPX,-0.10668249575142133,27
LQDA,-0.10899501583653427,27
LQDT,0.07630291939724429,84
LRCX,0.021846029933263407,75
LRE,-0.14170693979478777,20
LRHC,2.853789271527535,99
LRMR,-0.22240055217476618,10
LRN,-0.1094314426792525,27
LSAK,-0.08800956124960212,33
LSBK,0.03933533244043563,78
LSCC,0.041020722023887596,79
LSE,-0.04481434263778577,47
LSF,-0.20335773644874117,12
LSPD,-0.0596199345377596,41
LSTA,-0.06086754889867972,41
LSTR,-0.1265294741355375,23
LTBR,-0.15620898707462502,18
LTC,0.06878362900691548,83
LTH,-0.09619050693760599,31
LTM,-0.027914852726548946,53
LTRN,-0.5162018105779616,2
LTRX,0.2691511875366892,95
LU,-0.09361185965905824,31
LUCD,-0.15058638778003192,19
LUCK,-0.2510052341989131,8
LUCY,0.04731630239412794,80
LUD,-0.07796935001915728,36
LULU,-0.13977618095693034,21
LUMN,-0.11312538770072256,26
LUNG,0.14599997997283942,90
LUNR,0.020815289347733724,74
LUV,-0.029843029367789035,52
LUXE,0.17981697876997035,92
LVLU,-0.07916269003739612,36
LVO,-0.46975948721353933,2
LVS,-0.1677820353546104,16
LVWR,-0.004394216205790308,61
LW,-0.17013688744375796,16
LWAC,0.011116446167008886,71
LWACU,0.002327827775200353,65
LWAY,-0.22944524976134692,10
LWLG,-0.13343366415555907,22
LX,-0.45524023963981114,3
LXEH,0.03269814311346021,77
LXEO,-0.3040963780602478,6
LXFR,-0.006948725411635671,60
LXP,0.021048078120210246,74
LXRX,-0.23844390845105118,9
LXU,-0.08325961459643016,34
LYB,-0.022288115189817336,55
LYEL,-0.27006570852355527,7
LYFT,-0.07561924750227372,37
LYG,-0.024864808574678154,54
LYTS,-0.05460963650479899,43
LYV,-0.05838154454951012,42
LZ,-0.1298924940276452,22
LZB,-0.16875323616680543,16
LZM,0.027088872917931835,76
LZMH,-0.04749419116293574,46
M,-0.05139604120959562,44
MA,0.004750533134259719,67
MAA,-0.11808713601282603,24
MAAS,0.02997738349889256,76
MAC,-0.09352369146349272,31
MACI,0.011540917601332423,71
MACIU,0.0013752570668218113,65
MAGH,0.0,64
MAGN,-0.05915285688792641,42
MAIA,-0.10780993544704134,27
MAIN,-0.00022938590716498064,63
MAKO,0.13599123818610898,89
MAMA,-0.24333307877613342,9
MAMK,0.0,64
MAMO,-0.061857573055832046,41
MAN,0.09134954874658818,86
MANE,0.06423740856245422,83
MANH,0.14362219697628048,90
MANU,-0.12629670781049473,23
MAR,-0.04635010993891601,46
MARA,0.06273998262790757,82
MARPS,-0.07838205452782156,36
MAS,-0.10512044509624553,28
MASK,-0.42951988396347246,3
MASS,0.30037679173954557,95
MAT,-0.1153359175737935,25
MATH,0.08496700669146481,85
MATV,0.19294059775112932,92
MATW,-0.22053249582065693,11
MATX,0.07070382516053281,84
MAX,-0.2764467031340111,7
MAYS,-0.012439576803562735,58
MAZE,-0.09610312632378357,31
MB,-0.09158102819615822,32
MBAI,-0.35384292653373944,4
MBBC,1.454459557803569e-05,64
MBC,-0.20424146004184418,12
MBI,-0.18579807585786862,14
MBIN,0.017865078729220447,74
MBINL,-0.030629482171909795,52
MBINM,0.015336074474471294,73
MBINN,-0.02890561120818146,52
MBIO,-0.14055027870838954,20
MBLY,-0.03846059611877967,49
MBNKO,-0.017032327046818573,57
MBOT,-0.20574317526265312,12
MBRX,-0.37904803188497566,4
MBUU,-0.12634237974641416,23
MBVI,0.004526032734280938,67
MBVIU,0.00021096887591393054,64
MBWM,0.01664794559027851,73
MBX,-0.1254083806323142,23
MC,-0.11957154758649963,24
MCB,-0.03612613889718445,50
MCBS,-0.011565005691662189,59
MCD,-0.11554559163619246,25
MCFT,-0.16699287489990033,16
MCGA,0.007716081492820459,70
MCGAU,-0.0006295317399802158,63
MCHB,-0.03526093733692738,50
MCHP,0.025074566854225374,75
MCHPP,0.021321966660577795,75
MCHX,-0.2567006859822874,8
MCI,0.07284035749987576,84
MCK,0.0036358567386512233,66
MCN,-0.04042600903372746,48
MCO,-0.04479656874936647,47
MCRB,-0.31081710177577426,6
MCRI,-0.06017816628492902,41
MCRP,-0.33986850820354014,5
MCS,0.039422738854180794,78
MCTA,0.0,64
MCY,-0.06666575200410453,40
MD,-0.004807771118229064,61
MDA,0.025055773941133445,75
MDAI,-0.014477013705757005,58
MDB,0.16315670297820128,91
MDBH,-0.193997818158219,13
MDCX,-0.48823944151085585,2
MDGL,-0.031567298252269,51
MDIA,0.0756254513516677,84
MDLN,-0.06274743247730734,41
MDLZ,-0.03272376183962832,51
MDRR,0.013977757113926827,72
MDT,0.014885791240687254,73
MDU,-0.08678866788496381,33
MDWD,0.011101592519067137,71
MDXG,0.0872698460617686,85
MDXH,0.05072300960301726,81
MEC,-0.30703563915132887,6
MED,0.10400466583651241,87
MEDP,0.0598735530914558,82
MEDS,0.6315452535295981,98
MEGI,-0.08920755260129676,32
MEGL,-0.06188036053373365,41
MEI,-0.12885649713557285,22
MELI,-0.05916325328277832,42
MENS,-0.07610586329727385,37
MEOH,0.09665326786859832,86
MERC,-0.37446199296676075,4
MESH,0.004893708897881877,68
MESHU,0.01185504023266659,72
MESO,-0.007894254758409745,60
MET,0.0373714915340613,78
META,0.30656481415992143,95
METC,-0.22371281504566282,10
METCB,-0.3890602639737217,4
MEVO,0.003318231766221258,66
MEVOU,0.0029788683699069948,66
MF,0.3401437122243832,96
MFA,-0.09651238860968141,30
MFC,0.024049226706876183,75
MFG,0.08681516415548869,85
MFI,0.08820659250838553,86
MFIC,-0.059440249640402565,42
MFIN,0.11149786466228884,87
MFM,-0.08269538396026477,34
MG,0.22052652637419856,93
MGA,-0.020238204113249458,56
MGEE,-0.1210318130249474,24
MGF,-0.03126221972902382,52
MGIH,-0.03627993229738495,50
MGLD,0.8352206082166564,98
MGM,-0.28114813405708383,7
MGN,-0.9668240011446751,0
MGNI,0.13359599720712806,89
MGNX,-0.09019077017396057,32
MGPI,-0.27485237136625423,7
MGRC,-0.03650235181938628,50
MGRX,0.1239760641385537,88
MGTX,-0.16825819542382764,16
MGX,-0.05956459718683725,42
MGY,-0.0511910541827716,45
MGYR,0.01852074755084615,74
MH,0.10421008980401034,87
MHD,-0.07837632514190968,36
MHF,-0.09716275533904836,30
MHH,-0.03635396646739636,50
MHK,0.0030387180724330536,66
MHO,-0.10061255165896497,29
MI,-0.4685913724189915,2
MIAX,-0.18713844928878096,14
MICC,-0.007122389293731556,60
MIDD,-0.14022654333619866,21
MIMI,-0.5944974309640739,1
MIN,-0.031452074702531134,51
MIND,-0.06786954592240388,39
MINE,0.03198309981910844,77
MIR,-0.02928968102139242,52
MIRA,0.09964637579833413,87
MIRM,-0.159994581735529,17
MIST,-0.318070348977151,5
MITK,-0.003702174151059036,61
MITQ,0.11763666576045853,88
MITT,-0.13104630215051655,22
MIY,-0.0605596572680893,41
MKC,-0.09635542584766452,30
MKDW,-0.8681701532835293,0
MKL,-0.09006557443104067,32
MKLY,0.007952318766407517,70
MKLYU,0.01523980777359545,73
MKSI,-0.11124913121883212,26
MKTW,0.12462821914386371,88
MKTX,0.20386033568128337,93
MKZR,-0.07965718372569056,35
MLAA,0.004218545659542938,67
MLAAU,0.0012949342284795497,64
MLAB,0.1880569822952091,92
MLCI,0.04598902752992882,80
MLCO,-0.13475828103386428,21
MLEC,-0.2102258255515315,12
MLGO,-0.20075571528229036,12
MLI,-0.06328054268531855,40
MLKN,-0.10693185139615116,27
MLM,-0.13743806646049098,21
MLP,-0.055662886164515146,43
MLR,-0.003548811282227015,62
MLSS,-0.07807388089963228,36
MLTX,-0.30053978950170257,6
MLYS,-0.018859856953467743,56
MMA,-0.10725275465008749,27
MMD,-0.07954894298660199,35
MMED,0.13298444122391187,89
MMI,-0.05974128140271577,41
MMLP,-0.036535755477380055,50
MMM,-0.04140385344331983,48
MMS,-0.10761769562561432,27
MMSI,0.0624741281532639,82
MMT,-0.008559059189496775,60
MMTX,0.007014369774987328,69
MMTXU,0.0,64
MMU,-0.1088192492909537,27
MMYT,-0.16864988085370788,16
MNDO,-0.010409515733321696,59
MNDR,-0.25631925721044185,8
MNDY,-0.030700705531078676,52
MNKD,-0.17406843678486386,15
MNOV,0.8444854996605414,98
MNPR,-0.19642070831730635,13
MNR,-0.17214220704733502,16
MNRO,-0.04707530705927977,46
MNSB,0.016175018389358062,73
MNSBP,-0.005329736674263142,61
MNSO,-0.25113507075981584,8
MNST,-0.10559521459468864,28
MNTK,0.6940802513895792,98
MNTN,-0.003760696489106815,61
MNTS,-0.10104678019226919,29
MNY,-0.24011056263617486,9
MO,-0.02436138330886742,54
MOB,-0.07392017785290662,37
MOBX,-0.41004790534595464,3
MOD,-0.030905571720433227,52
MODD,-0.32533097954795276,5
MOGU,-0.014084813334989753,58
MOH,-0.07662058316831193,37
MOLN,0.046276554966727446,80
MOMO,-0.1340342141813121,22
MORN,0.018351659542447815,74
MOS,-0.010776196016352848,59
MOV,-0.06007906045271098,41
MOVE,0.027149524098582123,76
MP,-0.05229274940654408,44
MPA,-0.10496542325439412,28
MPAA,-0.1678627828501795,16
MPB,-0.00999431613574797,59
MPC,0.24056125434457004,94
MPLT,-0.27553730966875023,7
MPLX,-0.023540464851698625,54
MPT,-0.1638491905687558,17
MPTI,-0.1044564356054383,28
MPU,10.629117041378246,99
MPV,0.04711929128802117,80
MPWR,0.05291646802908882,81
MQ,0.011805624191049826,72
MQY,-0.0902673383024568,32
MRAM,0.09089260631354668,86
MRBK,-0.021853285168657574,55
MRCY,-0.14388048989262545,20
MRDN,-0.031333825589891354,51
MREO,0.2738492238016229,95
MRK,0.061997795673844995,82
MRKR,-0.13683299512719208,21
MRLN,-0.4523626293929605,3
MRM,-0.21663328504881774,11
MRNA,1.3248798062002702,99
MRNO,0.3528573428424487,96
MRP,-0.0909388164554558,32
MRSH,-0.08655133483246653,33
MRT,0.16684070448170804,91
MRTN,-0.15096952382875795,19
MRVI,0.003700806003599462,66
MRVL,0.18116297000027157,92
MRX,0.05108241085041396,81
MS,-0.07543109557291582,37
MSA,-0.001036218984552072,63
MSAI,-0.06711153786434562,39
MSB,-0.18026098808066662,14
MSBI,0.017856494236234356,73
MSBIP,0.019301892893987357,74
MSC,-0.5060850242633588,2
MSCI,-0.02543599950183624,54
MSD,-0.03778030719724194,49
MSDL,-0.0600174536593904,41
MSEX,-0.07017852312088807,38
MSFT,0.19166824307867592,92
MSGE,0.0018545876030437777,65
MSGM,0.05301707970015784,81
MSGS,0.014106478768156228,72
MSGY,2.2486623990167147,99
MSI,0.009501306137118741,71
MSIF,0.028103347522891852,76
MSLE,-0.013595181350448918,58
MSM,-0.007141561600456469,60
MSN,0.04743593015553531,80
MSS,-0.10225292380302993,29
MSTR,0.5239898565627152,97
MT,0.026732253538543093,76
MTA,0.14551849028840858,90
MTB,-0.08713304171590366,33
MTC,0.6217574640042374,98
MTCH,0.010985774094804059,71
MTD,0.10633074497721617,87
MTDR,0.01262424015347303,72
MTEK,-0.0008156496319432285,63
MTEN,-0.11366129001727686,26
MTEX,0.34600103168664015,96
MTG,-0.05823339898188484,42
MTH,-0.1249761626613547,23
MTLS,0.2631083442262824,94
MTN,-0.08509809483138514,34
MTNB,-0.3781699841437761,4
MTR,-0.12628777110170336,23
MTRN,0.12525453240949272,88
MTRX,-0.1526820844919709,18
MTSI,0.02212195064766983,75
MTUS,-0.057630859750700814,42
MTVA,0.07446721457681449,84
MTW,0.3306989533759314,96
MTX,-0.09980141717586297,30
MTZ,-0.2603189584574037,8
MU,0.16355196618147114,91
MUA,-0.05753301881915354,42
MUC,-0.075371846594642,37
MUFG,0.07015306912247588,83
MUJ,-0.06682193197956937,40
MUR,0.036167529024279645,78
MUSA,-0.06898860206401693,39
MUX,-0.004152979174253177,61
MUZE,0.0007227654425322582,64
MUZEU,-0.007025729276659409,60
MVBF,0.019786230738618314,74
MVIS,-0.3633770840035967,4
MVST,-0.15913484629906827,17
MWA,-0.15846963576775985,18
MWG,0.01595389676346943,73
MWH,-0.11783732454001895,25
MWYN,0.13230192404278293,89
MX,-0.04542801584971504,47
MXC,0.15698939557516817,90
MXCT,-0.030439725126581697,52
MXE,-0.025489901963739892,54
MXF,-0.046545703530807836,46
MXL,0.41668585417228926,97
MYE,-0.04895174793095419,45
MYFW,-0.02151981284250685,55
MYGN,0.04525637469067459,80
MYI,-0.08668833819421881,33
MYN,-0.08289144120765049,34
MYND,-0.13940286924902692,21
MYO,0.3445243516837416,96
MYPS,-0.07723173711132507,36
MYRG,-0.15232133841425183,18
MYSE,-0.2753186470390787,7
MYSZ,-0.4133403828432149,3
MZTI,-0.10180288864321932,29
NA,0.24909275428587008,94
NAAS,0.010512086330437443,71
NABL,0.028802185209589437,76
NAC,-0.09807419644248597,30
NAD,-0.13242372088764875,22
NAGE,-0.08140072169777242,35
NAII,-0.22692643512337352,10
NAK,-0.16140868080221243,17
NAKA,0.9031061962422122,98
NAMI,-0.4065449557141994,3
NAMM,-0.22614575826103966,10
NAMS,-0.2099942939939251,12
NAN,-0.09424192232857895,31
NAT,0.26539282965000904,94
NATH,0.025260135570407717,76
NATL,0.0030620234001510933,66
NATR,-0.23811982598087772,9
NAUT,-0.14907593100530583,19
NAVI,0.02632235855703614,76
NAVN,-0.27782345558296895,7
NAZ,-0.09829295451651426,30
NB,-0.17209607163163032,16
NBB,-0.07188028891679896,38
NBBK,0.014600733945144596,72
NBH,-0.09930970077731219,30
NBHC,-0.04615448193273222,46
NBIS,0.17180166465767596,91
NBIX,-0.16673193659659796,17
NBN,0.0066423957742473665,69
NBP,-0.2261519334293291,10
NBR,-0.015735462455796424,57
NBRG,0.005004098909873633,68
NBRGU,0.01843975501519768,74
NBTB,0.00480719840376518,68
NBTX,-0.17639805783392068,15
NBXG,0.051595566459654504,81
NC,-0.17077834256539048,16
NCA,-0.07784997799210813,36
NCDL,-0.056333494025371106,43
NCEL,-0.14807846647698955,19
NCEW,0.017719708788435828,73
NCI,0.2267186579652598,93
NCLH,-0.22843601909128047,10
NCMI,-0.28022426411924495,7
NCNA,-0.1188636354673289,24
NCNO,0.014140708596144483,72
NCPL,1.9146822288726404,99
NCRA,0.0073090665838810576,69
NCT,-0.9514857636465424,0
NCTY,-0.24356106258025673,9
NCV,-0.06859555434076822,39
NCZ,-0.04962338894770955,45
NDAQ,0.004253400984961013,67
NDLS,-0.14937688955715012,19
NDMO,-0.11510451876296113,25
NDRA,0.20350924825469657,93
NDSN,0.02895367882865535,76
NE,0.03578589333572013,78
NEA,-0.10818866430773508,27
NECB,-0.004804070471355903,61
NEE,-0.11425389670355796,25
NEGG,-0.17260659308578374,15
NEM,0.11435626132374374,88
NEN,-0.08981773984417885,32
NEO,0.2620102088013209,94
NEOG,0.32448327368720464,96
NEON,0.0939429576757934,86
NEOV,-0.14688492410546478,19
NEPH,0.11914266852684594,88
NERV,-0.29300030710159497,6
NESR,0.08236638717972605,85
NET,0.3032492728556626,95
NEU,0.05951431052362159,82
NEUP,-0.08006304459091036,35
NEWP,0.23633942831374918,94
NEWT,-0.14597082198139338,19
NEWTP,-0.004159746908119188,61
NEXA,-0.10320654644289332,28
NEXM,-0.06857668670136104,39
NEXN,-0.11714869210422825,25
NEXR,-0.47480012443928177,2
NEXT,-0.05795535000666412,42
NFG,-0.03315647126705145,51
NFGC,0.06013948881700648,82
NFJ,0.006201931457816945,69
NFLX,-0.07562908585270275,37
NG,-0.02574964809716472,54
NGEN,0.007891359805907038,70
NGG,-0.06933433524588907,39
NGL,-0.06978722962576644,39
NGNE,-0.199045176501409,13
NGS,-0.1019292783497965,29
NGVC,-0.0032256733318637536,62
NGVT,0.008041421839704885,70
NHC,0.021193143909316193,75
NHI,-0.11380854765484215,26
NHPBP,0.06975888004483206,83
NHS,-0.0633339667595342,40
NHTC,-0.47236144520457635,2
NI,-0.09873795722166524,30
NIC,-0.007285314852699943,60
NICE,0.13690320945253298,89
NIE,-0.010301694283218098,59
NIKI,-0.4137141874310134,3
NIM,-0.04994011528380307,45
NINE,-0.22825416554665856,10
NIO,-0.2135767353130168,11
NIPG,-0.037611978536552515,49
NIU,-0.03470898049653669,50
NIVF,-0.7210714871900883,0
NIXX,-0.562539053489892,1
NJR,-0.09762219976577305,30
NKE,-0.10279033344121338,29
NKLR,-0.3419738436078067,5
NKSH,0.06284019548086442,82
NKTR,-0.19208221540149942,13
NKTX,0.08878157728777493,86
NKX,-0.10549244073504153,28
NL,0.14310001267469463,90
NLOP,-0.147340316868877,19
NLY,-0.09708247774911569,30
NMAD,-0.22974964807969755,10
NMAI,0.016443561368628658,73
NMAX,0.21409103582553504,93
NMCO,-0.12642112099469455,23
NMFC,-0.009635773566297336,59
NMG,-0.0751983163061258,37
NMI,-0.08091371758049247,35
NMIH,-0.058872813290181666,42
NML,0.00920787245260749,71
NMM,0.148051387629158,90
NMP,0.005240465850617082,68
NMPAU,-0.004682874009386683,61
NMR,0.0434418987458882,79
NMRA,-0.5789379564030065,1
NMRK,-0.17105310842672133,16
NMS,-0.12996460580073013,22
NMT,-0.17091235981816555,16
NMTC,-0.3489370965541736,4
NMZ,-0.10361974095396295,28
NN,-0.044957866126717996,47
NNBR,0.11055083654453993,87
NNDM,0.03735432931382009,78
NNE,-0.0524268913323345,44
NNI,-0.053554800085188876,44
NNN,-0.11650986955990836,25
NNNN,-0.31904483811009965,5
NNOX,-0.2985932073272459,6
NNVC,0.04574840089019277,80
NNY,-0.05823159566616384,42
NOA,-0.08068934556852866,35
NOAH,-0.08723658897950454,33
NOC,-0.048484155506575206,46
NODK,-0.0510559713787069,45
NOEM,-0.026774289112681426,53
NOEMU,0.047304738263740466,80
NOG,0.04853249301888059,80
NOK,0.0078108531573400225,70
NOMA,-0.4370420461163183,3
NOMD,-0.10305130721549156,29
NOV,0.008579986739810076,70
NOVT,-0.012500634845934168,58
NOVTU,-0.011058517005822721,59
NOW,0.18264841529241652,92
NP,-0.15534638598815273,18
NPAC,0.004902037379373536,68
NPACU,0.004210340156258031,67
NPB,-0.11568730048436465,25
NPCE,-0.07487627480075451,37
NPCT,-0.023784577450253884,54
NPFD,-0.05343078803403373,44
NPK,0.06181544222674686,82
NPKI,-0.13351116410540462,22
NPO,-0.03244513392853905,51
NPT,-0.04095223701464813,48
NPV,-0.1153969340423911,25
NPWR,-0.008985201530603535,60
NRC,-0.09724468651261267,30
NRDS,-0.11247933894975697,26
NRDY,-0.24773439644853956,9
NREF,-0.03175467700540931,51
NRG,-0.1961234510401701,13
NRGV,0.28362074112553143,95
NRIM,-0.04992984323253559,45
NRIX,-0.08246320876074643,35
NRK,-0.08307923471168713,34
NRO,-0.10726901962498701,27
NRP,0.04262143754635757,79
NRT,0.06193431229091606,82
NRXP,-0.15279319536757272,18
NRXS,0.18952621724568067,92
NSC,-0.07712275331641749,36
NSIT,0.17217563344754222,91
NSLR,-0.24293152994414047,9
NSP,-0.024169537185462393,54
NSPR,-0.10347361909922317,28
NSRX,-0.016177368080436474,57
NSSC,-0.017825171584495057,56
NSTS,0.016426206888852747,73
NSYS,-0.14980410247435128,19
NTAP,0.12927741983988383,89
NTB,-0.005684881061915236,61
NTCL,-0.3050482185795479,6
NTCT,-2.0901542912876367e-05,63
NTES,-0.07029837999638383,38
NTGR,-0.029438304175147,52
NTHI,-0.20799270566922515,12
NTIC,-0.04682242457717607,46
NTIP,0.04470776581502159,79
NTLA,-0.09000805657751465,32
NTNX,0.13946136270507997,89
NTR,0.04163638385545322,79
NTRA,0.41523835012936644,97
NTRB,1.2239474777460357,99
NTRP,0.36077349934540204,96
NTRS,-0.03361930328837002,51
NTRSO,0.0005523894758682091,64
NTSK,0.42062600906618525,97
NTST,-0.13080969914023,22
NTWK,0.1601283133495338,91
NTWO,-0.009224601150217216,59
NTWOU,0.022693702278175243,75
NU,-0.067973537708855,39
NUAI,0.4349996542076525,97
NUCL,-0.09635156402181652,30
NUE,-0.024987534802676604,54
NUS,-0.07009590777671479,38
NUTX,0.2693749767866387,95
NUV,-0.08800816369194409,33
NUVB,-0.12705877701363283,23
NUW,-0.06951594394984895,39
NUWE,-0.4453451482702616,3
NVA,0.11740341062270625,88
NVAX,0.2492046842269999,94
NVCR,-0.060625228661965874,41
NVCT,-0.1408143858135137,20
NVDA,0.11452706733962104,88
NVEC,0.021471302625913662,75
NVG,-0.11863035183142061,24
NVGS,0.08369529490893961,85
NVMI,-0.07211941041838993,38
NVNI,-0.083021104529498,34
NVNO,-0.21193237512656268,11
NVO,-0.19406868007007583,13
NVR,-0.02914537068468198,52
NVRI,-0.15219160825039765,19
NVS,-0.07815082942393328,36
NVST,-0.12506799167637583,23
NVT,0.07962314003903063,85
NVTS,-0.011872943017729433,59
NVX,-0.34470507487314483,5
NWAX,-0.007194200210187962,60
NWBI,-0.002980281336498646,62
NWE,-0.04080360250072021,48
NWFL,0.0105298197426423,71
NWG,0.02908161248826645,76
NWGL,2.7246935485747574,99
NWL,-0.03724675710454798,49
NWN,-0.0718033434690469,38
NWPX,-0.1592318658363257,17
NWS,-0.02613910092573324,53
NWSA,-0.009024326698690573,60
NWTG,-0.07695557823616798,36
NX,0.026189667777893545,76
NXAT,-0.4993007138341832,2
NXB,-0.037196568631585145,49
NXDR,0.10155237378891879,87
NXDT,-0.011273765518875201,59
NXE,-0.09607460439099627,31
NXG,-0.01641586110399359,57
NXGL,-0.5700585504978242,1
NXH,-0.30249934343280316,6
NXL,-0.5384913347174006,2
NXP,-0.07879971005917878,36
NXPI,-0.01460564011336337,58
NXPL,0.23194692784922535,93
NXRT,-0.22015928763829806,11
NXST,-0.11000177222908725,27
NXT,-0.1309992622382815,22
NXTC,0.33448751001934973,96
NXTS,-0.2657264001238771,8
NXTT,-0.5445260970419888,2
NXXT,2.1206625544259303,99
NYAX,-0.24498753352245814,9
NYC,-0.13200491100282674,22
NYT,-0.09816318296594496,30
NYXH,-0.07462059226143805,37
NZF,-0.09619198857574665,30
O,-0.1180601997743661,25
OABI,0.5471134950175751,97
OACC,0.0031791666140772003,66
OACCU,0.010259101021233553,71
OBA,0.005747196645710773,69
OBAI,-0.4296091080516229,3
OBAWU,0.006769031394951242,69
OBDC,-0.01800492239046997,56
OBE,0.08837174070228318,86
OBIO,0.3086849252870527,95
OBK,0.004014344474607679,67
OBT,0.0012232647468940153,64
OC,-0.1310392402346631,22
OCC,0.030612583088218195,77
OCCI,-0.07496992579690856,37
OCCIM,0.005724602628874187,69
OCCIN,0.010897243247718036,71
OCFC,-0.11497453038687937,25
OCG,-0.10510308683469942,28
OCGN,-0.2555236860488016,8
OCS,-0.23657645096359284,9
OCSL,-0.0013090724552492043,63
OCUL,-0.013254577658137957,58
ODC,-0.07401380861250462,37
ODD,0.22144111994502827,93
ODFL,-0.17605761275667267,15
ODYS,-0.2185941205868426,11
OEC,-0.10539477306695724,28
OESX,1.0413887063876328,98
OFAL,-0.5421004181881535,2
OFG,0.004830694585705633,68
OFIX,-0.09185533450616402,32
OFLX,-0.11132264239042555,26
OFRM,-0.05670503367998863,42
OFS,0.06666681588774197,83
OGC,0.03675233723454887,78
OGCP,-0.20707210543706528,12
OGE,-0.06368636512730491,40
OGEN,-0.0776341038524638,36
OGG,0.046587950998574705,80
OGI,-0.0021653426440249625,62
OGN,0.007356396250909036,69
OGS,-0.10632344244907439,28
OHI,-0.039609148581428964,49
OI,-0.2914427479859776,6
OIA,-0.0915816776983169,32
OII,-0.013545442487290792,58
OIM,0.004860371019888876,68
OIMAU,0.001178211761289827,64
OIO,-0.13860593510757835,21
OIS,0.014072998377292402,72
OKE,-0.028992674693947784,52
OKLO,-0.10230099840126705,29
OKTA,0.47006089075728064,97
OKUR,-0.26927897302640635,7
OKYO,-0.12433515080920744,23
OLB,-0.382919893867751,4
OLED,-0.08884362434872721,32
OLLI,0.16797165532301753,91
OLMA,-0.21722704870270082,11
OLN,-0.14098467979176832,20
OLOX,-0.6207777545660341,1
OLP,-0.08214226074007488,35
OM,-0.3141327653462073,5
OMAB,-0.029645617047539607,52
OMC,-0.0841312235303856,34
OMCL,-0.09454174559516881,31
OMDA,-0.11281574914764762,26
OMER,0.5482918457947155,97
OMEX,-0.14349222574787296,20
OMF,-0.07175116077978233,38
OMH,-0.6515851275714758,1
OMSE,0.02254737875304922,75
ON,-0.02805615451991599,53
ONB,-0.018781262873922674,56
ONBPO,-1.3990529858965046e-05,63
ONBPP,0.004757205458110325,67
ONC,0.06554924349424865,83
ONCH,0.00253316179606764,65
ONCHU,0.0023086566838714127,65
ONCO,0.386570836768318,96
ONCY,-0.2032654233658277,12
ONDS,-0.048529915684773224,45
ONEG,-0.02238164782514136,55
ONEW,-0.18494234423667205,14
ONFO,-0.6314563416267273,1
ONIT,-0.160081493503061,17
ONL,-0.09120082835064502,32
ONMD,0.043182413789282476,79
ONON,-0.08865971872463363,33
ONT,-0.23300589981023143,9
ONTO,0.027076853233250958,76
OOMA,0.061175320455018646,82
OPAD,-0.23121630417598416,10
OPAL,-0.15228084251681842,18
OPBK,-0.011635408886734243,59
OPCH,-0.0008436870502053773,63
OPEN,-0.30986176611106453,6
OPFI,-0.22716844729322572,10
OPHC,0.16066430403752757,91
OPK,0.055607263304483,81
OPLN,-0.07626699813115839,37
OPP,-0.05831950994192764,42
OPRA,-0.07852623033568608,36
OPRT,0.317311760389308,95
OPRX,0.2132138099051995,93
OPTT,10.211332898537336,99
OPTU,-0.012036470352612225,59
OPTX,-0.07710350531830246,36
OPXS,-0.05396077286591411,44
OPY,0.06698904455454491,83
OR,0.052471044403039575,81
ORA,-0.1004986466282479,29
ORBS,0.593370111236484,98
ORC,-0.12489852790559713,23
ORCL,-0.011415365565712515,59
ORGO,-0.3138998160767983,6
ORI,-0.11088479740105901,26
ORIC,0.08070761113976924,85
ORIO,0.31696176338448,95
ORIQ,0.009867935422515961,71
ORIQU,0.0,64
ORKA,-0.10874322348933001,27
ORKT,-0.0307265111158649,52
ORLY,-0.043429132030269636,47
ORMP,-0.014258760152488779,58
ORN,-0.2205849551432002,11
ORRF,-0.012113235799704702,59
OSBC,0.005691346896056382,69
OSCR,-0.04472143444420066,47
OSG,-0.20220388627795505,12
OSIS,-0.0837979812490214,34
OSK,-0.14063499224106138,20
OSPN,0.18160533546973595,92
OSS,-0.2296272663276966,10
OST,0.0,64
OSTX,0.011626035086295068,71
OSUR,-0.0008336269559921505,63
OSW,-0.1557558274538354,18
OTEX,-0.05049285312754323,45
OTF,-0.01972640336460202,56
OTGA,0.006283018252488403,69
OTGAU,0.00029130798031806737,64
OTIS,-0.092711156283595,31
OTLK,-0.1991131956918361,12
OTLY,-0.11311439444637776,26
OTTR,-0.029633727957206132,52
OUST,0.2043029103339273,93
OUT,-0.11623356312998642,25
OVBC,0.0030091841380319494,66
OVID,-0.0900132567689926,32
OVLY,0.012573427831558171,72
OVV,0.0016426149060632458,65
OWL,-0.09292695972590695,31
OWLS,0.004188477274562285,67
OWLT,-0.03556485942814727,50
OXBR,0.1668031808868644,91
OXLC,0.01751695472087047,73
OXLCN,0.0027930070432651277,66
OXLCO,-0.005005239587597243,61
OXM,-0.32846651097182916,5
OXSQ,-0.023258397437032438,55
OXY,0.03349314129606937,77
OYSE,0.006409737371666435,69
OYSEU,-0.010714601666109647,59
OZ,-0.06271900864775604,41
OZK,-0.07124422010158232,38
OZKAP,-0.07136557045805525,38
P,0.4607640156158679,97
PAA,0.008761816139415037,70
PAAC,0.010540161282727566,71
PAACU,0.004655011700407229,67
PAAI,0.8263564943546335,98
PAAS,0.003065817540330494,66
PAC,-0.028890764264713067,52
PACB,0.06523472198059878,83
PACH,0.004286112301761547,67
PACHU,-0.00018052447652641104,63
PACK,-0.2429828059727439,9
PACS,-0.07378047310608438,37
PAG,0.001800348475229356,65
PAGP,0.008148174460712955,70
PAGS,0.012088206145261694,72
PAHC,-0.01806848377253861,56
PAI,-0.030001430364449844,52
PAII,0.00439482977608816,67
PAL,-0.3983632095461256,4
PALI,-0.29083871682494034,6
PALOU,-0.0005952328015526698,63
PAM,-0.05027715788675141,45
PAMT,-0.1594035300171069,17
PANL,0.07248745236554491,84
PANW,0.15100630460925066,90
PAPL,-0.05369725360109533,44
PAR,-0.23062789566045078,10
PARA,-0.54630413246584,2
PARK,0.007805045362425478,70
PARR,0.08854980949866909,86
PASG,0.05268715903676078,81
PASW,-0.08643952521127471,33
PATH,-0.08497964782701387,34
PATK,-0.21102762366422836,11
PAVM,-0.2719454039203483,7
PAVS,-0.1744516615704803,15
PAX,-0.0888718829601261,32
PAXS,-0.047213320600621306,46
PAY,-0.09477596829946117,31
PAYC,0.22601390269443775,93
PAYO,0.00547242798077039,68
PAYP,0.08497056922287023,85
PAYS,0.20577143951462612,93
PAYX,-0.13324023339634328,22
PB,-0.06982483713976166,39
PBA,-0.07287499748818828,38
PBAM,0.036309571562929896,78
PBF,0.2352889921490703,94
PBFS,0.0031194743286310682,66
PBH,-0.09409012785589686,31
PBHC,0.06397377403661823,83
PBI,-0.05948585706644688,42
PBK,-0.4483761531750246,3
PBM,0.5457773347717682,97
PBR,0.17901107073846145,92
PBT,0.13335715117360988,89
PBYI,0.14198821796751637,90
PC,0.0,64
PCAP,0.004179003311502916,67
PCAPU,0.003188162669713146,66
PCAR,-0.14212361183770167,20
PCB,-0.0011940709628667557,63
PCF,-0.0031075376229019345,62
PCG,-0.31073431323060613,6
PCLA,0.09742412128991486,86
PCM,-0.07788081503449586,36
PCN,-0.06520969057131026,40
PCOR,-0.05399843918657463,44
PCQ,-0.09485770561025145,31
PCRX,-0.03491959405995524,50
PCSA,-0.18924205563899488,14
PCT,-0.25184570006290646,8
PCTTU,-0.5062773148292974,2
PCTY,0.05110604431599168,81
PCVX,-0.03219188342711713,51
PCYO,-0.031556316597000006,51
PD,0.3246480853043883,96
PDC,-0.0920705656719353,31
PDCC,-0.03329106478176016,51
PDD,-0.07868561668412855,36
PDEX,0.1777824906337934,91
PDFS,0.0420606265311475,79
PDI,-0.09382633152085329,31
PDLB,0.010504966290726349,71
PDM,-0.05650450729247255,43
PDO,-0.06750946324389905,39
PDPA,0.005242067349512225,68
PDS,-0.0025599754248752486,62
PDSB,1.3123183058415109,99
PDT,-0.06687654740500999,40
PDX,-0.02931310295343573,52
PDYN,-0.04466210898418265,47
PEB,-0.019968228132954048,56
PEBK,-0.0001542932958415455,63
PEBO,-0.018935743284707474,56
PECO,-0.08480788984396687,34
PED,0.023648602789013904,75
PEG,-0.1244027947367335,23
PEGA,0.06265517197874085,82
PEN,-0.006042309977789695,61
PENG,0.0730016929369126,84
PENN,-0.19584869593139256,13
PEO,0.04305408805660307,79
PEP,-0.08595298586848416,33
PEPG,0.13146989975754914,89
PERF,0.031109811168340842,77
PERI,-0.09414999252872043,31
PESI,-0.030971207935273776,52
PETS,-0.17040385738477346,16
PETZ,0.08959811101911203,86
PEW,-0.09612809859618608,31
PFAI,-0.003944038328575393,61
PFBC,0.0511002969809425,81
PFD,-0.034162821884133276,51
PFE,0.08736468712007833,85
PFG,0.03402868281247717,77
PFGC,-0.14976202654417428,19
PFIS,0.0077112976318038165,70
PFL,-0.07836513615585589,36
PFLT,-0.022944078959084416,55
PFN,-0.08861476951064186,33
PFO,-0.03172396463926086,51
PFS,-0.03331934123955423,51
PFSA,-0.5483736208260254,2
PFSI,-0.16831815276832207,16
PFX,-0.03968011851163704,49
PG,-0.003377958486693577,62
PGAC,0.0019714016928662594,65
PGACU,0.00559285714391855,68
PGC,-0.030397558709235384,52
PGEN,0.2071762852552697,93
PGNY,-0.09105554290058494,32
PGP,-0.015961777997588866,57
PGR,-0.07409755668354216,37
PGY,-0.06657568195666713,40
PGZ,-0.0815228409802379,35
PH,-0.029348456045357837,52
PHAR,-0.16150905058528164,17
PHAT,-0.25979279897384255,8
PHG,-0.06032749620965197,41
PHI,-0.07173465074492819,38
PHIN,-0.17600602314406347,15
PHIO,-0.07091927279092403,38
PHK,-0.08050181725999198,35
PHM,-0.0961536390724068,31
PHOE,0.0745457810927981,84
PHR,-0.08052441578442936,35
PHUN,-0.05179876978891936,44
PHVS,-0.09348924234834458,31
PI,0.2308344437833788,93
PICS,-0.21549942776888112,11
PII,-0.20726844293386623,12
PIII,-0.31894319335563026,5
PIM,-0.027016490272754535,53
PINE,-0.13681974704936495,21
PINS,-0.18027978836679298,14
PIPR,-0.0413841369440988,48
PJT,-0.10153165303431302,29
PK,0.0014973743211431877,65
PKBK,0.004148341969540092,67
PKE,-0.10006375395185087,29
PKG,-0.035698471781756266,50
PKOH,0.13834259928093826,89
PKX,0.04900907584826672,80
PL,-0.20328825666037065,12
PLAB,0.013453954363211017,72
PLAG,-0.17610275758619062,15
PLAY,-0.36114133718984304,4
PLBC,0.025004463509293487,75
PLBL,-0.19022145941594226,13
PLBY,-0.17199761287511497,16
PLCE,-0.18468808468623607,14
PLD,-0.06466362537632721,40
PLG,-0.043559038212446756,47
PLGO,-0.03470622073754682,50
PLMK,0.005599717591004594,68
PLMKU,-0.0007364316151000971,63
PLMR,-0.0719722937177925,38
PLNT,-0.2088109526560986,12
PLOW,-0.10486018483529136,28
PLPC,0.15808986681208634,91
PLRX,-0.042205297104018547,48
PLRZ,-0.06315435997290639,40
PLSE,0.3363258384981134,96
PLSM,-0.24823305342568236,9
PLTK,-0.2863113443878835,7
PLTR,0.3308138294923067,96
PLUG,-0.08481207632341428,34
PLUR,-0.37891925499249784,4
PLUS,0.04683378485633362,80
PLUT,-0.2333342396771882,9
PLX,0.1351234522725339,89
PLXS,0.036636665767116286,78
PLYX,-0.010757984971475513,59
PM,-0.013104852828402212,58
PMA,0.05389330688531592,81
PMAX,0.14085611243768992,89
PMCB,-0.25321696802607585,8
PMEC,0.2057658551263542,93
PMI,-0.3200549750364817,5
PML,-0.10218028988250419,29
PMM,-0.10675728792648581,27
PMN,-0.1633979362588288,17
PMO,-0.09650298848237943,30
PMT,-0.13264786268718182,22
PMTR,0.002115969992851863,65
PMTRU,0.0013284811229645754,64
PMTS,0.029369178273203775,76
PMVP,0.09389031113810914,86
PN,-0.24940022587654886,9
PNBK,-0.038170146790243574,49
PNC,-0.08417100273913908,34
PNFP,-0.07168761468745313,38
PNI,-0.0773893931911147,36
PNNT,-0.028574219060289986,52
PNR,-0.19103419436502428,13
PNRG,0.08525727200529926,85
PNTG,0.05066688496543287,80
PNW,-0.10023562380474217,29
POAS,-0.17090911707736683,16
POCI,0.02006903897428924,74
PODC,-0.2953956941555408,6
PODD,-0.10937961682455966,27
POET,-0.009742041290391981,59
POLA,-0.14689000922079068,19
POLE,-0.004035560855120679,61
POLEU,-0.024963593318596402,54
POM,0.14673244917427342,90
PONOU,0.0169012798847493,73
PONY,-0.05351220567244592,44
POOL,-0.14626253846283965,19
POR,-0.06911002341422684,39
POST,-0.15750654190758825,18
POWI,-0.12453928322114974,23
POWL,-0.08723327309839107,33
POWW,0.03564895719206933,78
POWWP,0.03495763284483002,77
PPBT,-0.05316498229036361,44
PPC,-0.0809984286660159,35
PPCB,-0.4634394938611958,3
PPG,-0.08185629007104422,35
PPHC,0.1597231537557371,91
PPIH,0.1888982678516363,92
PPL,-0.09771333220955444,30
PPLC,-0.06890723152806053,39
PPLI,-0.02691094410937216,53
PPSI,0.0703671137026598,83
PPT,-0.037006022559412745,50
PPTA,0.08114535417667293,85
PR,0.029164112814866795,76
PRAA,0.09242402819029037,86
PRAX,-0.1719037382362288,16
PRCH,0.10950240776698433,87
PRCT,-0.15395618684812237,18
PRDO,-0.07817631385050341,36
PRE,0.06685498118904695,83
PRFX,-0.09667080624331648,30
PRG,-0.22871265868995155,10
PRGO,0.3078268478483372,95
PRGS,-0.018436513678726556,56
PRHI,0.3250011951490125,96
PRI,-0.08932013488598045,32
PRIM,-0.10295086960300054,29
PRK,-0.08152940587630071,35
PRKS,-0.2610840235950106,8
PRLB,0.23452044363314536,94
PRLD,-0.2771699527087617,7
PRM,-0.11349298835398101,26
PRMB,-0.16878010719756095,16
PRME,-0.14432241776786037,20
PROF,-0.17936108704096332,15
PROK,-0.05367817018963711,44
PROP,-0.2780249750023135,7
PROV,0.03447984474252723,77
PRPL,-0.5975545697557528,1
PRPO,-0.0951978391262586,31
PRQR,-0.15199988815219384,19
PRSO,-0.24243506642753576,9
PRSU,-0.0536309009643849,44
PRT,-0.07005346921635644,38
PRTA,-0.09588547280019771,31
PRTH,0.2450155712349319,94
PRTS,0.43616397747749913,97
PRU,0.012448834410110212,72
PRVA,-0.13996902035189543,21
PRZO,0.0015917829536626488,65
PSA,-0.09819556087462895,30
PSBD,-0.003078311964164927,62
PSEC,-0.019162404596937754,56
PSF,-0.04855587200074646,45
PSFE,-0.13887461622793992,21
PSHG,0.020381460657471553,74
PSIG,1.966383559230788,99
PSIX,0.3838032450647256,96
PSKY,0.04539504273062786,80
PSMT,-0.04817798934614279,46
PSN,-0.17985405558414022,14
PSNL,0.15034838990146418,90
PSNY,-0.49233399798953836,2
PSNYW,0.27198008780741,95
PSO,-0.02076494873057272,55
PSQH,0.0331876343150264,77
PSQL,-0.32224146416926885,5
PSTL,-0.00859991383828539,60
PSX,0.2021801730051957,93
PTA,-0.05874726743424431,42
PTC,0.019187689974526932,74
PTCT,-0.1710853119654748,16
PTEN,0.057071606358668626,82
PTGX,0.011976737563245889,72
PTHS,-0.19310282489054048,13
PTLE,-0.08421985488292837,34
PTLO,-0.2605984560616212,8
PTN,0.053435187358424875,81
PTON,-0.14367329104639312,20
PTOR,-0.000797550012222381,63
PTORU,-0.010757691877139864,59
PTRN,-0.2273792832418996,10
PTY,-0.05581820673041747,43
PUBM,0.2946214000162101,95
PUK,-0.09733076129273534,30
PULM,0.01171034380435787,72
PUMP,-0.149436121053479,19
PURR,0.4756579261464271,97
PUSA,0.06312262245644817,83
PVH,-0.04894822152981406,45
PVL,0.054200914704135704,81
PVLA,-0.07577873980942738,37
PW,-0.15766181616312874,18
PWCM,-0.2672732832224128,8
PWP,-0.11370470203457353,26
PWR,0.046018823550474305,80
PXED,-0.13364608590535415,22
PXLW,0.09813702222990864,86
PXS,0.35581010109606204,96
PYPD,0.14815262358440787,90
PYPL,-0.020680377064687977,55
PYXS,-0.07051276202018847,38
PZG,0.0164810781235468,73
PZZA,-0.2905081292483356,6
Q,-0.05522458083181769,43
QADRU,0.00219205651510459,65
QBTS,-0.05369544913314931,44
QCLS,-0.6855210576895898,1
QCOM,0.2086402980637861,93
QCRH,0.0006709352505590025,64
QDEL,-0.277585826848906,7
QETA,0.005490772219131612,68
QETAU,0.0,64
QFIN,-0.32128637628719736,5
QGEN,0.04916682754738251,80
QLYS,0.1488208404633466,90
QMCO,1.0688803920135261,98
QNBC,0.0443676186319816,79
QNC,-0.1507002948013847,19
QNCX,0.303563240640937,95
QNME,1.1676538684299724,99
QNRX,0.36893086625298754,96
QNST,-0.158868818553679,18
QNTM,0.2146673956556203,93
QQQX,0.05678214324858513,82
QRHC,-0.005409747301398992,61
QRVO,0.25702543022765567,94
QS,-0.15023586483329152,19
QSEA,0.005579728014873031,68
QSEAU,0.02521003764030527,76
QSI,0.051046415693925186,81
QSR,-0.05993874254390451,41
QTEX,-0.16318733140681743,17
QTI,-0.2158130669080056,11
QTRX,0.04255231290803825,79
QTTB,-0.42833195920517086,3
QTWO,-0.04959946220090295,45
QUAD,0.037034520989386754,78
QUBT,0.07992042934263588,85
QUCY,0.04334419045100845,79
QUIK,-0.12269526063100492,23
QUMS,0.004966928596089937,68
QUMSU,0.0015865195381899338,65
QURE,-0.1510459411942487,19
QXL,0.031207813713022434,77
QXO,-0.15520047366962073,18
R,-0.07410656847850956,37
RA,-0.06263392204001397,41
RAC,0.00524761035641641,68
RACE,0.03781995898710089,78
RADX,-0.4127601669690658,3
RAIL,-0.11288500100712263,26
RAIN,-0.19290983812105753,13
RAL,0.05283493763340727,81
RAMP,-0.004775126297000498,61
RAND,-0.04795719739734041,46
RANG,0.010066420549634338,71
RANGU,0.022198720589143628,75
RANI,-0.0644795175346506,40
RAPP,-0.26530638105982485,8
RARE,-0.46411012170890187,3
RAVE,-0.2755845681457478,7
RAYA,-0.2001999888058598,12
RBA,-0.16233274640397674,17
RBB,0.00396905526506428,67
RBBN,-0.129599262751623,22
RBC,-0.08363747844473687,34
RBCAA,0.00012400513732882187,64
RBKB,0.024206579120849246,75
RBLX,0.09495550725086982,86
RBNE,-0.23669725569844402,9
RBRK,0.3326905696292215,96
RC,-0.21312239903247499,11
RCAT,-0.21537728155588534,11
RCBC,0.06725636775034889,83
RCEL,0.9259903986455875,98
RCG,0.03825614308889422,78
RCI,-0.10062684163405669,29
RCKT,-0.23786956747471483,9
RCKY,0.037833017115164645,78
RCL,-0.198470239529903,13
RCMT,0.20572117401953505,93
RCON,-0.6050723015885763,1
RCS,-0.0450258967488642,47
RCT,-0.07663530515114557,37
RCUS,-0.15608737080972612,18
RDAC,-3.447907877627068e-05,63
RDACU,0.15460525882376197,90
RDAG,0.005697294861880397,69
RDAGU,-0.0009433110492376717,63
RDCM,-0.10470253106061306,28
RDDT,-0.08633501249665075,33
RDGT,-0.26386077306998074,8
RDHL,-0.2742508528502299,7
RDI,0.2351765191132954,94
RDIB,0.4879550579587165,97
RDN,-0.12011404403163019,24
RDNT,0.03187528930835502,77
RDNW,-0.035092820073015105,50
RDVT,0.18029926975120456,92
RDW,0.13492152192308057,89
RDWR,0.03543296185781517,77
RDY,-0.02504706403460693,54
RDZN,-0.01547621659525792,57
REAL,-0.22879036834320965,10
REAX,-0.22875758139430244,10
REBN,-0.037094114679683765,50
RECT,0.2578200715626222,94
REED,-0.3637993615822406,4
REFI,0.010201195922480852,71
REFR,0.6907197715620943,98
REG,-0.06085817309969706,41
REGCO,-0.0392502211905281,49
REGCP,-0.05015735017167654,45
REGN,0.07337077335227396,84
REI,0.1009818490081689,87
REKR,-0.32422453698523895,5
RELL,-0.02699935458398471,53
RELX,-0.04174708834751292,48
RELY,-0.11960484069585887,24
RENT,-0.5246310462982817,2
RENX,0.15843493884643417,91
REPL,0.29480658971215945,95
REPX,0.15824033256146308,91
RERE,-0.030375683059424147,52
RES,0.01709732005175084,73
RETO,-0.9163764664644989,0
REVB,-0.1155064983321286,25
REX,0.0004799116137332634,64
REXR,0.013899898934583479,72
REYN,-0.14260203262943172,20
REZI,-0.1557592200550621,18
RF,-0.09230119471779845,31
RFAI,0.813905688386805,98
RFAIU,1.5799378877901036,99
RFAM,0.0068632954203348365,69
RFAMU,0.0,64
RFI,-0.06997876062844954,38
RFIL,-0.31138218209225,6
RFL,-0.158696601744008,18
RFM,-0.09214133410419664,31
RFMZ,-0.0966089645656338,30
RGA,0.04483597030801008,79
RGC,0.06139146439104781,82
RGCO,-0.05665828153252875,42
RGEN,0.17558596447144945,91
RGLD,0.10392351752668641,87
RGNT,-0.08649277662325265,33
RGNX,-0.23307233392485677,9
RGP,-0.060705201163687855,41
RGR,0.1208038621776943,88
RGS,0.04930735987627102,80
RGT,-0.03456841617055728,50
RGTI,0.0482810373826046,80
RH,-0.21631461103805882,11
RHI,-0.07371892695741876,37
RHLD,-0.07347376491058269,38
RHP,-0.08075980113178505,35
RIBB,-0.21399653111198103,11
RIBBU,0.0244664402196155,75
RICK,-0.01717262153767296,57
RIG,0.014371590413681832,72
RIGL,0.1427726318412858,90
RILY,-0.19115117594618894,13
RILYL,-0.10038922937035742,29
RILYP,-0.11914900266711403,24
RIME,-0.5790226538408783,1
RIO,-0.02588779725144376,54
RIOT,0.04384835850929531,79
RITM,-0.0670499462719835,40
RIV,-0.05170287160304533,44
RIVN,-0.05030854004297153,45
RJET,0.004928914920470007,68
RJF,-0.06290125936493325,41
RKDA,-0.4650288379750146,2
RKLB,0.08088770016006802,85
RKT,-0.13880472491303436,21
RKTO,-0.013446010414586831,58
RL,-0.046973205505683326,46
RLAY,-0.07632621058310475,37
RLGT,-0.019448428110261595,56
RLI,-0.1180839675752476,25
RLJ,-0.05243967379575851,44
RLMD,-0.24492758831208647,9
RLTY,-0.10177304198422307,29
RLX,-0.09681478483570413,30
RLYB,0.008683737983780259,70
RM,-0.1574133895145032,18
RMBI,-0.02589266329834479,54
RMBS,0.12686630947911118,88
RMCF,-0.1664562186348068,17
RMCO,-0.054616061212216765,43
RMD,0.012908267429756148,72
RMI,-0.0851136629873964,34
RMIX,-0.29196784653163166,6
RMM,-0.10510170753662057,28
RMMZ,-0.0881944096588926,33
RMNI,-0.13602523748036047,21
RMR,-0.06625537471403302,40
RMSG,-0.21352032330281398,11
RMT,-0.022726810213478412,55
RMTI,0.14517501127342577,90
RNA,-0.3585716495274947,4
RNAC,-0.18849517395237,14
RNAZ,-0.4694808065202602,2
RNG,0.3891156254374971,96
RNGR,0.010136477371472129,71
RNGT,0.0048454315736589535,68
RNGTU,0.009396220847633429,71
RNP,-0.06836163754111646,39
RNR,-0.012008075052534074,59
RNST,-0.04086720000812184,48
RNTX,-0.09147548720980288,32
RNW,0.05941370450283931,82
RNXT,0.45780470147709484,97
ROAD,-0.17485362738310684,15
ROCK,-0.11835177182414942,24
ROG,0.06446095698803889,83
ROIV,0.014606257363786245,72
ROK,-0.03727702771456178,49
ROKU,0.025143262432799043,75
ROL,-0.21932664492917395,11
ROLR,-0.05170036445719274,44
ROMA,0.015851032428879485,73
ROOT,-0.19088935123106512,13
ROP,-0.07853294550391696,36
ROST,0.005241686287562653,68
RPAY,-0.010961481169208151,59
RPC,-0.1110186224814509,26
RPD,0.16092528441577095,91
RPGL,-0.6132694297510457,1
RPID,-0.37542593251093687,4
RPM,-0.08171462646759858,35
RPRX,-0.028799724746185876,52
RPT,-0.16557416349521403,17
RQI,-0.09581787994331657,31
RR,-0.011116139341505328,59
RRBI,0.01968868682509476,74
RRC,-0.02476970013490488,54
RRGB,-0.157913219511053,18
RRR,-0.1896017829615821,14
RRX,-0.15424303358211408,18
RS,-0.022348866651810885,55
RSF,-0.003831977409508025,61
RSG,-0.03235039323230875,51
RSI,-0.3032373571121979,6
RSKD,0.39293022220036555,96
RSSS,-0.05701116048798845,42
RSVR,-0.07415149773516089,37
RTAC,-0.0033414937373882235,62
RTACU,-0.002243223392408744,62
RTB,-0.24794275472768523,9
RTO,-0.19883255977451397,13
RTX,-0.0902972647901104,32
RUBI,-0.4951817047994556,2
RUM,0.12634395878864596,88
RUN,-0.18297465613653546,14
RUSHA,-0.05832655249178361,42
RUSHB,0.08240706345890489,85
RVI,0.025462560739417238,76
RVLV,-0.13073359937236695,22
RVMD,0.03528836915036919,77
RVP,-0.007115143221911058,60
RVSB,0.13450406662248615,89
RVSN,-0.2070096535189959,12
RVT,-0.04792266900014162,46
RVTY,0.2720910297990632,95
RWAY,0.1747334816210691,91
RWT,-0.16637000361636756,17
RXO,-0.1458994472317344,19
RXRX,0.11618547965493668,88
RXST,-0.22984130444955103,10
RXT,0.029197869653535005,76
RY,-0.02697179066580088,53
RYAAY,-0.05539357736243125,43
RYAM,0.017255601173424465,73
RYAN,-0.11874652555866873,24
RYDE,0.09112718803290036,86
RYET,-0.12514862843263788,23
RYM,-0.03385183265719854,51
RYN,-0.10646581111996925,27
RYOJ,-0.18016869593837204,14
RYTM,-0.10544451049737615,28
RYZ,-0.11693090996500495,25
RZLT,-0.22052843581181478,11
RZLV,-0.16139979187515607,17
S,0.1930050223749989,92
SA,0.03801617085373078,78
SAAQ,-0.00853025567198611,60
SAAQU,-0.020628457627326877,55
SABA,-0.007888769195753242,60
SABR,0.06696783500683184,83
SABS,-0.11678610110345024,25
SAC,-0.0021676102559790135,62
SACH,0.06213551170702929,82
SAFE,-0.22896070720625342,10
SAFT,0.08565439129115078,85
SAFX,-0.022850697300270992,55
SAGT,-0.16928918886373762,16
SAH,-0.23995207927433077,9
SAIA,-0.14874218115184726,19
SAIC,0.0881607303258574,86
SAIH,0.6623333690902873,98
SAIL,0.2720077791927696,95
SAM,-0.12341866036254755,23
SAMG,0.009225390238553087,71
SAN,0.015302882292373166,73
SANA,-0.2052704039490643,12
SANG,-0.09795762063105973,30
SANM,0.1468754897233525,90
SAP,0.12208528826047216,88
SAR,-0.09635083677636787,30
SARO,-0.16045765421989605,17
SATA,0.06248236884796052,82
SATL,0.39282671042255957,96
SB,0.08158513354785277,85
SBAC,-0.08432244600089721,34
SBC,0.34670110596140963,96
SBCF,-0.022546584882723073,55
SBET,0.42774428539836795,97
SBFG,0.12313199139026348,88
SBFM,-0.4058880509591586,3
SBGI,-0.08133052261507911,35
SBH,0.0888760848163181,86
SBI,-0.07899696741954183,36
SBLK,0.07519676283411883,84
SBR,-0.010499261805189276,59
SBRA,-0.04979894405438185,45
SBS,-0.005528474361034642,61
SBSI,-0.04755353221820631,46
SBSW,0.10355790191329982,87
SBUX,-0.1027893438893613,29
SBXD,0.05083700025456572,81
SBXE,0.00021994722707485703,64
SCAG,-0.24227217498704823,9
SCCO,0.06719259319807151,83
SCD,-0.029205560734392223,52
SCHL,-0.21056875687078125,11
SCHW,-0.04710559287022678,46
SCI,-0.059760271056153905,41
SCII,0.004462306466226695,67
SCIIU,0.0046959407720182705,67
SCKT,-0.22854767327472714,10
SCL,0.08708022088920533,85
SCLX,-0.2115157809805204,11
SCM,-0.0434138668022724,47
SCNI,-0.43032283034997554,3
SCNX,-0.2638340104154217,8
SCOR,-0.19352780170353343,13
SCPQ,0.003104818591923486,66
SCPQU,0.0023709694558839535,65
SCSC,0.05356751575634253,81
SCWO,0.304276982356756,95
SCYX,-0.022012954876072063,55
SCZM,0.2192975669598185,93
SD,0.025087357933023226,75
SDA,-0.2915525393625593,6
SDEV,0.42520534882294325,97
SDGR,0.6491698237315845,98
SDHC,-0.2509617749803533,8
SDHI,0.004781951305306387,67
SDHIU,0.003025252135357359,66
SDHY,-0.03270939953627605,51
SDOT,-0.3525397477223468,4
SDRL,0.05586403092393036,81
SDST,-0.8142211238711632,0
SE,-0.08609665812150097,33
SEAT,-0.47681456235048936,2
SEB,-0.07759579867552815,36
SEDG,-0.13507462539947934,21
SEED,-0.08163457371109649,35
SEER,-0.029350252495947422,52
SEG,-0.127890728038352,22
SEGG,-0.1768306596909932,15
SEI,0.3223524729960592,95
SEIC,0.026324429662591842,76
SELF,-0.04348821225607483,47
SENEA,0.01232945724365966,72
SENEB,0.06508969255322111,83
SENS,0.4959802418393823,97
SEPN,0.0050547287688569075,68
SER,-0.06882385817551649,39
SERA,0.016182787984816628,73
SERV,-0.10238980581500735,29
SES,-0.0803521847834629,35
SEVN,-0.07854987455008111,36
SEZL,-0.20576820977671656,12
SF,-0.1082824994721543,27
SFBC,-0.06365005906268685,40
SFBS,-0.05992269639432239,41
SFD,-0.20102505509681082,12
SFHG,-0.04044037527553837,48
SFIX,-0.4119616719596493,3
SFL,0.10936825376643242,87
SFM,-0.2469470866711894,9
SFNC,0.018268505534742584,74
SFST,-0.021862324212805807,55
SG,0.17044540596069974,91
SGA,-0.011231959098466715,59
SGC,0.025809637580847998,76
SGHC,-0.15340589284572598,18
SGHT,0.3528085449670962,96
SGI,-0.059787133459815255,41
SGLY,-0.6746626388735152,1
SGML,-0.1409111061157527,20
SGMT,0.06846371355192968,83
SGP,0.13931348096105217,89
SGRX,-0.6512791025549689,1
SGRY,-0.02785290395521184,53
SGU,0.016362184483179276,73
SHAK,-0.16016304914178703,17
SHAZ,-0.04321818193777137,47
SHBI,-0.016066263097251964,57
SHC,-0.00986177319013617,59
SHEL,0.11439152372520031,88
SHEN,-0.07445042370681064,37
SHFS,-0.1589933187783663,17
SHG,0.13871079697155658,89
SHIM,-0.23456117100561058,9
SHIP,0.056490606656048784,82
SHLS,-0.06064393077718029,41
SHMD,0.16900425881707154,91
SHO,-0.02759427556750277,53
SHOE,-0.13846546055862874,21
SHOO,0.019922867939036793,74
SHOP,0.04426915051629762,79
SHPH,0.18918119305862652,92
SHW,-0.05697990608278349,42
SIBN,0.00396814145403287,67
SID,0.06802316778817005,83
SIDU,-0.008126964654832258,60
SIEB,0.2158780029460789,93
SIF,-0.03994084366172653,49
SIFY,-0.0950593263677968,31
SIG,0.1578935051514023,91
SIGA,0.04778992973614045,80
SIGI,-0.07926610336873376,36
SIGIP,-0.027862647973206568,53
SII,0.0304298902067125,76
SILC,0.2606600853742206,94
SILO,-0.4743879070960998,2
SIM,-0.028425243035800518,52
SIMA,-0.0013627372505267796,62
SIMAU,0.02542022704827185,76
SIMO,0.08129030400832407,85
SINT,0.15230850228880596,90
SION,-0.5176708681306768,2
SIRI,-0.11526209408724478,25
SITC,-0.04999793278621174,45
SITE,-0.10344958096458325,28
SITM,0.1563046001921096,90
SJ,-0.28365854602815327,7
SJM,-0.028792878186539014,52
SJT,0.24118069181855292,94
SKE,0.052483393656379,81
SKIL,-0.12337876035990192,23
SKIN,-0.02767564202114141,53
SKK,-0.06170055691690725,41
SKM,0.03678676979692003,78
SKT,-0.12155168884137259,24
SKWD,-0.08117230323771475,35
SKY,-0.0062509326612484335,61
SKYA,0.48796875525171934,97
SKYE,-0.4234073493890155,3
SKYH,-0.03745118032347488,49
SKYQ,-0.10004467140803763,30
SKYW,-0.017485411058391485,56
SKYX,0.07291187731049795,84
SLAB,0.013598542713708462,72
SLB,0.014704288078849184,72
SLBT,-0.44307083278995885,3
SLDB,-0.19365304218898086,13
SLDE,0.06233056974778288,82
SLDP,0.03505025895383206,77
SLE,0.5161927458197897,97
SLF,7.368738291585637e-05,64
SLG,-0.07898963786650541,36
SLGB,-0.44535525371028045,3
SLGL,-0.15586158495584865,18
SLGN,-0.1983533036520276,13
SLI,-0.23552561760781038,9
SLM,-0.08605561669725904,33
SLMBP,0.006733770999919631,69
SLMT,0.174310956504307,91
SLN,-0.07594159824017832,37
SLND,-0.05494799505268102,43
SLNG,0.04838313162085209,80
SLNH,-0.0035085226815365633,62
SLNHP,0.12836346520317926,89
SLP,0.006342707062787079,69
SLQT,-0.3792762564673272,4
SLRC,-0.04617528247241905,46
SLS,-0.04460076760816534,47
SLSN,-0.08953153780049683,32
SLSR,-0.13838629485906304,21
SLVM,-0.04781978860887656,46
SLXN,-0.5830569961442105,1
SM,0.08643540349452701,85
SMA,-0.06761316394048038,39
SMBC,-0.04881096162976415,45
SMBK,-0.00866771127765139,60
SMC,-0.029387678679785735,52
SMCI,0.31713376366660634,95
SMFG,0.05869651844329473,82
SMG,-0.2269419896182351,10
SMHI,0.024227225510045358,75
SMID,-0.1139690288819854,25
SMJF,-0.7854948883245108,0
SMMT,0.14447732901918278,90
SMP,-0.022175305552689074,55
SMPL,-0.12690153320455394,23
SMR,-0.07181490464753106,38
SMRT,-0.007177256665471767,60
SMSI,-0.0269840845633244,53
SMTC,0.38221927188809207,96
SMTI,0.19437101047654798,92
SMTK,-0.702024102298831,0
SMWB,0.005309154954422454,68
SMX,-0.5022299724931418,2
SMXT,-0.3192839348407038,5
SN,0.049919644252029965,80
SNA,-0.08268514436490454,34
SNAL,-0.26498425390393154,8
SNAP,0.08668550993320474,85
SND,0.13306902247011304,89
SNDA,-0.06880239846602848,39
SNDK,0.24949536655983046,94
SNDL,0.05588820892374369,82
SNDR,-0.12243566626966604,24
SNDX,-0.09808075618771223,30
SNES,-0.4420108942213579,3
SNEX,-0.09971109739905072,30
SNFCA,-0.04316484801687177,47
SNGX,0.0020325030592011715,65
SNN,-0.11368161297028713,26
SNOA,0.021141157619946945,74
SNOW,0.17525683576934062,91
SNPS,0.03941963572544,78
SNT,-0.09281016153112108,31
SNTG,-0.04991518939421144,45
SNTI,-0.2550902792253019,8
SNWV,-0.12773717620848107,23
SNX,0.032594962801592686,77
SNY,-0.085197274173286,34
SO,-0.10727655655153165,27
SOAR,-0.01438898009199089,58
SOBO,-0.08806560977961142,33
SOC,-0.19439929706053513,13
SOCA,0.0018492679534788726,65
SOCAU,0.002223150420327702,65
SOFI,-0.07738753415641511,36
SOGP,-0.034826900488880236,50
SOHU,-0.02369287487055788,54
SOLS,-0.06270642962919003,41
SOLV,0.025576417964423545,76
SOMN,-0.07470978368793602,37
SON,-0.13137887978832272,22
SONM,0.1348052574935377,89
SONO,0.18554188508350428,92
SONY,0.0382454783008083,78
SOPH,0.22814191803610795,93
SOR,-0.0019134281671401958,62
SORA,0.04319818019652326,79
SORN,0.006428986463295327,69
SORNU,0.005795963081452837,69
SOS,-0.6267119791868806,1
SOTK,-0.022465651793514417,55
SOUL,0.0055857091009192,68
SOUN,-0.08884064401404433,32
SOWG,-0.28431137903819337,7
SPAI,-0.059576111495083454,41
SPB,-0.04436540240076397,47
SPCB,-0.14212168033986827,20
SPCE,0.15251164569687414,90
SPE,-0.014913250105351883,57
SPEG,0.003405110198240291,66
SPEGU,-0.005660416741266161,61
SPFI,-0.02323362923318465,55
SPG,-0.0783766050924273,36
SPGI,-0.04291549799441909,47
SPH,-0.06579791156396401,40
SPHL,0.232316223851449,94
SPHR,-0.0858625810263641,33
SPIR,-0.08686898056068168,33
SPKL,-0.00868887055005485,60
SPKLU,-0.03404618549801091,51
SPMA,0.004931127409127978,68
SPMC,-0.09646441856875124,30
SPME,-5.832215428904777e-05,63
SPNT,0.03141682668632412,77
SPOK,0.0007380684800162743,64
SPOT,-0.015554979572732781,57
SPPL,-0.20477792276223805,12
SPRB,-0.07561737768838057,37
SPRC,-0.13744865776886703,21
SPRO,-0.07826548156608204,36
SPRU,-0.09308098772488821,31
SPRY,-0.350268201526194,4
SPSC,0.13735465477371245,89
SPT,0.03273255488584689,77
SPWH,-0.0015136377117507937,62
SPWR,-0.05040621145160701,45
SPXC,-0.17717969048480656,15
SPXX,0.023445245503441327,75
SQFT,-0.186691336166752,14
SQFTP,0.09963033912726293,87
SQM,-0.0682992636390346,39
SQNS,-0.015114252837028466,57
SR,-0.057438521051565,42
SRAD,-0.042470404239964885,48
SRBK,-0.012209885556123378,59
SRCE,-0.0029090963830619033,62
SRE,-0.11220484231632119,26
SRFM,0.48177110281112046,97
SRG,-0.1934502820424474,13
SRI,-0.045525819189770694,46
SRL,-0.0495159249039169,45
SRPT,0.0642985085388561,83
SRRK,-0.12190522443758874,24
SRTA,-0.04926504720607337,45
SRTS,-0.059770416661720074,41
SRV,-0.06760904886226586,39
SRXH,-0.1295973263210734,22
SRZN,0.3140066343557265,95
SSAC,0.007678685401891672,70
SSACU,0.006254819183014581,69
SSB,-0.024833896024245183,54
SSBI,-0.055619961784965664,43
SSD,-0.0871918273739267,33
SSEA,0.006229567456072793,69
SSEAU,0.005415781209754389,68
SSII,-0.1849971659981948,14
SSL,0.29137616073111056,95
SSM,-0.6565869266192667,1
SSNC,0.026683871770684438,76
SSP,-0.10272878145165983,29
SSRM,0.13312878021177663,89
SST,0.44915838523301854,97
SSTI,-0.19453924299998415,13
SSTK,-0.3541714700211463,4
SSYS,0.035365971303037175,77
ST,-0.05244547260042894,44
STAA,-0.1398162862582777,21
STAG,-0.045674136500768195,46
STAK,-0.3515917926750516,4
STBA,-0.014504894093712093,58
STC,-0.14170490600681424,20
STE,-0.09015875721437593,32
STEM,-0.23034353840460664,10
STEP,-0.025483184367782616,54
STEW,-0.03754617118011555,49
STEX,-0.08476589675819503,34
STFS,-0.23262888423244316,9
STG,-0.11200489319476592,26
STGW,0.03101947443525234,77
STHO,-0.1338108243025094,22
STI,-0.12966833921075321,22
STIM,0.3051940762957337,95
STK,0.06534167229568413,83
STKE,0.46743693408754977,97
STKH,-0.4084246900858609,3
STKS,-0.05866072818691566,42
STLA,-0.15184292441242647,19
STLD,-0.044076308588522316,47
STLN,0.15838261868551534,91
STM,-0.019427662619346565,56
STN,-0.054757689769705416,43
STNE,-0.10236015809048907,29
STNG,0.08105249119206252,85
STOK,-0.21711712187320648,11
STRA,-0.06478124965987238,40
STRC,0.12754811548712358,89
STRD,0.18947165551792955,92
STRF,0.10532462675647303,87
STRK,0.17558238319830802,91
STRL,-0.07211181457034717,38
STRO,-0.3204172383370927,5
STRR,-0.03858237789928794,49
STRRP,-0.03869979683527648,49
STRT,-0.15161065784459124,19
STRW,-0.028110572335465076,53
STRZ,-0.2395385783174237,9
STT,-0.01691922068259841,57
STTK,-0.16030465967249757,17
STUB,-0.30778348613070666,6
STVN,0.023547239484490758,75
STWD,-0.11440569420557006,25
STX,0.11433703891945952,88
STXS,-0.09227476956379672,31
STZ,-0.1606187955050057,17
SU,0.09935976140782073,87
SUGP,-0.6291041386527021,1
SUI,-0.09352286442641002,31
SUIG,0.5871840123534735,98
SUMAU,-0.000743357880554951,63
SUN,0.022906645167807417,75
SUNB,0.011663239657529745,71
SUNC,0.0369783764149789,78
SUNE,0.0633390298562186,83
SUNS,-0.07716875268210213,36
SUPN,-0.07444737660390235,37
SUPV,-0.21155059908831325,11
SUPX,-0.1397061022901487,21
SURG,-0.31904084606985245,5
SUZ,0.021135525411099233,74
SVAQ,0.006879448646888631,69
SVAQU,0.003007617831406706,66
SVC,-0.18905179723656948,14
SVCC,0.007858532303492028,70
SVCCU,0.0024738085051522413,65
SVCO,0.09440947733161192,86
SVIV,-0.007939157622473825,60
SVIVU,0.018636471013886123,74
SVM,0.004765889777918659,67
SVRA,-0.10344979413739082,28
SVRE,-0.3040242222372775,6
SVRN,5.111027532318293,99
SVV,-0.11196405930196805,26
SW,-0.05583058636043904,43
SWAG,-0.1832033303459406,14
SWBI,0.023785886062030324,75
SWIM,-0.03963149135637576,49
SWK,-0.04379809780257446,47
SWKS,0.3476624632603671,96
SWMR,-0.45676964138703136,3
SWVL,1.3651876545248214,99
SWX,-0.0936436106186588,31
SXC,0.035169014453167315,77
SXI,-0.08962448386486108,32
SXT,-0.00026336541797737645,63
SXTC,-0.47022619530097054,2
SXTP,-0.0789917750241654,36
SY,0.3560470013098306,96
SYBT,-0.02288652661988334,55
SYF,-0.07164584868947639,38
SYK,-0.18701959419371877,14
SYM,0.05403436968816862,81
SYNA,-0.015590592813363315,57
SYNX,0.024178093517369055,75
SYPR,-0.08678412108829545,33
SYRE,-0.09011209988356936,32
SYY,-0.06188734670534488,41
SZZL,0.0069731714796964495,69
SZZLU,0.0026724912998709717,65
T,0.025695645038862756,76
TAC,-0.10150960518837333,29
TACH,0.0056536198645183115,68
TACHU,0.0021505796963206423,65
TACO,-0.002954103224457194,62
TACOU,-0.0014591295666027014,62
TACT,-0.03968579204404679,49
TAK,0.07730805248490116,84
TAL,0.11125138357081973,87
TALO,0.1012696259176662,87
TANH,-0.27627231169937,7
TAOP,-0.4077560939106888,3
TAOX,0.1958190887000211,92
TAP,-0.1359418233272178,21
TARA,-0.1715931816197932,16
TARS,0.16145088436852353,91
TASK,0.27252947721898,95
TATT,-0.09427977588332706,31
TAVI,0.0032068563527161142,66
TAVIU,0.003261912930331068,66
TAYD,0.07007393850301846,83
TBBB,0.19428006440243792,92
TBBK,-0.23557791614324286,9
TBCH,-0.0030858832203091054,62
TBI,0.08813956444442554,86
TBLA,-0.17911810274375747,15
TBLD,-0.06612586798424049,40
TBN,0.02243911853766365,75
TC,-0.2506136324451623,8
TCBI,-0.035260870401066104,50
TCBIO,-0.07738202568848603,36
TCBK,-0.04477463473823301,47
TCBS,-0.02177179100313088,55
TCBX,-0.002926750102327458,62
TCI,0.030667943489946878,77
TCMD,-0.12063829615594227,24
TCOM,-0.10932057956817352,27
TCPC,0.15080892713078095,90
TCRT,-0.4169072404724786,3
TCRX,-0.5792513920913283,1
TCX,0.021875608212780562,75
TD,0.008768997825195158,70
TDAC,0.006508434968224553,69
TDACU,0.009674727852842402,71
TDAY,-0.1214900808973059,24
TDC,0.008363103896821822,70
TDF,-0.07223562884155016,38
TDG,-0.11308293310354678,26
TDIC,0.10777071778382971,87
TDOC,-0.17859218589010795,15
TDS,0.0425170556246258,79
TDTH,-0.28783439274720857,7
TDUP,-0.41137300309203967,3
TDW,0.06920556191166508,83
TDWD,0.005967214568686651,69
TDWDU,0.00029583653458467026,64
TDY,-0.03496881098748261,50
TE,-0.2155954598996798,11
TEAD,-0.28554593575697745,7
TEAM,0.5973844482885069,98
TECH,0.00893312035223064,70
TECK,0.030621053384011464,77
TECX,-0.28470347935430407,7
TEI,-0.04851769157917347,45
TEL,0.06223468365257536,82
TELA,0.8328417633699913,98
TELO,0.03674003455357222,78
TEM,0.5180177050532286,97
TEN,0.18607212132755352,92
TENB,0.039390242719022237,78
TENX,-0.5118115870933218,2
TEO,-0.022556820245018427,55
TER,0.10411316304801464,87
TEVA,0.12399362767305844,88
TEX,-0.15017207405903027,19
TFC,-0.06654257020907373,40
TFII,-0.1381660101350444,21
TFIN,-0.18382171364668556,14
TFPM,0.015241259644333968,73
TFSL,-0.05355151849228208,44
TFX,-0.09804664472379822,30
TG,-0.09754890696468765,30
TGB,0.10882663908744658,87
TGE,-0.14373431598503664,20
TGEN,-0.0996298923602793,30
TGHL,0.08582629406561812,85
TGL,-0.1912475821562535,13
TGLS,-0.18183339436117282,14
TGS,-0.08085934025671973,35
TGT,0.03601891025734648,78
TGTX,0.0415347089467083,79
TH,0.23401537414465318,94
THC,0.045084814118070526,80
THCH,-0.07405914183499746,37
THFF,-0.04251721096355033,48
THG,-0.024313116199913918,54
THH,-0.2752151490225687,7
THM,0.2059173200282535,93
THO,-0.07905103940961225,36
THQ,-0.01762156858927445,56
THRM,-0.11195765317417025,26
THRY,-0.31421489739698855,5
THW,-0.016889628301962712,57
TIC,0.03595454279076859,78
TIGO,-0.018557226215861745,56
TIGR,-0.08722381442477455,33
TII,0.21337197101511796,93
TIL,-0.054082499050105995,43
TILE,-0.04091961714671466,48
TIMB,-0.05917209978568197,42
TIPT,-0.05521136356071443,43
TISI,0.47027539892945613,97
TITN,0.20778027381351305,93
TJX,-0.11344074983407909,26
TK,0.17875236761255248,92
TKC,-0.06878825273215121,39
TKLF,-0.13605596136362916,21
TKNO,0.5205453808168472,97
TKO,-0.04626064897718473,46
TKR,-0.11519708147095281,25
TLF,0.06016325039322634,82
TLIH,0.05106327041308659,81
TLK,-0.07896852266532323,36
TLN,-0.07228507381353744,38
TLNC,-0.001942726164871622,62
TLNCU,-0.015076316589782056,57
TLPH,-0.03031214905287762,52
TLRY,-0.06949545873164834,39
TLS,-0.1020112374998046,29
TLSA,-0.05313969773993239,44
TLSI,-0.07563532142221721,37
TLX,0.06629251041672518,83
TLYS,0.08341496515300724,85
TM,0.02459285272796182,75
TMC,-0.09443099308381729,31
TMCI,0.015146991589900134,73
TMDE,-0.06965013193304052,39
TMDX,0.047058278224319926,80
TME,-0.05890469096233338,42
TMO,0.14791210053961573,90
TMP,0.020425997381619522,74
TMQ,-0.05834603288168223,42
TMS,0.19664533747755178,92
TMTS,-0.0025777581163651587,62
TMTSU,-0.012880519174250572,58
TMUS,-0.0809825333967277,35
TNC,-0.13613762293455914,21
TNDM,-0.17305806685602348,15
TNET,0.01053020981631473,71
TNGX,-0.07189861056436576,38
TNK,0.2116901793193931,93
TNL,-0.15299133955226124,18
TNMG,8.188292456243252,99
TNON,-0.5234800665578918,2
TNXP,-0.19180963708106938,13
TNYA,-0.14980164315353645,19
TOL,-0.10308452774972612,29
TOMZ,-0.17826889560809742,15
TONT,0.002992779247016042,66
TONX,0.20711076155843505,93
TOON,-0.10764994013956906,27
TOP,0.3299337870770492,96
TOPP,-0.5545737820096025,1
TOPS,-0.13546890013505905,21
TORO,-0.04204829248195733,48
TOST,-0.07629489210627427,37
TOUR,0.036305246560424484,78
TOVX,-0.05138093746412935,44
TOWN,-0.025795448894998907,54
TOYO,-0.10864001168739885,27
TPB,-0.27332217483402343,7
TPC,-0.0065825414021320455,60
TPCS,0.040622427195110965,79
TPET,-0.18979607495161155,14
TPG,-0.045934152571974404,46
TPL,-0.10180504995051123,29
TPR,-0.17733234390053085,15
TPST,-0.1771513385491801,15
TPVG,0.036039202355862415,78
TR,-0.04778641577126119,46
TRAK,-0.014127275545308227,58
TRAW,-0.0689818152980389,39
TRAX,0.06563771603002641,83
TRC,-0.02202309023161643,55
TRDA,-0.08384575514826953,34
TREE,-0.2857240949794956,7
TREX,-0.03482764612517667,50
TRGP,-0.002686367738763797,62
TRGSU,0.0008967333809243084,64
TRI,0.010101700365860014,71
TRIB,-0.35947276294705793,4
TRIN,-0.005855794866327955,61
TRIP,-0.282734527432037,7
TRLV,0.24549178000640454,94
TRMB,0.010149785315225746,71
TRMD,0.258447680930213,94
TRMK,-0.0037825189728419306,61
TRN,-0.15125519745077637,19
TRNO,-0.03926904730650933,49
TRNR,-0.24869191207343577,9
TRNS,-0.014735095134373169,57
TRON,-0.20651755160068935,12
TROO,-0.10858383546646197,27
TROW,-0.06832746596248603,39
TROX,-0.31210926520249227,6
TRP,-0.10161852856856379,29
TRS,-0.04421591443595383,47
TRSG,-0.07797719875331169,36
TRST,-0.0037899041124005873,61
TRT,-0.4035093707406875,4
TRTX,-0.1890507711805231,14
TRU,-0.14577369313510324,19
TRUG,-0.6693212015404024,1
TRUP,-0.16123681455359729,17
TRV,-0.011580093597126168,59
TRVG,-0.020936082938111,55
TRVI,-0.20458418759633368,12
TRX,0.3229311947390826,96
TS,0.012030644830177451,72
TSAT,0.19625942004047126,92
TSBK,0.004511575763221953,67
TSCO,-0.02106029613953496,55
TSEM,0.04593848469679813,80
TSHA,-0.20821421844034746,12
TSI,-0.0301626669127683,52
TSLA,0.09711299212009085,86
TSLX,0.028204012795210388,76
TSM,0.0953668439226763,86
TSN,-0.11799485941448844,25
TSQ,-0.16705731286481507,16
TSSI,0.0747421484263839,84
TT,-0.027137521469213104,53
TTAM,-0.16879015942067221,16
TTAN,-0.29536463203766367,6
TTC,-0.00955575689367627,59
TTD,-0.17942593269379767,14
TTE,0.08287063110365037,85
TTEC,-0.2837355686821616,7
TTEK,-0.0001689962183057045,63
TTGT,-0.04567293583402781,46
TTI,-0.19110360070488314,13
TTMI,0.022128387426841797,75
TTRX,0.49557941163591196,97
TTWO,-0.15560600083650278,18
TU,-0.1600388780139778,17
TULP,-0.1338312528445237,22
TURB,-0.16686461915288558,17
TUSK,0.021089534624033165,74
TUYA,-0.04688073975261209,46
TV,-0.1572307729409298,18
TVA,0.0035645066180745033,66
TVACU,-0.005388482752985158,61
TVAI,0.003867529507937984,66
TVAIU,0.0007648176234636762,64
TVGN,0.13727529457341817,89
TVRD,-0.3177775608231571,5
TVTX,-0.036264746577655035,50
TW,-0.020578111017402444,56
TWAV,0.1996352782275564,92
TWFG,-0.14266754718133076,20
TWG,-0.815761904826066,0
TWI,-0.06486941450360068,40
TWIN,0.1118337400591172,87
TWLO,0.31731378814712224,95
TWLV,0.0039003064667697098,66
TWLVU,-0.0029325700265652177,62
TWN,0.11432213949055155,88
TWST,0.5948484301823143,98
TX,0.08790228727248472,85
TXG,0.6798527611579621,98
TXMD,-0.0575821092886315,42
TXN,0.029599068964939468,76
TXNM,0.01954296984803674,74
TXO,0.09214361000979168,86
TXRH,-0.20863842771362415,12
TXT,-0.1167710244814251,25
TY,-0.010080551505545998,59
TYG,-0.05610956832500303,43
TYGO,-0.34714424379291653,4
TYL,-0.024221358232619325,54
TYRA,-0.23713866881380244,9
TZOO,-0.26735953821166336,7
U,0.1540956228738622,90
UA,-0.23218642119067573,10
UAA,-0.2431335762749787,9
UAC,0.004930392678089368,68
UAL,-0.059865981792537534,41
UAMY,-0.16709405816780687,16
UAN,0.038997753659876414,78
UAVS,0.1018719280213611,87
UBCP,-0.05250285149809815,44
UBER,-0.07852407775543445,36
UBS,-0.05572365017935642,43
UBSI,-0.008545727750146758,60
UCAR,4.832876204692106,99
UCB,-0.026845416060402718,53
UCFI,0.0,64
UCL,-0.3426473798332378,5
UCTT,-0.03695449084783418,50
UDR,-0.11845116614827794,24
UE,-0.09908001361278339,30
UEC,-0.16835445684285794,16
UEIC,0.1619237237153622,91
UFCS,0.0031254661836710327,66
UFG,-0.21434671758913182,11
UFI,0.01681321383198897,73
UFPI,-0.10138559016619131,29
UFPT,0.05664034566644906,82
UG,-0.012605996850922594,58
UGI,-0.012808880771320343,58
UGP,0.19274095337614056,92
UHAL,-0.1251436946953189,23
UHS,0.07008035286122982,83
UHT,-0.08779136011594554,33
UI,-0.0009951204174865613,63
UIS,-0.22339219813918992,10
UK,0.04287886200510675,79
UL,-0.027381933685877186,53
ULBI,0.013318977760445083,72
ULCC,-0.02579366848959709,54
ULH,-0.004880634840173093,61
ULS,-0.20891968580074127,12
ULTA,0.051215542704792255,81
UMAC,0.11737990836655379,88
UMBF,-0.05242440071411575,44
UMBFO,-0.015136010565936477,57
UMC,0.25224628617371075,94
UMH,-0.03715942616964028,49
UNB,-0.0019751122874266183,62
UNCY,-0.15086100652522916,19
UNF,-0.09554758565201608,31
UNFI,-0.06467474332774184,40
UNH,-0.08535009469630518,33
UNIT,-0.14376780385798277,20
UNM,0.02293492014778289,75
UNP,-0.07199298233015466,38
UNTY,-0.04359820842679752,47
UONE,-0.1558290088737614,18
UONEK,-0.20839144952803096,12
UP,-0.3316909982198131,5
UPB,-0.2140585975447103,11
UPBD,-0.20515043224345106,12
UPC,0.21408295477037423,93
UPLD,-0.2519754243112877,8
UPS,-0.10741112130180556,27
UPST,-0.21105654214895017,11
UPWK,-0.08344280667742993,34
UPXI,0.2943490894979446,95
URBN,-0.04028982701563369,48
URG,-0.18071678760259238,14
URGN,-0.0070748410624629915,60
URI,-0.029644937492754552,52
UROY,0.23388709782451816,94
USA,0.004843872077666512,68
USAC,-0.03445228407091488,50
USAR,-0.126625009519508,23
USAS,0.007857882122415219,70
USAU,0.056316781597305,82
USB,-0.05489479656530985,43
USBC,0.42910846443451867,97
USCB,0.031185549368912914,77
USEA,0.06466383378702822,83
USFD,-0.10394663774163948,28
USGO,-0.15743072052426302,18
USIO,-0.030335146384234866,52
USLM,-0.024729745648919672,54
USNA,-0.14236765821309194,20
USPH,0.11422172972640204,88
UTF,-0.11270545518292273,26
UTG,-0.09953592115336934,30
UTHR,-0.09227296942538954,31
UTI,-0.28776518315911775,7
UTL,-0.05954316674266289,42
UTMD,0.041746623768035104,79
UTSI,-0.027912586283293482,53
UTZ,0.17871750433130693,92
UUU,0.16017241586633052,91
UUUU,-0.18273867136303473,14
UVE,-0.02591842987385743,54
UVSP,-0.02053198336156701,56
UVV,-0.15169597705188126,19
UWMC,-0.27349098058894983,7
UXIN,0.012990264190776823,72
UYSC,0.01911000352175365,74
UYSCU,0.0318053548662101,77
UZX,-0.609611275221219,1
V,-0.0013760144792200196,62
VABK,0.05306206469187049,81
VAC,-0.040780969307440934,48
VACI,-0.32056988327204156,5
VAI,0.3964191210553014,96
VAL,0.02282613215440058,75
VALE,-0.07966469124270674,35
VALN,0.05919160805056964,82
VALU,0.060963397912743925,82
VANI,-0.07120130036761059,38
VATE,-0.11272900830503275,26
VBF,-0.03456362761032579,50
VBIO,-0.4416127972898962,3
VBNK,0.19461325738051044,92
VC,-0.1312901463628019,22
VCEL,-0.10532809768851069,28
VCIG,-0.5915316342535784,1
VCTR,0.040794774408682954,79
VCV,-0.1256278266959776,23
VCX,-0.3042874953008968,6
VCYT,-0.0920179869964306,32
VECO,0.004121511089690222,67
VEEA,0.03151391193859884,77
VEEE,0.5497567678537731,97
VEEV,0.3191267711082928,95
VEL,-0.13878961385164434,21
VELO,-0.051732343657335506,44
VENU,-0.33302825228034194,5
VEON,0.3203970797381184,95
VERA,-0.11186969178686104,26
VERI,0.38825946657704485,96
VERU,-0.03595378057669149,50
VERX,-0.12312382893074905,23
VET,0.06623507955039956,83
VFC,-0.08876089288316338,33
VFF,0.3535480449037153,96
VFS,0.047346911206869485,80
VG,-0.014564767598736057,58
VGAS,-0.0693531595191739,39
VGI,-0.054076177092392895,44
VGM,-0.10525394538776556,28
VGNT,0.03927525419277167,78
VGZ,0.35460224305341354,96
VHC,-0.2086940156159247,12
VHCP,0.002995035783136757,66
VHCPU,0.01215972173262705,72
VHI,0.008190223677132277,70
VHUB,-0.3441709008343521,5
VIA,0.2976047130964699,95
VIAV,0.04300621895365836,79
VICI,-0.09790558272770133,30
VICR,0.3275768142009152,96
VIK,-0.1704837295734999,16
VINP,-0.018471093141981275,56
VIOT,0.7006707638933158,98
VIP,-0.12405039950097399,23
VIPS,-0.12183604104455319,24
VIR,0.05496515496686671,81
VIRC,0.07262038885971506,84
VIRT,-0.1417455209364912,20
VISN,-0.055912291247415424,43
VIST,0.014327577832487658,72
VITL,-0.1514181164040441,19
VIV,-0.05878585614076023,42
VIVK,-0.5970555604335822,1
VIVO,-0.04874271523529866,45
VIVS,-0.40428698699152754,4
VKI,-0.11006533940265156,27
VKQ,-0.10220278920846847,29
VKTX,0.019184266980006966,74
VLGEA,0.04838749544898312,80
VLN,0.08366611919044681,85
VLO,0.24608590350523502,94
VLOS,-0.008250999927028112,60
VLOSU,0.009549671374810952,71
VLRS,-0.10072342845468849,29
VLT,-0.07383927356079303,37
VLTO,0.0049063445385789,68
VLY,-0.08000407107511945,35
VLYPN,0.002019305489553769,65
VLYPO,0.011709843118043062,71
VLYPP,0.016635835630271243,73
VMAR,-0.19288254272260794,13
VMC,-0.13951329551740757,21
VMD,-0.14503866621784417,20
VMET,-0.09894102305370282,30
VMI,-0.05355178650217338,44
VMO,-0.10448063708485304,28
VMRK,-0.0870183359923919,33
VNCE,0.7745238416865563,98
VNDA,-0.06637944146498492,40
VNET,-0.027500524323707833,53
VNME,0.0026471022190200032,65
VNMEU,0.0038834913701271123,66
VNO,-0.11648553836887744,25
VNOM,-0.04512224871228554,47
VNRX,-0.48525737750948184,2
VNT,-0.03175926342329012,51
VNTG,0.12672233270129898,88
VOC,0.12470825143263886,88
VOD,0.06484879972751662,83
VOR,-0.10092536740715816,29
VOXR,0.08045889083700994,85
VOYA,-0.013421126487983537,58
VOYG,0.03359460107530674,77
VPG,-0.09495413743869324,31
VPV,-0.03944635274377499,49
VRA,0.13587110512601577,89
VRAX,-0.16505432862828287,17
VRCA,-0.18443427581150396,14
VRDN,-0.03463540940916886,50
VREX,0.3550935416056842,96
VRM,0.15092057598902126,90
VRME,0.39103858191588875,96
VRNS,0.09871456011906937,86
VRRM,-0.25694827231816775,8
VRSK,-0.1223996299239675,24
VRSN,0.023020642336215504,75
VRT,-0.07118931164912942,38
VRTS,-0.19759576391385375,13
VRTX,0.016809848013844553,73
VRXA,-0.2349338763671479,9
VS,-0.1843735863318742,14
VSA,-0.20379367777221702,12
VSAT,0.04180429915133145,79
VSEC,-0.16516360191145701,17
VSECU,-0.14330673012862452,20
VSH,-0.052218014586514296,44
VSME,-0.1747914289319342,15
VSNT,-0.1347199415216202,21
VST,-0.05522705845973032,43
VSTM,0.3059171124302107,95
VSTS,-0.0202868098791152,56
VSXY,-0.0775277269832953,36
VTAK,-0.45461989006811393,3
VTEX,-0.08029167296317433,35
VTGN,-0.05145240892062143,44
VTIX,-0.2782897026242449,7
VTMX,-0.04221700332005169,48
VTN,-0.13281341446970996,22
VTOL,-0.04038128904919789,48
VTR,-0.07664452603572854,37
VTRS,0.05083125013376333,81
VTS,0.06709407060924814,83
VTSI,-0.07926939588643056,35
VTVT,-0.0862075063506862,33
VUZI,0.15923012307636555,91
VVOS,-0.5587802300460749,1
VVR,-0.004770882467186877,61
VVV,-0.19836698831960947,13
VVX,-0.05431817815325078,43
VWAV,-0.8375164948758399,0
VYGR,-0.19893943505294884,13
VYX,-0.17720086249589798,15
VZ,-0.032122791653684035,51
VZLA,0.10362055619819358,87
W,-0.00887868863933966,60
WAB,-0.024098053701429638,54
WABC,0.032764436886959826,77
WAFD,-0.1426155039536104,20
WAFDP,-0.02481313083328354,54
WAFU,0.04074130653296503,79
WAL,-0.04259560564245661,48
WALD,-0.29796178045070243,6
WASH,-0.002217794415867381,62
WAT,0.09376117208425172,86
WATR,-0.5167345371223151,2
WATT,0.05413112478331042,81
WAVE,-0.1681626902075571,16
WAY,0.07199544703967853,84
WB,-0.1138790799464581,26
WBD,0.12901034019546942,89
WBI,-0.05549907687076802,43
WBTN,0.0740910745792911,84
WBUY,-0.03188798600069544,51
WBX,-0.11623381366908411,25
WCC,0.07504037331733092,84
WCCB,0.15430357129141162,90
WCN,-0.07260254014641203,38
WCT,7.3278257344126025,99
WD,-0.16032521690219453,17
WDAY,0.15754860170800045,90
WDC,-0.06111807285056354,41
WDFC,-0.11861013256333963,24
WDH,-0.01869523474873175,56
WDI,-0.0679000767226081,39
WDS,0.037535032711852656,78
WEA,-0.04401978188685555,47
WEAV,0.0710758095384855,84
WEC,-0.08579441407339594,33
WELL,-0.030720044369123352,52
WEN,-0.20689063920929715,12
WENN,0.005402071380507878,68
WENNU,0.017023068508855443,73
WERN,-0.16528446064355123,17
WES,-0.01741578547396651,56
WEST,-0.03586355730741229,50
WETH,-0.11439038387381889,25
WETO,-0.82997159167914,0
WEX,-0.00030075187559762406,63
WEYS,0.13988791997878447,89
WF,0.1759883921831285,91
WFC,-0.026068171606405042,53
WFCF,-0.14598352060233588,19
WFF,0.15413149621821107,90
WFG,0.053729583811994636,81
WFRD,-0.003964866060023231,61
WGO,-0.1218983715805241,24
WGS,0.17135483010411234,91
WH,-0.1012923907091467,29
WHD,0.09652034308865001,86
WHF,0.07608516307602838,84
WHG,-0.03264814165357766,51
WHLR,-0.7818574329118795,0
WHLRD,0.020443108989151026,74
WHLRP,-0.037862576294311015,49
WHR,-0.19508933159615482,13
WHWK,-0.12893737587594567,22
WIA,-0.03315973876856747,51
WIMI,-0.3949073153173459,4
WINA,-0.17243144106313987,15
WING,-0.2184981241186711,11
WIT,-0.14434230720567223,20
WIW,-0.03858836842076988,49
WIX,0.16108904141119362,91
WK,0.10840487109477195,87
WKC,-0.025052766860953014,54
WKEY,-0.0751671527796321,37
WKHS,-0.04296224160562838,47
WKSP,-0.2658106053804374,8
WLDN,-0.008864308291332612,60
WLDS,-0.404334738095294,3
WLFC,-0.1272680964181882,23
WLII,0.0006902928291043775,64
WLIIU,1.0979960219348198e-05,64
WLK,-0.08478312556712314,34
WLKP,-0.006709560083740041,60
WLTH,0.09906448682032978,87
WLY,-0.09094091379740907,32
WLYB,-0.07544750797108493,37
WM,-0.0859531093605376,33
WMB,-0.0538606184043989,44
WMG,-0.026118571120366654,53
WMK,-0.02806425254859931,53
WMS,-0.08042393682015095,35
WMT,-0.008334015947925155,60
WNC,0.0010793998907567045,64
WNEB,-0.012965118949615806,58
WNW,-0.035862619443977395,50
WOK,-0.09207046373871294,32
WOLF,0.00984689850052868,71
WOOF,-0.18293629906527625,14
WOR,0.08822148486344333,86
WPAC,0.00439987962778301,67
WPC,-0.09205293911646094,32
WPM,0.10238770173718473,87
WPP,0.19082654457541304,92
WPRT,0.05917631758919172,82
WRAP,-0.03201292900488219,51
WRB,-0.061442438661226,41
WRBY,0.01502379989577738,73
WRD,-0.045515771298987644,47
WRLD,-0.11707145680550299,25
WRN,0.0017831399595770424,65
WS,0.012811153124163652,72
WSBC,-0.037801379993398575,49
WSBCO,0.003160581182838085,66
WSBF,-0.0155737673256114,57
WSBK,-0.022387974261082112,55
WSC,-0.23409637735287978,9
WSFS,-0.018058240384157487,56
WSHP,0.007927157293776424,70
WSM,-0.02270473960525322,55
WSO,-0.08073187922726249,35
WST,0.07061004286287101,83
WSTN,0.0014866363394431814,65
WSTNU,0.006626665899341333,69
WT,0.1511666747370619,90
WTBA,0.04956532659314383,80
WTF,-0.08185852488141718,35
WTFC,-0.06800498714273029,39
WTFCN,-0.003847099371409501,61
WTG,0.007937411985290166,70
WTGUU,0.022897592120539545,75
WTI,0.08027155735739973,85
WTM,-0.054588820715514505,43
WTRG,-0.014689199982668568,57
WTS,-0.01633755278690695,57
WTTR,0.050165287059793416,80
WTW,-0.07030374950909699,38
WU,-0.1570816139264281,18
WULF,-0.10902530406120717,27
WVE,-0.3164195165298147,5
WVVI,-0.17616436769847454,15
WVVIP,-0.008400564918869834,60
WW,-0.09966543789049637,30
WWD,-0.12777587648260014,23
WWR,0.0430643827150156,79
WWW,-0.027621593589449777,53
WXM,-0.03142085896757825,51
WY,-0.17494538585852737,15
WYFI,-0.15660379689112783,18
WYHG,-0.008482584916233327,60
WYNN,-0.1742922660704144,15
WYY,-0.4821921099615083,2
XAIR,-0.49911051743178514,2
XBIO,-0.241305464075567,9
XBIT,-0.05725274162412499,42
XBP,0.1309743891354779,89
XCBE,0.003920346723175117,66
XCBEU,0.01889574684614692,74
XCH,-0.463230440077806,3
XCUR,-0.20386150447835755,12
XEL,-0.11318730539992858,26
XELB,-0.3142425217693979,5
XENE,-0.41613715614915947,3
XERS,0.09217526409473906,86
XFLH,0.0026042053340141315,65
XFLT,0.04852315151780928,80
XFOR,-0.25956650501093764,8
XGN,0.5370997683477423,97
XHG,0.5406899840454137,97
XHR,-0.10363715144305222,28
XIFR,-0.10559823675618404,28
XLAB,-0.6127531726448965,1
XLO,-0.004380044621173617,61
XMAX,-0.015378837349436725,57
XMTR,0.14759103530311649,90
XNCR,0.09224009350655807,86
XNDU,-0.5191205013994629,2
XNET,-0.02722360215066072,53
XOM,0.06117513531441334,82
XOS,-0.06912235490233555,39
XP,0.1963589142529914,92
XPEL,-0.09876189209683361,30
XPER,-0.19156244614527573,13
XPEV,-0.16161258806302228,17
XPL,-0.17934590925435648,15
XPO,-0.12444559008357987,23
XPOF,-0.3692431659182311,4
XPON,-0.18196372555978743,14
XPRO,0.011657948195206536,71
XRAY,-0.19019329951385974,13
XRN,-0.032396223540582914,51
XRPN,0.0083908666090599,70
XRPNU,0.03352197235482257,77
XRTX,-0.21737113761279941,11
XRX,0.12142762542566271,88
XSLL,0.0032272082568157055,66
XSLLU,0.00399305969663577,67
XTIA,-0.33281979911955534,5
XTLB,-0.16422972377699024,17
XTNT,0.03981866148518648,78
XWEL,-0.1327897507384876,22
XXI,0.2293354013208976,93
XXII,-0.6346236094858546,1
XYF,0.08574438994929404,85
XYL,-0.12160075773089965,24
XYZ,-0.06790611740422421,39
XZO,-0.07500221663375223,37
YAAS,0.1436195320286483,90
YALA,-0.007803840354070968,60
YARW,-0.12535560348501823,23
YB,-0.0841764635499542,34
YCBD,-0.13452373281528604,21
YCY,0.005923467614465316,69
YDDL,-0.17211837397499216,16
YDES,0.8951891460479958,98
YDKG,-0.0698353602676725,39
YELP,-0.25397619273352057,8
YETI,-0.08435786722086439,34
YEXT,0.13389391474396634,89
YFOR,-0.08478418912706073,34
YHC,-0.3253339375123746,5
YHGJ,-0.16762398399849146,16
YHNA,0.009066386178480147,70
YHNAU,-0.004969435515263465,61
YI,-0.06882829368143208,39
YIBO,-0.040328511717520124,48
YJ,0.01597869538212273,73
YMAT,-0.2058048329669347,12
YMM,-0.06389289578774737,40
YMT,-0.572796594402139,1
YORW,-0.052755705293624514,44
YOU,-0.18550221103517994,14
YOUL,0.08002289285005129,85
YPF,0.061675039374824395,82
YQ,0.7285430546052444,98
YRD,-0.08643931724127984,33
YSG,-0.1871198037869835,14
YSS,-0.2418155494345357,9
YSXT,0.3333602286351631,96
YTRA,0.04858116249465597,80
YUM,-0.09253723653900721,31
YUMC,-0.10078453457186398,29
YXT,-0.22957751278302824,10
YYAI,-0.574159539215572,1
Z,-0.15746604292440558,18
ZBAO,-0.5409868752089967,2
ZBH,-0.07017875624946693,38
ZBIO,-0.13342446131656974,22
ZBRA,0.1987418656411017,92
ZCMD,0.00019814721721981773,64
ZD,0.05254007006149715,81
ZDAI,-0.09073530118940319,32
ZDGE,0.011766258387814487,72
ZENA,-0.09138000811391961,32
ZEO,-0.05653529380702112,43
ZEPP,-0.15735177304470388,18
ZETA,0.23554389091420208,94
ZG,-0.14490613753970139,20
ZGN,-0.08565902290773932,33
ZH,0.20377031756378627,93
ZIM,0.1206837478119679,88
ZION,-0.06968296376476744,39
ZIONP,-0.020377402192606017,56
ZIP,-0.16803061864535732,16
ZJK,0.010299847522978653,71
ZJYL,-0.19024204660453603,13
ZKH,0.032037998834222446,77
ZKIN,0.9330392958730835,98
ZKP,0.0036100163186839175,66
ZKPU,0.0067952378282437826,69
ZLAB,0.15985692964443426,91
ZM,-0.02028924911573817,56
ZNB,-0.42551763150131805,3
ZNTL,-0.3439682487072039,5
ZONE,-0.46441358032017677,3
ZOOZ,0.34282575053747644,96
ZS,0.24063511907342558,94
ZSQR,-0.2705699219811002,7
ZSTK,0.49567531467080495,97
ZTG,-0.01743552737518958,56
ZTO,-0.1206701722766972,24
ZTR,-0.10324875815847903,28
ZTS,-0.07867995564448084,36
ZUMZ,-0.2991257955181094,6
ZURA,-0.2929706745073974,6
ZVIA,-0.10666105156353385,27
ZVRA,-0.0261084360127372,53
ZWS,-0.05784320383933374,42
ZYBT,0.016977126845125312,73
ZYME,0.023989546890870416,75
