ticker,raw_score,rs_percentile
A,0.13631729670793657,89
AA,-0.12307336137662139,22
AACG,-0.13429444780931388,20
AACI,0.003308722991558888,64
AACIU,0.0011904845252149522,62
AACOU,-0.0030512873606305386,60
AAL,-0.08058670573376002,32
AAME,-0.054635862452833896,41
AAMI,0.08976107181862926,85
AAOI,-0.09027066986068505,30
AAON,-0.12379402294689389,22
AAP,-0.135909226654855,20
AAPG,-0.11671548932953499,23
AAPL,0.07703367579811711,83
AARD,-0.06845835754087075,36
AAT,-0.07279919139248843,35
AAUC,-0.02783112500429008,50
AB,-0.005496189217187952,59
ABAT,-0.08396023511518239,31
ABBV,0.03719272692560027,77
ABCB,-0.06664688682299408,37
ABCL,0.6323508967850391,98
ABEO,-0.0925889946958142,29
ABEV,-0.020880709303992818,53
ABG,-0.15032379401689913,17
ABLV,0.057198454236753175,80
ABM,0.07346471886956928,83
ABNB,-0.059048264837309086,39
ABOS,-0.1253349111931544,22
ABR,-0.1677760773061199,15
ABSI,0.1355000196375717,89
ABT,-0.017949175849791194,54
ABTC,0.28315516554352277,95
ABTS,-0.007417229446230456,58
ABUS,0.008931940830829575,69
ABVC,0.09949523250355938,86
ABVX,-0.18399638538033208,13
ABX,-0.19939610369931035,11
ACA,0.010644966026654523,69
ACAAU,0.010146957993128725,69
ACAD,-0.03668949914660767,47
ACB,0.30230524343468723,95
ACCL,0.13560758268288514,89
ACCO,0.05475859572025865,80
ACCS,-0.14071689419654218,19
ACDC,-0.059581879014947256,39
ACEL,-0.09260546326665066,29
ACET,-0.027247252946537112,51
ACFN,0.10758739914632409,87
ACGL,-0.03299030142238997,49
ACGLN,-0.030281229454176238,50
ACGLO,-0.0017825688062871325,60
ACH,-0.5676917100888709,1
ACHC,-0.003758636768664711,59
ACHR,0.055604061118490575,80
ACHV,0.18327544621273018,91
ACI,-0.045255486941909395,44
ACIC,-0.0638464111371131,38
ACIU,0.09796924803301937,86
ACIW,-0.03673413104963345,47
ACLS,-0.1444603634493548,18
ACM,-0.07454083643711634,34
ACMR,-0.055589092867097,41
ACN,0.18453897615826437,91
ACNB,0.010032067838397517,69
ACNT,0.0004769304922335304,62
ACOG,0.03737725027455603,77
ACON,0.1058956314629436,86
ACP,-0.09394495198674019,28
ACR,-0.26288888060163895,8
ACRE,-0.08573095390082834,31
ACRS,-0.08792620041590135,30
ACRV,0.08888393681068171,85
ACT,0.020012889416743875,72
ACTG,-0.06016901672684036,39
ACTU,-0.4616703842571847,2
ACU,0.14679275358042296,90
ACV,-0.056115260659752475,41
ACVA,0.4411639372085003,97
ACXP,-0.057607592380254716,40
AD,-0.01909350479486278,54
ADAC,0.005277412799852676,66
ADACU,0.002249778478917985,63
ADAG,-0.21695907481598864,10
ADAM,-0.06418234568499485,37
ADAML,0.02059885722219159,72
ADAMM,0.020540979472754482,72
ADAMN,0.012823666090190556,70
ADAMZ,-0.02898032214039212,50
ADBE,0.0012595329763708113,62
ADC,-0.10758293664002666,25
ADCT,0.20692810551168875,92
ADEA,-0.06626908920160243,37
ADGM,-0.6167950383418838,1
ADI,0.01249536136250997,70
ADIL,0.09386038879803432,85
ADM,0.01675426216207815,71
ADMA,0.06380152605133999,81
ADNT,-0.11196631444566904,24
ADP,0.04097585783769932,78
ADPT,0.23532379954183355,94
ADSE,-0.046416744976516,44
ADSK,-0.024818993609270836,51
ADT,-0.09119240647036236,29
ADTN,-0.2340509501375117,9
ADUR,-0.15322897518821624,17
ADUS,0.022945793323528453,73
ADV,-0.046108320323708867,44
ADVB,-0.2516856201376883,8
ADX,0.018743347253680633,72
ADXN,-0.3679621132849698,4
AEAQ,0.005392221801792996,66
AEAQU,-0.017620315636806085,54
AEBI,-0.08143420641500543,32
AEC,-0.200057137190497,11
AEE,-0.08087930405380839,32
AEF,0.06562336671489452,82
AEG,0.008858054662527993,68
AEHL,-0.029564545624767832,50
AEHR,-0.001101887079193833,61
AEI,-0.39899402813121165,3
AEIS,-0.09174300358009363,29
AEM,0.1052493065541482,86
AEMD,1.2175340848579985,99
AENT,-0.133753288114846,20
AEO,-0.04716647057094407,44
AEON,0.05841621483070314,81
AEP,-0.06682159159651499,37
AER,-0.013860307417533236,56
AERO,0.07464118747538545,83
AERT,0.03376529009219653,76
AES,0.008456226116168142,68
AESI,-0.1373057860991794,19
AEVA,-0.17101136630153918,14
AEXA,-0.031171340308810372,49
AEYE,0.10521753350396987,86
AFB,-0.09500308431891694,28
AFCG,0.15577062245392506,90
AFG,-0.012343827648655225,56
AFJK,-0.1320932540952847,20
AFJKU,-0.11719559128208382,23
AFL,-0.02921501857574369,50
AFRI,0.029736787576448865,75
AFRM,-0.08158708033531784,32
AFYA,-0.04095680810510969,46
AG,0.04537676263340099,78
AGBK,-0.09195521774701507,29
AGCC,-0.036217734460059256,48
AGCO,0.10130472601311763,86
AGD,-0.010889266456992619,57
AGEN,0.47349889700040354,97
AGI,0.0321711491617771,75
AGIG,0.30339971475975147,95
AGIO,-0.008528325416632988,57
AGL,-0.15786642742032198,16
AGM,0.045550067227062764,78
AGMB,-0.16406952039546457,15
AGMH,-0.26969790986036185,7
AGNC,-0.06138751715591108,39
AGNCL,0.022897000288238024,73
AGNCM,0.0068317749527527895,67
AGNCN,0.005870433485280579,66
AGNCO,0.005772852497270109,66
AGNCP,0.006833611013885932,67
AGNCZ,-0.005875779449149743,59
AGNT,-0.18477878713644205,13
AGO,-0.11204486869230665,24
AGPU,0.3803365766863219,97
AGRO,0.023881867142906948,73
AGRZ,-0.21528027586621995,10
AGX,-0.3386153204750963,5
AGYS,-0.0016717032731940126,60
AHCO,-0.2129337867805401,10
AHG,-0.3156433785012436,5
AHMA,-0.17499278964237855,14
AHR,-0.049240026027057154,43
AHRT,-0.11798649035107378,23
AHT,-0.2205538969987053,10
AI,0.15131919801309862,90
AIB,-0.0980647060167972,27
AIDX,-0.2196417858416659,10
AIFA,0.38292487001488235,97
AIFC,-0.07529361338966041,34
AIFF,0.021616248662649083,73
AIFU,-0.59025259358547,1
AIG,-0.00941381149208974,57
AII,0.1878931534204336,92
AIIA,0.004497720564831398,65
AIIO,-0.4769625059958715,2
AIIR,0.08699301212673217,85
AIM,-0.22748719342910131,9
AIMD,-0.08427462836878344,31
AIN,-0.0643404539962617,37
AIO,-0.03456098706751047,48
AIOS,0.042747816594818,78
AIOT,-0.14282547373692586,18
AIP,-0.15861922438192666,16
AIR,-0.09951524484026236,27
AIRE,-0.16771784258610367,15
AIRG,-0.08976930672439984,30
AIRI,0.006412523287996932,67
AIRJ,-0.14580496751701913,18
AIRO,-0.09014845498356702,30
AIRS,-0.3731683193852798,4
AIRT,0.08659456922976908,84
AIRTP,0.006341756217966399,67
AISP,-0.12071353226882243,23
AIT,-0.018922775975014804,54
AIV,-0.17946771799670766,13
AIXC,0.6451890038052339,98
AIXI,1.7162824321899506,99
AIZ,-0.033295111794583054,49
AJG,-0.06499370738428156,37
AKA,0.03592779235714767,76
AKAM,0.036664926161187196,76
AKAN,-0.4207476125620235,3
AKBA,-0.07677796921946148,33
AKR,-0.10725546906251544,25
AKTS,-0.1979441450637452,11
AKTX,0.09076719629264193,85
ALAB,0.20054236815438592,92
ALAR,-0.14175995006899944,19
ALB,-0.15863291784235634,16
ALC,-0.06628734690753867,37
ALCO,-0.016307839455952402,55
ALDF,0.007459252376765191,68
ALDFU,0.007580076797961155,68
ALDX,-0.16096733402364743,16
ALEC,0.055442539690636825,80
ALF,0.006087610522649278,67
ALFUU,-0.0051351493926469535,59
ALG,0.007426420284504021,68
ALGM,-0.19074097322684044,12
ALGN,-0.10414086341626749,26
ALGS,-0.030743939084290826,49
ALGT,-0.13348030211495535,20
ALH,-0.13964672879872705,19
ALHC,-0.5135370393736101,2
ALIS,0.01542645027258822,71
ALISU,-0.00018518942046714671,61
ALIT,-0.1139600740213517,24
ALK,-0.08129036106648965,32
ALKS,-0.15024955426809794,17
ALKT,-0.17874396685649963,13
ALL,-0.09082613453020148,29
ALLE,0.016689541805534648,71
ALLO,-0.16385109442965506,15
ALLR,-0.22048938419146424,10
ALLT,0.13433177871771632,89
ALLY,-0.11383015988451198,24
ALM,-0.19418584512237877,12
ALMS,-0.7065110188540377,0
ALMU,-0.18522965722292137,13
ALNT,0.21403900543237675,93
ALNY,-0.03195469881802647,49
ALOV,0.007030198580138203,67
ALOVU,-7.097344502986517e-05,61
ALOY,-0.13483900066377535,20
ALRM,0.028441780875529576,74
ALRS,-0.008324159738684077,58
ALSN,-0.08564914099690267,31
ALT,0.0746203228545667,83
ALTG,-0.08271327297285154,32
ALTI,-0.15229982310725015,17
ALTO,-0.2030617508521752,11
ALUB,0.0023056452889499315,63
ALV,-0.034560612169353286,48
ALVO,0.5179234641832935,97
ALX,-0.0702793738405949,36
ALXO,-0.2543435719079113,8
ALZN,0.3669113781665621,96
AM,-0.040963079050884824,46
AMAL,-0.028477719985136877,50
AMAT,-0.08319884404465058,31
AMBA,-0.047289326636857004,44
AMBO,-0.0026202781487458353,60
AMBP,-0.08913693520235755,30
AMBQ,0.0363210844801545,76
AMBR,0.6457369461178502,98
AMC,0.20374827753583039,92
AMCI,-0.414240263338957,3
AMCR,-0.032962463542368925,49
AMCX,0.09638284763097643,86
AMD,0.26257253766138766,94
AME,0.03308046911735574,76
AMG,0.038975901103972775,77
AMGN,0.027437508262941432,74
AMH,-0.06925030530972635,36
AMIX,-0.1756637348620809,14
AMKR,-0.10008553563685071,27
AMLX,0.2917109253759412,95
AMN,0.016733415436953655,71
AMOD,-0.5996814256072622,1
AMP,-0.040188399150492105,46
AMPG,-0.2641722819503765,7
AMPH,0.23020480440917473,93
AMPL,0.44316612618493456,97
AMPX,-0.09712748690256234,28
AMPY,-0.038672244874981665,47
AMR,0.02387257912703744,73
AMRC,-0.015418156257578933,55
AMRN,-0.038660651885490144,47
AMRX,0.0944000011082784,85
AMRZ,-0.20552350135810757,11
AMS,-0.018392791277345055,54
AMSC,-0.005945016198075241,59
AMSF,-0.12444555934355522,22
AMST,-0.0022168698875468934,60
AMT,-0.012697033527253977,56
AMTB,0.07104625961475902,82
AMTD,-0.12547178664197328,21
AMTM,-0.08469151121614946,31
AMTX,-0.02184357856494016,53
AMWL,0.24017546600846884,94
AMX,-0.10780209422483339,25
AMZE,-0.5351299193117676,1
AMZN,0.010563919239810381,69
AN,-0.17311737271074545,14
ANAB,-0.11211913763422915,24
ANDE,-0.05557846658097789,41
ANDG,0.19892705828449614,92
ANET,0.13579286438986615,89
ANF,0.35717079858319817,96
ANGH,0.07652219795573452,83
ANGI,0.0018414374145788847,63
ANGO,0.08935432579396732,85
ANGX,0.22701306771799876,93
ANIK,0.16399870190668758,90
ANIP,-0.04228849347170903,45
ANIX,-0.2101046947117402,11
ANL,0.22940033024790735,93
ANNA,-0.08438184008069426,31
ANNX,-0.25269573113111427,8
ANPA,-0.5010738134837914,2
ANRO,-0.06658799055054637,37
ANTA,-0.26767822374370354,7
ANTX,-0.0958492661592091,28
ANVS,-0.2874076254477793,6
AOD,0.0039645947274613135,65
AOMR,-0.08788319905600292,30
AON,-0.18951752720547305,12
AORT,-0.07109563096203575,35
AOS,-0.04712699985413418,44
AOSL,-0.10615227369409294,26
AOUT,0.446064189427917,97
AP,-0.05749366497783229,40
APA,0.12074315104672848,88
APAC,0.006779316775666055,67
APACU,0.0036748750147738373,64
APAM,-0.0908238391903654,29
APC,-0.10296909487246639,26
APD,-0.03271077395412648,49
APEI,-0.12891342921189616,21
APG,-0.0718541606576909,35
APH,0.04549109100590214,78
API,0.03377912660922185,76
APLD,-0.06350817508690022,38
APLE,-0.0407041334565031,46
APLM,0.08611511906633339,84
APO,-0.025318217592859484,51
APOG,-0.0995338718221214,27
APP,-0.11237992412966116,24
APPF,0.13880420692936968,89
APPN,0.3843014837722337,97
APPS,0.21119608779680593,93
APRE,0.16862071277313712,91
APT,0.00030197644290351705,62
APTV,-0.14357152354272806,18
APUS,-0.6067623549604931,1
APVO,-0.4359983189384447,3
APWC,-0.1524711530593443,17
APXT,0.002977229540970172,64
APXTU,0.0014756484765954814,63
APYX,-0.15156521216106694,17
AQB,-0.06756970625370923,36
AQMS,-0.11168773318682663,24
AQN,-0.1295978727187167,21
AQST,0.06517584555054763,82
AR,-0.018730543188524105,54
ARAI,-0.1619891847653161,15
ARAY,-0.162391760558603,15
ARBB,-0.054380298166928784,41
ARBE,-0.05656348824740804,40
ARBK,-0.20854518351194812,11
ARCB,-0.09973472469651276,27
ARCC,0.02839448623061085,74
ARCI,0.0010276936315349317,62
ARCIU,-0.003210020916797651,60
ARCO,-0.07473070251280664,34
ARCT,0.5592492154566755,98
ARDC,-0.03983047575679946,46
ARDT,0.022218718233318224,73
ARDX,-0.23656910692865574,9
ARE,-0.0011761115569236427,61
AREC,-0.14157864402981105,19
ARES,-0.058482961592827794,39
ARGX,-0.01663825333481952,55
ARHS,0.11259700517641431,87
ARI,-0.09239437150963821,29
ARIS,0.08091792128451106,84
ARKO,-0.28426020694306653,6
ARKR,-0.17898158943013862,13
ARL,-0.058392277204309374,40
ARLO,0.061699968703922387,81
ARLP,0.015897907298012694,71
ARM,0.2653104546326345,95
ARMK,-0.03146190111131499,49
ARMP,-0.33009018109232724,5
AROC,-0.11355348025225681,24
AROW,-0.04753380617447839,44
ARQ,-0.09066808536571172,29
ARQQ,0.05684815072321667,80
ARQT,0.01632638815422335,71
ARR,-0.08473190090209293,31
ARRY,-0.2848979807058053,6
ARTCU,-0.0017457053687849776,60
ARTL,-0.031651766013979094,49
ARTNA,-0.015313084659348353,55
ARTV,-0.2606647269527504,8
ARTW,0.2253501595500238,93
ARVN,-0.1005081621820652,27
ARW,0.05542599143362364,80
ARWR,-0.2165669561750332,10
ARX,0.2333283925736836,93
AS,-0.19068470107019364,12
ASA,-0.006308585751467101,58
ASAN,0.21063700849170555,93
ASB,-0.05127728271039173,42
ASBP,0.1392028399506231,89
ASC,0.040588902117077816,77
ASG,-0.02365833886560781,52
ASGI,-0.18760379274603287,12
ASH,0.0075551229067759035,68
ASIC,0.10742987587187425,87
ASIX,-0.11233422544863272,24
ASLE,-0.0709884775426256,36
ASM,-0.06799630630282195,36
ASMB,-0.18738473626384194,13
ASML,-0.01832171756588815,54
ASND,-0.10755887007007044,25
ASO,0.03250200750545178,75
ASPC,-0.060799766307500946,39
ASPCU,0.07906115654101456,84
ASPI,-0.31520689907018573,5
ASPN,0.07103747173663767,82
ASPS,-0.05736350455541138,40
ASR,-0.11589762753952113,23
ASRV,0.05783094203228344,80
ASST,0.953579119849029,98
ASTC,-0.08557133587746943,31
ASTE,-0.15700921591974795,16
ASTH,-0.1456308372801115,18
ASTI,-0.1438048901464232,18
ASTL,-0.020877721262086556,53
ASTS,-0.02244185749170574,52
ASUR,-0.02880262427285997,50
ASX,0.1587424676597581,90
ASYS,-0.05251570246515907,42
ATAT,-0.031131040634939766,49
ATCH,0.04063861381754404,78
ATEC,0.1315126956295443,88
ATEN,-0.09750018074199074,27
ATER,0.17394097597206937,91
ATEX,-0.08881628339153706,30
ATGL,-0.3275913583897319,5
ATHE,-0.24969031450581256,8
ATHM,0.02231970572025105,73
ATHR,-0.004850841157270403,59
ATI,-0.09410199730440919,28
ATII,-0.005011018949076062,59
ATIIU,-0.012005140568317542,56
ATKR,0.13811641606626815,89
ATLC,-0.0617318507470819,38
ATLCP,0.008619050863578294,68
ATLO,0.011811172106291599,70
ATLX,-0.14423867854779965,18
ATMU,-0.11450517079485784,24
ATNI,0.06402263648375137,81
ATNM,0.16504253572333288,90
ATO,-0.08037591387649101,32
ATOM,-0.15728690264000883,16
ATOS,-0.053630510422348336,42
ATPC,-0.14326159057908064,18
ATR,-0.03861587362219111,47
ATRA,-0.09103713084587,29
ATRC,0.5788370830492677,98
ATRO,-0.09744725705866314,27
ATS,-0.15537473556733541,16
ATTT,0.03252504112534428,75
ATXG,-0.1063669528769227,26
ATYR,-0.26092558410438077,8
AU,0.024555719774248065,74
AUB,-0.06945465782034105,36
AUBN,0.007647800247246894,68
AUC,0.254779606277068,94
AUDC,0.10497787253017313,86
AUGO,0.23803959396127544,94
AUID,-0.32065430396881495,5
AUNA,0.008897985404711085,68
AUPH,-0.001227670171012274,61
AUR,0.07690502222517347,83
AURA,-0.19175926414566308,12
AURE,-0.3855781177366792,4
AUST,-0.059354671593587045,39
AUTL,0.024372515635868633,74
AUUD,0.21890528718830832,93
AVA,-0.09633800612651582,28
AVAH,0.22047057406437887,93
AVAL,-0.040095050370282756,46
AVAT,3.790296222781569,99
AVAV,-0.009426610313333526,57
AVBC,0.0317506280133094,75
AVBH,-0.03159419863673643,49
AVBP,-0.011924841800712151,56
AVD,-0.15939043615457685,16
AVGO,-0.038836276817183005,47
AVIR,0.055375871532105846,80
AVK,-0.04783122673165193,43
AVNT,0.03000495409516218,75
AVNW,-0.03825171907303053,47
AVO,0.006495423855349746,67
AVPT,0.07801500726158857,83
AVR,-0.14835389738762866,18
AVT,0.13837168586448007,89
AVTR,0.213549075063551,93
AVTX,-0.18415405874111493,13
AVX,0.12186756927259992,88
AVXL,-0.17090097434146526,14
AVY,0.028368151790358332,74
AWF,-0.022256619804208747,52
AWI,-0.016981864481328955,54
AWK,0.00196101769388133,63
AWP,-0.07500544964377068,34
AWR,-0.030208764422692144,50
AWRE,-0.048453039237516066,43
AWX,-5.499063345281146e-05,61
AX,-0.07908286292355343,33
AXG,-0.39671453986244276,3
AXGN,-0.04926125189476278,43
AXIL,0.037932328276628825,77
AXIN,0.0036891456577884617,64
AXINU,-0.016421495915245554,55
AXON,-0.15815845052613065,16
AXP,-0.10559578185580851,26
AXR,-0.058043245208600824,40
AXS,-0.08682259416469582,30
AXSM,-0.13428464053251435,20
AXTA,-0.05216336734291286,42
AXTI,0.229610505503761,93
AYA,0.2626255652985074,94
AYI,-0.06810828411635032,36
AYTU,0.00034598965209822015,62
AZ,-0.054973748837032724,41
AZI,-0.06980684007832261,36
AZIO,-0.04084565430097105,46
AZN,-0.03633495339233588,47
AZO,-0.040933752781878954,46
AZTA,0.12424385771742451,88
AZTR,0.10666660113760151,86
AZZ,-0.06097917532683224,39
B,0.021619839261782257,73
BA,-0.05719983115644497,40
BABA,-0.013911763771680515,56
BAC,-0.0813589592907779,32
BACC,-0.00017443058239403615,61
BACCU,-0.02441715409925571,52
BAER,-0.3978696474638314,3
BAFN,0.35713373652740826,96
BAH,0.07671604137854585,83
BAK,-0.3223171103230871,5
BALL,-0.056469747208568434,40
BALY,0.023509590683709253,73
BAM,-0.06852602522978905,36
BANC,-0.09737322277458937,28
BAND,0.1484255338606837,90
BANF,-0.055097020963293705,41
BANL,-0.2533500322538797,8
BANR,-0.01794837451522183,54
BANX,0.052428032724893006,79
BAOS,-0.6541439088981178,1
BAP,0.015724121194923446,71
BARK,-0.13647337685426303,20
BATL,-0.1974430654416541,11
BATRA,0.04034343229800554,77
BATRK,0.039930012066667395,77
BAX,0.005214875800714103,66
BB,0.03652337514923199,76
BBAI,-0.06740001103620831,37
BBAR,-0.16003884080756484,16
BBCP,-0.02661523691694585,51
BBD,0.04757845794963217,79
BBDC,0.022166614656232042,73
BBDO,0.0007477430189362783,62
BBGI,-0.21763264607860766,10
BBIO,-0.16767406921707986,15
BBLG,-0.38195777504791606,4
BBN,-0.06194240054058277,38
BBNX,0.3197765341332599,96
BBOT,-0.5168725309226868,2
BBSI,-0.074297070705163,34
BBT,-0.0905631433546589,29
BBUC,-0.15008488852602936,17
BBVA,0.04487583159815653,78
BBW,-0.27447389482843043,7
BBWI,-0.12976338184876712,21
BBY,0.1043346320070899,86
BC,-0.17529156697080495,14
BCAL,0.032476547152020106,75
BCAT,-0.08570003887000613,31
BCAX,-0.18594429489263914,13
BCBP,-0.08103584296336466,32
BCC,-0.003916639213585902,59
BCDA,0.07595577242145932,83
BCE,-0.03813090477199821,47
BCG,-0.1745281119231924,14
BCH,0.01724086483510852,71
BCHT,0.1591968267115668,90
BCIC,-0.006357178265560471,58
BCML,-0.04476714861548927,44
BCO,-0.05079804912307492,43
BCPC,-0.019825770307456914,53
BCRX,-0.09311202185960317,29
BCS,-0.09911481229787811,27
BCSF,-0.057538723073175854,40
BCSS,0.005206137131301225,66
BCTX,0.08424355191814442,84
BCV,-0.010949111173362025,57
BCX,0.0024792609116264692,63
BCYC,-0.14848530413151287,17
BDC,-0.008523097684039397,57
BDCI,0.0055555628551823945,66
BDCIU,0.008631553648318514,68
BDJ,0.0037285410040217805,64
BDL,-0.007787876737195697,58
BDMD,-0.272227819852703,7
BDN,-0.04655250240369971,44
BDRX,-0.5348470049212677,2
BDSX,0.2493676597980845,94
BDTX,-0.024328320569914838,52
BDX,0.0933156805841262,85
BE,0.2896686056438226,95
BEAG,-0.0007941261534380683,61
BEAGU,0.017814404558588938,72
BEAM,-0.16158149607129899,16
BEAT,-0.2571133139653411,8
BEBE,0.00601302830218553,66
BEEM,-0.08850613340854749,30
BEEP,0.3208157840686392,96
BEKE,-0.0006259067595136177,61
BELFA,-0.10824368660896197,25
BELFB,-0.0600116615084436,39
BEN,-0.02386403040225149,52
BENF,0.07699295216917842,83
BEP,-0.11748628156073332,23
BEPC,-0.13509105537973032,20
BESS,-0.1896921435318662,12
BETA,0.19615412001833948,92
BETR,-0.2174454391101277,10
BFAM,-0.07319251383886255,35
BFC,-0.0063281455721955196,58
BFH,-0.051240209887240894,42
BFLY,0.17022759692995135,91
BFRG,0.6265749048980345,98
BFRI,-0.07167178188777282,35
BFS,-0.14017071271634002,19
BFST,-0.0062539820072090805,58
BG,-0.029635774128063848,50
BGB,0.004647069431978057,65
BGC,0.01734034179960053,71
BGDE,-0.14299690306608526,18
BGH,-0.028010551556901474,50
BGIN,-0.09270729665266772,29
BGL,-0.05512156537429757,41
BGLC,-0.12988459889320875,21
BGM,-0.10134939136975843,27
BGMS,0.16556399494168694,91
BGR,0.042164923466759596,78
BGS,-0.1578247214191919,16
BGSF,-0.1143515002074804,24
BGSI,-0.13605466505054972,20
BGT,0.004847673679139774,65
BGX,-0.012662186572207768,56
BGY,0.01501311205035143,71
BH,-0.07517104915168712,34
BHAVU,0.038368682544123824,77
BHB,0.02197932728350436,73
BHC,0.06618347848714705,82
BHE,0.052627858394822744,79
BHF,-0.09027946948273192,30
BHFAM,0.07032595740109156,82
BHFAN,0.0729722607346225,83
BHFAO,0.058188443651385535,80
BHFAP,0.06271557364805849,81
BHK,-0.051519965964596716,42
BHM,-0.00816455582470599,58
BHP,-0.030311613984784103,50
BHR,-0.1575905123849992,16
BHRB,-0.01764530805942267,54
BHST,-0.3315752992379827,5
BHV,0.020493381010049896,72
BHVN,-0.041586749643454754,46
BIAF,0.04713930168363917,79
BIDU,-0.10456497077956017,26
BIIB,0.09580733200829314,85
BIII,0.006116892401002061,67
BILI,-0.11452538849930166,24
BILL,0.09843891690411816,86
BIO,0.13807076186452782,89
BIOA,-0.4050796301053503,3
BIOX,-0.006871868805089401,58
BIP,-0.08796473382609676,30
BIPC,-0.10218858268716585,26
BIRD,-0.09286738046077206,29
BIRK,-0.17871028691554736,13
BIT,-0.05165770143532781,42
BIVI,-0.07442674298259824,34
BIXI,0.009894028939172683,69
BIXIU,0.003972743973832127,65
BIYA,-0.23059911872272326,9
BJ,-0.028760500045084493,50
BJDX,-0.11461759810863423,24
BJRI,-0.02392974633516519,52
BKD,-0.13417528552359892,20
BKE,-0.041694990739006656,46
BKH,-0.031069594944286415,49
BKHA,0.005948682568090202,66
BKHAU,0.01821510220073872,72
BKKT,0.05559338945720669,80
BKNG,-0.19714087491630625,12
BKR,-0.024538313550420562,52
BKSY,-0.14065140313995117,19
BKT,-0.06065456682666607,39
BKTI,-0.045530740293544134,44
BKU,-0.07740535492488615,33
BKV,-0.06813346674717412,36
BKYI,-0.3266041890872884,5
BL,-0.03843579495128856,47
BLBD,-0.14826781485400198,18
BLCO,0.03833042214878113,77
BLDP,-0.2182442311560872,10
BLDR,-0.17292319349959667,14
BLFS,0.1810588066998048,91
BLIN,-0.21554469172991036,10
BLIV,0.04001852017709291,77
BLK,-0.020516561469491258,53
BLKB,0.18108475745846997,91
BLLN,0.08768488847202333,85
BLMN,-0.11195659239099306,24
BLND,-0.29863063846969107,6
BLNE,-0.04000902623756426,46
BLNK,-0.0034049161353436608,60
BLRK,0.008881378573129605,68
BLRKU,0.003984661756636754,65
BLRX,-0.11889730261904541,23
BLSH,0.4776789152468442,97
BLTE,0.07991293721924977,84
BLUW,0.0006830209470537252,62
BLUWU,-0.0005697955124776888,61
BLW,-0.055630971919655714,41
BLX,-0.01708748142390036,54
BLZE,0.016667375170144886,71
BLZR,0.006776206233380332,67
BLZRU,0.0037989582079414937,64
BMA,-0.11595524113145614,23
BMBL,-0.041827917771616076,46
BME,0.031206341981837485,75
BMEA,0.02883022005509622,75
BMEZ,0.060064438135980905,81
BMGL,-0.27778600279555116,7
BMHL,-0.05644436792007344,40
BMI,0.03981085494141081,77
BMM,-0.05383939631133042,41
BMN,-0.04194036876999095,45
BMNR,0.48221420262583337,97
BMO,-0.022388249543344493,52
BMR,0.03156449996219943,75
BMRA,0.5965248382455948,98
BMRC,0.018118268363722722,72
BMRN,0.0035747845478531284,64
BMY,-0.022753144534030864,52
BN,-0.11471926765959892,24
BNAI,-0.5276970117527897,2
BNC,1.0935795309917022,98
BNED,-0.04010329502724891,46
BNGO,0.463444979815921,97
BNKK,0.1634920612803884,90
BNL,-0.11641788727799939,23
BNR,0.6748223214914485,98
BNS,0.061811200805535656,81
BNT,-0.12148349121674595,22
BNTC,-0.2249662703784291,9
BNTX,-0.03951966680804078,46
BNY,-0.043253726823073775,45
BOBS,-0.12870514426214194,21
BOC,-0.0406554257656028,46
BODI,-0.3748822016344808,4
BOE,0.01597050091186447,71
BOF,-0.08995823835012137,30
BOH,-0.115728908691136,23
BOKF,-0.06261612093387674,38
BOLD,-0.020879093536272365,53
BOLT,-0.0434841604547513,45
BON,0.04173279860057126,78
BOOM,-0.1113892736857551,24
BOOT,-0.22784712908651436,9
BORR,-0.0006752797315797143,61
BOSC,0.037927493146753255,77
BOTJ,0.006697822940447674,67
BOW,0.08828799873495852,85
BOX,0.10753558370144839,87
BOXL,0.11991664050733783,87
BP,0.05481607943751699,80
BPOP,-0.05352376978880133,42
BPRE,0.0013619298670583188,63
BPRN,0.06921421917399442,82
BPYPN,-0.022660993278089372,52
BPYPO,-0.010529221613312113,57
BPYPP,-0.01795191807226085,54
BQ,-0.08509475878939671,31
BR,0.03428959858155558,76
BRAG,-0.09615745358318256,28
BRAI,-0.023025478402631132,52
BRBI,0.09181554392921225,85
BRBR,-0.23981127764269666,9
BRBS,0.0433439277211193,78
BRC,-0.07853316201066791,33
BRCB,-0.14233820818186135,18
BRCC,-0.12141347017709467,22
BRFH,-0.29733484644434655,6
BRIA,0.021616520216799873,73
BRID,-0.07635765330635022,34
BRKR,0.006320653087424457,67
BRKRP,0.005239797419154247,66
BRLS,-0.0015552347145717906,61
BRLT,0.1930106012619528,92
BRN,-0.027578286030440213,51
BRNX,-0.4556729300226119,2
BRO,-0.08994047183108621,30
BROS,-0.32056146266213625,5
BRSL,-0.0782326417059808,33
BRSP,-0.20457546364395504,11
BRT,-0.058807266860721505,39
BRTX,8.624980269048033,99
BRUN,-0.27586834460027626,7
BRW,-0.03616083769615712,48
BRX,-0.09338664913660438,29
BRZE,0.0508316139787065,79
BSAA,-0.07329055783589955,35
BSAAU,-0.05545049751816621,41
BSAC,0.00546258938856411,66
BSBK,0.0012895516912913238,63
BSBR,0.04353775345860646,78
BSEM,0.039468143874971155,77
BSET,-0.033351323833597915,48
BSIN,0.12662323887774235,88
BSL,0.005966612480615363,66
BSM,0.005642773440548287,66
BSRR,-0.025682539154968563,51
BST,0.08566192568332566,84
BSTZ,0.04952585813883789,79
BSVN,0.1016036135610329,86
BSX,-0.0542166434284565,41
BSY,-0.0004457366744179507,61
BTBD,0.5456234822013818,98
BTBT,0.157103640095351,90
BTCS,0.3164563756420635,95
BTCT,0.10732763294375003,86
BTDR,-0.012321690738579853,56
BTE,0.016269075332054184,71
BTG,0.17364007938887957,91
BTGO,0.421166219017979,97
BTI,-0.03674929329486972,47
BTLN,-0.2969799660997863,6
BTMD,-0.30200976058739687,6
BTO,-0.056783055106764097,40
BTOC,-0.07894502158813468,33
BTQ,-0.2399778620312369,9
BTSG,-0.1197334007074525,23
BTSGU,-0.10263777536151908,26
BTT,-0.029507999516249626,50
BTU,0.030489374443880533,75
BTX,0.03268354910450115,76
BTZ,-0.05056526712179456,43
BUD,-0.0388234988408767,47
BUDA,-0.12590428235379444,21
BUI,-0.07121214647790142,35
BULL,-0.01715618663351883,54
BUR,-0.09940988396911908,27
BURL,-0.22362143512319677,10
BURU,14.643358038680287,99
BUSE,-0.00032525018855371606,61
BUSEP,0.00031388127538151134,62
BUUU,0.8552161000109786,98
BV,-0.18488876885588149,13
BVC,0.024167885065994876,73
BVFL,-0.015668687938735947,55
BVN,0.006830117502880605,67
BVS,0.12189193725836822,88
BW,-0.33458537553492895,5
BWA,-0.09684485126143691,28
BWAY,-0.11242578694151104,24
BWB,-0.025310580522206885,51
BWBBP,-0.008501678473449892,58
BWEN,-0.087357643257659,30
BWFG,0.04714747814116264,79
BWG,-0.07379331043812144,34
BWIN,0.12945036107338048,88
BWLP,0.12500260079792427,88
BWMN,0.27351812755458427,95
BWMX,0.0012211130917092142,62
BWXT,-0.17121660360708252,14
BX,-0.09305399269456573,29
BXBL,-0.2553063046785127,8
BXC,0.18035908317569208,91
BXMT,-0.18852835462166345,12
BXP,-0.0675783008242071,36
BXSL,0.031186157348046695,75
BY,-0.01720090211093339,54
BYAH,-0.2646738873470268,7
BYD,-0.139020914483103,19
BYFC,0.10337388708661409,86
BYND,-0.3827298672304414,4
BYRN,-0.056070507733470915,41
BYSI,-0.20288391641789005,11
BZ,-0.045470173475963424,44
BZAI,-0.17833136881249986,13
BZFD,-0.12794421225732872,21
BZH,0.059667806263489845,81
BZUN,0.1106291825966406,87
C,-0.014361578108036,55
CAAP,0.00968059170475153,69
CAAS,0.12222428364959065,88
CABA,-0.2534946084070817,8
CABO,-0.4530937889765303,2
CABR,-0.03204446469069842,49
CAC,0.027775087907462182,74
CACC,-0.06896528623536166,36
CACI,0.12493626945811913,88
CADL,0.02211900341945367,73
CAE,-0.018651889441096206,54
CAF,-0.04812184829710864,43
CAG,-0.015512376293162766,55
CAH,-0.030458291604358766,49
CAI,0.5687665064937409,98
CAKE,0.10426319516958987,86
CAL,-0.02155755127606531,53
CALC,-0.4484434527843616,2
CALM,-0.14240804151936198,18
CALX,-0.0898682554693914,30
CALY,-0.13368279865987193,20
CAMP,-0.043415105596620734,45
CAMT,-0.041229982376002866,46
CAN,0.2652171368872322,94
CANF,-0.33341710141897885,5
CANG,-0.03336567704525557,48
CAPL,-0.02818634354412265,50
CAPN,0.01566786840978729,71
CAPNU,0.016114619869859848,71
CAPR,-0.1210648164017557,23
CAPS,-0.05896846992518774,39
CAQ,0.004540875578892822,65
CAQUU,-0.007456882516040509,58
CAR,-0.3293319902204929,5
CARE,-0.06973181863789152,36
CARG,-0.10610980110538099,26
CARL,0.13850451978561057,89
CARR,-0.14828213627283993,18
CARS,-0.09425662034735416,28
CART,-0.09545984256878307,28
CASH,-0.12477876572374814,22
CASS,0.0019460116280621623,63
CAST,-0.36478163490785,4
CASY,-0.294048207380202,6
CAT,-0.07195449826016168,35
CATO,-0.2007570666643145,11
CATX,-0.16192299357520348,16
CATY,-0.01995465005172803,53
CAVA,-0.2504876019385287,8
CB,-0.01897445212379666,54
CBAN,-0.043394395305262325,45
CBAT,1.215474753798813,99
CBC,0.005973832249275935,66
CBFV,0.009287244813731986,69
CBIO,-0.17415533277290146,14
CBK,-0.04486232185830017,44
CBL,-0.0130569862414831,56
CBLL,0.18015326934222992,91
CBNA,0.1364401335617792,89
CBNK,-0.0023453267406489675,60
CBOE,-0.0583212236407946,40
CBRE,-0.04487011793643536,44
CBRL,-0.1071818414954831,25
CBSH,-0.03632955234570726,47
CBT,-0.08697345902199084,30
CBU,-0.054504879631506575,41
CBUS,-0.06269077601669815,38
CBZ,0.26700899223725194,95
CC,-0.13536990338190152,20
CCAP,-0.09991262800804734,27
CCAQ,0.018584067676188233,72
CCAQU,-0.00204978528454417,60
CCB,-0.2217793790039739,10
CCBG,-0.03020522155871047,50
CCC,0.09857388826730001,86
CCCC,-0.21587776986773383,10
CCD,-0.05252435238242438,42
CCEC,-0.017246324600197444,54
CCEL,-0.01588461254601764,55
CCEP,-0.04592272669003651,44
CCHH,-0.33019621903218904,5
CCI,-0.07257051672357434,35
CCID,-0.0031661767304261737,60
CCIF,-0.10864514480731031,25
CCII,-0.0012576105151660855,61
CCIIU,-0.006232251451671111,58
CCJ,-0.085405802893853,31
CCK,-0.04363467415980336,45
CCL,-0.17475093828537397,14
CCLD,-0.1184235043274295,23
CCM,-0.19354953015200052,12
CCNE,-0.0025496026869728846,60
CCNEP,0.013227735934189843,70
CCO,-0.01793814913623404,54
CCOI,-0.252197956896115,8
CCS,-0.09440450732094582,28
CCSI,-0.015395090197840645,55
CCTG,-0.2826207162244054,6
CCU,-0.06163840772119746,38
CCXI,-0.057491844586605376,40
CCXIU,-0.04716965664177565,44
CD,0.22795740803192724,93
CDE,0.07773775768718318,83
CDIO,0.0008260731605581571,62
CDLR,0.05992431577719777,81
CDLX,-0.20310910216625971,11
CDNA,0.4242436305207808,97
CDNL,-0.4707537701264399,2
CDNS,-0.07188114192668577,35
CDP,-0.0791575292529744,33
CDRE,-0.1503842127288811,17
CDRO,0.002234207083963647,63
CDT,-0.9571792059953264,0
CDTG,-0.01263866637452514,56
CDW,0.09926915295971948,86
CDXS,-0.26330497274592957,7
CDZI,0.06769786706160723,82
CDZIP,-0.026366894059605572,51
CE,0.02711832777601786,74
CECO,-0.037933525711818086,47
CEE,-0.06395069368333436,38
CEG,-0.03322802103242782,49
CELC,-0.12339778967169407,22
CELH,-0.05608390453729961,41
CELU,0.5012687664497184,97
CELZ,-0.13964566950626675,19
CENN,0.19004077949736306,92
CENT,-0.09720895570253862,28
CENTA,-0.10370067864433138,26
CENX,-0.1428124482723257,18
CEPF,-0.008839099929799234,57
CEPO,0.006899692368834221,67
CEPS,-0.009612598433004538,57
CEPU,-0.04076122206737045,46
CEPV,-0.0029779654404100907,60
CERS,-0.06481735117728414,37
CERT,0.19701249455587022,92
CET,0.057015797090522444,80
CETX,-0.2871350332070409,6
CETY,0.08337641276833607,84
CEV,-0.01882089914918106,54
CEVA,0.008633543299534772,68
CF,-0.010095461457275468,57
CFBK,0.022955750668354227,73
CFFI,0.12683633710976827,88
CFFN,0.028852697342935052,75
CFG,-0.07734562267129383,33
CFND,0.08748991053019446,85
CFR,-0.031741935651864006,49
CG,-0.13671320233013623,20
CGAU,0.1760520418048944,91
CGBD,0.04683618112357902,79
CGC,-0.036418863350914515,47
CGEM,-0.12796525656420957,21
CGEN,-0.02175194937151082,53
CGNT,0.04130889082006817,78
CGNX,-0.06163614766777544,38
CGO,-0.01715812425323944,54
CGON,-0.007743464821509248,58
CGTL,-0.24208935650516872,8
CGTX,-0.11106585330003244,25
CHA,0.019859044214738854,72
CHAI,-0.09800800215696476,27
CHAR,0.01084632281426552,69
CHARU,0.006018523710418222,66
CHCI,0.1923702834596084,92
CHCO,0.0018474296713025355,63
CHCT,-0.12007938765444548,23
CHD,-0.014032608510513333,55
CHDN,-0.09605929717591755,28
CHE,-0.017231115540467613,54
CHEC,0.005496274637012832,66
CHECU,-0.0007774531001227381,61
CHEF,0.069218682994907,82
CHGA,-0.47120212675566503,2
CHGG,-0.19391965480603668,12
CHH,-0.0714376303140815,35
CHI,-0.0576412172958827,40
CHKP,0.10458391975213856,86
CHMG,0.0431253738891096,78
CHMI,0.07571612460120397,83
CHNR,-0.05000210516788102,43
CHOW,0.7636787288828101,98
CHPG,0.002212457610731011,63
CHPGU,0.0,62
CHPT,0.522100282665313,97
CHR,-0.20806256226548447,11
CHRD,-0.010838356314814158,57
CHRN,-0.13844316165526532,19
CHRS,-0.11939961217806454,23
CHRW,-0.08180844149455299,32
CHSCL,0.00730740473877105,68
CHSCM,0.005677403013395454,66
CHSCN,0.006910567387197109,67
CHSCO,0.011551711501179639,69
CHSCP,-0.013099595054476864,56
CHSN,-0.08960471211728331,30
CHT,0.0725205656025329,82
CHTR,-0.15817748648364421,16
CHW,-0.021121143828533685,53
CHWY,-0.15948965079066496,16
CHY,-0.03886689265505005,47
CHYM,0.10342617802568951,86
CI,-0.040697562605731194,46
CIA,-0.19547703332413663,12
CIB,0.059509248185668696,81
CIEN,-0.13358595613247748,20
CIFR,-0.024902764445500623,51
CIG,0.03648103524300419,76
CIGI,-0.0774939564279386,33
CII,0.0011186139672964667,62
CIIT,-0.3508194593903098,4
CIK,-0.027274476170251458,51
CIM,-0.10421034282742703,26
CINF,-0.06016963345981409,39
CING,-0.03646250347911893,47
CINT,-0.1355402306208932,20
CION,0.10830570977143048,87
CIRC,-0.5402583567888949,1
CISO,-0.01534110355508168,55
CISS,-0.7702089577268398,0
CITR,-0.22987268096355729,9
CIVB,-0.03942671501437172,46
CIX,0.24479041779690547,94
CJMB,0.27008934103367743,95
CKX,-0.035369196069900986,48
CL,-0.05304637949105071,42
CLAR,0.02785643996757008,74
CLB,-0.12217956482919703,22
CLBK,0.02946024642548235,75
CLBR,-0.0052495274397865496,59
CLBT,-0.05372731424599178,41
CLDI,-0.3113009661232693,5
CLDT,-0.026974737750933887,51
CLDX,-0.1675884408950756,15
CLF,0.13662628777246494,89
CLFD,0.03691794776572108,76
CLGN,0.26544291773448214,95
CLH,0.018123182688761362,72
CLIK,-0.20641428906656595,11
CLIR,-0.09706021374736365,28
CLLS,-0.5332792138480972,2
CLM,-0.0685668292200674,36
CLMB,0.18571970719209732,92
CLMT,0.2670573211251724,95
CLNE,-0.08018086911780253,33
CLNN,-0.11991806219532233,23
CLOV,0.048754050913114896,79
CLPR,0.11979668690323883,87
CLPS,0.0823214840126817,84
CLPT,-0.04213150783825327,45
CLRB,-0.17547896610927072,14
CLRO,-0.09687891243963866,28
CLS,0.14041966794899036,89
CLSK,0.08298405864560401,84
CLST,0.061561954902329546,81
CLVT,-0.08746912308266058,30
CLW,0.15634338007388254,90
CLWT,-0.07488133556008958,34
CLX,-0.15168156561074944,17
CLYM,-0.13979687031883614,19
CM,-0.03931976634470493,46
CMBT,0.1390736904279172,89
CMC,-0.04497120550624027,44
CMCL,0.1202141203023887,88
CMCM,-0.1307187922444607,21
CMCO,0.0244927246408707,74
CMCSA,-0.07743415466128317,33
CMCT,-0.4035978680993302,3
CMDB,0.16073923583924274,90
CME,0.04026145744000612,77
CMG,-0.054712374141506086,41
CMI,-0.16540918342061153,15
CMMB,0.32034917712932565,96
CMND,-0.5448935974023024,1
CMP,-0.15559505199096652,16
CMPR,-0.13727498003824257,19
CMPS,0.08540827424961188,84
CMPX,-0.47084322098312253,2
CMRC,0.34197270816977515,96
CMRE,-0.05603091524231163,41
CMS,-0.11092523359654302,25
CMT,-0.08683175634623408,30
CMTG,-0.34568488624462107,4
CMTL,-0.2272636703482368,9
CMTV,-0.030711072230371606,49
CNA,-0.04315671808118762,45
CNC,-0.033778989087854594,48
CNCK,-0.2556171746087704,8
CNDT,0.0662630321049476,82
CNET,0.1871563290003843,92
CNEY,-0.17735932168180574,14
CNF,-0.2641679777659097,7
CNH,0.24288460886403207,94
CNI,-0.05225256805799789,42
CNK,0.03157845139229439,75
CNL,-0.06134226029253611,39
CNM,-0.04201127280834703,45
CNMD,0.05233954463148872,79
CNNE,0.0787089475366203,83
CNO,0.02086077221972591,73
CNOB,-0.048823716889348445,43
CNOBP,0.013210330675425121,70
CNP,-0.09533951742460196,28
CNQ,0.008696503844894597,68
CNR,0.028913937138138304,75
CNS,-0.05144127495948951,42
CNSP,-0.03264351039149529,49
CNSY,-0.43206025964399825,3
CNTB,-0.5164478814989346,2
CNTN,-0.023671193213786593,52
CNTX,-0.3054275285364194,6
CNTY,-0.11001946854371752,25
CNVS,-0.20489957149860263,11
CNX,-0.061900083930462584,38
CNXC,0.2670316197824695,95
CNXN,0.15335454130416826,90
COCH,0.03117251036777874,75
COCO,-0.15149132235179213,17
COCP,0.12996315463676048,88
CODA,0.09949865318790274,86
CODI,0.050929061201052596,79
CODX,-0.3304128086366268,5
COE,-0.2731633697294631,7
COF,-0.055824555776867645,41
COFS,-0.014621629709687022,55
COGT,-0.1652402097121559,15
COHN,-0.14146646615830233,19
COHR,0.01809092590515482,72
COHU,0.14818658043651112,90
COIN,0.1914424360525211,92
COKE,0.01658381826354779,71
COLA,0.0011307999763032984,62
COLAU,-0.023680095813152557,52
COLB,-0.06775786387267772,36
COLD,-0.01632581889593161,55
COLL,-0.26701375779947917,7
COLM,-0.07363485614219967,34
COMP,-0.17005865408791848,14
CON,0.07183705806611687,82
COO,-0.2231463413616808,10
COOK,-0.2126166960367428,10
COOT,0.049445813064551015,79
COP,0.031197361580383987,75
COPL,0.008316894260995088,68
COR,0.021255405373121226,73
CORT,0.09533032953758772,85
CORZ,-0.14108808977390686,19
COSM,0.9849379389381693,98
COSO,-0.028511654562423126,50
COST,-0.039924139471082865,46
COTY,0.05575501074031139,80
COUR,-0.09855238272652858,27
COYA,0.04967226506083814,79
CP,-0.04915592920721863,43
CPA,-0.029014603163517373,50
CPAC,0.040690566331013825,78
CPAY,0.031517845808912204,75
CPB,-0.09532108700941151,28
CPBI,-0.0037230857053555458,59
CPF,-0.028947439306310472,50
CPHC,-0.002001282071572919,60
CPHI,-0.3101819964935301,5
CPIX,0.309666047813387,95
CPK,-0.008873593945671665,57
CPNG,-0.12876239950654708,21
CPOP,11.050820994263725,99
CPRI,0.024226778137144078,73
CPRT,-0.05944228333219799,39
CPS,-0.1937854239248472,12
CPSH,-0.1284404447657429,21
CPSS,-0.006129342987151499,58
CPT,-0.10794289205529942,25
CPZ,0.001830990896787621,63
CQP,-0.02032369677424367,53
CR,-0.03554678567832205,48
CRAC,0.005816012025867501,66
CRACU,0.009174951816422762,69
CRAI,-0.023471797317786758,52
CRAN,-0.0028608268699538255,60
CRANU,-0.001872479616332845,60
CRAQ,0.0071720563713918006,68
CRAQU,-0.0011171855419459529,61
CRBG,0.1023503581022629,86
CRBP,-0.195047296333414,12
CRBU,-0.218600794976496,10
CRC,-0.018176652359900413,54
CRCL,0.22248319438331696,93
CRCT,0.21967152673288654,93
CRDF,0.42177528121290647,97
CRDL,0.24465661737339323,94
CRDO,-0.1475415630499988,18
CRE,0.035894822861415335,76
CRESY,0.13078294730934698,88
CREX,-0.19426690539982672,12
CRF,-0.07015857111943657,36
CRGO,-0.23861619347197954,9
CRGY,0.0723600915866934,82
CRH,-0.1346612490779942,20
CRI,-0.19987692224751186,11
CRIS,-0.6119503757926072,1
CRK,-0.0331269502772508,49
CRL,0.12984858472885608,88
CRM,0.3341432609197715,96
CRMD,-0.06567649760549638,37
CRML,0.14246735772052393,89
CRMT,-0.4249938370802888,3
CRNC,-0.06445931621622762,37
CRNT,-0.01422148130290879,55
CRON,0.13864607811886834,89
CROX,-0.0017545550738367827,60
CRS,-0.26487887439722907,7
CRSP,0.027074309324877942,74
CRSR,0.3316668320427412,96
CRT,0.19368296257289402,92
CRTO,-0.09648977699039256,28
CRUS,-0.0545085617908322,41
CRVL,0.14070292323557373,89
CRVO,-0.10402364952080849,26
CRVS,-0.09281523147867043,29
CRWD,0.4214663989293186,97
CRWS,-0.10456673548853078,26
CRWV,0.03873986741751277,77
CSAI,-0.45670568274437034,2
CSBR,-0.08179592254295726,32
CSCO,-0.05912636573988377,39
CSGP,-0.06283476433320218,38
CSHR,0.22921895938104847,93
CSIQ,-0.2247516618634885,10
CSL,-0.08103432599569724,32
CSPI,-0.052426581293446885,42
CSQ,0.02544410849219687,74
CSR,0.00503258643266673,66
CSTE,0.0822320593490218,84
CSTL,0.24690285553829927,94
CSTM,-0.13881650207816962,19
CSV,-0.1254613090359227,21
CSW,-0.018603915757812596,54
CSWC,-0.025559775233804604,51
CSX,-0.06756133340143644,37
CTAAU,0.0013958255306512958,63
CTAS,-0.016870366131213867,54
CTBI,0.0063708048393617215,67
CTEV,-0.1458690444911896,18
CTGO,0.040883154831394215,78
CTKB,0.24323624244592498,94
CTM,-0.03633082164808219,47
CTMX,-0.15263031307089908,17
CTNM,-0.16488097665738555,15
CTNT,-0.9767575967000373,0
CTO,-0.045630650216054766,44
CTOR,0.49787536561358803,97
CTOS,-0.08201511099019354,32
CTRE,-0.07367665571570385,34
CTRI,-0.17588567485909085,14
CTRM,-0.022420326877898567,52
CTRN,-0.23828744119643083,9
CTS,-0.01525201110400799,55
CTSH,0.18339877489607498,91
CTVA,-0.03125242356719245,49
CTW,-0.15597562915037982,16
CTXR,-0.0011501416972772294,61
CUB,0.005454986631766778,66
CUBE,-0.06536761293408125,37
CUBI,-0.019505073056271402,54
CUBWU,-0.002714907914331599,60
CUE,0.18442670948125928,91
CULP,0.05886187334299742,81
CUPR,-0.40721925687879096,3
CURB,-0.06899854242477321,36
CURI,0.15075138014815187,90
CURR,-0.06991303939940746,36
CURV,0.08382997674805145,84
CURX,-0.02600077873355007,51
CUVL,-0.2114656282207563,10
CUZ,-0.057573237650112984,40
CV,-0.03635442354798242,47
CVBF,-0.010973051699804625,57
CVCO,-0.06050971604285994,39
CVE,0.03203119097332983,75
CVEO,-0.0352013768428011,48
CVGI,-0.20443513662167345,11
CVI,0.49698069007198376,97
CVKD,-0.3087136821822166,6
CVLG,-0.14224315995722478,19
CVLT,0.11463597895415889,87
CVM,0.34449043394076895,96
CVNA,-0.026600382315159522,51
CVR,-0.025822759154186227,51
CVRX,-0.24862450198207647,8
CVS,-0.12739726978306404,21
CVSA,-0.009527658979192957,57
CVU,0.012709709309613477,70
CVV,-0.40184237754970964,3
CVX,0.0560634480344395,80
CW,-0.21019130066296954,11
CWBC,-0.02335679210385546,52
CWCO,-0.04390217085979549,45
CWD,0.3315778475448761,96
CWEN,-0.08991469503034169,30
CWH,-0.15633016876778832,16
CWK,-0.0945693030041199,28
CWST,-0.059810620954956435,39
CWT,-0.06167204446440141,38
CX,-0.15890917402369414,16
CXAI,-0.5050757992849836,2
CXDO,-0.1276062205095858,21
CXM,-0.11841524690177133,23
CXT,-0.022258632600483504,52
CXW,-0.002307749761716514,60
CYAB,-0.14573647366944764,18
CYCU,-0.2790536920994186,7
CYD,-0.1964635232560118,12
CYH,0.02027469587545172,72
CYN,-0.3066259734408708,6
CYPH,2.999168823857903,99
CYRX,0.07482351201377528,83
CYTK,-0.16626466892757483,15
CZFS,0.03912688854488857,77
CZNC,0.04855112080784892,79
CZR,-0.004206600292793249,59
CZWI,-0.03138199711136706,49
D,-0.09619638194429908,28
DAAQ,0.003930403902002166,65
DAAQU,0.10788127869124173,87
DAC,0.09660185604483915,86
DAIC,3.982022034915492,99
DAIO,-0.09669872552353984,28
DAKT,-0.0975408114491507,27
DAL,-0.015806229534895567,55
DAN,-0.0001334743488379253,61
DAO,-0.05381468058726644,41
DAR,-0.010453709591366739,57
DARE,-0.23781296693562756,9
DASH,-0.021402557850043694,53
DAVA,-0.3181856859052775,5
DAVE,-0.09554525815929725,28
DB,-0.006655240156991094,58
DBCA,0.006215245988413898,67
DBCAU,0.011213038478621784,69
DBD,-0.17942562576949259,13
DBGI,-0.5498027810797529,1
DBI,0.09390581192784411,85
DBL,-0.020246500936633306,53
DBRG,0.007771408396614721,68
DBVT,-0.1672807458093144,15
DBX,0.11515183694177752,87
DC,0.26390538492537496,94
DCBO,0.0787098240474722,83
DCGO,-0.27901774208707525,7
DCH,-0.04547292002982278,44
DCI,-0.04278596173674413,45
DCO,-0.042428645480552085,45
DCOM,0.0017027563857410994,63
DCOY,-0.025839363254464245,51
DCTH,0.11049806294853136,87
DCX,-0.9197066357909491,0
DD,-0.0500450497700273,43
DDC,-0.6386196762516648,1
DDD,0.18028731828531966,91
DDI,0.07665161181350641,83
DDL,-0.019594534089458,53
DDOG,0.07042916341945919,82
DDS,0.09215153826848921,85
DE,0.13713431425348357,89
DEA,-0.07021194210827499,36
DEC,0.023001555410762743,73
DECK,-0.17470868020554106,14
DEFT,0.07373420188189671,83
DEI,-0.16400779873833343,15
DELL,0.2654169709487757,95
DEO,-0.02151703538029775,53
DERM,-0.09026271799765093,30
DFDV,0.7460455636301013,98
DFH,-0.21407720249812645,10
DFIN,0.06098101367670106,81
DFLI,-0.34612387837862796,4
DFNS,-0.13706434440224527,19
DFP,-0.07069661282977933,36
DFSC,-0.32434989714918927,5
DFTX,-0.10959952757767881,25
DG,0.014368316315035566,71
DGICA,-0.014400079578359691,55
DGICB,-0.12260969070794563,22
DGII,0.06497074177971215,82
DGNX,0.23741416723362035,94
DGX,0.020703734872067562,73
DGXX,-0.06359854993896308,38
DH,0.4230580108940184,97
DHC,-0.05108734984669293,42
DHF,-0.0439305120762071,45
DHI,-0.05065611438940874,43
DHR,0.09958797701414787,86
DHT,0.13415902234905133,89
DHX,0.1526998353567177,90
DHY,-0.04394826929379246,45
DIBS,-0.1075420805109092,25
DIN,-0.16541553745875784,15
DINO,0.23029920689609285,93
DIOD,-0.012791786244384134,56
DIS,0.015708515970315327,71
DIT,-0.015020131339650512,55
DJCO,0.13822729905801148,89
DJT,0.03348823113481057,76
DK,0.17560343070905704,91
DKI,-0.3897651659283184,3
DKL,0.023380820331687903,73
DKNG,-0.1405633912146149,19
DKS,-0.32637183701421113,5
DLB,0.0247521612744768,74
DLHC,-0.20775182966452382,11
DLNG,-0.04272974451528616,45
DLO,-0.005571136761645577,59
DLPN,-0.000645022722967804,61
DLR,-0.027799926293249032,50
DLTH,0.02019856327214157,72
DLTR,-0.0815584491086874,32
DLX,0.00289647265778791,64
DLXY,0.1729124502996975,91
DLY,-0.039479077500161976,46
DMA,0.030137836204413102,75
DMAA,0.013088749938040701,70
DMAAU,0.0164308878993213,71
DMAC,0.15307022863977193,90
DMB,-0.0760403948850777,34
DMC,0.03846897925344449,77
DMII,0.004654728370524985,65
DMIIU,0.00589778665896179,66
DMLP,0.06805726344625104,82
DMO,-0.07642654137494068,34
DMRA,-0.2799771415342722,7
DMRC,-0.22885734197808344,9
DNA,0.09799934920014794,86
DNLI,-0.16220287132402192,15
DNMX,0.002497511967612054,63
DNMXU,-0.0001968748527903741,61
DNN,-0.1330553137848956,20
DNOW,0.06255106262111687,81
DNP,-0.07663639916337564,34
DNTH,-0.09846753486340226,27
DNUT,-0.1129963830262894,24
DOC,-0.03590297611983562,48
DOCN,0.11324987683518832,87
DOCS,0.17372949156266385,91
DOCU,0.3292881396915549,96
DOGZ,-0.1272497188694236,21
DOLE,-0.05110792671192579,42
DOMH,-0.0932570082241477,29
DOMO,0.05368978914066393,80
DOO,-0.10799926091297038,25
DORM,-0.07584810149489601,34
DOUG,-0.15282616688501735,17
DOV,-0.07364794968456571,34
DOW,-0.07955075442849495,33
DOX,0.04500529981125782,78
DOYU,0.05844046254614829,81
DPG,-0.10395110868330237,26
DPRO,0.16289212976831155,90
DPZ,-0.07617658022605857,34
DQ,-0.08465007403521893,31
DRCT,-0.37463215227428004,4
DRD,0.052670052656971895,79
DRDB,0.011337905983806707,69
DRDBU,0.0094198039161681,69
DRH,-0.03230622135656214,49
DRI,0.016982211472521304,71
DRIO,-0.05434229068601892,41
DRK,0.2117971292492466,93
DRMA,-0.15685330030944547,16
DRS,-0.14301342791618327,18
DRTS,0.11192475851000162,87
DRUG,-0.2043399476930803,11
DRVN,-0.06304384163890397,38
DSAC,0.0007114493056750385,62
DSACU,0.00394003965601244,65
DSGN,-0.08898189500510717,30
DSGR,0.058414813452440574,81
DSGX,0.11621408995141008,87
DSL,-0.044216921331760584,45
DSM,-0.09097894012493829,29
DSP,0.06939409604898812,82
DSS,0.24201084468487472,94
DSU,-0.039399733285634474,46
DSWL,-0.06334015017511666,38
DSX,0.19095048735589534,92
DSY,0.001027540154280946,62
DT,0.31486923565349334,95
DTCX,-0.11607337453823346,23
DTE,-0.12402621461762327,22
DTF,-0.012044379381401694,56
DTI,0.010714431569894167,69
DTIL,-0.1973562378485175,12
DTM,-0.06776164916887932,36
DTSQ,0.015994513917919905,71
DTSQU,-0.003085594604135977,60
DTSS,0.18702310721180979,92
DTST,-0.11909203220590886,23
DUK,-0.07218458830840543,35
DUO,-0.14018392571619842,19
DUOL,0.08329102119851482,84
DUOT,-0.09489028380840017,28
DV,0.14736909195614792,90
DVA,-0.0650163876163887,37
DVLT,-0.5448292116803842,1
DVN,0.03551844523718377,76
DWSN,-0.24735315451470477,8
DWTX,-0.207792587645366,11
DX,-0.06957666734587205,36
DXC,0.11485487982956229,87
DXCM,0.1030480646728933,86
DXF,-0.04240199294226216,45
DXLG,-0.059895133635896686,39
DXPE,0.06093631351198201,81
DXR,0.05749342315818131,80
DXST,0.07096905118326638,82
DXYZ,0.026137094664498466,74
DY,-0.33021611196851053,5
DYAI,-0.5000110970987812,2
DYN,-0.325054178094302,5
DYNC,0.008656871885997819,68
DYNCU,0.03233128258093032,75
DYOR,0.004377005529924239,65
DYORU,0.003845888051114921,64
E,0.03902337969784876,77
EAD,-0.030169888192865958,50
EAF,0.6352718738578514,98
EARN,-0.01706162722606357,54
EAT,0.02687055306662106,74
EBAY,0.026516978970044704,74
EBC,-0.046855130428295,44
EBF,0.03239280727662301,75
EBMT,-0.07576628856621449,34
EBON,-0.0988229167894304,27
EBS,0.08983790328042653,85
EC,-0.0021293317168787334,60
ECAT,-0.036305098700316354,48
ECBK,-0.017285711238320876,54
ECC,-0.010033887308914169,57
ECCC,0.0033636718389601916,64
ECF,-0.007766560599965056,58
ECG,-0.14655991721136252,18
ECHO,0.01645161885545887,71
ECL,0.01545582896377644,71
ECO,0.3480603211607581,96
ECOR,0.3545646798024892,96
ECPG,0.0176268075565592,72
ECVT,-0.10331681526618093,26
ECX,-0.014562217944949477,55
ED,-0.05216616928424279,42
EDBL,-0.43174819994183145,3
EDD,-0.029222928520093283,50
EDF,0.0324553136759727,75
EDHL,0.2472154666573695,94
EDIT,-0.0769921510893287,33
EDN,-0.05694666434466143,40
EDRY,0.6094412091429557,98
EDSA,-0.23756797570581972,9
EDTK,0.0856092883778548,84
EDU,0.09244395328171791,85
EDUC,-0.08664732831148388,30
EDVA,-0.5083921342604055,2
EE,-0.12204461758090226,22
EEA,-0.03574610774818243,48
EEFT,-0.08713360273068946,30
EEIQ,0.46683176487107103,97
EFC,-0.06516207183065398,37
EFOI,-0.08664225572877392,30
EFOR,0.3836364330071834,97
EFR,-0.018005403418438592,54
EFSC,-0.0637349827686032,38
EFSCP,-0.15284694832117507,17
EFSI,0.08046730749075585,84
EFT,-0.012956218486224537,56
EFTY,0.0,62
EFX,-0.11111659413450292,25
EFXT,0.042145494568847974,78
EG,0.022848475272366543,73
EGAN,-0.13265134573859216,20
EGBN,0.0006462236151696273,62
EGG,-0.34900056058438406,4
EGHA,0.003963006597282326,65
EGHAU,0.0,62
EGHT,0.26962941567818394,95
EGO,0.1447750466780351,89
EGP,-0.012810859281781583,56
EGY,0.023519037878167108,73
EH,-0.173527915816046,14
EHC,0.08314055590856959,84
EHGO,-0.5308510995545966,2
EHI,-0.05245247189760841,42
EHLD,0.32837815314121027,96
EHTH,-0.365540836063652,4
EIC,-0.04249830365520993,45
EICA,0.007344103588444905,68
EIG,-0.01242266429082761,56
EIKN,-0.21859576880626402,10
EIM,-0.06793934206852373,36
EIX,-0.2762399915124018,7
EJH,-0.15848914983400708,16
EL,0.0954214430397429,85
ELA,-0.2871207381638108,6
ELAB,-0.44807013650283545,2
ELAN,-0.06122178580893795,39
ELBM,-0.06742157155031,37
ELDN,-0.2498937640574698,8
ELE,0.11154844884666507,87
ELF,0.20880982685534638,93
ELLO,0.12289792191735385,88
ELMD,-0.2908293441343896,6
ELME,0.033346791708907766,76
ELOG,-0.42531293923205854,3
ELPC,0.07874651855949252,83
ELPW,-0.5758223128386515,1
ELS,-0.0806691332339955,32
ELTK,-0.052931576729014246,42
ELTX,-0.4233414085391993,3
ELUT,-0.09599492985159566,28
ELV,0.018920404401165238,72
ELVA,-0.16031121097026252,16
ELVN,-0.16326475188650322,15
ELVR,-0.33702255736921366,5
ELWT,0.007739627244999773,68
EMA,-0.06668055928668559,37
EMAT,-0.29499483875241006,6
EMBC,0.4079257708234896,97
EMBJ,0.09006041483798438,85
EMD,-0.07312779717028171,35
EME,-0.04332690705670732,45
EMF,0.01780101696214502,72
EMIS,0.005501007524013635,66
EML,0.04752421733845587,79
EMN,-0.04994722206514283,43
EMO,0.0067086744963638315,67
EMPD,-0.04816396833179998,43
EMR,0.02938924862202972,75
ENB,-0.09378762812913986,29
ENGN,0.11317620513866575,87
ENGS,0.08852108350161207,85
ENIC,-0.023066610530166252,52
ENLT,-0.14505780518367387,18
ENLV,-0.7243100639433819,0
ENOV,-0.26757912187779814,7
ENPH,-0.1466343618053769,18
ENR,0.042881169656794955,78
ENS,-0.09574257489867657,28
ENSC,0.3141623758509763,95
ENSG,0.023968212501279042,73
ENTA,-0.10960194972061746,25
ENTG,0.03983807577254972,77
ENTX,0.19333977619375114,92
ENVA,-0.2619452811675801,8
ENVB,0.1347365105684792,89
ENVX,-0.22817766337113976,9
EOD,-0.007997609067473621,58
EOG,-0.03229859811592996,49
EOI,0.017296639940387503,71
EOLS,0.1148145528223801,87
EONR,0.006908676330151354,67
EOS,0.010900297491945366,69
EOSE,-0.054997085179875546,41
EOT,-0.09149095561038781,29
EP,-0.2637866097244563,7
EPAC,0.0015063846768400436,63
EPAM,0.16831653577417444,91
EPC,-0.009772428086513994,57
EPD,-0.005579926060849626,59
EPM,0.0021960213694589108,63
EPOW,-0.4880082414407575,2
EPR,-0.05231614095129592,42
EPRT,-0.1342991701723975,20
EPRX,0.24714700415974405,94
EPSM,-0.009835695890332799,57
EPSN,0.05316315498759502,80
EQ,-0.30280538939114376,6
EQBK,-0.02983315057137584,50
EQH,0.10124340878486268,86
EQIX,-0.02352107949260367,52
EQNR,0.08283526737863084,84
EQPT,-0.08060392769663507,32
EQS,-0.13003829424624738,21
EQT,-0.03865326243999724,47
EQX,0.08238807718738915,84
ERAS,-0.20312634054037534,11
ERC,-0.03508681286413713,48
ERH,-0.0932263635217627,29
ERIC,-0.03943708416405849,46
ERIE,-0.05267041463163809,42
ERII,-0.17355298251095164,14
ERNA,-0.231926516758727,9
ERO,0.14064526236396702,89
ES,-0.08334753691315165,31
ESAB,-0.20546287991211218,11
ESBA,-0.16810431523033695,15
ESCA,-0.03698907119804813,47
ESE,-0.14046729143673395,19
ESEA,-0.02042331197611097,53
ESI,-0.0631043146710781,38
ESLA,-0.399171252750038,3
ESLT,-0.03150235629980588,49
ESNT,0.009650068948954474,69
ESOA,-0.2316617347701503,9
ESP,0.018501038002021162,72
ESQ,0.05102255155242237,79
ESRT,-0.17786879814081064,13
ESS,-0.049501806184479615,43
ESTA,-0.15489119605938412,17
ESTC,0.3182524729745426,95
ET,0.012956484969017568,70
ETB,0.01670574110762848,71
ETD,0.06633932945195549,82
ETG,0.002473020258095559,63
ETJ,0.003023032588256447,64
ETN,0.058241490822412034,81
ETO,-0.003106825242691834,60
ETON,0.1481366120083815,90
ETOR,-0.18241778109036216,13
ETR,-0.09173339395619257,29
ETS,0.6169186154256148,98
ETSY,-0.07514160575982164,34
ETV,0.04426990089091312,78
ETW,0.015043325228367046,71
ETX,-0.03662341673991618,47
ETY,-0.006584956861594448,58
EU,-0.02432247193834272,52
EUDA,0.26967722234547065,95
EURK,-0.03027948577944628,50
EURKU,-0.006937823337283044,58
EVAC,0.007143330480972732,68
EVAX,0.01160155204615014,69
EVC,-0.13656636330666683,20
EVCM,-0.1541245278520143,17
EVER,-0.2649475433351538,7
EVEX,-0.19148767623478757,12
EVF,-0.00750702264314047,58
EVG,-0.04405636325860259,45
EVGN,-0.164540853678129,15
EVGO,-0.13706180559600478,19
EVH,-0.23325840750373866,9
EVI,0.3251255091813626,96
EVLV,-0.08909900384652121,30
EVMN,-0.3824821050714501,4
EVN,-0.07465554079898531,34
EVO,-0.2501456890328948,8
EVOX,0.005277412799852676,66
EVOXU,0.004552932766558016,65
EVR,-0.1776648948820516,14
EVRG,-0.055265039853515996,41
EVT,0.01839102993758034,72
EVTC,-0.0372426915713356,47
EVTL,-0.3436024878085782,5
EVV,-0.05514627741025498,41
EW,-0.006100318550957196,58
EWBC,-0.042036436090841546,45
EWTX,-0.010550315448399817,57
EXC,-0.09399928372806012,28
EXE,-0.06335008038691461,38
EXEL,0.05132007986808189,79
EXFY,0.15153016706417977,90
EXG,-0.002793260172550771,60
EXK,0.01838189585614406,72
EXLS,0.11904094683177222,87
EXOD,0.2101399669391883,93
EXOZ,0.019102207381765456,72
EXP,-0.14848509325961076,18
EXPD,0.053849353086208196,80
EXPE,-0.08291494895479144,31
EXPO,0.025622846961902,74
EXR,-0.07616746711655735,34
EXTR,-0.15910692825102302,16
EYE,-0.10198874112808316,26
EYPT,-0.5091426364638695,2
EZGO,-0.22085865828059026,10
EZPW,-0.04473063799588075,45
EZRA,-0.03696750209022571,47
F,-0.07344352360833017,34
FA,0.032840665057937854,76
FABC,-0.1913969462775549,12
FAC,0.14998773914277658,90
FACTU,-0.019349455705684804,54
FAF,-0.03324446965412484,49
FAMI,-0.12288814294236257,22
FANG,-0.08827605305502856,30
FAST,0.0555155518328475,80
FATE,0.035744980531232665,76
FATN,-0.05590126097954107,41
FAX,-0.03806666446002246,47
FBGL,-0.14858950893506284,17
FBIN,-0.13212271250210858,20
FBIO,-0.23956852556151537,9
FBIOP,-0.09238545634727696,29
FBIZ,0.04566330781632735,78
FBK,-0.08578427571445914,31
FBLA,0.0428625175305424,78
FBLG,0.3585918118733503,96
FBNC,-0.02277685832860078,52
FBP,-0.044238573482394156,45
FBRT,-0.07815861774528685,33
FBYD,-0.4212161638124928,3
FC,-0.1806890448898374,13
FCAP,-0.00041382205178168777,61
FCBC,-0.014151314126967915,55
FCCO,-0.025507032351786172,51
FCEL,-0.14007035469461124,19
FCF,-0.003653521659635761,59
FCFS,0.0041555032243201775,65
FCHL,-0.10825950453673806,25
FCN,-0.1312312050062765,21
FCNCA,-0.06244670815697804,38
FCNCO,-0.022100936168246144,53
FCNCP,-0.036126691156719626,48
FCPT,-0.11386402262195616,24
FCRS,0.0025468769230723607,64
FCUV,0.13721740729337845,89
FCX,0.0422374403093663,78
FDBC,0.039070604320141734,77
FDMT,0.16593064473153832,91
FDS,0.0696715526942446,82
FDSB,0.04029807983479853,77
FDUS,0.013471650022675597,70
FDX,-0.0872333208370138,30
FE,-0.07210138626927412,35
FEAM,0.8495621096158958,98
FEBO,-0.1274746396318427,21
FEDU,0.09400243596234541,85
FEIM,0.2718041694903869,95
FELE,-0.07680701721244385,33
FEMY,-0.23128928270330895,9
FENC,-0.01982574930401094,53
FENG,-0.02947250041444962,50
FER,-0.14020696456984386,19
FERA,0.004876613221350157,65
FERAU,0.0009354573002344325,62
FERG,-0.06254799344818437,38
FET,0.29417536154699886,95
FF,0.05362429951955921,80
FFA,0.004965765539823607,65
FFAI,-0.6975537054734612,0
FFBC,-0.05034924712221675,43
FFC,-0.04331561633062256,45
FFIN,-0.05799414532863386,40
FFIV,0.17938453703271004,91
FG,-0.13098426945771244,21
FGBI,-0.1729874250994123,14
FGBIP,-0.0730687495969437,35
FGI,0.4875949299495629,97
FGII,0.006224926523808838,67
FGIIU,0.0030071056919792395,64
FGL,-0.8987636494675034,0
FGNX,0.2900602718933719,95
FGNXP,0.0018972053665979873,63
FHB,-0.09238564213843758,29
FHI,-0.049595074354636434,43
FHN,-0.07116605233466197,35
FHTX,-0.31035776930379655,5
FIBK,-0.037122312207280586,47
FICO,-0.2461566989902594,8
FIEE,-0.02677525830618576,51
FIG,-0.060931240809974446,39
FIGR,0.04657967275833248,79
FIGS,0.013378364630155796,70
FIGX,0.002651413092796329,64
FIGXU,0.0014501507494240062,63
FINS,-0.028126589730048814,50
FINV,-0.29821392589158785,6
FINW,-0.18108396776788757,13
FIP,-0.24498124096435792,8
FIRY,0.4446892340120949,97
FIS,-0.12862415135517277,21
FISI,0.0029805013763165474,64
FISK,-0.18744191114666256,13
FITB,-0.06676959173606929,37
FIVE,0.03787167505419361,77
FIVN,0.4904938219257127,97
FIX,-0.07194917819820916,35
FIZZ,-0.02910207217259342,50
FJET,-0.5264827758829383,2
FKWL,-0.0395725924054303,46
FLC,-0.042459223121987785,45
FLD,0.12877405768098618,88
FLEX,-0.08038946152550894,32
FLG,-0.1282607266435608,21
FLGT,0.08778491630662308,85
FLL,-0.21936641014505237,10
FLNA,-0.09154199778118585,29
FLNC,-0.4050569587749958,3
FLNG,0.007527519874669053,68
FLNT,-0.07526558334417939,34
FLO,-0.18656233290549717,13
FLOC,-0.11169519257691368,24
FLR,0.0038163469739882494,64
FLS,0.002756605809134883,64
FLUT,-0.1503448347607251,17
FLUX,-0.22012381422778904,10
FLWS,-0.26848233641686503,7
FLX,-0.5673726458286489,1
FLXS,0.12040421490314354,88
FLY,-0.0737857397737001,34
FLYE,-0.13188730090480988,20
FLYW,-0.03888746468481637,47
FLYX,-0.09830149772393798,27
FMACU,0.008587567260501094,68
FMAO,0.08769532849062964,85
FMBH,-0.013856745391877954,56
FMC,-0.11582586272726311,23
FMFC,-0.14547810268754335,18
FMN,-0.07254276171784456,35
FMNB,0.01350299812560475,70
FMS,-0.05757123306255233,40
FMST,-0.45726068281906296,2
FMX,-0.030359770424529586,50
FMY,0.004493118295360676,65
FN,-0.17135810740502466,14
FNB,-0.06696283262116572,37
FND,-0.11108142700459232,25
FNF,-0.1142512728713987,24
FNGR,-0.422615677694686,3
FNKO,-0.11397870040265723,24
FNLC,-0.008126892472903102,58
FNRN,-0.036762628630070134,47
FNUC,-0.171465486745274,14
FNV,0.10205743620185917,86
FNWB,-0.09951227530938858,27
FNWD,0.006093243000792767,67
FOA,-0.30640326776126875,6
FOCL,-0.002291208993771811,60
FOF,-0.07341881855838375,34
FOFO,-0.31031206723382576,5
FOR,-0.0721999316611375,35
FORM,0.10799579222261878,87
FORR,0.21986622221423316,93
FORTY,0.0407505523438173,78
FOSL,0.3215513057735482,96
FOUR,-0.15083653915429124,17
FOX,0.07495481346278116,83
FOXA,0.08183499226729349,84
FOXF,-0.053608418942886954,42
FOXX,-0.14496108765746668,18
FPF,-0.06428459370769743,37
FPH,-0.07312330009872328,35
FPI,0.09119457520822241,85
FPS,0.08546700271369133,84
FR,-0.045088409213359604,44
FRA,-0.0010001778548435313,61
FRAF,-0.017316121839438425,54
FRBA,-0.008225043210203998,58
FRD,0.043219581510724005,78
FRGT,-0.7733526500523558,0
FRHC,0.08968143538679077,85
FRME,-0.037626857696297304,47
FRMEP,-0.0037529360636925023,59
FRMI,-0.2551181221032581,8
FRMM,-0.054690506768637744,41
FRNM,0.24230357556164603,94
FRO,0.20999204156554266,93
FROG,0.07660428590603263,83
FRPH,-0.09060306737029539,29
FRPT,-0.06435656859559756,37
FRSH,0.17103911951947584,91
FRST,-0.023250159868994303,52
FRSX,-0.13242523078086743,20
FRT,-0.09006041821131472,30
FSBC,-0.05644399941804549,40
FSBW,0.019661774521551247,72
FSCO,0.06944019068751396,82
FSEA,0.01115789390769375,69
FSHP,0.004435607485502535,65
FSHPU,0.007909480383751565,68
FSI,0.06995055812755287,82
FSK,0.042256787177033656,78
FSLR,-0.11833717954915886,23
FSLY,0.44775422625803973,97
FSM,0.1696179432483722,91
FSP,-0.26104376017676323,8
FSS,-0.05715385586359354,40
FSTR,-0.07912902700490124,33
FSUN,0.02491145978629674,74
FSV,-0.05938558090992935,39
FT,-0.08941473608513854,30
FTAI,-0.15627281371185947,16
FTAIM,0.016385398854355547,71
FTCI,-0.0443154540800279,45
FTDR,-0.03555950780200275,48
FTEK,0.0687293108455147,82
FTF,-0.050913749765190114,43
FTFT,0.18928569485676366,92
FTH,0.09684360058816202,86
FTHM,-0.3561925027677564,4
FTHY,-0.021533293902801842,53
FTI,-0.04322070349401962,45
FTK,0.2279782738918156,93
FTLF,-0.09812683833081154,27
FTNT,0.17756483917324556,91
FTRE,0.06821201226332194,82
FTS,-0.04971674340275502,43
FTV,-0.0657553904338965,37
FTW,-0.11820829569442981,23
FUBO,0.02681840367475227,74
FUFU,-0.07367570413137292,34
FUL,-0.1380384640268268,19
FULC,-0.0006995258594790893,61
FULT,-0.04366660285353951,45
FULTP,-0.0025642949446099904,60
FUN,-0.30979245559493196,5
FUNC,-0.010909565973446013,57
FUND,-0.016487175413050795,55
FURY,-0.04556797562473429,44
FUSB,0.011625782894697867,69
FUSE,-0.30637975889812263,6
FUTU,0.0029358247052327403,64
FVAV,0.009448898364290392,69
FVCB,-0.016802106057559663,54
FVN,-0.21880605373489626,10
FVNNU,0.02479183098600672,74
FVR,-0.10774077928973472,25
FVRR,-0.12118095599898944,22
FWDI,0.742914553808837,98
FWONA,-0.0592181059848499,39
FWONK,-0.05663789320606913,40
FWRD,-0.06207190353119818,38
FWRG,-0.1697830667286998,14
FXHO,0.13254271781651786,88
FXNC,-0.019377525307547525,54
G,0.035056421682551846,76
GAB,-0.020967161565647863,53
GABC,0.008221352499185675,68
GAIA,-0.2715767869628558,7
GAIN,-0.008893964914973306,57
GALT,0.162061086189477,90
GAM,-0.008524908000725107,57
GAME,-0.05512134437075107,41
GANX,-0.02994083944652126,50
GAP,0.08555427705628889,84
GASS,-0.021775662630712844,53
GATX,0.04113842514766257,78
GAU,-0.008252702054486926,58
GAUZ,-0.1541205006524054,17
GBAB,-0.059742385090703745,39
GBCI,-0.09270986223161401,29
GBDC,-0.008462064842908734,58
GBFH,-0.24663277983052115,8
GBLI,-0.06623537822596619,37
GBR,-0.10008760577834552,27
GBTG,0.0038289229228478435,64
GBX,-0.1093251994121843,25
GCBC,0.05693500415646687,80
GCDT,0.11895764630302406,87
GCL,0.17215978049467245,91
GCMG,0.019504032642964127,72
GCO,-0.017408549009996013,54
GCT,0.2841115968836949,95
GCTK,-0.5793325046724569,1
GCTS,-0.003967963401781745,59
GCV,-0.014272026489465085,55
GD,-0.08665315648692204,30
GDC,-0.1425169131700081,18
GDDY,0.07973727330515434,84
GDEV,-0.028869423614607863,50
GDHG,-0.18631285078633872,13
GDL,0.006890314582381851,67
GDO,-0.0573533463961254,40
GDOT,-0.020184290056304486,53
GDRX,0.07688686482082799,83
GDS,0.017116666431917695,71
GDTC,-0.06782709213727645,36
GDV,-0.024602244024317543,52
GDYN,0.17714750425262965,91
GE,-0.08645587543501064,31
GECC,-0.020319741878120755,53
GEF,0.05787290869647897,80
GEG,-0.014689292420678249,55
GEHC,-0.030761490748324415,49
GEL,-0.0440727571729471,45
GELS,-0.0037434607846517295,59
GEMI,0.3349220254909895,96
GEN,-0.004867884055422298,59
GENB,0.0848866804477712,84
GENC,0.035721923754408934,76
GENI,-0.12593716021641646,21
GENK,-0.15476076642333134,17
GEO,-0.031886520765613005,49
GEOS,-0.16866176936987975,15
GERN,-0.15171614458893515,17
GETY,-0.3821753494785303,4
GEV,-0.041789050644424064,46
GEVO,-0.08437296431968476,31
GF,-0.051284961459149084,42
GFAI,-0.10610576097016637,26
GFF,0.0223547177022404,73
GFI,0.07298815765514897,83
GFL,0.06605321714852652,82
GFR,-0.036426190432437916,47
GFS,-0.16076662293697802,16
GFUZ,0.1633387458376548,90
GGAL,-0.12122770470401378,22
GGB,0.11016258678992959,87
GGG,0.0005104462736036045,62
GGN,0.05109615078959197,79
GGR,0.05961772768541078,81
GGT,0.009635306135996013,69
GGZ,-0.025583871977059826,51
GH,0.13813837751098496,89
GHC,-0.007232813946255623,58
GHG,-0.10536624148372586,26
GHI,0.01728317132344781,71
GHM,-0.15780593062724713,16
GHRS,-0.04005412571761464,46
GHY,-0.04134872768159864,46
GIB,0.008923534773614104,69
GIBO,-0.002060320226683265,60
GIC,0.14653287036201598,90
GIFT,-0.2143911344702055,10
GIGM,-0.02083335402938974,53
GIII,-0.20372357168080946,11
GIL,-0.13237471865155132,20
GILD,0.11331488053699243,87
GILT,-0.09846356374724816,27
GIPR,-0.3477418966648619,4
GIS,-0.05463972453985183,41
GITS,0.0725510009422899,82
GIW,0.00308376829745135,64
GIWWU,0.01776283239309031,72
GIX,0.004522183464889862,65
GIXXU,-0.0004892479755650436,61
GKOS,-0.05424974111366154,41
GL,-0.018323329259778132,54
GLAD,0.022624492610882663,73
GLAS,-0.2322527298421212,9
GLBE,0.12350471940957859,88
GLBS,0.07489175084804492,83
GLDG,0.031156978237404175,75
GLE,0.30651872676167286,95
GLIBA,-0.009000610849647095,57
GLIBK,0.018331496602953953,72
GLND,0.6263940208529641,98
GLNG,-0.019390971028213078,54
GLO,-0.05490613151184927,41
GLOB,0.007704163473932921,68
GLOO,0.38405196242671835,97
GLP,-0.005563767492757811,59
GLPI,-0.09051062112937262,29
GLQ,-0.0425573377251149,45
GLRE,-0.05125106526002135,42
GLSI,0.07551376267569071,83
GLU,-0.03788074686836487,47
GLUE,-0.31455703022486386,5
GLV,-0.050888508436974574,43
GLW,-0.001324125777686952,61
GLXG,0.010868324985218683,69
GLXY,0.028136555103543487,74
GM,0.0021516848574582477,63
GMAB,0.14474567989828943,89
GME,0.23941609413060738,94
GMED,-0.09550226477961243,28
GMEX,-0.6975079890180729,1
GMHS,-0.04825729323547182,43
GMM,-0.28239067262278594,7
GMTL,-0.13768598220917036,19
GNE,0.08027627078390007,84
GNK,0.03564169144929434,76
GNL,-0.034418368103396324,48
GNLN,0.0628321717431847,81
GNLX,-0.11052487645559636,25
GNPX,-0.3096825825037739,5
GNRC,-0.08643911889032876,31
GNS,-0.11541670600102641,24
GNSS,-0.09961892283762579,27
GNT,0.036643727217042635,76
GNTA,-0.5539168443630377,1
GNTX,-0.0711685263687791,35
GNW,-0.011095384217159275,57
GO,0.09122276511375052,85
GOAI,-0.12316141991856185,22
GOF,-0.12532658240547667,22
GOGO,-0.22900610732370993,9
GOLD,0.031525333393497196,75
GOLF,-0.14095539049946396,19
GOOD,0.005372937003692147,66
GOODN,-0.024449712219877507,52
GOOG,-0.004189839049069834,59
GOOGL,-0.0014021694109487828,61
GOOS,-0.16343326459037347,15
GORO,0.2103540029788406,93
GOSS,-0.10798302134841449,25
GOTU,0.39682118854537946,97
GOVX,-0.5138257073180426,2
GP,-0.5105723239736116,2
GPAC,0.004989012173101104,66
GPACU,0.004151205222072285,65
GPAT,0.006595908361482916,67
GPATU,-0.0015913835395443775,61
GPC,0.052356600528013664,79
GPCR,-0.26389177837470873,7
GPGI,-0.10643513029809024,25
GPI,-0.14279277959211717,18
GPK,-0.13359229447843662,20
GPMT,-0.30904838848603045,6
GPN,0.03718858799707469,76
GPOR,-0.038542122581170964,47
GPRE,-0.06181496687114726,38
GPRK,0.12341709871199391,88
GPRO,1.0481245497140916,98
GPUS,-0.6968600874458973,1
GRAB,-0.07204322434564325,35
GRAL,0.5000413341568659,97
GRAN,-0.10702004646128188,25
GRBK,-0.06829020534350315,36
GRC,-0.059510606122162094,39
GRCE,-0.07013772001129845,36
GRDN,0.12008837814315618,87
GRDX,0.05426543459945654,80
GRF,-0.00824646716519757,58
GRFS,-0.06027218313323465,39
GRI,0.3126980130774789,95
GRML,0.1985773628313241,92
GRMN,0.0945080852620824,85
GRND,0.04721201168715017,79
GRNQ,-0.13552969293638203,20
GRNT,-0.06607593481025738,37
GRO,0.042781706666696465,78
GROV,0.0022378822106345238,63
GROW,-0.04784386673959696,43
GROY,0.05750868986490963,80
GRPN,-0.012867011998005544,56
GRRR,-0.06159424324339057,38
GRSD,-0.20087654638233648,11
GRVY,0.003669790440322572,64
GRWG,0.04550527919986874,78
GRX,0.027481218560708977,74
GS,-0.11270057873024647,24
GSAT,0.01987165897169478,72
GSBC,-0.0014742916058256726,61
GSBD,0.04022799528664015,77
GSHD,-0.2404444012785884,9
GSHR,0.005645901455969193,66
GSHRU,0.0037986669389725725,64
GSIT,-0.08743615139373627,30
GSIW,-0.30712855020571195,6
GSK,-0.03652988366551328,47
GSL,0.054751340876174365,80
GSM,0.11922646609969609,87
GSRF,0.004622681029808385,65
GSRFU,0.002613295618197675,64
GSUN,-0.2998339450261502,6
GT,-0.14386632739770833,18
GTE,0.1723139266089168,91
GTEC,0.7246021206066945,98
GTEN,-0.0014496423105583522,61
GTENU,-0.005891462990279395,59
GTERA,0.005892973877136765,66
GTERU,0.004218879860081004,65
GTES,-0.004979680890919625,59
GTIM,0.054360629407462446,80
GTLB,0.43764207680927847,97
GTM,0.18525676257109114,92
GTN,0.06720792219412575,82
GTX,-0.12462418102304848,22
GTY,-0.13948863749565416,19
GUG,-0.07730322048061557,33
GURE,0.020185089850031146,72
GUT,-0.058064342706228546,40
GUTS,-0.3783259051946162,4
GVA,-0.1278574830952362,21
GVH,-0.10295156684860662,26
GWAV,-0.1845504941991492,13
GWH,-0.31681075380893575,5
GWRE,0.032101750194698284,75
GWRS,0.02859515575159951,75
GWW,-0.04369752387900411,45
GXAI,-0.40742981566773717,3
GXO,-0.06199077490019431,38
GYRE,0.14627579129962917,90
GYRO,-0.11564116931818955,24
H,-0.14821770280462787,18
HACQU,0.0009988923874924005,62
HAE,0.19847390453198077,92
HAFC,0.0033863449003851856,64
HAFN,0.22191832578561219,93
HAIN,-0.1630098560287428,15
HAL,-0.03773125078675277,47
HALO,0.26001680062715915,94
HAO,-0.16614120139150804,15
HAPN,-0.17617122906515476,14
HAS,-0.02776926766275647,50
HASI,-0.0711153275623028,35
HAVA,0.007295930314512745,68
HAVAU,-0.0004882924367851094,61
HAYW,-0.12513557641015813,22
HBAN,-0.09764891631738554,27
HBANL,-0.0011938302452099698,61
HBANM,-0.014487368009228785,55
HBANP,0.014873375426848266,71
HBANZ,-0.011427149195574138,56
HBB,0.34105737163760075,96
HBCP,-0.026218831241546583,51
HBIO,0.19613386847923747,92
HBM,0.01229275102065683,70
HBNB,-0.13617398555034893,20
HBNC,-0.034151741292687054,48
HBT,0.044361019538655476,78
HCA,0.08389809558138969,84
HCAC,0.004966205794792455,66
HCACU,0.007376385056370038,68
HCAI,-0.8958216766295013,0
HCAT,0.014262496292009623,71
HCC,-0.0331693525266422,49
HCHL,0.0,62
HCI,-0.01049849158281998,57
HCIC,0.000406785985710656,62
HCICU,-0.0007800780824059771,61
HCKT,0.009497009727290841,69
HCM,0.24509703006655437,94
HCMA,0.001802126323922848,63
HCMAU,0.0002692689480096045,62
HCSG,-0.061521726001175246,38
HCTI,-0.2356222177004633,9
HCWB,-0.39511485132170177,3
HD,-0.09426702923956008,28
HDB,-0.039396575508741684,46
HDL,-0.12164641973486408,22
HDRN,-0.2819117586123416,7
HDSN,-0.12144279218877604,22
HE,-0.2541470376323475,8
HEI,-0.10308562608730278,26
HELE,0.06548253185773724,82
HELP,0.5592883299841401,98
HEPS,-0.09625543757866675,28
HEQ,-0.012009581113783585,56
HERE,-0.12112498837130473,22
HERZ,-0.004486694321987417,59
HESM,-0.003232569953157915,60
HFBL,0.0593401503433143,81
HFFG,-0.10698162544859921,25
HFRO,-0.01230593151394397,56
HFWA,-0.0444733019436,45
HG,-0.026640899748836048,51
HGBL,0.12527703203333096,88
HGLB,-0.034052356271482204,48
HGTY,0.12353376747298497,88
HGV,-0.24925999759911502,8
HHH,-0.040126478700565606,46
HHS,0.596080955604999,98
HIFS,0.007647450626203788,68
HIG,-0.07099357032286227,35
HIHO,-0.013516495016956169,56
HII,-0.07102585386413574,35
HIMS,-0.06643231200823196,37
HIMX,0.013798150320828154,70
HIND,-0.08193499882191324,32
HIO,-0.05912122012479059,39
HIPO,-0.0008691506780948641,61
HIT,-0.13181753569337107,20
HITI,0.17968195119391706,91
HIVE,0.09351681090645628,85
HIW,-0.04680165270459013,44
HIX,-0.06873284359338064,36
HKD,0.01840764803226633,72
HKIT,-0.23034031359475887,9
HKPD,-0.6812199000023451,1
HL,0.061671170368494975,81
HLF,-0.02566102863419716,51
HLI,-0.0237204474046516,52
HLIO,-0.1266391027072418,21
HLIT,-0.12518653214686978,22
HLLY,-0.0993521653419035,27
HLMN,-0.1172461411662721,23
HLN,-0.056273807080598925,40
HLNE,-0.043267754282484125,45
HLP,1.3228028125044353,99
HLT,-0.06293865699580445,38
HLXC,0.009976992798560645,69
HMC,0.07767578709197138,83
HMH,-0.09075604297105785,29
HMN,-0.07789415691479556,33
HMR,0.5037692667149114,97
HMY,0.021380997610615043,73
HNGE,0.1450470112286059,90
HNI,0.11087607922246479,87
HNNA,0.05361211496385556,80
HNRG,-0.09339112089866833,29
HNST,0.18934144083624813,92
HNVR,0.02466587680254123,74
HODO,-0.7402150187494443,0
HOFT,-0.07608148153069938,34
HOG,-0.03577259135680591,48
HOLO,-0.00489523328824152,59
HOMB,-0.03375429109649245,48
HON,-0.0651446888754714,37
HOOD,0.23240332614621098,93
HOPE,0.0027537310088687093,64
HOS,-0.14924293127602986,17
HOUR,-0.07939319057012661,33
HOV,-0.11659186027563928,23
HOVR,-0.10757179725915664,25
HOWL,0.9363650001991075,98
HP,0.01806138222812411,72
HPAI,-0.3688091306435145,4
HPE,0.24536122333833393,94
HPF,-0.11251624556479232,24
HPI,-0.10560569105839061,26
HPK,-0.011294557713861075,56
HPP,-0.19869148208996207,11
HPQ,0.21832953965358615,93
HPS,-0.11507029464172716,24
HQ,-0.21320323730765214,10
HQH,-0.013171211665102378,56
HQI,0.2634199646794608,94
HQL,-0.02713708191437406,51
HQY,-0.07089339949696806,36
HR,-0.09971452211866694,27
HRB,-0.03844415804516703,47
HRI,-0.12813702733466037,21
HRL,-0.1809682174704403,13
HRMY,0.10675754612337322,86
HROW,-0.1919732077071239,12
HRTG,0.13122449671576403,88
HRTX,-0.21964933856773355,10
HRZN,0.040092961450607645,77
HSAI,-0.03637539176862822,47
HSBC,-0.010955607467195925,57
HSCS,0.7299307878573372,98
HSDT,0.5754066153692973,98
HSHP,0.1637539456420868,90
HSIC,-0.00528643212580686,59
HSLV,0.13467304116157003,89
HST,-0.06017071031199914,39
HSTM,0.04986635632110337,79
HSY,-0.06301065583070181,38
HTB,-0.04968638233356237,43
HTCO,-0.2676706414985271,7
HTCR,-0.22009771293016328,10
HTD,-0.08922716135537806,30
HTFL,0.3288573650856738,96
HTGC,0.05987854987521282,81
HTH,-0.004603710462374622,59
HTHT,-0.029935773769737016,50
HTLD,-0.14933066849953816,17
HTLM,-0.02675333892747035,51
HTO,0.0016362501269497343,63
HTOO,-0.06375736046172838,38
HTT,-0.062437703793927615,38
HTZ,-0.1983419328407252,11
HUBB,-0.035143106870593056,48
HUBC,2.4323213963174632,99
HUBG,-0.27497529276348603,7
HUBS,0.08861599324898924,85
HUDI,-0.20010281962856533,11
HUHU,0.10174804102681552,86
HUIZ,0.02778911321413647,74
HUM,-0.01119896177262777,56
HUMA,-0.13174807938982783,21
HUN,-0.16266326177968382,15
HURA,-0.04615049911527222,44
HURC,-0.04965521208927285,43
HURN,0.26875188336399664,95
HUT,0.06483021321532628,82
HUYA,0.026515322448461675,74
HVII,-0.4376315610353804,3
HVIIU,-0.03467999563333244,48
HVMC,0.0055016461980572865,66
HVMCU,0.009987933175362108,69
HVT,0.07128443723557538,82
HWBK,-0.013825214935788544,56
HWC,-0.025260785112642115,51
HWKN,-0.059583156465927746,39
HWM,-0.17338247232778925,14
HXHX,-0.20058275491458916,11
HXL,-0.1262088074954002,21
HY,-0.03926934879917807,46
HYFM,0.13889019016167906,89
HYFT,0.03287482868799774,76
HYI,-0.036349946255037346,47
HYLN,0.058815627810298074,81
HYMC,-0.11213748272798976,24
HYNE,-0.004831034511099874,59
HYPD,0.30034114795285005,95
HYPR,-0.20617357545142828,11
HYT,-0.04241151100040027,45
HZO,0.2719121639399995,95
IA,-0.07941892894390863,33
IACOU,0.0019980000468738934,63
IAE,0.02075511140773214,73
IAF,0.009938337432018808,69
IAG,0.12138591605301263,88
IART,-0.10953785643607071,25
IAUX,0.09355714829972726,85
IBAC,0.052359955675065524,79
IBCP,-0.03159476001167057,49
IBEX,0.2689004049479626,95
IBG,-0.025463075274121998,51
IBIO,-0.14356474578247996,18
IBKR,-0.01870203544666662,54
IBM,0.011101926837586117,69
IBN,-0.045927151156927616,44
IBO,0.14557795068559284,90
IBOC,-0.05634144252215584,40
IBP,-0.12199986671017327,22
IBRX,0.15519117286171777,90
IBTA,0.2840853602242028,95
ICCC,-0.02684811156941076,51
ICCM,-0.38043102468469087,4
ICE,0.050927967980419805,79
ICFI,0.04486759087283794,78
ICG,0.13159846443338497,88
ICHR,-0.20192568137293607,11
ICL,-0.021265227994840694,53
ICLR,-0.005729952518265646,59
ICMB,-0.014568646415014812,55
ICON,-0.0009027127223231596,61
ICU,0.013478969497263285,70
ICUI,0.0069225640295639615,67
IDA,-0.09282649079592956,29
IDAI,0.3448369998598073,96
IDCC,0.09395101559534769,85
IDE,-0.06511691620918819,37
IDN,-0.30094531810626024,6
IDR,-0.04407152817187373,45
IDT,0.07536198299713082,83
IDXX,-0.04811871783855587,43
IDYA,-0.003060875658936481,60
IE,0.012326868601237582,70
IEAG,0.00249043428268636,63
IEAGU,0.0044872141479398225,65
IEP,0.03429747105365323,76
IESC,-0.06423215890245153,37
IEX,0.008354898198796723,68
IFBD,-0.017223558387341374,54
IFF,0.09162969359387807,85
IFN,-0.02492758777788825,51
IFRX,0.009659910636585257,69
IFS,-0.014339935572900985,55
IGA,0.03634864087717475,76
IGAC,0.006680983624098613,67
IGACU,-0.0034951422331144675,60
IGC,0.004778918671438925,65
IGD,-0.0026016341972819983,60
IGI,0.006736529280034054,67
IGIC,-0.08447860893658006,31
IGR,1.7384181739345177,99
IH,-0.10008578540847002,27
IHD,0.02399779558762791,73
IHG,-0.023197228895365372,52
IHRT,-0.26549778981749594,7
IHS,0.012112852410802732,70
IHT,-0.10122266339213927,27
IIF,-0.022653262024143885,52
III,0.23560125323441417,94
IIIN,-0.042446575796128844,45
IIIV,-0.16677269070533202,15
IIM,-0.07296390595834655,35
IIPR,-0.05403172833206752,41
IKT,-0.043438615456466004,45
ILAG,-0.05577370007653136,41
ILLR,-0.5857981628542941,1
ILLUU,0.011862544536429454,70
ILMN,0.2808594307017839,95
ILPT,-0.13206336897046275,20
IMA,-0.13905143530497666,19
IMAX,0.10609571614627766,86
IMCC,-0.1973450236769919,12
IMCR,-0.08990939280956442,30
IMDX,-0.1674233951729932,15
IMKTA,-0.03045488747549028,49
IMMP,-0.30769225478877493,6
IMMR,0.05225039054798168,79
IMMX,0.08323912415378533,84
IMNM,0.006162055384181554,67
IMNN,-0.12099804935079868,23
IMO,-0.03542095124890232,48
IMOS,0.17045537348847573,91
IMPP,0.04584889700994728,78
IMPPP,0.006716890672584186,67
IMRN,0.03313220755051678,76
IMRX,-0.09452426276597264,28
IMSR,-0.17574045956851123,14
IMTE,0.021467994628008878,73
IMTX,-0.0671969800942546,37
IMUX,-0.39485884851300707,3
IMVT,-0.1639519435808788,15
IMXI,-0.17132576571442745,14
INAB,-0.14231663320079205,18
INAC,0.007697709652571972,68
INACU,0.0038722131799084902,65
INBK,-0.05227744447370845,42
INBS,-0.1997918299434739,11
INBX,0.05415632206226026,80
INCR,0.18713880994617738,92
INCY,0.046811489181130664,79
INDB,-0.04733835275248181,44
INDI,-0.17101172901346162,14
INDO,-0.014880078865144586,55
INDP,1.2707277550710152,99
INDV,-0.06735462219040435,37
INEO,-0.10013004961003881,27
INFQ,0.188597042878932,92
INFU,0.22837259718268063,93
INFY,-0.04832461160132289,43
ING,0.08193548668803308,84
INGM,-0.03212227749257053,49
INGN,-0.14907438558866648,17
INGR,-0.057798666690449335,40
INHD,-0.7410622387824042,0
INKT,0.06409748948452702,82
INLF,-0.4082736558089253,3
INLX,-0.05183122230603408,42
INM,-0.11961349476443052,23
INMB,0.0615618480196392,81
INMD,-0.03419288723764083,48
INN,-0.11877789259985648,23
INNV,-0.17194484630764503,14
INO,0.11387064908831605,87
INOD,0.19302822691625923,92
INR,-0.06472212202971815,37
INSE,-0.306487507180502,6
INSG,-0.2793007998864465,7
INSM,0.03268828666406515,76
INSP,0.2923009977860657,95
INSW,0.1281885794077139,88
INTA,0.18975161225473708,92
INTC,0.28714656238022773,95
INTG,0.047292561743319285,79
INTJ,-0.2753858825948189,7
INTR,-0.029379709106696416,50
INTS,-0.09553695207555504,28
INTT,-0.1428526691077976,18
INTU,-0.08038145197279581,32
INTZ,0.11183451283199373,87
INUV,-0.32147595984505395,5
INV,-0.5789980569737811,1
INVA,-0.061391568046932896,39
INVE,-0.19195451380203232,12
INVH,-0.09108358888892433,29
INVX,0.02593560469317586,74
INVZ,-0.07038953502810195,36
IONQ,0.06536520728591988,82
IONR,-0.060058793069025763,39
IONS,-0.28081604234414453,7
IOR,-0.08833876661300963,30
IOSP,0.0965614585655435,86
IOT,0.11133485038422145,87
IOTR,-0.2604100476194391,8
IOVA,0.7242885814880295,98
IP,-0.08652799471793267,30
IPAR,0.04553278613036114,78
IPEX,-0.11651243183579128,23
IPEXU,-0.0035003993155678817,60
IPFXU,-0.029554296247971734,50
IPGP,-0.08981804584910874,30
IPHA,-0.12437608284948627,22
IPI,0.011850221698564645,70
IPM,-0.003455948886007842,60
IPSC,-0.18550316787641916,13
IPST,-0.3036468387258858,6
IPW,-0.7143616720251231,0
IPWR,-0.12957270351670835,21
IPX,-0.15309447086732444,17
IPXG,0.0027990335969531044,64
IQ,-0.07668300753680761,33
IQI,-0.05476427827558958,41
IQMX,-0.052958734821344056,42
IQST,-0.017765147458036923,54
IQV,0.21585026643519448,93
IR,-0.05641433440368573,40
IRAB,0.003716822410890064,64
IRD,0.3292938212728423,96
IRDM,0.019275346998340083,72
IREN,0.15877554639487285,90
IRHO,0.0026931513226054137,64
IRHOU,-0.00625689232874015,58
IRIX,-0.2733118714433026,7
IRM,-0.07103091055247457,35
IRMD,-0.04449058144985411,45
IRON,-0.13696870578901263,19
IRS,-0.004118707937654176,59
IRT,-0.1127000246333315,24
IRTC,-0.05091430206310855,43
IRWD,0.056907253059218975,80
ISBA,-0.05261339063856807,42
ISD,-0.05249402464382619,42
ISOU,-0.10862051343109158,25
ISPC,-0.38395596737062626,4
ISPR,-0.16698031646580178,15
ISRG,0.08319248689003853,84
ISTR,-0.017950513037486116,54
IT,0.13262861589948338,89
ITGR,0.17530300070736837,91
ITHA,0.006705438152058197,67
ITHAU,0.004877941415055442,65
ITIC,0.040143175483670857,77
ITOC,0.10102867865703014,86
ITP,-0.12046788205999512,23
ITRG,0.10474216866732762,86
ITRI,0.008081388395392443,68
ITRN,-0.03486338108974803,48
ITT,0.05485729479814039,80
ITUB,0.04739095228633615,79
ITW,-0.009221367040804484,57
IVA,-0.21593639594633132,10
IVDA,-0.024498592123568773,52
IVF,-0.06996280136663913,36
IVR,-0.13069737358254577,21
IVT,-0.10724335127052877,25
IVVD,0.14023153406755473,89
IVZ,0.020602425357236775,72
IX,-6.741862411605568e-05,61
IXHL,0.01770704293838144,72
IZEA,-0.19827169470906214,11
IZM,3.769641927671232,99
J,0.025677443966279478,74
JACK,-0.08391280790083551,31
JACS,0.0075802145115215986,68
JAGU,-0.06088422388379605,39
JAGX,-0.44496703178412494,3
JAKK,0.016515269687290213,71
JAN,-0.007565363093052953,58
JANX,0.01184908524723479,70
JAZZ,-0.05765482458246779,40
JBDI,-0.10847119741469996,25
JBGS,-0.19883591876729784,11
JBHT,-0.15585294389770338,16
JBI,-0.17791873794413213,13
JBIO,-0.29650866216990723,6
JBL,-0.053848329950157356,41
JBLU,-0.15501978000363542,17
JBS,-0.11068270679169745,25
JBSS,-0.11251610123326197,24
JBTM,-0.0870088946816054,30
JCAP,-0.04456960444787421,45
JCE,0.03645958196285446,76
JCI,0.02482724980868527,74
JCSE,-0.036181821830257775,48
JCTC,0.09349477323379704,85
JD,-0.05887256817533795,39
JDZG,-0.481641508140511,2
JEF,-0.13926359174732691,19
JELD,0.11905551479783825,87
JEM,-0.27999821874873043,7
JENA,0.002609582821178047,64
JF,0.037754898383838185,77
JFIN,-0.3628385969864808,4
JFR,-0.020509071795401835,53
JFU,0.050535611944769986,79
JG,0.2292862502221374,93
JGH,-0.04184858068025024,46
JHI,-0.04466357049429327,45
JHS,-0.030674634561814906,49
JHX,-0.026168927828361555,51
JILL,0.36976155829902535,96
JJSF,-0.023656719221115462,52
JKHY,-0.013128449363629065,56
JKS,-0.38549409521548483,4
JL,-0.12319291548363856,22
JLHL,-0.24376056254844286,8
JLL,-0.06051568047348021,39
JLS,-0.03178494777715687,49
JMIA,0.08590125954239458,84
JMM,-0.02429589958224885,52
JMSB,0.009599128023999915,69
JNJ,0.03974990259446514,77
JOB,0.04103894965667556,78
JOBY,-0.16010751391096045,16
JOE,-0.004285296449665478,59
JOF,0.06024349959113032,81
JOUT,-0.05265118753315725,42
JOYY,0.12631866920333634,88
JPC,-0.0881515048839411,30
JPM,-0.03641850918407837,47
JQC,-0.012607796691859874,56
JRI,-0.08911088731153428,30
JRS,-0.08666727413313474,30
JRSH,0.1453295599370936,90
JRVR,-0.13772033513523313,19
JSPR,-0.13881514721729438,19
JTAI,0.24192089925197488,94
JUNS,-0.6492774833911809,1
JVA,0.16516961565686694,90
JWEL,0.012912224070428479,70
JXG,-0.04489607337336899,44
JXN,0.07721792357021129,83
JYD,0.12291293301467214,88
JYNT,-0.023947407522916776,52
JZ,-0.8085516452011767,0
JZXN,-0.1427490150435285,18
KAI,-0.09917985014001729,27
KALA,-0.3472293127871579,4
KALU,-0.05727733641054708,40
KAPA,-0.2093322974168465,11
KARO,0.09169461589806913,85
KAZR,0.2848521777920887,95
KB,0.08723650146391007,85
KBDC,-0.0206796840819504,53
KBH,-0.1720643950148235,14
KBON,-0.0008895627798177874,61
KBONU,0.0024390336943835855,63
KBR,-0.03309945276903681,49
KBSX,0.36939105661156146,96
KC,-0.06480077222199852,37
KCHV,0.003943973009155788,65
KCHVU,-0.026954078007645,51
KD,0.011658192838398009,70
KDK,-0.3127190131255624,5
KDP,0.023994683884690803,73
KE,0.12558139427720807,88
KEEL,0.030363240843043135,75
KELYA,0.10139630835060215,86
KELYB,0.01301871273780129,70
KEN,-0.01869287871885511,54
KEP,-0.06440985581602038,37
KEQU,-0.06715959429968098,37
KEX,-0.08553904203601638,31
KEY,-0.08548970722599641,31
KEYS,0.08537444762544079,84
KF,0.02243000697811874,73
KFFB,0.05766985240367986,80
KFII,0.006703671475680006,67
KFIIU,0.002542368202347123,64
KFRC,-0.04260252886646834,45
KFY,-0.06562028853382434,37
KG,-0.4049438596412651,3
KGC,-0.006749449909246842,58
KGEI,0.1515301685841422,90
KGS,-0.16977018670783156,14
KHC,-0.02649305842628359,51
KIDS,0.0361828502815544,76
KIDZ,-0.5447336180194102,1
KIM,-0.09184884074303899,29
KINS,-0.019162104973064264,54
KIO,-0.03346430358937107,48
KITT,-0.4141205037019725,3
KKR,-0.04017454369045703,46
KLAC,-0.07768311037405617,33
KLAR,-0.18187774472008472,13
KLC,-0.35859211168703664,4
KLIC,-0.06797354045182248,36
KLRS,-0.2457235943017917,8
KLTR,-0.09867858787002952,27
KLXE,-0.21506546951118377,10
KMB,-0.08110126827772593,32
KMDA,0.18012071428290732,91
KMI,-0.009226872431401235,57
KMPR,-0.038403387313169154,47
KMRK,-0.15515715628863685,17
KMT,-0.06934762233714627,36
KMTS,0.0739733380441672,83
KMX,-0.020977560423805195,53
KN,0.01832983461373854,72
KNDI,-0.1399846170659229,19
KNF,-0.2939593308198569,6
KNOP,0.027415138342678412,74
KNRX,-0.31584714891804094,5
KNSA,0.09910872612836664,86
KNSL,-0.02760914527256326,51
KNTK,0.019064129275203845,72
KNX,-0.06811818856976072,36
KO,0.03456732462930247,76
KOD,-0.18816367377956764,12
KODK,0.053369349836573786,80
KOF,0.025391139010329997,74
KOP,0.007242501049283069,68
KOPN,0.10810240312168123,87
KOS,-0.03178406401221564,49
KOSS,0.0668733483672375,82
KOYN,0.0034043647991526594,64
KOYNU,0.003512085633404616,64
KPLT,0.13800410203720584,89
KPRX,0.008419611999882047,68
KPTI,-0.44325405250220773,3
KR,0.01345214090277117,70
KRAQ,0.0013006303827467036,63
KRAQU,0.00297419952940825,64
KRC,-0.08281314586604377,32
KREF,-0.1707609569011737,14
KRG,-0.09731790224924722,28
KRKR,0.04062687548352264,77
KRMD,-0.06929803096086498,36
KRMN,-0.34860804264496265,4
KRNT,-0.05367160378483227,41
KRNY,0.0052911898423129485,66
KRO,0.1609240466812283,90
KROS,0.0827359468692848,84
KRP,-0.03904862142859853,46
KRRO,-0.22791996206445747,9
KRSA,0.25771451398010153,94
KRSP,0.0067150030301510125,67
KRT,0.3266445250186692,96
KRUS,-0.2095695446908049,11
KRYS,0.00699069426921438,67
KSCP,-0.3842576934266635,4
KSPI,0.022685819863664296,73
KSS,-0.03413276853291397,48
KT,0.052886386633943294,80
KTB,-0.1862809046531073,13
KTCC,-0.4038074774358896,3
KTF,-0.06064375463265402,39
KTOS,-0.0801083979977205,33
KTTA,-0.022859890223981064,52
KTWO,0.007596396863399125,68
KTWOU,0.005906565525072516,66
KULR,-0.1434155321351894,18
KURA,-0.02816105691541604,50
KUST,-0.433936909382461,3
KVHI,-0.14228385694133866,18
KVUE,-0.047529946720126566,44
KVYO,0.02774730145651565,74
KWR,0.025053117630981416,74
KWY,-0.0747725423261949,34
KXIN,-0.6916346518826387,1
KYIV,-0.0426910976457908,45
KYMR,0.03081568313756068,75
KYN,-0.01319428047470048,56
KYNB,-0.0022797877109569254,60
KYTX,-0.12148547342449792,22
KZIA,-0.2904980759472276,6
L,-0.059042629112756484,39
LAB,-0.00814669930020181,58
LAC,-0.07694534487669177,33
LAD,-0.1025830020288755,26
LADR,-0.07639163074050309,34
LAES,-0.10992487527671163,25
LAFA,0.0029654308565780774,64
LAFAU,0.004528983863433367,65
LAKE,-0.06807971447243441,36
LAMR,-0.04742169189504522,44
LAND,0.11407559209160643,87
LANDO,-0.039629457310748184,46
LANDP,-0.024438284159576495,52
LANV,-0.12586538565148303,21
LAR,-0.15423268965720804,17
LARK,-0.01389934128007454,56
LASE,-0.35843403321133854,4
LASR,-0.27585992786567815,7
LATA,0.0038535958899557077,64
LATAU,0.0064023691042964575,67
LAUR,-0.008128102742437216,58
LAW,0.10532585664200982,86
LAWR,0.0,62
LAZ,-0.1472371365956971,18
LB,0.03699733014132227,76
LBGJ,-0.5416710896636029,1
LBRT,-0.10977857051959161,25
LBRX,0.007231928814807512,68
LBTYA,-0.10941006326823226,25
LBTYB,-0.0026447287250420323,60
LBTYK,-0.10701188159551359,25
LCCC,0.006132021126891596,67
LCCCU,-0.005987621833775603,59
LCFY,-0.04220667532105836,45
LCID,-0.23170701248085068,9
LCII,-0.150184040178512,17
LCNB,-0.01448480022929529,55
LCTX,-0.132796727289362,20
LCUT,-0.013998721965519599,55
LDI,-0.29653575868212445,6
LDOS,0.01830677924035664,72
LDP,-0.0512403619080041,42
LE,-0.13284443836992085,20
LEA,-0.08664580222186866,30
LECO,-0.013301019297512606,56
LEDS,0.13996543114222862,89
LEE,-0.16704740841235755,15
LEGH,0.07238958597365927,82
LEGN,-0.21605251093121247,10
LEGO,0.002817719798706153,64
LEN,-0.046065700902875074,44
LENZ,-0.24414164858018933,8
LEO,-0.07866617253005392,33
LESL,-0.5285641791777353,2
LEU,-0.15753222206227127,16
LEVI,-0.12982438406527683,21
LEXX,-0.6623617145324352,1
LFAC,0.004294183635316173,65
LFACU,0.0029673782810485157,64
LFCR,-0.061973032968779956,38
LFMD,-0.1687748855373355,15
LFMDP,0.0014401744196567369,63
LFS,-0.04409934950477962,45
LFST,0.07553979790166718,83
LFT,-0.3048925033932462,6
LFUS,-0.0005525164504113673,61
LFVN,-0.0316752194820822,49
LFWD,-0.020388758577715452,53
LGCL,-0.7219516873110947,0
LGCY,-0.061403077784382226,38
LGHL,-0.6058140245746699,1
LGI,-0.04072227544876291,46
LGIH,-0.15884430892715856,16
LGL,-0.024817019580858024,51
LGN,-0.21163842510432482,10
LGND,0.031031115929103383,75
LGO,0.049433746679747245,79
LGPS,-0.08334821392808675,31
LGVN,-0.652653035332627,1
LH,0.0025044225218882193,64
LHAI,0.3088479580642586,95
LHSW,-0.6775415383320377,1
LHX,-0.1451829022002827,18
LI,-0.082699988836297,32
LICN,-0.15132337050621741,17
LIDR,-0.06923590380567779,36
LIEN,0.05311303413923835,80
LIF,-0.1234287901192563,22
LIFE,0.4753475847926747,97
LII,-0.18765701053790831,12
LILA,0.13219534900341168,88
LILAK,0.13314391078245424,89
LIMN,-0.2610775699549337,8
LIN,-0.05349294809080397,42
LINC,-0.254088601189375,8
LIND,-0.04863887744843216,43
LINE,-0.11740567732197824,23
LINK,0.10691622348571056,86
LIQT,0.07010733243582573,82
LITB,0.006641133245893105,67
LITE,0.15518654919663158,90
LITS,0.218703833765306,93
LIVE,-0.19764114813327763,11
LIVN,-0.019430362306318283,54
LKFN,-0.0347183794049771,48
LKFT,0.07256900208612896,82
LKQ,-0.07461904169427955,34
LKSP,0.005313027035890716,66
LKSPU,0.006359830509983877,67
LLY,-0.04176048054017605,46
LLYVA,-0.03259810136056659,49
LLYVK,-0.03451723978785025,48
LMAT,-0.08331977445998526,31
LMB,-0.0718469770606206,35
LMND,-0.2119484564402862,10
LMNR,-0.10397417453380497,26
LMRI,-0.09375234971457024,29
LMT,-0.04344826810004388,45
LNAI,-0.1272212038466554,21
LNC,0.0067581510974315875,67
LND,-0.041350461584774824,46
LNG,0.029557716975379737,75
LNKS,-0.1338316654612493,20
LNN,0.0039312645777105585,65
LNSR,0.03426218646709501,76
LNT,-0.09990885209824214,27
LNTH,-0.02230511392918838,52
LNZA,-0.008185971457761499,58
LOAN,-0.05679797287644263,40
LOAR,-0.1255156246181308,21
LOB,-0.09987763604028224,27
LOBO,-0.14601649866510943,18
LOCL,-0.06935897927704225,36
LOCO,-0.0926279119613854,29
LODE,-0.2868680345374529,6
LOGI,0.06793622973273106,82
LOMA,-0.09877494890829719,27
LONA,-0.2316473421504923,9
LOOP,-0.3114353271125816,5
LOPE,0.045864234060330286,78
LOT,-0.15247040814537305,17
LOVE,-0.08498401700213,31
LOW,-0.09257687404556776,29
LPA,-0.05098875854047006,42
LPAA,-0.01222677293553659,56
LPAAU,0.011330219716285783,69
LPBB,0.00679744587818869,67
LPBBU,0.0019605121355065537,63
LPCN,-0.034823111762819804,48
LPCV,0.006498972072450426,67
LPCVU,0.017264880442102126,71
LPG,0.14518155358708584,90
LPL,-0.14807918057810665,18
LPLA,-0.09543464884184993,28
LPTH,-0.27788022937152757,7
LPX,-0.06707802391772172,37
LQDA,-0.09850921292829422,27
LQDT,0.05794667648077603,80
LRCX,-0.0376326911581971,47
LRE,-0.18396392783458587,13
LRHC,2.690215889131411,99
LRMR,-0.03847295726634373,47
LRN,-0.07156072576106264,35
LSAK,-0.0938501342733892,29
LSBK,0.05546036962810634,80
LSCC,-0.05064484277840714,43
LSE,0.14819036220813353,90
LSF,-0.07644998206917886,34
LSPD,-0.04426288671085006,45
LSTA,-0.24871311344707042,8
LSTR,-0.14979222595423944,17
LTBR,-0.19582147969037664,12
LTC,0.07039861972785369,82
LTH,-0.06673919040009511,37
LTM,0.012827903700990538,70
LTRN,-0.48511041651238557,2
LTRX,0.08842361385232783,85
LU,-0.0979139600049448,27
LUCD,-0.13585374782666612,20
LUCK,-0.23677376642559017,9
LUCY,0.3102050933166887,95
LUD,-0.05496562827233943,41
LULU,-0.13410174146622328,20
LUMN,-0.046005905056651475,44
LUNG,0.24678115211352375,94
LUNR,-0.029416189381882667,50
LUV,-0.045884687664634424,44
LUXE,0.1439973771304551,89
LVLU,-0.16964786666028053,14
LVO,-0.4621240330591137,2
LVS,-0.16113945321310436,16
LVWR,0.36061447869452967,96
LW,-0.10152134265075657,27
LWAC,0.009857674105745541,69
LWACU,0.002327827775200353,63
LWAY,-0.19317128764984237,12
LWLG,-0.1595235536589313,16
LX,-0.50665245385045,2
LXEH,-0.0035418956182088346,59
LXEO,-0.2716996986831366,7
LXFR,-0.0079345326253899,58
LXP,0.02728571085835864,74
LXRX,-0.09273753805417434,29
LXU,-0.10000287831411384,27
LYB,-0.046509610449536845,44
LYEL,-0.2470498185938174,8
LYFT,-0.04747859543137273,44
LYG,-0.0457337095588643,44
LYTS,-0.08249267018003588,32
LYV,-0.04664096495551562,44
LZ,-0.053240277070038554,42
LZB,-0.1678427367272552,15
LZM,0.0015756063959517508,63
LZMH,-0.021555462962599838,53
M,-0.03277983061831956,49
MA,0.028755545691063603,75
MAA,-0.1073774195066388,25
MAAS,-0.10670166193084157,25
MAC,-0.0733926590240298,34
MACI,0.013513965172068619,70
MACIU,0.0005844276629323963,62
MAGH,0.0,62
MAGN,-0.05746634294288522,40
MAIA,-0.024500457063473625,52
MAIN,0.017463671508555868,71
MAKO,0.16203239749927761,90
MAMA,-0.2265715947061493,9
MAMK,0.0,62
MAMO,-0.06275273182399851,38
MAN,0.16703948819893363,91
MANE,0.08632911710588341,84
MANH,0.24150883607216928,94
MANU,-0.10173302889307388,26
MAR,-0.03440605902278848,48
MARA,0.11820814958045983,87
MARPS,-0.07733684895778115,33
MAS,-0.08038759901497959,32
MASK,-0.3921771806279877,3
MASS,0.22440561450155794,93
MAT,-0.08373636421041669,31
MATH,0.1763203996139791,91
MATV,0.2873558553073792,95
MATW,-0.16176077334860156,16
MATX,0.03740242544216874,77
MAX,-0.24068409117098669,9
MAYS,0.015570526722992748,71
MAZE,-0.005709741248875843,59
MB,-0.11954839658796315,23
MBAI,-0.3445436226805629,5
MBBC,0.012772107629838735,70
MBC,-0.17490458652200624,14
MBI,-0.1612694923094623,16
MBIN,0.008002763384002062,68
MBINL,-0.009231999096523358,57
MBINM,0.01669190289481204,71
MBINN,-0.003365357776884059,60
MBIO,-0.1422998537659755,18
MBLY,-0.08062531351288448,32
MBNKO,-0.000697072754122463,61
MBOT,-0.19608187288560955,12
MBRX,-0.44025222097437255,3
MBUU,-0.1731813666394016,14
MBVI,0.005313027035890716,66
MBVIU,0.002631122752070114,64
MBWM,0.020412868336150324,72
MBX,-0.04084675102257931,46
MC,-0.13063657808955412,21
MCB,-0.050450335837122065,43
MCBS,-0.027978559822114734,50
MCD,-0.11244240975614984,24
MCFT,-0.2031792192213901,11
MCGA,0.010006136893951467,69
MCGAU,0.0001513241840669368,62
MCHB,-0.04393227210989881,45
MCHP,-0.05746328537215865,40
MCHPP,-0.049239723521423126,43
MCHX,-0.20983969745635328,11
MCI,0.08643876374616397,84
MCK,0.06460896213729865,82
MCN,-0.02912683674087263,50
MCO,-0.013705194222650973,56
MCRB,-0.25951248241422853,8
MCRI,-0.05289223571440186,42
MCRP,-0.3767529683829526,4
MCS,0.05728164384914075,80
MCTA,0.0,62
MCY,-0.07216600777939197,35
MD,0.006687366152515507,67
MDA,-0.019054264657120703,54
MDAI,0.016560553515954424,71
MDB,0.1936407994933464,92
MDBH,-0.1781362321782799,13
MDCX,-0.4869190512477338,2
MDGL,-0.0205052491218861,53
MDIA,0.12326240134350552,88
MDLN,-0.03162991884213423,49
MDLZ,-0.01347566536596253,56
MDRR,0.05084523592789183,79
MDT,0.028479162081304764,74
MDU,-0.10123765749777341,27
MDWD,-0.0023504714329280925,60
MDXG,0.1530614874565392,90
MDXH,0.07395172688259694,83
MEC,-0.324167726538071,5
MED,0.10441216077934486,86
MEDP,0.06339772107316474,81
MEDS,1.1071687063379219,99
MEGI,-0.07132150437720851,35
MEGL,-0.0037648441453542302,59
MEI,0.018866922380416797,72
MELI,-0.004797584743856564,59
MENS,-0.011298300788675338,56
MEOH,0.032340453286256544,75
MERC,-0.40110533047048164,3
MESH,0.005190415378018365,66
MESHU,0.01185504023266659,70
MESO,-0.06620327717827203,37
MET,0.05441905918625696,80
META,0.3084884730009549,95
METC,-0.21685165908787274,10
METCB,-0.367091580725537,4
MEVO,0.005724302002221781,66
MEVOU,0.0029788683699069948,64
MF,0.49084522590456536,97
MFA,-0.07458360623989742,34
MFC,0.03790409466484246,77
MFG,0.04909933666702489,79
MFI,0.024224200669740667,73
MFIC,-0.051075846225089185,42
MFIN,0.10248457263254544,86
MFM,-0.06033102558504039,39
MG,0.17272063089245043,91
MGA,-0.0718684463555018,35
MGEE,-0.1023164361859061,26
MGF,-0.028487604449885108,50
MGIH,-0.010548513062198672,57
MGLD,-0.08172507922747486,32
MGM,-0.15360186090496308,17
MGN,-0.9676778346238823,0
MGNI,0.18203837756931596,91
MGNX,-0.09024919957044789,30
MGPI,-0.2661872107574046,7
MGRC,-0.03875595146745784,47
MGRX,0.09484243368327219,85
MGTX,-0.10000062865586438,27
MGX,-0.08052350845004942,32
MGY,-0.09629683442341744,28
MGYR,0.038320712771625715,77
MH,0.23848702472240435,94
MHD,-0.06844655536616755,36
MHF,-0.0784884846698437,33
MHH,-0.039429661359451675,46
MHK,-0.014303982207040856,55
MHO,-0.08107842146726783,32
MI,-0.48314686183412,2
MIAX,-0.11982284295631432,23
MICC,0.02749538599751832,74
MIDD,-0.0950216691259837,28
MIMI,-0.6270571807395445,1
MIN,-0.01312733736732249,56
MIND,-0.08328632901522309,31
MINE,0.05872256292491329,81
MIR,0.01818618490020978,72
MIRA,0.018763214637400764,72
MIRM,-0.14114085265866416,19
MIST,-0.24335380313052157,8
MITK,0.014398864811291887,71
MITQ,0.13335605288285615,89
MITT,-0.12366278675426068,22
MIY,-0.03766701841073002,47
MKC,-0.05450844038482319,41
MKDW,-0.8582951632997029,0
MKL,-0.0646291030298065,37
MKLY,0.005056991075878958,66
MKLYU,0.015547792571855745,71
MKSI,-0.1653163623688455,15
MKTW,0.039986400293095525,77
MKTX,0.21506499577290913,93
MKZR,-0.10521134984202896,26
MLAA,0.003414505091679132,64
MLAAU,0.001791469937759427,63
MLAB,0.21909580956328384,93
MLCI,0.05436119490691238,80
MLCO,-0.14173876285093145,19
MLEC,-0.13479721639025455,20
MLGO,-0.19930866111020848,11
MLI,-0.056528462176596114,40
MLKN,-0.027418050343899686,51
MLM,-0.10872194940517163,25
MLP,-0.02119096639422243,53
MLR,0.01334430328925289,70
MLSS,0.032499961722643134,75
MLTX,-0.2692559644392263,7
MLYS,0.03294539235898655,76
MMA,-0.08011056288685545,33
MMD,-0.06779698555896704,36
MMED,0.17852392144043405,91
MMI,-0.02084657592135998,53
MMLP,-0.03345629109126425,48
MMM,-0.008161648135359478,58
MMS,-0.06177632951496863,38
MMSI,0.09571679295809996,85
MMT,-0.001985312948772234,60
MMTX,0.005533001458855202,66
MMTXU,0.0,62
MMU,-0.09598180153355552,28
MMYT,-0.1267422252585855,21
MNDO,0.04684209242421833,79
MNDR,-0.343704435072775,5
MNDY,0.08501752151956324,84
MNKD,-0.1700322995900398,14
MNOV,1.0601803234905482,98
MNPR,-0.11283471520213145,24
MNR,-0.17649904647180079,14
MNRO,0.014195098973837441,70
MNSB,0.026774842797641394,74
MNSBP,-0.005414063315138894,59
MNSO,-0.21803301934003166,10
MNST,-0.07153026386420004,35
MNTK,0.2758866005849345,95
MNTN,0.03848674219998557,77
MNTS,-0.14697686313509634,18
MNY,-0.2632473935916356,7
MO,0.017170858547794935,71
MOB,-0.08085600596178205,32
MOBX,-0.4617157575016563,2
MOD,-0.1402758438819242,19
MODD,-0.3638652118547102,4
MOGU,0.03741788612579182,77
MOH,-0.050932584743513434,43
MOLN,0.039295212678433514,77
MOMO,-0.14254315507332557,18
MORN,0.07965255197261628,84
MOS,0.06563189066818813,82
MOV,-0.062218744032804925,38
MOVE,0.027639139303632654,74
MP,-0.04611274814187659,44
MPA,-0.0922333465216533,29
MPAA,-0.1829146387117479,13
MPB,-0.008365465088613643,58
MPC,0.22589119489679516,93
MPLT,-0.352704199220086,4
MPLX,0.023392270466123622,73
MPT,-0.16139111416938326,16
MPTI,-0.1305668619216066,21
MPU,11.749999842562142,99
MPV,0.03376970210119387,76
MPWR,-0.0033654218870755592,60
MQ,-0.009060496566558107,57
MQY,-0.08002727588538694,33
MRAM,-0.04015476368460934,46
MRBK,-0.02942336541648202,50
MRCY,-0.1647009641444588,15
MRDN,0.010997862151390859,69
MREO,0.16405782529540525,90
MRK,0.07977674910388682,84
MRKR,-0.08002153546041066,33
MRLN,-0.5260791410841723,2
MRM,-0.26998319393311987,7
MRNA,1.2688168559322976,99
MRNO,0.12862740485531188,88
MRP,-0.08462368697421713,31
MRSH,-0.057403249988282425,40
MRT,-0.026690948749311934,51
MRTN,-0.1677068353586557,15
MRVI,0.02010303090615822,72
MRVL,0.16053222569907594,90
MRX,0.0422947259083152,78
MS,-0.08228110276107248,32
MSA,0.024091723460768242,73
MSAI,-0.11627434503447265,23
MSB,-0.12410541574115608,22
MSBI,0.02649203358670795,74
MSBIP,0.019327132839905947,72
MSC,-0.5737986939541426,1
MSCI,-0.01229437393728997,56
MSD,-0.04742847028746883,44
MSDL,-0.04962923451431678,43
MSEX,-0.047731719007422076,44
MSFT,0.18227529627913297,91
MSGE,0.004929472312570604,65
MSGM,0.07801862766960038,83
MSGS,-0.0005443422313141308,61
MSGY,-0.2428121335117211,8
MSI,0.05772053293715864,80
MSIF,0.06359291761524236,81
MSLE,-0.02100496591105587,53
MSM,0.028823901460041282,75
MSN,0.1262284595282125,88
MSS,0.21626365936556435,93
MSTR,0.5367858222945695,98
MT,0.052748430394459256,79
MTA,0.13589819232939773,89
MTB,-0.07955864631517613,33
MTC,1.2489088413495026,99
MTCH,0.05044194446401819,79
MTD,0.12898588732531058,88
MTDR,-0.040405306779798,46
MTEK,-0.1264777508141561,21
MTEN,-0.1464945057761696,18
MTEX,0.38443432422278584,97
MTG,0.0017458303171942885,63
MTH,-0.11138743745971896,24
MTLS,0.22263958187314808,93
MTN,-0.050313649816602524,43
MTNB,-0.2956119906093224,6
MTR,-0.17097277283815726,14
MTRN,0.04876494049650875,79
MTRX,-0.1875348909937575,12
MTSI,-0.04185276307912693,45
MTUS,-0.05592134933304638,41
MTVA,0.0937485388773067,85
MTW,0.39589615138682144,97
MTX,-0.08004470634572286,33
MTZ,-0.2982615620759545,6
MU,0.14232163627548156,89
MUA,-0.0652813618847418,37
MUC,-0.05096040886619885,43
MUFG,0.04662422061412992,79
MUJ,-0.05770069597471083,40
MUR,-0.034396577320819306,48
MUSA,-0.12702925641294527,21
MUX,-0.018456677130294585,54
MUZE,0.0039155175826175006,65
MUZEU,-0.008137724223710108,58
MVBF,0.013607174070445205,70
MVIS,-0.33280447707379934,5
MVST,-0.1713914487801096,14
MWA,-0.13203287421677037,20
MWG,0.00982590314517484,69
MWH,-0.13990134603896856,19
MWYN,0.08640058002454402,84
MX,-0.0852004098986924,31
MXC,0.18426969034839502,91
MXCT,-0.04753733406944732,44
MXE,4.142612923959711e-05,62
MXF,-0.0313519555532938,49
MXL,0.09949778878731667,86
MYE,0.015450024206171753,71
MYFW,-0.03417077904829021,48
MYGN,0.010833325267957723,69
MYI,-0.08167986835187774,32
MYN,-0.07820108878922608,33
MYND,-0.17789654272246963,13
MYO,0.24161866209771005,94
MYPS,-0.17320982721393463,14
MYRG,-0.18172656923544817,13
MYSE,-0.3119804499280385,5
MYSZ,-0.35391504861179984,4
MZTI,-0.05874454227628534,39
NA,0.20395471816874655,92
NAAS,0.06189455936441349,81
NABL,0.1560079595072587,90
NAC,-0.08332674124029765,31
NAD,-0.10315816594730247,26
NAGE,-0.07306384265665469,35
NAII,-0.18134975833963105,13
NAK,-0.1804099756921802,13
NAKA,0.6765665906504613,98
NAMI,-0.48748075349625963,2
NAMM,-0.22492978998937047,10
NAMS,-0.22593541008850765,9
NAN,-0.09920281111382649,27
NAT,0.18253454730977017,91
NATH,-0.046193375864942626,44
NATL,-0.008074860408135109,58
NATR,-0.2345592456754591,9
NAUT,-0.2569402227567491,8
NAVI,0.05767347275342053,80
NAVN,-0.21280280561016335,10
NAZ,-0.07957977764633262,33
NB,-0.23727995063122895,9
NBB,-0.0477633884805608,43
NBBK,0.028350172690326893,74
NBH,-0.0668195892983598,37
NBHC,-0.058258153440228534,40
NBIS,0.07381792532053538,83
NBIX,-0.12976546589233445,21
NBN,-0.0012841960246549712,61
NBP,-0.16811586875055107,15
NBR,-0.06321940346823189,38
NBRG,0.005206294102070119,66
NBRGU,0.014018965352244006,70
NBTB,-0.0027103443567940352,60
NBTX,-0.13553200397094833,20
NBXG,0.027664844920472383,74
NC,-0.17930603459320904,13
NCA,-0.06676504792199117,37
NCDL,-0.030275760011785915,50
NCEL,-0.17438162070569108,14
NCEW,-0.006725276549598692,58
NCI,0.19487532365078067,92
NCLH,-0.2336681250057578,9
NCMI,-0.26402174270078105,7
NCNA,-0.12214518300012145,22
NCNO,0.08539149011687155,84
NCPL,2.1840794329326356,99
NCRA,-0.03918141868711017,46
NCT,-0.9405815298815118,0
NCTY,-0.24161739327393328,9
NCV,-0.060601255352361785,39
NCZ,-0.03548716407579962,48
NDAQ,0.03739667936367917,77
NDLS,-0.055769515583532686,41
NDMO,-0.10748742120391455,25
NDRA,0.3415008137964356,96
NDSN,0.037791034104516855,77
NE,0.015972727348031034,71
NEA,-0.09700516322084468,28
NECB,-0.0007513184474925438,61
NEE,-0.0973332228606138,28
NEGG,-0.1355196010706461,20
NEM,0.11567028642806208,87
NEN,-0.07259861088004116,35
NEO,0.24757334435764036,94
NEOG,0.29876492071332816,95
NEON,-0.00271449646984653,60
NEOV,0.19536617650907476,92
NEPH,0.1271146097551124,88
NERV,-0.24372213662345502,8
NESR,0.11146566149306958,87
NET,0.31716340949951344,95
NEU,0.051929684063059034,79
NEUP,-0.07897177646797784,33
NEWP,0.2612529767306808,94
NEWT,-0.14808746456379107,18
NEWTP,0.001465877138309446,63
NEXA,-0.10188383104273535,26
NEXM,-0.07376123835949094,34
NEXN,-0.11440009710539231,24
NEXR,-0.5562674842545987,1
NEXT,-0.07290470069723852,35
NFG,-0.03062554498472432,49
NFGC,0.09789662148082875,86
NFJ,-0.00010801394184238935,61
NFLX,-0.04995615545292173,43
NG,-0.014702138265966502,55
NGEN,0.06821779070288275,82
NGG,-0.06970000240751863,36
NGL,-0.034807739865746735,48
NGNE,-0.1383439183511759,19
NGS,-0.12445768411005997,22
NGVC,0.02710761941046333,74
NGVT,-0.00014916392824577702,61
NHC,0.012399902086413553,70
NHI,-0.10358517811394036,26
NHPBP,0.0635240537892254,81
NHS,-0.0631914511940123,38
NHTC,-0.3878431194680197,3
NI,-0.09608873749159369,28
NIC,-0.013309517699408115,56
NICE,0.2651183558403527,94
NIE,-0.005092656253891548,59
NIKI,-0.45059289800181596,2
NIM,-0.04253000966854603,45
NINE,-0.2423354585827432,8
NIO,-0.18412092705065422,13
NIPG,0.1410543442420265,89
NIU,0.012006919432922685,70
NIVF,-0.7624797236016378,0
NIXX,-0.5573190839383015,1
NJR,-0.06264875224594954,38
NKE,-0.1166383254681822,23
NKLR,-0.35606705620885176,4
NKSH,0.07738784273856147,83
NKTR,-0.18819672394987666,12
NKTX,0.06097519908056322,81
NKX,-0.08689124993384775,30
NL,0.15062451429132728,90
NLOP,-0.11689716339474004,23
NLY,-0.06756575017113019,36
NMAD,-0.27536877768279105,7
NMAI,0.02890635722967263,75
NMAX,0.22551082847173481,93
NMCO,-0.10492876241282728,26
NMFC,0.0096554933789482,69
NMG,-0.055908162461771715,41
NMI,-0.08034402699538297,32
NMIH,-0.008799596808548991,57
NML,0.00957118987435186,69
NMM,0.08163157842028604,84
NMP,0.0058229317855101655,66
NMPAU,-0.0043999158735643865,59
NMR,0.03610003328923246,76
NMRA,-0.5130096701791012,2
NMRK,-0.15695658643495158,16
NMS,-0.1227400570056312,22
NMT,-0.12011620395844445,23
NMTC,-0.37265342186349726,4
NMZ,-0.09739005675456441,28
NN,-0.08075426927913892,32
NNBR,0.1503485155466831,90
NNDM,0.057684697402631116,80
NNE,-0.10415282304763634,26
NNI,-0.027264896473739718,51
NNN,-0.10889387861465606,25
NNNN,-0.29121564728313354,6
NNOX,-0.28674596931005325,6
NNVC,0.12262808914464322,88
NNY,-0.061938844527026145,38
NOA,-0.09438698493738532,28
NOAH,-0.0886702497960424,30
NOC,-0.039120003764401994,46
NODK,-0.05000347584530466,43
NOEM,-0.01710125806282452,54
NOEMU,0.07123212808150448,82
NOG,-0.014330545397958916,55
NOK,0.038020503996349424,77
NOMA,-0.42553778440693524,3
NOMD,-0.05379163332213259,41
NOV,0.01943091187067536,72
NOVT,-0.009470206406398018,57
NOVTU,-0.00645689564336811,58
NOW,0.2774338781419748,95
NP,-0.11840775367646388,23
NPAC,0.0062504884658470365,67
NPACU,0.004403571329840372,65
NPB,-0.10698624485244367,25
NPCE,-0.024672485953937007,52
NPCT,-0.014104067515946972,55
NPFD,-0.04911755814295334,43
NPK,0.07655888494280544,83
NPKI,-0.17777762345114348,13
NPO,-0.07211483703970238,35
NPT,0.006180930608021398,67
NPV,-0.09642666566678085,28
NPWR,0.05428762798086803,80
NRC,0.013646918084249494,70
NRDS,-0.11707930181492214,23
NRDY,-0.25601079141857563,8
NREF,-0.009195863867162868,57
NRG,-0.19585315286412086,12
NRGV,0.20028836280396978,92
NRIM,-0.05938045257668259,39
NRIX,0.0018597828085844467,63
NRK,-0.058011496879286875,40
NRO,-0.07074246177621471,36
NRP,0.06018536684190987,81
NRT,0.07869371752449336,83
NRXP,-0.1574377116390319,16
NRXS,0.11600485949235344,87
NSC,-0.07022267904604672,36
NSIT,0.23365896842965303,93
NSLR,-0.21068666378917994,11
NSP,0.044078635630523305,78
NSPR,-0.042960646711976545,45
NSRX,0.028661386971934297,75
NSSC,-0.02894969220425534,50
NSTS,0.01900690354170269,72
NSYS,-0.15909798062051356,16
NTAP,0.11786033986479842,87
NTB,-0.014127051046034789,55
NTCL,-0.33574804562507954,5
NTCT,0.002276660495659076,63
NTES,-0.05131353039062625,42
NTGR,-0.013156184473599583,56
NTHI,-0.25753207660595995,8
NTIC,-0.02891961846786493,50
NTIP,0.024996239421279966,74
NTLA,-0.024911674999941763,51
NTNX,0.20326796443250533,92
NTR,0.074295797187623,83
NTRA,0.36433516937678745,96
NTRB,1.0221394389755982,98
NTRP,0.24573144801414376,94
NTRS,-0.03164971775321503,49
NTRSO,0.0013137613814314885,63
NTSK,0.5283668140683138,98
NTST,-0.10183440948503822,26
NTWK,0.060260823581447555,81
NTWO,-0.016086610732238073,55
NTWOU,0.0323650092612382,75
NU,-0.02861035826639019,50
NUAI,0.40399330098478725,97
NUCL,-0.15538626230019253,16
NUE,0.020768619617078522,73
NUS,-0.050898196985172214,43
NUTX,0.21167255098278193,93
NUV,-0.08372367830743857,31
NUVB,-0.13500568380834413,20
NUW,-0.06138841598625757,39
NUWE,-0.48034894034368014,2
NVA,0.07685599122093353,83
NVAX,0.2287038004081358,93
NVCR,-0.05097479773098569,42
NVCT,0.00096743954468681,62
NVDA,0.0957901230394408,85
NVEC,-0.032069526068049456,49
NVG,-0.08242631775378942,32
NVGS,0.04653289790166959,78
NVMI,-0.13542373394004467,20
NVNI,-0.11498651962949012,24
NVNO,-0.11570654192959343,24
NVO,-0.19236908994697247,12
NVR,-0.009603244452449401,57
NVRI,-0.0938601191175448,28
NVS,-0.09054780681592642,29
NVST,-0.10047304783913248,27
NVT,0.03755789963978651,77
NVTS,-0.06141200172803474,38
NVX,-0.33474988927818755,5
NWAX,-0.006295600167459747,58
NWBI,-0.008490532117402394,58
NWE,-0.023162805909215833,52
NWFL,0.021661009640676847,73
NWG,-0.00232163984493575,60
NWGL,3.0244111269207132,99
NWL,0.03876560944210608,77
NWN,-0.05222823172123158,42
NWPX,-0.15393283870544178,17
NWS,-0.009761303088634852,57
NWSA,0.01173245858120735,70
NWTG,-0.05981903981021987,39
NX,0.05822735356127319,81
NXAT,-0.49540233141917267,2
NXB,0.06393255606020097,81
NXDR,0.040924934481925176,78
NXDT,-0.02199153365111964,53
NXE,-0.0623980235603113,38
NXG,-0.019509440427795986,53
NXGL,-0.31107714461658065,5
NXH,-0.2915827070945538,6
NXL,-0.5665021314413952,1
NXP,-0.06719771859039911,37
NXPI,-0.061648940779830706,38
NXPL,0.24581095598772326,94
NXRT,-0.16529172071621398,15
NXST,-0.07809087728321236,33
NXT,-0.1548435530789482,17
NXTC,0.26167763147438206,94
NXTS,-0.3103629316569672,5
NXTT,-0.5957668016464083,1
NXXT,2.16401268797618,99
NYAX,-0.22183731858465183,10
NYC,-0.16811832780441233,15
NYT,-0.10800952146939773,25
NYXH,-0.1435196664792835,18
NZF,-0.07695156021437194,33
O,-0.11077735277865496,25
OABI,0.6686883689909018,98
OACC,0.0032745653545439347,64
OACCU,0.010259101021233553,69
OBA,0.005408159287462766,66
OBAI,-0.4383882541660526,3
OBAWU,0.006769031394951242,67
OBDC,0.0018725697456009605,63
OBE,0.031292620009013755,75
OBIO,0.33547219821121943,96
OBK,0.012528637243747998,70
OBT,0.002621062365455551,64
OC,-0.12063417244660879,23
OCC,-0.07640616182479695,34
OCCI,-0.03623303667284549,48
OCCIM,0.0002651488367753309,62
OCCIN,0.01225256848729166,70
OCFC,-0.104212987840725,26
OCG,-0.11812997461262859,23
OCGN,-0.2405341749953866,9
OCS,-0.18581186301448338,13
OCSL,0.019014054454295205,72
OCUL,-0.002982458381330523,60
ODC,-0.027765289714863507,51
ODD,0.3002394044685151,95
ODFL,-0.1738857214837442,14
ODYS,-0.189933405272014,12
OEC,-0.07029685197861975,36
OESX,1.1281285274273092,99
OFAL,-0.37918231372475997,4
OFG,0.004845753438537395,65
OFIX,-0.0884229169504071,30
OFLX,-0.10334040804430311,26
OFRM,-0.05146396000937115,42
OFS,0.07624837121597561,83
OGC,0.03227597575963581,75
OGCP,-0.1916820002038782,12
OGE,-0.05313522807568208,42
OGEN,-0.08339880445715869,31
OGG,0.010757336675794957,69
OGI,0.020667200354263213,72
OGN,0.007938817340926517,68
OGS,-0.08107755300525973,32
OHI,-0.027598127293484175,51
OI,-0.2400533807195891,9
OIA,-0.07596242437081459,34
OII,-0.019987625568940154,53
OIM,0.004458391203616352,65
OIMAU,0.001178211761289827,62
OIO,-0.0922886574779796,29
OIS,-0.02206139286115006,53
OKE,-0.012044849410740419,56
OKLO,-0.07800011660222567,33
OKTA,0.5600682598803953,98
OKUR,-0.2778987885783477,7
OKYO,-0.136772359335113,20
OLB,-0.33445302045529024,5
OLED,-0.07827121326415204,33
OLLI,0.1498427815114085,90
OLMA,-0.19364703313044807,12
OLN,-0.16566094855672425,15
OLOX,-0.7158670052240342,0
OLP,-0.0710160985389845,35
OM,-0.2840357885786527,6
OMAB,-0.027627246588619814,51
OMC,-0.06162063895870447,38
OMCL,-0.11632462231568802,23
OMDA,-0.04807035716117168,43
OMER,0.5391966381784081,98
OMEX,-0.14196581940771474,19
OMF,-0.049627324645610454,43
OMH,-0.6865170652775558,1
OMSE,-0.023076195010753406,52
ON,-0.12749566213832336,21
ONB,-0.03566873740768267,48
ONBPO,0.007337419790369259,68
ONBPP,0.007282484579271543,68
ONC,0.08682178096318113,85
ONCH,0.0037006623320861905,64
ONCHU,0.003378456579054312,64
ONCO,0.20811890021540783,92
ONCY,-0.19556013875393768,12
ONDS,-0.0736471340790649,34
ONEG,-0.08175876134006499,32
ONEW,-0.16681835006300727,15
ONFO,-0.6541587812908927,1
ONIT,-0.14386021492846182,18
ONL,-0.10222222600115972,26
ONMD,0.09057854983230218,85
ONON,-0.07301018594139133,35
ONT,0.013367095402739239,70
ONTO,-0.04926774011172639,43
OOMA,0.08641594167396499,84
OPAD,-0.21300006290181897,10
OPAL,-0.11439024344906883,24
OPBK,-0.00478924495338553,59
OPCH,0.037039802034661395,76
OPEN,-0.3015207004173688,6
OPFI,-0.1941231573325949,12
OPHC,0.23817030107992385,94
OPK,0.24309850992090704,94
OPLN,-0.047563324723009434,44
OPP,-0.054362581585973145,41
OPRA,-0.04024624042507048,46
OPRT,0.35091881821815263,96
OPRX,0.1948179109581864,92
OPTU,0.10546737228253325,86
OPTX,-0.11724112937013367,23
OPXS,-0.10157683167171519,27
OPY,0.017886588032332573,72
OR,0.0967121710870187,86
ORA,-0.12512396902755746,22
ORBS,0.42923729559604706,97
ORC,-0.08861244198415102,30
ORCL,0.06872375003131051,82
ORGO,-0.29886828722670133,6
ORI,-0.06318786840102932,38
ORIC,0.13579818726908013,89
ORIO,0.31579755644981383,95
ORIQ,0.008410295848854665,68
ORIQU,0.0,62
ORKA,-0.07443420276329067,34
ORKT,-0.006765413101133613,58
ORLY,-0.022489917560339412,52
ORMP,0.05740797008904338,80
ORN,-0.18990357301472255,12
ORRF,-0.008292609417802311,58
OSBC,0.01669873040867831,71
OSCR,-0.002853688759276417,60
OSG,-0.18180958143557346,13
OSIS,-0.03670036750465305,47
OSK,-0.10536320668692419,26
OSPN,0.20930521233181787,93
OSS,-0.28258320650462276,6
OST,0.0,62
OSTX,0.017494278972976656,72
OSUR,-0.0005948806726540651,61
OSW,-0.16466320664805842,15
OTEX,0.01915267985833229,72
OTF,-0.002611418142842204,60
OTGA,0.005456599568103538,66
OTGAU,0.004831828250939418,65
OTIS,-0.03920782288172325,46
OTLK,-0.2600711580169538,8
OTLY,-0.0001780549150388333,61
OTTR,-0.013967322698428472,56
OUST,0.0003475263058296818,62
OUT,-0.07591055198626054,34
OVBC,-0.02142057904329885,53
OVID,0.0017302709712463983,63
OVLY,0.0015719944895620347,63
OVV,-0.03903966689684377,47
OWL,-0.05036499937872524,43
OWLS,0.009871807176840185,69
OWLT,-0.006784309120158927,58
OXBR,0.08953005422829001,85
OXLC,0.029145960121438896,75
OXLCN,0.005512545304714145,66
OXLCO,-0.002198891529683966,60
OXM,-0.28865188389354884,6
OXSQ,-0.04530244393015731,44
OXY,-0.009217532689187014,57
OYSE,0.006203841990632419,67
OYSEU,-0.010714601666109647,57
OZ,-0.055803747183478726,41
OZK,-0.0739693929582627,34
OZKAP,-0.06099622787566161,39
P,0.245626456961873,94
PAA,0.02551136114521813,74
PAACU,0.006146025760879591,67
PAAI,0.6328626074434897,98
PAAS,-0.008502405614822727,57
PAC,-0.05249704589314412,42
PACB,0.039632235652127146,77
PACH,0.005889754847524475,66
PACHU,0.0007788715495540833,62
PACK,-0.2740610507908352,7
PACS,-0.041697529698595706,46
PAG,0.01599322691171452,71
PAGP,0.03164753843963195,75
PAGS,0.053732775809713244,80
PAHC,-0.003529686482534742,60
PAI,-0.02836322677965709,50
PAII,0.005962912699644662,66
PAL,-0.36610287958483817,4
PALI,-0.2164753767089407,10
PALOU,-0.0005952328015526698,61
PAM,-0.029060984669019373,50
PAMT,-0.09654581589742803,28
PANL,0.05802838088608806,80
PANW,0.1822285434258571,91
PAPL,-0.1502232475601212,17
PAR,-0.14987299043571797,17
PARA,-0.4859274532551521,2
PARK,0.02607133734812216,74
PARR,0.08812227575644495,85
PASG,0.03258419469413388,76
PASW,-0.09711155029750168,28
PATH,0.007326087441420624,68
PATK,-0.1790725229218118,13
PAVM,-0.18073443381255277,13
PAVS,-0.3138018496839583,5
PAX,-0.07609996804369847,34
PAXS,-0.05514868346374603,41
PAY,-0.021869483836979856,53
PAYC,0.322257824973074,96
PAYO,0.005218668471344401,66
PAYP,0.0723088841911775,82
PAYS,0.24324036408305075,94
PAYX,-0.07858429901951276,33
PB,-0.06625115043310704,37
PBA,-0.056510364268429966,40
PBAM,0.05247107683931227,79
PBF,0.16937880046394505,91
PBFS,0.010211074980559221,69
PBH,-0.07160098021537918,35
PBHC,0.13016454427900323,88
PBI,-0.03939480958602753,46
PBK,-0.47960255087574444,2
PBM,0.8335909843953317,98
PBR,0.1672765089986191,91
PBT,0.08382418493905613,84
PBYI,0.08057578888950834,84
PC,0.0,62
PCAP,0.004175907161462056,65
PCAPU,0.0071204233632067735,67
PCAR,-0.12193098200703083,22
PCB,-0.024920452477031053,51
PCF,0.01206395172725221,70
PCG,-0.3034018955618814,6
PCLA,0.27554324072792236,95
PCM,-0.0843379778622755,31
PCN,-0.06069112872409219,39
PCOR,0.03730972748878729,77
PCQ,-0.0679664802771157,36
PCRX,-0.006323375203960936,58
PCSA,-0.16098336848315614,16
PCT,-0.2400059081433224,9
PCTTU,-0.5062773148292974,2
PCTY,0.10996632869843637,87
PCVX,-0.0268403758271714,51
PCYO,-0.003718499818823273,59
PD,0.46674630268679407,97
PDC,0.10215560911484049,86
PDCC,-0.027476087376375788,51
PDD,-0.059804207677797386,39
PDEX,0.1694832392064439,91
PDFS,-0.032021727540651565,49
PDI,-0.09820004946602544,27
PDLB,0.003377292437618606,64
PDM,-0.03663926305432465,47
PDO,-0.06896175594229059,36
PDPA,0.004942682502467622,65
PDS,-0.06142976882203168,38
PDSB,1.4501715253688696,99
PDT,-0.05731222265111694,40
PDX,-0.04584699536640655,44
PDYN,-0.0760739505391538,34
PEB,-0.020317867494337838,53
PEBK,-0.01893371143293712,54
PEBO,-0.019563463431535543,53
PECO,-0.0943039022012566,28
PED,0.02387106577436444,73
PEG,-0.10992217722683414,25
PEGA,0.16758243389964897,91
PEN,-0.006232881664181744,58
PENG,-0.05036199818222237,43
PENN,-0.20074584957402553,11
PEO,0.03440149059896694,76
PEP,-0.0637684202892958,38
PEPG,0.12059355292954707,88
PERF,0.04313986915423629,78
PERI,-0.08238450232302981,32
PESI,0.03425063208588904,76
PETS,-0.16343093755894678,15
PETZ,0.048916494561626556,79
PEW,-0.11647796477165216,23
PFAI,-0.056369281629749426,40
PFBC,0.02880581523580448,75
PFD,-0.029876889974691956,50
PFE,0.07787960079895725,83
PFG,0.04341186292896437,78
PFGC,-0.14672719166528245,18
PFIS,0.012972333198608764,70
PFL,-0.07884798951530546,33
PFLT,-0.008885841557566233,57
PFN,-0.08264697973384744,32
PFO,-0.02124109661695752,53
PFS,-0.047733965463184314,44
PFSA,-0.6547501374305797,1
PFSI,-0.15977493823815264,16
PFX,-0.002806406536852435,60
PG,0.009327109335057093,69
PGAC,0.0022512588374391075,63
PGACU,0.00559285714391855,66
PGC,-0.027376920289913377,51
PGEN,0.19716671236111485,92
PGNY,-0.050089061453478176,43
PGP,-0.02006656892201124,53
PGR,-0.05409597240170425,41
PGY,0.02672172261872622,74
PGZ,-0.06633503858547564,37
PH,-0.012610460944076064,56
PHAR,-0.132873334465423,20
PHAT,-0.2969732771183383,6
PHG,-0.0886017899641651,30
PHI,-0.0445627374356349,45
PHIN,-0.2002988538499648,11
PHIO,-0.08566146031436746,31
PHK,-0.0849576732458976,31
PHM,-0.0645710822226062,37
PHOE,-0.07312581850586641,35
PHR,-0.09274880051393955,29
PHUN,-0.03299802198137168,49
PHVS,-0.04655046341953841,44
PI,0.23741674031172294,94
PICS,-0.14031683568274858,19
PII,-0.20748603998943743,11
PIII,-0.30942983783363803,5
PIM,-0.0358839230992688,48
PINE,-0.13412371016321362,20
PINS,-0.16397391218199164,15
PIPR,-0.04725401486708399,44
PJT,-0.10674861358722773,25
PK,-9.997165064662417e-05,61
PKBK,0.0014453668951215134,63
PKE,-0.12266600074309468,22
PKG,-0.000852622627952427,61
PKOH,0.1390235230213357,89
PKX,0.015247991100486325,71
PL,-0.2556846416089562,8
PLAB,-0.015949805804559278,55
PLAG,-0.07421189143416602,34
PLAY,-0.33741460799791895,5
PLBC,0.012239161262603526,70
PLBL,-0.12302884771420478,22
PLBY,-0.1481404849731303,18
PLCE,-0.16017049809206518,16
PLD,-0.05884733359744683,39
PLG,-0.07151967702137738,35
PLGO,-0.008079165609451365,58
PLMK,0.009749469164693148,69
PLMKU,-0.024720718972207057,52
PLMR,0.005323963568858482,66
PLNT,-0.23678048141569913,9
PLOW,-0.10936069622652679,25
PLPC,0.11403029972973343,87
PLRX,-0.006521490518293471,58
PLRZ,-0.05041931596363944,43
PLSE,0.4191188744029465,97
PLSM,-0.2419255077976641,9
PLTK,-0.24011499047416304,9
PLTR,0.35123954572445637,96
PLUG,-0.0808091268690518,32
PLUR,-0.41243946128015807,3
PLUS,0.08357835343204906,84
PLUT,-0.18994081412827493,12
PLX,0.20073014930157912,92
PLXS,0.03487076378283442,76
PLYX,-0.001232949167272613,61
PM,0.021863308136163273,73
PMA,-0.03234883023541409,49
PMAX,-0.4095469777339066,3
PMCB,-0.2750849467072962,7
PMEC,0.1344620434326486,89
PMI,0.12354774955540296,88
PML,-0.07667471852750257,33
PMM,-0.1039899164173187,26
PMN,-0.004154313452541622,59
PMO,-0.08940887009722201,30
PMT,-0.07912707311578236,33
PMTR,0.001444655445455312,63
PMTRU,0.004142117346374707,65
PMTS,0.07468763523772357,83
PMVP,0.05050640129489494,79
PN,-0.22483583901336576,10
PNBK,-0.1232226995555605,22
PNC,-0.0804165592681468,32
PNFP,-0.06582173070079066,37
PNI,-0.06780414964974224,36
PNNT,0.008836989213849589,68
PNR,-0.151137797466399,17
PNRG,0.00037822063617352214,62
PNTG,0.0403646823638065,77
PNW,-0.08441794869532014,31
POAS,-0.16180556307460217,16
POCI,0.035011474684284005,76
PODC,-0.3012920244812732,6
PODD,-0.09114546134044772,29
POET,-0.01081005575952474,57
POLA,-0.15014360802755033,17
POLE,-0.006471269800037937,58
POLEU,-0.025329372108802074,51
POM,-0.12770497521858004,21
PONOU,0.0169012798847493,71
PONY,-0.06302905940368725,38
POOL,-0.11026792922889986,25
POR,-0.07231249015070813,35
POST,-0.10638527490838766,26
POWI,-0.1912252318407311,12
POWL,-0.142129886872283,19
POWW,0.04640872120020995,78
POWWP,0.03816496078352662,77
PPBT,-0.038769857836356086,47
PPC,-0.0753933274285585,34
PPCB,-0.5063249557407044,2
PPG,-0.06051895445516009,39
PPHC,0.23688947931138676,94
PPIH,0.1470212266645367,90
PPL,-0.07867222699329168,33
PPLC,-0.053935728705683625,41
PPLI,-0.10445547064091953,26
PPSI,0.01858453371684779,72
PPT,-0.03568843804893629,48
PPTA,0.05471592958449994,80
PR,-0.006668550100760048,58
PRAA,0.11561735711141756,87
PRAX,-0.17748937743451387,14
PRCH,0.17193699883578778,91
PRCT,-0.09793335383329968,27
PRDO,-0.020904846454960248,53
PRE,0.1409645844785722,89
PRFX,-0.09969487533312874,27
PRG,-0.1968187841543512,12
PRGO,0.21285516762441234,93
PRGS,0.08039806286532714,84
PRHI,0.2339162311391667,94
PRI,-0.07274842228682782,35
PRIM,-0.09982818181241243,27
PRK,-0.06323810088484616,38
PRKS,-0.27313194589543643,7
PRLB,0.12325120792762527,88
PRLD,-0.14915103369088467,17
PRM,-0.14321990622500178,18
PRMB,-0.14564434573317103,18
PRME,-0.028976572288123448,50
PROF,-0.15059962137230484,17
PROK,0.021413577949779775,73
PROP,-0.3263753453064071,5
PROV,0.04941154585475403,79
PRPL,-0.6070126786993789,1
PRPO,-0.09043393316164963,29
PRQR,-0.17194171175689166,14
PRSO,-0.31751801793730283,5
PRSU,-0.04375125883144598,45
PRT,-0.0784134171857043,33
PRTA,-0.05368508932069596,41
PRTH,0.29086377055425894,95
PRTS,0.4227253712939453,97
PRU,0.01302812513644195,70
PRVA,-0.15743673574903616,16
PRZO,0.08479967350747147,84
PSA,-0.09469527129114685,28
PSBD,0.03479316858908969,76
PSEC,-0.008583058066853411,57
PSF,-0.04280516183971459,45
PSFE,-0.08394372635337205,31
PSHG,0.019058642684343343,72
PSIG,0.8972986739040358,98
PSIX,0.3314660812658626,96
PSKY,0.054262940175154255,80
PSMT,-0.035431647430750446,48
PSN,-0.15045586259561508,17
PSNL,0.17121782057138357,91
PSNY,-0.5157483545479689,2
PSNYW,0.621802643014801,98
PSO,0.0006950271978568463,62
PSQH,0.09677490908897983,86
PSQL,-0.2532701284517024,8
PSTL,0.011284363462758695,69
PSX,0.20447552906483102,92
PTA,-0.04272982787315644,45
PTC,0.07639639598755088,83
PTCT,-0.1633643044792078,15
PTEN,-0.0025264440409362918,60
PTGX,-0.010177928025283223,57
PTHS,-0.13109596457821188,21
PTLE,-0.05914671720656486,39
PTLO,-0.20039863260491983,11
PTN,0.09684328097749924,86
PTON,-0.1478574085693579,18
PTOR,0.001808819405573159,63
PTORU,-0.0029314997955854237,60
PTRN,-0.10874533875168893,25
PTY,-0.056298456945420794,40
PUBM,0.2608735123500321,94
PUK,-0.09590618375795001,28
PULM,0.07380500232236115,83
PUMP,-0.19470705427103893,12
PURR,0.6835923138850817,98
PUSA,0.024369857493159196,73
PVH,-0.023198229313934136,52
PVL,0.05837941959572097,81
PVLA,0.09182359828477438,85
PW,-0.19539064622441563,12
PWCM,-0.3717674730671937,4
PWP,-0.1587070193132759,16
PWR,-0.031308553152340726,49
PXED,-0.09091543697468027,29
PXLW,0.1539332131417541,90
PXS,0.36076130909005055,96
PYPD,0.10076650554133945,86
PYPL,-0.044205993900079316,45
PYXS,0.18984172905639607,92
PZG,0.034765105913311604,76
PZZA,-0.26588031167674625,7
Q,-0.09254889615565684,29
QADRU,0.00219205651510459,63
QBTS,-0.09264816083257206,29
QCLS,-0.6898522590389815,1
QCOM,0.18270737186872552,91
QCRH,0.0042749770465047125,65
QDEL,-0.28896149548148176,6
QETA,0.005325512914905772,66
QETAU,-0.008119640319687926,58
QFIN,-0.36369172364237035,4
QGEN,0.04939247494543029,79
QLYS,0.2512465376936079,94
QMCO,0.6342451666532836,98
QNBC,0.04649558328333812,78
QNC,-0.11345407656361836,24
QNCX,0.2505670396098486,94
QNME,1.4823376701363586,99
QNRX,0.48469593258483545,97
QNST,-0.1507316723148013,17
QNTM,0.1753711275266088,91
QQQX,0.04464259606482133,78
QRHC,0.020561710876884097,72
QRVO,0.2795361431453924,95
QS,-0.13134755847302337,21
QSEA,0.006440678971040236,67
QSEAU,0.02521003764030527,74
QSI,-0.02723263602038334,51
QSR,-0.051403801047198626,42
QTEX,-0.20263698863298718,11
QTI,-0.14624651576755077,18
QTRX,-0.03346186161861205,48
QTTB,-0.35327006731414606,4
QTWO,0.008495972804965606,68
QUAD,0.01934619977911707,72
QUBT,0.10967618654168254,87
QUCY,0.05007534296194817,79
QUIK,-0.14418088448531435,18
QUMS,0.00516434576507494,66
QUMSU,0.0015865195381899338,63
QURE,-0.05826622991684259,40
QXL,0.06090994443810234,81
QXO,-0.12756958282433295,21
R,-0.07248555059481623,35
RA,-0.048919796633281915,43
RAC,0.007738751304336567,68
RACE,0.05737934889614944,80
RADX,-0.4791709285801957,2
RAIL,-0.0719504467275339,35
RAIN,-0.14733518786295213,18
RAL,0.0517524612750846,79
RAMP,-0.004624639890942139,59
RAND,0.001147944776051334,62
RANG,0.00973728468665922,69
RANGU,0.022198720589143628,73
RANI,-0.10248638098763113,26
RAPP,-0.22324370659268145,10
RARE,-0.4425500714150039,3
RAVE,-0.12610381383271396,21
RAYA,-0.24891234339796453,8
RBA,-0.14032370576328956,19
RBB,-0.0012603834914824193,61
RBBN,-0.13932353362012914,19
RBC,-0.09525936755016665,28
RBCAA,0.022640233533407928,73
RBKB,0.023230532637687172,73
RBLX,0.14543167079330283,90
RBNE,-0.40772078744309603,3
RBRK,0.36603676731242424,96
RC,-0.140953436472918,19
RCAT,-0.23113590567240516,9
RCBC,0.09509486274511529,85
RCEL,0.815489320900169,98
RCG,0.03841384336269074,77
RCI,-0.04439012620204133,45
RCKT,-0.11951766044689746,23
RCKY,0.03944745435567355,77
RCL,-0.22352998195944362,10
RCMT,0.22292793531759428,93
RCON,-0.7534388704981461,0
RCS,-0.04582288434239009,44
RCT,-0.16514736783274034,15
RCUS,-0.11150297944486826,24
RDAC,-0.11796055750656521,23
RDACU,0.15460525882376197,90
RDAG,0.004537924374358249,65
RDAGU,-0.005678246162243328,59
RDCM,-0.10207049376777388,26
RDDT,-0.050616834398836325,43
RDGT,-0.11769204462210059,23
RDHL,-0.20790674127946396,11
RDI,0.2189409323226847,93
RDIB,0.9726432840582944,98
RDN,-0.055902279557018736,41
RDNT,0.09720457783431223,86
RDNW,-0.021081809828030464,53
RDVT,0.19259850429254546,92
RDW,0.08230169331715166,84
RDWR,0.07816495585838021,83
RDY,0.0002443425486714258,62
RDZN,-0.16273786784347588,15
REAL,-0.19683855558253424,12
REAX,-0.26873627954233026,7
REBN,-0.17563210502337495,14
RECT,0.05279368328887172,79
REED,-0.3817741990337511,4
REFI,0.01770280230052469,72
REFR,0.4473948332727193,97
REG,-0.058782609998539216,39
REGCO,-0.02228677627896557,52
REGCP,-0.023072822824764284,52
REGN,0.1098808682387661,87
REI,-0.010697252486767062,57
REKR,-0.2814597359091997,7
RELL,-0.06627663246513761,37
RELX,-0.017227578710290584,54
RELY,-0.15869884795979242,16
RENT,-0.5073621334990178,2
RENX,-0.03586009634911099,48
REPL,0.037399084723915024,77
REPX,0.1334722437179057,89
RERE,0.012465446986317718,70
RES,-0.05691630286351386,40
RETO,-0.9224094252244646,0
REVB,-0.1317857159379489,20
REX,-0.012703092601805898,56
REXR,0.05991161356759811,81
REYN,-0.12514350986340994,22
REZI,-0.12698427416749372,21
RF,-0.08544224048175386,31
RFAI,0.8431300726562987,98
RFAIU,1.550219174392959,99
RFAM,0.011610629105760939,69
RFAMU,0.014999961853027433,71
RFI,-0.056150754524260896,40
RFIL,-0.3535523632803677,4
RFL,-0.09114441245238036,29
RFM,-0.07571415902090207,34
RFMZ,-0.08021320162863965,32
RGA,0.05866871192412822,81
RGC,-0.008689746383233776,57
RGCO,-0.0806600213034893,32
RGEN,0.20375095536721569,92
RGLD,0.11310613056509466,87
RGNT,-0.07692309949524954,33
RGNX,-0.2799206090218014,7
RGP,-0.03983026328677404,46
RGR,0.07407895594524604,83
RGS,0.016866797646195496,71
RGT,-0.021985282732157576,53
RGTI,-0.007918204352998982,58
RH,-0.19254631215588006,12
RHI,-0.018867815323095984,54
RHLD,-0.01911667537284233,54
RHP,-0.05299789059889526,42
RIBB,-0.24580049430870365,8
RIBBU,0.04145437766452886,78
RICK,-0.033293398687631925,49
RIG,-0.0022040993635789145,60
RIGL,0.18687455212574045,92
RILY,-0.21085815838467553,11
RILYL,-0.0952586002753944,28
RILYP,-0.10429084850568404,26
RIME,-0.5269178661572085,2
RIO,-0.024917025025845398,51
RIOT,0.12609919232150743,88
RITM,-0.012908885600900475,56
RIV,-0.03490578702204903,48
RIVN,-0.05792939688273414,40
RJET,0.0553822099648051,80
RJF,-0.060993462662749104,39
RKDA,-0.21146271936826294,10
RKLB,0.009548618202715624,69
RKT,-0.12456338735221897,22
RKTO,-0.08071118964215097,32
RL,-0.10851515533426132,25
RLAY,-0.046157298155666764,44
RLGT,0.00027978988464912903,62
RLI,-0.07259831943878961,35
RLJ,-0.05885701658400303,39
RLMD,-0.2620466123640213,8
RLTY,-0.07073751489123828,36
RLX,-0.08143816351834933,32
RLYB,0.02427119570208456,73
RM,-0.1641660257448471,15
RMBI,-0.02436379937537573,52
RMBS,0.02924215215011905,75
RMCF,-0.27052754894306286,7
RMCO,0.002589200259502476,64
RMD,0.061753845336985635,81
RMI,-0.07462787553144788,34
RMM,-0.08126832391312083,32
RMMZ,-0.06644600095736754,37
RMNI,-0.08424115494586,31
RMR,-0.05867439485056364,39
RMSG,-0.18296424327210695,13
RMT,-0.021637832465141782,53
RMTI,0.1785544553225358,91
RNA,-0.34459137759463343,4
RNAC,-0.15534479090345418,16
RNAZ,-0.5685928307721841,1
RNG,0.6561785092059389,98
RNGR,-0.04656976354392067,44
RNGT,0.004547222741088963,65
RNGTU,0.009396220847633429,69
RNP,-0.05204361199659116,42
RNR,0.03412974215662285,76
RNST,-0.05349747356970199,42
RNTX,-0.08166315949344995,32
RNW,0.05188190030673203,79
RNXT,0.5472025380339522,98
ROAD,-0.1621812689514836,15
ROCK,-0.09043163489347184,29
ROG,0.04060218343633848,77
ROIV,0.050488061997413805,79
ROK,-0.031704819874370016,49
ROKU,0.039630805927210536,77
ROL,-0.16526245583284263,15
ROLR,-0.03740732687521887,47
ROMA,0.011623822295979337,69
ROOT,-0.1579071464053625,16
ROP,-0.02276234548189362,52
ROST,-0.002302148096833867,60
RPAY,0.03098841900196158,75
RPC,-0.07725007065977423,33
RPD,0.35209917018376546,96
RPGL,-0.5148127727278495,2
RPID,-0.37094521380861856,4
RPM,-0.0632118731467918,38
RPRX,-0.026481278731234896,51
RPT,-0.13342457867587676,20
RQI,-0.07002915367800563,36
RR,0.0013889639541255078,63
RRBI,0.029949940740096506,75
RRC,-0.015140654478071303,55
RRGB,-0.025833771200975013,51
RRR,-0.16939621302287802,14
RRX,-0.18773286395778443,12
RS,-0.01794595041707169,54
RSF,0.00241830257358242,63
RSG,-0.018692120003449185,54
RSI,-0.2652729324303925,7
RSKD,0.31931616723344325,96
RSSS,-0.051353592828832485,42
RSVR,-0.05627325270078545,40
RTAC,-0.0020039353035878004,60
RTACU,-0.0037215836445741,59
RTB,-0.28758791387498134,6
RTO,-0.17294626866756477,14
RTX,-0.05872448156424017,39
RUBI,-0.5035796032079544,2
RUM,0.14304865825735452,89
RUN,-0.1641271829087081,15
RUSHA,-0.049811180210290996,43
RUSHB,0.0766788983974435,83
RVI,-0.000835335647521751,61
RVLV,-0.11349383412079987,24
RVMD,-0.016474731667583575,55
RVP,-0.022985513803079893,52
RVSB,0.1181287365064174,87
RVSN,-0.19054562858286883,12
RVT,-0.03678269495477908,47
RVTY,0.23097852344420516,93
RWAY,0.15830984071967735,90
RWT,-0.23006715535047106,9
RXO,-0.18825939321327909,12
RXRX,0.17333294534906793,91
RXST,-0.1552265279083472,17
RXT,0.023595408496278877,73
RY,-0.02757186606166956,51
RYAAY,-0.03531969745662608,48
RYAM,0.07911318478659474,84
RYAN,-0.09963080779388676,27
RYDE,0.021121832034502575,73
RYET,-0.16236364272803305,15
RYM,0.03776521195085063,77
RYN,-0.05232633447387664,42
RYOJ,-0.03852491542759001,47
RYTM,-0.08134416438456143,32
RYZ,-0.10760442306914059,25
RZLT,-0.2174848138600756,10
RZLV,-0.051461271635516156,42
S,0.3032322581211958,95
SA,0.10742516781812614,87
SAAQ,-0.007676871942688524,58
SAAQU,-0.020595732908929642,53
SABA,-0.01377080845955324,56
SABR,0.16047172300188894,90
SABS,-0.09231524813000588,29
SAC,0.0004590556911412746,62
SACH,0.0985790120734929,86
SAFE,-0.1707792676354702,14
SAFT,0.2207763284925801,93
SAFX,0.0846645089921889,84
SAGT,-0.20903426099578265,11
SAH,-0.25135269854441805,8
SAIA,-0.12382277723163482,22
SAIC,0.11529400202559731,87
SAIH,0.7683978706993548,98
SAIL,0.36074229001046504,96
SAM,-0.07514079309641787,34
SAMG,-0.008931458103348732,57
SAN,0.01794115259820005,72
SANA,-0.13440707138558533,20
SANG,-0.116439501433489,23
SANM,0.07156218667654504,82
SAP,0.1878666949465112,92
SAR,-0.07342752934860769,34
SARO,-0.14158481402853115,19
SATA,0.042702143835600115,78
SATL,0.20087682094570247,92
SB,0.06500428681710659,82
SBAC,-0.05728364346567473,40
SBC,0.41879791042678943,97
SBCF,-0.02757237471213087,51
SBET,0.5153260869552556,97
SBFG,0.1693545918020633,91
SBFM,-0.3828472296638157,4
SBGI,-0.06409738920718916,37
SBH,0.10372391503515307,86
SBI,-0.06679945058623545,37
SBLK,0.07694732029834073,83
SBR,-0.009180207644669779,57
SBRA,-0.03040431438970562,49
SBS,0.020104284030029614,72
SBSI,-0.06767422355353292,36
SBSW,0.07366707436881452,83
SBUX,-0.09782002640460033,27
SBXD,0.04254302634954106,78
SBXE,0.0009131968142887972,62
SCAG,-0.20996352856176126,11
SCCO,0.03592324324546085,76
SCD,-0.029478815064183393,50
SCHL,-0.159204995886019,16
SCHW,-0.050282714344104605,43
SCI,-0.023274781133848108,52
SCII,0.006749762157462813,67
SCIIU,0.0046959407720182705,65
SCKT,-0.13427675524467889,20
SCL,0.10050403665428492,86
SCLX,-0.19968148734924274,11
SCM,-0.009729931132714533,57
SCNI,-0.27985696623262746,7
SCNX,-0.2717459796111368,7
SCOR,-0.1665318365823627,15
SCPQ,0.0049008244404494805,65
SCPQU,0.0023709694558839535,63
SCSC,0.10156723841910024,86
SCWO,0.36178565887972025,96
SCYX,0.04821834652816168,79
SCZM,0.1500498147683717,90
SD,-0.010044694893653637,57
SDA,-0.38985102991119397,3
SDEV,0.0072563401947105975,68
SDGR,0.7097755878664131,98
SDHC,-0.2168396570581147,10
SDHI,0.005648980329136144,66
SDHIU,0.003025252135357359,64
SDHY,-0.03960991842348861,46
SDOT,-0.18547674777161138,13
SDRL,0.030464357939280942,75
SDST,-0.84960036904718,0
SE,-0.024095934955360877,52
SEAT,-0.4385410683528741,3
SEB,-0.1127745999167535,24
SEDG,-0.11009966121359728,25
SEED,-0.07814139920878736,33
SEER,-0.08514314076406422,31
SEG,-0.09635876262094756,28
SEGG,-0.12439411486068178,22
SEI,0.1430701944567892,89
SEIC,0.03607943555094978,76
SELF,-0.04557683888496964,44
SENEA,0.011657443149369732,70
SENEB,0.06083027703532439,81
SENS,0.458420195619183,97
SEPN,0.035543649707786534,76
SER,-0.07598777460415035,34
SERA,-0.009985983747049988,57
SERV,-0.12887926847101516,21
SES,-0.08823222609469454,30
SEVN,-0.07338929466003032,34
SEZL,-0.20862402896421445,11
SF,-0.08512001989849216,31
SFBC,0.037623276729652405,77
SFBS,-0.04174212809567519,46
SFD,-0.20024577767872864,11
SFHG,-0.0675717569164845,36
SFIX,-0.20722457014076337,11
SFL,0.07527039332786993,83
SFM,-0.16649255129420884,15
SFNC,0.00880426646816921,68
SFST,-0.02825894181362817,50
SG,0.1204564303027138,88
SGA,-0.011164722584325382,56
SGC,-0.013950363672962974,56
SGHC,-0.11660313122369045,23
SGHT,0.3713139551822635,96
SGI,-0.06886310604463838,36
SGLY,-0.6648250426549075,1
SGML,-0.11202353499206566,24
SGMT,0.24941119534245298,94
SGP,0.22204238884856503,93
SGRX,-0.6437344053599889,1
SGRY,-0.011218837869520782,56
SGU,0.016566101043257776,71
SHAK,-0.08517195044261587,31
SHAZ,-0.12769695898473837,21
SHBI,-0.006522676304175178,58
SHC,0.01195341317064088,70
SHEL,0.08739606540154851,85
SHEN,-0.022787326452239423,52
SHFS,-0.11209036324797181,24
SHG,0.11359068609350095,87
SHIM,-0.07876347584802593,33
SHIP,0.057270135623496296,80
SHLS,-0.0727870044333608,35
SHMD,-0.25726247230374,8
SHO,-0.038114033357729435,47
SHOE,-0.12734826868500415,21
SHOO,-0.009537049266213848,57
SHOP,0.09984976164451621,86
SHPH,0.02457343232976506,74
SHW,-0.010259080565043809,57
SIBN,0.03795857763326299,77
SID,0.12350493176569285,88
SIDU,-0.07301188447765915,35
SIEB,0.15033348703578267,90
SIF,-0.019653679128460874,53
SIFY,-0.06940944606937086,36
SIG,0.18821091266589185,92
SIGA,-0.02927178445763488,50
SIGI,-0.07830154428974635,33
SIGIP,-0.014846069775251203,55
SII,0.05225140170408551,79
SILC,0.13340810077032056,89
SILO,-0.4902486871032181,2
SIM,-0.05842816710282832,40
SIMA,0.00046041502291709345,62
SIMAU,0.02542022704827185,74
SIMO,-0.0035517985694960806,59
SINT,0.11092601288848214,87
SION,-0.44416577037761973,3
SIRI,-0.0867680405428776,30
SITC,-0.0883480115894939,30
SITE,-0.048188945593215446,43
SITM,-0.01562320893674396,55
SJ,-0.23052345641886662,9
SJM,0.03635718842457175,76
SJT,0.1186919896391494,87
SKE,0.0455380376511943,78
SKIL,-0.18735399233788697,13
SKIN,-0.004165337273680568,59
SKK,-0.178371558715413,13
SKM,-0.03521103539431748,48
SKT,-0.10517792498449922,26
SKWD,-0.03009271030241154,50
SKY,-0.0015447712129255465,61
SKYA,0.42092252604038116,97
SKYE,-0.4339285888062199,3
SKYH,-0.022242787339613546,52
SKYQ,-0.17009862285891716,14
SKYW,0.01197105407568999,70
SKYX,0.11099080484679534,87
SLAB,0.015981841373913272,71
SLB,0.03338827355542612,76
SLBT,-0.4458563041963855,3
SLDB,-0.0848333104262934,31
SLDE,0.11899605915637781,87
SLDP,0.027842150177643177,74
SLE,0.5731908252873907,98
SLF,0.015596529424958896,71
SLG,-0.08344839642850385,31
SLGB,-0.47392271641316613,2
SLGL,-0.22594699368411625,9
SLGN,-0.13642270665235734,20
SLI,-0.13894582603815747,19
SLM,-0.05309570004017906,42
SLMBP,0.010160398656270319,69
SLMT,-0.15075053621436568,17
SLN,0.05190080938411455,79
SLND,-0.10269008984298136,26
SLNG,0.046405381389847435,78
SLNH,0.015390448422043977,71
SLNHP,0.13299863741059745,89
SLP,0.004991700023191515,66
SLQT,-0.4510402157909869,2
SLRC,-0.04668395500307216,44
SLS,-0.04149156807578974,46
SLSN,-0.1962672034454996,12
SLSR,-0.13929936699783083,19
SLVM,-0.0162152816879945,55
SLXN,-0.5070475849099689,2
SM,0.02465995712454825,74
SMA,-0.05356150947638437,42
SMBC,-0.049954895909447614,43
SMBK,0.013460705073258096,70
SMC,-0.015095213479198942,55
SMCI,0.257570024352175,94
SMFG,0.031139765532370703,75
SMG,-0.16154457897517233,16
SMHI,0.012876894655432649,70
SMID,-0.16039258283440228,16
SMJF,-0.782361410191706,0
SMMT,0.23826261730082807,94
SMP,-0.02625526873850954,51
SMPL,-0.12168899325968419,22
SMR,-0.028533725856855024,50
SMRT,-0.02200727004995298,53
SMSI,-0.04738442967484042,44
SMTC,0.2560014081793747,94
SMTI,0.24690749706911896,94
SMTK,-0.7417038926225689,0
SMWB,0.29065519455857397,95
SMX,-0.4149631354707148,3
SMXT,-0.38032847804860975,4
SN,0.06247579916376695,81
SNA,-0.053652521263130665,41
SNAL,-0.1787374261499314,13
SNAP,0.07668182219428563,83
SND,0.06429564152977386,82
SNDA,-0.03437955254214569,48
SNDK,0.17744536585244314,91
SNDL,0.04275308855937077,78
SNDR,-0.1093403351869153,25
SNDX,-0.12173189408043436,22
SNES,-0.427771611597726,3
SNEX,-0.08599977375264942,31
SNFCA,-0.05363234127387361,41
SNGX,0.008979328337974258,69
SNN,-0.0902680675947186,30
SNOA,0.008992018566552365,69
SNOW,0.1725154521101861,91
SNPS,0.02985407934694175,75
SNT,-0.1494690601186282,17
SNTG,-0.14090211344601483,19
SNTI,-0.25500088485717776,8
SNWV,-0.13651118993415598,20
SNX,0.12260883137572098,88
SNY,-0.057165991589790084,40
SO,-0.09207899204952957,29
SOAR,0.2226045388285085,93
SOBO,-0.08535083788843753,31
SOC,-0.233128671279976,9
SOCA,0.004372777266085204,65
SOCAU,0.002223150420327702,63
SOFI,-0.053467480846798074,42
SOGP,0.0007191209221740769,62
SOHU,-0.018283803962484288,54
SOLS,-0.05988062628281002,39
SOLV,0.07540039459190431,83
SOMN,-0.06570933416692379,37
SON,-0.10092710178665941,27
SONM,0.056351387803901136,80
SONO,0.13470179792867115,89
SONY,0.057596803919063605,80
SOPH,0.17669979155316318,91
SOR,0.0043800545775614765,65
SORA,0.07863801308469451,83
SORN,0.006031209255932034,66
SORNU,0.011336478287147657,69
SOS,-0.6455444073461929,1
SOTK,-0.09717278786297243,28
SOUL,0.0047242716861402466,65
SOUN,-0.08842953775359177,30
SOWG,-0.1817350349881456,13
SPAI,-0.004404083229870928,59
SPB,0.006835345676542804,67
SPCB,-0.1369167537900465,20
SPCE,0.12447499874710104,88
SPE,-0.009567675086074302,57
SPEG,0.00456500563734501,65
SPEGU,-0.005660416741266161,59
SPFI,-0.011266379748428479,56
SPG,-0.06204158667889714,38
SPGI,-0.021440694465366252,53
SPH,-0.06263499104532538,38
SPHL,-0.11632087364976414,23
SPHR,-0.0933447307500914,29
SPIR,-0.10433572024925386,26
SPKL,-0.02085153970143544,53
SPKLU,-0.04060602863384888,46
SPMA,0.0076941004360902236,68
SPMC,-0.08495562644340901,31
SPME,0.00465039106265679,65
SPNT,0.06105604350693115,81
SPOK,0.00967223765061156,69
SPOT,0.02874757599217788,75
SPPL,-0.19000731939080806,12
SPRB,-0.0019328957115186465,60
SPRC,-0.2182802194537619,10
SPRO,-0.04053520128041324,46
SPRU,-0.10937301448651136,25
SPRY,-0.33002221687691496,5
SPSC,0.21149953785239747,93
SPT,0.20871770557634745,93
SPWH,0.0640212877113848,81
SPWR,-0.2247618931040832,10
SPXC,-0.19706335925343987,12
SPXX,0.029886542792207108,75
SQFT,-0.2538364763465855,8
SQFTP,0.12232494570777111,88
SQM,-0.08177219691031742,32
SQNS,0.037468051815204816,77
SR,-0.033154169121348324,49
SRAD,-0.03759717964930748,47
SRBK,-0.00400479747057707,59
SRCE,0.01225239708925904,70
SRE,-0.09740317036753707,28
SRFM,0.2159612766091327,93
SRG,-0.18427184993924967,13
SRI,-0.01557415246957865,55
SRL,-0.07707616798247843,33
SRPT,0.08183792894510196,84
SRRK,-0.06214555626659808,38
SRTA,-0.05864016023412075,39
SRTS,-0.016055633369401346,55
SRV,-0.0650627430562643,37
SRXH,-0.1832018159835243,13
SRZN,-0.30407342573642093,6
SSAC,0.00639044163397391,67
SSACU,0.0009027713572220986,62
SSB,-0.014654830049529098,55
SSBI,-0.062162512541213466,38
SSD,-0.08168340812101743,32
SSEA,0.008455245325563344,68
SSEAU,-0.0010234925188167044,61
SSII,-0.12196257681618872,22
SSL,0.1850710151817983,91
SSM,-0.6389934121049841,1
SSNC,0.0825853482375645,84
SSP,-0.01663547631171385,55
SSRM,0.1296398094922236,88
SST,0.5631106618180226,98
SSTI,-0.18485996656681597,13
SSTK,-0.3123082614188708,5
SSYS,0.0023816618670300382,63
ST,-0.07119628892098198,35
STAA,-0.18698013089841614,13
STAG,-0.03365284222972165,48
STAK,-0.34770866270379974,4
STBA,-0.016261366655284992,55
STC,-0.07240354785351674,35
STE,-0.050123252239953064,43
STEM,-0.36753509113541916,4
STEP,-0.00045560729942608486,61
STEW,-0.012727463521590598,56
STEX,0.022266410690793645,73
STFS,-0.22077372951474422,10
STG,-0.16477036922600322,15
STGW,0.0854058419360123,84
STHO,-0.044951072495123444,44
STI,-0.1142191697091843,24
STIM,0.4117056618159296,97
STK,0.06125227947439162,81
STKE,0.32312952680108,96
STKH,-0.19361308025014617,12
STKS,-0.05371863186146706,41
STLA,-0.17693591303113687,14
STLD,-0.002844004092051766,60
STLN,0.20217878069593373,92
STM,-0.04045750966122944,46
STN,0.0028749200890599864,64
STNE,-0.05671369701931903,40
STNG,0.02635330354150684,74
STOK,-0.16365713385192618,15
STRA,-0.00796812085254478,58
STRC,0.11029942756314841,87
STRD,0.14380504390849025,89
STRF,0.09446199189913836,85
STRK,0.13931094881852452,89
STRL,-0.17576310844564802,14
STRO,-0.318453991278706,5
STRR,-0.0007244820623669938,61
STRRP,0.01306768698014792,70
STRT,-0.18988210910695025,12
STRW,-0.005095463384063614,59
STRZ,-0.1206368177838178,23
STT,-0.017930614660792966,54
STTK,-0.07258523188032256,35
STUB,-0.3258013190169988,5
STVN,0.07242249702301468,82
STWD,-0.10048432209073681,27
STX,0.024929290545766314,74
STXS,-0.10350300459971365,26
STZ,-0.13381723267436957,20
SU,0.05121511874503651,79
SUGP,-0.7403751111980609,0
SUI,-0.06784951094826008,36
SUIG,0.32221893424752385,96
SUMAU,0.001970450940454471,63
SUN,0.034095795977054345,76
SUNB,-0.03281992202831113,49
SUNC,0.05077471151097801,79
SUNE,0.04772618372341102,79
SUNS,-0.05526577535784767,41
SUPN,-0.055885335662165116,41
SUPV,-0.13186816110566082,20
SUPX,-0.044837657730708885,44
SURG,-0.28824684390605226,6
SUZ,0.08488692863748974,84
SVAQ,0.00617990749228865,67
SVAQU,0.003007617831406706,64
SVC,-0.20970011824192675,11
SVCC,0.0036847382786042715,64
SVCCU,0.0024738085051522413,63
SVCO,0.05245734462647142,79
SVIV,-0.005777424626170269,59
SVIVU,0.035050525483783956,76
SVM,0.03581777098392647,76
SVRA,-0.11889288123441398,23
SVRE,-0.3031687052751578,6
SVRN,3.0950950644191084,99
SVV,-0.09568094540149984,28
SW,0.004146346705688917,65
SWAG,-0.22152906064157074,10
SWBI,-0.03481452557324948,48
SWIM,0.012389055851808915,70
SWK,0.0012479521323999244,62
SWKS,0.38378244986802623,97
SWMR,-0.4554792006169248,2
SWVL,1.6558300228818479,99
SWX,-0.08306490732566693,31
SXC,0.09060526383442055,85
SXI,-0.10890581585735964,25
SXT,0.02793206298020247,74
SXTC,-0.6631064247577919,1
SXTP,-0.11507339912259938,24
SY,0.4502318629664004,97
SYBT,-0.029224760506597502,50
SYF,-0.06952310657807245,36
SYK,-0.15106790140715576,17
SYM,0.07185316126227312,82
SYNA,-0.10152093610370412,27
SYNX,-0.09062041177380875,29
SYPR,-0.05874745041619465,39
SYRE,-0.1397808678456265,19
SYY,-0.06233621970934893,38
SZZL,0.006447048530493027,67
SZZLU,0.0026724912998709717,64
T,0.03618018219263103,76
TAC,-0.07810303110418601,33
TACH,0.0062288431372985445,67
TACHU,0.0021505796963206423,63
TACO,-0.0003752512660712636,61
TACOU,0.00040497758622880524,62
TACT,0.011662743406190645,70
TAK,0.0903201569983147,85
TAL,0.13054768503333583,88
TALO,0.03676162715700082,76
TANH,-0.2933902366191644,6
TAOP,-0.3321606421509839,5
TAOX,0.1581256368751694,90
TAP,-0.10446002345260647,26
TARA,-0.10038844895499303,27
TARS,0.11593230435820936,87
TASK,0.3558491589338541,96
TATT,-0.03512768959871543,48
TAVI,0.0013229181802376644,63
TAVIU,0.003261912930331068,64
TAYD,0.10359887824007794,86
TBBB,0.1458025930773768,90
TBBK,-0.23778743397748867,9
TBCH,0.028583498115462635,74
TBI,0.1526724438272739,90
TBLA,-0.18656741387273407,13
TBLD,-0.05985432006582928,39
TBN,-0.010051270286665458,57
TBPH,0.004319961648013293,65
TC,-0.17832870049026875,13
TCBI,-0.04689634692242663,44
TCBIO,-0.05480762893191334,41
TCBK,-0.07107383137679193,35
TCBS,-0.034897893747911954,48
TCBX,-0.008966509356847563,57
TCI,0.06186177525531693,81
TCMD,-0.11434818153508983,24
TCOM,-0.0974963638235829,27
TCPC,0.18902338089326448,92
TCRT,-0.38663122203435074,4
TCRX,-0.5520504314016321,1
TCX,0.06923491526398443,82
TD,0.011318965074416255,69
TDAC,0.007989923971113021,68
TDACU,0.03616822102804358,76
TDAY,-0.11697465989841568,23
TDC,0.031513010325386094,75
TDF,-0.07300959805229572,35
TDG,-0.09608213641443468,28
TDIC,-0.3731556847639951,4
TDOC,-0.14856077292984443,17
TDS,0.05488896508532142,80
TDTH,-0.1023822167624891,26
TDUP,-0.3988041323620674,3
TDW,0.042509743756259454,78
TDWD,0.007461246232603579,68
TDWDU,0.0004930608909744505,62
TDY,-0.023110633992498644,52
TE,-0.19528292886244458,12
TEAD,-0.4057256451572583,3
TEAM,0.7775077246087343,98
TECH,0.06349724772773553,81
TECK,0.04299893424839206,78
TECX,-0.26768578253269776,7
TEI,-0.04206178934103694,45
TEL,0.0635049646693191,81
TELA,0.8855038239336092,98
TELO,0.05054028622194011,79
TEM,0.41188286682806097,97
TEN,0.1421917525520417,89
TENB,0.13645398742772413,89
TENX,-0.390349202641078,3
TEO,0.05447467875484877,80
TER,0.015826623616784552,71
TEVA,0.13262802264643708,89
TEX,-0.1348871788664077,20
TFC,-0.06467064105602807,37
TFII,-0.1375982473374121,19
TFIN,-0.19426490887072695,12
TFPM,0.04858486590320377,79
TFSL,-0.04680776363970909,44
TFX,-0.08590016031577477,31
TG,-0.11370741441651007,24
TGB,0.13815933899641372,89
TGE,-0.11448377650940687,24
TGEN,-0.15139263593780578,17
TGHL,0.25921503840744603,94
TGL,-0.2413517315343765,9
TGLS,-0.17304062210493806,14
TGS,-0.07107880801058258,35
TGT,0.05833974044374214,81
TGTX,0.02627964445937283,74
TH,0.189694123374135,92
THC,0.12677395230460797,88
THCH,-0.057844361417716046,40
THFF,-0.035369852789725494,48
THG,0.006126358444184021,67
THH,-0.3615869057302723,4
THM,0.21964774938765447,93
THO,-0.05598383594283742,41
THQ,-0.002663998198262506,60
THRM,-0.13155133543280945,21
THRY,-0.31049228077456703,5
THW,0.0060753582238533225,67
TIC,0.07247201892612765,82
TIGO,-0.012160696371573288,56
TIGR,-0.06543695195961284,37
TII,0.2928065525878133,95
TIL,-0.029896774060841236,50
TILE,-0.013894369582081501,56
TIMB,-0.05393112281147584,41
TIPT,-0.02849613568165884,50
TISI,0.4970371935453022,97
TITN,0.2221329753707604,93
TJX,-0.11314483068835211,24
TK,0.09055350999639977,85
TKC,-0.0801830536065299,33
TKLF,-0.11257010113526744,24
TKNO,0.4870851588963273,97
TKO,-0.00375191778016617,59
TKR,-0.10724831203650446,25
TLF,0.05934828507717442,81
TLIH,0.05788864243770731,80
TLK,-0.08259936722036858,32
TLN,-0.1390598447813598,19
TLNC,-0.003306310784857236,60
TLNCU,-0.015076316589782056,55
TLPH,-0.03763810450200464,47
TLRY,-0.0677501372818877,36
TLS,-0.08501419492341637,31
TLSA,-0.049615698437111236,43
TLSI,0.08507165666467963,84
TLX,0.03980978217806898,77
TLYS,0.03845635396267123,77
TM,0.032961886257242244,76
TMC,-0.06017143753126167,39
TMCI,0.054550225884973866,80
TMDE,-0.1362477806064324,20
TMDX,0.061616376604125264,81
TME,-0.050959873246366784,43
TMO,0.16175512940794168,90
TMP,0.020924011099582175,73
TMQ,-0.03223368869540299,49
TMS,0.16634648754279735,91
TMTSU,-0.012880519174250572,56
TMUS,-0.07101523042056493,35
TNC,-0.13901291112170622,19
TNDM,-0.11495319319242585,24
TNET,0.07357948564641636,83
TNGX,-0.0486084201257683,43
TNK,0.13474791124057944,89
TNL,-0.1273400073113249,21
TNMG,10.347926736747768,99
TNON,-0.5779800067663956,1
TNXP,-0.13152890063400674,21
TNYA,-0.08719831497551724,30
TOL,-0.0837426742030092,31
TOMZ,-0.1978783811969995,11
TONT,0.004057188110272403,65
TONX,0.2823832246698055,95
TOON,-0.1046894559498068,26
TOP,0.3545885028514591,96
TOPP,-0.5257717949460327,2
TOPS,-0.1271291483522365,21
TORO,0.0302454568035372,75
TOST,-0.035062136808314666,48
TOUR,0.03114934920498147,75
TOVX,-0.023196939567549917,52
TOWN,-0.016682364424509932,55
TOYO,-0.22016181954991682,10
TPB,-0.23724383891843545,9
TPC,-0.040363929007113296,46
TPCS,0.08984027836264893,85
TPET,-0.21241798719472138,10
TPG,-0.017628735315048678,54
TPL,-0.1428376809336629,18
TPR,-0.1873317522184395,13
TPST,-0.12323948281311317,22
TPVG,0.06527309648730208,82
TR,-0.03186290968178551,49
TRAK,-0.0027912342634784475,60
TRAW,-0.12079268952274194,23
TRC,-0.05791913034555547,40
TRDA,-0.06880166560521747,36
TREE,-0.29748514459506564,6
TREX,-0.03308234650145784,49
TRGP,-0.016584294604847793,55
TRGSU,-0.0011804212232387477,61
TRI,0.0589340263429385,81
TRIB,-0.3058581326880898,6
TRIN,0.003794082722924065,64
TRIP,-0.289418811157389,6
TRLV,0.2988859428827194,95
TRMB,0.08691528155499856,85
TRMD,0.2020342811030759,92
TRMK,-0.0060877866325534935,59
TRN,-0.13900308704995715,19
TRNO,-0.038174724670343343,47
TRNR,-0.17719489840728028,14
TRNS,-0.013586518428202942,56
TRON,-0.15639114721131447,16
TROO,-0.12453257961124072,22
TROW,-0.04922397022734734,43
TROX,-0.2798110222438338,7
TRP,-0.08155773456369925,32
TRS,-0.027526824648973658,51
TRSG,-0.05611115188405071,41
TRST,-0.0018996981247757939,60
TRT,0.03870322275436908,77
TRTX,-0.16484841460405453,15
TRU,-0.07654113549886503,34
TRUG,-0.469782651865475,2
TRUP,-0.1459241680755785,18
TRV,0.013733938726829844,70
TRVG,0.005539146159459097,66
TRVI,-0.1785376573822272,13
TRX,0.3634259563361121,96
TS,0.01342409090468758,70
TSAT,0.1059849751439134,86
TSBK,-0.001410172887807459,61
TSCO,0.0055282199170816025,66
TSEM,-0.05360006732154251,42
TSHA,-0.20107281563187612,11
TSI,-0.014946959056126896,55
TSLA,0.1114044245891499,87
TSLX,0.06162599459655219,81
TSM,0.0820338171159852,84
TSN,-0.10217232652414933,26
TSQ,-0.15742485638776124,16
TSSI,-0.057899794185532705,40
TT,-0.05815648342738631,40
TTAM,-0.1658573002576922,15
TTAN,-0.21522386645305103,10
TTC,0.013889763909567233,70
TTD,-0.15894220585435573,16
TTE,0.06280463365562383,81
TTEC,-0.24852488316790594,8
TTEK,0.06424633341704429,82
TTGT,0.02117999533372609,73
TTI,-0.25700753015072564,8
TTMI,-0.052251321185212,42
TTRX,0.5926760460739107,98
TTWO,-0.1306014867293447,21
TU,-0.1584280748562935,16
TULP,-0.12206512832643127,22
TURB,-0.19597776509291726,12
TUSK,-0.02028232711187085,53
TUYA,-0.011030576533508174,57
TV,-0.12232349469153388,22
TVA,0.0038539659355841136,64
TVACU,-0.005388482752985158,59
TVAI,0.004399916265251313,65
TVAIU,-0.0034605238949327543,60
TVGN,0.2740592004525105,95
TVRD,-0.3813828593607837,4
TVTX,-0.014199942504406182,55
TW,-0.02727187482998663,51
TWAV,0.1768633920750893,91
TWFG,-0.05205462220996845,42
TWG,-0.7218119822249025,0
TWI,-0.01952006252587265,53
TWIN,0.12188376374385625,88
TWLO,0.43230203433779046,97
TWLV,0.0047973942473857,65
TWLVU,1.1638703343930419e-05,62
TWN,0.07219962652708176,82
TWST,0.43166572384607954,97
TX,0.10806036292494753,87
TXG,0.5272082254595478,97
TXMD,0.05971850726817873,81
TXN,-0.01586912746221224,55
TXNM,0.016766035652684152,71
TXO,0.05963113365807018,81
TXRH,-0.1514083376442106,17
TXT,-0.11171597479002497,24
TY,-0.007130800167943474,58
TYG,-0.07867443399080518,33
TYGO,-0.3726964461404151,4
TYL,0.05850037351423903,81
TYRA,-0.17330288901422042,14
TZOO,-0.31412231707680727,5
U,0.246450853778519,94
UA,-0.22860287281152425,9
UAA,-0.22139786554179305,10
UAC,0.0031246321147561096,64
UAL,-0.04068584542264823,46
UAMY,-0.14206461859732422,19
UAN,0.0768784692292452,83
UAVS,0.1278758224706686,88
UBCP,-0.02153394050498114,53
UBER,-0.05840463336463621,40
UBS,-0.08438736367967412,31
UBSI,-0.01180880708614198,56
UCAR,5.065549561851726,99
UCB,-0.036992362355488424,47
UCFI,0.0,62
UCL,-0.3279387629442191,5
UCTT,-0.1253198403843655,22
UDR,-0.11345063417889892,24
UE,-0.09756186832757201,27
UEC,-0.1058692375419457,26
UEIC,0.20077951483352635,92
UFCS,0.04776031036893415,79
UFG,-0.21843434416077287,10
UFI,0.042816183603009414,78
UFPI,-0.056155734710359985,40
UFPT,0.07493053088213249,83
UG,-0.011099029658697333,57
UGI,0.005357926393569601,66
UGP,0.2651185743632462,94
UHAL,-0.1156435750614811,24
UHS,0.12143563393831305,88
UHT,-0.05847752629104723,40
UI,0.043262931619856636,78
UIS,-0.2184808966119085,10
UK,-0.07123920762497128,35
UL,0.00847383253278503,68
ULBI,-0.05861788724709713,39
ULCC,-0.03041818907516351,49
ULH,-0.052722615776701065,42
ULS,-0.19064062272103124,12
ULTA,0.09954612339677604,86
UMAC,0.04582272342231087,78
UMBF,-0.05498463144296861,41
UMBFO,-0.019693750104421284,53
UMC,0.20717434118122513,92
UMH,-0.023336148617906737,52
UNB,-0.03159540292252894,49
UNCY,-0.1885883443603297,12
UNF,-0.09131647525840225,29
UNFI,-0.10476870809760144,26
UNH,-0.07402740174269479,34
UNIT,-0.13209117193452216,20
UNM,0.07588045743597582,83
UNP,-0.06376382680026577,38
UNTY,-0.01436403389030061,55
UONE,-0.15219439609183127,17
UONEK,-0.16530727886959784,15
UP,-0.3078051267881886,6
UPB,-0.22016833238262656,10
UPBD,-0.17606482718419084,14
UPC,0.12248484011025851,88
UPLD,-0.24025188569112935,9
UPS,-0.09573846252547612,28
UPST,-0.17524194626440787,14
UPWK,-0.04427971667112211,45
UPXI,0.3001698789049269,95
URBN,0.037120491272127555,76
URG,-0.1373078605852705,19
URGN,-0.025075136874012083,51
URI,-0.0636882082222613,38
UROY,0.2360882266098292,94
USA,0.013791750835939044,70
USAC,-0.01892336919283143,54
USAR,-0.08382571732863348,31
USAS,0.006240796087881635,67
USAU,0.03480593917550498,76
USB,-0.05530410819504647,41
USBC,0.3184232247152883,95
USCB,0.06084648751843593,81
USEA,0.13288038239089572,89
USFD,-0.07691452807808154,33
USGO,-0.1869656559889273,13
USIO,-0.006475019246924996,58
USLM,-0.02461984783216774,52
USNA,-0.13433040325628895,20
USPH,0.13205740163603116,88
UTF,-0.08871835191698876,30
UTG,-0.10609102983217605,26
UTHR,-0.06599319023967713,37
UTI,-0.2820172152170408,7
UTL,-0.04514845422830915,44
UTMD,0.10950304738989415,87
UTSI,-0.001695496585110966,60
UTZ,0.2188273743387566,93
UUU,0.00856180660838008,68
UUUU,-0.14789247866018,18
UVE,0.05442868738979121,80
UVSP,-0.025788831889775085,51
UVV,-0.11546348700262335,24
UWMC,-0.24963042897334653,8
UXIN,-0.1961338442784583,12
UYSC,0.01911000352175365,72
UYSCU,0.0318053548662101,75
UZX,-0.5661504457286473,1
V,0.01673417915239688,71
VABK,0.03783216702042345,77
VAC,-0.014855566495098916,55
VACI,-0.27231898327780263,7
VAI,0.5155946745921458,97
VAL,-0.006344287733695988,58
VALE,-0.05315685570207105,42
VALN,0.08989887044295734,85
VALU,0.04357084526606898,78
VANI,-0.08215750254736734,32
VATE,-0.15383651237643786,17
VBF,-0.022138059967388803,52
VBIO,-0.4005765003109524,3
VBNK,0.17379264417421345,91
VC,-0.11825411534909926,23
VCEL,-0.09518143854647632,28
VCIG,-0.6871733667619271,1
VCTR,0.0414302978691697,78
VCV,-0.10537173909431885,26
VCX,-0.4183209353944195,3
VCYT,-0.09210054987658198,29
VECO,-0.14515221721217847,18
VEEA,0.020825198508675036,73
VEEE,0.3344928273427521,96
VEEV,0.33744453751412784,96
VEL,-0.11280566129325574,24
VELO,-0.15572402199290525,16
VENU,-0.3396326541619109,5
VEON,0.2704573426875392,95
VERA,-0.04219240556630165,45
VERI,0.31815733536227175,95
VERU,-0.05276827822754127,42
VERX,-0.027442138240444537,51
VET,0.015311508850977533,71
VFC,-0.11815035271902746,23
VFF,0.34599153306162156,96
VFS,0.028095765583975484,74
VG,-0.005592575550092099,59
VGAS,-0.09095132090207626,29
VGI,-0.028513470756946824,50
VGM,-0.08072867749525969,32
VGNT,0.025764015237433244,74
VGZ,0.3290258911489028,96
VHC,0.011827671700229293,70
VHCP,0.003598650227264022,64
VHCPU,0.012251869303944375,70
VHI,0.09588534454333739,86
VHUB,-0.39327930118712434,3
VIA,0.4589113795372417,97
VIAV,-0.08303299050273928,31
VICI,-0.08769232763354676,30
VICR,0.24161760860819329,94
VIK,-0.16692774409623212,15
VINP,-0.006104417648535754,58
VIOT,0.6854941814768597,98
VIP,-0.12191942788064997,22
VIPS,-0.12894830280773498,21
VIR,0.14149038049961368,89
VIRC,0.09453814303891148,85
VIRT,-0.1730820248537359,14
VISN,-0.010167605597022978,57
VIST,0.020628704597204006,72
VITL,-0.07663951683134398,34
VIV,-0.05335183547978675,42
VIVK,-0.665520013883359,1
VIVO,-0.12331866535444899,22
VIVS,-0.396960700526954,3
VKI,-0.07401930067642071,34
VKQ,-0.0694856914327965,36
VKTX,0.20581075807946841,92
VLGEA,0.03755440584600243,77
VLN,0.08584610878853426,84
VLO,0.21912233640658058,93
VLOS,0.003282579176280476,64
VLOSU,0.012374123455645234,70
VLRS,-0.09965674377677672,27
VLT,-0.0618827423850626,38
VLTO,0.02673149907301009,74
VLY,-0.0921393594195393,29
VLYPN,0.013829423114984585,70
VLYPO,0.01844879109732578,72
VLYPP,0.01941730597670297,72
VMAR,-0.12026992832735141,23
VMC,-0.12639625388356662,21
VMD,-0.11572626292677304,24
VMET,-0.10700061284773359,25
VMI,-0.06018915166819093,39
VMO,-0.077635059312455,33
VMRK,-0.08337217996084693,31
VNCE,0.7618005337114108,98
VNDA,-0.07122598337341472,35
VNET,-0.05238730722565472,42
VNME,0.00540865386503544,66
VNMEU,0.004274116465269851,65
VNO,-0.10487239864663887,26
VNOM,-0.08109923660379488,32
VNRX,-0.5638367618571356,1
VNT,-0.005681207208257412,59
VNTG,0.1161129395115616,87
VOC,0.09144934135007524,85
VOD,0.06659762339967784,82
VOR,-0.018362560442255982,54
VOXR,0.09160243397984211,85
VOYA,0.016111114316588782,71
VOYG,0.02232174351676216,73
VPG,-0.18222250708644722,13
VPV,-0.01597188763945966,55
VRA,0.18103430218570665,91
VRAX,-0.22888869006267576,9
VRCA,-0.1024276979354165,26
VRDN,0.02296105080730286,73
VREX,0.3654643597739795,96
VRM,0.05616634580248427,80
VRME,0.6964295158889813,98
VRNS,0.18631090998545674,92
VRRM,-0.21574957975977732,10
VRSK,-0.07597223625031627,34
VRSN,0.09567131217502105,85
VRT,-0.12314108805090172,22
VRTS,-0.19482628882639183,12
VRTX,0.018956559383214878,72
VRXA,-0.3238635693703256,5
VS,-0.13780623552632304,19
VSA,-0.009080085039014009,57
VSAT,0.021340024293016357,73
VSEC,-0.15111819202761873,17
VSECU,-0.13404442685665413,20
VSH,-0.13163693427950396,21
VSME,-0.38267703172008516,4
VSNT,-0.11865587985891896,23
VST,-0.0671955621963199,37
VSTM,0.3792999571693165,96
VSTS,0.02354668718052424,73
VSXY,0.0016194663792023275,63
VTAK,-0.4075414739996701,3
VTEX,-0.0200700760586206,53
VTGN,0.3655632627247904,96
VTIX,-0.3649807346784645,4
VTMX,-0.05123659043401111,42
VTN,-0.1215241098083861,22
VTOL,-0.040837333138319075,46
VTR,-0.06488854684457285,37
VTRS,0.04298854655890483,78
VTS,0.03887748215467117,77
VTSI,-0.0871072265889053,30
VTVT,-0.07731809530231668,33
VUZI,0.04149791105750915,78
VVOS,-0.5497327792427932,1
VVR,-0.018103608868916453,54
VVV,-0.2015186550969782,11
VVX,-0.07501897119342649,34
VWAV,-0.8315271527186652,0
VYGR,-0.14292029489226568,18
VYX,-0.0641429962409994,37
VZ,-0.02813600209136191,50
VZLA,0.12536910425111558,88
W,0.08561324570140041,84
WAB,0.0019794566099206705,63
WABC,0.006649151685782096,67
WAFD,-0.15937541482183382,16
WAFDP,-0.011569560917116195,56
WAFU,0.03566249745804364,76
WAL,-0.06242980292336044,38
WALD,-0.305122164886436,6
WASH,0.004493281930728165,65
WAT,0.07743404105522236,83
WATR,-0.5683656105784022,1
WATT,-0.12273489510513985,22
WAVE,-0.24151950959092175,9
WAY,0.10819385568151142,87
WB,-0.10188553215341663,26
WBD,0.12318003150011378,88
WBI,-0.09786636804429956,27
WBTN,0.15706932938437898,90
WBUY,-0.07319922235869707,35
WBX,-0.1446510299918578,18
WCC,0.06463227172130899,82
WCCB,0.1442705300934808,89
WCN,-0.0678061764146511,36
WCT,6.822916778993436,99
WD,-0.15279452007933703,17
WDAY,0.2664711498062362,95
WDC,-0.035158953703777335,48
WDFC,-0.10758518757371097,25
WDH,-0.02461641538830913,52
WDI,-0.07531494474451914,34
WDS,0.0022454714303190466,63
WEA,-0.03776239679281398,47
WEAV,0.1458591495561825,90
WEC,-0.07713713134622609,33
WELL,-0.027344149477670814,51
WEN,-0.1521049279835196,17
WENN,0.005618127219309455,66
WENNU,0.00459702423920687,65
WERN,-0.15411379273104495,17
WES,-0.022560822398035554,52
WEST,-0.01581457556611188,55
WETH,-0.16194159382438442,15
WETO,-0.9272452999810641,0
WEX,0.06769772932015386,82
WEYS,0.12670670656959615,88
WF,0.19691583366079174,92
WFC,-0.02904865130129324,50
WFCF,-0.07418974718075153,34
WFF,-0.08287633891693794,32
WFG,0.0706358073301739,82
WFRD,-0.04466195821951844,45
WGO,-0.08976715231043364,30
WGS,0.18595976107992035,92
WH,-0.08315157477315942,31
WHD,0.08540448326566433,84
WHF,0.07289228471809905,83
WHG,-0.026132515929161514,51
WHLR,-0.7539519147336627,0
WHLRD,0.015553803545792647,71
WHLRP,0.0003518810738012985,62
WHR,-0.13316123842895908,20
WHWK,-0.12214942413301995,22
WIA,-0.03175716617945695,49
WIMI,-0.3327919854919448,5
WINA,-0.1712817201843912,14
WING,-0.22712143145319424,9
WIT,-0.11556899294381992,24
WIW,-0.034054670220379654,48
WIX,0.3196502808007584,96
WK,0.1934088070123246,92
WKC,0.026577922526499112,74
WKEY,-0.12391529000241304,22
WKHS,0.01146741100052907,69
WKSP,-0.3008765702724529,6
WLDN,0.005956283566172411,66
WLDS,-0.2892249034435124,6
WLFC,-0.10223878461529444,26
WLIIU,0.0011737350485324428,62
WLK,-0.10860064574535379,25
WLKP,-0.015222998409122246,55
WLTH,0.10206076274956669,86
WLY,-0.04496904410895458,44
WLYB,-0.05750471602646889,40
WM,-0.07923156754478607,33
WMB,-0.01737279174270913,54
WMG,0.007837736376669291,68
WMK,-0.013082354588867329,56
WMS,-0.08509763971245232,31
WMT,0.008808403431342749,68
WNC,-0.057751601687476624,40
WNEB,-0.013404266797188823,56
WNW,-0.08039281453948575,32
WOK,-0.1533120011102817,17
WOLF,-0.0485985869211629,43
WOOF,-0.13714188374975167,19
WOR,0.057647677914140716,80
WPAC,0.0033918811534827675,64
WPC,-0.0815123641474975,32
WPM,0.10814165748101626,87
WPP,0.18853965421993432,92
WPRT,0.04474301259104896,78
WRAP,-0.021070122077656545,53
WRB,-0.032670270450550654,49
WRBY,-0.10423591310920595,26
WRD,-0.03567785476355375,48
WRLD,-0.08234745808570425,32
WRN,0.023093145922143007,73
WS,-0.03436484555919392,48
WSBC,-0.03557446943085327,48
WSBCO,0.007073049655674235,67
WSBF,0.006067931749512491,66
WSBK,-0.013468142868921597,56
WSC,-0.2648194382906458,7
WSFS,-0.021753738549535516,53
WSHP,0.21950952743953783,93
WSM,-0.0056850145850889,59
WSO,-0.03793855633653916,47
WST,0.07330679127558803,83
WSTN,0.004342872098009898,65
WSTNU,0.006626665899341333,67
WT,0.12534174474851745,88
WTBA,0.04180277495681538,78
WTF,-0.18711076983146463,13
WTFC,-0.07199767462989291,35
WTFCN,0.0012167922987343371,62
WTG,0.008224391943317123,68
WTGUU,0.021928538725829252,73
WTI,-0.005555049562459901,59
WTM,-0.037830478121776014,47
WTRG,0.02473287502660453,74
WTS,-0.0014366674093721932,61
WTTR,-0.023589039235727666,52
WTW,-0.018793737467391283,54
WU,-0.16097973473321026,16
WULF,-0.08494370040640414,31
WVE,-0.290842056610174,6
WVVI,-0.20309291081102604,11
WVVIP,0.16959197435220236,91
WW,-0.024881307529596032,51
WWD,-0.13452365014943765,20
WWR,0.032238033785572696,75
WWW,-0.003968991630180829,59
WXM,-0.09940625344560738,27
WY,-0.11677562714511375,23
WYFI,-0.24437078095740178,8
WYHG,-0.15905816135957368,16
WYNN,-0.18397110981058587,13
WYY,0.05936845935457006,81
XAIR,-0.47199037338397687,2
XBIO,-0.1936677178061325,12
XBIT,-0.047963210899498135,43
XBP,0.20381212748200328,92
XCBE,0.004218545659542938,65
XCBEU,0.01889574684614692,72
XCH,-0.5382886758471839,1
XCUR,-0.15248320251800057,17
XEL,-0.09132013284983931,29
XELB,-0.2401298602120896,9
XENE,-0.3976436151609075,3
XERS,0.047174664234291876,79
XFLH,0.0023088992047178513,63
XFLT,0.07674554390893293,83
XFOR,-0.22576444647529947,9
XGN,0.45060671485771153,97
XHG,0.3547196076033238,96
XHR,-0.1078375656305775,25
XIFR,-0.08072733464556286,32
XLAB,-0.625877509318281,1
XLO,0.007932885267709557,68
XMAX,0.015415876626713444,71
XMTR,0.22113460416095806,93
XNCR,0.15359066967926288,90
XNDU,-0.4990923463576287,2
XNET,-0.02395964563986018,52
XOM,0.03081326802139095,75
XOS,-0.10232920372754228,26
XP,0.2589002281533391,94
XPEL,-0.0579831312863117,40
XPER,-0.2003416247121818,11
XPEV,-0.12329619262946365,22
XPL,-0.18441559831143844,13
XPO,-0.11239889935693848,24
XPOF,-0.3509612832678507,4
XPON,-0.01765714442462595,54
XPRO,0.014969205001554069,71
XRAY,-0.12977274710219733,21
XRN,-0.02955138667687612,50
XRPN,0.009120382820918071,69
XRPNU,0.029697060360777884,75
XRTX,-0.17701460411445616,14
XRX,0.2199024482474907,93
XSLL,0.0028234024975553277,64
XSLLU,0.00399305969663577,65
XTIA,-0.3678858563125101,4
XTLB,-0.21902423100469343,10
XTNT,0.035610458042584725,76
XWEL,-0.1450272206432135,18
XXI,0.2041614516634357,92
XXII,-0.43579155534770836,3
XYF,0.08266224720221356,84
XYL,-0.04175365870554991,46
XYZ,-0.04623605724333142,44
XZO,-0.012999238998414774,56
YAAS,0.09195286790802054,85
YALA,0.007633373569274238,68
YARW,0.007729823822340179,68
YB,-0.10073225809082324,27
YCBD,-0.13865426693259364,19
YCY,0.0008890162705396776,62
YDDL,-0.2253335823167682,9
YDES,0.06973729547201105,82
YDKG,-0.11245932575756643,24
YELP,-0.24860255271380488,8
YETI,-0.0965748933554237,28
YEXT,0.22750491682510676,93
YFOR,0.2559340416159078,94
YHC,-0.4164036299302228,3
YHGJ,-0.12323044713004083,22
YHNA,0.010342737606937335,69
YHNAU,-0.004969435515263465,59
YI,-0.014537021997811452,55
YIBO,-0.009636167313332195,57
YJ,-0.15266314946972967,17
YMAT,-0.37277685034923125,4
YMM,-0.028200375558079645,50
YMT,-0.5582640281033537,1
YORW,-0.040511393299747706,46
YOU,-0.17522228826499314,14
YOUL,-0.13707583962947623,19
YPF,0.06300122672942188,81
YQ,0.5283174554276471,98
YRD,-0.12998339387392674,21
YSG,-0.12028356807091863,23
YSS,-0.25352427228230867,8
YSXT,0.3749154680415578,96
YTRA,0.13586251217935738,89
YUM,-0.06389177971041306,38
YUMC,-0.09826206337744242,27
YXT,-0.23697552180664028,9
YYAI,-0.6625015154583607,1
Z,-0.12231572740573414,22
ZBAO,-0.5513948877256925,1
ZBH,-0.03778274060200386,47
ZBIO,0.038938940024306076,77
ZBRA,0.24873583311726927,94
ZCMD,-0.09702308073412774,28
ZD,0.07919016132328102,84
ZDAI,-0.098300501837261,27
ZDGE,0.020748418965749683,73
ZENA,-0.047028676632775046,44
ZEO,-0.16745572296869854,15
ZEPP,-0.14173009599696473,19
ZETA,0.3065963872598687,95
ZG,-0.11105605460210607,25
ZGN,-0.09065150821440417,29
ZH,0.10330048514962051,86
ZIM,0.12197098126812672,88
ZION,-0.08252200083827833,32
ZIONP,-0.06850130800047761,36
ZIP,-0.0755958730830815,34
ZJK,-0.017089203784421296,54
ZJYL,-0.22574518013842512,9
ZKH,0.006363843685857365,67
ZKIN,0.34791769887221724,96
ZKP,0.005017085567209168,66
ZKPU,0.022776099499573266,73
ZLAB,0.1973072773478772,92
ZM,-0.03187382580222018,49
ZNB,-0.36921711532862506,4
ZNTL,-0.27537522247795054,7
ZONE,-0.4262756205662134,3
ZOOZ,0.37525393340078395,96
ZS,0.39043570294626423,97
ZSQR,-0.36372079583663164,4
ZSTK,0.37383169479740264,96
ZTG,0.3354082885115829,96
ZTO,-0.11802714042279706,23
ZTR,-0.08866285278608052,30
ZTS,-0.06358872821129549,38
ZUMZ,-0.25139063130196615,8
ZURA,-0.1831954323408196,13
ZVIA,-0.06406898425960617,38
ZVRA,-0.07776782717570038,33
ZWS,-0.03694619464664132,47
ZYBT,-0.0854987080670494,31
ZYME,0.0667475577405279,82
